# R_arrival samples from kprobe:tbf_enqueue
# interval_seconds=0.001000000
timestamp,interval_seconds,bytes,packets,r_arrival_mbit
# bpftrace: Attaching 2 probes...
1780995612.457729,0.000998562,0,0,0.000000
1780995612.457813,0.001007666,0,0,0.000000
1780995612.457831,0.000993694,0,0,0.000000
1780995612.457846,0.001003426,0,0,0.000000
1780995612.457863,0.001003868,0,0,0.000000
1780995612.457880,0.001002876,0,0,0.000000
1780995612.457896,0.000987809,0,0,0.000000
1780995612.457910,0.001000278,0,0,0.000000
1780995612.457924,0.000999328,0,0,0.000000
1780995612.457938,0.001002716,0,0,0.000000
1780995612.457952,0.000996611,0,0,0.000000
1780995612.457969,0.001010542,0,0,0.000000
1780995612.457986,0.000993717,0,0,0.000000
1780995612.458000,0.000999930,0,0,0.000000
1780995612.458015,0.000997021,0,0,0.000000
1780995612.458029,0.001005470,0,0,0.000000
1780995612.458043,0.000993004,0,0,0.000000
1780995612.458066,0.001007822,0,0,0.000000
1780995612.458083,0.001000077,0,0,0.000000
1780995612.458097,0.000992611,0,0,0.000000
1780995612.458112,0.001007665,0,0,0.000000
1780995612.458126,0.000999955,0,0,0.000000
1780995612.458140,0.000991865,0,0,0.000000
1780995612.458157,0.001004138,0,0,0.000000
1780995612.458174,0.001000067,0,0,0.000000
1780995612.458189,0.000996438,0,0,0.000000
1780995612.458203,0.001010030,0,0,0.000000
1780995612.458219,0.000997850,0,0,0.000000
1780995612.458236,0.000991632,0,0,0.000000
1780995612.458251,0.001011477,0,0,0.000000
1780995612.458265,0.000996061,0,0,0.000000
1780995612.458280,0.000992545,0,0,0.000000
1780995612.458295,0.001008781,0,0,0.000000
1780995612.458311,0.000993571,0,0,0.000000
1780995612.458373,0.001003957,0,0,0.000000
1780995612.458392,0.000993879,0,0,0.000000
1780995612.458406,0.001006297,0,0,0.000000
1780995612.458423,0.000993817,0,0,0.000000
1780995612.458440,0.000999442,0,0,0.000000
1780995612.458455,0.001000267,0,0,0.000000
1780995612.458469,0.001003005,0,0,0.000000
1780995612.458483,0.001009475,0,0,0.000000
1780995612.458499,0.001001226,0,0,0.000000
1780995612.458516,0.000989675,0,0,0.000000
1780995612.458530,0.001005053,0,0,0.000000
1780995612.458552,0.000992421,0,0,0.000000
1780995612.458567,0.000999379,0,0,0.000000
1780995612.458580,0.001004783,0,0,0.000000
1780995612.458597,0.001005391,0,0,0.000000
1780995612.458613,0.000990811,0,0,0.000000
1780995612.458628,0.001003696,0,0,0.000000
1780995612.458642,0.000995221,0,0,0.000000
1780995612.458658,0.001007177,0,0,0.000000
1780995612.458675,0.001006970,0,0,0.000000
1780995612.458689,0.000997430,0,0,0.000000
1780995612.458703,0.000994043,0,0,0.000000
1780995612.458717,0.000996838,0,0,0.000000
1780995612.458730,0.000998253,0,0,0.000000
1780995612.458747,0.001011875,0,0,0.000000
1780995612.458764,0.001000186,0,0,0.000000
1780995612.458778,0.000991080,0,0,0.000000
1780995612.458792,0.000999531,0,0,0.000000
1780995612.458808,0.001000973,0,0,0.000000
1780995612.458825,0.000998120,0,0,0.000000
1780995612.458839,0.000997171,0,0,0.000000
1780995612.458854,0.001005330,0,0,0.000000
1780995612.458867,0.001004222,0,0,0.000000
1780995612.458881,0.000990504,0,0,0.000000
1780995612.458897,0.001002211,0,0,0.000000
1780995612.458914,0.000998412,0,0,0.000000
1780995612.458928,0.001006921,0,0,0.000000
1780995612.458942,0.001003792,0,0,0.000000
1780995612.458956,0.000988789,0,0,0.000000
1780995612.458970,0.001006010,0,0,0.000000
1780995612.458983,0.000994160,0,0,0.000000
1780995612.458999,0.001011483,0,0,0.000000
1780995612.459015,0.000988128,0,0,0.000000
1780995612.459030,0.001000666,0,0,0.000000
1780995612.459044,0.000999469,0,0,0.000000
1780995612.459058,0.001009496,0,0,0.000000
1780995612.459071,0.001002469,0,0,0.000000
1780995612.459085,0.000991408,0,0,0.000000
1780995612.459101,0.000996746,0,0,0.000000
1780995612.459118,0.001006644,0,0,0.000000
1780995612.459132,0.001006614,0,0,0.000000
1780995612.459146,0.000988370,0,0,0.000000
1780995612.459159,0.000998550,0,0,0.000000
1780995612.459173,0.001007701,0,0,0.000000
1780995612.459186,0.001005400,0,0,0.000000
1780995612.459202,0.000987116,0,0,0.000000
1780995612.459219,0.001006213,0,0,0.000000
1780995612.459232,0.000993090,0,0,0.000000
1780995612.459261,0.001007412,0,0,0.000000
1780995612.459278,0.000997937,0,0,0.000000
1780995612.459295,0.000995207,0,0,0.000000
1780995612.459309,0.001005658,0,0,0.000000
1780995612.459323,0.001004025,0,0,0.000000
1780995612.459337,0.000990481,0,0,0.000000
1780995612.459358,0.000999334,0,0,0.000000
1780995612.459374,0.001012401,0,0,0.000000
1780995612.459390,0.000990432,0,0,0.000000
1780995612.459404,0.000997964,0,0,0.000000
1780995612.459418,0.001004841,0,0,0.000000
1780995612.459434,0.000994832,0,0,0.000000
1780995612.459450,0.001000174,0,0,0.000000
1780995612.459464,0.001006537,0,0,0.000000
1780995612.459477,0.000993717,0,0,0.000000
1780995612.459494,0.001006816,0,0,0.000000
1780995612.459510,0.000993063,0,0,0.000000
1780995612.459524,0.001002757,0,0,0.000000
1780995612.459538,0.000996445,0,0,0.000000
1780995612.459554,0.001000129,0,0,0.000000
1780995612.459570,0.001011674,0,0,0.000000
1780995612.459584,0.000989122,0,0,0.000000
1780995612.459598,0.000999268,0,0,0.000000
1780995612.459611,0.001000212,0,0,0.000000
1780995612.459627,0.001004965,0,0,0.000000
1780995612.459643,0.000995437,0,0,0.000000
1780995612.459657,0.001005448,0,0,0.000000
1780995612.459671,0.000999471,0,0,0.000000
1780995612.459684,0.001004591,0,0,0.000000
1780995612.459697,0.000990366,0,0,0.000000
1780995612.459713,0.001006834,0,0,0.000000
1780995612.459729,0.000992838,0,0,0.000000
1780995612.459743,0.001001615,0,0,0.000000
1780995612.459757,0.000998683,0,0,0.000000
1780995612.459771,0.000999624,0,0,0.000000
1780995612.459784,0.001011498,0,0,0.000000
1780995612.459798,0.000999183,0,0,0.000000
1780995612.459813,0.001003933,0,0,0.000000
1780995612.459829,0.000985100,0,0,0.000000
1780995612.459843,0.001000006,0,0,0.000000
1780995612.459856,0.000999991,0,0,0.000000
1780995612.459870,0.001008682,0,0,0.000000
1780995612.459883,0.000991737,0,0,0.000000
1780995612.459897,0.001000158,0,0,0.000000
1780995612.459913,0.001005006,0,0,0.000000
1780995612.459929,0.000995057,0,0,0.000000
1780995612.459943,0.001002743,0,0,0.000000
1780995612.459956,0.000996641,0,0,0.000000
1780995612.459970,0.001003344,0,0,0.000000
1780995612.459983,0.000998314,0,0,0.000000
1780995612.459997,0.000998791,0,0,0.000000
1780995612.460012,0.000999886,0,0,0.000000
1780995612.460029,0.000999639,0,0,0.000000
1780995612.460043,0.001001475,0,0,0.000000
1780995612.460057,0.001003730,0,0,0.000000
1780995612.460070,0.000996478,0,0,0.000000
1780995612.460086,0.000999797,0,0,0.000000
1780995612.460102,0.001011159,0,0,0.000000
1780995612.460116,0.000987384,0,0,0.000000
1780995612.460129,0.001006198,0,0,0.000000
1780995612.460144,0.000993786,0,0,0.000000
1780995612.460160,0.001003768,0,0,0.000000
1780995612.460174,0.000999084,0,0,0.000000
1780995612.460188,0.001008533,0,0,0.000000
1780995612.460201,0.000990753,0,0,0.000000
1780995612.460218,0.001003418,0,0,0.000000
1780995612.460233,0.001000638,0,0,0.000000
1780995612.460246,0.000998444,0,0,0.000000
1780995612.460259,0.000998430,0,0,0.000000
1780995612.460272,0.001012411,0,0,0.000000
1780995612.460293,0.000998432,0,0,0.000000
1780995612.460578,0.000992515,0,0,0.000000
1780995612.461578,0.001000203,0,0,0.000000
1780995612.462613,0.001001575,0,0,0.000000
1780995612.463604,0.001009883,0,0,0.000000
1780995612.464593,0.000989905,0,0,0.000000
1780995612.465639,0.001006843,0,0,0.000000
1780995612.466640,0.000998729,0,0,0.000000
1780995612.467606,0.000998511,0,0,0.000000
1780995612.468588,0.001004141,0,0,0.000000
1780995612.469580,0.001000500,0,0,0.000000
1780995612.470604,0.000989304,0,0,0.000000
1780995612.471607,0.001012064,0,0,0.000000
1780995612.472585,0.000990774,0,0,0.000000
1780995612.473572,0.001010268,0,0,0.000000
1780995612.474688,0.000987897,0,0,0.000000
1780995612.475590,0.000998734,0,0,0.000000
1780995612.476590,0.000999976,0,0,0.000000
1780995612.477587,0.000999721,0,0,0.000000
1780995612.478622,0.001002384,0,0,0.000000
1780995612.479596,0.001004186,0,0,0.000000
1780995612.480595,0.000995706,0,0,0.000000
1780995612.481587,0.001009623,0,0,0.000000
1780995612.482600,0.000996337,0,0,0.000000
1780995612.483588,0.001001143,0,0,0.000000
1780995612.484604,0.000994733,0,0,0.000000
1780995612.485563,0.001003450,0,0,0.000000
1780995612.486643,0.000999217,0,0,0.000000
1780995612.487595,0.000994061,0,0,0.000000
1780995612.488599,0.001009029,0,0,0.000000
1780995612.489594,0.000996600,0,0,0.000000
1780995612.490591,0.000995494,0,0,0.000000
1780995612.491589,0.000998365,0,0,0.000000
1780995612.492610,0.001014141,0,0,0.000000
1780995612.493582,0.000995190,0,0,0.000000
1780995612.494581,0.000995984,0,0,0.000000
1780995612.495625,0.000999431,7306,1,58.481276
1780995612.496809,0.001008702,99058,9,785.627470
1780995612.497715,0.000993633,119528,12,962.351291
1780995612.498850,0.001001784,105048,12,838.887425
1780995612.499658,0.001004117,115118,11,917.168019
1780995612.500607,0.000993524,83130,9,669.374872
1780995612.501628,0.001002853,94780,10,756.082895
1780995612.502678,0.000999815,93266,9,746.266059
1780995612.503630,0.000996580,84644,10,679.475807
1780995612.504582,0.000993902,94714,9,762.360877
1780995612.505593,0.001000074,91752,8,733.961687
1780995612.506626,0.001012944,90304,8,713.200335
1780995612.507607,0.000991349,85894,7,693.148427
1780995612.508712,0.001002601,97610,9,778.854200
1780995612.509689,0.001003235,80102,7,638.749645
1780995612.510718,0.000993607,94714,9,762.587220
1780995612.511742,0.001002373,85960,8,686.051999
1780995612.512699,0.000998783,99058,9,793.429604
1780995612.513602,0.000996502,84776,12,680.588699
1780995612.514659,0.001000818,96228,10,769.194799
1780995612.515653,0.000997743,96162,9,771.036229
1780995612.516598,0.001000115,99058,9,792.372877
1780995612.517643,0.001002644,62924,10,502.064541
1780995612.518719,0.000998242,110840,12,888.281599
1780995612.519631,0.001011912,97610,9,771.687657
1780995612.520593,0.001000028,99124,10,792.969797
1780995612.521637,0.000991245,93266,9,752.718046
1780995612.522583,0.001001551,87408,8,698.181121
1780995612.523571,0.000993908,85960,8,691.895024
1780995612.524568,0.001014012,86158,11,679.739490
1780995612.525561,0.000990359,84710,11,684.277116
1780995612.526612,0.001006477,104982,11,834.451259
1780995612.527595,0.000990487,97610,9,788.379858
1780995612.528601,0.000999456,85960,8,688.054302
1780995612.529584,0.001000810,71678,11,572.959902
1780995612.530612,0.001002872,110840,12,884.180633
1780995612.531637,0.001006564,103468,10,822.346120
1780995612.532613,0.000989197,87408,8,706.900648
1780995612.533574,0.001004094,94714,9,754.622575
1780995612.534689,0.001001129,80366,11,642.202953
1780995612.535640,0.001000116,102152,12,817.121214
1780995612.536729,0.001004189,94846,11,755.602780
1780995612.537567,0.000992605,84644,10,682.196846
1780995612.538730,0.001119689,99322,13,709.639909
1780995612.539608,0.000878660,91818,9,835.982064
1780995612.540582,0.001007626,91818,9,728.984762
1780995612.541558,0.000992521,100506,9,810.106789
1780995612.542593,0.001005837,76022,11,604.646677
1780995612.543596,0.000994175,103732,14,834.718234
1780995612.544602,0.001001521,94714,9,756.561270
1780995612.545619,0.001010315,102020,10,807.827262
1780995612.546637,0.000992384,81946,13,660.599123
1780995612.547591,0.000995255,109392,12,879.308318
1780995612.548640,0.001000269,96096,8,768.561257
1780995612.549612,0.000999664,83328,12,666.848061
1780995612.550643,0.001008116,97676,10,775.117149
1780995612.551601,0.000992187,90304,8,728.120808
1780995612.552631,0.001005596,100506,9,799.573586
1780995612.553678,0.000997783,87408,8,700.817713
1780995612.554897,0.001010042,87408,8,692.311805
1780995612.555605,0.000988263,81880,12,662.819513
1780995612.556665,0.000998568,100704,12,806.787319
1780995612.557633,0.001004577,100506,9,800.384640
1780995612.558632,0.001008929,70164,10,556.344401
1780995612.559636,0.000986286,97742,11,792.808577
1780995612.560623,0.000999751,103468,10,827.950160
1780995612.561625,0.001002302,80102,7,639.344230
1780995612.562652,0.000997983,90304,8,723.892090
1780995612.563619,0.001004775,90700,14,722.151726
1780995612.564629,0.000995332,97676,10,785.072719
1780995612.565597,0.001011655,90370,9,714.630976
1780995612.566669,0.000993391,87672,12,706.042233
1780995612.567582,0.001000437,102086,11,816.331263
1780995612.568611,0.000994815,96162,9,773.305589
1780995612.569619,0.001000404,102020,10,815.830405
1780995612.570616,0.000999466,71612,10,573.202090
1780995612.571649,0.001002459,102152,12,815.211395
1780995612.572609,0.001000652,103468,10,827.204663
1780995612.573671,0.001004629,87342,7,695.516454
1780995612.574660,0.000991458,96162,9,775.923942
1780995612.575641,0.001001859,91752,8,732.653996
1780995612.576600,0.001002280,87474,9,698.200104
1780995612.577573,0.000997213,77338,9,620.433147
1780995612.578674,0.001003736,94912,12,756.469829
1780995612.579647,0.001005564,100638,11,800.649188
1780995612.580586,0.000989793,88856,8,718.178447
1780995612.581554,0.001000146,97940,14,783.405623
1780995612.582595,0.001002234,100572,10,802.782584
1780995612.583610,0.000997494,75956,10,609.174592
1780995612.584581,0.001001258,115382,15,921.896255
1780995612.585595,0.001007457,86026,9,683.114019
1780995612.586578,0.000991294,85960,8,693.719522
1780995612.587639,0.001013790,90634,13,715.209264
1780995612.588607,0.000996272,106496,12,855.156022
1780995612.589607,0.001002041,101954,9,813.970686
1780995612.590590,0.000991193,74508,10,601.360179
1780995612.591668,0.001012090,100836,14,797.051646
1780995612.592575,0.000984508,99124,10,805.470347
1780995612.593613,0.001006984,91752,8,728.925186
1780995612.594632,0.000993236,88856,8,715.688920
1780995612.595652,0.001011524,87672,12,693.385426
1780995612.596622,0.000991865,103534,11,835.065256
1780995612.597627,0.000996208,90370,9,725.711900
1780995612.598604,0.001000739,88988,10,711.378291
1780995612.599619,0.001001843,96294,11,768.934853
1780995612.600676,0.001000099,99124,10,792.913502
1780995612.601629,0.000998523,88856,8,711.899476
1780995612.602612,0.001007869,100506,9,797.770345
1780995612.603596,0.000991273,78984,12,637.434894
1780995612.604613,0.001011251,108010,13,854.466399
1780995612.605587,0.000988534,91818,9,743.063971
1780995612.606613,0.001012833,97610,9,770.985937
1780995612.607609,0.000998098,88856,8,712.202609
1780995612.608631,0.000993880,93464,12,752.316175
1780995612.609593,0.001001067,107944,12,862.631572
1780995612.610643,0.000996108,84512,8,678.737647
1780995612.611622,0.000998492,81880,12,656.029292
1780995612.612591,0.000999668,106430,11,851.722772
1780995612.613606,0.001011340,94714,9,749.215892
1780995612.614603,0.000988822,71546,9,578.838254
1780995612.615623,0.001007764,96360,12,764.940998
1780995612.616607,0.001004979,107878,11,858.748292
1780995612.617661,0.001000439,90304,8,722.114992
1780995612.618692,0.000987136,74310,7,602.227049
1780995612.619636,0.001001086,76022,11,607.516237
1780995612.620685,0.001009385,116764,14,925.426869
1780995612.621653,0.000996868,99124,10,795.483454
1780995612.622686,0.001003341,87342,7,696.409297
1780995612.623643,0.000998741,85960,8,688.546881
1780995612.624609,0.000998722,90370,9,723.885125
1780995612.625557,0.000992125,97544,8,786.546050
1780995612.626656,0.001000112,77272,8,618.106772
1780995612.627601,0.001005835,97610,9,776.349998
1780995612.628608,0.000998649,100836,14,807.779310
1780995612.629625,0.001001755,92016,12,734.838359
1780995612.630649,0.000996085,88922,9,714.171983
1780995612.631632,0.001009529,93266,9,739.085257
1780995612.632652,0.000994899,93266,9,749.953513
1780995612.633607,0.000993237,84578,9,681.231166
1780995612.634667,0.001006962,105180,14,835.622397
1780995612.635605,0.000992523,93398,11,752.812781
1780995612.636620,0.001009569,84512,8,669.687758
1780995612.637560,0.000991998,93266,9,752.146678
1780995612.638678,0.000999715,94714,9,757.928009
1780995612.639657,0.000999420,93266,9,746.561005
1780995612.640660,0.001002186,84512,8,674.621278
1780995612.641646,0.001002477,87408,8,697.536203
1780995612.642682,0.000996982,90370,9,725.148498
1780995612.643618,0.001001123,85960,8,686.908602
1780995612.644602,0.001006203,90370,9,718.503125
1780995612.645637,0.000998723,94714,9,758.680835
1780995612.646680,0.001002940,93266,9,743.940814
1780995612.647618,0.000988336,85960,8,695.795762
1780995612.648593,0.001003058,90436,10,721.282319
1780995612.649612,0.000999578,102350,15,819.145679
1780995612.650620,0.001006488,86026,9,683.771689
1780995612.651599,0.000995962,97610,9,784.045978
1780995612.652598,0.001000550,94714,9,757.295487
1780995612.653594,0.000996673,81616,8,655.107543
1780995612.654689,0.001011017,94714,9,749.455251
1780995612.655612,0.000993930,77272,8,621.951244
1780995612.656634,0.000998591,99388,14,796.225882
1780995612.657572,0.001001350,100704,12,804.545863
1780995612.658734,0.001005722,91752,8,729.839856
1780995612.659657,0.000987750,91818,9,743.653759
1780995612.660619,0.001006306,93266,9,741.452401
1780995612.661581,0.000995458,84512,8,679.180839
1780995612.662621,0.001001242,93266,9,745.202459
1780995612.663609,0.001007319,94714,9,752.206600
1780995612.664603,0.001001640,84512,8,674.989018
1780995612.665576,0.000987419,93266,9,755.634639
1780995612.666590,0.001000003,83064,8,664.510006
1780995612.667591,0.001003294,93266,9,743.678324
1780995612.668587,0.001007002,96162,9,763.946844
1780995612.669597,0.000990192,81616,8,659.395350
1780995612.670644,0.001000689,94714,9,757.190296
1780995612.671619,0.000998734,93266,9,747.073795
1780995612.672642,0.001004745,81748,10,650.895501
1780995612.673610,0.001005740,94978,13,755.487502
1780995612.674611,0.000996175,102086,11,819.823826
1780995612.675600,0.000993560,90700,14,730.303152
1780995612.676657,0.001008032,96294,11,764.213834
1780995612.677597,0.000998362,94714,9,758.955169
1780995612.678610,0.000994259,83064,8,668.348992
1780995612.679604,0.001010878,97610,9,772.476995
1780995612.680675,0.001000970,80168,8,640.722499
1780995612.681646,0.000987702,93266,9,755.418132
1780995612.682623,0.001000668,96162,9,768.782453
1780995612.683735,0.001001561,84446,7,674.515082
1780995612.684595,0.001000013,91818,9,734.534451
1780995612.685595,0.000997589,94714,9,759.543259
1780995612.686597,0.001009046,83064,8,658.554714
1780995612.687638,0.000994583,93266,9,750.191789
1780995612.688582,0.001000703,85960,8,687.196901
1780995612.689633,0.000996319,93266,9,748.884644
1780995612.690635,0.001012108,93266,9,737.201959
1780995612.691604,0.000994374,87408,8,703.220318
1780995612.692645,0.000997332,90370,9,724.894017
1780995612.693632,0.001001360,84446,7,674.650475
1780995612.694626,0.001003611,102020,10,813.223450
1780995612.695782,0.000995223,87408,8,702.620418
1780995612.696671,0.001007330,90370,9,717.699264
1780995612.697757,0.000987655,71480,8,578.987602
1780995612.698642,0.001002106,119726,15,955.795096
1780995612.699615,0.000999675,93266,9,746.370570
1780995612.700621,0.000998844,83064,8,665.281065
1780995612.701611,0.001003571,93266,9,743.473058
1780995612.702639,0.000995961,96162,9,772.415787
1780995612.703607,0.001012660,81616,8,644.765272
1780995612.704615,0.000989225,94714,9,765.965276
1780995612.705590,0.000998187,84512,8,677.323988
1780995612.706596,0.001003256,93266,9,743.706492
1780995612.707611,0.001007165,89054,11,707.363739
1780995612.708595,0.001001983,99322,13,793.003474
1780995612.709589,0.000998814,94780,10,759.140340
1780995612.710675,0.001000894,93266,9,745.461557
1780995612.711696,0.000988956,87408,8,707.072913
1780995612.712607,0.000999531,90370,9,723.299227
1780995612.713630,0.000999675,87408,8,699.491335
1780995612.714615,0.001000392,98006,15,783.740774
1780995612.715623,0.001008552,77338,9,613.457710
1780995612.716583,0.000990557,0,0,0.000000
1780995612.717615,0.001004299,36398,3,289.937558
1780995612.718611,0.001001233,101888,8,814.100214
1780995612.719591,0.000994913,99058,9,796.515876
1780995612.720639,0.001002366,123806,11,988.110131
1780995612.721633,0.000997305,112222,11,900.202045
1780995612.722669,0.001001208,103468,10,826.745292
1780995612.723668,0.001012452,87408,8,690.663854
1780995612.724660,0.000988578,87540,10,708.411476
1780995612.725636,0.001003457,105246,15,839.067344
1780995612.726608,0.001000135,96294,11,770.248017
1780995612.727608,0.001004915,84512,8,672.789241
1780995612.728642,0.000989413,88856,8,718.454275
1780995612.729580,0.001003728,88922,9,708.733840
1780995612.730671,0.000995956,94714,9,760.788629
1780995612.731710,0.001002300,93266,9,744.415844
1780995612.732811,0.001009429,83064,8,658.304844
1780995612.733665,0.000989463,96162,9,777.488395
1780995612.734710,0.001001444,93266,9,745.052145
1780995612.735653,0.000997642,83064,8,666.082623
1780995612.736602,0.000999676,93266,9,746.369824
1780995612.737578,0.001002599,84512,8,674.343382
1780995612.738687,0.000999421,88988,10,712.316431
1780995612.739767,0.001011245,103798,15,821.150166
1780995612.740579,0.000986953,97742,11,792.272783
1780995612.741587,0.001010870,84644,10,669.870508
1780995612.742598,0.000990679,99322,13,802.051926
1780995612.743618,0.001010842,100704,12,796.991023
1780995612.744598,0.000991248,78654,7,634.787662
1780995612.745660,0.001009484,81682,9,647.316847
1780995612.746606,0.000991112,99322,13,801.701523
1780995612.747596,0.000995794,107878,11,866.669211
1780995612.748604,0.001000821,87474,9,699.217942
1780995612.749559,0.000999185,97610,9,781.516936
1780995612.750684,0.001013936,90370,9,713.023307
1780995612.751580,0.000987885,85960,8,696.113414
1780995612.752573,0.000998176,90370,9,724.281089
1780995612.753600,0.001006722,91950,11,730.688313
1780995612.754675,0.000996351,96360,12,773.703243
1780995612.755602,0.001001744,93332,10,745.356099
1780995612.756651,0.001001778,91752,8,732.713236
1780995612.757655,0.001000975,88922,9,710.683084
1780995612.758754,0.000994174,93266,9,750.500415
1780995612.759587,0.001011224,81616,8,645.680878
1780995612.760708,0.000990573,99058,9,800.005653
1780995612.761699,0.001003725,78720,8,627.422850
1780995612.762608,0.000995673,94714,9,761.004868
1780995612.763716,0.001001016,93266,9,745.370703
1780995612.764624,0.000996579,94714,9,760.313031
1780995612.765635,0.001000988,84512,8,675.428676
1780995612.766746,0.001005351,94714,9,753.679063
1780995612.767589,0.000993614,90700,14,730.263462
1780995612.768610,0.000999305,105114,13,841.496840
1780995612.769716,0.001001917,87408,8,697.926076
1780995612.770638,0.001010940,93266,9,738.053693
1780995612.771622,0.000992300,83064,8,669.668447
1780995612.772588,0.001001564,93266,9,744.962878
1780995612.773560,0.000993445,84512,8,680.557051
1780995612.774604,0.001002644,93266,9,744.160440
1780995612.775603,0.000998230,93266,9,747.450988
1780995612.776594,0.000999470,85960,8,688.044664
1780995612.777637,0.001004705,93266,9,742.633907
1780995612.778606,0.000996225,85960,8,690.285829
1780995612.779593,0.000998806,90370,9,723.824246
1780995612.780595,0.001003969,94714,9,754.716530
1780995612.781582,0.001005747,93266,9,741.864505
1780995612.782606,0.000997152,84512,8,678.027021
1780995612.783603,0.001003821,96162,9,766.367709
1780995612.784603,0.000992593,93266,9,751.695811
1780995612.785581,0.001003684,81616,8,650.531442
1780995612.786594,0.000993151,93266,9,751.273472
1780995612.787606,0.001011385,84710,11,670.051464
1780995612.788585,0.000995127,105114,13,845.029830
1780995612.789558,0.000996293,97610,9,783.785493
1780995612.790728,0.001003138,84842,13,676.612789
1780995612.791723,0.001000835,99256,12,793.385523
1780995612.792701,0.001001570,96228,10,768.617271
1780995612.793579,0.001003262,84578,9,674.424029
1780995612.794662,0.000988544,94978,13,768.629419
1780995612.795632,0.001009939,102152,12,809.173623
1780995612.796624,0.001001023,96162,9,768.509814
1780995612.797624,0.000995414,83064,8,667.573492
1780995612.798610,0.000993485,84512,8,680.529651
1780995612.799638,0.001015637,96162,9,757.451727
1780995612.800576,0.000991385,90370,9,729.242423
1780995612.801589,0.000993769,85960,8,691.991801
1780995612.802645,0.001003554,87540,10,697.839877
1780995612.803680,0.000995968,100836,14,809.953733
1780995612.804580,0.000999781,84644,10,677.300329
1780995612.805657,0.000999672,97610,9,781.136213
1780995612.806691,0.001010802,90370,9,715.234042
1780995612.807601,0.000989731,83064,8,671.406675
1780995612.808587,0.001006857,94714,9,752.551753
1780995612.809582,0.000995943,83064,8,667.218907
1780995612.810581,0.001004092,99058,9,789.234453
1780995612.811620,0.000992911,83196,10,670.319898
1780995612.812614,0.001005315,103666,13,824.943426
1780995612.813635,0.001003482,91884,10,732.521361
1780995612.814615,0.001002926,94714,9,755.501403
1780995612.815614,0.000988326,84512,8,684.081973
1780995612.816585,0.000999686,93266,9,746.362358
1780995612.817662,0.001001200,81748,10,653.200160
1780995612.818615,0.001000143,106562,13,852.374111
1780995612.819673,0.001009318,93332,10,739.762889
1780995612.820592,0.000997719,84512,8,677.641701
1780995612.821586,0.001005115,94714,9,753.856026
1780995612.822604,0.000988902,93266,9,754.501457
1780995612.823599,0.000997444,84512,8,677.828530
1780995612.824642,0.001000442,87408,8,698.955062
1780995612.825611,0.001012541,90502,11,715.048576
1780995612.826605,0.000993108,102152,12,822.887340
1780995612.827637,0.000996261,96228,10,772.713175
1780995612.828600,0.001012715,87408,8,690.484490
1780995612.829571,0.000994379,90370,9,727.046730
1780995612.830594,0.000991167,97610,9,787.838982
1780995612.831574,0.000999744,90634,13,725.257666
1780995612.832575,0.000999931,96294,11,770.405158
1780995612.833566,0.000999972,94714,9,757.733217
1780995612.834611,0.001002967,83064,8,662.546225
1780995612.835597,0.000998197,93266,9,747.475699
1780995612.836582,0.001003756,93266,9,743.336030
1780995612.837595,0.001006496,84512,8,671.732426
1780995612.838670,0.000989082,93266,9,754.364148
1780995612.839634,0.001004324,94714,9,754.449759
1780995612.840649,0.000995981,84512,8,678.824194
1780995612.841637,0.001001754,90370,9,721.694148
1780995612.842608,0.001009783,87474,9,693.012261
1780995612.843591,0.001001142,93266,9,745.276894
1780995612.844598,0.000986465,85960,8,697.115458
1780995612.845606,0.001006824,90370,9,718.059959
1780995612.846610,0.001008052,84512,8,670.695559
1780995612.847593,0.000984602,93332,10,758.332809
1780995612.848573,0.001006197,84512,8,671.932037
1780995612.849571,0.001001388,83064,8,663.590936
1780995612.850603,0.000996745,104916,10,842.068934
1780995612.851610,0.001004570,87408,8,696.082901
1780995612.852558,0.000991447,90370,9,729.196820
1780995612.853655,0.001000402,85960,8,687.403664
1780995612.854607,0.001009068,90370,9,716.463112
1780995612.855576,0.000990844,97610,9,788.095805
1780995612.856572,0.001002132,81616,8,651.538919
1780995612.857569,0.000996970,93266,9,748.395639
1780995612.858604,0.001002910,93266,9,743.963067
1780995612.859615,0.001010037,93266,9,738.713532
1780995612.860597,0.000992107,85960,8,693.151041
1780995612.861579,0.001000479,93266,9,745.770776
1780995612.862605,0.000999999,83064,8,664.512665
1780995612.863613,0.001009632,93266,9,739.009857
1780995612.864588,0.000993165,84512,8,680.748919
1780995612.865619,0.001004220,97610,9,777.598534
1780995612.867546,0.000997925,90370,9,724.463261
1780995612.867940,0.001004373,90450,9,720.449474
1780995612.868678,0.000986201,75758,7,614.544094
1780995612.869595,0.001000092,93266,9,746.059363
1780995612.870615,0.001007904,93332,10,740.800711
1780995612.871585,0.000999098,88856,8,711.489764
1780995612.872598,0.000993445,80168,8,645.575749
1780995612.873555,0.000999291,93266,9,746.657380
1780995612.874641,0.001000120,93266,9,746.038475
1780995612.875639,0.001006543,93266,9,741.277819
1780995612.876597,0.000993125,85960,8,692.440529
1780995612.877581,0.001007370,93266,9,740.669267
1780995612.878610,0.000993455,85960,8,692.210518
1780995612.879613,0.001009437,90370,9,716.201209
1780995612.880579,0.000990273,94714,9,765.154659
1780995612.881567,0.001000176,86014,9,687.990914
1780995612.883266,0.001012890,91818,9,725.196221
1780995612.883632,0.000994903,87578,9,704.213376
1780995612.884611,0.000998152,84512,8,677.347739
1780995612.885580,0.000998587,107812,10,863.716431
1780995612.886671,0.000994830,87738,13,705.551702
1780995612.887600,0.000999853,96228,10,769.937181
1780995612.888616,0.001002435,94780,10,756.398170
1780995612.889668,0.001009907,84512,8,669.463624
1780995612.890663,0.000987851,93266,9,755.304191
1780995612.891629,0.001008093,84512,8,670.668282
1780995612.892582,0.000993151,93266,9,751.273472
1780995612.893583,0.000998467,94714,9,758.875356
1780995612.894621,0.001002477,87408,8,697.536203
1780995612.895703,0.001004768,90370,9,719.529284
1780995612.896600,0.000994011,93266,9,750.623484
1780995612.897801,0.001004566,93266,9,742.736664
1780995612.898855,0.001003662,84512,8,673.629170
1780995612.899717,0.000992139,93266,9,752.039785
1780995612.900699,0.001008388,84512,8,670.472080
1780995612.901575,0.000993031,99058,9,798.025439
1780995612.902752,0.001010437,78918,11,624.822725
1780995612.903738,0.000992094,107944,12,870.433648
1780995612.904742,0.000998208,91818,9,735.862666
1780995612.905618,0.000997026,83064,8,666.494154
1780995612.906609,0.000999651,93266,9,746.388490
1780995612.907604,0.001007964,94714,9,751.725260
1780995612.908578,0.000997013,83064,8,666.502844
1780995612.909585,0.000998977,92016,12,736.881830
1780995612.910614,0.001005473,99256,12,789.725831
1780995612.911585,0.000997879,91884,10,736.634402
1780995612.912587,0.000992740,94714,9,763.253218
1780995612.913658,0.001007905,91950,11,729.830688
1780995612.914586,0.000996535,92016,12,738.687552
1780995612.915603,0.000996423,99124,10,795.838715
1780995612.916885,0.001013649,85960,8,678.420242
1780995612.917798,0.000998418,92082,13,737.823236
1780995612.918623,0.000987331,93398,11,756.771539
1780995612.919612,0.001006821,88922,9,706.556578
1780995612.920588,0.000998273,88922,9,712.606672
1780995612.921603,0.001003647,97610,9,778.042479
1780995612.922604,0.000991006,89120,12,719.430558
1780995612.923856,0.001000773,96360,12,770.284570
1780995612.924785,0.001000185,94780,10,758.099752
1780995612.925741,0.001013389,83064,8,655.732399
1780995612.926600,0.000986547,96162,9,779.786467
1780995612.927587,0.000999260,93332,10,747.208935
1780995612.928620,0.001008026,87408,8,693.696393
1780995612.929573,0.000991484,90370,9,729.169608
1780995612.930591,0.001013871,83064,8,655.420660
1780995612.931614,0.000991758,93266,9,752.328693
1780995612.932628,0.000994226,89054,11,716.569472
1780995612.933590,0.001000176,99322,13,794.436179
1780995612.934671,0.001007622,97742,11,776.021167
1780995612.935627,0.000995942,93266,9,749.168124
1780995612.936625,0.001009805,91818,9,727.411728
1780995612.937634,0.000987598,77206,7,625.404264
1780995612.938972,0.001000667,90424,10,722.909819
1780995612.939675,0.000999223,94714,9,758.301200
1780995612.940588,0.000999312,93266,9,746.641689
1780995612.941610,0.001009246,94714,9,750.770377
1780995612.942595,0.000993397,88856,8,715.572928
1780995612.943606,0.001008738,87474,9,693.730186
1780995612.944596,0.000993230,85960,8,692.367327
1780995612.945654,0.001001862,93266,9,744.741292
1780995612.946656,0.001002323,93266,9,744.398762
1780995612.947610,0.001004599,93266,9,742.712266
1780995612.948606,0.000986709,84512,8,685.203034
1780995612.949673,0.001009342,87606,11,694.361277
1780995612.950639,0.000994356,100704,12,810.204796
1780995612.951617,0.001006361,97676,10,776.468881
1780995612.952610,0.001002316,81616,8,651.419313
1780995612.953639,0.000993144,93266,9,751.278767
1780995612.954593,0.000996433,103732,14,832.826693
1780995612.955644,0.001009665,94846,11,751.504707
1780995612.956632,0.000988632,84512,8,683.870237
1780995612.957585,0.001007163,87540,10,695.339285
1780995612.958787,0.001058845,111038,15,838.936766
1780995612.959680,0.000944435,83130,9,704.167042
1780995612.960648,0.001002539,96162,9,767.347704
1780995612.961636,0.000986641,83064,8,673.509412
1780995612.962822,0.001008421,90304,8,716.399202
1780995612.963768,0.000999576,85894,7,687.443476
1780995612.964613,0.000994667,97610,9,785.066761
1780995612.965624,0.001003136,90370,9,720.699885
1780995612.966586,0.000999069,84512,8,676.726032
1780995612.967590,0.000996000,93266,9,749.124498
1780995612.968651,0.001000027,93266,9,746.107855
1780995612.969754,0.000999372,96162,9,769.779421
1780995612.970617,0.001004774,83064,8,661.354693
1780995612.971615,0.001000177,94714,9,757.577909
1780995612.972642,0.000999116,81616,8,653.505699
1780995612.973627,0.001008085,94714,9,751.635031
1780995612.974661,0.000995738,93266,9,749.321609
1780995612.975704,0.000994736,84512,8,679.673803
1780995612.976583,0.000999657,93266,9,746.384010
1780995612.977650,0.000997769,93266,9,747.796334
1780995612.978596,0.001007253,85960,8,682.728173
1780995612.979588,0.000995238,93266,9,749.698062
1780995612.980717,0.000997654,93266,9,747.882532
1780995612.981728,0.001011408,83064,8,657.016753
1780995612.982638,0.000999540,94714,9,758.060708
1780995612.983718,0.000995621,88856,8,713.974494
1780995612.984629,0.001002722,83064,8,662.708109
1780995612.985651,0.000998535,96162,9,770.424672
1780995612.986669,0.000996376,84512,8,678.555084
1780995612.987718,0.001008590,99388,14,788.332226
1780995612.988889,0.000988776,97874,13,791.880062
1780995612.989683,0.001002306,84578,9,675.067295
1780995612.990659,0.000998662,93266,9,747.127657
1780995612.991699,0.001006223,93266,9,741.513561
1780995612.992693,0.000991657,85960,8,693.465583
1780995612.993609,0.001006230,93266,9,741.508403
1780995612.994657,0.000995432,83064,8,667.561421
1780995612.995639,0.000997743,93266,9,747.815820
1780995612.996627,0.001000368,85960,8,687.427027
1780995612.997655,0.001003868,81616,8,650.412206
1780995612.998599,0.001000295,96426,13,771.180502
1780995612.999590,0.000998808,94912,12,760.202161
1780995613.000589,0.001008245,103534,11,821.498743
1780995613.001660,0.000993816,77206,7,621.491302
1780995613.002607,0.000993999,90370,9,727.324675
1780995613.003611,0.001000384,93266,9,745.841597
1780995613.004593,0.001002519,93266,9,744.253226
1780995613.005586,0.001002601,96162,9,767.300252
1780995613.006588,0.000994557,75758,7,609.380860
1780995613.007601,0.001011787,103468,10,818.101043
1780995613.008594,0.000995973,80168,8,643.937135
1780995613.009581,0.000993264,90568,12,729.457627
1780995613.010727,0.001000102,97874,14,782.912143
1780995613.011681,0.000999875,94780,10,758.334792
1780995613.012694,0.000999606,87408,8,699.539619
1780995613.013581,0.001000803,88922,9,710.805223
1780995613.014608,0.001002301,84512,8,674.543875
1780995613.015604,0.001006547,93266,9,741.274873
1780995613.016603,0.000989498,83064,8,671.564773
1780995613.017553,0.001000054,99058,9,792.421209
1780995613.018661,0.001007156,95044,14,754.949581
1780995613.019610,0.000992894,87540,10,705.332090
1780995613.020611,0.001001405,97676,10,780.311662
1780995613.021608,0.000999488,93266,9,746.510213
1780995613.022616,0.001009494,83064,8,658.262456
1780995613.023600,0.000996579,84512,8,678.416864
1780995613.024595,0.000995062,92016,12,739.781039
1780995613.025584,0.001009147,97808,12,775.371675
1780995613.026603,0.000996721,94714,9,760.204711
1780995613.027602,0.000994377,93266,9,750.347202
1780995613.028646,0.001004499,83064,8,661.535751
1780995613.029630,0.000993362,93332,10,751.645422
1780995613.030749,0.001013258,86158,11,680.245308
1780995613.031632,0.000995163,94846,11,762.456000
1780995613.032577,0.001000191,106364,10,850.749507
1780995613.033602,0.001002477,90370,9,721.173653
1780995613.034631,0.000988824,83064,8,672.022524
1780995613.035591,0.000999991,86026,9,688.214194
1780995613.036601,0.001009638,108208,16,857.400375
1780995613.037670,0.000990454,90436,10,730.460981
1780995613.038666,0.001001455,93266,9,745.043961
1780995613.039563,0.000999244,84512,8,676.607515
1780995613.040575,0.001000167,93266,9,746.003417
1780995613.041583,0.001009244,94714,9,750.771865
1780995613.042610,0.000990055,84512,8,682.887314
1780995613.043632,0.001000267,93266,9,745.928837
1780995613.044608,0.001005655,93266,9,741.932372
1780995613.045620,0.001002129,83064,8,663.100260
1780995613.046639,0.000996089,90304,8,725.268525
1780995613.047641,0.000997309,87474,9,701.680221
1780995613.048593,0.000998512,94714,9,758.841156
1780995613.049584,0.001007696,93332,10,740.953621
1780995613.050615,0.001006440,85960,8,683.279679
1780995613.051607,0.000986041,90304,8,732.659190
1780995613.052632,0.000999903,84446,7,675.633536
1780995613.053592,0.001000338,80036,6,640.071656
1780995613.054622,0.001007879,62594,5,496.837418
1780995613.055604,0.001000596,112090,9,896.185873
1780995613.056681,0.001000042,110708,10,885.626804
1780995613.057683,0.001002586,90238,7,720.041971
1780995613.058654,0.000999419,87342,7,699.142202
1780995613.059633,0.000989786,83130,9,671.902815
1780995613.060648,0.001011438,112288,12,888.145393
1780995613.061634,0.001001764,86026,9,686.996139
1780995613.062637,0.000987576,94582,7,766.174958
1780995613.063637,0.000998600,82998,7,664.914881
1780995613.064758,0.001002996,88790,7,708.198238
1780995613.065672,0.001007635,99058,9,786.459383
1780995613.066676,0.000990290,83262,11,672.627210
1780995613.067647,0.001011426,100704,12,796.530839
1780995613.068642,0.000994902,94714,9,761.594609
1780995613.069620,0.000994069,88790,7,714.558044
1780995613.070668,0.001003219,87408,8,697.020292
1780995613.071649,0.001006634,78918,11,627.183266
1780995613.072645,0.000989752,118080,12,954.420905
1780995613.073634,0.001001091,96096,8,767.930188
1780995613.074621,0.001001285,81484,6,651.035419
1780995613.075629,0.001010009,97544,8,772.618858
1780995613.076613,0.000990774,91686,7,740.318175
1780995613.077690,0.001010352,72994,9,577.968866
1780995613.078578,0.000985926,100836,14,818.203395
1780995613.079678,0.001001746,97610,9,779.518960
1780995613.080650,0.001002536,88988,10,710.103178
1780995613.081716,0.001003791,87606,11,698.201120
1780995613.082678,0.000992958,107812,10,868.612771
1780995613.083591,0.001006714,91752,8,729.120684
1780995613.084579,0.000998385,88790,7,711.469022
1780995613.085573,0.000993640,96096,8,773.688660
1780995613.086598,0.001000771,91752,8,733.450510
1780995613.087573,0.001002568,77272,8,616.592590
1780995613.088588,0.001000870,81748,10,653.415528
1780995613.089586,0.000997160,118146,13,947.859922
1780995613.090703,0.001010228,96162,9,761.507303
1780995613.091650,0.000996681,88856,8,713.215161
1780995613.092676,0.000993467,93200,8,750.503036
1780995613.093629,0.001003292,86092,10,686.476121
1780995613.094668,0.001007777,86224,12,684.468885
1780995613.095678,0.000998022,90304,8,723.863803
1780995613.096644,0.000991321,100506,9,811.087428
1780995613.097644,0.000999088,87606,11,701.487757
1780995613.098733,0.001011322,87540,10,692.479744
1780995613.099686,0.000997419,125254,11,1004.624937
1780995613.100638,0.001000011,91686,7,733.479932
1780995613.101676,0.000991660,77338,9,623.907388
1780995613.102625,0.001001496,84644,10,676.140494
1780995613.103690,0.001007831,118080,12,937.300004
1780995613.104653,0.000989542,88922,9,718.894195
1780995613.105590,0.001011396,91818,9,726.267456
1780995613.106601,0.000987820,74508,10,603.413577
1780995613.107717,0.001013994,96426,13,760.761898
1780995613.108659,0.000987250,97610,9,790.964801
1780995613.109591,0.001011183,106298,9,840.979328
1780995613.110621,0.000995640,87408,8,702.326142
1780995613.111595,0.000991860,85960,8,693.323655
1780995613.112590,0.001016595,88856,8,699.244045
1780995613.113593,0.000986094,87342,7,708.589648
1780995613.114607,0.001009775,98992,8,784.269763
1780995613.115596,0.000987903,77272,8,625.745645
1780995613.116589,0.001000564,84710,11,677.298004
1780995613.117567,0.001011273,86026,9,680.536314
1780995613.118635,0.000999925,116500,10,932.069905
1780995613.119681,0.000998606,87408,8,700.240135
1780995613.120596,0.000990060,87672,12,708.417672
1780995613.121584,0.001006774,110906,13,881.278221
1780995613.122610,0.000996999,97676,10,783.760064
1780995613.123598,0.000996436,87342,7,701.235202
1780995613.124589,0.001007293,84512,8,671.200932
1780995613.125556,0.000991716,78984,12,637.150152
1780995613.126626,0.001007252,116698,13,926.862394
1780995613.127650,0.001008386,84512,8,670.473410
1780995613.128605,0.000993468,88856,8,715.521788
1780995613.129561,0.000997265,93200,8,747.644809
1780995613.130597,0.000999984,91752,8,734.027744
1780995613.131585,0.000999890,100572,10,804.664513
1780995613.132581,0.001004882,74310,7,591.591849
1780995613.133578,0.000989215,86224,12,697.312515
1780995613.134605,0.001001038,99256,12,793.224633
1780995613.135660,0.000998565,93266,9,747.200232
1780995613.136581,0.001003173,94714,9,755.315384
1780995613.137670,0.000999989,90370,9,722.967953
1780995613.138676,0.001003077,78852,10,628.880933
1780995613.139656,0.001002668,89120,12,711.062884
1780995613.140662,0.000991902,109326,11,881.748399
1780995613.141633,0.001000182,88856,8,710.718649
1780995613.142688,0.001011222,88790,7,702.437249
1780995613.143700,0.000996733,71678,11,575.303517
1780995613.144621,0.001005646,116764,14,928.867613
1780995613.145605,0.000989999,94714,9,765.366430
1780995613.146672,0.000999082,91686,7,734.161961
1780995613.147648,0.001007899,77338,9,613.855158
1780995613.148615,0.000988941,102218,13,826.888561
1780995613.149629,0.001006996,103402,9,821.469003
1780995613.150620,0.000997592,90370,9,724.705090
1780995613.151679,0.000994995,71678,11,576.308424
1780995613.152603,0.001010207,102152,12,808.958956
1780995613.153654,0.000991505,100506,9,810.936909
1780995613.154633,0.001007126,100506,9,798.358895
1780995613.155599,0.001005302,75890,9,603.918027
1780995613.156576,0.000992140,94846,11,764.779164
1780995613.157576,0.001002018,104916,10,837.637647
1780995613.158599,0.000991812,91818,9,740.608099
1780995613.159592,0.001009511,80366,11,636.870723
1780995613.160591,0.000998588,110840,12,887.973819
1780995613.161708,0.001002541,86158,11,687.517019
1780995613.162605,0.000992550,97874,13,788.869075
1780995613.163605,0.001005214,91818,9,730.733953
1780995613.164609,0.001001798,14546,1,116.159146
1780995613.165699,0.001002493,125188,10,999.013459
1780995613.166623,0.000994471,109260,10,878.939657
1780995613.167610,0.001000783,118014,11,943.373339
1780995613.168596,0.000992598,85894,7,692.276229
1780995613.169600,0.001012648,96426,13,761.773094
1780995613.170635,0.000998506,90502,11,725.099298
1780995613.171599,0.000989214,106430,11,860.723767
1780995613.172626,0.001006010,91752,8,729.630918
1780995613.173591,0.001005167,93266,9,742.292574
1780995613.174626,0.000997119,101954,9,817.988625
1780995613.175616,0.000992106,64240,8,518.009164
1780995613.176661,0.001005893,107944,12,858.492901
1780995613.177583,0.000992560,93266,9,751.720803
1780995613.178615,0.001014289,81814,11,645.291431
1780995613.179605,0.000987260,83262,11,674.691571
1780995613.180575,0.000998746,125320,12,1003.818789
1780995613.181592,0.000999789,97544,8,780.516689
1780995613.182607,0.001003910,74508,10,593.742467
1780995613.183574,0.001002252,96162,9,767.567438
1780995613.184597,0.000995372,103468,10,831.592611
1780995613.185567,0.001003991,76022,11,605.758418
1780995613.186608,0.001006185,110906,13,881.794103
1780995613.187618,0.001003024,84512,8,674.057650
1780995613.188577,0.000986161,94714,9,768.345128
1780995613.189692,0.001000743,80366,11,642.450659
1780995613.190697,0.001010636,93530,13,740.365473
1780995613.191682,0.001003577,112222,11,894.576101
1780995613.192637,0.000984766,86026,9,698.854347
1780995613.193676,0.001008770,83196,10,659.781714
1780995613.194640,0.001001580,109392,12,873.755466
1780995613.195646,0.000989729,88790,7,717.691408
1780995613.196725,0.001006943,91818,9,729.479226
1780995613.197578,0.000994993,112156,10,901.763128
1780995613.198705,0.001000734,84710,11,677.182948
1780995613.199677,0.001009745,100572,10,796.811076
1780995613.200665,0.000989127,84710,11,685.129412
1780995613.201722,0.001007099,102152,12,811.455478
1780995613.202657,0.000990936,93266,9,752.952764
1780995613.203760,0.001011301,84644,10,669.585020
1780995613.204608,0.000999727,102086,11,816.911017
1780995613.205596,0.000989378,100572,10,813.213959
1780995613.206771,0.001012825,74574,11,589.037593
1780995613.207659,0.000987585,113736,12,921.326266
1780995613.208650,0.000999134,87474,9,700.398545
1780995613.209631,0.001000197,92016,12,735.983011
1780995613.210666,0.001005907,102086,11,811.892153
1780995613.211629,0.000994931,78918,11,634.560588
1780995613.212605,0.001001589,102152,12,815.919504
1780995613.213628,0.001008324,109260,10,866.864222
1780995613.214694,0.000989307,90370,9,730.774168
1780995613.215629,0.001006370,80366,11,638.858472
1780995613.216598,0.000994212,94978,13,764.247464
1780995613.217590,0.000998781,99058,9,793.431193
1780995613.218678,0.001000764,88856,8,710.305327
1780995613.219598,0.001000026,74508,10,596.048503
1780995613.220652,0.001002623,99190,11,791.444042
1780995613.221557,0.000997584,115118,11,923.174389
1780995613.222584,0.000999660,87342,7,698.973651
1780995613.223623,0.000999962,88790,7,710.346993
1780995613.224665,0.001002797,91752,8,731.968684
1780995613.225611,0.001009686,93200,8,738.447398
1780995613.226633,0.000987723,84512,8,684.499602
1780995613.227585,0.001006814,91752,8,729.048265
1780995613.228586,0.001004626,97544,8,776.758714
1780995613.229663,0.000988950,78654,7,636.262703
1780995613.230640,0.000999094,90370,9,723.615596
1780995613.231630,0.001009606,87540,10,693.656733
1780995613.232587,0.000996225,107812,10,865.764260
1780995613.233566,0.000994539,93266,9,750.224979
1780995613.234616,0.001010273,96162,9,761.473384
1780995613.235606,0.000991459,87342,7,704.755315
1780995613.236587,0.001000878,88790,7,709.696886
1780995613.237664,0.001007981,81946,13,650.377338
1780995613.238708,0.000997322,97676,10,783.506230
1780995613.239663,0.001002283,106298,9,848.446996
1780995613.240588,0.000994236,75890,9,610.639727
1780995613.241573,0.001007675,97742,11,775.980351
1780995613.242599,0.000997168,99124,10,795.244131
1780995613.243595,0.000990340,78918,11,637.502272
1780995613.244584,0.001000766,96228,10,769.234766
1780995613.245569,0.001010166,107812,10,853.816105
1780995613.246621,0.000989465,90304,8,730.123855
1780995613.247632,0.001004618,88856,8,707.580394
1780995613.248595,0.000996203,88922,9,714.087390
1780995613.249577,0.001013076,91686,7,724.020705
1780995613.250594,0.000985640,84512,8,685.946187
1780995613.251599,0.001008247,103402,9,820.449751
1780995613.252600,0.001000034,68584,8,548.653346
1780995613.253586,0.000999053,58448,8,468.027222
1780995613.254612,0.000996489,0,0,0.000000
1780995613.255612,0.000997440,27710,3,222.248957
1780995613.256573,0.000999107,86092,10,689.351591
1780995613.257601,0.001003279,128348,14,1023.428179
1780995613.258636,0.001011082,115052,10,910.327748
1780995613.259598,0.000991570,112156,10,904.876106
1780995613.260592,0.000993563,94714,9,762.620991
1780995613.261594,0.001003804,93266,9,743.300485
1780995613.262606,0.000999903,84512,8,676.161588
1780995613.263595,0.000998212,96162,9,770.673965
1780995613.264598,0.001004539,81748,10,651.028979
1780995613.265598,0.000998900,108142,15,866.088698
1780995613.266671,0.000999762,91884,10,735.246989
1780995613.267612,0.001006684,94714,9,752.681080
1780995613.268582,0.000993488,42256,4,340.263798
1780995613.269594,0.000999601,39294,3,314.477477
1780995613.270668,0.001009598,103402,9,819.351861
1780995613.271627,0.000992671,122292,10,985.559163
1780995613.272588,0.001000752,103336,8,826.066798
1780995613.273615,0.000997695,91686,7,735.182596
1780995613.274665,0.000994623,117948,10,948.685080
1780995613.275621,0.001000819,84380,6,674.487595
1780995613.276628,0.001002127,88922,9,709.866115
1780995613.277593,0.000996913,74508,10,597.909747
1780995613.278600,0.001001975,87540,10,698.939594
1780995613.279659,0.000999016,102086,11,817.492413
1780995613.280645,0.001002551,115052,10,918.073993
1780995613.281713,0.000996757,94648,8,759.647537
1780995613.282644,0.001000352,80102,7,640.590512
1780995613.283643,0.001008292,91686,7,727.455935
1780995613.284690,0.001001131,96162,9,768.426909
1780995613.285639,0.000990690,90238,7,728.688086
1780995613.286657,0.001006313,82998,7,659.818565
1780995613.287646,0.000999598,91686,7,733.782981
1780995613.288880,0.001008911,90304,8,716.051267
1780995613.289644,0.000986345,100572,10,815.714583
1780995613.290696,0.001007401,75758,7,601.611473
1780995613.291650,0.000990663,94648,8,764.320460
1780995613.292628,0.001009911,91686,7,726.289742
1780995613.293628,0.000990634,93200,8,752.649313
1780995613.294595,0.001003741,71612,10,570.760784
1780995613.295602,0.001000601,87606,11,700.427043
1780995613.296595,0.000995645,104916,10,842.999262
1780995613.297579,0.001012423,100440,8,793.660357
1780995613.298612,0.000999794,87342,7,698.879969
1780995613.299664,0.000996846,78588,6,630.693206
1780995613.300659,0.000992988,96162,9,774.728396
1780995613.301646,0.000999929,88856,8,710.898474
1780995613.302740,0.001008838,90304,8,716.103081
1780995613.303676,0.000995277,85894,7,690.412820
1780995613.304641,0.000995335,90370,9,726.348415
1780995613.305626,0.001010033,80366,11,636.541578
1780995613.306590,0.000988191,110840,12,897.316409
1780995613.307602,0.001008160,91818,9,728.598635
1780995613.308596,0.001001023,90238,7,721.166247
1780995613.309606,0.000995006,83262,11,669.439179
1780995613.310585,0.001001414,109458,13,874.427559
1780995613.311615,0.001005816,99058,9,787.881680
1780995613.312642,0.000989361,82998,7,671.124089
1780995613.313629,0.001002498,96096,8,766.852403
1780995613.314909,0.000998743,88856,8,711.742661
1780995613.315628,0.000999052,80036,6,640.895569
1780995613.316648,0.001001427,84446,7,674.605338
1780995613.317592,0.001005353,100440,8,799.241659
1780995613.318587,0.001001094,82932,6,662.730972
1780995613.319581,0.000990745,94648,8,764.257200
1780995613.320659,0.001000061,75692,6,605.499065
1780995613.321612,0.001002078,97544,8,778.733791
1780995613.322639,0.001003051,88790,7,708.159406
1780995613.323593,0.000994816,96096,8,772.774061
1780995613.324585,0.001003375,80036,6,638.134297
1780995613.325596,0.000996972,88988,10,714.066192
1780995613.326741,0.000999860,81748,10,654.075571
1780995613.327858,0.001001103,99124,10,792.118294
1780995613.328674,0.001009387,112222,11,889.426949
1780995613.329598,0.000989763,39294,3,317.603305
1780995613.330618,0.001007193,0,0,0.000000
1780995613.331574,0.000994094,0,0,0.000000
1780995613.332675,0.001013156,62594,5,494.249652
1780995613.333648,0.000985292,103336,8,839.028430
1780995613.334656,0.000999595,97610,9,781.196385
1780995613.335589,0.001000260,93134,7,744.878332
1780995613.336596,0.001002559,29158,3,232.668601
1780995613.337564,0.000999723,64042,5,512.477956
1780995613.338629,0.001008156,101888,8,808.509794
1780995613.339605,0.000996943,87408,8,701.408205
1780995613.340582,0.000993156,112090,9,902.899444
1780995613.341587,0.000999986,125188,10,1001.518021
1780995613.342620,0.000999591,103336,8,827.026254
1780995613.343567,0.001012813,84446,7,667.021454
1780995613.344638,0.000987470,96096,8,778.522892
1780995613.345618,0.001005874,91818,9,730.254485
1780995613.346655,0.001003540,97610,9,778.125436
1780995613.347599,0.000995768,72862,7,585.373300
1780995613.348576,0.000995131,29158,3,234.405320
1780995613.349591,0.000999972,0,0,0.000000
1780995613.350638,0.001009972,65490,5,518.747054
1780995613.351718,0.000996850,100440,8,806.059086
1780995613.352644,0.001004320,97610,9,777.521109
1780995613.353662,0.000988595,100440,8,812.789868
1780995613.354635,0.001004464,119330,9,950.397426
1780995613.355615,0.000999037,119396,10,956.088713
1780995613.356601,0.001007212,84446,7,670.730690
1780995613.357598,0.000989381,84446,7,682.818853
1780995613.358585,0.001002513,83394,13,665.479650
1780995613.359591,0.001004500,96228,10,766.375311
1780995613.360576,0.000999056,101954,9,816.402684
1780995613.361566,0.000997523,94648,8,759.064202
1780995613.362700,0.001000053,84644,10,677.116113
1780995613.363893,0.001009263,70032,8,555.113979
1780995613.364595,0.000996602,110774,11,889.213548
1780995613.365631,0.000990584,101888,8,822.851974
1780995613.366601,0.001000150,86092,10,688.632705
1780995613.367599,0.001000336,102248,12,817.709250
1780995613.368578,0.000999888,87408,8,699.342326
1780995613.369627,0.000999007,93134,7,745.812592
1780995613.370682,0.001000195,84512,8,675.964187
1780995613.371627,0.001008680,98992,8,785.121148
1780995613.372629,0.000999354,74244,6,594.335941
1780995613.373621,0.000994590,103336,8,831.184709
1780995613.374798,0.001006726,84512,8,671.578960
1780995613.375750,0.000994111,91752,8,738.364227
1780995613.376694,0.000999171,91686,7,734.096566
1780995613.377696,0.000998749,91752,8,734.935404
1780995613.378627,0.001005367,74574,11,593.407184
1780995613.379623,0.000997097,65622,7,526.504442
1780995613.380603,0.001008370,97610,9,774.398286
1780995613.381968,0.000997905,116434,9,933.427531
1780995613.382856,0.001003672,110696,10,882.328091
1780995613.383742,0.000989941,85960,8,694.667662
1780995613.384730,0.001009123,104784,8,830.693582
1780995613.385701,0.000999336,67202,9,537.973214
1780995613.386594,0.000992964,93332,10,751.946697
1780995613.387650,0.000995971,87342,7,701.562596
1780995613.388654,0.001010223,100440,8,795.388741
1780995613.389638,0.001002460,100440,8,801.548191
1780995613.390644,0.000994281,101888,8,819.792393
1780995613.391745,0.000993242,84446,7,680.164552
1780995613.393231,0.001013135,88790,7,701.110908
1780995613.393640,0.000987073,91686,7,743.093976
1780995613.395122,0.001005804,82998,7,660.152475
1780995613.395866,0.001007973,101888,8,808.656581
1780995613.397019,0.000991379,78588,6,634.171190
1780995613.398686,0.001003227,84644,10,674.973859
1780995613.398752,0.000993343,92016,12,741.061245
1780995613.400116,0.001003261,102020,10,813.507153
1780995613.400901,0.000994440,90238,7,725.940228
1780995613.401608,0.001000417,97544,8,780.026729
1780995613.404081,0.001003371,91864,8,732.442935
1780995613.404314,0.000997772,80168,8,642.776105
1780995613.404870,0.001002238,78984,12,630.461028
1780995613.407947,0.000996604,94780,10,760.823757
1780995613.408018,0.000999189,109260,10,874.789454
1780995613.408038,0.001013287,100506,9,793.504703
1780995613.408613,0.000996966,74244,6,595.759534
1780995613.409586,0.000990736,29290,5,236.511038
1780995613.410595,0.001003964,0,0,0.000000
1780995613.411579,0.000997414,0,0,0.000000
1780995613.412576,0.000997258,0,0,0.000000
1780995613.413565,0.000999529,0,0,0.000000
1780995613.414600,0.001011242,4410,1,34.887791
1780995613.415643,0.000989289,10268,2,83.033370
1780995613.416612,0.001001064,8754,1,69.957565
1780995613.417597,0.001010548,26262,3,207.903039
1780995613.418593,0.000995059,35082,5,282.049607
1780995613.419612,0.000993925,0,0,0.000000
1780995613.420592,0.001001494,17508,2,139.855057
1780995613.421655,0.000998232,74442,9,596.590772
1780995613.422978,0.001003503,118146,13,941.868634
1780995613.424011,0.001009602,122292,10,969.031361
1780995613.424638,0.000991103,113816,12,918.701689
1780995613.425744,0.000995026,90304,8,726.043340
1780995613.427228,0.001011592,72796,6,575.694549
1780995613.428877,0.000997735,113604,10,910.895178
1780995613.429099,0.000991636,90436,10,729.590293
1780995613.430633,0.001012739,109458,13,864.649233
1780995613.431874,0.000993162,0,0,0.000000
1780995613.432070,0.001003543,0,0,0.000000
1780995613.434057,0.000993686,30606,3,246.403794
1780995613.434634,0.000997035,103336,9,829.146419
1780995613.434838,0.001002561,98992,8,789.913033
1780995613.435621,0.000997532,107812,10,864.629907
1780995613.436696,0.001015310,106232,8,837.040904
1780995613.437644,0.000985103,109194,9,886.762095
1780995613.438647,0.000999283,100440,8,804.096537
1780995613.439632,0.001004765,80102,7,637.776993
1780995613.440599,0.000999123,91686,7,734.131834
1780995613.444491,0.001005077,98992,8,787.935651
1780995613.444560,0.001001496,88790,7,709.258949
1780995613.444580,0.001001738,43704,4,349.025394
1780995613.444602,0.000993706,0,0,0.000000
1780995613.445572,0.000993765,0,0,0.000000
1780995613.447500,0.001014280,0,0,0.000000
1780995613.447610,0.000988804,55288,4,447.312106
1780995613.448616,0.000997321,122358,11,981.493421
1780995613.449563,0.000999542,123806,11,990.901833
1780995613.450599,0.001002933,104850,9,836.346994
1780995613.451815,0.001005343,106364,10,846.389740
1780995613.452630,0.000996559,90304,8,724.926472
1780995613.453593,0.000997900,86026,9,689.656278
1780995613.454728,0.001010478,40808,4,323.078781
1780995613.455720,0.000988643,21852,2,176.824192
1780995613.456626,0.001000040,88790,7,710.291588
1780995613.457657,0.001010043,115052,10,911.264174
1780995613.458646,0.000994056,110642,9,890.428708
1780995613.459623,0.000998722,122424,12,980.645265
1780995613.460594,0.001004667,94714,9,754.192185
1780995613.461579,0.000991563,77338,9,623.968422
1780995613.462719,0.001002093,108076,14,862.802155
1780995613.463599,0.000999750,96162,9,769.488372
1780995613.464607,0.001001336,87408,8,698.331030
1780995613.465602,0.001010654,97940,14,775.260376
1780995613.466900,0.000985515,72928,8,591.999107
1780995613.467585,0.001000196,110774,11,886.018340
1780995613.468607,0.001001504,93266,9,745.007509
1780995613.469939,0.001002006,85960,8,686.303276
1780995613.471398,0.001010496,75758,7,599.768826
1780995613.471851,0.000995209,101888,8,819.027963
1780995613.472742,0.000989928,100572,10,812.762140
1780995613.473759,0.001003585,87408,8,696.766094
1780995613.474633,0.000997276,80168,8,643.095793
1780995613.475603,0.001003032,90370,9,720.774611
1780995613.476678,0.001009341,87408,8,692.792624
1780995613.477621,0.000987565,93266,9,755.522928
1780995613.478621,0.001000070,90634,13,725.021249
1780995613.479709,0.000999724,90436,10,723.687738
1780995613.480874,0.001001042,86092,10,688.019084
1780995613.481660,0.000999324,103732,14,830.417362
1780995613.482891,0.001009492,72994,9,578.461246
1780995613.483750,0.000996607,8754,1,70.270428
1780995613.485179,0.001003687,82998,7,661.544884
1780995613.485724,0.000998442,116500,10,933.454322
1780995613.487087,0.000991720,112222,11,905.271649
1780995613.488163,0.001002835,113670,11,906.789252
1780995613.488976,0.001004993,94714,9,753.947540
1780995613.489593,0.000993125,83064,8,669.112146
1780995613.490786,0.001010878,94714,9,749.558305
1780995613.491580,0.000993302,96492,14,777.141292
1780995613.492578,0.001003499,90502,11,721.491501
1780995613.493594,0.000990784,90370,9,729.684775
1780995613.494891,0.001007034,89054,11,707.455756
1780995613.495643,0.001005415,102284,14,813.864921
1780995613.496622,0.000989533,99190,11,801.913630
1780995613.497606,0.001008772,84512,8,670.216858
1780995613.498632,0.001001603,91818,9,733.368410
1780995613.499624,0.001001220,84512,8,675.272168
1780995613.500725,0.000997500,103468,10,829.818546
1780995613.501664,0.000992175,87408,8,704.778895
1780995613.502699,0.000997086,89186,13,715.573180
1780995613.503695,0.001000007,103600,12,828.794198
1780995613.504736,0.001008704,80168,8,635.809911
1780995613.505646,0.000996771,102020,10,818.803918
1780995613.506663,0.001005969,84512,8,672.084329
1780995613.507612,0.001002982,91818,9,732.360102
1780995613.508575,0.000996394,94714,9,760.454198
1780995613.509600,0.000988859,85960,8,695.427761
1780995613.510715,0.001000634,93266,9,745.655255
1780995613.511696,0.000999633,83064,8,664.755965
1780995613.512758,0.001008475,80234,9,636.477850
1780995613.513700,0.001001510,102218,13,816.511068
1780995613.514740,0.000996854,99190,11,796.024292
1780995613.515619,0.000993708,96162,9,774.167059
1780995613.516641,0.001007035,86224,12,684.973213
1780995613.518304,0.001005542,97808,12,778.151484
1780995613.518586,0.000987254,94714,9,767.494485
1780995613.519610,0.001000142,93530,13,748.133765
1780995613.520613,0.001007493,94846,11,753.124836
1780995613.521598,0.000999819,99190,11,793.663653
1780995613.522644,0.001006362,93266,9,741.411142
1780995613.523597,0.000998065,93266,9,747.574557
1780995613.524605,0.000995455,84512,8,679.182886
1780995613.525616,0.000998701,90304,8,723.371660
1780995613.526762,0.000995702,87474,9,702.812689
1780995613.527833,0.001005119,87408,8,695.702698
1780995613.528684,0.000993406,93266,9,751.080626
1780995613.529784,0.001001432,80498,13,643.063134
1780995613.530618,0.000998314,103600,12,830.199717
1780995613.531884,0.001010917,88922,9,703.693775
1780995613.532607,0.000995775,82998,7,666.801235
1780995613.533916,0.000993289,80366,11,647.271841
1780995613.534637,0.001000010,100572,10,804.567954
1780995613.535652,0.001000510,94714,9,757.325764
1780995613.536647,0.001007462,87474,9,694.608829
1780995613.537619,0.001003401,78918,11,629.204077
1780995613.538588,0.000987836,124070,15,1004.782170
1780995613.539608,0.001004678,78786,9,627.353242
1780995613.540586,0.001004347,99322,13,791.136928
1780995613.541631,0.000995041,107878,11,867.325065
1780995613.542673,0.001006828,84512,8,671.510923
1780995613.543601,0.001002652,84578,9,674.834339
1780995613.544590,0.000988944,84710,11,685.256192
1780995613.545599,0.000997355,106496,12,854.227432
1780995613.546618,0.001000714,84578,9,676.141235
1780995613.550768,0.001004797,102284,14,814.365489
1780995613.550985,0.001009385,106430,11,843.523532
1780995613.551069,0.000990897,80300,10,648.301488
1780995613.551324,0.001005873,102152,12,812.444513
1780995613.551705,0.000998354,104916,10,840.711812
1780995613.552610,0.000995345,90238,7,725.280179
1780995613.553585,0.001003509,87342,7,696.292709
1780995613.554672,0.000994444,84842,13,682.528126
1780995613.555602,0.000997548,100638,11,807.082967
1780995613.556605,0.001010978,97610,9,772.400586
1780995613.557607,0.000989298,80234,9,648.815625
1780995613.558599,0.000999344,74442,9,595.926928
1780995613.559590,0.001000104,97676,10,781.326742
1780995613.560580,0.001004281,37912,4,302.003125
1780995613.561603,0.001003206,59698,5,476.057759
1780995613.562624,0.001001657,90370,9,721.764037
1780995613.563621,0.001000104,85894,7,687.080544
1780995613.564623,0.000991359,113538,9,916.221066
1780995613.565601,0.001011390,118014,11,933.479667
1780995613.566657,0.000988268,120976,12,979.297114
1780995613.567701,0.001007142,96162,9,763.840650
1780995613.568597,0.000994998,81616,8,656.210364
1780995613.569623,0.000999892,81814,11,654.582695
1780995613.570625,0.001002660,99124,10,790.888237
1780995613.571640,0.000996235,96162,9,772.203346
1780995613.572669,0.001007668,96096,8,762.917945
1780995613.573961,0.000995138,102020,10,820.147557
1780995613.575123,0.001001863,73126,11,583.920157
1780995613.575973,0.001005108,102152,12,813.062875
1780995613.577361,0.000990179,100506,9,812.022877
1780995613.578043,0.001001317,78918,11,630.513614
1780995613.579678,0.001002923,102218,13,815.360701
1780995613.580194,0.001000316,80102,7,640.613566
1780995613.581185,0.001008291,88922,9,705.526480
1780995613.581805,0.000989078,74640,12,603.713762
1780995613.584919,0.001002953,99190,11,791.183635
1780995613.585177,0.001002691,106364,10,848.628341
1780995613.585403,0.000992495,91752,8,739.566446
1780995613.585812,0.000999394,91752,8,734.461083
1780995613.587928,0.001009997,85960,8,680.873310
1780995613.588126,0.000989779,90304,8,729.892228
1780995613.588775,0.001002642,87342,7,696.894804
1780995613.589813,0.000997028,78852,10,632.696374
1780995613.590595,0.000999753,106562,13,852.706619
1780995613.591633,0.001002325,97742,11,780.122216
1780995613.592700,0.000998696,97544,8,781.370908
1780995613.593596,0.000999462,75890,9,607.446806
1780995613.594648,0.001010301,86158,11,682.236284
1780995613.595625,0.000995613,109392,12,878.992139
1780995613.596571,0.000994110,88922,9,715.590830
1780995613.597581,0.000999276,90304,8,722.955420
1780995613.598615,0.001002009,88922,9,709.949711
1780995613.599600,0.000998218,97610,9,782.274012
1780995613.600581,0.001000785,81880,12,654.526197
1780995613.601588,0.000999486,104982,11,840.287908
1780995613.602632,0.001012023,90370,9,714.371116
1780995613.603616,0.000988930,90238,7,729.984933
1780995613.604653,0.001000057,81748,10,653.946725
1780995613.605629,0.001008970,99322,13,787.512017
1780995613.606784,0.001003738,107878,11,859.810030
1780995613.607653,0.000996940,61344,8,492.258310
1780995613.608621,0.001001634,92016,12,734.927129
1780995613.609704,0.000992855,116632,12,939.770661
1780995613.610759,0.000995372,89120,12,716.274920
1780995613.612442,0.001003853,102020,10,813.027405
1780995613.613870,0.001008194,86158,11,683.662073
1780995613.614008,0.000996179,73126,11,587.251889
1780995613.614714,0.001003863,81616,8,650.415445
1780995613.615641,0.000987875,116500,10,943.439200
1780995613.616649,0.001009407,112222,11,889.409326
1780995613.617646,0.000990366,96162,9,776.779494
1780995613.619393,0.001010900,65754,9,520.360075
1780995613.620262,0.000991203,84710,11,683.694460
1780995613.620741,0.001009552,62726,7,497.060082
1780995613.621680,0.000988480,104916,10,849.109744
1780995613.622689,0.001012501,119396,10,943.374871
1780995613.623656,0.000994209,100440,8,808.200288
1780995613.624710,0.001006841,99058,9,787.079589
1780995613.626198,0.000998660,85894,7,688.074019
1780995613.628205,0.000990258,90568,12,731.671948
1780995613.628285,0.001004028,104916,10,835.960750
1780995613.628575,0.000999858,97544,8,780.462826
1780995613.630202,0.000993899,81550,7,656.404725
1780995613.630616,0.001009146,91752,8,727.363533
1780995613.631627,0.000997151,84446,7,677.498192
1780995613.632623,0.001004378,101954,9,812.076728
1780995613.633595,0.000988574,87408,8,707.346137
1780995613.634655,0.001006301,82998,7,659.826434
1780995613.635631,0.001000530,77272,8,617.848540
1780995613.636594,0.000994058,109194,9,878.773673
1780995613.637591,0.001010602,89120,12,705.480496
1780995613.638608,0.000991432,91818,9,740.891962
1780995613.639615,0.000997277,96096,8,770.867071
1780995613.640622,0.001002952,91818,9,732.382008
1780995613.641613,0.001005358,91752,8,730.104102
1780995613.642629,0.000991647,91818,9,740.731329
1780995613.643609,0.001012874,78852,10,622.798097
1780995613.644602,0.000993105,96360,12,776.232120
1780995613.645592,0.000997098,109260,10,876.623963
1780995613.646634,0.001009874,78720,8,623.602548
1780995613.647608,0.000993233,91752,8,739.016928
1780995613.648606,0.000997703,96096,8,770.537926
1780995613.649733,0.001006463,88790,7,705.758682
1780995613.650592,0.000996882,87342,7,700.921473
1780995613.651593,0.000994054,83196,10,669.549139
1780995613.652594,0.000999348,84776,12,678.650480
1780995613.653592,0.001002834,118080,12,941.970456
1780995613.654594,0.001002677,90238,7,719.976623
1780995613.655588,0.001002782,91752,8,731.979633
1780995613.656585,0.000990438,80102,7,647.002639
1780995613.657589,0.001003435,98992,8,789.225012
1780995613.658682,0.001007489,97676,10,775.599535
1780995613.659621,0.001002030,82998,7,662.638843
1780995613.660619,0.000997852,93266,9,747.734133
1780995613.661703,0.000989914,77206,7,623.941070
1780995613.662615,0.000999513,90568,12,724.897025
1780995613.663616,0.000999802,104982,11,840.022324
1780995613.664580,0.001011841,93200,8,736.874667
1780995613.665580,0.000988641,88988,10,720.083428
1780995613.666614,0.000999367,96294,11,770.839942
1780995613.668856,0.001009167,97676,10,774.309901
1780995613.668921,0.001001455,75758,7,605.183458
1780995613.669607,0.000997078,101888,8,817.492714
1780995613.670610,0.000992416,91686,7,739.093283
1780995613.671589,0.001000755,84512,8,675.585933
1780995613.672576,0.000999707,94714,9,757.934075
1780995613.673595,0.001004710,93266,9,742.630212
1780995613.674607,0.000994912,84512,8,679.553569
1780995613.675606,0.001000654,96162,9,768.793209
1780995613.676581,0.001006898,91818,9,729.511827
1780995613.677602,0.001003748,87408,8,696.652945
1780995613.678618,0.000993874,90370,9,727.416151
1780995613.679626,0.001005534,96162,9,765.062146
1780995613.680715,0.000995455,91818,9,737.897745
1780995613.681605,0.001001492,83064,8,663.522025
1780995613.682624,0.000992215,93266,9,751.982181
1780995613.683612,0.001014552,94714,9,746.843927
1780995613.684600,0.000994474,83064,8,668.204498
1780995613.685580,0.000991711,93266,9,752.364348
1780995613.686618,0.000999805,84512,8,676.227864
1780995613.687650,0.001012229,103468,10,817.743811
1780995613.688579,0.000988018,85960,8,696.019708
1780995613.689592,0.001010734,81616,8,645.993901
1780995613.690621,0.000996905,94714,9,760.064399
1780995613.691590,0.000991645,93266,9,752.414422
1780995613.692609,0.000999809,84512,8,676.225159
1780995613.693760,0.001000786,94714,9,757.116906
1780995613.694625,0.001006538,90370,9,718.263990
1780995613.695662,0.001004923,86026,9,684.836550
1780995613.696596,0.000995050,93266,9,749.839707
1780995613.697593,0.001010679,87408,8,691.875462
1780995613.698609,0.000994184,90370,9,727.189333
1780995613.699617,0.000994538,94714,9,761.873352
1780995613.700611,0.000998875,88856,8,711.648605
1780995613.701596,0.001006970,88922,9,706.452029
1780995613.702641,0.000988007,87408,8,707.752071
1780995613.703610,0.001005669,99124,10,788.521870
1780995613.704612,0.000994071,85960,8,691.781573
1780995613.705583,0.001000196,81616,8,652.800051
1780995613.706635,0.001011665,94714,9,748.975204
1780995613.707610,0.000988892,93266,9,754.509087
1780995613.708595,0.001000439,87672,12,701.068231
1780995613.709599,0.001010899,100770,13,797.468392
1780995613.710600,0.000990338,96294,11,777.867758
1780995613.711596,0.001001987,83064,8,663.194233
1780995613.712606,0.001007362,93266,9,740.675150
1780995613.713633,0.001000019,96162,9,769.281384
1780995613.714633,0.000993192,81616,8,657.403604
1780995613.715627,0.000996987,96360,12,773.209681
1780995613.716607,0.001006424,97742,11,776.944906
1780995613.717591,0.001006088,93332,10,742.137865
1780995613.718591,0.000985082,91818,9,745.667873
1780995613.719608,0.001004948,78786,9,627.184690
1780995613.720597,0.000995452,110972,14,891.832052
1780995613.721573,0.001011327,91818,9,726.317007
1780995613.722614,0.000996393,96162,9,772.080896
1780995613.723606,0.000992323,78720,8,634.632070
1780995613.724601,0.000999679,95044,14,760.596151
1780995613.725612,0.001014003,105048,12,828.778613
1780995613.726609,0.000995550,84644,10,680.178796
1780995613.727617,0.001000231,103732,14,829.664348
1780995613.728603,0.000992206,87540,10,705.821170
1780995613.729613,0.000998519,94714,9,758.835836
1780995613.730608,0.001009996,93266,9,738.743520
1780995613.731624,0.000990352,86162,9,696.011115
1780995613.732579,0.001001884,103666,13,827.768484
1780995613.733598,0.001001354,84710,11,676.763662
1780995613.734615,0.001005071,96162,9,765.414583
1780995613.735661,0.000997233,93266,9,748.198265
1780995613.736594,0.001007655,83064,8,659.463805
1780995613.737569,0.000998310,91950,11,736.845269
1780995613.738587,0.000989287,99322,13,803.180472
1780995613.739656,0.000999281,91884,10,735.600897
1780995613.740628,0.001012703,94714,9,748.207520
1780995613.741631,0.000987040,93266,9,755.924785
1780995613.742589,0.001010776,72796,6,576.159307
1780995613.743613,0.000999363,96162,9,769.786354
1780995613.744589,0.000988849,104916,10,848.792890
1780995613.745577,0.001000764,84446,7,675.052260
1780995613.746599,0.001008915,78654,7,623.671964
1780995613.747615,0.000991698,96228,10,776.268582
1780995613.748598,0.000998393,93266,9,747.328958
1780995613.749597,0.001004345,83064,8,661.637186
1780995613.750618,0.001002813,77206,7,615.915430
1780995613.751614,0.001005440,100572,10,800.222788
1780995613.752575,0.000998242,87408,8,700.495471
1780995613.753590,0.000994295,88922,9,715.457686
1780995613.754621,0.001001450,81550,7,651.455390
1780995613.755596,0.000996879,106364,10,853.576011
1780995613.756569,0.001001588,84512,8,675.024062
1780995613.757622,0.001000359,93266,9,745.860236
1780995613.758623,0.001002135,83064,8,663.096289
1780995613.759686,0.000997861,96162,9,770.945051
1780995613.760643,0.001008349,93266,9,739.950156
1780995613.761631,0.000987145,84512,8,684.900395
1780995613.762614,0.001001082,91818,9,733.750082
1780995613.763609,0.001013491,96162,9,759.055581
1780995613.764596,0.000991570,91818,9,740.788850
1780995613.765594,0.000995395,87408,8,702.499008
1780995613.766594,0.001003065,81880,12,653.038437
1780995613.767602,0.001002158,102152,12,815.456245
1780995613.768601,0.000992870,90304,8,727.619930
1780995613.769603,0.001006749,99124,10,787.675975
1780995613.770587,0.001008483,85960,8,681.895481
1780995613.771578,0.000990505,93266,9,753.280397
1780995613.772614,0.000994728,83064,8,668.033875
1780995613.773797,0.000999597,94714,9,758.017481
1780995613.774726,0.001005698,97940,14,779.080798
1780995613.775677,0.000998259,100704,12,807.037052
1780995613.776613,0.001006180,85960,8,683.456240
1780995613.777578,0.000993567,88988,10,716.513330
1780995613.778640,0.000996107,102350,15,822.000046
1780995613.779598,0.001005896,83130,9,661.141907
1780995613.780599,0.001004030,102020,10,812.884077
1780995613.781632,0.000990407,85960,8,694.340811
1780995613.782593,0.001009079,84644,10,671.059451
1780995613.783574,0.000993663,103798,15,835.679702
1780995613.784573,0.000997335,93398,11,749.180566
1780995613.785554,0.000999712,90634,13,725.280881
1780995613.786628,0.001000236,102218,13,817.551058
1780995613.787634,0.001008806,91818,9,728.132069
1780995613.788594,0.000993929,93266,9,750.685411
1780995613.789677,0.001006275,93266,9,741.475243
1780995613.790651,0.000991677,75758,7,611.150606
1780995613.791635,0.001000053,80168,8,641.310011
1780995613.792655,0.001009728,93266,9,738.939596
1780995613.793596,0.000998998,93266,9,746.876370
1780995613.794786,0.000999097,93320,10,747.234753
1780995613.795610,0.001000541,74310,7,594.158560
1780995613.796693,0.000992394,103468,10,834.088074
1780995613.797666,0.000999268,85960,8,688.183751
1780995613.798611,0.001004654,91818,9,731.141269
1780995613.799605,0.001006614,94714,9,752.733421
1780995613.800601,0.000997574,96492,14,773.813271
1780995613.801594,0.000990365,94780,10,765.616717
1780995613.802605,0.001005848,91818,9,730.273361
1780995613.803652,0.001008462,93266,9,739.867243
1780995613.804643,0.000998249,85960,8,688.886240
1780995613.805575,0.000987783,93266,9,755.356187
1780995613.806606,0.001012193,83064,8,656.507208
1780995613.807606,0.000996575,93266,9,748.692271
1780995613.808589,0.000990642,83064,8,670.789246
1780995613.809569,0.001011994,94780,10,749.253454
1780995613.810647,0.000988833,102218,13,826.978873
1780995613.811677,0.001000089,90436,10,723.423615
1780995613.812588,0.001008320,91818,9,728.483021
1780995613.813587,0.000993924,93266,9,750.689188
1780995613.814604,0.001005920,83064,8,660.601241
1780995613.815635,0.000996546,94714,9,760.338208
1780995613.816636,0.000995037,93266,9,749.849503
1780995613.817603,0.001005774,80300,10,638.712076
1780995613.818588,0.000993858,106628,14,858.295652
1780995613.819679,0.001012582,96294,11,760.779868
1780995613.820750,0.001000094,85960,8,687.615364
1780995613.821574,0.000987155,93266,9,755.836723
1780995613.822582,0.001002829,93266,9,744.023158
1780995613.823612,0.001004847,83064,8,661.306647
1780995613.824622,0.000993845,94714,9,762.404600
1780995613.825638,0.001001028,90304,8,721.690103
1780995613.826605,0.001007617,88922,9,705.998410
1780995613.827707,0.001002528,93266,9,744.246545
1780995613.828647,0.000995214,81616,8,656.067941
1780995613.829624,0.001000146,99058,9,792.348317
1780995613.830568,0.000992000,78720,8,634.838710
1780995613.831731,0.001003183,97610,9,778.402345
1780995613.832662,0.001000120,90370,9,722.873255
1780995613.833703,0.001002607,96162,9,767.295660
1780995613.834615,0.001004699,87408,8,695.993526
1780995613.835612,0.000996026,78720,8,632.272652
1780995613.836585,0.000999877,94714,9,757.805210
1780995613.837578,0.001002953,93266,9,743.931171
1780995613.838588,0.000991895,83064,8,669.941879
1780995613.839674,0.001004640,93200,8,742.156394
1780995613.840577,0.001001263,94714,9,756.756217
1780995613.841572,0.000992674,84512,8,681.085633
1780995613.842722,0.001013099,94714,9,747.915061
1780995613.843611,0.000994995,83064,8,667.854612
1780995613.844719,0.001005206,103468,10,823.457082
1780995613.845755,0.000998066,83064,8,665.799657
1780995613.846645,0.000988774,93266,9,754.599130
1780995613.847605,0.001010301,85960,8,680.668434
1780995613.848635,0.000990267,90304,8,729.532540
1780995613.849639,0.001006975,86026,9,683.440999
1780995613.850664,0.001006437,90304,8,717.811448
1780995613.851732,0.000998001,94780,10,759.758758
1780995613.852670,0.000988867,103732,14,839.198800
1780995613.853616,0.000999161,87540,10,700.908062
1780995613.854637,0.001005377,94978,13,755.760277
1780995613.855623,0.001005184,106562,13,848.099452
1780995613.856632,0.000989078,86026,9,695.807611
1780995613.857631,0.001000214,91818,9,734.386841
1780995613.858588,0.001000259,94714,9,757.515803
1780995613.859649,0.001006469,84512,8,671.750446
1780995613.860583,0.001002843,93266,9,744.012772
1780995613.861599,0.000998348,83064,8,665.611590
1780995613.862631,0.000997681,103468,10,829.668000
1780995613.863621,0.000994352,78720,8,633.337088
1780995613.864643,0.001000819,100902,15,806.555431
1780995613.865655,0.001005710,90502,11,719.905341
1780995613.866820,0.001001594,88922,9,710.243871
1780995613.867617,0.000996292,93412,10,750.077287
1780995613.868614,0.000995709,93266,9,749.343433
1780995613.869599,0.001009828,94714,9,750.337681
1780995613.870616,0.001001864,87408,8,697.962997
1780995613.871609,0.000999472,90370,9,723.341925
1780995613.872645,0.000997978,87474,9,701.209846
1780995613.873805,0.001000193,100902,15,807.060237
1780995613.874609,0.000997395,88988,10,713.763354
1780995613.875723,0.000994506,94714,9,761.897867
1780995613.876613,0.000998913,91818,9,735.343318
1780995613.877579,0.001012683,91818,9,725.344456
1780995613.878587,0.000987417,81616,8,661.248490
1780995613.879758,0.001000889,94768,10,757.470609
1780995613.880667,0.001011205,102350,15,809.727009
1780995613.881623,0.000996367,84578,9,679.091138
1780995613.882603,0.000999596,96340,10,771.031497
1780995613.883713,0.000992593,85960,8,692.811656
1780995613.884578,0.001000378,93266,9,745.846070
1780995613.885591,0.001008950,91818,9,728.028148
1780995613.886580,0.000989493,84578,9,683.808779
1780995613.887619,0.001010360,105246,15,833.334653
1780995613.888589,0.000990165,90436,10,730.674181
1780995613.889572,0.001010452,97676,10,773.325205
1780995613.890599,0.001001458,84512,8,675.111687
1780995613.891591,0.000987690,93266,9,755.427310
1780995613.892670,0.001007572,84512,8,671.015074
1780995613.893625,0.000999890,87408,8,699.340928
1780995613.894592,0.001000917,102020,10,815.412267
1780995613.895640,0.000996718,81616,8,655.077966
1780995613.896581,0.000995077,102284,14,822.320283
1780995613.897765,0.001008843,91884,10,728.628736
1780995613.898884,0.000992005,86092,10,694.286823
1780995613.899634,0.001008792,102284,14,811.140453
1780995613.900609,0.000990494,88988,10,718.736307
1780995613.901581,0.001007120,96162,9,763.857336
1780995613.902609,0.001006403,87408,8,694.815099
1780995613.903576,0.000986635,90370,9,732.753247
1780995613.904605,0.001013838,94714,9,747.369895
1780995613.905609,0.000994243,93266,9,750.448331
1780995613.906629,0.001000449,83064,8,664.213768
1780995613.907821,0.000995732,93266,9,749.326124
1780995613.908617,0.000998393,86026,9,689.315730
1780995613.909673,0.001003647,96162,9,766.500572
1780995613.910608,0.000994429,83064,8,668.234736
1780995613.911593,0.001002364,90304,8,720.728199
1780995613.912648,0.000996609,94714,9,760.290144
1780995613.913706,0.001000789,83196,10,665.043281
1780995613.914695,0.001003397,96360,12,768.270186
1780995613.915801,0.000997844,102152,12,818.981725
1780995613.916694,0.001002176,85960,8,686.186857
1780995613.917653,0.001004328,93266,9,742.912674
1780995613.918710,0.000993518,85960,8,692.166624
1780995613.919645,0.000997831,102020,10,817.934099
1780995613.920608,0.001003037,83064,8,662.499988
1780995613.921616,0.000997462,93266,9,748.026491
1780995613.922683,0.000999732,84512,8,676.277242
1780995613.923644,0.001006313,93266,9,741.447244
1780995613.925294,0.001006290,94714,9,752.975782
1780995613.925611,0.000987152,84512,8,684.895538
1780995613.926601,0.001009092,93266,9,739.405327
1780995613.928636,0.001000462,93266,9,745.783448
1780995613.929586,0.000992527,93266,9,751.745796
1780995613.930144,0.001007565,85960,8,682.516761
1780995613.930584,0.000990908,81616,8,658.918891
1780995613.931684,0.000999800,97610,9,781.036207
1780995613.932644,0.001013766,96492,14,761.453827
1780995613.933745,0.000989366,96360,12,779.165647
1780995613.934716,0.000996727,88922,9,713.711979
1780995613.935651,0.001002297,94714,9,755.975524
1780995613.936635,0.000998185,85960,8,688.930409
1780995613.937650,0.001002229,90370,9,721.352106
1780995613.938938,0.001005936,93266,9,741.725120
1780995613.939589,0.001001683,93266,9,744.874376
1780995613.940608,0.000990826,84512,8,682.355933
1780995613.941575,0.000999990,93266,9,746.135461
1780995613.942702,0.001009069,89108,12,706.457140
1780995613.943632,0.001002136,97874,13,781.323094
1780995613.944635,0.000988576,86092,10,696.695044
1780995613.945617,0.001004015,102218,13,814.473887
1780995613.946589,0.001008541,97742,11,775.314043
1780995613.947610,0.000999631,85960,8,687.933848
1780995613.948593,0.000988194,91818,9,743.319632
1780995613.949583,0.001006668,85960,8,683.124923
1780995613.950602,0.000991927,93266,9,752.200515
1780995613.951586,0.001007416,93266,9,740.635448
1780995613.952589,0.001003411,94714,9,755.136230
1780995613.953576,0.000988941,83064,8,671.943018
1780995613.954807,0.001007055,93266,9,740.900944
1780995613.955634,0.000998416,93266,9,747.311742
1780995613.956590,0.001003189,89120,12,710.693598
1780995613.957680,0.001002393,91950,11,733.843912
1780995613.958741,0.000992486,91884,10,740.637148
1780995613.959661,0.001005731,97874,13,778.530243
1780995613.960594,0.000991354,102218,13,824.875877
1780995613.961593,0.001000130,77338,9,618.623579
1780995613.962934,0.001005259,98006,15,779.946263
1780995613.964006,0.001005068,107944,12,859.197587
1780995613.964633,0.001001529,84512,8,675.063827
1780995613.965843,0.000988595,94714,9,766.453401
1780995613.967067,0.000999177,74310,7,594.969660
1780995613.967617,0.001003307,103468,10,825.015673
1780995613.968632,0.001000319,93266,9,745.890061
1780995613.969629,0.000996833,93266,9,748.498495
1780995613.970685,0.001010066,85960,8,680.826797
1780995613.971609,0.001000486,91818,9,734.187185
1780995613.972626,0.000988751,87408,8,707.219512
1780995613.973651,0.001010304,87540,10,693.177499
1780995613.974713,0.000989801,105114,13,849.576834
1780995613.975683,0.001006661,97742,11,776.761988
1780995613.976668,0.000993088,84512,8,680.801701
1780995613.977701,0.001010866,94714,9,749.567203
1780995613.978619,0.001001620,83064,8,663.437232
1780995613.979731,0.000988729,93266,9,754.633474
1780995613.980599,0.000999427,93266,9,746.555776
1780995613.981699,0.001010926,84512,8,668.788813
1780995613.982616,0.000998245,87606,11,702.080151
1780995613.983608,0.000990993,100704,12,812.954279
1780995613.984611,0.001008449,97676,10,774.861198
1780995613.985653,0.000992003,94714,9,763.820271
1780995613.986670,0.001009555,86290,13,683.786421
1780995613.987626,0.000990584,99190,11,801.062807
1780995613.988625,0.001003041,94714,9,755.414784
1780995613.989623,0.000995698,83064,8,667.383082
1780995613.990662,0.001000210,94714,9,757.552914
1780995613.991600,0.001000239,84512,8,675.934452
1780995613.992644,0.001001091,93266,9,745.314861
1780995613.993591,0.000998614,93266,9,747.163569
1780995613.994716,0.001013271,93266,9,736.355822
1780995613.995671,0.000987568,80102,7,648.882912
1780995613.996662,0.001007103,99124,10,787.399104
1780995613.997625,0.000996195,93266,9,748.977861
1780995613.998649,0.001008482,83064,8,658.923015
1780995613.999745,0.000999947,89054,11,712.469761
1780995614.000598,0.000994488,99190,11,797.918125
1780995614.001572,0.001003748,93332,10,743.867983
1780995614.002636,0.000994285,90700,14,729.770639
1780995614.003622,0.000995814,94846,11,761.957554
1780995614.004577,0.000998973,89054,11,713.164420
1780995614.005612,0.001003581,109590,15,873.591668
1780995614.006700,0.000997067,86026,9,690.232452
1780995614.007595,0.001003163,88856,8,708.606677
1780995614.008583,0.000996976,96492,14,774.277415
1780995614.009641,0.001002655,93266,9,744.152276
1780995614.010584,0.000996751,84512,8,678.299796
1780995614.011608,0.001011019,84644,10,669.771785
1780995614.012574,0.000989314,111038,15,897.898948
1780995614.013620,0.001000776,85960,8,687.146774
1780995614.014597,0.000999488,91818,9,734.920279
1780995614.015604,0.001003640,97610,9,778.047906
1780995614.016655,0.000996990,90370,9,725.142679
1780995614.017660,0.001008311,85960,8,682.011800
1780995614.018622,0.000994731,85960,8,691.322579
1780995614.019680,0.000998883,90370,9,723.768449
1780995614.020580,0.000996697,85960,8,689.958934
1780995614.021575,0.001008208,103402,9,820.481488
1780995614.022658,0.001001612,85894,7,686.046094
1780995614.023663,0.000991517,88922,9,717.462232
1780995614.024639,0.000999012,85960,8,688.360100
1780995614.025607,0.000999770,91818,9,734.712984
1780995614.026587,0.000999675,94714,9,757.958336
1780995614.027682,0.001012977,89054,11,703.305208
1780995614.028580,0.000992649,100770,13,812.129967
1780995614.029613,0.000994996,94780,10,762.053315
1780995614.030595,0.000999462,81616,8,653.279464
1780995614.031588,0.001002478,94714,9,755.839031
1780995614.032591,0.001005236,93266,9,742.241623
1780995614.033667,0.001003636,85960,8,685.188654
1780995614.035348,0.000990510,84512,8,682.573624
1780995614.035700,0.001008146,104916,10,832.546080
1780995614.036708,0.000990955,73126,11,590.347695
1780995614.037724,0.000999144,102086,11,817.387684
1780995614.039116,0.001000758,97676,10,780.816141
1780995614.039781,0.000999658,80168,8,641.563415
1780995614.040799,0.001007816,96162,9,763.329814
1780995614.042291,0.001000141,83064,8,664.418317
1780995614.042639,0.001004046,96162,9,766.195971
1780995614.043647,0.000989024,84512,8,683.599185
1780995614.044622,0.001008818,90304,8,716.117278
1780995614.045646,0.000996622,97610,9,783.526753
1780995614.046592,0.001001260,88922,9,710.480794
1780995614.047581,0.000996845,85960,8,689.856497
1780995614.048567,0.001004151,91818,9,731.507512
1780995614.049560,0.001001239,94714,9,756.774357
1780995614.050583,0.000990400,88856,8,717.738288
1780995614.051597,0.000998965,90370,9,723.709039
1780995614.052591,0.001009479,85960,8,681.222690
1780995614.053567,0.000993085,90370,9,727.994079
1780995614.054606,0.001002949,94714,9,755.484077
1780995614.055609,0.001005827,93266,9,741.805499
1780995614.056581,0.000989191,80168,8,648.352037
1780995614.057562,0.001006096,96096,8,764.109986
1780995614.058594,0.000994624,84512,8,679.750338
1780995614.059599,0.001002095,94714,9,756.127912
1780995614.060576,0.000999725,83262,11,666.279227
1780995614.061568,0.000996525,108010,13,867.093149
1780995614.062602,0.001003095,90370,9,720.729343
1780995614.063584,0.000998006,96162,9,770.833041
1780995614.064598,0.001003307,83196,10,663.374221
1780995614.065615,0.001006321,105246,15,836.679350
1780995614.066615,0.000990828,93398,11,754.100611
1780995614.067597,0.001001313,83328,12,665.749870
1780995614.068588,0.000999210,102152,12,817.862111
1780995614.069572,0.000998080,93332,10,748.092337
1780995614.070791,0.001003476,83064,8,662.210157
1780995614.071620,0.000999180,81616,8,653.463840
1780995614.072583,0.001009848,97610,9,773.264887
1780995614.073652,0.000991862,90370,9,728.891721
1780995614.074612,0.000999963,83262,11,666.120646
1780995614.075676,0.000996769,102218,13,820.394695
1780995614.076584,0.001000144,103534,11,828.152746
1780995614.077579,0.001006912,91818,9,729.501684
1780995614.078611,0.000998235,84512,8,677.291419
1780995614.079675,0.001001307,84512,8,675.213496
1780995614.080588,0.001004795,100902,15,803.363870
1780995614.081588,0.000995194,94846,11,762.432249
1780995614.082612,0.001007006,86224,12,684.992939
1780995614.083598,0.000990831,109590,15,884.833034
1780995614.084563,0.000997906,86026,9,689.652132
1780995614.085672,0.001008384,96162,9,762.899848
1780995614.086618,0.000998454,87408,8,700.346736
1780995614.087612,0.000999292,90370,9,723.472218
1780995614.088579,0.000991668,93266,9,752.396972
1780995614.089597,0.000999012,83064,8,665.169187
1780995614.090626,0.001001006,94714,9,756.950508
1780995614.091607,0.001000103,90304,8,722.357597
1780995614.092585,0.001011164,87408,8,691.543607
1780995614.093557,0.000987311,98006,15,794.124648
1780995614.094584,0.001002186,99190,11,791.789149
1780995614.095610,0.001003925,72862,7,580.617078
1780995614.096582,0.000997918,106364,10,852.687295
1780995614.097565,0.001000907,83064,8,663.909834
1780995614.098600,0.000995966,105246,15,845.378256
1780995614.099602,0.001007965,97742,11,775.757095
1780995614.100564,0.000996117,80234,9,644.374105
1780995614.101578,0.000995547,92016,12,739.420640
1780995614.102583,0.001013617,102086,11,805.716558
1780995614.103696,0.000992311,87474,9,705.214393
1780995614.104601,0.001001508,96228,10,768.664853
1780995614.105565,0.000998788,93266,9,747.033404
1780995614.106598,0.000993780,84512,8,680.327638
1780995614.107607,0.001006242,93266,9,741.499560
1780995614.108591,0.000994859,85960,8,691.233632
1780995614.109591,0.001004991,91950,11,731.946853
1780995614.110607,0.000994429,105114,13,845.622966
1780995614.111657,0.001004568,93332,10,743.260785
1780995614.112581,0.000995238,86026,9,691.500927
1780995614.113579,0.000999700,96162,9,769.526858
1780995614.114597,0.001011302,81550,7,645.108978
1780995614.115593,0.000999296,94714,9,758.245805
1780995614.116617,0.000995025,93266,9,749.858546
1780995614.117612,0.000995133,84512,8,679.402653
1780995614.118608,0.001010044,94714,9,750.177220
1780995614.119592,0.000990373,81616,8,659.274839
1780995614.120603,0.001011787,99058,9,783.232044
1780995614.121587,0.000999647,90370,9,723.215295
1780995614.122594,0.000993648,84512,8,680.418015
1780995614.123594,0.000993994,78786,9,634.096383
1780995614.124567,0.001010027,105114,13,832.563882
1780995614.125583,0.000994127,87474,9,703.926158
1780995614.126608,0.000996959,94714,9,760.023231
1780995614.127607,0.001011711,88856,8,702.619622
1780995614.128579,0.000987375,88922,9,720.471958
1780995614.129558,0.001001688,93266,9,744.870658
1780995614.130610,0.001012114,93266,9,737.197588
1780995614.131578,0.000990960,84512,8,682.263664
1780995614.132588,0.001006590,93266,9,741.243207
1780995614.133572,0.000992938,85960,8,692.570936
1780995614.134608,0.000995784,88922,9,714.387859
1780995614.135592,0.001005625,97676,10,777.037166
1780995614.136592,0.000997704,10202,1,81.803822
1780995614.137557,0.000998333,0,0,0.000000
1780995614.138593,0.000997553,0,0,0.000000
1780995614.139603,0.001014210,0,0,0.000000
1780995614.140577,0.000986489,0,0,0.000000
1780995614.141585,0.001013776,45152,4,356.307508
1780995614.142610,0.000993962,110642,9,890.512917
1780995614.143600,0.000999183,125320,12,1003.379761
1780995614.144579,0.000994944,116566,11,937.266821
1780995614.145574,0.001001878,106364,10,849.316983
1780995614.146611,0.000997572,90370,9,724.719619
1780995614.147567,0.001001933,85960,8,686.353279
1780995614.148598,0.000996576,94714,9,760.315320
1780995614.149564,0.001004355,81616,8,650.096828
1780995614.150600,0.001005943,97610,9,776.266647
1780995614.151602,0.000994525,90370,9,726.939996
1780995614.152569,0.001002967,83064,8,662.546225
1780995614.153594,0.000994722,93200,8,749.556157
1780995614.154606,0.001001379,85960,8,686.732995
1780995614.155609,0.001005481,91752,8,730.014789
1780995614.156688,0.001003315,94648,8,754.682228
1780995614.157582,0.000987469,94714,9,767.327379
1780995614.158602,0.001002945,83064,8,662.560759
1780995614.159585,0.001003931,93266,9,743.206455
1780995614.160606,0.001005477,93596,14,744.689337
1780995614.161582,0.000995652,94912,12,762.611836
1780995614.162606,0.001000582,87474,9,699.384958
1780995614.163590,0.000991025,90568,12,731.105673
1780995614.164605,0.001010394,99190,11,785.356999
1780995614.165581,0.000999564,94714,9,758.042507
1780995614.166606,0.000997066,93266,9,748.323581
1780995614.167579,0.000998296,81814,11,655.629192
1780995614.168608,0.001001225,106628,14,851.980324
1780995614.169633,0.001008468,84578,9,670.942459
1780995614.170601,0.000987962,94714,9,766.944478
1780995614.171603,0.001000739,84512,8,675.596734
1780995614.172633,0.001005314,96162,9,765.229570
1780995614.173700,0.000991292,84446,7,681.502524
1780995614.174629,0.001014624,90370,9,712.539818
1780995614.175609,0.000987636,97676,10,791.190277
1780995614.176693,0.001006032,88922,9,707.110708
1780995614.177627,0.000991427,87408,8,705.310628
1780995614.178607,0.001000438,90370,9,722.643482
1780995614.179626,0.001005426,97610,9,776.665811
1780995614.180632,0.000995781,83064,8,667.327455
1780995614.181600,0.001003231,99058,9,789.911795
1780995614.182601,0.000998154,90304,8,723.768076
1780995614.183671,0.001001814,87738,13,700.633052
1780995614.184683,0.000996080,87474,9,702.545980
1780995614.185616,0.000998508,84578,9,677.635031
1780995614.186632,0.001007200,97610,9,775.297855
1780995614.187646,0.000994301,90370,9,727.103764
1780995614.188632,0.001004218,84512,8,673.256205
1780995614.189604,0.001004821,99058,9,788.661861
1780995614.190605,0.000990786,88922,9,717.991574
1780995614.191644,0.001004076,83064,8,661.814444
1780995614.192621,0.001001341,94714,9,756.697269
1780995614.193621,0.001002542,93266,9,744.236152
1780995614.194672,0.000999240,77272,8,618.646171
1780995614.195594,0.001001741,96492,14,770.594395
1780995614.196586,0.000990511,109392,12,883.519719
1780995614.197572,0.001010370,84512,8,669.156844
1780995614.198615,0.000997285,93266,9,748.159252
1780995614.199677,0.001000263,93266,9,745.931820
1780995614.200619,0.001002873,87408,8,697.260770
1780995614.201581,0.000998409,93266,9,747.316981
1780995614.202836,0.000992890,90634,13,730.264178
1780995614.203624,0.000998475,96426,13,772.586194
1780995614.204555,0.000998970,84512,8,676.793097
1780995614.205571,0.001000640,103468,10,827.214583
1780995614.206588,0.001008535,81682,9,647.925952
1780995614.207600,0.001003744,97874,13,780.071413
1780995614.208582,0.000992558,103600,12,835.014175
1780995614.209577,0.000994366,85960,8,691.576341
1780995614.210605,0.001000998,93266,9,745.384107
1780995614.211595,0.001012145,83064,8,656.538342
1780995614.212581,0.000988007,93266,9,755.184933
1780995614.213563,0.000999225,94714,9,758.299682
1780995614.214614,0.001011683,88856,8,702.639068
1780995614.215610,0.000992715,87474,9,704.927396
1780995614.216589,0.001005879,84644,10,673.194291
1780995614.217561,0.000995259,102284,14,822.169908
1780995614.218611,0.000997864,93332,10,748.254271
1780995614.219610,0.001005810,84512,8,672.190573
1780995614.220677,0.000997022,102350,15,821.245670
1780995614.221615,0.001004583,99256,12,790.425480
1780995614.222608,0.000989645,83064,8,671.465020
1780995614.223615,0.001005098,96162,9,765.394021
1780995614.224578,0.000995389,93266,9,749.584333
1780995614.225564,0.001002291,83064,8,662.993083
1780995614.226608,0.001003413,93266,9,743.590127
1780995614.227593,0.001005768,88856,8,706.771343
1780995614.228600,0.001000383,88922,9,711.103647
1780995614.229572,0.000986690,94714,9,767.933191
1780995614.230612,0.001009124,88856,8,704.420864
1780995614.231601,0.000994675,88922,9,715.184357
1780995614.232591,0.000997470,84512,8,677.810861
1780995614.233609,0.000999790,102020,10,816.331430
1780995614.234587,0.001003593,80102,7,638.521791
1780995614.235588,0.001002769,93530,13,746.173845
1780995614.236658,0.000992570,102152,12,823.333367
1780995614.237615,0.001013758,90436,10,713.669337
1780995614.238602,0.000993751,99388,14,800.103849
1780995614.239583,0.000996168,94780,10,761.156753
1780995614.240586,0.001007408,90370,9,717.643696
1780995614.241769,0.000991439,84512,8,681.934037
1780995614.242608,0.000998485,93266,9,747.260099
1780995614.243652,0.001002058,85960,8,686.267661
1780995614.244642,0.001007155,102284,14,812.458857
1780995614.245631,0.001001510,93332,10,745.530249
1780995614.246618,0.001000148,94714,9,757.599875
1780995614.247580,0.000990411,84512,8,682.641853
1780995614.248588,0.001009110,94648,8,750.348327
1780995614.249582,0.000995995,92148,14,740.148294
1780995614.250585,0.000993297,97742,11,787.212687
1780995614.251642,0.001008383,89054,11,706.509332
1780995614.252615,0.000992735,102284,14,824.260251
1780995614.253605,0.001008713,90370,9,716.715260
1780995614.254600,0.000992029,85960,8,693.205541
1780995614.255606,0.001004548,93266,9,742.749973
1780995614.256560,0.000993457,84512,8,680.548831
1780995614.257592,0.001010446,94714,9,749.878766
1780995614.258599,0.000998042,84512,8,677.422393
1780995614.259722,0.000999214,90700,14,726.170770
1780995614.260598,0.000993579,106496,12,857.473840
1780995614.261581,0.000999050,84512,8,676.738902
1780995614.262648,0.001004362,93266,9,742.887525
1780995614.263672,0.000998142,89054,11,713.758163
1780995614.264630,0.001004197,94846,11,755.596760
1780995614.265620,0.000997722,90370,9,724.610663
1780995614.266600,0.001006419,94714,9,752.879268
1780995614.267611,0.000990208,90370,9,730.109230
1780995614.268618,0.001010245,88856,8,703.639216
1780995614.269712,0.000999238,87672,12,701.910856
1780995614.270591,0.000989005,103666,13,838.547833
1780995614.271636,0.001002856,97676,10,779.182654
1780995614.272630,0.000997665,87408,8,700.900603
1780995614.273608,0.000999681,100902,15,807.473584
1780995614.274594,0.000999957,93464,12,747.744153
1780995614.275690,0.001000760,87474,9,699.260562
1780995614.276596,0.000999306,93266,9,746.646172
1780995614.277571,0.001005687,85960,8,683.791279
1780995614.278623,0.000994004,80168,8,645.212695
1780995614.279597,0.001002727,85960,8,685.809797
1780995614.280624,0.001008549,93266,9,739.803421
1780995614.281575,0.000997138,93266,9,748.269547
1780995614.282593,0.000995817,93266,9,749.262164
1780995614.283647,0.000997000,94714,9,759.991976
1780995614.284645,0.000999005,87408,8,699.960461
1780995614.285618,0.001001761,69966,7,558.744052
1780995614.286598,0.000998697,101954,9,816.696155
1780995614.287693,0.001010886,96492,14,763.623198
1780995614.288645,0.000998622,100638,11,806.214964
1780995614.289612,0.000992388,87474,9,705.159675
1780995614.290611,0.001011086,93266,9,737.947118
1780995614.291600,0.000991224,94714,9,764.420555
1780995614.292556,0.000994781,81616,8,656.353509
1780995614.293553,0.001000663,96162,9,768.786295
1780995614.294605,0.001001302,81616,8,652.078993
1780995614.295594,0.000999445,97610,9,781.313629
1780995614.296602,0.001002226,90370,9,721.354265
1780995614.297603,0.000996947,85960,8,689.785916
1780995614.298589,0.001004547,94978,13,756.384719
1780995614.299747,0.000996572,102218,13,820.556869
1780995614.300673,0.001006851,84512,8,671.495584
1780995614.301594,0.000992618,93266,9,751.676879
1780995614.302665,0.001004194,84512,8,673.272296
1780995614.303636,0.000998497,93266,9,747.251118
1780995614.304588,0.000998826,96162,9,770.200215
1780995614.305598,0.000997994,91818,9,736.020457
1780995614.306613,0.001001495,84512,8,675.086745
1780995614.307692,0.001000833,87408,8,698.681998
1780995614.308755,0.000999725,90370,9,723.158869
1780995614.309654,0.001008965,94714,9,750.979469
1780995614.310605,0.000996143,93266,9,749.016958
1780995614.311614,0.001000423,85960,8,687.389234
1780995614.312592,0.000992309,102284,14,824.614107
1780995614.313567,0.001001713,91950,11,734.342072
1780995614.314680,0.001005753,90370,9,718.824602
1780995614.315731,0.000999526,89186,13,713.826354
1780995614.316685,0.000997772,105114,13,842.789736
1780995614.317621,0.000997688,86026,9,689.802824
1780995614.318665,0.001001490,96162,9,768.151454
1780995614.319619,0.000997041,81616,8,654.865748
1780995614.320759,0.001002665,92016,12,734.171433
1780995614.321785,0.001008683,105048,12,833.149761
1780995614.322653,0.000994331,87474,9,703.781739
1780995614.323623,0.001001577,87408,8,698.162997
1780995614.324599,0.000997518,186532,10,1495.968995
1780995614.325590,0.001006065,84512,8,672.020198
1780995614.326588,0.000993519,94714,9,762.654766
1780995614.327672,0.000999910,85960,8,687.741897
1780995614.328642,0.000994490,96492,14,776.212933
1780995614.329603,0.001010281,91884,10,727.591630
1780995614.330607,0.000991956,96162,9,775.534399
1780995614.331613,0.001004671,83064,8,661.422496
1780995614.332610,0.001002833,96162,9,767.122741
1780995614.333601,0.000995920,93266,9,749.184673
1780995614.334649,0.000996522,83064,8,666.831239
1780995614.335686,0.001007573,93266,9,740.520042
1780995614.336585,0.000997802,88922,9,712.943049
1780995614.337615,0.000999386,100902,15,807.711935
1780995614.338585,0.000993584,90502,11,728.691283
1780995614.339622,0.001005638,87474,9,695.868692
1780995614.340661,0.001000724,93266,9,745.588194
1780995614.341671,0.000993725,85960,8,692.022441
1780995614.342602,0.001007099,93266,9,740.868574
1780995614.343611,0.001003598,91950,11,732.962800
1780995614.344649,0.000989747,90568,12,732.049706
1780995614.345604,0.001013780,99190,11,782.733926
1780995614.346781,0.000985091,87738,13,712.527066
1780995614.347637,0.001001128,103666,13,828.393572
1780995614.348631,0.000998748,99058,9,793.457409
1780995614.349608,0.001012650,78852,10,622.935861
1780995614.350652,0.000987829,100770,13,816.092664
1780995614.351635,0.001000864,100572,10,803.881446
1780995614.352615,0.000998598,84512,8,677.045217
1780995614.353717,0.001000001,102020,10,816.159184
1780995614.354595,0.001001582,84512,8,675.028106
1780995614.355799,0.001014578,93332,10,735.927647
1780995614.356698,0.000990500,84512,8,682.580515
1780995614.357586,0.000996854,87408,8,701.470827
1780995614.358797,0.001012849,90370,9,713.788531
1780995614.359737,0.000984861,96162,9,781.121397
1780995614.360600,0.001001315,90370,9,722.010556
1780995614.361660,0.001000972,84512,8,675.439473
1780995614.362618,0.001005863,93266,9,741.778950
1780995614.363595,0.000991172,94714,9,764.460659
1780995614.364589,0.001001474,84512,8,675.100901
1780995614.365560,0.000998891,93266,9,746.956375
1780995614.366700,0.001000184,87408,8,699.135359
1780995614.367730,0.001000693,90370,9,722.459336
1780995614.368692,0.001011994,93412,10,738.439161
1780995614.369633,0.000996338,93266,9,748.870363
1780995614.370788,0.000991587,84512,8,681.832255
1780995614.371808,0.001001559,93266,9,744.966597
1780995614.372665,0.000997607,85960,8,689.329566
1780995614.373824,0.000999914,93332,10,746.720218
1780995614.374703,0.001002813,99388,14,792.873646
1780995614.375621,0.001003198,87474,9,697.561199
1780995614.376606,0.001004859,83064,8,661.298749
1780995614.377630,0.000989995,87672,12,708.464184
1780995614.378654,0.001003390,100704,12,802.910135
1780995614.379635,0.001007949,97610,9,774.721737
1780995614.383214,0.000988763,90370,9,731.176227
1780995614.383271,0.001001740,84512,8,674.921636
1780995614.383290,0.000999513,87408,8,699.604707
1780995614.390536,0.001008990,100572,10,797.407308
1780995614.390988,0.000998073,75812,8,607.666974
1780995614.391223,0.000994601,102020,10,820.590367
1780995614.391246,0.001009792,87408,8,692.483204
1780995614.391263,0.000986582,89100,10,722.494430
1780995614.391279,0.001000169,85960,8,687.563802
1780995614.391294,0.001000370,96162,9,769.011466
1780995614.391309,0.000999736,90370,9,723.150912
1780995614.391637,0.001010086,81550,7,645.885598
1780995614.392604,0.000999021,96162,9,770.049879
1780995614.393609,0.000993091,84512,8,680.799645
1780995614.394615,0.000997295,83064,8,666.314380
1780995614.395577,0.001014151,96162,9,758.561595
1780995614.396565,0.000987069,85960,8,696.688884
1780995614.397569,0.001009558,99454,15,788.099346
1780995614.398605,0.000988672,94846,11,767.461807
1780995614.399601,0.001000008,97742,11,781.929745
1780995614.400590,0.001007211,83064,8,659.754510
1780995614.401617,0.000993077,93320,10,751.764465
1780995614.403010,0.001000955,83064,8,663.877997
1780995614.403596,0.001003302,37846,3,301.771550
1780995614.404610,0.000995622,116500,10,936.098238
1780995614.405621,0.001013041,123872,12,978.219045
1780995614.406626,0.000987003,88922,9,720.743503
1780995614.407645,0.001014784,93266,9,735.257947
1780995614.408655,0.000994485,93266,9,750.265715
1780995614.409583,0.000998406,84512,8,677.175418
1780995614.410628,0.001003589,83064,8,662.135595
1780995614.411587,0.000998002,84512,8,677.449544
1780995614.412589,0.000996463,87408,8,701.746076
1780995614.413746,0.000995015,102020,10,820.248941
1780995614.414610,0.001000027,85960,8,687.661433
1780995614.415589,0.001003709,90370,9,720.288450
1780995614.416597,0.001000354,85960,8,687.436647
1780995614.417595,0.000999261,90370,9,723.494663
1780995614.418603,0.000995723,87606,11,703.858402
1780995614.419591,0.001011923,103666,13,819.556429
1780995614.420592,0.000988148,94714,9,766.800115
1780995614.421595,0.001004428,81616,8,650.049580
1780995614.422611,0.001006949,90370,9,717.970821
1780995614.423644,0.000996807,84512,8,678.261690
1780995614.424588,0.000992144,83064,8,669.773743
1780995614.425591,0.000999951,96426,13,771.445801
1780995614.426605,0.001000398,103600,12,828.470269
1780995614.427583,0.001015192,94714,9,746.373100
1780995614.428607,0.000997008,88856,8,712.981240
1780995614.429641,0.000988214,78852,10,638.339469
1780995614.430645,0.000999771,108076,14,864.806041
1780995614.431632,0.000999657,91884,10,735.324216
1780995614.432599,0.001000449,94714,9,757.371940
1780995614.433563,0.000999465,81616,8,653.277503
1780995614.434686,0.001003558,94714,9,755.025619
1780995614.435770,0.001009022,89054,11,706.061909
1780995614.436660,0.000988565,105180,14,851.173165
1780995614.437712,0.001011476,94780,10,749.637164
1780995614.438675,0.001002777,80300,10,640.620995
1780995614.439759,0.000984519,103732,14,842.905012
1780995614.440703,0.001010761,96228,10,761.628120
1780995614.441677,0.000998015,84512,8,677.440720
1780995614.442657,0.000994851,91818,9,738.345742
1780995614.443633,0.000996687,89186,13,715.859643
1780995614.444617,0.001000121,106496,12,851.864924
1780995614.445588,0.001004470,88922,9,708.210300
1780995614.446599,0.001000832,96162,9,768.656478
1780995614.447793,0.000999088,83064,8,665.118588
1780995614.448582,0.001000554,93266,9,745.714874
1780995614.449574,0.000994140,83064,8,668.428994
1780995614.450605,0.001000306,102020,10,815.910331
1780995614.451602,0.001004106,72862,7,580.512416
1780995614.452649,0.001002210,99058,9,790.716516
1780995614.453650,0.000999582,100902,15,807.553557
1780995614.454607,0.000994088,86158,11,693.363163
1780995614.455591,0.001006772,83130,9,660.566643
1780995614.456582,0.000995290,93266,9,749.658893
1780995614.457622,0.000998762,96162,9,770.249569
1780995614.458707,0.000999452,81616,8,653.286001
1780995614.459708,0.001000150,97610,9,780.762886
1780995614.460668,0.000999610,90370,9,723.242064
1780995614.461589,0.001006478,84512,8,671.744440
1780995614.462616,0.000994527,75758,7,609.399242
1780995614.463624,0.001000057,100572,10,804.530142
1780995614.464643,0.000998428,85960,8,688.762735
1780995614.465623,0.001013050,93266,9,736.516460
1780995614.466696,0.000987543,84512,8,684.624366
1780995614.467607,0.001000533,91818,9,734.152697
1780995614.468598,0.001005348,94714,9,753.681312
1780995614.469609,0.001006860,88856,8,706.004807
1780995614.470608,0.000995708,90370,9,726.076320
1780995614.471597,0.000992064,84512,8,681.504419
1780995614.472641,0.001003248,90370,9,720.619428
1780995614.473612,0.001006690,83262,11,661.669432
1780995614.474610,0.000996390,106562,13,855.584661
1780995614.475588,0.000993939,97610,9,785.641775
1780995614.476614,0.000999670,90370,9,723.198656
1780995614.477767,0.001000098,85960,8,687.612614
1780995614.479052,0.001010811,85960,8,680.325006
1780995614.479795,0.000996101,91818,9,737.419197
1780995614.480607,0.000999723,92016,12,736.331964
1780995614.481560,0.000993066,103600,12,834.587026
1780995614.482617,0.001010948,99124,10,784.404341
1780995614.483603,0.000991567,80168,8,646.798451
1780995614.484591,0.001004855,94714,9,754.051082
1780995614.485590,0.000996972,93266,9,748.394137
1780995614.486663,0.000999673,85960,8,687.904945
1780995614.487604,0.001000938,93266,9,745.428788
1780995614.488589,0.000995011,81616,8,656.201791
1780995614.489572,0.001005674,99058,9,787.992928
1780995614.490593,0.000994289,90370,9,727.112540
1780995614.491596,0.001004035,83064,8,661.841470
1780995614.492591,0.000999147,93266,9,746.764991
1780995614.493565,0.000998535,97610,9,782.025668
1780995614.494595,0.001002624,81616,8,651.219201
1780995614.495610,0.001008817,93266,9,739.606886
1780995614.496595,0.000987965,87408,8,707.782158
1780995614.497559,0.000998558,90370,9,724.004014
1780995614.499156,0.001004376,83064,9,661.616765
1780995614.499601,0.000996219,70164,10,563.442376
1780995614.500607,0.001004365,103666,13,825.723716
1780995614.501556,0.000995810,99190,11,796.858839
1780995614.502602,0.001008521,84512,8,670.383661
1780995614.503603,0.000995215,179226,9,1440.701758
1780995614.504604,0.000998040,93266,9,747.593283
1780995614.505571,0.000997769,83064,8,665.997841
1780995614.506597,0.001002244,93266,9,744.457438
1780995614.507592,0.000998213,96162,9,770.673193
1780995614.508620,0.001001721,93266,9,744.846120
1780995614.509702,0.001008076,83064,8,659.188395
1780995614.510615,0.001001418,84512,9,675.138653
1780995614.511603,0.000992773,84512,8,681.017715
1780995614.512594,0.000998498,93266,9,747.250370
1780995614.513569,0.001004608,84710,11,674.571574
1780995614.514606,0.000992777,108010,13,870.366658
1780995614.515615,0.001010801,91818,9,726.694968
1780995614.516576,0.000988837,85960,8,695.443233
1780995614.517662,0.001001457,90370,9,721.908180
1780995614.518604,0.001005297,87408,8,695.579515
1780995614.519631,0.001000075,95044,14,760.294978
1780995614.520657,0.000992855,102086,11,822.565229
1780995614.521644,0.001007376,87408,8,694.143994
1780995614.522665,0.000997015,88922,9,713.505815
1780995614.523582,0.000997477,99322,13,796.585786
1780995614.524615,0.001011573,90502,11,715.732824
1780995614.525612,0.000992567,94780,10,763.918204
1780995614.526619,0.001001118,93266,9,745.294760
1780995614.527569,0.000993741,84512,8,680.354338
1780995614.528573,0.001000252,93266,9,745.940023
1780995614.529557,0.001003727,90568,12,721.853651
1780995614.530637,0.001001655,90502,11,722.819733
1780995614.531592,0.000996994,103600,12,831.298884
1780995614.532584,0.000997649,93266,9,747.886281
1780995614.533564,0.001008317,93266,9,739.973639
1780995614.534595,0.000992670,84512,8,681.088378
1780995614.535617,0.001004669,93266,9,742.660518
1780995614.536623,0.000994937,84512,8,679.536493
1780995614.537705,0.000997939,94714,9,759.276870
1780995614.538624,0.001002756,84512,8,674.237801
1780995614.539597,0.001001823,103798,15,828.872965
1780995614.540679,0.000997003,93398,11,749.430042
1780995614.541727,0.001007380,84512,8,671.142965
1780995614.542687,0.000992372,93266,9,751.863213
1780995614.543642,0.001010877,97610,9,772.477759
1780995614.544631,0.001004247,90370,9,719.902574
1780995614.545631,0.000983690,84512,8,687.305960
1780995614.546593,0.001008866,84512,8,670.154411
1780995614.547601,0.000995647,93596,14,752.041637
1780995614.548747,0.001006024,100638,11,800.283095
1780995614.549592,0.000990836,97676,10,788.635052
1780995614.550585,0.000998977,84512,8,676.788354
1780995614.551612,0.001014039,93266,9,735.798130
1780995614.552606,0.000988713,85960,8,695.530452
1780995614.553703,0.000999846,93266,9,746.242921
1780995614.554595,0.001001799,96162,9,767.914522
1780995614.555638,0.001002040,95044,14,758.804040
1780995614.556611,0.001009650,97808,12,774.985391
1780995614.557647,0.000983523,80168,8,652.088462
1780995614.558617,0.001001592,100572,10,803.297151
1780995614.559649,0.001004460,84512,8,673.094001
1780995614.560646,0.000998967,93266,9,746.899547
1780995614.561596,0.001000779,83064,8,663.994748
1780995614.562671,0.000996808,96162,9,771.759456
1780995614.563646,0.000998663,93266,9,747.126909
1780995614.564713,0.001011161,83064,8,657.177245
1780995614.565610,0.000996072,94714,9,760.700030
1780995614.566703,0.001006047,83064,8,660.517849
1780995614.567624,0.000985504,93266,9,757.102965
1780995614.568618,0.001008072,94714,9,751.644724
1780995614.569707,0.000998533,81682,9,654.416028
1780995614.570607,0.001007805,108142,15,858.435908
1780995614.571653,0.000985764,90370,9,733.400692
1780995614.572611,0.001000411,87540,10,700.032287
1780995614.573588,0.001009192,108142,15,857.256102
1780995614.574592,0.000991106,89054,11,718.825232
1780995614.575625,0.000999912,85960,8,687.740521
1780995614.576630,0.001002784,93266,9,744.056547
1780995614.577582,0.000996299,84512,8,678.607526
1780995614.578594,0.001008631,94714,9,751.228150
1780995614.579624,0.000993256,93266,9,751.194053
1780995614.580607,0.001012552,83064,8,656.274443
1780995614.581640,0.000994225,94714,9,762.113204
1780995614.582635,0.000991766,93266,9,752.322624
1780995614.583592,0.001008013,93266,9,740.196803
1780995614.584631,0.001001207,84512,8,675.280936
1780995614.585585,0.000991078,93266,9,752.844882
1780995614.586586,0.001007924,71546,9,567.868212
1780995614.587649,0.001003465,112420,14,896.254478
1780995614.588588,0.000988242,100638,11,814.683043
1780995614.589689,0.001000690,83064,8,664.053803
1780995614.590674,0.001000083,93266,9,746.066077
1780995614.591594,0.001001167,96162,9,768.399278
1780995614.592738,0.001001171,81616,8,652.164316
1780995614.593613,0.001001625,94714,9,756.482716
1780995614.594641,0.000998577,85960,8,688.659963
1780995614.595613,0.001005246,90370,9,719.187144
1780995614.596598,0.000992000,96162,9,775.500000
1780995614.597605,0.001009504,81616,8,646.780993
1780995614.598604,0.000995436,99058,9,796.097388
1780995614.599589,0.000997497,78720,8,631.340245
1780995614.600617,0.001002861,94714,9,755.550370
1780995614.601616,0.001001775,93266,9,744.805969
1780995614.602607,0.001005575,84512,8,672.347662
1780995614.603636,0.000986788,88856,8,720.365469
1780995614.604638,0.001000445,94978,13,759.486029
1780995614.605584,0.001001387,102218,13,816.611360
1780995614.606679,0.001006686,93266,9,741.172521
1780995614.607621,0.001000356,85960,8,687.435273
1780995614.608693,0.001003709,99124,10,790.061661
1780995614.609632,0.000988761,87408,8,707.212360
1780995614.610608,0.001010730,90370,9,715.284992
1780995614.611634,0.000997493,83064,8,666.182119
1780995614.612680,0.001000154,96162,9,769.177547
1780995614.613655,0.000999991,81550,7,652.405872
1780995614.614704,0.001002990,96162,9,767.002662
1780995614.615655,0.000993323,93266,9,751.143384
1780995614.616649,0.000998727,93266,9,747.079032
1780995614.617632,0.000995035,83064,8,667.827765
1780995614.618657,0.001002666,94714,9,755.697311
1780995614.619650,0.001009388,85960,8,681.284105
1780995614.620692,0.000994064,89054,11,716.686250
1780995614.621698,0.000995029,103666,13,833.471185
1780995614.622610,0.001001284,99190,11,792.502427
1780995614.623584,0.000998548,83064,8,665.478274
1780995614.624579,0.001003645,93266,9,743.418241
1780995614.625593,0.000995404,87408,8,702.492656
1780995614.626599,0.001005375,90370,9,719.094865
1780995614.627666,0.001006348,94714,9,752.932385
1780995614.628675,0.000994495,88856,8,714.782880
1780995614.629676,0.000995915,90370,9,725.925405
1780995614.630683,0.000998456,81616,8,653.937680
1780995614.631628,0.001004028,93266,9,743.134654
1780995614.632623,0.000995500,86158,11,692.379709
1780995614.633597,0.001006201,103666,13,824.217030
1780995614.634593,0.000993621,93332,10,751.449496
1780995614.635593,0.001000679,98006,15,783.515993
1780995614.636673,0.001009244,94846,11,751.818193
1780995614.637633,0.001003246,94714,9,755.260425
1780995614.638609,0.000990680,93266,9,753.147333
1780995614.639601,0.000999923,83064,8,664.563171
1780995614.640569,0.001004915,88922,9,707.896688
1780995614.641560,0.000992707,99388,14,800.945294
1780995614.642612,0.001011323,94846,11,750.272663
1780995614.643681,0.000987726,85960,8,696.225471
1780995614.644646,0.001005907,93266,9,741.746503
1780995614.645627,0.001000974,93266,9,745.401978
1780995614.646618,0.000995901,88856,8,713.773759
1780995614.647626,0.000998475,88922,9,712.462505
1780995614.648647,0.001011890,93266,9,737.360780
1780995614.649625,0.000992471,93266,9,751.788213
1780995614.650596,0.001001081,87408,8,698.508912
1780995614.651600,0.000999134,90370,9,723.586626
1780995614.652579,0.000994296,85960,8,691.625029
1780995614.653710,0.000999964,96162,9,769.323696
1780995614.654606,0.001007680,90370,9,717.449984
1780995614.655587,0.000997083,83064,8,666.456052
1780995614.656585,0.001003818,93266,9,743.290118
1780995614.657619,0.000993431,87408,8,703.887839
1780995614.658603,0.000997772,100572,10,806.372598
1780995614.659574,0.000999774,84512,8,676.248832
1780995614.660621,0.001005645,93266,9,741.939750
1780995614.661619,0.000996236,83064,8,667.022673
1780995614.662625,0.001009404,97610,9,773.605018
1780995614.663577,0.000989406,90370,9,730.701047
1780995614.664588,0.000999212,85960,8,688.222319
1780995614.665571,0.001011374,93266,9,737.736980
1780995614.666619,0.000994648,83064,8,668.087605
1780995614.667596,0.000995220,83064,8,667.703623
1780995614.668565,0.001001021,94714,9,756.939165
1780995614.669555,0.000997860,83064,8,665.937105
1780995614.670601,0.001000221,93266,9,745.963142
1780995614.671560,0.001000550,96162,9,768.873120
1780995614.672601,0.001009341,83064,8,658.362238
1780995614.673633,0.000989653,93266,9,753.928902
1780995614.674629,0.001013749,88922,9,701.727943
1780995614.675601,0.000988658,99388,14,804.225526
1780995614.676579,0.001000109,94846,11,758.685303
1780995614.677556,0.000997482,94714,9,759.624735
1780995614.678599,0.001000583,84512,8,675.702066
1780995614.679581,0.001003820,93266,9,743.288637
1780995614.680638,0.001001697,83064,8,663.386234
1780995614.681597,0.000994118,93266,9,750.542692
1780995614.682602,0.001001509,94714,9,756.570335
1780995614.683594,0.001002134,93266,9,744.539153
1780995614.684638,0.000996198,87408,8,701.932748
1780995614.685688,0.001005569,90370,9,718.956133
1780995614.686786,0.000995848,83064,8,667.282557
1780995614.687726,0.001005264,99058,9,788.314313
1780995614.688684,0.001005500,89186,13,709.585281
1780995614.689653,0.000988014,102152,12,827.129980
1780995614.690722,0.001000557,88922,9,710.979984
1780995614.691589,0.000999536,87474,9,700.116854
1780995614.692656,0.001000587,100836,14,806.214752
1780995614.693619,0.001005225,94780,10,754.298789
1780995614.694742,0.000997385,93266,9,748.084240
1780995614.695651,0.000998032,84512,8,677.429181
1780995614.696573,0.001010638,96228,10,761.720814
1780995614.697631,0.000995916,81616,8,655.605493
1780995614.698699,0.001003704,176330,9,1405.434271
1780995614.699698,0.000998918,93266,9,746.936185
1780995614.700749,0.000991801,85960,8,693.364899
1780995614.701633,0.000997845,94978,13,761.464957
1780995614.702588,0.001003453,96294,11,767.701128
1780995614.703631,0.001000479,88988,10,711.563161
1780995614.704598,0.000995888,102284,14,821.650627
1780995614.705568,0.001010010,97676,10,773.663627
1780995614.706588,0.000991822,85960,8,693.350218
1780995614.707623,0.001006742,93266,9,741.131293
1780995614.708603,0.001002306,83064,8,662.983161
1780995614.709576,0.000994863,100506,9,808.199722
1780995614.710690,0.001005908,89186,13,709.297471
1780995614.711599,0.000990967,91950,11,742.305243
1780995614.712621,0.000998275,97610,9,782.229346
1780995614.713600,0.001011429,93266,9,737.696863
1780995614.714630,0.000989604,83064,8,671.492840
1780995614.715575,0.000998306,67136,8,537.999371
1780995614.716650,0.001000961,90568,12,723.848382
1780995614.717692,0.001004916,112288,12,893.909541
1780995614.718826,0.000997196,100704,12,807.897344
1780995614.719702,0.001009645,102284,14,810.455160
1780995614.720753,0.000995513,96294,11,773.824149
1780995614.721593,0.001003717,84512,8,673.592258
1780995614.722592,0.000989917,90370,9,730.323855
1780995614.723607,0.001003521,96162,9,766.596813
1780995614.724595,0.000998959,81616,8,653.608406
1780995614.725575,0.000997657,94714,9,759.491489
1780995614.726610,0.001005826,93266,9,741.806237
1780995614.727586,0.000998095,85960,8,688.992531
1780995614.728590,0.000997481,93266,9,748.012243
1780995614.729672,0.000997093,96162,9,771.538863
1780995614.730598,0.001007762,80168,8,636.404230
1780995614.731622,0.000995923,93266,9,749.182417
1780995614.732600,0.000996395,87408,8,701.793967
1780995614.733556,0.000999613,90370,9,723.239894
1780995614.734603,0.001000438,94714,9,757.380267
1780995614.735643,0.001005658,93266,9,741.930159
1780995614.736601,0.000993535,84512,8,680.495403
1780995614.737559,0.001000423,94714,9,757.391623
1780995614.738600,0.000999632,81616,8,653.168366
1780995614.739563,0.001000156,90370,9,722.847236
1780995614.740596,0.001003916,93596,14,745.847262
1780995614.741603,0.000996251,103666,13,832.448851
1780995614.742654,0.001006910,90370,9,717.998629
1780995614.743613,0.001000051,97610,9,780.840177
1780995614.744599,0.000992570,90370,9,728.371802
1780995614.745599,0.001011962,83064,8,656.657068
1780995614.746644,0.000989888,85960,8,694.704855
1780995614.747619,0.001000665,95044,14,759.846702
1780995614.748635,0.001006649,93332,10,741.724275
1780995614.749592,0.000991069,99124,10,800.138033
1780995614.750587,0.000999773,84512,8,676.249509
1780995614.751623,0.001001039,85894,7,686.438790
1780995614.752650,0.001004701,102350,15,814.968832
1780995614.753592,0.000995311,97808,12,786.150259
1780995614.754646,0.000999800,78918,11,631.470294
1780995614.755613,0.001014062,106562,13,840.674436
1780995614.756760,0.000996221,93332,10,749.488316
1780995614.757622,0.000999814,93266,9,746.266806
1780995614.758616,0.000993193,77206,7,621.881145
1780995614.759605,0.001002075,103468,10,826.029988
1780995614.760599,0.001006205,76022,11,604.425540
1780995614.761670,0.000994302,115250,13,927.283662
1780995614.762745,0.001003447,83064,8,662.229296
1780995614.763699,0.000999154,90436,10,724.100589
1780995614.764625,0.000998660,89120,12,713.916648
1780995614.765649,0.000992956,108010,13,870.209758
1780995614.766634,0.001008684,88856,8,704.728141
1780995614.767702,0.000994190,90370,9,727.184945
1780995614.768572,0.000997650,90502,11,725.721445
1780995614.769559,0.000998983,102218,13,818.576492
1780995614.770608,0.001012106,93266,9,737.203415
1780995614.771602,0.000987853,93266,9,755.302661
1780995614.772567,0.001003886,83196,10,662.991615
1780995614.773642,0.001000724,99388,14,794.528761
1780995614.774651,0.001010209,102152,12,808.957354
1780995614.775640,0.000986165,50944,4,413.269585
1780995614.776603,0.001010892,125320,12,991.757774
1780995614.777587,0.000988200,97610,9,790.204412
1780995614.778896,0.001016004,67334,11,530.186889
1780995614.779661,0.000984812,108010,13,877.406043
1780995614.780629,0.001008532,97676,10,774.797428
1780995614.781650,0.000991076,81616,8,658.807195
1780995614.782699,0.001000345,90304,8,722.182847
1780995614.783611,0.000998946,97676,10,782.232473
1780995614.784620,0.000999885,87408,8,699.344425
1780995614.785617,0.001011646,90370,9,714.637334
1780995614.786659,0.000997501,93266,9,747.997245
1780995614.787653,0.001001042,88856,8,710.108067
1780995614.788633,0.000992292,90370,9,728.575863
1780995614.789603,0.001006416,88856,8,706.316275
1780995614.790583,0.000991881,88922,9,717.198938
1780995614.791601,0.001006112,86026,9,684.027226
1780995614.792584,0.000992838,95044,14,765.836924
1780995614.793596,0.001000093,99256,12,793.974160
1780995614.794676,0.001003093,88856,8,708.656127
1780995614.795663,0.000997979,84512,8,677.465157
1780995614.796591,0.000999470,83064,8,664.864378
1780995614.797565,0.001011942,93266,9,737.322890
1780995614.798671,0.000992881,96162,9,774.811886
1780995614.799693,0.000996790,81616,8,655.030648
1780995614.800651,0.001010552,99058,9,784.189235
1780995614.801637,0.000993868,88922,9,715.765071
1780995614.802589,0.000993496,94714,9,762.672421
1780995614.803616,0.001006998,83064,8,659.894061
1780995614.804659,0.000996984,99058,9,794.861302
1780995614.805615,0.000999907,73126,11,585.062411
1780995614.806636,0.000996385,103600,12,831.806982
1780995614.807629,0.001003350,87474,9,697.455524
1780995614.808599,0.001001854,95044,14,758.944916
1780995614.809575,0.001002501,105048,12,838.287443
1780995614.810645,0.000992698,90370,9,728.277885
1780995614.811611,0.001001740,84512,8,674.921636
1780995614.812692,0.000998232,96162,9,770.658524
1780995614.813569,0.000999673,91818,9,734.784274
1780995614.814704,0.001000714,88856,8,710.340817
1780995614.815707,0.001012872,88922,9,702.335537
1780995614.816666,0.000986143,93266,9,756.612378
1780995614.817627,0.001008806,85960,8,681.677151
1780995614.818666,0.000992883,89186,13,718.602293
1780995614.819609,0.001011584,91884,10,726.654435
1780995614.820565,0.000990122,105180,14,849.834667
1780995614.821581,0.001001385,94912,12,758.245830
1780995614.822608,0.001005945,91884,10,730.727823
1780995614.823594,0.000989188,91818,9,742.572696
1780995614.824606,0.001012810,95110,15,751.256405
1780995614.825674,0.000995309,91950,11,739.066963
1780995614.826601,0.000994198,96228,10,774.316585
1780995614.827614,0.001008844,92016,12,729.674756
1780995614.828584,0.000996525,103600,12,831.690123
1780995614.829574,0.000992208,80366,11,647.977037
1780995614.830604,0.001000523,106628,14,852.578102
1780995614.831614,0.001002018,91884,10,733.591612
1780995614.832596,0.000997155,94714,9,759.873841
1780995614.833667,0.001010061,83064,8,657.892939
1780995614.834619,0.000991177,97610,9,787.831033
1780995614.835588,0.001004461,90370,9,719.749199
1780995614.836563,0.000995570,83064,8,667.468887
1780995614.837601,0.001008992,96162,9,762.440138
1780995614.838660,0.000990668,93266,9,753.156456
1780995614.839607,0.001002419,87408,8,697.576562
1780995614.840582,0.000997426,90370,9,724.825701
1780995614.841669,0.001013021,84512,8,667.405710
1780995614.842641,0.000988796,91818,9,742.867083
1780995614.843662,0.001010549,97610,9,772.728487
1780995614.844641,0.001000179,81616,8,652.811147
1780995614.845671,0.000987211,93266,9,755.793848
1780995614.846702,0.001001063,85960,8,686.949772
1780995614.847628,0.001001889,91818,9,733.159063
1780995614.848594,0.001008197,93266,9,740.061714
1780995614.849560,0.000993650,93266,9,750.896191
1780995614.850640,0.001000243,87408,8,699.094120
1780995614.851603,0.001002651,87540,10,698.468360
1780995614.852595,0.000994479,102218,13,822.283829
1780995614.853594,0.000997697,97676,10,783.211737
1780995614.854623,0.001007160,88922,9,706.318758
1780995614.855636,0.001003180,85960,8,685.500110
1780995614.856581,0.000994223,84644,10,681.086638
1780995614.857598,0.000996522,105180,14,844.376742
1780995614.858638,0.000999460,99190,11,793.948732
1780995614.859658,0.001006866,76022,11,604.028739
1780995614.860650,0.000996360,112486,15,903.175559
1780995614.861600,0.000996900,86026,9,690.348079
1780995614.862613,0.000999736,91950,11,735.794250
1780995614.863593,0.001000716,100836,14,806.110825
1780995614.864589,0.001005777,96228,10,765.402271
1780995614.865572,0.000993106,87738,13,706.776517
1780995614.866663,0.001006657,102152,12,811.811769
1780995614.867597,0.000994377,86026,9,692.099676
1780995614.868612,0.001005510,97610,9,776.600929
1780995614.869593,0.000999476,84658,9,677.619072
1780995614.870601,0.000994122,91818,9,738.887179
1780995614.871598,0.001000791,91818,9,733.963435
1780995614.872899,0.001010602,83064,8,657.540753
1780995614.873680,0.001002472,96162,9,767.398990
1780995614.874678,0.000987967,85960,8,696.055637
1780995614.876045,0.001005059,78786,9,627.115423
1780995614.876663,0.001004868,113934,15,907.056449
1780995614.877706,0.000987891,86026,9,696.643658
1780995614.878649,0.001000847,96162,9,768.644958
1780995614.879633,0.001005214,87408,8,695.636949
1780995614.880647,0.000996495,88922,9,713.878143
1780995614.881663,0.001004855,99058,9,788.635176
1780995614.882654,0.000995155,72862,7,585.733881
1780995614.883588,0.001002875,100506,9,801.742989
1780995614.884575,0.000995572,93266,9,749.446549
1780995614.885592,0.000999926,85960,8,687.730892
1780995614.886668,0.000999656,96426,13,771.673456
1780995614.887593,0.001007599,99190,11,787.535518
1780995614.888600,0.000991937,90370,9,728.836610
1780995614.889566,0.000999809,90548,10,724.522384
1780995614.890621,0.001001273,93266,9,745.179387
1780995614.891622,0.001013147,94714,9,747.879627
1780995614.892609,0.000991968,83064,8,669.892577
1780995614.893591,0.001005955,93266,9,741.711110
1780995614.894687,0.000999242,85960,8,688.201657
1780995614.895690,0.000990894,87408,8,705.690013
1780995614.896687,0.001003667,99124,10,790.094723
1780995614.897583,0.001007843,83064,8,659.340790
1780995614.898658,0.000986477,93266,9,756.356205
1780995614.899595,0.001012680,97610,9,771.102421
1780995614.900618,0.000987249,86290,13,699.235958
1780995614.901637,0.001000670,96294,11,769.836210
1780995614.903413,0.001012455,97676,10,771.795290
1780995614.903704,0.000999964,84512,8,676.120340
1780995614.904667,0.000993791,94714,9,762.446027
1780995614.905745,0.000998246,84512,8,677.283956
1780995614.906607,0.000996052,81616,8,655.515977
1780995614.907659,0.001003220,106760,16,851.338689
1780995614.908642,0.001000192,93332,10,746.512670
1780995614.909611,0.001002631,96162,9,767.277293
1780995614.910586,0.000993388,81616,8,657.273895
1780995614.911657,0.001000193,87408,8,699.129068
1780995614.912658,0.001011579,102350,15,809.427637
1780995614.913604,0.000991344,90436,10,729.805194
1780995614.914686,0.000996517,97610,9,783.609311
1780995614.915612,0.001000968,81616,8,652.296577
1780995614.916626,0.001001779,99058,9,791.056710
1780995614.917640,0.001000669,84644,10,676.699288
1780995614.918674,0.000997412,102284,14,820.395183
1780995614.919653,0.001000289,91884,10,734.859626
1780995614.920635,0.001005343,94714,9,753.685061
1780995614.921616,0.000999883,93266,9,746.215307
1780995614.922651,0.000993652,87408,8,703.731286
1780995614.923612,0.001010283,93266,9,738.533658
1780995614.924644,0.000998920,81616,8,653.633925
1780995614.925636,0.000990576,93266,9,753.226406
1780995614.926677,0.001001376,95044,14,759.307193
1780995614.927661,0.001005560,91884,10,731.007598
1780995614.928635,0.000993847,96162,9,774.058784
1780995614.929624,0.001006121,83064,8,660.469268
1780995614.930616,0.000993962,96162,9,773.969226
1780995614.931683,0.001008388,96162,9,762.896821
1780995614.932652,0.000991254,83460,14,673.571052
1780995614.933609,0.001001624,100638,11,803.798631
1780995614.934625,0.001005487,88856,8,706.968862
1780995614.935629,0.001002915,83064,8,662.580578
1780995614.936585,0.000994254,102020,10,820.876758
1780995614.937574,0.000995546,84512,8,679.120804
1780995614.938612,0.001001467,93266,9,745.035034
1780995614.939584,0.001007185,83064,8,659.771541
1780995614.940582,0.000994523,103798,15,834.957060
1780995614.941598,0.001005783,91884,10,730.845520
1780995614.942658,0.000991362,97676,10,788.216615
1780995614.943631,0.001000429,81550,7,652.120240
1780995614.944618,0.001007841,97610,9,774.804756
1780995614.945634,0.000996645,92082,13,739.135801
1780995614.946621,0.001003244,100638,11,802.500688
1780995614.947686,0.001001972,91818,9,733.098330
1780995614.948672,0.000996598,93266,9,748.674992
1780995614.949636,0.001003199,83064,8,662.393005
1780995614.950609,0.000989321,86014,9,695.539668
1780995614.951594,0.000999774,90304,8,722.595307
1780995614.952607,0.001008979,84710,11,671.649261
1780995614.953564,0.000991514,97742,11,788.628300
1780995614.954603,0.001002525,91818,9,732.693948
1780995614.955602,0.001003594,93266,9,743.456019
1780995614.956596,0.000993837,94714,9,762.410737
1780995614.957566,0.001005827,84512,8,672.179212
1780995614.958618,0.001002863,91818,9,732.447004
1780995614.959585,0.000996487,85960,8,690.104337
1780995614.960565,0.000994969,87672,12,704.922465
1780995614.961572,0.001011251,106496,12,842.489155
1780995614.962620,0.000993169,81616,8,657.418828
1780995614.963629,0.000995178,96162,9,773.023519
1780995614.964687,0.001000670,88856,8,710.372051
1780995614.965671,0.000999688,92082,13,736.885908
1780995614.966605,0.001000046,99256,12,794.011475
1780995614.967612,0.001011020,100572,10,795.806216
1780995614.968576,0.000988666,88856,8,718.997113
1780995614.969603,0.001000006,87408,8,699.259804
1780995614.970604,0.001004549,84512,8,673.034367
1780995614.971606,0.000997263,93266,9,748.175757
1780995614.972589,0.001006631,90568,12,719.771197
1780995614.973603,0.001005563,102152,12,812.694978
1780995614.974592,0.000999997,90370,9,722.962169
1780995614.975597,0.000986251,93266,9,756.529524
1780995614.976599,0.001008227,93266,9,740.039693
1780995614.977588,0.001004112,87408,8,696.400402
1780995614.978595,0.000987383,90370,9,732.198144
1780995614.979630,0.001006563,85960,8,683.196183
1780995614.980586,0.000994662,94714,9,761.778373
1780995614.981611,0.001002672,90370,9,721.033399
1780995614.982600,0.001002530,85960,8,685.944560
1780995614.983572,0.000993312,93266,9,751.151703
1780995614.984590,0.001000937,94714,9,757.002688
1780995614.985572,0.001000957,81616,8,652.303745
1780995614.986591,0.000998328,94714,9,758.981016
1780995614.987590,0.001000900,85960,8,687.061645
1780995614.988596,0.001004459,93266,9,742.815784
1780995614.989583,0.000998452,84512,8,677.144219
1780995614.991040,0.001001914,91818,9,733.140769
1780995614.991576,0.001004238,85960,8,684.777911
1780995614.992713,0.000991511,96558,15,779.077590
1780995614.993589,0.001000542,106562,13,852.034197
1780995614.994621,0.001003394,86026,9,685.880123
1780995614.995624,0.000999803,84512,8,676.229217
1780995614.996611,0.000995415,96162,9,772.839469
1780995614.997607,0.001007261,88988,10,706.772128
1780995614.998600,0.001002735,105180,14,839.144939
1780995614.999622,0.000990712,87474,9,706.352603
1780995615.000610,0.000999803,94714,9,757.861299
1780995615.001580,0.001009973,93266,9,738.760343
1780995615.002598,0.001001489,90370,9,721.885113
1780995615.003608,0.001003226,85960,8,685.468678
1780995615.004603,0.000997618,85960,8,689.321965
1780995615.005597,0.000996809,93266,9,748.516516
1780995615.006609,0.000994949,93266,9,749.915825
1780995615.007598,0.001001756,87408,8,698.038245
1780995615.008600,0.001001997,90370,9,721.519126
1780995615.009596,0.000999335,93266,9,746.624505
1780995615.010617,0.001003914,93266,9,743.219041
1780995615.011605,0.000999909,87408,8,699.327639
1780995615.012609,0.000996743,90370,9,725.322375
1780995615.013578,0.000997437,87408,8,701.060819
1780995615.014760,0.001001211,100902,15,806.239644
1780995615.015765,0.000999814,83262,11,666.219917
1780995615.016640,0.000994235,97676,10,785.938938
1780995615.017583,0.001001409,91818,9,733.510484
1780995615.018620,0.001002306,84512,8,674.540510
1780995615.019587,0.001008879,93266,9,739.561434
1780995615.020596,0.000991283,94714,9,764.375057
1780995615.021573,0.000995016,78786,9,633.445090
1780995615.022575,0.001003728,105180,14,838.314763
1780995615.023631,0.000997846,97676,10,783.094786
1780995615.024610,0.001004759,85960,8,684.422832
1780995615.025640,0.000993167,93266,9,751.261369
1780995615.026649,0.001003788,93266,9,743.312333
1780995615.027614,0.000997927,83064,8,665.892395
1780995615.028666,0.001009062,105180,14,833.883349
1780995615.029614,0.000990767,91884,10,741.922167
1780995615.030591,0.000999061,85960,8,688.326338
1780995615.031594,0.001001457,94714,9,756.609620
1780995615.032595,0.001002511,87408,8,697.512546
1780995615.033581,0.000995778,88922,9,714.392164
1780995615.034615,0.001010393,96162,9,761.382947
1780995615.035593,0.000989429,81616,8,659.903844
1780995615.036685,0.001002328,94714,9,755.952143
1780995615.037688,0.000998930,84512,8,676.820198
1780995615.038764,0.000999478,93266,9,746.517682
1780995615.039759,0.001000206,91818,9,734.392715
1780995615.040669,0.001009710,93266,9,738.952769
1780995615.041602,0.001001640,84512,8,674.989018
1780995615.042604,0.000987410,83064,8,672.984880
1780995615.043605,0.001012490,106364,10,840.415214
1780995615.044601,0.000988649,75758,7,613.022417
1780995615.045574,0.000999677,80300,10,642.607562
1780995615.046587,0.001005414,105246,15,837.434132
1780995615.047599,0.000996415,93332,10,749.342392
1780995615.048604,0.001006999,100968,16,802.129893
1780995615.049574,0.000991092,91950,11,742.211621
1780995615.050639,0.001003861,88922,9,708.639941
1780995615.051605,0.001004929,96162,9,765.522738
1780995615.052635,0.001005658,93266,9,741.930159
1780995615.053640,0.000996688,83064,8,666.720177
1780995615.054606,0.000992137,93266,9,752.041301
1780995615.055687,0.000997939,84512,8,677.492312
1780995615.056614,0.000998680,93266,9,747.114191
1780995615.057620,0.000999797,88988,10,712.048546
1780995615.058640,0.001006060,96426,13,766.761426
1780995615.059641,0.001000277,97742,11,781.719464
1780995615.060636,0.001006801,96162,9,764.099360
1780995615.061594,0.000986894,83064,8,673.336751
1780995615.062668,0.001009721,93266,9,738.944718
1780995615.063603,0.000992493,93266,9,751.771549
1780995615.064597,0.000998666,87408,8,700.198064
1780995615.065620,0.000999029,90370,9,723.662676
1780995615.066608,0.001009365,84512,8,669.823107
1780995615.067594,0.000990863,90436,10,730.159467
1780995615.068592,0.000999852,106694,15,853.678344
1780995615.069573,0.000999742,84578,9,676.798614
1780995615.070585,0.001007138,94714,9,752.341784
1780995615.071591,0.000993365,87408,8,703.934606
1780995615.072598,0.001007556,90370,9,717.538281
1780995615.073591,0.000991933,94714,9,763.874173
1780995615.074597,0.001002785,93266,9,744.055805
1780995615.075592,0.000997153,86026,9,690.172922
1780995615.076596,0.001005720,86026,9,684.293839
1780995615.077592,0.000996155,99388,14,798.172975
1780995615.078616,0.001005149,91950,11,731.831798
1780995615.079609,0.000993180,99124,10,798.437343
1780995615.080595,0.000999788,85960,8,687.825819
1780995615.081641,0.001002334,89120,12,711.299826
1780995615.082703,0.001001460,97808,12,781.323268
1780995615.083625,0.001001313,96162,9,768.287239
1780995615.084594,0.000995108,80168,8,644.496879
1780995615.085724,0.001009970,106364,10,842.512154
1780995615.086681,0.001002775,83064,8,662.673082
1780995615.087661,0.001002868,93266,9,743.994225
1780995615.088639,0.000984512,83064,8,674.965871
1780995615.089604,0.001011957,94714,9,748.759088
1780995615.090602,0.001003187,87408,8,697.042525
1780995615.091712,0.000991688,93266,9,752.381798
1780995615.092665,0.000995371,78984,12,634.810538
1780995615.093733,0.000998694,109458,13,876.809113
1780995615.094688,0.001002873,90568,12,722.468348
1780995615.095619,0.001010364,107944,12,854.693952
1780995615.096697,0.000986077,67004,6,543.600550
1780995615.097561,0.000999686,120976,12,968.111987
1780995615.098610,0.001011256,87408,8,691.480693
1780995615.099579,0.000992960,71414,7,575.362552
1780995615.100588,0.001002887,103468,10,825.361182
1780995615.101573,0.000992700,87408,8,704.406165
1780995615.102623,0.001011721,88922,9,703.134560
1780995615.103634,0.000994502,90304,8,726.425890
1780995615.104603,0.001005045,106760,16,849.792795
1780995615.105577,0.000989335,94846,11,766.947495
1780995615.106609,0.001001607,86026,9,687.103824
1780995615.107618,0.001004274,85960,8,684.753364
1780995615.108614,0.001004606,97610,9,777.299757
1780995615.109615,0.001000792,90370,9,722.387869
1780995615.110708,0.001000841,93266,9,745.501034
1780995615.111627,0.000994624,91818,9,738.514253
1780995615.112620,0.000996108,81550,7,654.949062
1780995615.113645,0.001012059,96162,9,760.129597
1780995615.114619,0.000992682,84512,8,681.080144
1780995615.115609,0.000998508,93266,9,747.242886
1780995615.116609,0.001007500,94714,9,752.071464
1780995615.117608,0.000999113,84512,8,676.696230
1780995615.118600,0.000993696,83064,8,668.727659
1780995615.119581,0.000993937,96162,9,773.988693
1780995615.120571,0.001006702,90370,9,718.146979
1780995615.121554,0.000994842,84512,8,679.601384
1780995615.122589,0.000997520,93266,9,747.982998
1780995615.123689,0.001000759,94714,9,757.137333
1780995615.124613,0.001006135,91818,9,730.065051
1780995615.125643,0.000998242,87474,9,701.024401
1780995615.126826,0.000996217,78852,10,633.211439
1780995615.127671,0.001005795,49694,7,395.261460
1780995615.128625,0.001005403,46666,5,371.321749
1780995615.129611,0.000988368,113604,10,919.527949
1780995615.130603,0.001011099,116500,10,921.769283
1780995615.131610,0.000989457,75692,6,611.988192
1780995615.132601,0.001009113,7306,1,57.920173
1780995615.133578,0.000996725,113538,9,911.288470
1780995615.134619,0.001003621,114986,9,916.569103
1780995615.135669,0.000992213,113538,9,915.432473
1780995615.136612,0.000999662,106364,10,851.199706
1780995615.137563,0.001000890,80036,6,639.718650
1780995615.138579,0.001002477,29092,2,232.160937
1780995615.139609,0.001007427,34950,3,277.538720
1780995615.140578,0.000987293,96162,9,779.197260
1780995615.141713,0.001000154,112090,9,896.581926
1780995615.142750,0.001001764,122424,12,977.667395
1780995615.143664,0.001008757,118014,11,935.916182
1780995615.144640,0.000998044,85960,8,689.027738
1780995615.145607,0.000991209,84512,8,682.092273
1780995615.146585,0.000999322,86092,10,689.203280
1780995615.147601,0.001000107,100770,13,806.073750
1780995615.148573,0.001002156,94780,10,756.608752
1780995615.149565,0.001004731,94714,9,754.144144
1780995615.150600,0.001002161,93266,9,744.519094
1780995615.151667,0.000998856,83064,8,665.273072
1780995615.152603,0.000992787,94714,9,763.217085
1780995615.153640,0.001000022,93266,9,746.111586
1780995615.154645,0.001002066,85960,8,686.262182
1780995615.155635,0.000997757,93266,9,747.805327
1780995615.156608,0.001007593,83130,9,660.028404
1780995615.157628,0.000997636,102284,14,820.210979
1780995615.158591,0.000997624,97742,11,783.798305
1780995615.159616,0.001002307,93266,9,744.410645
1780995615.160599,0.001002431,93266,9,744.318562
1780995615.161641,0.000992663,84512,8,681.093181
1780995615.162654,0.001010861,83064,8,657.372280
1780995615.163640,0.000988391,94714,9,766.611594
1780995615.164571,0.001002329,94714,9,755.951389
1780995615.165601,0.001008777,93266,9,739.636213
1780995615.166626,0.000989816,75758,7,612.299660
1780995615.167575,0.000998849,102020,10,817.100483
1780995615.168593,0.001000524,84512,8,675.741911
1780995615.169586,0.001013086,91884,10,725.577098
1780995615.170590,0.000998675,90502,11,724.976594
1780995615.171597,0.000993810,100704,12,810.649923
1780995615.172604,0.001001939,94780,10,756.772618
1780995615.173575,0.000992499,84512,8,681.205724
1780995615.174606,0.001005156,90370,9,719.251539
1780995615.175657,0.000997136,88922,9,713.419233
1780995615.176638,0.000998735,100902,15,808.238422
1780995615.177637,0.000998824,91884,10,735.937462
1780995615.178611,0.001009374,90304,8,715.722814
1780995615.179668,0.000990646,91818,9,741.479802
1780995615.180655,0.001006296,97610,9,775.994340
1780995615.181606,0.000993404,78720,8,633.941478
1780995615.182597,0.001006200,94714,9,753.043133
1780995615.183650,0.000994305,81616,8,656.667723
1780995615.184665,0.001010409,96492,14,763.983694
1780995615.185678,0.001002958,103600,12,826.355640
1780995615.186617,0.000997962,94714,9,759.259371
1780995615.187583,0.000989208,84512,8,683.472030
1780995615.188573,0.001012356,97610,9,771.349209
1780995615.189569,0.000999149,94978,13,760.471161
1780995615.190585,0.000997696,90436,10,725.158766
1780995615.191640,0.000990516,99058,9,800.051690
1780995615.192617,0.000999195,78720,8,630.267365
1780995615.193630,0.001001008,102284,14,817.448012
1780995615.194613,0.001008395,99256,12,787.437463
1780995615.195565,0.000993252,84578,9,681.220878
1780995615.196562,0.000999897,99058,9,792.545632
1780995615.197558,0.000997558,88922,9,713.117433
1780995615.198608,0.000999872,87408,8,699.353517
1780995615.199655,0.001002180,90370,9,721.387376
1780995615.200696,0.001003267,85960,8,685.440665
1780995615.201700,0.000998460,100572,10,805.816958
1780995615.202748,0.001008863,84512,8,670.156404
1780995615.203616,0.000996712,93266,9,748.589362
1780995615.204576,0.000992874,84512,8,680.948439
1780995615.205580,0.001007336,93266,9,740.694267
1780995615.206640,0.000990044,84578,9,683.428211
1780995615.207584,0.001001285,108076,14,863.498405
1780995615.208613,0.000999649,88988,10,712.153966
1780995615.209582,0.001010253,96162,9,761.488459
1780995615.210649,0.000996325,81550,7,654.806414
1780995615.211592,0.001003681,87408,8,696.699449
1780995615.212582,0.000989218,84512,8,683.465121
1780995615.213581,0.001008531,103468,10,820.742248
1780995615.214619,0.001000406,88856,8,710.559513
1780995615.215640,0.000995030,77404,10,622.324955
1780995615.216589,0.000996178,89120,12,715.695388
1780995615.217591,0.001010024,119528,12,946.733939
1780995615.218684,0.000999496,84512,8,676.436924
1780995615.219649,0.000992270,93266,9,751.940500
1780995615.220632,0.000998537,83064,8,665.485605
1780995615.221621,0.001000281,84512,8,675.906070
1780995615.222615,0.001008298,93266,9,739.987583
1780995615.223602,0.001001520,93266,9,744.995607
1780995615.224603,0.000991584,93266,9,752.460709
1780995615.225572,0.000997424,85960,8,689.456039
1780995615.226674,0.001001682,81616,8,651.831619
1780995615.227635,0.001005648,94714,9,753.456478
1780995615.228609,0.001006566,93266,9,741.260881
1780995615.229559,0.000986992,99454,15,806.117983
1780995615.230644,0.000999186,93398,11,747.792703
1780995615.231665,0.001008281,93464,12,741.571050
1780995615.232597,0.000999032,87606,11,701.527078
1780995615.233581,0.000999630,103468,10,828.050379
1780995615.234607,0.001006956,90304,8,717.441477
1780995615.235809,0.000987854,84512,8,684.408830
1780995615.236587,0.001000987,99124,10,792.210089
1780995615.237556,0.000998217,74508,10,597.128680
1780995615.238651,0.000999018,89120,12,713.660815
1780995615.239595,0.001003409,110840,12,883.707441
1780995615.240593,0.001009504,87408,8,692.680762
1780995615.241590,0.000991345,99058,9,799.382657
1780995615.242643,0.001004175,78654,7,626.615879
1780995615.243648,0.000992341,94648,8,763.028032
1780995615.244638,0.001000384,93266,9,745.841597
1780995615.245623,0.000999503,84512,8,676.432187
1780995615.246624,0.001000570,88856,8,710.443047
1780995615.247601,0.000998952,97610,9,781.699221
1780995615.248672,0.001000163,84512,8,675.985814
1780995615.249652,0.001002421,103468,10,825.744872
1780995615.250683,0.001010528,77206,7,611.213148
1780995615.251633,0.000988038,90370,9,731.712748
1780995615.252622,0.001006102,97610,9,776.143969
1780995615.253611,0.000992684,90370,9,728.288156
1780995615.254612,0.001014727,83064,8,654.867762
1780995615.255663,0.000985533,97610,9,792.342824
1780995615.256637,0.001000388,91818,9,734.259107
1780995615.257588,0.001004308,78654,7,626.532896
1780995615.258620,0.000999334,94912,12,759.802028
1780995615.259612,0.001008723,102218,13,810.672504
1780995615.260576,0.000986925,90436,10,733.072929
1780995615.261657,0.001002184,94714,9,756.060763
1780995615.262605,0.000998059,93266,9,747.579051
1780995615.263564,0.001000558,74442,9,595.203876
1780995615.264592,0.001006864,100704,12,800.139840
1780995615.265625,0.000993863,99124,10,797.888643
1780995615.266605,0.000999537,93266,9,746.473617
1780995615.267665,0.001013969,93266,9,735.848926
1780995615.268598,0.000990164,84512,8,682.812140
1780995615.269713,0.000998575,80102,7,641.730466
1780995615.270675,0.001008241,107878,11,855.969952
1780995615.271664,0.000993244,85960,8,692.357568
1780995615.272630,0.000994953,91818,9,738.270049
1780995615.273629,0.001010984,87408,8,691.666733
1780995615.274854,0.000993344,72862,7,586.801752
1780995615.275589,0.001003591,113670,11,906.106173
1780995615.276595,0.001000176,91818,9,734.414743
1780995615.277589,0.000999128,83064,8,665.091960
1780995615.278775,0.000993388,90304,8,727.240514
1780995615.279638,0.001008081,88922,9,705.673453
1780995615.280712,0.000993728,103798,15,835.625040
1780995615.281626,0.001006191,93464,12,743.111397
1780995615.282685,0.000998098,87474,9,701.125541
1780995615.283711,0.001006208,91818,9,730.012085
1780995615.284647,0.000998236,86158,11,690.482010
1780995615.285592,0.000988702,103666,13,838.804817
1780995615.286589,0.001010093,96228,10,762.131804
1780995615.287603,0.000989849,88856,8,718.137817
1780995615.288597,0.001004535,87474,9,696.632770
1780995615.289579,0.000999266,87408,8,699.777637
1780995615.290594,0.000996383,90370,9,725.584439
1780995615.291601,0.001002518,93266,9,744.253969
1780995615.292583,0.000997594,94714,9,759.539452
1780995615.293648,0.001010875,84644,10,669.867194
1780995615.294601,0.000989421,99322,13,803.071695
1780995615.295584,0.001005418,97742,11,777.722301
1780995615.296579,0.000994615,75890,9,610.407042
1780995615.297584,0.001005686,103798,15,825.689132
1780995615.298577,0.000994214,103534,11,833.092272
1780995615.299668,0.001000790,74310,7,594.010732
1780995615.300612,0.001012547,93266,9,736.882337
1780995615.301677,0.000993579,83064,8,668.806406
1780995615.302608,0.000993441,96096,8,773.843640
1780995615.303683,0.001006087,91818,9,730.099882
1780995615.304616,0.001002874,94714,9,755.540576
1780995615.305602,0.000995586,88856,8,713.999594
1780995615.306647,0.001000379,90370,9,722.686102
1780995615.307640,0.000994103,84512,8,680.106589
1780995615.308648,0.001005930,91818,9,730.213832
1780995615.309592,0.000994522,85960,8,691.467861
1780995615.310595,0.001005358,90370,9,719.107025
1780995615.311595,0.000999417,87540,10,700.728525
1780995615.312591,0.000994913,102218,13,821.925133
1780995615.313574,0.001001768,91950,11,734.301754
1780995615.314644,0.000998533,96162,9,770.426215
1780995615.315645,0.001010828,93266,9,738.135469
1780995615.316657,0.000989107,83064,8,671.830247
1780995615.317582,0.001003368,94714,9,755.168592
1780995615.318646,0.001004565,76088,12,605.937894
1780995615.319635,0.000995897,100638,11,808.420951
1780995615.320599,0.000998957,99190,11,794.348505
1780995615.321571,0.001000233,185348,11,1482.438592
1780995615.323298,0.001008375,100770,13,799.464485
1780995615.324452,0.000989089,88856,8,718.689622
1780995615.324683,0.001000384,99058,9,792.159811
1780995615.325722,0.001007374,87474,9,694.669507
1780995615.327275,0.001003972,89120,12,710.139327
1780995615.327593,0.000988681,103600,12,838.288589
1780995615.328650,0.001007371,80102,7,636.127107
1780995615.329604,0.001002235,96162,9,767.580458
1780995615.330609,0.000991770,87408,8,705.066699
1780995615.331603,0.000997711,100572,10,806.421900
1780995615.332601,0.001003089,85960,8,685.562298
1780995615.333608,0.000999675,90370,9,723.195038
1780995615.334658,0.001009420,91818,9,727.689168
1780995615.335586,0.000988096,97940,14,792.959389
1780995615.336605,0.001003867,93398,11,744.305770
1780995615.337682,0.000996822,90304,8,724.735208
1780995615.338645,0.000999357,90370,9,723.425162
1780995615.339626,0.001013515,93266,9,736.178547
1780995615.340581,0.000986196,93266,9,756.571716
1780995615.341634,0.001004889,77206,7,614.643010
1780995615.342627,0.000999196,90370,9,723.541728
1780995615.343600,0.000995954,85960,8,690.473656
1780995615.344578,0.000999969,99388,14,795.128649
1780995615.345612,0.001010879,94912,12,751.124516
1780995615.346610,0.000989270,87408,8,706.848484
1780995615.347621,0.001004977,94714,9,753.959543
1780995615.348590,0.001005121,81616,8,649.601391
1780995615.349623,0.000998196,93266,9,747.476448
1780995615.350690,0.000996036,99058,9,795.617829
1780995615.351618,0.001008358,78720,8,624.540094
1780995615.352598,0.000989555,94714,9,765.709839
1780995615.353627,0.000999172,84512,8,676.656271
1780995615.354679,0.001002594,94714,9,755.751580
1780995615.355603,0.000996698,77206,7,619.694230
1780995615.356617,0.001003669,87474,9,697.233849
1780995615.357590,0.001003986,87408,8,696.487800
1780995615.358619,0.000999565,91818,9,734.863666
1780995615.359630,0.001000944,85960,8,687.031442
1780995615.360652,0.001004113,90370,9,719.998646
1780995615.361609,0.000988145,94714,9,766.802443
1780995615.362652,0.000998785,83064,8,665.320364
1780995615.363622,0.001007937,93266,9,740.252615
1780995615.364673,0.001000189,96162,9,769.150631
1780995615.365601,0.000991453,83064,8,670.240546
1780995615.366640,0.001010510,93266,9,738.367755
1780995615.367638,0.000997189,93266,9,748.231278
1780995615.370656,0.000998813,84512,8,676.899480
1780995615.370718,0.000997443,93412,10,749.211734
1780995615.370739,0.000999684,85960,8,687.897376
1780995615.371617,0.000997067,93266,9,748.322831
1780995615.372585,0.001005139,93266,9,742.313252
1780995615.373592,0.001000742,83064,8,664.019298
1780995615.374714,0.000994424,91884,10,739.193744
1780995615.375600,0.001010292,100836,14,798.470145
1780995615.376618,0.000997006,90370,9,725.131042
1780995615.377595,0.000992661,94714,9,763.313961
1780995615.378683,0.001002081,93266,9,744.578532
1780995615.379602,0.000997336,83064,8,666.286989
1780995615.380595,0.001006241,96162,9,764.524602
1780995615.381747,0.001007273,93266,9,740.740594
1780995615.382776,0.000998114,84512,8,677.373526
1780995615.383603,0.000988423,93266,9,754.867096
1780995615.384594,0.001000045,83118,9,664.914079
1780995615.385631,0.001012561,93266,9,736.872149
1780995615.386633,0.000988013,90482,9,732.638133
1780995615.387706,0.001013185,91818,9,724.985072
1780995615.388598,0.000996846,96162,9,771.730037
1780995615.389574,0.000998056,87738,13,703.271159
1780995615.390611,0.000998055,99322,13,796.124462
1780995615.399437,0.000998578,94780,10,759.319753
1780995615.399500,0.001005953,83064,8,660.579570
1780995615.399518,0.000989113,93266,9,754.340505
1780995615.399536,0.000999651,85960,8,687.920084
1780995615.399554,0.001003614,93266,9,743.441203
1780995615.399570,0.000996176,87408,8,701.948250
1780995615.399584,0.001011170,78720,8,622.803287
1780995615.399601,0.000995318,94714,9,761.276296
1780995615.399709,0.000994528,87408,8,703.111426
1780995615.400644,0.001001138,97940,14,782.629368
1780995615.401685,0.001001338,94846,11,757.754125
1780995615.402807,0.001004442,97676,10,777.952336
1780995615.403871,0.000998522,91818,9,735.631263
1780995615.404886,0.000997985,55354,5,443.726108
1780995615.407531,0.001007046,122358,11,972.015181
1780995615.407596,0.000997611,71414,7,572.680133
1780995615.409085,0.000994770,26196,2,210.669803
1780995615.411273,0.000998027,109194,9,875.278925
1780995615.411417,0.000998851,122358,11,979.990009
1780995615.411555,0.000999976,113670,11,909.381825
1780995615.411652,0.001001715,90370,9,721.722246
1780995615.412665,0.001008913,94714,9,751.018175
1780995615.413699,0.000991611,93266,9,752.440221
1780995615.414717,0.001001449,85960,8,686.684993
1780995615.416208,0.000996208,94714,9,760.596181
1780995615.416624,0.001001626,93266,9,744.916765
1780995615.417690,0.001007152,87408,8,694.298378
1780995615.418637,0.000999473,88922,9,711.751093
1780995615.419615,0.000992289,85960,8,693.023907
1780995615.420619,0.001000907,74640,12,596.578903
1780995615.421729,0.001000714,102086,11,816.105301
1780995615.422641,0.000998735,107878,11,864.117108
1780995615.423643,0.001011773,99058,9,783.242882
1780995615.424622,0.000988365,88922,9,719.750295
1780995615.425644,0.001010557,83064,8,657.570033
1780995615.426624,0.000993695,93266,9,750.862186
1780995615.427610,0.000994468,84512,8,679.856969
1780995615.428578,0.001003071,93266,9,743.843656
1780995615.429591,0.001003129,94714,9,755.348514
1780995615.430623,0.000994164,84512,8,680.064859
1780995615.431669,0.001009279,96162,9,762.223330
1780995615.432738,0.001002316,80168,8,639.862079
1780995615.433635,0.001002386,93266,9,744.351976
1780995615.434707,0.000996785,99058,9,795.019989
1780995615.435666,0.000989333,90370,9,730.754963
1780995615.436592,0.001003049,85960,8,685.589637
1780995615.437587,0.000996869,86224,12,691.958522
1780995615.438640,0.001011395,106562,13,842.891254
1780995615.439623,0.000989090,88922,9,719.222720
1780995615.440599,0.000999245,83064,8,665.014086
1780995615.441599,0.001002730,97610,9,778.754002
1780995615.442689,0.001007735,90370,9,717.410827
1780995615.443598,0.000994292,83064,8,668.326809
1780995615.444612,0.001011039,83064,8,657.256545
1780995615.445575,0.000986506,87408,8,708.828938
1780995615.446630,0.001007450,102404,16,813.173855
1780995615.447608,0.000994454,91950,11,739.702389
1780995615.448610,0.001008290,97676,10,774.983388
1780995615.449751,0.000991459,83064,8,670.236490
1780995615.450790,0.000996973,93266,9,748.393387
1780995615.452029,0.000999872,93266,9,746.223517
1780995615.452932,0.001005540,90370,9,718.976868
1780995615.453673,0.001003778,86092,10,686.143749
1780995615.455207,0.000990837,100902,15,814.680921
1780995615.455650,0.001008219,94780,10,752.058828
1780995615.456721,0.000991612,85960,8,693.497053
1780995615.457655,0.000999017,94714,9,758.457564
1780995615.458748,0.001006079,93266,9,741.619694
1780995615.459627,0.000994384,84512,8,679.914399
1780995615.460586,0.000999929,96162,9,769.350624
1780995615.461698,0.001013414,90370,9,713.390579
1780995615.463088,0.001001406,83262,11,665.160784
1780995615.463593,0.000988329,106562,13,862.562972
1780995615.464629,0.000996348,96228,10,772.645702
1780995615.465576,0.001000329,77338,9,618.500513
1780995615.466690,0.001004722,103798,15,826.481355
1780995615.467615,0.001000693,94846,11,758.242538
1780995615.468604,0.001007523,93200,8,740.032734
1780995615.469827,0.000987296,83328,12,675.201763
1780995615.470588,0.001006275,100704,12,800.608184
1780995615.471674,0.000996201,88856,8,713.558810
1780995615.472614,0.001009791,102020,10,808.246459
1780995615.473583,0.000994675,83064,8,668.069470
1780995615.474606,0.000991853,87408,8,705.007698
1780995615.475607,0.001002350,100572,10,802.689679
1780995615.476604,0.000997919,84512,8,677.505890
1780995615.477637,0.000999832,82998,7,664.095568
1780995615.479128,0.001008969,93266,9,739.495465
1780995615.479981,0.000992843,94978,13,765.301261
1780995615.480644,0.001010154,107944,12,854.871633
1780995615.482046,0.001002634,80168,8,639.659138
1780995615.482633,0.000986102,94714,9,768.391100
1780995615.483617,0.001000548,93266,9,745.719346
1780995615.484627,0.001011081,84512,8,668.686287
1780995615.485595,0.000995729,93266,9,749.328382
1780995615.486618,0.001002462,93266,9,744.295544
1780995615.487622,0.000992086,85960,8,693.165713
1780995615.488648,0.001004564,91818,9,731.206772
1780995615.489600,0.000995845,84512,8,678.916900
1780995615.490642,0.001012403,93266,9,736.987148
1780995615.491657,0.000988632,97610,9,789.859118
1780995615.492636,0.000997073,90370,9,725.082316
1780995615.493632,0.001007580,85960,8,682.506600
1780995615.494654,0.000995425,93266,9,749.557224
1780995615.495590,0.000996470,91818,9,737.146126
1780995615.496664,0.001002134,85960,8,686.215616
1780995615.497584,0.001005531,96162,9,765.064429
1780995615.498679,0.001002148,81880,12,653.635990
1780995615.499611,0.000997745,105048,12,842.283349
1780995615.500591,0.000993916,97610,9,785.659955
1780995615.501607,0.001003602,90634,13,722.469664
1780995615.502692,0.000994901,93464,12,751.544123
1780995615.503615,0.001002542,86026,9,686.463011
1780995615.504602,0.001001806,93200,8,744.255874
1780995615.505585,0.001009875,96096,8,761.250650
1780995615.506588,0.000991517,81616,8,658.514176
1780995615.507596,0.000994250,97610,9,785.396027
1780995615.508627,0.001015254,84644,10,666.977919
1780995615.509674,0.000986578,99388,14,805.921073
1780995615.510632,0.001004446,96228,10,766.416512
1780995615.511634,0.000996176,91818,9,737.363679
1780995615.512598,0.000997671,84512,8,677.674303
1780995615.513592,0.001004612,99058,9,788.825935
1780995615.514748,0.000996558,88922,9,713.833013
1780995615.515730,0.000999874,83064,8,664.595739
1780995615.516666,0.001012158,94714,9,748.610395
1780995615.517576,0.000986417,85960,8,697.149380
1780995615.518661,0.001007774,100572,10,798.369476
1780995615.519951,0.000997445,84512,8,677.827850
1780995615.520659,0.000996249,85960,8,690.269200
1780995615.521832,0.001010098,88922,9,704.264339
1780995615.522780,0.000988946,94714,9,766.181369
1780995615.523685,0.001007225,93266,9,740.775894
1780995615.524756,0.000994619,87408,8,703.047096
1780995615.525619,0.001000345,77272,8,617.962803
1780995615.526675,0.000997837,90568,12,726.114586
1780995615.527624,0.000999989,116632,12,933.066264
1780995615.528596,0.001002492,32054,3,255.794560
1780995615.529617,0.000998928,110642,9,886.085884
1780995615.530706,0.001000913,116434,9,930.622342
1780995615.531627,0.000996956,103468,10,830.271346
1780995615.532655,0.001005109,100506,9,799.960999
1780995615.533625,0.001006612,64306,9,511.068813
1780995615.534607,0.000989924,90502,11,731.385440
1780995615.535649,0.000999841,112222,11,897.918769
1780995615.536670,0.001000706,88856,8,710.346495
1780995615.537630,0.000999156,87342,7,699.326231
1780995615.538635,0.000999150,85960,8,688.265025
1780995615.539653,0.001006984,75956,10,603.433620
1780995615.540592,0.000992520,110840,12,893.402652
1780995615.541701,0.001010519,113604,10,899.371511
1780995615.542595,0.000999964,86026,9,688.232776
1780995615.543613,0.000991784,81484,6,657.272148
1780995615.544581,0.000997818,99124,10,794.726092
1780995615.545564,0.001007557,74574,11,592.117369
1780995615.546615,0.000999366,91950,11,736.066666
1780995615.547585,0.001000183,128216,12,1025.540326
1780995615.548610,0.001001409,78852,10,629.928431
1780995615.549597,0.000996904,96228,10,772.214777
1780995615.550604,0.000994666,90304,8,726.306117
1780995615.551607,0.001000794,88790,7,709.756453
1780995615.552571,0.001000538,91752,8,733.621312
1780995615.553606,0.001005077,91818,9,730.833558
1780995615.554624,0.000994310,87540,10,704.327624
1780995615.555594,0.000999537,86092,10,689.055032
1780995615.556590,0.001000260,113670,11,909.123628
1780995615.557621,0.001009861,83130,9,658.546077
1780995615.558620,0.001000439,99256,12,793.699566
1780995615.559612,0.000998316,101954,9,817.007841
1780995615.560627,0.001001926,74508,11,594.918188
1780995615.561607,0.000988989,94846,11,767.215813
1780995615.562628,0.001010454,107878,11,854.095288
1780995615.563602,0.000992377,88856,8,716.308419
1780995615.564570,0.000996992,67268,10,539.767621
1780995615.565656,0.001013413,106496,12,840.691801
1780995615.566603,0.000987638,103402,9,837.570041
1780995615.567595,0.000999126,81814,11,655.084544
1780995615.568604,0.001013169,94846,11,748.905661
1780995615.569557,0.000986741,106364,10,862.345844
1780995615.570603,0.001004369,90304,8,719.289425
1780995615.571626,0.001008740,87342,7,692.681960
1780995615.572594,0.000990636,97808,12,789.860251
1780995615.573575,0.000997553,84710,11,679.342351
1780995615.574609,0.000999348,112222,11,898.361732
1780995615.575610,0.001006773,87342,7,694.035299
1780995615.576589,0.001004683,99058,9,788.770189
1780995615.577579,0.000992553,74574,11,601.068155
1780995615.578604,0.001000217,93398,11,747.021896
1780995615.579594,0.000996192,107812,10,865.792940
1780995615.580590,0.000999142,78918,11,631.886158
1780995615.581600,0.000999877,105114,13,841.015445
1780995615.582606,0.001008366,104850,9,831.840820
1780995615.583808,0.000998799,84446,7,676.380333
1780995615.584726,0.001004225,90238,7,718.866788
1780995615.585672,0.000989829,87474,9,706.982721
1780995615.586626,0.001005619,75956,10,604.252704
1780995615.587608,0.000994412,93398,11,751.382727
1780995615.588619,0.001005460,112288,12,893.425895
1780995615.589604,0.000993861,84710,11,681.865975
1780995615.590680,0.000999770,94846,11,758.942557
1780995615.591592,0.000999399,103468,10,828.241773
1780995615.592633,0.001002449,88856,8,709.111386
1780995615.593593,0.001007677,97610,9,774.930856
1780995615.594645,0.000996562,90238,7,724.394468
1780995615.595706,0.001000901,87408,8,698.634530
1780995615.596672,0.000993302,85960,8,692.317140
1780995615.597630,0.001000349,87474,9,699.547858
1780995615.598709,0.001001158,103600,12,827.841360
1780995615.599616,0.000998111,96162,9,770.751950
1780995615.600655,0.001001690,84446,7,674.428216
1780995615.601624,0.001003761,91752,8,731.265710
1780995615.602618,0.000994600,87342,7,702.529660
1780995615.603667,0.001007113,94912,12,753.933273
1780995615.604636,0.001004794,109458,13,871.486096
1780995615.605655,0.001001127,91818,9,733.717101
1780995615.606683,0.000986893,88856,8,720.288826
1780995615.607655,0.001000669,90370,9,722.476663
1780995615.608586,0.000999451,83064,8,664.877017
1780995615.609635,0.001004657,82998,7,660.906160
1780995615.610661,0.001006438,99190,11,788.443998
1780995615.611616,0.000988963,93464,12,756.056597
1780995615.612611,0.000999524,107878,11,863.434995
1780995615.613634,0.001013715,77338,9,610.333279
1780995615.614701,0.000994357,86092,10,692.644593
1780995615.615664,0.001004371,110774,11,882.335312
1780995615.616634,0.000990796,97544,8,787.601080
1780995615.617635,0.001001748,90304,8,721.171392
1780995615.618683,0.001002274,78588,6,627.277571
1780995615.619633,0.001001466,99058,9,791.303948
1780995615.620656,0.001002319,75758,7,604.661789
1780995615.621622,0.000991865,83394,13,672.623795
1780995615.622605,0.000997186,97742,11,784.142577
1780995615.623562,0.000999878,107746,9,862.073173
1780995615.624595,0.001004128,100440,8,800.216705
1780995615.625576,0.000995988,82998,7,666.658634
1780995615.626725,0.001007676,99124,10,786.951361
1780995615.627635,0.000992245,77140,6,621.943169
1780995615.628628,0.001012116,87606,11,692.458177
1780995615.629571,0.000987731,87672,12,710.088071
1780995615.630721,0.001000819,110840,12,885.994371
1780995615.631568,0.001007456,88790,7,705.063050
1780995615.632583,0.000999771,86026,9,688.365636
1780995615.633551,0.000992599,87672,12,706.605588
1780995615.634681,0.001007314,112156,10,890.733178
1780995615.635594,0.000992095,75956,10,612.489731
1780995615.636605,0.001007439,100704,12,799.683157
1780995615.637566,0.000993312,109326,11,880.496762
1780995615.638604,0.000999715,70164,10,561.472020
1780995615.639634,0.001016404,94846,11,746.522052
1780995615.640591,0.000989274,112222,11,907.509952
1780995615.641586,0.001006951,88790,7,705.416649
1780995615.642606,0.000994382,90304,8,726.513553
1780995615.643595,0.000996344,98992,8,794.841942
1780995615.644625,0.001003560,78654,7,626.999880
1780995615.645646,0.000993070,96162,9,774.664424
1780995615.646603,0.000999966,86026,9,688.231400
1780995615.647584,0.001008402,94714,9,751.398748
1780995615.648565,0.000991728,78654,7,634.480422
1780995615.649559,0.000999278,87804,14,702.939522
1780995615.650647,0.000999964,113736,12,909.920757
1780995615.651681,0.001005891,88790,7,706.160011
1780995615.652638,0.000994618,87342,7,702.516946
1780995615.653601,0.001001706,86026,9,687.035917
1780995615.654677,0.001001193,92016,12,735.250846
1780995615.655635,0.000997673,107878,11,865.036941
1780995615.656651,0.001001782,81682,9,652.293613
1780995615.657694,0.000997763,90502,11,725.639255
1780995615.658619,0.001011671,116632,12,922.291931
1780995615.659606,0.000996611,87342,7,701.112069
1780995615.660564,0.000991988,84446,7,681.024367
1780995615.661652,0.001005680,86224,12,685.896110
1780995615.662699,0.001002028,102152,12,815.562040
1780995615.663681,0.000997493,103402,9,829.295043
1780995615.664595,0.000994781,84512,8,679.643057
1780995615.665621,0.001007611,90304,8,716.975102
1780995615.666764,0.000996719,78918,11,633.422258
1780995615.667799,0.001008377,94780,10,751.940990
1780995615.668611,0.000990479,101954,9,823.472280
1780995615.669596,0.000998653,96096,8,769.804927
1780995615.670653,0.000997922,86026,9,689.641074
1780995615.671589,0.001002778,73126,11,583.387350
1780995615.672636,0.000999299,100638,11,805.668774
1780995615.673607,0.001001969,113604,10,907.046026
1780995615.674679,0.001005192,78654,7,625.981902
1780995615.675627,0.000991320,97544,8,787.184764
1780995615.676627,0.001010023,91686,7,726.209205
1780995615.677612,0.000990128,77470,11,625.939272
1780995615.678669,0.000998972,107944,12,864.440645
1780995615.679641,0.001004764,102020,10,812.290249
1780995615.680615,0.000995517,85894,7,690.246374
1780995615.681638,0.001005866,87342,7,694.661118
1780995615.682606,0.000996419,94582,7,759.375323
1780995615.683643,0.001006269,96096,8,763.978618
1780995615.684644,0.001002841,97544,8,778.141301
1780995615.685640,0.000988878,62858,9,508.519757
1780995615.686698,0.001004024,83196,10,662.900488
1780995615.687695,0.000999044,104850,9,839.602660
1780995615.688624,0.000996727,90238,7,724.274551
1780995615.689579,0.001000281,97610,9,780.660634
1780995615.690610,0.001002306,96096,8,766.999300
1780995615.691605,0.000997584,80102,7,642.367961
1780995615.692594,0.001009335,96096,8,761.657923
1780995615.693573,0.000993303,88856,8,715.640645
1780995615.694617,0.001010526,70164,10,555.465174
1780995615.695598,0.000994130,97808,12,787.084184
1780995615.696590,0.001003948,107878,11,859.630180
1780995615.697645,0.000988950,94648,8,765.644370
1780995615.698718,0.001000294,93266,9,745.908703
1780995615.699614,0.001005137,91752,8,730.264631
1780995615.700573,0.000994117,75758,7,609.650574
1780995615.701625,0.001000185,91818,9,734.408134
1780995615.702651,0.000999916,87606,11,700.906876
1780995615.703609,0.001006070,87540,10,696.094705
1780995615.704593,0.001000105,116566,11,932.430095
1780995615.705594,0.001007666,84578,9,671.476461
1780995615.706684,0.000987103,77404,10,627.322579
1780995615.707641,0.001009656,103468,10,819.827743
1780995615.708608,0.000988999,109194,9,883.268841
1780995615.709580,0.001004791,88790,7,706.933084
1780995615.710691,0.001001798,76022,11,607.084462
1780995615.711619,0.000995563,91950,11,738.878403
1780995615.712599,0.001000315,104982,11,839.591529
1780995615.713593,0.000997445,87408,8,701.055196
1780995615.714604,0.001000639,77470,11,619.364226
1780995615.715607,0.001008845,106496,12,844.498412
1780995615.716578,0.000991080,90370,9,729.466844
1780995615.717579,0.001006217,88856,8,706.455963
1780995615.718624,0.001000734,90502,11,723.484962
1780995615.719581,0.000992755,83130,9,669.893378
1780995615.720601,0.001009959,109326,11,865.983669
1780995615.721572,0.000989338,91818,9,742.460110
1780995615.722620,0.001004780,91686,7,729.998607
1780995615.723604,0.001009133,85960,8,681.456260
1780995615.724596,0.000988444,83328,12,674.417569
1780995615.725678,0.001000073,94780,10,758.184653
1780995615.726603,0.000998999,103468,11,828.573402
1780995615.727687,0.001003153,78654,7,627.254267
1780995615.728592,0.001008912,83328,12,660.735525
1780995615.729555,0.000987151,107944,12,874.792205
1780995615.730609,0.001005603,94714,9,753.490194
1780995615.731638,0.000999097,80432,12,644.037566
1780995615.732575,0.000995891,94846,11,761.898642
1780995615.733596,0.001000548,115118,11,920.439599
1780995615.734622,0.001006074,87342,7,694.517501
1780995615.735632,0.000994527,76022,11,611.522865
1780995615.736579,0.000998820,81682,9,654.227989
1780995615.737575,0.001010477,101954,9,807.175225
1780995615.738625,0.001002702,101954,9,813.434101
1780995615.739625,0.000986942,78984,12,640.232151
1780995615.740598,0.001012952,93332,10,737.108965
1780995615.741565,0.000986035,109326,11,886.994884
1780995615.742589,0.001004483,104916,10,835.582086
1780995615.743559,0.000999235,73126,11,585.455874
1780995615.744552,0.000997830,100638,11,806.854875
1780995615.745581,0.000999197,97610,9,781.507551
1780995615.746603,0.000999879,78984,12,631.948466
1780995615.747585,0.001007701,106496,12,845.457135
1780995615.748755,0.001000550,101954,9,815.183649
1780995615.749654,0.000992808,74574,11,600.913772
1780995615.750710,0.000998710,90502,11,724.951187
1780995615.751633,0.001004729,97676,10,777.730114
1780995615.752629,0.000998516,109260,10,875.379063
1780995615.753641,0.001009466,91818,9,727.656008
1780995615.754682,0.000999096,77536,12,620.849248
1780995615.755642,0.000994790,97742,11,786.031223
1780995615.756606,0.000994084,107878,11,868.160035
1780995615.757718,0.001004078,68716,10,547.495314
1780995615.758673,0.000999037,106496,12,852.789236
1780995615.759600,0.000998813,103468,10,828.727700
1780995615.760664,0.000998774,85894,7,687.995482
1780995615.761636,0.001005026,87408,8,695.767075
1780995615.762664,0.001004556,98992,8,788.344303
1780995615.763642,0.000996981,84512,8,678.143315
1780995615.764633,0.000992577,82998,7,668.949613
1780995615.765613,0.000999780,87408,8,699.417872
1780995615.766596,0.001001688,96096,8,767.472506
1780995615.767637,0.000999001,88922,9,712.087375
1780995615.768630,0.000999559,87408,8,699.572511
1780995615.769638,0.001007820,84512,8,670.849953
1780995615.770584,0.001001796,93464,12,746.371517
1780995615.771597,0.000990016,90370,9,730.250824
1780995615.772593,0.000999725,98992,8,792.153842
1780995615.773626,0.001011294,87738,13,694.065227
1780995615.774618,0.000994719,109392,12,879.782129
1780995615.775596,0.001001113,85960,8,686.915463
1780995615.776598,0.000996407,90370,9,725.566962
1780995615.777647,0.001006382,87408,8,694.829598
1780995615.778600,0.001000538,99058,9,792.037884
1780995615.779664,0.001002227,84512,8,674.593680
1780995615.780689,0.000991356,93200,8,752.101162
1780995615.781628,0.000996265,94714,9,760.552664
1780995615.782625,0.000999788,90304,8,722.585188
1780995615.783644,0.001010536,81946,13,648.732950
1780995615.784616,0.000989903,102152,12,825.551594
1780995615.785611,0.000999949,91884,10,735.109491
1780995615.786652,0.000999330,96162,9,769.811774
1780995615.787594,0.000999666,91818,9,734.789420
1780995615.788593,0.001002523,84512,8,674.394503
1780995615.789593,0.000999459,91818,9,734.941603
1780995615.790604,0.001000775,85960,8,687.147461
1780995615.791606,0.001008113,102020,10,809.591782
1780995615.792596,0.000990432,84512,8,682.627379
1780995615.793561,0.001002729,87408,8,697.360902
1780995615.794600,0.000998859,100572,10,805.495070
1780995615.795669,0.000997365,83064,8,666.267615
1780995615.797056,0.001007733,74310,7,589.918163
1780995615.797632,0.000996778,104916,10,842.041056
1780995615.798753,0.001000788,86290,13,689.776456
1780995615.799800,0.000996362,102152,12,820.199887
1780995615.800689,0.001008429,96162,9,762.865804
1780995615.801600,0.000990542,94714,9,764.946867
1780995615.802677,0.001014569,87672,12,691.304386
1780995615.803605,0.000990484,99190,11,801.143683
1780995615.804642,0.000995548,94780,10,761.630780
1780995615.805595,0.000998792,83064,8,665.315701
1780995615.806699,0.001012274,94714,9,748.524609
1780995615.807834,0.000996517,93266,9,748.735847
1780995615.808640,0.000994427,84512,8,679.884999
1780995615.809620,0.000998750,85960,8,688.540676
1780995615.810670,0.001013670,90370,9,713.210414
1780995615.811863,0.000991287,99058,9,799.429429
1780995615.812691,0.000997441,78720,8,631.375690
1780995615.813660,0.001007413,94714,9,752.136413
1780995615.814621,0.000989148,87606,11,708.537044
1780995615.815659,0.001012038,108076,14,854.323652
1780995615.816885,0.001000039,87474,9,699.764709
1780995615.817649,0.000991507,93332,10,753.051668
1780995615.818654,0.001001744,93266,9,744.829018
1780995615.819579,0.000995449,86026,9,691.354354
1780995615.820571,0.001012878,93266,9,736.641530
1780995615.821632,0.000992574,83064,8,669.483585
1780995615.822591,0.000993631,94714,9,762.568801
1780995615.823621,0.001005813,93266,9,741.815825
1780995615.824695,0.000994041,85960,8,691.802451
1780995615.825623,0.000999411,91818,9,734.976901
1780995615.826608,0.001009527,93266,9,739.086721
1780995615.827602,0.000991204,85960,8,693.782511
1780995615.828557,0.001000046,93266,9,746.093680
1780995615.829562,0.001004034,93266,9,743.130213
1780995615.830584,0.000995431,83064,8,667.562091
1780995615.831582,0.001007146,94714,9,752.335808
1780995615.832624,0.001002727,84512,9,674.257300
1780995615.833627,0.000992974,84512,8,680.879862
1780995615.834601,0.000997130,93266,9,748.275551
1780995615.835593,0.000999957,84710,11,677.709141
1780995615.836589,0.001011718,99322,13,785.372999
1780995615.837561,0.000988427,99190,11,802.810931
1780995615.838602,0.001000840,84512,8,675.528556
1780995615.839595,0.000999111,93266,9,746.791898
1780995615.840595,0.001006356,94714,9,752.926400
1780995615.841592,0.000995929,83064,8,667.228286
1780995615.842731,0.001012926,96162,9,759.478975
1780995615.843616,0.000985259,81616,8,662.696814
1780995615.844578,0.001002127,93332,10,745.071233
1780995615.845557,0.000997841,99388,14,796.824344
1780995615.846578,0.001006608,90370,9,718.214042
1780995615.847601,0.000998467,94714,9,758.875356
1780995615.848613,0.001006785,93266,9,741.099639
1780995615.849593,0.000987706,83064,8,672.783197
1780995615.850587,0.000999804,96162,9,769.446812
1780995615.851590,0.001000321,94714,9,757.468852
1780995615.852597,0.001004688,84512,8,672.941251
1780995615.853578,0.000995910,91818,9,737.560623
1780995615.854609,0.001007840,94714,9,751.817749
1780995615.855676,0.000999025,81616,8,653.565226
1780995615.856591,0.001002410,94714,9,755.890304
1780995615.857673,0.000991484,85960,8,693.586583
1780995615.858627,0.001000962,93266,9,745.410915
1780995615.859677,0.000998288,93266,9,747.407562
1780995615.860652,0.001003278,81616,8,650.794695
1780995615.861599,0.001004252,87408,8,696.303318
1780995615.862648,0.000992209,101954,9,822.036486
1780995615.863611,0.000999743,82998,7,664.154688
1780995615.864586,0.001008262,93266,9,740.014004
1780995615.865576,0.000990894,94714,9,764.675132
1780995615.866622,0.001004140,84512,8,673.308503
1780995615.867575,0.000996599,93266,9,748.674241
1780995615.868582,0.000999411,83064,8,664.903628
1780995615.869600,0.001001733,94846,11,757.455330
1780995615.870603,0.001000940,97954,13,782.896078
1780995615.871612,0.001011169,102020,10,807.144998
1780995615.872595,0.000988979,83064,8,671.917199
1780995615.873686,0.001004746,93266,9,742.603603
1780995615.874607,0.001001970,87408,8,697.889158
1780995615.875612,0.000997303,96162,9,771.376402
1780995615.876649,0.001004336,88922,9,708.304790
1780995615.877650,0.000992042,87408,8,704.873382
1780995615.878613,0.001004616,90370,9,719.638150
1780995615.879603,0.001000594,93266,9,745.685063
1780995615.880595,0.000992642,93266,9,751.658705
1780995615.881583,0.000998926,84512,8,676.822908
1780995615.883009,0.001002185,85960,8,686.180695
1780995615.883690,0.001009306,102020,10,808.634844
1780995615.884649,0.000998658,77206,7,618.477997
1780995615.885590,0.001002558,88976,10,709.991841
1780995615.887027,0.001002384,96162,9,767.466360
1780995615.887593,0.000986086,72928,8,591.656306
1780995615.888853,0.001003566,99322,13,791.752610
1780995615.889769,0.001008208,109570,13,869.423770
1780995615.890616,0.000987801,85960,8,696.172610
1780995615.891567,0.001007854,93266,9,740.313577
1780995615.892610,0.001005653,93266,9,741.933848
1780995615.893585,0.000996453,93266,9,748.783937
1780995615.894610,0.001000893,93266,9,745.462302
1780995615.895606,0.000988669,84512,8,683.844644
1780995615.896602,0.001002359,83064,8,662.948105
1780995615.897583,0.001002606,94714,9,755.742535
1780995615.898624,0.001010013,93266,9,738.731086
1780995615.899609,0.000998231,94714,9,759.054768
1780995615.900574,0.000986707,84512,8,685.204422
1780995615.901586,0.001001310,93266,9,745.151851
1780995615.902606,0.001002873,83064,8,662.608326
1780995615.903714,0.001009856,94714,9,750.316877
1780995615.905286,0.000997862,93266,9,747.726640
1780995615.905675,0.001003070,93266,9,743.844398
1780995615.906772,0.000990814,77206,7,623.374316
1780995615.907597,0.000994529,87606,11,704.703432
1780995615.908607,0.001006828,106496,12,846.190213
1780995615.909600,0.000997034,97676,10,783.732551
1780995615.910748,0.001010450,83064,8,657.639665
1780995615.911638,0.000999265,93266,9,746.676807
1780995615.912566,0.000987565,93266,9,755.522928
1780995615.913640,0.000999539,90304,8,722.765195
1780995615.914690,0.001003140,87408,8,697.075184
1780995615.915631,0.000996074,85960,8,690.390473
1780995615.916611,0.001014808,100572,10,792.835689
1780995615.917659,0.000993367,86026,9,692.803365
1780995615.918727,0.001001194,87408,8,698.430074
1780995615.919720,0.001000446,90370,9,722.637704
1780995615.920689,0.001002192,93266,9,744.496065
1780995615.921631,0.000988642,94714,9,766.416964
1780995615.922583,0.001002978,83064,8,662.538959
1780995615.923674,0.000997656,93266,9,747.881033
1780995615.924639,0.001007775,85960,8,682.374538
1780995615.925665,0.001001872,88988,10,710.573806
1780995615.926650,0.000996015,105180,14,844.806554
1780995615.927638,0.000994129,90436,10,727.760683
1780995615.928595,0.001010978,90370,9,715.109528
1780995615.929569,0.000990229,87606,11,707.763558
1780995615.930621,0.001008889,102152,12,810.015770
1780995615.931696,0.001000537,93266,9,745.727544
1780995615.932615,0.000987958,85960,8,696.061978
1780995615.933607,0.001006215,93266,9,741.519457
1780995615.934693,0.000998677,93266,9,747.116435
1780995615.935650,0.000999375,93266,9,746.594622
1780995615.936641,0.000996298,85960,8,690.235251
1780995615.937631,0.001002835,94714,9,755.569959
1780995615.938670,0.001010465,89186,13,706.098677
1780995615.939636,0.000989094,97808,12,791.091645
1780995615.940629,0.001005736,85960,8,683.757964
1780995615.941624,0.000991784,96162,9,775.668896
1780995615.942675,0.001000652,99442,15,795.017648
1780995615.943630,0.001000567,94846,11,758.338022
1780995615.944631,0.001008786,84578,9,670.730958
1780995615.945627,0.001001409,96162,9,768.213587
1780995615.946613,0.001001876,81616,8,651.705401
1780995615.947584,0.000987468,85960,8,696.407377
1780995615.948590,0.001003184,87540,10,698.097258
1780995615.949561,0.000996739,102350,15,821.478843
1780995615.950599,0.000999076,88922,9,712.033919
1780995615.951598,0.001002150,97676,10,779.731577
1780995615.952600,0.001010962,87408,8,691.681784
1780995615.953575,0.000987934,84644,10,685.422306
1780995615.954767,0.001012470,105180,14,831.076476
1780995615.955611,0.000987310,88988,10,721.054178
1780995615.956599,0.001003384,94714,9,755.156550
1780995615.957576,0.001001904,87540,10,698.989125
1780995615.958590,0.001005210,106628,14,848.602780
1780995615.959582,0.000989436,88922,9,718.971212
1780995615.960564,0.001010539,93266,9,738.346566
1780995615.961553,0.000988421,85960,8,695.735926
1780995615.962611,0.001010843,93266,9,738.124516
1780995615.963597,0.000989713,84512,8,683.123289
1780995615.964585,0.001013107,91818,9,725.040889
1780995615.965626,0.001002799,97610,9,778.700418
1780995615.966583,0.000991667,80168,8,646.733228
1780995615.967578,0.000993113,93266,9,751.302218
1780995615.968586,0.000999382,96162,9,769.771719
1780995615.969649,0.001002567,83064,8,662.810565
1780995615.970619,0.001009703,93266,9,738.957892
1780995615.971613,0.000994808,93332,10,750.552871
1780995615.972588,0.001005824,87408,8,695.215067
1780995615.973563,0.000986964,90370,9,732.508987
1780995615.974616,0.001001591,80234,9,640.852404
1780995615.975599,0.001003650,109458,13,872.479450
1780995615.976606,0.000995305,90436,10,726.900799
1780995615.977558,0.000999851,88988,10,712.010090
1780995615.978638,0.001009293,100902,15,799.783611
1780995615.979596,0.000992612,94780,10,763.883572
1780995615.980598,0.001005536,96228,10,765.585717
1780995615.981578,0.001001718,84512,8,674.936459
1780995615.982614,0.000996535,93266,9,748.722323
1780995615.983599,0.000995033,84512,8,679.470932
1780995615.984591,0.000999318,87408,8,699.741224
1780995615.985553,0.001002045,91818,9,733.044923
1780995615.986614,0.000997695,96492,14,773.719423
1780995615.987619,0.001000101,100704,12,805.550639
1780995615.988583,0.001000299,87408,8,699.054983
1780995615.989585,0.001011177,95110,15,752.469647
1780995615.990625,0.000996383,97742,11,784.774529
1780995615.991603,0.000992429,93266,9,751.820029
1780995615.992596,0.000999740,90370,9,723.148018
1780995615.993587,0.001014334,84512,8,666.541790
1780995615.994601,0.000989629,90370,9,730.536393
1780995615.995583,0.000996976,87408,8,701.384988
1780995615.996603,0.000998859,90370,9,723.785840
1780995615.997564,0.001007677,94714,9,751.939362
1780995615.998610,0.000998382,93266,9,747.337192
1780995615.999599,0.001000687,84512,8,675.631841
1780995616.000605,0.000995151,93266,9,749.763604
1780995616.001555,0.000998061,93266,9,747.577553
1780995616.002594,0.001004702,87408,8,695.991448
1780995616.003602,0.001002762,92148,14,735.153506
1780995616.004604,0.001004062,99256,12,790.835626
1780995616.005577,0.000993763,88922,9,715.840698
1780995616.006586,0.000995254,94714,9,761.325250
1780995616.007607,0.001006749,84710,11,673.136998
1780995616.008595,0.000992658,100770,13,812.122604
1780995616.009594,0.001001440,90370,9,721.920435
1780995616.010583,0.000999020,88922,9,712.073832
1780995616.011598,0.000999795,90304,8,722.580129
1780995616.012563,0.000999838,99388,14,795.232828
1780995616.013639,0.001000292,100704,12,805.396824
1780995616.014604,0.001010363,87474,9,692.614437
1780995616.015693,0.000997508,94714,9,759.604935
1780995616.016660,0.001005836,84512,8,672.173197
1780995616.017588,0.000985859,91818,9,745.080179
1780995616.018653,0.001007559,96162,9,763.524518
1780995616.019714,0.000992468,81616,8,657.883176
1780995616.020639,0.001000981,99058,9,791.687355
1780995616.021600,0.000999262,78720,8,630.225106
1780995616.022591,0.001006866,94714,9,752.545026
1780995616.023590,0.000996412,93266,9,748.814747
1780995616.024575,0.000997007,85960,8,689.744405
1780995616.025580,0.001004548,93266,9,742.749973
1780995616.026747,0.000995229,84512,8,679.337117
1780995616.027773,0.001001000,91818,9,733.810190
1780995616.028741,0.001005193,94714,9,753.797529
1780995616.029696,0.001001115,96162,9,768.439190
1780995616.030689,0.000992095,80168,8,646.454221
1780995616.031613,0.001001135,94714,9,756.852972
1780995616.032574,0.001000394,87606,11,700.571975
1780995616.033592,0.000999018,102284,14,819.076333
1780995616.034733,0.001012237,97676,10,771.961507
1780995616.035769,0.000988638,90370,9,731.268675
1780995616.036840,0.000999733,84512,8,676.276566
1780995616.037637,0.001006400,93266,9,741.383148
1780995616.038655,0.000992741,83064,8,669.370964
1780995616.039696,0.001010210,93266,9,738.587026
1780995616.040649,0.000998936,90568,12,725.315736
1780995616.041613,0.000998731,96294,11,771.330819
1780995616.042660,0.001003537,96228,10,767.110729
1780995616.043617,0.000989984,87408,8,706.338688
1780995616.044612,0.001001976,90370,9,721.534248
1780995616.045566,0.000997607,94714,9,759.529554
1780995616.046602,0.001000705,81616,8,652.468010
1780995616.047593,0.000998067,94714,9,759.179494
1780995616.048681,0.001010830,93266,9,738.134009
1780995616.049626,0.000992159,84512,8,681.439164
1780995616.050636,0.001006219,91950,11,731.053578
1780995616.051640,0.001001757,103798,15,828.927574
1780995616.052601,0.000990232,99124,10,800.814355
1780995616.053678,0.001012251,84512,8,667.913393
1780995616.054688,0.000988966,94714,9,766.165874
1780995616.055643,0.001010417,81616,8,646.196570
1780995616.056657,0.000992510,75758,7,610.637676
1780995616.057606,0.001003359,90370,9,720.539707
1780995616.058645,0.001004416,90502,11,720.832802
1780995616.059665,0.000992940,108076,14,870.755534
1780995616.060596,0.001005578,96294,11,766.078812
1780995616.061662,0.000989168,78654,7,636.122479
1780995616.062727,0.001005603,97676,10,777.054166
1780995616.063690,0.000997936,87408,8,700.710266
1780995616.064715,0.000998533,90370,9,724.022140
1780995616.065697,0.001000752,87672,12,700.848962
1780995616.066654,0.000997220,100770,13,808.407372
1780995616.067652,0.001006371,96294,11,765.475158
1780995616.068995,0.001002754,87408,8,697.343516
1780995616.069577,0.000992227,88922,9,716.948843
1780995616.070587,0.001001676,87408,8,698.093994
1780995616.071608,0.001008283,102020,10,809.455282
1780995616.072598,0.000994991,83064,8,667.857297
1780995616.073588,0.001003663,93266,9,743.404908
1780995616.074692,0.000989927,85960,8,694.677486
1780995616.075604,0.001002328,91884,10,733.364727
1780995616.076681,0.001005256,100770,13,801.944977
1780995616.077591,0.000999434,94780,10,758.669407
1780995616.078621,0.001005763,87474,9,695.782207
1780995616.079576,0.000986279,84512,8,685.501770
1780995616.080614,0.001012661,81616,8,644.764635
1780995616.081656,0.000987491,94714,9,767.310284
1780995616.082583,0.001005166,93266,9,742.293313
1780995616.083591,0.000994785,93596,14,752.693296
1780995616.084593,0.001000771,96294,11,769.758516
1780995616.085593,0.000999729,84512,8,676.279272
1780995616.086605,0.001006681,83064,8,660.101859
1780995616.087604,0.000995442,83064,8,667.554714
1780995616.088588,0.001000188,94714,9,757.569577
1780995616.089596,0.001005923,93266,9,741.734705
1780995616.090612,0.000997651,94714,9,759.496056
1780995616.091666,0.000993661,84512,8,680.409113
1780995616.092650,0.001005225,93266,9,742.249745
1780995616.093613,0.000995737,93266,9,749.322361
1780995616.094606,0.000999105,83064,8,665.107271
1780995616.095616,0.001003849,77206,7,615.279788
1780995616.096588,0.000996488,90370,9,725.507984
1780995616.097640,0.001012036,94714,9,748.700639
1780995616.098611,0.000988262,93266,9,754.990073
1780995616.099607,0.001006212,94714,9,753.034152
1780995616.100625,0.000993092,88856,8,715.792696
1780995616.101580,0.001000153,90370,9,722.849404
1780995616.102614,0.001005918,81616,8,649.086705
1780995616.103635,0.000994029,93200,8,750.078720
1780995616.104586,0.001001764,96162,9,767.941351
1780995616.105609,0.001011178,93266,9,737.879978
1780995616.106614,0.000987432,83064,8,672.969886
1780995616.107587,0.001000162,93266,9,746.007147
1780995616.108630,0.001010595,84512,8,669.007862
1780995616.109604,0.000990956,87408,8,705.645861
1780995616.110599,0.000999260,99124,10,793.579249
1780995616.111619,0.001003497,85960,8,685.283563
1780995616.112584,0.000995486,81616,8,655.888682
1780995616.113600,0.000999908,104916,10,839.405225
1780995616.114618,0.001002634,83064,8,662.766274
1780995616.115623,0.001008976,94714,9,750.971282
1780995616.116605,0.001001396,83064,8,663.585634
1780995616.117590,0.000987456,96162,9,779.068637
1780995616.118629,0.001007043,81616,8,648.361589
1780995616.119621,0.000993287,109656,16,883.176766
1780995616.120598,0.001000151,87540,10,700.214268
1780995616.121585,0.001007473,96228,10,764.113778
1780995616.122616,0.001000062,90238,7,721.859245
1780995616.123651,0.001000646,68782,11,549.900764
1780995616.124668,0.000997724,102152,12,819.080227
1780995616.125576,0.001000326,103468,10,827.474243
1780995616.126620,0.001002027,100440,8,801.894560
1780995616.127603,0.001000786,65820,10,526.146449
1780995616.128581,0.000993804,83130,9,669.186278
1780995616.129621,0.001008732,122424,12,970.913979
1780995616.130596,0.000996891,81748,10,656.023577
1780995616.131666,0.000993211,93464,12,752.822915
1780995616.132561,0.000997510,112222,11,900.017042
1780995616.133592,0.001007347,90370,9,717.687152
1780995616.134624,0.000992403,75956,10,612.299640
1780995616.135619,0.001004408,109524,14,872.346696
1780995616.136641,0.000998322,96162,9,770.589048
1780995616.137621,0.000997213,77536,12,622.021574
1780995616.138599,0.001012456,106496,12,841.486445
1780995616.139605,0.000987816,94714,9,767.057833
1780995616.140605,0.001009274,87474,9,693.361763
1780995616.141588,0.000999871,107944,12,863.663413
1780995616.142610,0.001000730,91818,9,734.008174
1780995616.143616,0.000995679,84512,8,679.030089
1780995616.144631,0.000999093,90304,8,723.087841
1780995616.145633,0.001002521,77338,9,617.148169
1780995616.146604,0.000995513,86092,10,691.840287
1780995616.147584,0.001003473,112288,12,895.194988
1780995616.148590,0.000993857,91950,11,740.146721
1780995616.149606,0.001008700,99322,13,787.722812
1780995616.150591,0.000996786,103468,10,830.412947
1780995616.151592,0.001003025,91818,9,732.328706
1780995616.152631,0.000998481,70230,11,562.694733
1780995616.153593,0.000998399,113868,14,912.404760
1780995616.154649,0.001007548,87408,8,694.025496
1780995616.155598,0.000993161,90370,9,727.938371
1780995616.156628,0.000993877,87342,7,703.040718
1780995616.157617,0.001002491,99124,10,791.021565
1780995616.158683,0.001002406,93332,10,744.863858
1780995616.159615,0.001003066,91752,8,731.772386
1780995616.160601,0.000992204,77272,8,623.033167
1780995616.161690,0.000999722,99058,9,792.684366
1780995616.162665,0.001013353,78720,8,621.461623
1780995616.163626,0.000986525,86290,13,699.749119
1780995616.164608,0.001000415,96294,11,770.032437
1780995616.165568,0.001002184,87540,10,698.793834
1780995616.166633,0.001004208,89186,13,710.498223
1780995616.167619,0.000999297,103534,11,828.854685
1780995616.168621,0.001000615,97610,9,780.400054
1780995616.169621,0.001005418,93200,8,741.582108
1780995616.170643,0.000989922,85894,7,694.147620
1780995616.171636,0.000998700,88856,8,711.773305
1780995616.172622,0.001002807,91752,8,731.961384
1780995616.173626,0.001006814,96162,9,764.089494
1780995616.174645,0.001003367,94648,8,754.643117
1780995616.175584,0.000986346,81616,8,661.966490
1780995616.176676,0.001010910,88790,7,702.654044
1780995616.177624,0.001000914,97610,9,780.166927
1780995616.178611,0.000993223,70164,10,565.141967
1780995616.179609,0.001005403,103534,11,823.820896
1780995616.180654,0.000991537,97610,9,787.544993
1780995616.182681,0.001981596,189362,17,764.482770
1780995616.182745,0.000017084,0,0,0.000000
1780995616.183611,0.001008775,75824,8,601.315457
1780995616.184647,0.000997269,96360,12,772.991039
1780995616.185609,0.000999895,102086,11,816.773761
1780995616.186710,0.000994515,99058,9,796.834638
1780995616.187606,0.000999508,73060,10,584.767706
1780995616.188564,0.000999352,97742,11,782.443023
1780995616.189615,0.001000977,107878,11,862.181649
1780995616.190614,0.001012509,85960,8,679.184086
1780995616.191616,0.000993368,90502,11,728.849731
1780995616.192592,0.001000150,86224,12,689.688547
1780995616.193614,0.001007483,115184,12,914.627840
1780995616.194642,0.000986089,83064,8,673.886434
1780995616.195647,0.001005427,83328,12,663.025759
1780995616.196593,0.000993952,105114,13,846.028782
1780995616.197559,0.001000252,85960,8,687.506748
1780995616.198731,0.001004951,89120,12,709.447525
1780995616.199658,0.000999769,115250,13,922.213031
1780995616.200625,0.000995604,84512,8,679.081241
1780995616.201600,0.001004938,93266,9,742.461724
1780995616.202702,0.000996895,75956,10,609.540624
1780995616.203650,0.000998744,93398,11,748.123643
1780995616.204674,0.001006284,109260,10,868.621582
1780995616.205600,0.000996784,83196,10,667.715373
1780995616.206594,0.000998590,87672,12,702.366337
1780995616.207587,0.001006293,112156,10,891.636929
1780995616.208601,0.001001559,96228,10,768.625713
1780995616.209656,0.000990875,71678,11,578.704680
1780995616.210670,0.001001454,112288,12,896.999762
1780995616.211656,0.001003318,90304,8,720.042898
1780995616.212634,0.000995730,83064,8,667.361634
1780995616.213633,0.001006948,87672,12,696.536465
1780995616.214671,0.000998318,109326,11,876.081569
1780995616.215601,0.001001376,86158,11,688.316876
1780995616.216606,0.000991248,94846,11,765.467370
1780995616.217580,0.001002997,113604,10,906.116369
1780995616.218631,0.000996960,78720,8,631.680308
1780995616.219622,0.000999767,84776,12,678.366059
1780995616.220603,0.001011946,106430,11,841.388770
1780995616.221602,0.000998405,90304,8,723.586120
1780995616.222770,0.001003177,88922,9,709.123116
1780995616.223642,0.001000782,83262,11,665.575520
1780995616.224629,0.000997578,116632,12,935.321348
1780995616.225599,0.000991217,96426,13,778.243311
1780995616.226633,0.001005034,88988,10,708.338225
1780995616.227584,0.000994392,90304,8,726.506247
1780995616.228609,0.001007061,90568,12,719.463866
1780995616.229620,0.000998050,94912,12,760.779520
1780995616.230597,0.001004342,100638,11,801.623351
1780995616.231609,0.001002027,97808,12,780.881154
1780995616.232607,0.000998495,106562,13,853.780940
1780995616.233574,0.000988065,87540,10,708.779281
1780995616.234611,0.001008773,81550,7,646.726270
1780995616.235608,0.000991302,87474,9,705.932198
1780995616.236609,0.001012485,97676,10,771.772421
1780995616.237618,0.000987073,83328,12,675.354305
1780995616.238653,0.001013360,110840,12,875.029604
1780995616.239680,0.000989245,93266,9,754.239850
1780995616.240606,0.000998555,81814,11,655.459138
1780995616.241599,0.001000372,110906,13,886.918066
1780995616.242652,0.000998490,93266,9,747.256357
1780995616.243632,0.001000187,90304,8,722.296930
1780995616.244646,0.001014157,85960,8,678.080416
1780995616.245602,0.000998274,94714,9,759.022072
1780995616.246631,0.000987787,80432,12,651.411691
1780995616.247615,0.001003263,99190,11,790.939166
1780995616.248628,0.001004565,100506,9,800.394200
1780995616.249595,0.000992561,92082,13,742.177055
1780995616.250659,0.001004621,81748,10,650.975841
1780995616.251600,0.001007139,107878,11,856.906544
1780995616.252624,0.000997852,93332,10,748.263270
1780995616.253623,0.000994432,96426,13,775.727249
1780995616.254590,0.000997111,104982,11,842.289374
1780995616.255604,0.001007761,83064,8,659.394440
1780995616.256595,0.000992095,83328,12,671.935651
1780995616.257591,0.001010859,107878,11,853.753095
1780995616.258610,0.000995135,94714,9,761.416290
1780995616.259580,0.000994401,91686,7,737.617923
1780995616.260693,0.001012267,85894,7,678.824855
1780995616.261629,0.000998029,87408,8,700.644971
1780995616.262660,0.000990420,76022,11,614.058682
1780995616.263674,0.000997165,118146,13,947.855169
1780995616.264800,0.001001230,91818,9,733.641621
1780995616.265650,0.000999948,80366,11,642.961434
1780995616.266944,0.001002195,93332,10,745.020680
1780995616.267621,0.001006930,109326,11,868.588680
1780995616.268604,0.000989189,90238,7,729.793801
1780995616.269640,0.001007439,87606,11,695.672889
1780995616.270623,0.000993861,91950,11,740.143742
1780995616.271652,0.001011810,115184,12,910.716439
1780995616.272642,0.000997739,84512,8,677.628117
1780995616.273643,0.001004168,93266,9,743.031047
1780995616.274741,0.000986035,73060,10,592.757864
1780995616.275721,0.001012045,103600,12,818.935917
1780995616.276586,0.000992380,94714,9,763.530099
1780995616.277598,0.000995198,96162,9,773.007984
1780995616.278704,0.001000660,78984,12,631.455240
1780995616.279655,0.000999520,113736,12,910.324956
1780995616.280604,0.000999718,88922,9,711.576665
1780995616.281591,0.001002420,100506,9,802.106901
1780995616.282600,0.001001295,75890,9,606.334796
1780995616.283620,0.001003650,94912,12,756.534649
1780995616.284596,0.000996960,96228,10,772.171401
1780995616.285606,0.000997136,91818,9,736.653776
1780995616.286666,0.001006293,96426,13,766.583888
1780995616.287593,0.001000139,91884,10,734.969839
1780995616.288615,0.001004773,94714,9,754.112620
1780995616.289627,0.000987120,96492,14,782.008266
1780995616.290601,0.001008747,102152,12,810.129795
1780995616.291596,0.000991933,81748,10,659.302594
1780995616.292622,0.001011177,108010,13,854.528930
1780995616.293602,0.000989543,91752,8,741.772717
1780995616.294628,0.000999112,80366,11,643.499427
1780995616.295583,0.001000482,102152,12,816.822292
1780995616.296604,0.001006335,94714,9,752.942112
1780995616.297588,0.000998268,95044,14,761.671215
1780995616.298613,0.000998281,94780,10,759.545659
1780995616.299605,0.001000234,94714,9,757.534737
1780995616.300606,0.001009012,81748,10,648.142936
1780995616.301553,0.000989483,96360,12,779.073516
1780995616.302602,0.001000368,109260,10,873.758457
1780995616.303596,0.000998466,86224,12,690.851767
1780995616.304593,0.001001777,112354,13,897.237609
1780995616.305604,0.001010622,88922,9,703.899183
1780995616.306607,0.000994900,87408,8,702.848527
1780995616.307668,0.000991319,96162,9,776.032740
1780995616.308572,0.001000562,93266,9,745.708912
1780995616.309580,0.000999367,87474,9,700.235249
1780995616.310741,0.001010742,86158,11,681.938615
1780995616.311634,0.000989875,100572,10,812.805657
1780995616.312679,0.001009264,90568,12,717.893435
1780995616.313792,0.000991957,103600,12,835.520088
1780995616.314718,0.001003421,91884,10,732.565892
1780995616.315603,0.001000564,84842,13,678.353409
1780995616.316594,0.000997076,115184,12,924.174286
1780995616.317598,0.000997228,77272,8,619.894347
1780995616.318616,0.001000449,89054,11,712.112262
1780995616.319601,0.001010097,97874,13,775.165157
1780995616.320599,0.000998190,94714,9,759.085946
1780995616.321578,0.000992964,93530,13,753.541921
1780995616.322599,0.001004307,99256,12,790.642702
1780995616.323602,0.000998850,94714,9,758.584372
1780995616.324590,0.000995019,91818,9,738.221079
1780995616.325584,0.001004463,87672,12,698.259667
1780995616.326685,0.001003407,87672,12,698.994526
1780995616.327651,0.000992055,109326,11,881.612411
1780995616.328620,0.001008508,91818,9,728.347222
1780995616.329601,0.000993566,84776,12,682.599847
1780995616.330600,0.000998763,90436,10,724.384063
1780995616.331598,0.001000107,103402,9,827.127497
1780995616.332608,0.001008146,83064,8,659.142624
1780995616.333624,0.000997977,101954,9,817.285368
1780995616.334742,0.001007266,90238,7,716.696483
1780995616.335611,0.000999360,83052,8,664.841499
1780995616.336652,0.000988770,88856,8,718.921488
1780995616.337627,0.000998089,96426,13,772.884983
1780995616.338627,0.000999741,100638,11,805.312576
1780995616.339640,0.001013440,90370,9,713.372277
1780995616.340574,0.001000775,87474,9,699.250081
1780995616.341587,0.000985915,94846,11,769.607928
1780995616.342601,0.001001798,103468,10,826.258387
1780995616.343599,0.000998310,74442,9,596.544160
1780995616.344612,0.001008441,92016,12,729.966354
1780995616.345593,0.000999515,106364,10,851.324893
1780995616.346612,0.000999513,90304,8,722.783996
1780995616.347606,0.000999895,92016,12,736.205302
1780995616.348594,0.001004804,90436,10,720.028981
1780995616.349574,0.000987367,102020,10,826.602469
1780995616.350671,0.001006243,68650,9,545.792617
1780995616.351681,0.000997489,87606,11,702.612259
1780995616.352612,0.001003729,115118,11,917.522558
1780995616.353652,0.001000624,93266,9,745.662706
1780995616.354609,0.000992073,75956,10,612.503314
1780995616.355602,0.001009667,92016,12,729.079984
1780995616.356604,0.000990410,107812,10,870.847427
1780995616.357630,0.000999856,87672,12,701.477013
1780995616.358631,0.001000458,105048,12,839.999280
1780995616.359623,0.001006924,87408,8,694.455589
1780995616.360603,0.001000831,94714,9,757.082864
1780995616.361626,0.000999770,87738,13,702.065475
1780995616.362633,0.001001927,96294,11,768.870387
1780995616.363591,0.000989971,102020,10,824.428190
1780995616.364592,0.000999973,85960,8,687.698568
1780995616.365574,0.001000210,86026,9,688.063507
1780995616.366614,0.001000914,90436,10,722.827336
1780995616.367586,0.000999378,109392,12,875.680673
1780995616.368605,0.000999744,84512,8,676.269125
1780995616.369574,0.001000159,96360,12,770.757450
1780995616.370660,0.001010291,95058,13,752.717781
1780995616.371673,0.000999019,100638,11,805.894583
1780995616.372597,0.000990413,88790,7,717.195756
1780995616.373645,0.001002735,91950,11,733.593621
1780995616.374638,0.001010891,102152,12,808.411589
1780995616.375599,0.000986791,91884,10,744.911536
1780995616.376652,0.001014502,87540,10,690.309137
1780995616.377590,0.000992662,87606,11,706.028840
1780995616.378603,0.000996563,112288,12,901.402119
1780995616.379585,0.001004967,88856,8,707.334669
1780995616.380610,0.000990779,81880,12,661.136338
1780995616.381616,0.001000284,107944,12,863.306821
1780995616.382592,0.001004431,106298,9,846.632571
1780995616.383605,0.001008259,92016,12,730.098120
1780995616.384591,0.000987193,94714,9,767.541909
1780995616.385686,0.001003756,88922,9,708.714070
1780995616.386685,0.001011317,99058,9,783.596044
1780995616.387655,0.000985819,74574,11,605.173972
1780995616.388623,0.001006598,109570,13,870.814367
1780995616.389594,0.000994754,93266,9,750.062830
1780995616.390589,0.000997598,84512,8,677.723893
1780995616.391601,0.001004519,89120,12,709.752628
1780995616.392572,0.000995375,109458,13,879.732764
1780995616.393564,0.001000227,91752,8,733.849416
1780995616.394598,0.001001878,85960,8,686.390958
1780995616.395608,0.001001089,88988,10,711.129580
1780995616.396595,0.001004056,87540,10,697.490977
1780995616.397597,0.000993769,109326,11,880.091852
1780995616.398618,0.001008759,91818,9,728.165994
1780995616.399605,0.001003623,84446,7,673.129253
1780995616.400583,0.000996372,94714,9,760.470989
1780995616.401575,0.000991759,84710,11,683.311167
1780995616.402575,0.000999000,110906,13,888.136136
1780995616.403630,0.001011326,86026,9,680.500650
1780995616.404608,0.001002721,81814,11,652.735906
1780995616.405576,0.000988575,96228,10,778.720886
1780995616.406594,0.001003881,100572,10,801.465512
1780995616.407607,0.000998651,91884,10,736.064952
1780995616.408593,0.000995203,83262,11,669.306664
1780995616.409563,0.001002773,107812,10,860.110912
1780995616.410620,0.001009870,91818,9,727.364908
1780995616.411604,0.000998176,93200,8,746.962460
1780995616.412586,0.000989468,93266,9,754.069864
1780995616.413580,0.000999897,84512,8,676.165645
1780995616.414668,0.001004502,80234,9,638.995243
1780995616.415597,0.001004857,110840,12,882.434018
1780995616.416599,0.000989941,96162,9,777.112979
1780995616.417595,0.000999982,78852,10,630.827355
1780995616.418984,0.001000037,96492,14,771.907439
1780995616.419657,0.001000402,93266,9,745.828177
1780995616.420622,0.001007838,107746,9,855.264437
1780995616.421584,0.000992476,91818,9,740.112607
1780995616.422615,0.001001436,78654,7,628.329719
1780995616.423634,0.000997595,77536,12,621.783389
1780995616.424606,0.001000082,106496,12,851.898144
1780995616.425606,0.001003067,107812,10,859.858813
1780995616.426620,0.000998982,78918,11,631.987363
1780995616.427645,0.001012463,105180,14,831.082222
1780995616.428621,0.000990972,93266,9,752.925411
1780995616.429633,0.001002367,88856,8,709.169396
1780995616.430667,0.000992241,83064,8,669.708266
1780995616.431581,0.001001981,93662,15,747.814579
1780995616.432606,0.001002786,110774,11,883.729928
1780995616.433633,0.001005463,87342,7,694.939545
1780995616.434606,0.000990412,88988,10,718.795814
1780995616.435720,0.001000921,94846,11,758.069818
1780995616.436643,0.000998695,110774,11,887.349992
1780995616.437638,0.001007737,74442,9,590.963714
1780995616.438732,0.001003659,109392,12,871.945551
1780995616.439596,0.000989176,91818,9,742.581704
1780995616.440579,0.001003882,94714,9,754.781937
1780995616.441597,0.000998455,75824,8,607.530635
1780995616.442615,0.001008751,100770,13,799.166494
1780995616.443595,0.000991525,104982,11,847.034618
1780995616.444598,0.001005584,83196,10,661.872106
1780995616.445584,0.001001736,99322,13,793.199007
1780995616.446649,0.000999178,96228,10,770.457316
1780995616.447589,0.000995137,86224,12,693.162851
1780995616.448642,0.001008439,102020,10,809.330064
1780995616.449605,0.000999838,91752,8,734.134930
1780995616.450609,0.000990967,93254,9,752.832334
1780995616.451583,0.001006580,97610,9,775.775398
1780995616.452581,0.000992092,73126,11,589.671119
1780995616.453577,0.000997775,113802,13,912.446193
1780995616.454762,0.000999252,88856,8,711.380112
1780995616.455642,0.001000399,92016,12,735.834402
1780995616.456666,0.000999448,78852,10,631.164403
1780995616.457786,0.001005271,109260,10,869.496882
1780995616.458727,0.000996644,104916,10,842.154270
1780995616.459616,0.000998812,71546,9,573.048782
1780995616.460588,0.001000579,110906,13,886.734581
1780995616.461629,0.001007716,96162,9,763.405563
1780995616.462603,0.001002304,81748,10,652.480685
1780995616.463628,0.000989407,83262,11,673.227499
1780995616.464614,0.001000222,113736,12,909.686050
1780995616.465600,0.001012391,90304,8,713.589907
1780995616.466607,0.000987468,80366,11,651.087428
1780995616.467613,0.001012699,105048,12,829.845788
1780995616.468601,0.000993025,100506,9,809.695627
1780995616.469578,0.000996123,75824,8,608.952910
1780995616.470621,0.001010256,99322,13,786.509558
1780995616.471623,0.000990501,100572,10,812.291961
1780995616.472668,0.001007921,101954,9,809.222151
1780995616.473607,0.000993599,72994,9,587.713957
1780995616.474630,0.001002456,87672,12,699.657641
1780995616.475884,0.000994116,103468,10,832.643273
1780995616.476982,0.001003264,83262,11,663.928936
1780995616.477936,0.001001059,89054,11,711.678333
1780995616.484411,0.000995457,119666,13,961.696989
1780995616.484699,0.001009168,81616,8,646.996338
1780995616.484805,0.000992579,73126,11,589.381802
1780995616.484888,0.000999200,110906,13,887.958367
1780995616.484954,0.001008317,107812,10,855.381790
1780995616.485027,0.000990668,83064,8,670.771641
1780995616.485134,0.001003547,83196,10,663.215574
1780995616.485677,0.001001394,84710,11,676.736629
1780995616.486801,0.001004245,96228,10,766.569911
1780995616.487957,0.001002843,113670,11,906.782019
1780995616.489706,0.000990276,84512,8,682.734914
1780995616.491828,0.000998076,93266,9,747.566318
1780995616.492027,0.001006656,77140,6,613.039608
1780995616.492199,0.000992871,74244,6,598.216687
1780995616.492630,0.000999675,126636,10,1013.417361
1780995616.493993,0.001000946,90304,8,721.749225
1780995616.494843,0.001000119,71414,7,571.244022
1780995616.496037,0.001002779,90700,14,723.589146
1780995616.496699,0.001008025,106430,11,844.661591
1780995616.497620,0.001001041,96294,11,769.550898
1780995616.498641,0.000987423,78852,10,638.850827
1780995616.499632,0.001012827,110774,11,874.968776
1780995616.500614,0.000990999,87408,8,705.615243
1780995616.501607,0.000996745,91686,7,735.883300
1780995616.502619,0.000999007,96162,9,770.060670
1780995616.503600,0.001002272,88856,8,709.236614
1780995616.504818,0.001005723,87342,7,694.759889
1780995616.505797,0.000992823,87342,7,703.787080
1780995616.508064,0.001009963,89054,11,705.404059
1780995616.508253,0.001001055,78918,11,630.678634
1780995616.508669,0.000997684,94846,11,760.529386
1780995616.509641,0.000999246,58250,5,466.351629
1780995616.510759,0.001002364,116566,11,930.328703
1780995616.511708,0.000999971,114986,9,919.914678
1780995616.512693,0.000989857,86092,10,695.793433
1780995616.513733,0.001000928,87606,11,700.198216
1780995616.514605,0.001009564,115118,11,912.219532
1780995616.515625,0.000995955,72928,8,585.793535
1780995616.516608,0.000999434,94846,11,759.197706
1780995616.517614,0.000996709,119462,11,958.851581
1780995616.520046,0.001002678,55552,8,443.229033
1780995616.520120,0.000995998,0,0,0.000000
1780995616.520694,0.001011307,40874,5,323.336039
1780995616.521696,0.000997378,87540,10,702.161066
1780995616.523222,0.000999061,113670,11,910.214692
1780995616.523639,0.001001967,104916,10,837.680283
1780995616.524600,0.000988566,122358,11,990.185784
1780995616.525597,0.000999708,99058,9,792.695467
1780995616.526710,0.000999712,90304,8,722.640120
1780995616.527645,0.001004447,90238,7,718.707906
1780995616.528634,0.000997719,90370,9,724.612842
1780995616.529596,0.000997271,89186,13,715.440437
1780995616.530605,0.001001964,102152,12,815.614134
1780995616.531627,0.000997866,88922,9,712.897323
1780995616.532612,0.001001493,93530,13,747.124543
1780995616.533590,0.000998849,91818,10,735.390434
1780995616.534682,0.001011104,88856,8,703.041428
1780995616.535591,0.001003331,89120,12,710.593015
1780995616.536577,0.000985283,107944,12,876.450725
1780995616.537695,0.001009072,84578,9,670.540853
1780995616.538680,0.000991582,73126,11,589.974405
1780995616.539589,0.001005579,102152,12,812.682047
1780995616.540633,0.000994355,93266,9,750.363804
1780995616.541630,0.001014878,80432,12,634.023006
1780995616.542675,0.000985269,97742,11,793.626918
1780995616.543634,0.001011424,110708,10,875.660455
1780995616.544609,0.001004625,91818,9,731.162374
1780995616.545592,0.000993979,77602,13,624.576576
1780995616.546598,0.000998383,105114,13,842.273957
1780995616.547599,0.001002713,86026,9,686.345943
1780995616.548650,0.000997655,88922,9,713.048098
1780995616.549632,0.000994695,86290,13,694.001679
1780995616.550678,0.001001028,99124,10,792.177641
1780995616.552350,0.001004098,103468,10,824.365749
1780995616.553077,0.001006310,93266,9,741.449454
1780995616.553968,0.000994124,87408,8,703.397162
1780995616.555074,0.001001285,87408,8,698.366599
1780995616.555665,0.000994845,85894,7,690.712624
1780995616.556726,0.000995975,73060,10,586.842039
1780995616.557687,0.001000078,110840,12,886.650841
1780995616.558660,0.000999116,91818,9,735.193911
1780995616.559655,0.001011659,94846,11,750.023476
1780995616.560676,0.000988004,97808,12,791.964405
1780995616.561677,0.001007601,101954,9,809.479149
1780995616.563161,0.000997261,77404,10,620.932735
1780995616.563654,0.001004243,100704,12,802.228146
1780995616.564678,0.000993637,99124,10,798.070120
1780995616.565623,0.001000893,92016,12,735.471224
1780995616.566668,0.001002615,96228,10,767.816161
1780995616.567635,0.001001105,86026,9,687.448370
1780995616.568578,0.000992730,91686,7,738.859509
1780995616.569583,0.001001026,87474,9,699.074749
1780995616.570623,0.001012619,88988,10,703.032434
1780995616.571621,0.000995066,81814,11,657.757375
1780995616.572626,0.000991657,109392,12,882.498687
1780995616.573608,0.000998797,91752,8,734.900085
1780995616.574632,0.001001086,91752,8,733.219723
1780995616.575591,0.000999314,81748,10,654.432941
1780995616.576658,0.001001989,94978,13,758.315710
1780995616.577585,0.001003943,100572,10,801.416017
1780995616.578626,0.000993667,91818,9,739.225515
1780995616.579619,0.001002855,97610,9,778.656934
1780995616.580625,0.001007495,93266,9,740.577373
1780995616.581635,0.000989724,80168,8,648.002878
1780995616.582682,0.001005721,83064,8,660.731952
1780995616.583643,0.001007246,87342,7,693.709382
1780995616.584590,0.000999555,88790,7,710.636233
1780995616.585572,0.000997241,85894,7,689.053097
1780995616.586657,0.000991402,97940,14,790.315129
1780995616.587700,0.001012273,109392,12,864.525676
1780995616.588645,0.000992667,87408,8,704.429582
1780995616.589628,0.000994186,81616,8,656.746323
1780995616.590601,0.000999718,87738,13,702.101993
1780995616.591584,0.001001226,109458,13,874.591751
1780995616.592638,0.001005850,97676,10,776.863349
1780995616.593615,0.000996938,87408,8,701.411723
1780995616.594683,0.001009225,78720,8,624.003567
1780995616.595987,0.000998069,91818,9,735.965149
1780995616.596673,0.000989888,100506,9,812.261589
1780995616.597634,0.000998964,76022,11,608.806724
1780995616.598590,0.001007400,107878,11,856.684534
1780995616.599594,0.001002936,97676,10,779.120502
1780995616.600604,0.000995031,90304,8,726.039691
1780995616.601623,0.000994747,88922,9,715.132592
1780995616.602664,0.001004588,81880,12,652.048402
1780995616.603642,0.000995199,102152,12,821.158381
1780995616.604617,0.001000847,88922,9,710.773974
1780995616.605643,0.001011099,90568,12,716.590561
1780995616.606691,0.000989211,107878,11,872.436720
1780995616.607646,0.001007718,87474,9,694.432371
1780995616.608711,0.000991711,86224,12,695.557476
1780995616.609674,0.001007326,106430,11,845.247715
1780995616.610701,0.001002038,80300,10,641.093452
1780995616.611599,0.000990497,105180,14,849.512921
1780995616.612601,0.001008002,96228,10,763.712770
1780995616.613599,0.000999184,93200,8,746.208906
1780995616.614596,0.001000335,85894,7,686.921881
1780995616.615597,0.000992484,87342,7,704.027470
1780995616.616788,0.000999846,74508,10,596.155808
1780995616.617588,0.001006389,99190,11,788.482386
1780995616.618672,0.001002549,112156,10,894.966730
1780995616.619634,0.000991752,81880,12,660.487703
1780995616.620622,0.000998919,103534,11,829.168331
1780995616.621625,0.001000082,98992,8,791.871067
1780995616.622648,0.001001558,85894,7,686.083083
1780995616.623639,0.000999862,87408,8,699.360512
1780995616.624619,0.001008522,88856,8,704.841342
1780995616.625685,0.000990612,84710,11,684.102353
1780995616.626643,0.001004068,96360,12,767.756765
1780995616.627602,0.000997225,99124,10,795.198676
1780995616.628693,0.001003479,90370,9,720.453542
1780995616.629674,0.001005806,87540,10,696.277413
1780995616.630654,0.001003577,86224,12,687.333408
1780995616.631712,0.000998390,115316,14,924.015665
1780995616.632643,0.000986992,85960,8,696.743236
1780995616.633621,0.001001653,93332,10,745.423814
1780995616.634771,0.000998526,90304,8,723.498437
1780995616.635682,0.001001436,92016,12,735.072436
1780995616.636611,0.001004758,100704,12,801.816955
1780995616.637564,0.000993569,87540,10,704.852909
1780995616.638590,0.001004002,94780,10,755.217619
1780995616.639616,0.001006744,105114,13,835.278879
1780995616.640698,0.000990090,93266,9,753.596138
1780995616.641623,0.001002766,84578,9,674.757620
1780995616.642645,0.000996269,94912,12,762.139543
1780995616.643618,0.001002010,110708,10,883.887386
1780995616.644644,0.001004813,81616,8,649.800510
1780995616.645566,0.000993167,81880,12,659.546682
1780995616.646709,0.001000777,102152,12,816.581516
1780995616.647626,0.001005715,96162,9,764.924457
1780995616.648615,0.000993558,91752,8,738.775190
1780995616.649604,0.001007566,88790,7,704.986075
1780995616.650764,0.000992693,99124,10,798.829044
1780995616.651642,0.001012005,85960,8,679.522334
1780995616.652623,0.000998766,87408,8,700.127958
1780995616.653628,0.000988868,96228,10,778.490152
1780995616.654677,0.001000207,87738,13,701.758736
1780995616.655643,0.001012150,102086,11,806.884355
1780995616.656605,0.000992700,100506,9,809.960713
1780995616.657656,0.001002267,78918,11,629.915980
1780995616.658655,0.000993099,103600,12,834.559294
1780995616.659653,0.001005931,94648,8,752.719620
1780995616.660607,0.000999263,96162,9,769.863389
1780995616.661581,0.000994713,101954,9,819.967166
1780995616.662656,0.001013797,86356,14,681.446088
1780995616.663609,0.000997051,107878,11,865.576585
1780995616.664588,0.000999405,80102,7,641.197513
1780995616.665626,0.000997632,92016,12,737.875289
1780995616.666624,0.001004112,107944,12,860.015616
1780995616.667642,0.000987657,88856,8,719.731648
1780995616.668613,0.001004796,98992,8,788.156004
1780995616.669590,0.001010486,89120,12,705.561482
1780995616.670599,0.000986266,91818,9,744.772708
1780995616.671593,0.000998898,96096,8,769.616117
1780995616.672602,0.000999832,94648,8,757.311228
1780995616.673582,0.001005730,83328,12,662.826007
1780995616.674611,0.000997394,107944,12,865.808296
1780995616.675639,0.001011052,91818,9,726.514561
1780995616.676602,0.000986664,77470,11,628.136833
1780995616.677564,0.001003443,91950,11,733.076019
1780995616.678602,0.000996088,109392,12,878.572977
1780995616.679578,0.001009961,85894,7,680.374787
1780995616.680581,0.000996003,97610,9,784.013703
1780995616.681570,0.001006501,94912,12,754.391700
1780995616.682599,0.000999396,94714,9,758.169935
1780995616.683670,0.000989148,88856,8,718.646755
1780995616.684645,0.001002762,81880,12,653.235763
1780995616.685555,0.000995561,113736,12,913.945002
1780995616.686620,0.001000311,93266,9,745.896026
1780995616.687573,0.001000443,93266,9,745.797612
1780995616.688624,0.001005995,77272,8,614.492120
1780995616.689578,0.001005249,93530,13,744.332996
1780995616.690601,0.000988983,106430,11,860.924809
1780995616.691595,0.000999836,86026,9,688.320885
1780995616.692592,0.000999290,81880,12,655.505409
1780995616.693599,0.001002942,106430,11,848.942411
1780995616.694601,0.001012015,91818,9,725.823234
1780995616.695629,0.000985178,100506,9,816.144900
1780995616.696697,0.001004761,82998,7,660.837751
1780995616.697574,0.001005018,86224,12,686.347906
1780995616.698618,0.000997418,91884,10,736.974869
1780995616.699607,0.001001495,97742,11,780.768751
1780995616.700601,0.000991383,86092,10,694.722423
1780995616.701580,0.001008354,99256,12,787.469480
1780995616.702622,0.000998906,107878,11,863.969182
1780995616.703607,0.001001193,78786,9,629.536962
1780995616.704609,0.000992179,99388,14,801.371527
1780995616.705592,0.001006285,100572,10,799.550823
1780995616.706604,0.000999358,94648,8,757.670424
1780995616.707611,0.001007739,82998,7,658.884890
1780995616.708578,0.000989989,81748,10,660.597239
1780995616.709573,0.000998772,96294,11,771.299155
1780995616.710603,0.001001632,106364,10,849.525574
1780995616.711600,0.001000719,93200,8,745.064299
1780995616.712579,0.001000279,87342,7,698.541107
1780995616.713591,0.001007614,78918,11,626.573271
1780995616.714605,0.000987977,94780,10,767.467259
1780995616.715591,0.001011645,96162,9,760.440668
1780995616.716615,0.000994422,93530,13,752.437094
1780995616.717666,0.000999977,83064,8,664.527284
1780995616.718605,0.000998966,113604,10,909.772705
1780995616.719606,0.000994508,88856,8,714.773536
1780995616.720559,0.000999660,98992,8,792.205350
1780995616.721565,0.001008092,87540,10,694.698500
1780995616.722614,0.000995775,80300,10,645.125656
1780995616.723678,0.001003551,78852,10,628.583899
1780995616.724597,0.000992912,109392,12,881.383244
1780995616.725589,0.000999219,91818,9,735.118127
1780995616.726601,0.001014567,87606,11,690.785330
1780995616.727606,0.000992995,99190,11,799.117820
1780995616.728603,0.001000173,100572,10,804.436832
1780995616.729631,0.000993846,91950,11,740.154913
1780995616.730661,0.001001158,96228,10,768.933575
1780995616.731595,0.001006314,85894,7,682.840545
1780995616.732668,0.000991983,107812,10,869.466513
1780995616.733575,0.001004278,84512,8,673.215982
1780995616.734619,0.001007900,87738,13,696.402421
1780995616.735632,0.001002763,96228,10,767.702837
1780995616.736585,0.000985142,93266,9,757.381169
1780995616.737657,0.001004556,92016,12,732.789411
1780995616.738623,0.001007326,115184,12,914.770392
1780995616.739671,0.000998904,88856,8,711.627944
1780995616.740607,0.000996628,90304,8,724.876283
1780995616.741578,0.000992490,84446,7,680.679906
1780995616.742726,0.000999287,76022,11,608.609939
1780995616.743698,0.001007586,93332,10,741.034512
1780995616.744687,0.001007285,109260,10,867.758380
1780995616.745587,0.000985609,85894,7,697.185192
1780995616.746806,0.001013771,91884,10,725.086829
1780995616.747612,0.000990656,87408,8,705.859552
1780995616.748588,0.001001455,85960,8,686.680879
1780995616.749609,0.001008987,93266,9,739.482273
1780995616.750674,0.000992560,94648,8,762.859676
1780995616.751613,0.000996298,72994,9,586.121823
1780995616.752568,0.000995702,94912,12,762.573541
1780995616.753687,0.001004447,104916,10,835.612033
1780995616.754627,0.001005656,87672,12,697.431328
1780995616.755630,0.001004539,91818,9,731.224970
1780995616.756634,0.000986635,110708,10,897.661243
1780995616.757620,0.001001096,84446,7,674.828388
1780995616.758603,0.000998315,91752,8,735.254905
1780995616.759604,0.001001800,77338,9,617.592334
1780995616.760637,0.001006407,87540,10,695.861615
1780995616.761687,0.000991743,115118,11,928.611546
1780995616.762656,0.001008206,91818,9,728.565392
1780995616.763606,0.000997187,75956,10,609.362136
1780995616.764592,0.000994197,96360,12,775.379527
1780995616.765570,0.000999876,103468,10,827.846653
1780995616.766686,0.000999636,90238,7,722.166869
1780995616.767602,0.001000416,96162,9,768.976106
1780995616.768660,0.000999680,80432,12,643.661972
1780995616.769743,0.001006611,103600,12,823.356788
1780995616.770745,0.001006451,101954,9,810.404083
1780995616.771699,0.000990217,78786,9,636.515027
1780995616.772674,0.000997450,105246,15,844.120507
1780995616.773638,0.000999656,93332,10,746.912938
1780995616.774756,0.001005824,93332,10,742.332655
1780995616.775777,0.000994509,103600,12,833.376068
1780995616.776678,0.001005080,86026,9,684.729574
1780995616.777754,0.000995499,73126,11,587.653026
1780995616.778680,0.001006973,105048,12,834.564581
1780995616.779691,0.000993290,91752,8,738.974519
1780995616.780649,0.001009610,93200,8,738.502986
1780995616.781659,0.000990504,87408,8,705.967871
1780995616.782679,0.001010680,86224,12,682.502869
1780995616.783692,0.000988510,104916,10,849.083975
1780995616.784637,0.001000186,88856,8,710.715807
1780995616.785611,0.001002612,84710,11,675.914511
1780995616.786610,0.000996787,100836,14,809.288243
1780995616.787703,0.001006268,100638,11,800.089042
1780995616.788606,0.000994141,90304,8,726.689675
1780995616.789612,0.000999466,85960,8,688.047417
1780995616.790578,0.001008466,89054,11,706.451184
1780995616.791683,0.001004904,97808,12,778.645522
1780995616.792638,0.000987518,102086,11,827.010748
1780995616.793691,0.000999381,85894,7,687.577611
1780995616.794725,0.001009020,85894,7,681.009296
1780995616.795609,0.001003348,94648,8,754.657407
1780995616.796695,0.000991194,96096,8,775.597915
1780995616.797575,0.000995977,88790,7,713.189160
1780995616.798620,0.001010784,90304,8,714.724412
1780995616.799587,0.000989583,87408,8,706.624912
1780995616.800610,0.000999187,94648,8,757.800091
1780995616.801651,0.001013790,84842,13,669.503546
1780995616.802703,0.000994905,110840,12,891.260975
1780995616.803755,0.000993416,70098,9,564.500672
1780995616.804610,0.001009066,96492,14,765.000505
1780995616.805568,0.000992572,110774,11,892.823896
1780995616.806610,0.000999328,100440,8,804.060329
1780995616.807599,0.000998260,87408,8,700.482840
1780995616.808668,0.001007591,94648,8,751.479519
1780995616.809629,0.001003613,93266,9,743.441944
1780995616.810644,0.000988602,77140,6,624.235031
1780995616.811737,0.001005744,89120,12,708.888146
1780995616.812865,0.001005128,90436,10,719.796882
1780995616.814229,0.000996953,123938,13,994.534346
1780995616.814683,0.000993357,49760,8,400.742130
1780995616.815813,0.001008205,99190,11,787.062155
1780995616.816837,0.000993880,107878,11,868.338230
1780995616.817641,0.000995788,107812,10,866.144199
1780995616.818686,0.001001568,74508,10,595.130835
1780995616.819639,0.001003248,112288,12,895.395755
1780995616.820651,0.000996905,96162,9,771.684363
1780995616.821662,0.000998556,94714,9,758.807718
1780995616.822586,0.001001377,78786,9,629.421287
1780995616.823655,0.001004178,90568,12,721.529450
1780995616.824632,0.000996959,102086,11,819.179124
1780995616.825610,0.001010384,98992,8,783.797051
1780995616.826651,0.001003926,73060,10,582.194305
1780995616.827651,0.000996736,93398,11,749.630795
1780995616.828615,0.000987261,106364,10,861.891638
1780995616.829626,0.001009862,84908,14,672.630518
1780995616.830706,0.000990946,103600,12,836.372517
1780995616.831682,0.001008939,88856,8,704.550027
1780995616.832736,0.000993357,73192,12,589.451728
1780995616.833648,0.001004764,116698,13,929.157494
1780995616.834703,0.000991905,93332,10,752.749507
1780995616.835687,0.001011465,77470,11,612.734993
1780995616.836632,0.000997154,115118,11,923.572487
1780995616.837629,0.000996289,85894,7,689.711519
1780995616.838588,0.001001660,86224,12,688.648843
1780995616.839600,0.000998291,100704,12,807.011182
1780995616.840581,0.000994622,100506,9,808.395551
1780995616.841594,0.000999982,87408,8,699.276587
1780995616.842629,0.001006398,91818,9,729.874264
1780995616.843601,0.001000988,88856,8,710.146375
1780995616.844610,0.000993118,78852,10,635.187359
1780995616.845581,0.001002991,94912,12,757.031718
1780995616.846682,0.000998305,104916,10,840.753076
1780995616.847610,0.000997986,85960,8,689.067783
1780995616.848572,0.001009151,90436,10,716.927397
1780995616.849594,0.001003159,86224,12,687.619809
1780995616.850609,0.000988332,110774,11,896.654161
1780995616.851601,0.001005896,94648,8,752.745811
1780995616.852593,0.000993424,88856,8,715.553480
1780995616.853639,0.001012740,76088,12,601.046665
1780995616.854686,0.001000412,102086,11,816.351663
1780995616.855614,0.000995660,100572,10,808.083081
1780995616.856599,0.000994520,71612,10,576.052769
1780995616.857595,0.001004601,100704,12,801.942264
1780995616.858626,0.000992052,103468,10,834.375617
1780995616.859602,0.001001688,107944,12,862.096781
1780995616.860609,0.000998251,96294,11,771.701706
1780995616.861608,0.001000301,91752,8,733.795128
1780995616.862658,0.001000124,87474,9,699.705237
1780995616.863636,0.001004905,96492,14,768.168135
1780995616.864623,0.001000321,91950,11,735.363948
1780995616.865633,0.000995289,99058,9,796.214969
1780995616.866645,0.001000688,88922,9,710.886910
1780995616.867610,0.000998477,94714,9,758.867756
1780995616.868624,0.001006975,80102,7,636.377269
1780995616.869587,0.000996696,99124,10,795.620731
1780995616.870832,0.001004041,81616,8,650.300137
1780995616.871675,0.000997751,94860,10,760.590568
1780995616.872647,0.000996663,87474,9,702.135025
1780995616.873630,0.000998611,100836,14,807.810048
1780995616.874650,0.000999535,94780,10,758.592746
1780995616.875607,0.001000411,93266,9,745.821467
1780995616.876609,0.001005558,84512,8,672.359029
1780995616.877562,0.000998286,77206,7,618.708466
1780995616.878603,0.001007080,87474,9,694.872304
1780995616.879604,0.000999944,85960,8,687.718512
1780995616.880575,0.000989353,86092,10,696.147887
1780995616.881638,0.001002676,105180,14,839.194316
1780995616.882673,0.001000808,99256,12,793.406927
1780995616.883632,0.000995723,85960,8,690.633841
1780995616.884629,0.001001227,87408,8,698.407055
1780995616.885595,0.000999152,99442,15,796.211187
1780995616.886863,0.001000414,84644,10,676.871775
1780995616.887609,0.001000064,84512,8,676.052733
1780995616.888598,0.001013488,94892,10,749.033042
1780995616.889581,0.000988798,90304,8,730.616365
1780995616.890597,0.000998459,87474,9,700.872044
1780995616.891598,0.001000930,87408,8,698.614289
1780995616.892591,0.001000335,99124,10,792.726437
1780995616.893570,0.001012232,85960,8,679.369947
1780995616.894628,0.000991960,91818,9,740.497601
1780995616.895736,0.001000948,78654,7,628.636053
1780995616.896784,0.001000015,99058,9,792.452113
1780995616.897700,0.001000482,85960,8,687.348698
1780995616.898604,0.000994196,93266,9,750.483808
1780995616.899560,0.000998597,91818,9,735.576013
1780995616.900573,0.000998410,88856,8,711.980048
1780995616.901556,0.001001035,90370,9,722.212510
1780995616.903411,0.001002054,85960,8,686.270401
1780995616.903604,0.000998464,102020,10,817.415550
1780995616.904578,0.001003841,83064,8,661.969376
1780995616.905571,0.001003828,93266,9,743.282714
1780995616.906638,0.000992178,81748,10,659.139791
1780995616.907681,0.001008206,109524,14,869.060490
1780995616.908652,0.000992499,94780,10,763.970543
1780995616.909593,0.001002882,78720,8,627.950247
1780995616.910604,0.000995483,97610,9,784.423240
1780995616.911579,0.001002249,85960,8,686.136878
1780995616.912596,0.001003497,90634,13,722.545259
1780995616.913596,0.000998021,110840,12,888.478299
1780995616.914671,0.000996035,77272,8,620.636825
1780995616.915606,0.001002892,93266,9,743.976420
1780995616.916582,0.001001995,96162,9,767.764310
1780995616.917593,0.000994909,83196,10,668.973745
1780995616.918670,0.001002516,102284,14,816.218395
1780995616.919593,0.001006826,86026,9,683.542141
1780995616.920579,0.001001746,94714,9,756.391341
1780995616.921566,0.000989963,96162,9,777.095710
1780995616.922613,0.001012691,71678,11,566.237875
1780995616.923635,0.000996052,113802,13,914.024569
1780995616.924652,0.000990671,94714,9,764.847260
1780995616.925665,0.001005329,88856,8,707.079971
1780995616.927043,0.000999853,88922,9,711.480588
1780995616.927644,0.001003204,87408,8,697.030714
1780995616.928640,0.000991520,100572,10,811.457157
1780995616.929619,0.001003480,87408,8,696.839000
1780995616.930594,0.000996428,90370,9,725.551671
1780995616.931617,0.001005508,94648,8,753.036276
1780995616.932652,0.000995134,84512,8,679.401970
1780995616.933645,0.001005758,93266,9,741.856391
1780995616.934654,0.001005220,83064,8,661.061260
1780995616.935643,0.000993636,93266,9,750.906771
1780995616.936593,0.001005776,90304,8,718.283196
1780995616.937608,0.000989120,87474,9,707.489486
1780995616.938609,0.001009632,97610,9,773.430319
1780995616.939620,0.001001762,90370,9,721.688385
1780995616.940612,0.000990608,83064,8,670.812269
1780995616.941587,0.000998083,88856,8,712.213313
1780995616.942646,0.001009364,78720,8,623.917635
1780995616.943668,0.000991637,107812,10,869.769886
1780995616.944643,0.001003824,91818,9,731.745804
1780995616.945635,0.001001200,85960,8,686.855773
1780995616.946670,0.001003925,90370,9,720.133476
1780995616.947665,0.000996362,97874,13,785.850926
1780995616.948655,0.001002971,93398,11,744.970692
1780995616.949646,0.000993701,96228,10,774.703860
1780995616.950683,0.001008923,83118,9,659.063179
1780995616.951649,0.000994394,91818,9,738.685068
1780995616.952626,0.000994124,85960,8,691.744692
1780995616.953635,0.001008242,102020,10,809.488198
1780995616.954672,0.000997032,75758,7,607.868153
1780995616.955649,0.000994967,99058,9,796.472647
1780995616.956609,0.001000289,87474,9,699.589819
1780995616.957697,0.000999953,93266,9,746.163070
1780995616.958668,0.000998966,93266,9,746.900295
1780995616.959689,0.001001446,84512,8,675.119777
1780995616.960671,0.001006117,86092,10,684.548616
1780995616.961566,0.000992210,103666,13,835.839187
1780995616.962817,0.001000051,91818,9,734.506540
1780995616.963693,0.001007592,94714,9,752.002795
1780995616.964631,0.000993052,87606,11,705.751562
1780995616.965632,0.001001854,97808,12,781.015996
1780995616.966707,0.001009834,97676,10,773.798466
1780995616.967587,0.000988336,84512,8,684.075051
1780995616.968606,0.001013598,92016,12,726.252420
1780995616.969554,0.000985947,96360,12,781.867585
1780995616.970604,0.001000324,97676,10,781.154906
1780995616.971594,0.001012924,90370,9,713.735680
1780995616.972590,0.000995073,94714,9,761.463732
1780995616.973727,0.000996804,93266,9,748.520271
1780995616.974664,0.000995418,87408,8,702.482776
1780995616.975596,0.001010817,90370,9,715.223428
1780995616.976586,0.000994586,93266,9,750.189526
1780995616.977654,0.001003861,84512,8,673.495633
1780995616.978616,0.000998384,94978,13,761.053863
1780995616.979607,0.000999680,94780,10,758.482714
1780995616.980830,0.001005955,99322,13,789.872310
1780995616.981620,0.000994573,96426,13,775.617275
1780995616.982613,0.001006050,94780,10,753.680235
1780995616.983602,0.000987172,88922,9,720.620115
1780995616.984580,0.001010756,94714,9,749.648778
1780995616.985605,0.001001791,81616,8,651.760697
1780995616.986702,0.000992864,96162,9,774.825152
1780995616.987611,0.000993294,81616,8,657.336096
1780995616.988629,0.001007847,97610,9,774.800143
1780995616.989590,0.000992355,94978,13,765.677605
1780995616.990711,0.001012118,97808,12,773.095627
1780995616.991651,0.000988090,91818,9,743.397869
1780995616.992592,0.000998938,87672,12,702.121653
1780995616.993580,0.001002639,103600,12,826.618554
1780995616.994577,0.001004248,88922,9,708.366858
1780995616.995595,0.000993284,94714,9,762.835201
1780995616.996591,0.001000672,81616,8,652.489527
1780995616.997621,0.000999632,94714,9,757.990941
1780995616.998722,0.001011620,88856,8,702.682826
1780995616.999687,0.000989746,91818,9,742.154048
1780995617.000675,0.001010005,76022,11,602.151474
1780995617.001618,0.000990105,118212,14,955.147181
1780995617.002614,0.001011609,78654,7,622.011073
1780995617.003609,0.000999136,100902,15,807.914038
1780995617.004629,0.000992669,93398,11,752.702059
1780995617.005602,0.000999680,85960,8,687.900128
1780995617.006599,0.000995183,93266,9,749.739495
1780995617.007595,0.001007255,94714,9,752.254394
1780995617.008675,0.000998564,94714,9,758.801639
1780995617.009664,0.001008391,90370,9,716.944122
1780995617.010644,0.000998823,74376,8,595.709150
1780995617.011621,0.000988072,97610,9,790.306779
1780995617.012591,0.000998964,90370,9,723.709763
1780995617.013748,0.001000997,71480,8,571.270443
1780995617.014594,0.000999515,110906,13,887.678524
1780995617.015571,0.001001568,94714,9,756.525768
1780995617.016591,0.000997694,90370,9,724.630999
1780995617.017586,0.001012599,94714,9,748.284365
1780995617.018609,0.000987649,84512,8,684.550888
1780995617.019636,0.000999965,93266,9,746.154115
1780995617.020653,0.001011799,83064,8,656.762855
1780995617.021632,0.000992570,93266,9,751.713229
1780995617.022635,0.001011533,94714,9,749.072942
1780995617.023607,0.000984306,83064,8,675.107131
1780995617.024587,0.001010066,94714,9,750.160881
1780995617.025571,0.001000928,87408,8,698.615685
1780995617.026701,0.000997536,90370,9,724.745774
1780995617.027704,0.000992886,96162,9,774.807984
1780995617.028646,0.000999288,90370,9,723.475114
1780995617.029617,0.001001738,87408,8,698.050788
1780995617.030617,0.001006762,90370,9,718.104180
1780995617.031606,0.001001910,85960,8,686.369035
1780995617.032574,0.000988391,87408,8,707.477102
1780995617.033599,0.001010067,99124,10,785.088514
1780995617.034611,0.000996602,83064,8,666.777711
1780995617.035606,0.001005906,93266,9,741.747241
1780995617.036584,0.000996701,96162,9,771.842308
1780995617.037577,0.000991121,81616,8,658.777284
1780995617.038599,0.000999693,94714,9,757.944689
1780995617.039585,0.001008831,93266,9,739.596622
1780995617.040575,0.000991175,84512,8,682.115671
1780995617.041586,0.001013046,99058,9,782.258654
1780995617.042606,0.000991279,90370,9,729.320403
1780995617.043669,0.001007901,81682,9,648.333517
1780995617.044606,0.001000418,94978,13,759.506526
1780995617.045647,0.000988394,81682,9,661.129064
1780995617.046722,0.000999681,96162,9,769.541484
1780995617.047606,0.000999854,94714,9,757.822642
1780995617.048616,0.001005194,85960,8,684.126646
1780995617.049604,0.001001221,93266,9,745.218089
1780995617.050608,0.001003032,84512,8,674.052274
1780995617.051592,0.000990205,100572,10,812.534778
1780995617.052672,0.001000263,85960,8,687.499188
1780995617.053629,0.000999675,81616,8,653.140271
1780995617.054593,0.001007165,94714,9,752.321616
1780995617.055555,0.000992681,93266,9,751.629174
1780995617.056580,0.001009199,87408,8,692.890104
1780995617.057571,0.000991139,98006,15,791.057561
1780995617.058607,0.001000794,75956,10,607.165910
1780995617.059658,0.001010384,0,0,0.000000
1780995617.060589,0.000992872,0,0,0.000000
1780995617.061572,0.000996003,0,0,0.000000
1780995617.062577,0.001000591,0,0,0.000000
1780995617.063620,0.001000382,24814,3,198.436197
1780995617.064607,0.001002673,13098,1,104.504659
1780995617.065628,0.001009013,13098,1,103.848018
1780995617.066683,0.000992779,11650,1,93.877892
1780995617.067580,0.000995022,26196,2,210.616449
1780995617.068637,0.001008306,26196,2,207.841667
1780995617.069603,0.000991484,49496,4,399.369027
1780995617.070782,0.001008469,99058,9,785.808984
1780995617.071790,0.000992587,122358,11,986.174512
1780995617.072697,0.001006684,115118,11,914.829281
1780995617.073631,0.000992139,113670,11,916.565118
1780995617.074679,0.001006479,96162,9,764.343816
1780995617.075607,0.000992874,83064,8,669.281299
1780995617.076632,0.001011611,93266,9,737.564143
1780995617.077597,0.000988299,96162,9,778.404106
1780995617.078665,0.001009302,81616,8,646.910439
1780995617.079653,0.000992073,94714,9,763.766376
1780995617.080637,0.000999904,84512,8,676.160911
1780995617.081614,0.001004516,93266,9,742.773634
1780995617.082669,0.001008252,87408,8,693.540900
1780995617.083628,0.000986747,102020,10,827.121846
1780995617.084631,0.001000587,83064,8,664.122160
1780995617.085582,0.000999568,93266,9,746.450467
1780995617.086608,0.001003322,93266,9,743.657570
1780995617.087604,0.000996662,83064,8,666.737570
1780995617.088593,0.001011764,94714,9,748.901918
1780995617.089591,0.000996616,93266,9,748.661470
1780995617.090677,0.000997582,84512,8,677.734763
1780995617.091675,0.000997363,97610,9,782.944625
1780995617.092622,0.001003620,87672,12,698.846177
1780995617.093590,0.000994067,96294,11,774.949777
1780995617.094694,0.001013147,84578,9,667.843857
1780995617.095592,0.000992703,94714,9,763.281666
1780995617.096579,0.000992885,93266,9,751.474743
1780995617.097572,0.001000590,87408,8,698.851678
1780995617.098587,0.001003563,100572,10,801.719474
1780995617.099591,0.000996156,84512,8,678.704942
1780995617.100600,0.001011988,83064,8,656.640197
1780995617.101581,0.000998503,93266,9,747.246628
1780995617.102689,0.000999576,96162,9,769.622320
1780995617.103638,0.000996225,93266,9,748.955306
1780995617.104635,0.001002088,85960,8,686.247116
1780995617.105631,0.001000253,95110,15,760.687546
1780995617.106637,0.000993752,87606,11,705.254430
1780995617.107637,0.000998033,97676,10,782.948059
1780995617.108617,0.000999945,94714,9,757.753676
1780995617.109679,0.001000570,87408,8,698.865647
1780995617.110694,0.001010036,90370,9,715.776467
1780995617.111585,0.000995974,83064,8,667.198140
1780995617.112695,0.001000703,93266,9,745.603841
1780995617.113636,0.000999781,94714,9,757.877975
1780995617.114676,0.000997397,88856,8,712.703166
1780995617.115655,0.001000318,90370,9,722.730172
1780995617.116612,0.000999381,83064,8,664.923588
1780995617.117579,0.000995192,93266,9,749.732715
1780995617.118646,0.001008462,93266,9,739.867243
1780995617.119637,0.001001355,93266,9,745.118365
1780995617.120625,0.000998729,87408,8,700.153896
1780995617.121602,0.000999984,90370,9,722.971568
1780995617.122613,0.000990788,84512,8,682.382104
1780995617.123672,0.001008935,87408,8,693.071407
1780995617.124612,0.000995164,87474,9,703.192640
1780995617.125657,0.000997571,96162,9,771.169170
1780995617.126653,0.001005198,83064,8,661.075728
1780995617.127721,0.000994821,93266,9,750.012314
1780995617.128612,0.001014078,93266,9,735.769832
1780995617.129619,0.000991663,84512,8,681.780000
1780995617.130659,0.000993257,93266,9,751.193296
1780995617.131650,0.001010718,85960,8,680.387606
1780995617.132594,0.000988670,93266,9,754.678507
1780995617.133570,0.001000448,81616,8,652.635619
1780995617.134661,0.001000598,100506,9,803.567467
1780995617.135590,0.001002822,74442,9,593.860127
1780995617.136582,0.000996655,106562,13,855.357170
1780995617.137731,0.001001692,96294,11,769.050766
1780995617.138737,0.001006825,85960,8,683.018399
1780995617.139608,0.000993033,81616,8,657.508864
1780995617.140589,0.000997977,102152,12,818.872579
1780995617.141610,0.001000865,103732,14,829.138795
1780995617.142601,0.001003886,88988,10,709.148250
1780995617.143615,0.001005566,96162,9,765.037800
1780995617.144586,0.000995732,80168,8,644.092989
1780995617.145670,0.001000623,94714,9,757.240239
1780995617.146608,0.000997777,93266,9,747.790338
1780995617.147608,0.001005516,84512,8,672.387113
1780995617.148600,0.001000751,93266,9,745.568078
1780995617.149575,0.000990318,99058,9,800.211649
1780995617.150608,0.001011005,81814,11,647.387501
1780995617.151634,0.000999673,102218,13,818.011490
1780995617.152677,0.000988846,86026,9,695.970859
1780995617.153642,0.001006795,103468,10,822.157440
1780995617.154610,0.000998027,84512,8,677.432574
1780995617.155592,0.001006105,91752,8,729.562024
1780995617.156599,0.000996699,94978,13,762.340486
1780995617.157581,0.000993923,93398,11,751.752399
1780995617.158601,0.001001630,97676,10,780.136378
1780995617.159700,0.000996922,83064,8,666.563683
1780995617.160598,0.001001195,93266,9,745.237441
1780995617.161605,0.001003664,84512,8,673.627828
1780995617.162608,0.001008048,93266,9,740.171103
1780995617.163605,0.000997804,97610,9,782.598586
1780995617.164581,0.000996539,85960,8,690.068326
1780995617.165674,0.000997575,90370,9,724.717440
1780995617.166624,0.001001950,81616,8,651.657268
1780995617.167616,0.000993289,104916,10,844.998787
1780995617.168722,0.001008976,85960,8,681.562297
1780995617.169595,0.000995074,91818,9,738.180276
1780995617.170610,0.001000721,83064,8,664.033232
1780995617.171594,0.001000321,88922,9,711.147722
1780995617.172582,0.000999018,96360,12,771.637748
1780995617.173566,0.001006423,93332,10,741.890835
1780995617.174606,0.000991030,96162,9,776.259044
1780995617.175621,0.001006664,74508,10,592.118125
1780995617.176608,0.000995747,97808,12,785.806033
1780995617.177617,0.001000091,100638,11,805.030742
1780995617.178725,0.001000781,88856,8,710.293261
1780995617.179661,0.000995143,90370,9,726.488555
1780995617.180639,0.001011581,84842,13,670.965548
1780995617.181587,0.000988009,115316,14,933.724288
1780995617.182669,0.001009232,91818,9,727.824722
1780995617.183660,0.001003244,80366,11,640.849086
1780995617.184619,0.000988131,106628,14,863.270153
1780995617.185647,0.001000248,94780,10,758.052003
1780995617.186598,0.001011674,81616,8,645.393674
1780995617.187653,0.000992600,93332,10,752.222446
1780995617.188704,0.000996464,94714,9,760.400777
1780995617.189640,0.001003803,88856,8,708.154887
1780995617.190638,0.001005117,88922,9,707.754421
1780995617.191660,0.000999833,94714,9,757.838559
1780995617.192629,0.000993659,83262,11,670.346668
1780995617.193667,0.000999412,108142,15,865.644999
1780995617.194709,0.000996392,93332,10,749.359690
1780995617.195584,0.001000460,85960,8,687.363813
1780995617.196589,0.001010105,90370,9,715.727573
1780995617.197557,0.000989302,88856,8,718.534886
1780995617.198703,0.001000489,92148,14,736.823693
1780995617.199690,0.001000407,100638,11,804.776456
1780995617.200664,0.001003310,85960,8,685.411289
1780995617.201648,0.000996789,93266,9,748.531535
1780995617.202593,0.001008654,94714,9,751.211020
1780995617.203584,0.000990794,83064,8,670.686338
1780995617.204574,0.000999949,52392,4,419.157377
1780995617.205559,0.001000316,119462,11,955.394095
1780995617.206598,0.000999400,102020,10,816.649990
1780995617.207598,0.001001591,94714,9,756.508395
1780995617.208613,0.001007033,90436,10,718.435245
1780995617.209581,0.000994968,85960,8,691.157907
1780995617.210610,0.001001372,93266,9,745.105715
1780995617.211606,0.001005692,93266,9,741.905076
1780995617.212608,0.001003313,83064,8,662.317741
1780995617.213599,0.000988978,94714,9,766.156578
1780995617.214602,0.000996734,83064,8,666.689408
1780995617.215599,0.001000585,93266,9,745.691770
1780995617.216598,0.001003168,96162,9,766.866567
1780995617.217557,0.000996497,83064,8,666.847968
1780995617.218724,0.001006882,85960,8,682.979733
1780995617.219616,0.000997183,102020,10,818.465618
1780995617.220610,0.001006182,84512,8,671.942054
1780995617.221618,0.001001980,91818,9,733.092477
1780995617.222642,0.000998480,90436,10,724.589376
1780995617.223637,0.000995942,92082,13,739.657530
1780995617.224639,0.000993382,96294,11,775.484154
1780995617.225610,0.001000376,91818,9,734.267915
1780995617.226732,0.001013308,78720,8,621.489221
1780995617.227666,0.000999979,100440,8,803.536874
1780995617.228649,0.000996522,81814,11,656.796338
1780995617.229743,0.001002857,106562,13,850.067358
1780995617.230603,0.000990010,97676,10,789.293037
1780995617.231600,0.000997117,84512,8,678.050821
1780995617.232580,0.001004190,93266,9,743.014768
1780995617.233558,0.000998673,93266,9,747.119427
1780995617.234613,0.001008880,85960,8,681.627151
1780995617.235604,0.000993927,100572,10,809.492045
1780995617.236662,0.000994691,75824,8,609.829585
1780995617.237581,0.001005466,93266,9,742.071835
1780995617.238593,0.000994408,85960,8,691.547132
1780995617.239597,0.001002368,96426,13,769.585621
1780995617.240575,0.000997581,97874,13,784.890650
1780995617.241602,0.001012317,99124,10,783.343557
1780995617.242573,0.000993251,83064,8,669.027265
1780995617.243597,0.000995043,93266,9,749.844982
1780995617.244598,0.001006751,93266,9,741.124667
1780995617.245576,0.000995844,84512,8,678.917581
1780995617.246580,0.001003785,90436,10,720.759924
1780995617.247652,0.001003603,105114,13,837.893071
1780995617.248643,0.000995255,81748,10,657.101949
1780995617.249615,0.000998780,99124,10,793.960632
1780995617.250603,0.001004855,87408,8,695.885476
1780995617.251699,0.000990921,90370,9,729.583892
1780995617.252660,0.001009322,77206,7,611.943463
1780995617.253594,0.000998394,94780,10,759.459692
1780995617.254598,0.000991477,94912,12,765.823110
1780995617.255670,0.001014233,100638,11,793.805763
1780995617.256620,0.000990090,84512,8,682.863174
1780995617.257610,0.000997226,87408,8,701.209154
1780995617.258615,0.001001079,100572,10,803.708798
1780995617.259592,0.000997890,83064,8,665.917085
1780995617.260597,0.001006639,93266,9,741.207126
1780995617.261577,0.000994902,84512,8,679.560399
1780995617.262597,0.000999793,93266,9,746.282480
1780995617.263597,0.001005405,94714,9,753.638583
1780995617.264590,0.000992528,87606,11,706.124160
1780995617.265575,0.001000173,96426,13,771.274569
1780995617.266600,0.001007086,99124,10,787.412396
1780995617.267608,0.001001403,94714,9,756.650419
1780995617.268611,0.001005328,84512,8,672.512852
1780995617.269584,0.000994310,93266,9,750.397763
1780995617.270602,0.000991932,83064,8,669.916889
1780995617.271600,0.001007335,85960,8,682.672597
1780995617.272605,0.000992533,84512,8,681.182389
1780995617.273640,0.001001882,94714,9,756.288665
1780995617.274623,0.001000338,93266,9,745.875894
1780995617.275654,0.000999245,87408,8,699.792343
1780995617.276635,0.001006868,88922,9,706.523596
1780995617.277610,0.001000442,99058,9,792.113886
1780995617.278581,0.000995806,78720,8,632.412337
1780995617.279596,0.001000240,94714,9,757.530193
1780995617.280581,0.001001404,93266,9,745.081905
1780995617.281571,0.000993855,84512,8,680.276298
1780995617.282606,0.001011845,99058,9,783.187148
1780995617.283607,0.001002923,87672,12,699.331853
1780995617.284607,0.000997035,96360,12,773.172456
1780995617.285590,0.000988264,93398,11,756.057086
1780995617.286597,0.001000253,87408,8,699.087131
1780995617.287629,0.001012168,90370,9,714.268778
1780995617.288617,0.000993909,87408,8,703.549319
1780995617.289584,0.001001458,84446,7,674.584456
1780995617.290702,0.000994875,84644,10,680.640281
1780995617.291698,0.000998268,89054,11,713.668073
1780995617.292626,0.001005070,104982,11,835.619410
1780995617.293604,0.001009491,107878,11,854.910049
1780995617.294633,0.000989544,65688,8,531.056729
1780995617.295600,0.000996668,103468,10,830.511264
1780995617.296650,0.001006769,112156,10,891.215363
1780995617.297582,0.001003417,81550,7,650.178341
1780995617.298672,0.000992438,97610,9,786.830009
1780995617.299588,0.000995572,83064,8,667.467546
1780995617.300600,0.001007965,93266,9,740.232052
1780995617.301593,0.000996969,93200,8,747.866784
1780995617.302573,0.000995643,86092,10,691.749955
1780995617.303606,0.000999340,75890,9,607.520964
1780995617.304628,0.001006657,115118,11,914.853818
1780995617.305620,0.000996596,96096,8,771.393825
1780995617.306676,0.001004264,84710,11,674.802642
1780995617.307616,0.001006554,100572,10,799.337144
1780995617.308594,0.000987524,91818,9,743.823948
1780995617.309592,0.000998515,97808,12,783.627687
1780995617.310598,0.001009288,103534,11,820.649805
1780995617.311604,0.000994284,72994,9,587.309059
1780995617.312605,0.000996441,84710,11,680.100478
1780995617.313587,0.001006429,90436,10,718.866408
1780995617.314619,0.001007172,107746,9,855.829987
1780995617.315642,0.000987588,100572,10,814.687906
1780995617.316586,0.001004490,84578,9,673.599538
1780995617.317590,0.000994685,92016,12,740.061426
1780995617.318611,0.001008609,106496,12,844.696012
1780995617.319586,0.000999314,96162,9,769.824099
1780995617.320623,0.000998493,76022,11,609.093905
1780995617.321612,0.000993734,99256,12,799.054878
1780995617.322644,0.001012838,104982,11,829.210594
1780995617.323618,0.000993574,82998,7,668.278357
1780995617.324599,0.000993930,87342,7,703.003230
1780995617.325613,0.000999487,88790,7,710.684581
1780995617.326603,0.001000472,85894,7,686.827817
1780995617.327659,0.001010537,93200,8,737.825532
1780995617.328650,0.000989763,86290,13,697.459897
1780995617.329607,0.000998872,105048,12,841.333024
1780995617.330665,0.000999966,97610,9,780.906551
1780995617.331643,0.001012199,90370,9,714.246902
1780995617.332676,0.000991902,90238,7,727.797706
1780995617.333575,0.000997763,88856,8,712.441732
1780995617.336549,0.000999350,90304,8,722.901886
1780995617.336602,0.000999732,82998,7,664.161995
1780995617.336629,0.001003486,94714,9,755.079792
1780995617.337575,0.001005565,93200,8,741.473699
1780995617.338604,0.000995618,73060,10,587.052464
1780995617.339581,0.000995877,100704,12,808.967372
1780995617.340577,0.000999907,99124,10,793.065755
1780995617.341596,0.001011497,93266,9,737.647269
1780995617.342727,0.000999515,91818,9,734.900427
1780995617.343700,0.000994170,97808,12,787.052516
1780995617.344583,0.000994118,103468,10,832.641598
1780995617.345783,0.001003108,87408,8,697.097421
1780995617.346734,0.000997395,88856,8,712.704595
1780995617.347623,0.001007776,71546,9,567.951608
1780995617.348561,0.000991183,100638,11,812.265747
1780995617.349563,0.001007442,112222,11,891.144106
1780995617.350604,0.000992648,74508,10,600.478720
1780995617.351603,0.001005620,100704,12,801.129651
1780995617.352621,0.001006125,93266,9,741.585787
1780995617.353575,0.000988594,90502,11,732.369405
1780995617.354599,0.001009722,97874,13,775.453045
1780995617.355599,0.000989750,102020,10,824.612276
1780995617.356590,0.000999924,84578,9,676.675427
1780995617.357599,0.001009536,93530,13,741.172182
1780995617.358714,0.001005524,102020,10,811.676300
1780995617.359619,0.000985316,88856,8,721.441649
1780995617.361044,0.001000728,87672,12,700.865770
1780995617.361706,0.001001085,90568,12,723.758722
1780995617.362684,0.001013162,107944,12,852.333585
1780995617.363667,0.000992136,75890,9,611.932235
1780995617.364615,0.000998457,119726,15,959.288182
1780995617.365591,0.000998538,93266,9,747.220436
1780995617.366673,0.000995847,81880,12,657.771726
1780995617.367615,0.001006972,102152,12,811.557819
1780995617.368633,0.001001944,88988,10,710.522744
1780995617.369641,0.000991128,89186,13,719.874729
1780995617.370739,0.001003976,106496,12,848.593990
1780995617.371586,0.000996177,93346,9,749.633850
1780995617.372596,0.001004008,80300,10,639.835539
1780995617.373625,0.001008473,102218,13,810.873469
1780995617.374622,0.000987598,103468,10,838.138595
1780995617.375610,0.000999576,80234,9,642.144269
1780995617.376580,0.001000148,108076,14,864.480057
1780995617.377654,0.001010934,88856,8,703.159652
1780995617.378611,0.000989045,84842,13,686.253912
1780995617.379597,0.001000314,110840,12,886.441657
1780995617.380579,0.000999769,90304,8,722.598920
1780995617.381560,0.000999696,85960,8,687.889118
1780995617.382632,0.001013139,93398,11,737.494065
1780995617.383733,0.000993111,80366,11,647.387855
1780995617.384650,0.000994020,107944,12,868.747108
1780995617.385706,0.001009983,103402,9,819.039528
1780995617.386872,0.000996017,90358,9,725.754681
1780995617.387637,0.001000305,84512,8,675.889854
1780995617.388615,0.000994035,84954,13,683.710332
1780995617.389567,0.001002335,107944,12,861.540303
1780995617.390618,0.000998081,84578,9,677.924938
1780995617.391616,0.000999867,94978,13,759.925070
1780995617.392610,0.000999795,105048,12,840.556314
1780995617.393635,0.000999244,96162,9,769.878028
1780995617.394783,0.001013292,90700,14,716.081840
1780995617.395622,0.000989187,96228,10,778.239099
1780995617.396639,0.001010645,94780,10,750.253551
1780995617.397602,0.000988515,89186,13,721.777616
1780995617.398618,0.001007663,96228,10,763.969700
1780995617.399634,0.000994700,99124,10,797.217251
1780995617.400598,0.001007271,85960,8,682.715972
1780995617.401711,0.001000272,74310,7,594.318345
1780995617.402603,0.000989230,90238,7,729.763553
1780995617.403618,0.000999686,99058,9,792.712912
1780995617.404623,0.001009105,84776,12,672.088633
1780995617.405676,0.000990965,93398,11,753.996357
1780995617.406605,0.000999705,97676,10,781.638583
1780995617.407603,0.001010935,86158,11,681.808425
1780995617.408602,0.001001740,96426,13,770.068082
1780995617.409562,0.000990025,106430,11,860.018686
1780995617.410644,0.001007710,73060,10,580.008137
1780995617.411656,0.000992992,83262,11,670.796945
1780995617.412656,0.001004851,107812,10,858.332230
1780995617.413615,0.000997742,107812,10,864.447923
1780995617.414634,0.001005021,87408,8,695.770536
1780995617.415632,0.000993195,78984,12,636.201350
1780995617.416635,0.001007137,106430,11,845.406335
1780995617.417632,0.000989401,100572,10,813.195054
1780995617.418675,0.001000257,87342,7,698.556471
1780995617.419681,0.001010312,84512,8,669.195258
1780995617.420620,0.000995553,88856,8,714.023261
1780995617.421673,0.000998623,81880,12,655.943234
1780995617.422721,0.001003686,112354,13,895.531072
1780995617.423658,0.000994724,85894,7,690.796643
1780995617.424609,0.000997673,99124,10,794.841596
1780995617.425616,0.000998387,87342,7,699.864882
1780995617.426597,0.001000072,83262,11,666.048045
1780995617.427590,0.001005915,99322,13,789.903719
1780995617.428586,0.001006526,103468,10,822.377167
1780995617.429571,0.000987960,86026,9,696.595004
1780995617.430618,0.001008272,80366,11,637.653332
1780995617.431597,0.000991587,104916,10,846.449177
1780995617.432585,0.000999362,99058,9,792.969915
1780995617.433586,0.001001115,90370,9,722.154797
1780995617.434613,0.001010114,83064,8,657.858420
1780995617.435603,0.000989309,91752,8,741.948168
1780995617.436679,0.001007727,86158,11,683.978895
1780995617.437608,0.000995135,103600,12,832.851824
1780995617.438668,0.001009342,99058,9,785.129322
1780995617.439672,0.000987933,88988,10,720.599474
1780995617.440600,0.001002367,81880,12,653.493182
1780995617.441607,0.001006642,93332,10,741.729433
1780995617.442634,0.000996529,110840,12,889.808525
1780995617.443586,0.000994617,78654,7,632.637488
1780995617.444613,0.001000788,96162,9,768.690272
1780995617.445635,0.001008697,97808,12,775.717584
1780995617.446620,0.000998772,100626,11,805.997765
1780995617.447609,0.000991198,88856,8,717.160446
1780995617.448598,0.001000387,83460,14,667.421708
1780995617.449585,0.001008102,99190,11,787.142571
1780995617.450619,0.000992318,100506,9,810.272513
1780995617.451615,0.001001705,88922,9,710.165168
1780995617.452677,0.000999166,103468,10,828.434915
1780995617.453649,0.000999375,74574,11,596.965103
1780995617.454660,0.001007019,106496,12,846.029717
1780995617.455650,0.000991944,88922,9,717.153388
1780995617.456619,0.001000007,97874,13,782.986519
1780995617.457623,0.001000934,107944,12,862.746195
1780995617.458667,0.001011574,88856,8,702.714779
1780995617.459604,0.000997142,80168,8,643.182215
1780995617.460940,0.000997923,83328,12,668.011460
1780995617.461599,0.000992924,102020,10,821.976304
1780995617.462676,0.000999744,94714,9,757.906024
1780995617.463685,0.001003259,100506,9,801.436120
1780995617.464628,0.000996361,87342,7,701.287987
1780995617.465625,0.001001597,67136,8,536.231638
1780995617.466660,0.001009709,99190,11,785.889796
1780995617.467589,0.000989104,103468,10,836.862453
1780995617.468576,0.001003683,94648,8,754.405524
1780995617.469649,0.000997099,100440,8,805.857793
1780995617.470620,0.001008576,85894,7,681.309093
1780995617.471670,0.000991546,83130,9,670.710184
1780995617.472594,0.001002970,90568,12,722.398477
1780995617.473635,0.000996859,115118,11,923.845800
1780995617.474736,0.000999865,73060,10,584.558915
1780995617.475733,0.001008462,109392,12,867.792738
1780995617.476685,0.000994611,99124,10,797.288588
1780995617.477770,0.001008417,96162,9,762.874882
1780995617.478693,0.000992035,65820,10,530.787724
1780995617.479709,0.001007444,102086,11,810.653495
1780995617.480599,0.001001527,101954,9,814.388429
1780995617.481581,0.000986655,96096,8,779.165970
1780995617.482601,0.001001227,78786,9,629.515584
1780995617.483601,0.000999642,86224,12,690.039034
1780995617.484609,0.001005819,100572,10,799.921258
1780995617.485645,0.000999650,97610,9,781.153404
1780995617.486679,0.000997523,86158,11,690.975546
1780995617.487621,0.001006805,103600,12,823.198137
1780995617.488633,0.000991050,101954,9,822.997831
1780995617.489634,0.000999126,86092,10,689.338482
1780995617.490620,0.001005673,103732,14,825.174783
1780995617.491663,0.001005607,87474,9,695.890144
1780995617.492624,0.000992726,97544,8,786.069872
1780995617.493692,0.001001477,74310,7,593.603248
1780995617.494669,0.001006033,91884,10,730.663905
1780995617.495634,0.001001177,80300,10,641.644784
1780995617.496577,0.000986840,115184,12,933.760285
1780995617.497633,0.000999471,90304,8,722.814369
1780995617.498721,0.001008206,97610,9,774.524254
1780995617.499672,0.000992919,91752,8,739.250634
1780995617.500633,0.000998876,74442,9,596.206136
1780995617.501609,0.001003889,102350,15,815.628023
1780995617.502632,0.001004397,103534,11,824.646031
1780995617.503591,0.000991698,90304,8,728.479840
1780995617.504589,0.000999935,94714,9,757.761254
1780995617.505633,0.001004996,90304,8,718.840672
1780995617.506669,0.000995345,77404,10,622.128006
1780995617.507632,0.000999989,92016,12,736.136097
1780995617.508651,0.001006217,100572,10,799.604857
1780995617.509626,0.000997376,96162,9,771.319944
1780995617.510598,0.001001874,84446,7,674.304354
1780995617.511591,0.000994735,86158,11,692.912183
1780995617.512597,0.001004917,110906,13,882.906748
1780995617.513577,0.000994721,85960,8,691.329529
1780995617.514573,0.001000008,93266,9,746.122031
1780995617.515587,0.001000182,91818,9,734.410337
1780995617.516615,0.001000615,84776,12,677.791158
1780995617.517623,0.001003616,97742,11,779.118707
1780995617.519114,0.000995948,99058,9,795.688128
1780995617.519623,0.001012696,88922,9,702.457598
1780995617.520670,0.000993524,90304,8,727.140965
1780995617.521634,0.001002688,87474,9,697.916002
1780995617.522617,0.000999784,80300,10,642.538788
1780995617.523661,0.000992126,99256,12,800.349956
1780995617.524646,0.001005757,107812,10,857.559033
1780995617.525640,0.000993990,85894,7,691.306754
1780995617.526657,0.001012102,78852,10,623.273148
1780995617.527635,0.000987276,91950,11,745.080403
1780995617.528681,0.001002975,107878,11,860.464119
1780995617.529690,0.000998180,86026,9,689.462822
1780995617.530698,0.000999036,78984,12,632.481712
1780995617.531652,0.001000165,106496,12,851.827448
1780995617.532621,0.001007746,104916,10,832.876538
1780995617.533627,0.000993050,74574,11,600.767333
1780995617.534594,0.001009528,105048,12,832.452394
1780995617.535628,0.000999930,97544,8,780.406628
1780995617.536608,0.000993718,87342,7,703.153208
1780995617.537597,0.000997609,81748,10,655.551423
1780995617.538598,0.001001214,78918,11,630.578478
1780995617.539685,0.000996761,112156,10,900.163630
1780995617.540651,0.001000574,96294,11,769.910072
1780995617.541612,0.001010661,90568,12,716.901117
1780995617.542623,0.000995202,112222,11,902.104296
1780995617.543640,0.001002202,71678,11,572.164095
1780995617.544599,0.000998152,96294,11,771.778246
1780995617.545617,0.000993757,115052,10,926.198256
1780995617.546608,0.001002505,73060,10,583.019536
1780995617.547575,0.001005702,102152,12,812.582654
1780995617.548579,0.000998569,96096,8,769.869684
1780995617.549577,0.000998800,96162,9,770.220264
1780995617.550688,0.001004425,90238,7,718.723648
1780995617.551592,0.000990349,97544,8,787.956569
1780995617.552583,0.001003597,74640,12,594.979857
1780995617.553577,0.001007205,97676,10,775.818230
1780995617.554590,0.000994507,96228,10,774.075999
1780995617.555607,0.001001729,74574,11,595.562273
1780995617.556563,0.000992911,102086,11,822.518836
1780995617.557558,0.001006098,107746,9,856.743578
1780995617.558605,0.001004109,80234,9,639.245341
1780995617.559627,0.000995988,96360,12,773.985229
1780995617.560615,0.001004377,107812,10,858.737307
1780995617.561626,0.000991230,90304,8,728.823785
1780995617.562589,0.000997579,97610,9,782.775099
1780995617.563653,0.001008355,87408,8,693.470058
1780995617.564728,0.001000398,71678,11,573.195868
1780995617.565625,0.000997656,109524,14,878.250619
1780995617.566710,0.000993728,96228,10,774.682811
1780995617.567763,0.001004858,94714,9,754.048831
1780995617.568617,0.001003450,93266,9,743.562709
1780995617.569564,0.000997450,81616,8,654.597223
1780995617.570646,0.001006542,94714,9,752.787266
1780995617.571613,0.000996666,94714,9,760.246662
1780995617.572560,0.000991310,83064,8,670.337231
1780995617.573774,0.001000097,59698,5,477.537679
1780995617.574646,0.001007521,119462,11,948.561866
1780995617.575627,0.000992705,86158,11,694.329131
1780995617.576600,0.001002437,106628,14,850.950234
1780995617.577595,0.000998358,87474,9,700.942948
1780995617.580792,0.001007844,93266,9,740.320923
1780995617.580903,0.000990590,84512,9,682.518499
1780995617.581048,0.001010248,81814,11,647.872602
1780995617.582509,0.000999197,105114,13,841.587795
1780995617.582708,0.000992515,93266,9,751.754885
1780995617.583627,0.001002004,85960,8,686.304645
1780995617.584679,0.001008031,93266,9,740.183586
1780995617.585617,0.000987710,93266,9,755.412014
1780995617.586626,0.001007672,85960,8,682.444287
1780995617.587670,0.001005660,91818,9,730.409880
1780995617.588657,0.000986766,83064,8,673.424094
1780995617.589577,0.000999783,176330,9,1410.946175
1780995617.590595,0.001008436,85960,8,681.927262
1780995617.591615,0.000991311,83064,8,670.336554
1780995617.592561,0.001001244,94780,10,757.297921
1780995617.593597,0.001010597,93266,9,738.304190
1780995617.594580,0.000988678,84446,7,683.304372
1780995617.595587,0.000999709,78786,9,630.471467
1780995617.596580,0.001000020,87606,11,700.833983
1780995617.597583,0.001007855,104982,11,833.310347
1780995617.598617,0.001000995,101888,8,814.293778
1780995617.599583,0.001000324,80168,8,641.136272
1780995617.600585,0.000992776,84710,11,682.611183
1780995617.601563,0.001000828,110774,11,885.458840
1780995617.602612,0.000999857,88790,7,710.421590
1780995617.603595,0.000997255,96162,9,771.413530
1780995617.604593,0.001001880,86026,9,686.916597
1780995617.605658,0.001002764,84842,13,676.865145
1780995617.606592,0.000995662,91818,9,737.744335
1780995617.607659,0.001002636,110708,10,883.335528
1780995617.608655,0.001009987,90304,8,715.288415
1780995617.609681,0.001000170,90238,7,721.781297
1780995617.610844,0.000988788,75890,9,614.004215
1780995617.611772,0.001011991,100770,13,796.607875
1780995617.612645,0.000993194,107812,10,868.406374
1780995617.613740,0.000998646,93266,9,747.139627
1780995617.614715,0.000997533,82998,7,665.626100
1780995617.615672,0.000996838,94648,8,759.585810
1780995617.616617,0.001000949,90304,8,721.747062
1780995617.617609,0.000999596,87474,9,700.074830
1780995617.618608,0.000999571,93200,8,745.920000
1780995617.619638,0.001007403,83064,8,659.628768
1780995617.620612,0.000993059,86290,13,695.145001
1780995617.621578,0.000999625,102086,11,816.994373
1780995617.622582,0.001009324,100440,8,796.097190
1780995617.623582,0.000990404,87342,7,705.506036
1780995617.624588,0.001000312,87342,7,698.518062
1780995617.625642,0.001000210,92016,12,735.973446
1780995617.626647,0.001006055,105114,13,835.850923
1780995617.627636,0.001003056,93200,8,743.328388
1780995617.628594,0.000999424,82998,7,664.366675
1780995617.629589,0.000992551,101954,9,821.753240
1780995617.630678,0.001001149,73126,11,584.336597
1780995617.631600,0.001007778,102086,11,810.384827
1780995617.632559,0.000990944,93398,11,754.012336
1780995617.633631,0.001008980,84710,11,671.648596
1780995617.634601,0.001001868,109392,12,873.504294
1780995617.635605,0.000995337,93200,8,749.093021
1780995617.636591,0.000993135,81748,10,658.504634
1780995617.637614,0.001008691,103732,14,822.705863
1780995617.638574,0.001000206,97676,10,781.247063
1780995617.639633,0.001000305,76154,13,609.046241
1780995617.640591,0.000990639,107944,12,871.712097
1780995617.641598,0.000999664,94648,8,757.438499
1780995617.642619,0.001010487,84644,10,670.124405
1780995617.643614,0.000994514,90568,12,728.540775
1780995617.644597,0.001008203,106430,11,844.512464
1780995617.645594,0.000986406,99058,9,803.385219
1780995617.646701,0.001009039,73192,12,580.290752
1780995617.647606,0.000991190,103534,11,835.633935
1780995617.648587,0.001010227,102020,10,807.897631
1780995617.649565,0.000996029,84446,7,678.261376
1780995617.650614,0.001002705,88856,8,708.930343
1780995617.651577,0.000992930,91752,8,739.242444
1780995617.652593,0.000998070,93200,8,747.041791
1780995617.653580,0.001008744,87474,9,693.726059
1780995617.654674,0.001004002,84776,12,675.504630
1780995617.655617,0.000995642,116632,12,937.140056
1780995617.656581,0.000997011,80168,8,643.266724
1780995617.657583,0.000994582,87342,7,702.542375
1780995617.658905,0.000999977,93398,11,747.201186
1780995617.659610,0.001007735,94846,11,752.943978
1780995617.660600,0.000999442,97742,11,782.372564
1780995617.661578,0.000992829,100506,9,809.855474
1780995617.662606,0.001009953,78852,10,624.599363
1780995617.663613,0.000997945,96228,10,771.409246
1780995617.664600,0.001000070,91818,9,734.492586
1780995617.665602,0.000992977,85960,8,692.543735
1780995617.666582,0.001004438,87408,8,696.174378
1780995617.667612,0.000999656,87540,10,700.560993
1780995617.668668,0.000995204,102218,13,821.684800
1780995617.669616,0.001000140,96228,10,769.716240
1780995617.670690,0.001003241,90370,9,720.624456
1780995617.671683,0.000998740,89120,12,713.859463
1780995617.672647,0.000998451,104982,11,841.158955
1780995617.673620,0.000999107,88856,8,711.483355
1780995617.674633,0.001000240,90370,9,722.786531
1780995617.675613,0.001013218,94648,8,747.306108
1780995617.676619,0.000987431,90370,9,732.162551
1780995617.677726,0.001004360,91752,8,730.829583
1780995617.678684,0.000995389,89120,12,716.262687
1780995617.679676,0.001006379,102152,12,812.036022
1780995617.680671,0.001003538,106364,10,847.912087
1780995617.681617,0.001001613,78654,7,628.218683
1780995617.682669,0.000999522,96096,8,769.135647
1780995617.683634,0.000996512,85960,8,690.087024
1780995617.684657,0.000992331,80102,7,645.768398
1780995617.685624,0.001006619,83130,9,660.667045
1780995617.686649,0.000996223,92082,13,739.448898
1780995617.687638,0.001002721,99190,11,791.366691
1780995617.688615,0.000994676,96360,12,775.006133
1780995617.689619,0.001002300,93332,10,744.942632
1780995617.690700,0.001010991,97742,11,773.435174
1780995617.691638,0.000995690,84776,12,681.143729
1780995617.692622,0.000993842,102086,11,821.748326
1780995617.693614,0.000999453,107812,10,862.968044
1780995617.694599,0.001002941,73192,12,583.818988
1780995617.695592,0.001000854,99190,11,792.842912
1780995617.696587,0.000994845,94648,8,761.107509
1780995617.697640,0.001000409,83130,9,664.768110
1780995617.698601,0.000998032,107944,12,865.254821
1780995617.699626,0.001000400,94780,10,757.936825
1780995617.700618,0.000999584,77206,7,617.905049
1780995617.701593,0.001002015,87606,11,699.438631
1780995617.702653,0.001009157,106562,13,844.760528
1780995617.703601,0.001000181,97610,9,780.738686
1780995617.704584,0.000988971,84710,11,685.237484
1780995617.705595,0.001011101,103600,12,819.700505
1780995617.706606,0.000992523,87408,8,704.531784
1780995617.707609,0.000995943,99388,14,798.342877
1780995617.708590,0.001006727,96228,10,764.679998
1780995617.709581,0.001002660,90304,8,720.515429
1780995617.710685,0.000998042,102020,10,817.761176
1780995617.711609,0.001001601,71744,12,573.034572
1780995617.712602,0.000991956,102086,11,823.310711
1780995617.713565,0.000999915,99124,10,793.059410
1780995617.714618,0.001006782,80432,12,639.121478
1780995617.715651,0.000993584,113736,12,915.763539
1780995617.716606,0.000999438,104850,9,839.271671
1780995617.717591,0.001012813,70164,10,554.210896
1780995617.718956,0.000992688,109392,12,881.582129
1780995617.719620,0.000994300,102020,10,820.838781
1780995617.720598,0.001007259,80168,8,636.722035
1780995617.721595,0.000994750,87672,12,705.077658
1780995617.722600,0.000997859,103600,12,830.578268
1780995617.723571,0.001011279,84842,13,671.165920
1780995617.724612,0.001002746,94912,12,757.216683
1780995617.725606,0.000987465,107812,10,873.444628
1780995617.726605,0.001009283,82998,7,657.876928
1780995617.727600,0.000996387,112090,9,899.971597
1780995617.728571,0.001004888,61344,8,488.364873
1780995617.729582,0.000989933,97742,11,789.887800
1780995617.730585,0.001005862,103468,10,822.920043
1780995617.731673,0.000995050,86224,12,693.223456
1780995617.732620,0.001011802,115184,12,910.723640
1780995617.733578,0.000986423,88790,7,720.096754
1780995617.734613,0.001010335,83394,13,660.327515
1780995617.735611,0.000996754,102152,12,819.877322
1780995617.736599,0.001004137,88856,8,707.919338
1780995617.737561,0.000994499,87408,8,703.131929
1780995617.738602,0.000993123,86224,12,694.568548
1780995617.739586,0.001007074,112354,13,892.518325
1780995617.740577,0.000997479,93266,9,748.013743
1780995617.741564,0.000995786,84446,7,678.426891
1780995617.742600,0.001005835,82998,7,660.132129
1780995617.743602,0.000994310,94912,12,763.641118
1780995617.744603,0.001002655,94978,13,757.812009
1780995617.745607,0.000999891,94780,10,758.322657
1780995617.746625,0.001005337,90436,10,719.647243
1780995617.747616,0.001005190,86224,12,686.230464
1780995617.748584,0.000988048,106430,11,861.739511
1780995617.749576,0.000998662,97742,11,782.983632
1780995617.750636,0.001003323,86158,11,686.981162
1780995617.751578,0.000997108,99190,11,795.821516
1780995617.752591,0.001001715,103402,9,825.799753
1780995617.753577,0.001001139,90370,9,722.137485
1780995617.754611,0.001007663,85894,7,681.926398
1780995617.755595,0.000989535,87342,7,706.125604
1780995617.756588,0.001008283,86158,11,683.601727
1780995617.757605,0.001003030,97742,11,779.573891
1780995617.758674,0.000987739,99124,10,802.835567
1780995617.759772,0.001016290,90304,8,710.852217
1780995617.760682,0.000991141,101954,9,822.922268
1780995617.761584,0.001005323,77536,12,617.003689
1780995617.762632,0.000987537,96360,12,780.608727
1780995617.763607,0.001011617,94714,9,749.010742
1780995617.764588,0.000987758,93266,9,755.375304
1780995617.765572,0.001012881,87408,8,690.371327
1780995617.766598,0.000987493,80432,12,651.605632
1780995617.767620,0.001005733,87540,10,696.327952
1780995617.768646,0.000993925,110708,10,891.077295
1780995617.769668,0.001000775,80366,11,642.430117
1780995617.770652,0.000999599,109392,12,875.487070
1780995617.771699,0.001008683,96162,9,762.673704
1780995617.772695,0.000995785,87342,7,701.693639
1780995617.773608,0.000995667,90304,8,725.575920
1780995617.774654,0.001000114,80300,10,642.326775
1780995617.775602,0.001009811,93398,11,739.924600
1780995617.776578,0.000990625,97742,11,789.336025
1780995617.777730,0.001007038,93464,12,742.486381
1780995617.778649,0.000998060,94846,11,760.242871
1780995617.779711,0.000995257,100506,9,807.879774
1780995617.780576,0.000999495,83262,11,666.432548
1780995617.781625,0.001006051,100704,12,800.786441
1780995617.782633,0.000999611,101954,9,815.949404
1780995617.783604,0.001001288,88856,8,709.933606
1780995617.784626,0.000993408,78786,9,634.470429
1780995617.785609,0.000999442,93464,12,748.129456
1780995617.786599,0.001000670,106430,11,850.869917
1780995617.787630,0.001001430,82998,7,663.035859
1780995617.788640,0.000998783,98992,8,792.900960
1780995617.789638,0.001005539,67004,6,533.079274
1780995617.790617,0.001007223,109260,10,867.811795
1780995617.791589,0.000996951,87342,7,700.872962
1780995617.792554,0.000988917,98992,8,800.811393
1780995617.793565,0.001009612,80036,6,634.192145
1780995617.794592,0.000990941,98992,8,799.175733
1780995617.795590,0.001000251,87342,7,698.560661
1780995617.796606,0.001006527,85960,8,683.220619
1780995617.797590,0.001006064,87342,7,694.524404
1780995617.798622,0.000995034,91686,7,737.148680
1780995617.799604,0.001000440,104850,9,838.431090
1780995617.800603,0.000998530,82998,7,664.961493
1780995617.801582,0.001001373,84446,7,674.641717
1780995617.802599,0.000991520,97610,9,787.558496
1780995617.803596,0.001003976,77470,11,617.305593
1780995617.804589,0.000995968,94978,13,762.900013
1780995617.805572,0.001001775,103402,9,825.750293
1780995617.806617,0.000998986,88790,7,711.040996
1780995617.807598,0.001003983,98992,8,788.794233
1780995617.808605,0.001010381,74574,11,590.462410
1780995617.809597,0.000989060,87540,10,708.066245
1780995617.810613,0.001003110,110774,11,883.444488
1780995617.811603,0.001003378,93134,7,742.563620
1780995617.812603,0.001001096,84512,8,675.355810
1780995617.813584,0.000994126,81880,12,658.910440
1780995617.815602,0.001007573,116632,12,926.043076
1780995617.815674,0.000990444,91686,7,740.564838
1780995617.816607,0.001000507,84446,7,675.225661
1780995617.817592,0.001004219,93266,9,742.993311
1780995617.818727,0.000998551,74442,9,596.400184
1780995617.819916,0.000992442,94714,9,763.482400
1780995617.820587,0.001001159,112090,9,895.681905
1780995617.821593,0.001005705,77404,10,615.719321
1780995617.822624,0.000993733,99256,12,799.055682
1780995617.823691,0.001009989,96162,9,761.687504
1780995617.824587,0.000994231,99058,9,797.062252
1780995617.825561,0.000995669,87606,11,703.896576
1780995617.826629,0.001013625,107944,12,851.944259
1780995617.827579,0.000988979,84446,7,683.096405
1780995617.828591,0.000996837,84512,8,678.241277
1780995617.829643,0.001012271,93200,8,736.561652
1780995617.830747,0.000999841,94714,9,757.832495
1780995617.831695,0.000994604,90304,8,726.351392
1780995617.832697,0.001002543,84776,12,676.487692
1780995617.833594,0.001003273,81682,9,651.324216
1780995617.834645,0.001004472,104916,10,835.591236
1780995617.835697,0.000983963,101888,8,828.388872
1780995617.836658,0.000998917,87342,7,699.493552
1780995617.837613,0.001007180,80234,9,637.296213
1780995617.838625,0.000994629,87606,11,704.632582
1780995617.839635,0.001008969,110774,11,878.314398
1780995617.840653,0.000995692,101954,9,819.160945
1780995617.841628,0.001002365,88856,8,709.170811
1780995617.842652,0.001005538,88922,9,707.458097
1780995617.843675,0.000991845,91752,8,740.051117
1780995617.844620,0.000996311,74244,6,596.151202
1780995617.845627,0.001008527,42190,3,334.666300
1780995617.846664,0.000994509,97610,9,785.191486
1780995617.847675,0.001000898,82998,7,663.388277
1780995617.848639,0.001006375,88790,7,705.820395
1780995617.849588,0.000999444,120976,12,968.346401
1780995617.850612,0.000988814,112222,11,907.932129
1780995617.851597,0.001012072,102020,10,806.424839
1780995617.852600,0.000995317,84578,9,679.807539
1780995617.853583,0.000999461,102284,14,818.713286
1780995617.854601,0.001000749,94780,10,757.672503
1780995617.855605,0.000992677,84512,8,681.083575
1780995617.856665,0.001008159,96228,10,763.593838
1780995617.857623,0.000997386,91818,9,736.469130
1780995617.858688,0.001004098,84512,8,673.336666
1780995617.859633,0.000992511,99058,9,798.443544
1780995617.860641,0.001008836,78720,8,624.244178
1780995617.861611,0.000991677,93266,9,752.390143
1780995617.862662,0.000996316,90370,9,725.633233
1780995617.863604,0.001003724,93530,13,745.463892
1780995617.864595,0.000997322,99190,11,795.650753
1780995617.865600,0.001006857,88988,10,707.055719
1780995617.866742,0.001005308,100770,13,801.903496
1780995617.867626,0.000986785,93332,10,756.655198
1780995617.868610,0.001000331,96162,9,769.041447
1780995617.869621,0.001003757,83064,8,662.024773
1780995617.870759,0.000999858,88856,8,710.948955
1780995617.871677,0.000996951,99124,10,795.417227
1780995617.872926,0.001004225,84658,9,674.414598
1780995617.873591,0.001001754,84512,8,674.912204
1780995617.874681,0.000999226,101954,9,816.263788
1780995617.875654,0.001000573,93266,9,745.700713
1780995617.876649,0.000993419,87408,8,703.896342
1780995617.877984,0.001002852,78984,12,630.075026
1780995617.878660,0.000997292,184032,12,1476.253695
1780995617.879715,0.001000342,100572,10,804.300929
1780995617.880611,0.001007037,78654,7,624.835036
1780995617.881572,0.000995698,94714,9,760.985761
1780995617.882603,0.000998314,99388,14,796.446809
1780995617.883613,0.001009242,87540,10,693.906912
1780995617.884591,0.000989016,97676,10,790.086308
1780995617.885581,0.001005301,100836,14,802.434296
1780995617.886602,0.000995528,87540,10,703.465900
1780995617.887657,0.001005660,94714,9,753.447487
1780995617.888625,0.000994718,93266,9,750.089975
1780995617.889668,0.001000107,83118,9,664.872859
1780995617.890905,0.001008184,93266,9,740.071257
1780995617.891681,0.000992433,94892,10,764.924181
1780995617.892617,0.000997953,81814,11,655.854534
1780995617.893565,0.001000346,97874,13,782.721178
1780995617.894602,0.001013243,94846,11,748.850967
1780995617.895616,0.000986787,91686,7,743.309346
1780995617.896675,0.001002602,84512,8,674.341364
1780995617.897623,0.000999515,75758,7,606.358084
1780995617.898672,0.001000688,97544,8,779.815487
1780995617.899662,0.001001856,91818,9,733.183212
1780995617.900609,0.001006203,96096,8,764.028730
1780995617.901562,0.000989422,77206,7,624.251331
1780995617.902601,0.001004424,98992,8,788.447906
1780995617.904350,0.001000793,88790,7,709.757163
1780995617.904605,0.001007699,14546,1,115.478928
1780995617.905632,0.000987474,97544,8,790.250680
1780995617.906664,0.000999685,116434,9,931.765506
1780995617.907591,0.001000545,107746,9,861.498483
1780995617.908599,0.000999265,117948,10,944.278044
1780995617.909662,0.001000402,88856,8,710.562354
1780995617.910965,0.001007688,80102,7,635.926993
1780995617.911665,0.000992178,91686,7,739.270574
1780995617.912781,0.001010009,93200,8,738.211244
1780995617.913657,0.000989389,88856,8,718.471703
1780995617.914627,0.001000450,91686,7,733.158079
1780995617.915668,0.001000628,91686,7,733.027659
1780995617.916669,0.001003475,96096,8,766.105782
1780995617.917622,0.001000688,77140,6,616.695713
1780995617.918598,0.000995418,96096,8,772.306709
1780995617.919710,0.001012108,90238,7,713.267754
1780995617.920673,0.000998109,81550,7,653.636026
1780995617.921618,0.000995051,93200,8,749.308327
1780995617.922584,0.000994036,94648,8,761.726939
1780995617.923650,0.001012508,93266,9,736.910721
1780995617.924647,0.000988448,85960,8,695.716922
1780995617.925579,0.001008659,91686,7,727.191251
1780995617.926594,0.000990208,87408,8,706.178904
1780995617.927595,0.001006168,80300,10,638.461967
1780995617.928599,0.001001875,103600,12,827.248908
1780995617.929564,0.001000161,97676,10,781.282214
1780995617.930621,0.001006807,84710,11,673.098220
1780995617.931607,0.000996298,102152,12,820.252575
1780995617.932655,0.000989155,104916,10,848.530311
1780995617.933648,0.001001031,87408,8,698.543801
1780995617.934586,0.001005904,88790,7,706.150885
1780995617.935644,0.000996121,80300,10,644.901573
1780995617.936618,0.001002843,94912,12,757.143441
1780995617.937653,0.000997193,110774,11,888.686543
1780995617.938707,0.001010829,82998,7,656.870747
1780995617.939632,0.000988936,78918,11,638.407339
1780995617.940616,0.001002475,100770,13,804.169680
1780995617.941625,0.001003784,107812,10,859.244618
1780995617.942693,0.000995611,78720,8,632.536201
1780995617.943685,0.000997661,83196,10,667.128413
1780995617.944637,0.001007428,104982,11,833.663547
1780995617.945655,0.000989936,101888,8,823.390603
1780995617.946625,0.001012097,85960,8,679.460566
1780995617.947606,0.000999641,103336,8,826.984888
1780995617.948584,0.001000226,72928,8,583.292176
1780995617.949596,0.000989134,103732,14,838.972273
1780995617.950608,0.001002517,102140,12,815.068473
1780995617.951604,0.001008430,82998,7,658.433406
1780995617.952600,0.000988256,87342,7,707.039472
1780995617.953560,0.001007075,85894,7,682.324554
1780995617.954609,0.000992536,77140,6,621.760823
1780995617.955618,0.001002527,96096,8,766.830220
1780995617.956599,0.001008677,89120,12,706.826863
1780995617.957655,0.001000185,107944,12,863.392272
1780995617.958654,0.001000133,90370,9,722.863859
1780995617.959589,0.000992215,90304,8,728.100261
1780995617.960663,0.001003383,87408,8,696.906366
1780995617.961645,0.001004351,93200,8,742.369948
1780995617.962649,0.000988697,91818,9,742.941467
1780995617.963633,0.001004800,88856,8,707.452229
1780995617.964598,0.001010822,87408,8,691.777583
1780995617.965608,0.000986164,91686,7,743.778925
1780995617.966620,0.000998263,84446,7,676.743503
1780995617.967594,0.000999861,97610,9,780.988557
1780995617.968589,0.001000139,93266,9,746.024303
1780995617.969599,0.001003845,81616,8,650.427108
1780995617.970572,0.000996503,90502,11,726.556769
1780995617.971595,0.001006470,97676,10,776.384790
1780995617.972602,0.000992963,97610,9,786.413995
1780995617.973614,0.001002348,87606,11,699.206264
1780995617.974598,0.000997807,105048,12,842.231013
1780995617.975607,0.001011382,85894,7,679.418855
1780995617.976601,0.000996362,88790,7,712.913580
1780995617.977637,0.000992249,87342,7,704.194209
1780995617.978614,0.001000037,96228,10,769.795518
1780995617.979658,0.001014376,72994,9,575.676081
1780995617.980630,0.000990514,115250,13,930.829852
1780995617.981598,0.000995139,80234,9,645.007381
1780995617.982623,0.001010351,106496,12,843.239627
1780995617.983613,0.000993276,100572,10,810.022592
1780995617.984622,0.001006685,93200,8,740.648763
1780995617.985608,0.000996744,84512,8,678.304560
1780995617.986636,0.001001790,90304,8,721.141157
1780995617.987561,0.000991145,81550,7,658.228614
1780995617.988619,0.001003252,87342,7,696.471076
1780995617.989581,0.001000068,100506,9,803.993328
1780995617.990621,0.001000273,90700,14,725.401965
1780995617.991606,0.000996670,102020,10,818.886893
1780995617.992582,0.001008413,90370,9,716.928481
1780995617.993634,0.000992440,76022,11,612.808835
1780995617.994689,0.000999240,103666,13,829.958769
1780995617.995666,0.001010316,99058,9,784.372414
1780995617.996638,0.000995049,88790,7,713.854293
1780995617.997712,0.000995478,92016,12,739.471892
1780995617.998722,0.001001138,107878,11,862.042995
1780995617.999684,0.001000990,91818,9,733.817521
1780995618.000610,0.001002722,96096,8,766.681094
1780995618.001595,0.001006731,84578,9,672.100094
1780995618.002630,0.000987661,91818,9,743.720771
1780995618.003599,0.001006356,90436,10,718.918554
1780995618.004616,0.001001565,93530,13,747.070834
1780995618.005607,0.000992740,99124,10,798.791224
1780995618.006781,0.001010747,85960,8,680.368084
1780995618.007594,0.000991398,99190,11,800.405085
1780995618.008579,0.001008359,99256,12,787.465575
1780995618.009570,0.000988508,96162,9,778.239529
1780995618.010608,0.000999763,84446,7,675.728148
1780995618.011696,0.001005042,84776,12,674.805630
1780995618.012630,0.000997929,112288,12,900.168248
1780995618.013620,0.001002056,83064,8,663.148567
1780995618.014601,0.001007135,93200,8,740.317832
1780995618.015587,0.000993478,97544,8,785.474867
1780995618.016602,0.000994584,70230,11,564.899496
1780995618.017620,0.001011618,116698,13,922.862187
1780995618.018590,0.000997826,90304,8,724.005989
1780995618.019596,0.000993779,84644,10,681.390933
1780995618.020595,0.000998113,100836,14,808.213098
1780995618.021646,0.001012202,99124,10,783.432556
1780995618.022661,0.000986026,90304,8,732.670335
1780995618.023655,0.001013932,78918,11,622.668976
1780995618.024643,0.000994230,100770,13,810.838538
1780995618.025625,0.001004703,94648,8,753.639633
1780995618.026603,0.000987256,87540,10,709.360085
1780995618.027704,0.001013460,83262,11,657.249423
1780995618.028630,0.000997209,118080,12,947.283869
1780995618.029563,0.000990917,84446,7,681.760430
1780995618.030612,0.001010847,91950,11,727.706567
1780995618.031583,0.000998819,89120,12,713.803001
1780995618.032579,0.000991348,103468,10,834.968144
1780995618.033579,0.001000546,99124,10,792.559263
1780995618.034604,0.001004451,78786,9,627.495020
1780995618.035675,0.000994369,83262,11,669.868027
1780995618.036607,0.000999739,115184,12,921.712567
1780995618.037630,0.000998347,90370,9,724.157032
1780995618.038663,0.001011234,87408,8,691.495737
1780995618.039633,0.000997223,88856,8,712.827522
1780995618.040589,0.000998852,89054,11,713.250812
1780995618.041587,0.000992693,96426,13,777.086169
1780995618.042604,0.000999930,94846,11,758.821117
1780995618.043605,0.001008367,85894,7,681.450305
1780995618.044603,0.001003475,97610,9,778.175839
1780995618.045586,0.001001670,74574,11,595.597352
1780995618.046611,0.000988668,105048,12,850.016386
1780995618.047593,0.000997849,104916,10,841.137286
1780995618.048604,0.001015270,87342,7,688.226777
1780995618.049592,0.000987533,80366,11,651.044573
1780995618.050598,0.000997297,93398,11,749.209112
1780995618.051576,0.001000225,102020,10,815.976405
1780995618.052574,0.001000022,90502,11,724.000072
1780995618.053585,0.001013522,83262,11,657.209217
1780995618.054590,0.000990043,113802,13,919.572180
1780995618.055603,0.000996449,85894,7,689.600772
1780995618.056587,0.001009792,85960,8,681.011535
1780995618.057604,0.001001972,100506,9,802.465538
1780995618.058597,0.000989297,75956,10,614.222018
1780995618.059705,0.001001190,99256,12,793.104206
1780995618.060661,0.000999752,102086,11,816.890589
1780995618.061589,0.001010546,87342,7,691.444031
1780995618.062651,0.000993403,88988,10,716.631619
1780995618.063621,0.000999478,94978,13,760.220835
1780995618.064616,0.000994402,93332,10,750.859310
1780995618.065607,0.001001019,103468,10,826.901387
1780995618.066612,0.001003950,78654,7,626.756313
1780995618.067654,0.001008486,101888,8,808.245231
1780995618.068652,0.000994259,83130,9,668.880040
1780995618.069635,0.001003222,103600,12,826.138183
1780995618.070760,0.001001805,88856,8,709.567231
1780995618.071673,0.000988144,87342,7,707.119610
1780995618.072591,0.000998829,99124,10,793.921682
1780995618.073649,0.001000294,89186,13,713.278296
1780995618.074610,0.001002911,104982,11,837.418275
1780995618.075594,0.000996905,94714,9,760.064399
1780995618.076596,0.001012560,93266,9,736.872877
1780995618.077653,0.000991073,84578,9,682.718629
1780995618.078610,0.000996546,87672,12,703.806949
1780995618.079609,0.001009773,100638,11,797.311871
1780995618.080626,0.001001779,88856,8,709.585647
1780995618.081561,0.000988322,86224,12,697.942573
1780995618.082603,0.001000095,105048,12,840.304171
1780995618.083588,0.001010119,101888,8,806.938588
1780995618.084651,0.001003201,98992,8,789.409101
1780995618.085602,0.000992226,65754,9,530.153413
1780995618.086671,0.000994718,102086,11,821.024652
1780995618.087747,0.001012987,106298,9,839.481652
1780995618.088754,0.000998329,74574,11,597.590574
1780995618.091570,0.000997958,83196,10,666.929871
1780995618.091655,0.001000043,118014,11,944.071405
1780995618.092168,0.000995968,84446,7,678.302917
1780995618.092674,0.000999466,100440,8,803.949309
1780995618.093659,0.000996743,77338,9,620.725704
1780995618.095189,0.001001144,90502,11,723.188672
1780995618.095674,0.000999072,107878,11,863.825630
1780995618.096659,0.001004773,96096,8,765.116101
1780995618.097593,0.000999282,90304,8,722.951079
1780995618.098605,0.000995541,84512,8,679.124215
1780995618.099585,0.001006079,96162,9,764.647707
1780995618.100581,0.000997577,70098,9,562.146080
1780995618.101586,0.000994582,96294,11,774.548504
1780995618.102613,0.001000248,112156,10,897.025538
1780995618.103614,0.001009994,75692,6,599.544156
1780995618.104639,0.000990522,101888,8,822.903479
1780995618.105618,0.001002127,89054,11,710.919873
1780995618.106689,0.000997703,104982,11,841.789591
1780995618.107606,0.001004450,90370,9,719.757081
1780995618.108634,0.001008426,90238,7,715.872062
1780995618.109595,0.000990187,88790,7,717.359448
1780995618.110662,0.000998935,85894,7,687.884597
1780995618.111606,0.001005283,87342,7,695.063977
1780995618.112618,0.000992403,97610,9,786.857758
1780995618.113610,0.001002882,88856,8,708.805223
1780995618.114642,0.001011116,78852,10,623.880939
1780995618.115635,0.000999353,81814,11,654.935743
1780995618.116661,0.000991448,107878,11,870.468244
1780995618.117596,0.000996516,101954,9,818.483597
1780995618.118595,0.001000239,91686,7,733.312738
1780995618.119623,0.001009106,77338,9,613.120921
1780995618.120624,0.000989442,97874,13,791.347042
1780995618.121610,0.000999751,109326,11,874.825832
1780995618.122631,0.001012647,88790,7,701.448777
1780995618.123621,0.000994546,78852,10,634.275338
1780995618.124590,0.000998062,92016,12,737.557386
1780995618.125586,0.000997274,106430,11,853.767370
1780995618.126599,0.000999413,87342,7,699.146399
1780995618.127590,0.000997791,97544,8,782.079614
1780995618.128580,0.000999894,90238,7,721.980530
1780995618.129575,0.000999786,87342,7,698.885562
1780995618.130628,0.001001170,78852,10,630.078808
1780995618.131621,0.001000073,100836,14,806.629116
1780995618.132588,0.001000167,102020,10,816.023724
1780995618.133627,0.001008479,91752,8,727.844606
1780995618.134629,0.001000475,78720,8,629.461006
1780995618.135617,0.000999505,81814,11,654.836144
1780995618.136602,0.000998943,107944,12,864.465740
1780995618.137587,0.000992740,93200,8,751.052642
1780995618.138591,0.000999059,101954,9,816.400233
1780995618.139600,0.001000612,85894,7,686.731720
1780995618.140620,0.001006770,97610,9,775.628992
1780995618.141643,0.001002596,78588,6,627.076110
1780995618.142616,0.000999827,84776,12,678.325350
1780995618.143682,0.000990881,99256,12,801.355561
1780995618.144614,0.001000009,99124,10,792.984863
1780995618.145633,0.001002484,98992,8,789.973705
1780995618.146621,0.001007900,81616,8,647.810299
1780995618.147652,0.000989292,89054,11,720.143294
1780995618.148628,0.001003874,103534,11,825.075657
1780995618.149608,0.001001221,97676,10,780.455064
1780995618.150678,0.000999318,80102,7,641.253335
1780995618.151594,0.001002459,81748,10,652.379798
1780995618.152637,0.000994734,93464,12,751.670296
1780995618.153608,0.000999209,109326,11,875.300363
1780995618.154687,0.000999348,90370,9,723.431677
1780995618.155667,0.000999706,77470,11,619.942263
1780995618.156619,0.001002913,103534,11,825.866252
1780995618.157627,0.000999887,101954,9,815.724177
1780995618.158668,0.000997754,91752,8,735.668311
1780995618.159661,0.001006358,77536,12,616.369125
1780995618.160619,0.000992882,106496,12,858.075783
1780995618.161629,0.001007736,91818,9,728.905189
1780995618.162665,0.000992846,81682,9,658.164509
1780995618.163647,0.001005743,93464,12,743.442410
1780995618.164608,0.000997806,109326,11,876.531109
1780995618.165570,0.000995823,80300,10,645.094560
1780995618.166668,0.001000361,112354,13,898.507639
1780995618.167641,0.001000834,90370,9,722.357554
1780995618.168596,0.000999086,90370,9,723.621390
1780995618.169598,0.001002762,77404,10,617.526392
1780995618.170601,0.001003277,89120,12,710.631261
1780995618.171605,0.000997804,107878,11,864.923372
1780995618.172579,0.000996612,88856,8,713.264540
1780995618.173594,0.001001129,179490,13,1434.300675
1780995618.174579,0.001000583,107878,11,862.521150
1780995618.175600,0.001004081,85960,8,684.884984
1780995618.176609,0.001006603,81880,12,650.743143
1780995618.177708,0.001002304,113736,12,907.796437
1780995618.178675,0.000986314,91818,9,744.736463
1780995618.179628,0.001009136,91752,8,727.370741
1780995618.180696,0.000990395,84512,8,682.652881
1780995618.181634,0.001000731,80366,11,642.458363
1780995618.182577,0.000998292,94846,11,760.066193
1780995618.183652,0.001001943,110774,11,884.473468
1780995618.184633,0.000998482,90700,14,726.703135
1780995618.185591,0.001005240,96294,11,766.336397
1780995618.186618,0.001006630,97544,8,775.212342
1780995618.187707,0.000989348,73060,10,590.772913
1780995618.188580,0.000999432,100704,12,806.089859
1780995618.189573,0.001012092,104916,10,829.300103
1780995618.190625,0.000991935,80366,11,648.155373
1780995618.191654,0.000995512,97808,12,785.991530
1780995618.192626,0.001007715,106430,11,844.921431
1780995618.193598,0.001002252,87408,8,697.692796
1780995618.194680,0.000992228,89120,12,718.544528
1780995618.195716,0.001008130,97676,10,775.106385
1780995618.196585,0.000991378,100572,10,811.573386
1780995618.197607,0.000998431,84512,8,677.158462
1780995618.198605,0.001001626,80300,10,641.357153
1780995618.199584,0.001002052,97742,11,780.334753
1780995618.200588,0.001004371,113670,11,905.402486
1780995618.201687,0.001002078,85960,8,686.253964
1780995618.202658,0.000997521,91752,8,735.840148
1780995618.203635,0.000998130,77404,10,620.392133
1780995618.204612,0.000993289,93398,11,752.232230
1780995618.205589,0.001000440,104916,10,838.958858
1780995618.206616,0.000999636,81814,11,654.750329
1780995618.207629,0.001011349,97676,10,772.639316
1780995618.208597,0.000989839,115118,11,930.397772
1780995618.209584,0.001005588,74376,8,591.701572
1780995618.210595,0.000999402,93464,12,748.159399
1780995618.211660,0.000994470,99124,10,797.401631
1780995618.212630,0.000999302,83328,12,667.089629
1780995618.213650,0.001006837,110972,14,881.747492
1780995618.214613,0.001000603,102020,10,815.668152
1780995618.215587,0.000997169,77206,7,619.401526
1780995618.216571,0.000995072,94582,7,760.403267
1780995618.217674,0.001004095,93200,8,742.559220
1780995618.218625,0.000997190,83130,9,666.914028
1780995618.219590,0.000999370,86158,11,689.698510
1780995618.220583,0.000999574,110906,13,887.626129
1780995618.221592,0.001000105,90502,11,723.939986
1780995618.222607,0.001007728,102152,12,810.948986
1780995618.223605,0.001002461,93266,9,744.296287
1780995618.224590,0.000989517,88856,8,718.378765
1780995618.225632,0.001001166,93266,9,745.259028
1780995618.226606,0.001002019,77404,10,617.984290
1780995618.227598,0.001001788,97742,11,780.540394
1780995618.228588,0.001004790,102020,10,812.269230
1780995618.229648,0.000991021,97610,9,787.955048
1780995618.230582,0.001006884,84710,11,673.046746
1780995618.231645,0.000992357,104982,11,846.324458
1780995618.232586,0.001000111,98992,8,791.848105
1780995618.233607,0.001012634,80234,9,633.863765
1780995618.234608,0.000999063,102152,12,817.982450
1780995618.235617,0.000990947,91818,9,741.254578
1780995618.236601,0.001001464,88856,8,709.808840
1780995618.237619,0.001006625,88988,10,707.218676
1780995618.238681,0.000990153,96360,12,778.546346
1780995618.239612,0.001003259,99124,10,790.416034
1780995618.240624,0.000998196,90436,10,724.795531
1780995618.241649,0.001004978,90502,11,720.429701
1780995618.242626,0.000998807,105048,12,841.387776
1780995618.243616,0.000994492,90304,8,726.433194
1780995618.244573,0.000999501,83262,11,666.428548
1780995618.245600,0.001000164,84710,11,677.568879
1780995618.246634,0.001010519,115184,12,911.879935
1780995618.247638,0.000997296,83064,8,666.313712
1780995618.248617,0.000992058,103666,13,835.967252
1780995618.249615,0.000999858,91950,11,735.704470
1780995618.250616,0.001005832,88856,8,706.726372
1780995618.251623,0.000998572,77338,9,619.588773
1780995618.252666,0.000998010,93464,12,749.202914
1780995618.253636,0.001001788,113802,13,908.791082
1780995618.254629,0.001008398,93266,9,739.914201
1780995618.255658,0.000990238,93266,9,753.483506
1780995618.256594,0.001001408,88856,8,709.848533
1780995618.257763,0.001009690,88922,9,704.548921
1780995618.258700,0.000990574,87672,12,708.050080
1780995618.259654,0.000995634,100770,13,809.695129
1780995618.260621,0.001007162,97742,11,776.375598
1780995618.261594,0.000996650,86290,13,692.640345
1780995618.262643,0.001007942,100704,12,799.284086
1780995618.263618,0.000988822,94714,9,766.277449
1780995618.264637,0.001011630,83064,8,656.872572
1780995618.265580,0.000991433,94648,8,763.726848
1780995618.266634,0.001002222,84512,8,674.597045
1780995618.267637,0.000998977,93266,9,746.892071
1780995618.268615,0.000999358,97610,9,781.381647
1780995618.269598,0.000997005,78720,8,631.651797
1780995618.270611,0.001010855,96162,9,761.034965
1780995618.271598,0.000995394,93266,9,749.580568
1780995618.272594,0.000995662,93266,9,749.378805
1780995618.273564,0.001003317,83064,8,662.315101
1780995618.274618,0.001006312,94714,9,752.959321
1780995618.275603,0.000991615,93266,9,752.437186
1780995618.276612,0.001008579,84512,8,670.345109
1780995618.277645,0.000991061,84512,8,682.194133
1780995618.278655,0.001003534,93266,9,743.500469
1780995618.279637,0.000992597,88856,8,716.149656
1780995618.280591,0.001000594,90568,12,724.113876
1780995618.281568,0.001010280,99256,12,785.968246
1780995618.282676,0.000989866,96228,10,777.705265
1780995618.283592,0.001001996,94714,9,756.202620
1780995618.284592,0.000996750,87408,8,701.544018
1780995618.285573,0.001000321,90370,9,722.728004
1780995618.286598,0.001005704,83064,8,660.743121
1780995618.287595,0.000994354,93266,9,750.364558
1780995618.288642,0.001001577,96162,9,768.084730
1780995618.289649,0.001010663,81616,8,646.039283
1780995618.290610,0.000997171,94714,9,759.861649
1780995618.291588,0.000995895,93266,9,749.203480
1780995618.292562,0.000995295,85960,8,690.930830
1780995618.293559,0.000999161,94714,9,758.348254
1780995618.294600,0.000999977,90370,9,722.976628
1780995618.295630,0.001002906,84512,8,674.136958
1780995618.296604,0.001000278,97610,9,780.662976
1780995618.297653,0.000997964,77206,7,618.908097
1780995618.298739,0.000999762,81748,10,654.139685
1780995618.299616,0.000999713,84578,9,676.818247
1780995618.300659,0.001001743,118014,11,942.469276
1780995618.301585,0.001005590,97610,9,776.539146
1780995618.302599,0.000992772,81616,8,657.681723
1780995618.303592,0.001001195,93266,9,745.237441
1780995618.304596,0.000997707,80234,9,643.347195
1780995618.305603,0.001012619,103666,13,818.993126
1780995618.306673,0.000989143,99124,10,801.696014
1780995618.307613,0.001010159,90436,10,716.212002
1780995618.308596,0.001001234,86158,11,688.414497
1780995618.309602,0.000996629,104982,11,842.696731
1780995618.310665,0.001003915,97544,8,777.308836
1780995618.311601,0.000993004,90238,7,726.990022
1780995618.312603,0.001004435,88856,8,707.709309
1780995618.313615,0.001001418,94648,8,756.111833
1780995618.314618,0.001001075,87474,9,699.040531
1780995618.315597,0.000995287,87342,7,702.044737
1780995618.316611,0.000996297,89054,11,715.079941
1780995618.317672,0.000999897,106496,12,852.055762
1780995618.318610,0.000999563,94648,8,757.515034
1780995618.319585,0.000996008,87342,7,701.536534
1780995618.320576,0.000999891,93332,10,746.737394
1780995618.321685,0.001010745,100836,14,798.112284
1780995618.322620,0.000990766,94780,10,765.306843
1780995618.323664,0.001012304,85960,8,679.321627
1780995618.324635,0.000992442,92082,13,742.266047
1780995618.325605,0.000993520,102152,12,822.546099
1780995618.326606,0.001010703,97676,10,773.133156
1780995618.327573,0.000989145,80234,9,648.915983
1780995618.328578,0.001004408,109392,12,871.295330
1780995618.329612,0.001003435,99058,9,789.751205
1780995618.330608,0.001002165,84512,8,674.635414
1780995618.331591,0.001003094,80234,9,639.892174
1780995618.332594,0.000989865,107944,12,872.393710
1780995618.333560,0.000997651,87474,9,701.439682
1780995618.334601,0.000999961,84512,8,676.122369
1780995618.335604,0.001009905,97544,8,772.698422
1780995618.336601,0.000990887,73126,11,590.388208
1780995618.337663,0.000999531,112354,13,899.253750
1780995618.338629,0.001004410,91818,9,731.318884
1780995618.339889,0.000995533,84512,8,679.129672
1780995618.340638,0.001000739,83130,9,664.548898
1780995618.341615,0.000999596,94978,13,760.131093
1780995618.342606,0.001002360,106430,11,849.435333
1780995618.343615,0.001008707,88790,7,704.188630
1780995618.344576,0.000988117,89186,13,722.068338
1780995618.345655,0.001007374,102152,12,811.233961
1780995618.346611,0.001001904,85894,7,685.846149
1780995618.347602,0.001000558,90634,13,724.667635
1780995618.348572,0.000989907,107878,11,871.823313
1780995618.349579,0.001003803,87408,8,696.614774
1780995618.350604,0.001002458,78852,10,629.269256
1780995618.351646,0.000995292,96294,11,773.995973
1780995618.352582,0.001003658,109260,10,870.894269
1780995618.353628,0.000995795,77404,10,621.846866
1780995618.354917,0.000999997,102284,14,818.274455
1780995618.355700,0.001001135,99124,10,792.092974
1780995618.356718,0.001000539,85960,8,687.309540
1780995618.357654,0.000999108,94714,9,758.388483
1780995618.358618,0.001013081,71678,11,566.019894
1780995618.359715,0.000990884,112288,12,906.568276
1780995618.360596,0.001005025,94714,9,753.923534
1780995618.361661,0.001003608,86224,12,687.312178
1780995618.362612,0.000995767,110906,13,891.019686
1780995618.363614,0.000990449,91752,8,741.094191
1780995618.364682,0.001001504,87408,8,698.213886
1780995618.365638,0.001011567,91686,7,725.100760
1780995618.366583,0.000991594,96162,9,775.817522
1780995618.367588,0.001004339,87342,7,695.717283
1780995618.368587,0.000996137,81616,8,655.460042
1780995618.369632,0.000998949,91884,10,735.845373
1780995618.370727,0.000996776,84710,11,679.871907
1780995618.371645,0.001008367,104982,11,832.887233
1780995618.372588,0.001001565,78866,9,629.942141
1780995618.373626,0.001006141,81748,10,649.992397
1780995618.374698,0.000986271,104982,11,851.546887
1780995618.375653,0.001001623,102020,10,814.837519
1780995618.376605,0.001009228,80432,12,637.572481
1780995618.377683,0.000988312,85960,8,695.812658
1780995618.378815,0.000999570,103468,10,828.100083
1780995618.379609,0.000998211,104784,8,839.774356
1780995618.380609,0.001011196,93266,9,737.866843
1780995618.381581,0.000988189,83262,11,674.057291
1780995618.382643,0.000999935,115118,11,921.003865
1780995618.383625,0.001010436,90304,8,714.970567
1780995618.384572,0.000990249,91686,7,740.710670
1780995618.385635,0.001010159,84578,9,669.819306
1780995618.386619,0.000990035,84776,12,685.034367
1780995618.387641,0.001004571,109326,11,870.628358
1780995618.388616,0.000995696,91818,9,737.719143
1780995618.389658,0.000999490,76010,11,608.390279
1780995618.392834,0.001000937,89120,12,712.292582
1780995618.392895,0.000999129,107944,12,864.304809
1780995618.392912,0.001000706,87342,7,698.243040
1780995618.393616,0.001005490,78786,9,626.846612
1780995618.394619,0.000993696,86336,12,695.069720
1780995618.395634,0.001000201,96228,10,769.669296
1780995618.396624,0.001012532,103402,9,816.977636
1780995618.397681,0.000995281,87474,9,703.109976
1780995618.398602,0.000991549,100836,14,813.563425
1780995618.399597,0.000999786,90370,9,723.114747
1780995618.400783,0.001007844,93266,9,740.320923
1780995618.401636,0.000992450,86092,10,693.975515
1780995618.402709,0.001000308,109326,11,874.338704
1780995618.403660,0.001011663,88856,8,702.652959
1780995618.404607,0.000998651,77404,10,620.068472
1780995618.405618,0.000994290,109458,13,880.692756
1780995618.406752,0.001006094,84644,10,673.050431
1780995618.409820,0.001001522,80432,12,642.478148
1780995618.410071,0.000992444,104982,11,846.250267
1780995618.410156,0.000995459,97610,9,784.442152
1780995618.410704,0.001006739,100440,8,798.141326
1780995618.411613,0.000993172,87342,7,703.539770
1780995618.412601,0.001009288,88856,8,704.306402
1780995618.413622,0.000999385,89186,13,713.927065
1780995618.414634,0.000999744,110840,12,886.947058
1780995618.415633,0.000992002,84446,7,681.014756
1780995618.416590,0.000998945,94714,9,758.512230
1780995618.417619,0.001001539,93266,9,744.981474
1780995618.418612,0.000999994,87408,8,699.268196
1780995618.419634,0.000998892,71612,10,573.531473
1780995618.420592,0.001009468,102152,12,809.551170
1780995618.421607,0.000996437,99058,9,795.297646
1780995618.422606,0.001000843,78918,11,630.812225
1780995618.423636,0.001000176,94714,9,757.578666
1780995618.424650,0.001002078,123952,12,989.559695
1780995618.425591,0.001002076,99058,9,790.822253
1780995618.426820,0.000993277,67400,12,542.849578
1780995618.427594,0.001006324,102152,12,812.080404
1780995618.428596,0.000996967,100506,9,806.494097
1780995618.429571,0.000999861,91818,9,734.646116
1780995618.430585,0.000993393,88790,7,715.044298
1780995618.431564,0.001002931,97544,8,778.071473
1780995618.432583,0.000997304,78588,6,630.403568
1780995618.433592,0.001000586,93398,11,746.746407
1780995618.434633,0.000997950,87606,11,702.287690
1780995618.435677,0.001003140,112222,11,894.965807
1780995618.436667,0.000998414,88922,9,712.506035
1780995618.437687,0.001005454,87408,8,695.470902
1780995618.438627,0.001005386,91752,8,730.083769
1780995618.439637,0.000988034,91752,8,742.905609
1780995618.440641,0.001005136,84512,8,672.641314
1780995618.441591,0.001003368,89120,12,710.566811
1780995618.442674,0.000994195,94846,11,763.198367
1780995618.443656,0.000998526,104916,10,840.566996
1780995618.444629,0.000998293,78786,9,631.365741
1780995618.445633,0.001005680,103732,14,825.169040
1780995618.446608,0.000995129,104916,10,843.436379
1780995618.447600,0.001000112,84512,8,676.020286
1780995618.448606,0.000999837,78984,12,631.975012
1780995618.449565,0.000999930,107878,11,863.084416
1780995618.450609,0.001003022,96360,12,768.557419
1780995618.451650,0.000996362,87540,10,702.877067
1780995618.452592,0.001000778,195352,10,1561.601074
1780995618.453582,0.001004039,83064,8,661.838833
1780995618.454607,0.000995062,87342,7,702.203481
1780995618.455630,0.001009937,80366,11,636.602085
1780995618.456604,0.000990297,107878,11,871.479970
1780995618.457604,0.000999706,99058,9,792.697053
1780995618.458610,0.001000711,77470,11,619.319664
1780995618.459594,0.001006292,103600,12,823.617797
1780995618.460588,0.000996008,93200,8,748.588365
1780995618.461563,0.001003149,95110,15,758.491510
1780995618.462622,0.000997856,100572,10,806.304717
1780995618.463627,0.001001407,91818,9,733.511949
1780995618.464615,0.000999305,87408,8,699.750326
1780995618.465641,0.000997237,84776,12,680.087081
1780995618.466626,0.001007764,102086,11,810.396085
1780995618.467677,0.000998459,101954,9,816.890829
1780995618.468657,0.000998373,85960,8,688.800679
1780995618.469623,0.000993554,93200,8,750.437319
1780995618.470644,0.001006625,86026,9,683.678629
1780995618.471694,0.000999947,91752,8,734.054905
1780995618.472622,0.001003673,96228,10,767.006784
1780995618.473606,0.000989545,74640,12,603.428849
1780995618.474708,0.001000854,110840,12,885.963387
1780995618.475716,0.001010364,91752,8,726.486692
1780995618.476641,0.000996751,86158,11,691.510718
1780995618.477577,0.001001901,94846,11,757.328319
1780995618.478604,0.000997589,96228,10,771.684531
1780995618.479614,0.000994355,80300,10,646.046935
1780995618.480593,0.000999374,86158,11,689.695750
1780995618.481581,0.000998797,100638,11,806.073707
1780995618.482585,0.001001272,109326,11,873.496912
1780995618.483668,0.000999842,91752,8,734.131993
1780995618.484584,0.001009895,87474,9,692.935404
1780995618.485593,0.000990369,88790,7,717.227619
1780995618.486606,0.001005938,96228,10,765.279769
1780995618.487593,0.000992707,93200,8,751.077609
1780995618.488603,0.001002733,87342,7,696.831559
1780995618.490201,0.001006834,93266,9,741.063572
1780995618.490672,0.001008953,81616,8,647.134207
1780995618.491647,0.000986858,91686,7,743.255869
1780995618.492602,0.001005181,84446,7,672.085923
1780995618.493577,0.000989733,103402,9,835.797129
1780995618.494587,0.001000864,82998,7,663.410813
1780995618.495694,0.001007630,96096,8,762.946717
1780995618.496585,0.000997553,85960,8,689.366881
1780995618.497581,0.001001068,93266,9,745.331985
1780995618.498734,0.001004236,93266,9,742.980734
1780995618.499702,0.000999295,93266,9,746.654391
1780995618.500639,0.000990290,75758,7,612.006584
1780995618.501576,0.000998664,102020,10,817.251848
1780995618.502687,0.001013455,84512,8,667.119902
1780995618.503645,0.000990077,97610,9,788.706333
1780995618.504773,0.000999550,78720,8,630.043520
1780995618.505648,0.001003157,96162,9,766.874976
1780995618.506637,0.001000378,91818,9,734.266447
1780995618.507702,0.000998602,84512,8,677.042505
1780995618.508734,0.000996199,93266,9,748.974853
1780995618.509587,0.001005607,97610,9,776.526019
1780995618.510601,0.001002474,90304,8,720.649114
1780995618.511593,0.000991519,84512,8,681.879016
1780995618.512589,0.001001089,83064,8,663.789134
1780995618.513653,0.001000150,93332,10,746.544018
1780995618.514626,0.001005179,84644,10,673.663099
1780995618.515586,0.000992910,103732,14,835.781692
1780995618.516561,0.000999979,86026,9,688.222453
1780995618.517563,0.001001918,93266,9,744.699666
1780995618.518619,0.001009229,94714,9,750.783023
1780995618.519593,0.000992285,88856,8,716.374832
1780995618.520571,0.000997357,88922,9,713.261149
1780995618.521612,0.001003723,94714,9,754.901502
1780995618.522601,0.000999692,81616,8,653.129164
1780995618.523612,0.001000478,97610,9,780.506918
1780995618.524618,0.001004695,80168,8,638.346961
1780995618.525570,0.000998445,94714,9,758.892077
1780995618.526605,0.000996569,87408,8,701.671435
1780995618.527632,0.001000125,103798,15,830.280215
1780995618.528650,0.000999341,96294,11,770.859997
1780995618.529605,0.001003480,91818,9,731.996652
1780995618.530592,0.001000555,83064,8,664.143400
1780995618.531583,0.000999669,93266,9,746.375050
1780995618.532609,0.000997065,93266,9,748.324332
1780995618.533604,0.000995630,83064,8,667.428663
1780995618.534658,0.001010959,94978,13,751.587354
1780995618.535604,0.000999250,96360,12,771.458594
1780995618.536595,0.000996574,97676,10,784.094307
1780995618.537567,0.000998806,83262,11,666.892269
1780995618.538658,0.000994369,96426,13,775.776397
1780995618.539638,0.000999758,94780,10,758.423538
1780995618.540629,0.001006874,96228,10,764.568357
1780995618.541686,0.000993805,87408,8,703.622944
1780995618.542631,0.001000105,84644,10,677.080907
1780995618.543686,0.000999817,106694,15,853.708229
1780995618.544721,0.000999490,86026,9,688.559165
1780995618.545722,0.001006398,87672,12,696.917124
1780995618.546654,0.000998438,108010,13,865.431804
1780995618.547613,0.000996326,91884,10,737.782613
1780995618.548647,0.001010099,93266,9,738.668190
1780995618.549634,0.000991577,93266,9,752.466021
1780995618.550661,0.001003434,84512,8,673.782232
1780995618.551632,0.000994690,93266,9,750.111090
1780995618.552632,0.000999599,85960,8,687.955870
1780995618.553635,0.001000602,91950,11,735.157435
1780995618.554627,0.001011846,84776,12,670.268005
1780995618.555617,0.001001013,119660,14,956.311257
1780995618.556583,0.000988343,88922,9,719.766316
1780995618.557562,0.001000826,84644,10,676.593134
1780995618.558597,0.000999881,103666,13,829.426702
1780995618.559660,0.000997398,83064,8,666.245571
1780995618.560645,0.001001467,92082,13,735.576909
1780995618.561628,0.001002897,96360,12,768.653212
1780995618.562603,0.001009137,90370,9,716.414124
1780995618.563581,0.000986179,88922,9,721.345719
1780995618.564596,0.001000447,91884,10,734.743570
1780995618.565555,0.001000118,105180,14,841.340722
1780995618.566584,0.001000371,90502,11,723.747490
1780995618.567638,0.001000262,90370,9,722.770634
1780995618.568584,0.001009633,94714,9,750.482601
1780995618.569571,0.000989056,84512,8,683.577067
1780995618.570662,0.001008058,91818,9,728.672358
1780995618.571695,0.000994135,91950,11,739.939747
1780995618.572599,0.001005667,97808,12,778.054764
1780995618.573619,0.000992599,94780,10,763.893576
1780995618.574603,0.001005347,83064,8,660.977752
1780995618.575593,0.000994102,97610,9,785.512955
1780995618.576661,0.001013472,90370,9,713.349752
1780995618.577608,0.000987577,83064,8,672.871077
1780995618.578624,0.001000005,96162,9,769.292154
1780995618.579595,0.000999077,91818,9,735.222610
1780995618.580679,0.001001977,85960,8,686.323139
1780995618.581687,0.000998402,93266,9,747.322221
1780995618.582602,0.001000113,93266,9,746.043697
1780995618.583600,0.001012056,84644,10,669.085505
1780995618.584564,0.000993463,97940,14,788.675572
1780995618.585587,0.001002728,90370,9,720.993131
1780995618.586584,0.000997857,94714,9,759.339264
1780995618.587593,0.000998787,87408,8,700.113237
1780995618.588589,0.001004995,90370,9,719.366763
1780995618.589565,0.000990416,93266,9,753.348088
1780995618.590581,0.001005384,95044,14,756.280187
1780995618.591617,0.000999095,93332,10,747.332336
1780995618.592582,0.000997638,94780,10,760.035203
1780995618.593559,0.000997448,84512,8,677.825811
1780995618.594615,0.001009571,93266,9,739.054509
1780995618.595711,0.001000470,96162,9,768.934601
1780995618.596676,0.001002896,84512,8,674.143680
1780995618.597634,0.000997174,90370,9,725.008875
1780995618.598608,0.000994967,88922,9,714.974466
1780995618.599701,0.000995419,102416,16,823.098615
1780995618.600711,0.001012577,87474,9,691.100035
1780995618.601599,0.000987328,93596,14,758.378168
1780995618.602764,0.001000216,93398,11,747.022643
1780995618.603638,0.000999566,94780,10,758.569219
1780995618.604638,0.001000089,97610,9,780.810508
1780995618.605619,0.001009317,89120,12,706.378670
1780995618.607495,0.000998643,97808,12,783.527246
1780995618.607613,0.001004604,87408,8,696.059343
1780995618.608577,0.000998100,90370,9,724.336239
1780995618.609560,0.000991060,94714,9,764.547051
1780995618.610598,0.001005110,85960,8,684.183821
1780995618.611602,0.001003043,93266,9,743.864421
1780995618.612591,0.000989493,93266,9,754.050812
1780995618.613579,0.001005860,91818,9,730.264649
1780995618.614686,0.001001223,85960,8,686.839995
1780995618.615600,0.001002318,93266,9,744.402475
1780995618.616632,0.000995475,83064,8,667.532585
1780995618.617664,0.000995557,93266,9,749.457841
1780995618.618625,0.001007968,94714,9,751.722277
1780995618.619596,0.000997843,87408,8,700.775573
1780995618.620863,0.000994520,90370,9,726.943651
1780995618.621598,0.001008799,88856,8,704.647804
1780995618.622584,0.001001057,87804,14,701.690313
1780995618.623630,0.000989727,102086,11,825.164919
1780995618.624588,0.001009218,86026,9,681.922043
1780995618.625570,0.000990241,97610,9,788.575710
1780995618.626606,0.001007171,90370,9,717.812566
1780995618.627601,0.001001962,93464,12,746.247862
1780995618.628600,0.000999579,99190,11,793.854213
1780995618.629582,0.000997170,90370,9,725.011783
1780995618.630593,0.000997036,85960,8,689.724343
1780995618.631593,0.000997307,93266,9,748.142748
1780995618.632591,0.001001212,93266,9,745.224788
1780995618.633561,0.000998911,84512,8,676.833071
1780995618.634683,0.001014129,99388,14,784.026490
1780995618.635654,0.000994094,94846,11,763.275908
1780995618.636675,0.000992015,87474,9,705.424817
1780995618.637680,0.001005071,96162,9,765.414583
1780995618.638619,0.001003440,83064,8,662.233915
1780995618.639611,0.001000282,91818,9,734.336917
1780995618.640637,0.000992240,83262,11,671.305329
1780995618.641632,0.000999224,102152,12,817.850652
1780995618.642598,0.001011601,69966,7,553.309062
1780995618.643681,0.000998908,116566,11,933.547434
1780995618.644664,0.000996725,89186,13,715.832351
1780995618.645632,0.000991740,97808,12,788.980983
1780995618.646740,0.001002735,84512,8,674.251921
1780995618.647630,0.000999395,93266,9,746.579681
1780995618.648658,0.000999179,96096,8,769.399677
1780995618.649743,0.001013059,80102,7,632.555458
1780995618.650606,0.000992698,94714,9,763.285511
1780995618.651608,0.001003177,90436,10,721.196758
1780995618.652600,0.000997229,99388,14,797.313355
1780995618.653631,0.000997499,90436,10,725.301980
1780995618.654661,0.001007464,85960,8,682.585184
1780995618.655589,0.000988094,99058,9,802.012764
1780995618.656666,0.001015063,88922,9,700.819555
1780995618.657620,0.000997769,96162,9,771.016137
1780995618.658767,0.000987143,81616,8,661.432032
1780995618.659603,0.001006196,89054,11,708.044953
1780995618.660588,0.000994365,109524,14,881.157322
1780995618.661560,0.001002250,84644,10,675.631828
1780995618.662598,0.000997989,96162,9,770.846172
1780995618.663606,0.001011500,93266,9,737.645082
1780995618.664630,0.000988039,83064,8,672.556448
1780995618.665588,0.001004396,84644,10,674.188268
1780995618.666610,0.001006038,106628,14,847.904354
1780995618.667597,0.000989823,90370,9,730.393212
1780995618.668593,0.000999215,94714,9,758.307271
1780995618.669589,0.001002146,84512,8,674.648205
1780995618.670662,0.001001495,93266,9,745.014204
1780995618.671637,0.000997146,83064,8,666.413945
1780995618.672592,0.001002551,93266,9,744.229471
1780995618.673574,0.000997032,96162,9,771.586067
1780995618.674703,0.001012320,81616,8,644.981824
1780995618.675594,0.000993479,83064,8,668.873726
1780995618.676579,0.000995574,84512,8,679.101704
1780995618.677695,0.000999063,94714,9,758.422642
1780995618.678624,0.001000538,93266,9,745.726799
1780995618.679669,0.001001007,93266,9,745.377405
1780995618.680716,0.000998535,84512,8,677.087934
1780995618.681648,0.000999261,91818,9,735.087229
1780995618.682748,0.001012078,84512,8,668.027563
1780995618.683593,0.000988407,81616,8,660.586176
1780995618.684607,0.001008476,50944,4,404.126623
1780995618.685555,0.000990843,123872,12,1000.134229
1780995618.686594,0.001009580,102020,10,808.415381
1780995618.687587,0.001002519,85960,8,685.952087
1780995618.688585,0.000998574,102350,15,819.969276
1780995618.689589,0.000990079,90436,10,730.737648
1780995618.690665,0.001000089,91818,9,734.478631
1780995618.691634,0.001001725,88922,9,710.150990
1780995618.692661,0.000998537,85960,8,688.687550
1780995618.693616,0.001000945,91818,9,733.850511
1780995618.694585,0.001003993,97874,13,779.877947
1780995618.695585,0.000999933,100770,13,806.214016
1780995618.696642,0.000993983,88922,9,715.682260
1780995618.697639,0.001012032,90370,9,714.364763
1780995618.698629,0.000996023,85960,8,690.425824
1780995618.699588,0.000992413,96162,9,775.177270
1780995618.700603,0.001008933,90370,9,716.558979
1780995618.701716,0.000990572,81880,12,661.274496
1780995618.702584,0.001010718,103732,14,821.055923
1780995618.703578,0.000991742,88922,9,717.299459
1780995618.704579,0.001005061,87540,10,696.793528
1780995618.705590,0.001004525,102218,13,814.060377
1780995618.706707,0.000994639,93398,11,751.211243
1780995618.707605,0.001001233,81748,10,653.178631
1780995618.708609,0.000992361,108010,13,870.731518
1780995618.709890,0.001000073,94780,10,758.184653
1780995618.710594,0.001000692,75758,7,605.644894
1780995618.711842,0.001008868,88922,9,705.122970
1780995618.712601,0.000995770,84512,8,678.968035
1780995618.713655,0.000994698,93266,9,750.105057
1780995618.714619,0.001005677,94714,9,753.434751
1780995618.715623,0.001005317,93266,9,742.181819
1780995618.717032,0.001002338,84512,8,674.518975
1780995618.717592,0.000996339,87408,8,701.833412
1780995618.718604,0.000989923,90370,9,730.319429
1780995618.719570,0.001000514,93266,9,745.744687
1780995618.720571,0.001012468,95044,14,750.988673
1780995618.721585,0.000995531,91950,11,738.902154
1780995618.722581,0.000994047,96162,9,773.903045
1780995618.723593,0.001006862,85960,8,682.993300
1780995618.724585,0.001003447,91884,10,732.546911
1780995618.725564,0.000997266,94912,12,761.377606
1780995618.726598,0.001004721,83130,9,661.915099
1780995618.727563,0.000985418,94780,10,769.460270
1780995618.728579,0.000999884,87408,8,699.345124
1780995618.729561,0.001009014,87540,10,694.063710
1780995618.730579,0.000993435,105114,13,846.469069
1780995618.731591,0.000998637,94780,10,759.274892
1780995618.732630,0.001008814,87474,9,693.677923
1780995618.733575,0.001004762,99058,9,788.708172
1780995618.734663,0.001001137,90370,9,722.138928
1780995618.735621,0.000985833,83064,8,674.061428
1780995618.736586,0.001005803,93266,9,741.823200
1780995618.737666,0.001003078,83064,8,662.472908
1780995618.738673,0.000997676,93266,9,747.866041
1780995618.739626,0.000992027,85960,8,693.206939
1780995618.740651,0.001000761,102020,10,815.539375
1780995618.741625,0.001001853,84512,8,674.845511
1780995618.742687,0.001008723,87408,8,693.217068
1780995618.743598,0.000996561,90370,9,725.454839
1780995618.744586,0.000998193,93266,9,747.478694
1780995618.745557,0.000993361,93266,9,751.114650
1780995618.746676,0.001001710,83262,11,664.958920
1780995618.747576,0.000998358,106496,12,853.369232
1780995618.748595,0.001000433,84578,9,676.331149
1780995618.749630,0.001001361,97610,9,779.818667
1780995618.750705,0.000998857,81616,8,653.675151
1780995618.751609,0.001005285,89054,11,708.686591
1780995618.752580,0.000998181,96426,13,772.813748
1780995618.753580,0.001006240,88922,9,706.964541
1780995618.754608,0.000990785,91818,9,741.375778
1780995618.755683,0.001004162,97610,9,777.643448
1780995618.756662,0.000999439,90370,9,723.365808
1780995618.757622,0.001003324,83064,8,662.310480
1780995618.758676,0.000997274,96162,9,771.398833
1780995618.759610,0.000995820,93266,9,749.259906
1780995618.760590,0.000999427,83064,8,664.892984
1780995618.761631,0.001000204,93266,9,745.975821
1780995618.762646,0.000999428,87408,8,699.664208
1780995618.763638,0.001002905,90370,9,720.865885
1780995618.764609,0.000996789,94714,9,760.152851
1780995618.765611,0.001001416,88856,8,709.842863
1780995618.766589,0.001008900,90370,9,716.582416
1780995618.767606,0.000998985,93266,9,746.886089
1780995618.768586,0.001004022,81616,8,650.312443
1780995618.769641,0.001000283,87408,8,699.066164
1780995618.770619,0.001000203,90370,9,722.813269
1780995618.771609,0.000988834,94714,9,766.268150
1780995618.772673,0.001003608,93266,9,743.445648
1780995618.773641,0.000998937,83064,8,665.219128
1780995618.774607,0.000996544,96162,9,771.963907
1780995618.775584,0.000999661,93266,9,746.381023
1780995618.776601,0.001005943,87408,8,695.132826
1780995618.777604,0.001002524,90370,9,721.139843
1780995618.778604,0.000996994,85960,8,689.753399
1780995618.779585,0.000995208,96558,15,776.183471
1780995618.780636,0.000998125,96360,12,772.328115
1780995618.781631,0.001000828,97676,10,780.761529
1780995618.782650,0.000999639,85960,8,687.928342
1780995618.783748,0.001000081,85960,8,687.624302
1780995618.784579,0.001010006,102020,10,808.074407
1780995618.785642,0.000990485,81616,8,659.200291
1780995618.786613,0.000999628,83064,8,664.759290
1780995618.787593,0.001004449,104916,10,835.610369
1780995618.788578,0.000995162,83064,8,667.742538
1780995618.789584,0.001006108,94714,9,753.111992
1780995618.790606,0.001004134,85960,8,684.848835
1780995618.791636,0.000990353,80300,10,648.657600
1780995618.792620,0.000999585,108142,15,865.495180
1780995618.793558,0.001004604,91884,10,731.703238
1780995618.794598,0.000999704,93266,9,746.348919
1780995618.795599,0.001001973,82998,7,662.676539
1780995618.796690,0.000994211,97610,9,785.426836
1780995618.797676,0.000999805,90370,9,723.101005
1780995618.798695,0.001001169,83064,8,663.736093
1780995618.799637,0.001007911,93266,9,740.271710
1780995618.800632,0.000990542,96228,10,777.174517
1780995618.801623,0.001001096,87408,8,698.498446
1780995618.802753,0.001005141,78720,8,626.538963
1780995618.803634,0.000995564,94714,9,761.088187
1780995618.804617,0.000999192,93266,9,746.731359
1780995618.805611,0.001001936,97610,9,779.371137
1780995618.806616,0.001011049,90370,9,715.059310
1780995618.807608,0.000995231,83064,8,667.696243
1780995618.808603,0.000990776,97610,9,788.149895
1780995618.809606,0.001013859,91818,9,724.503111
1780995618.810601,0.000986255,83064,8,673.773010
1780995618.811609,0.001000016,95044,14,760.339835
1780995618.812591,0.001008064,103534,11,821.646245
1780995618.813651,0.000991842,84512,8,681.656957
1780995618.814610,0.001003731,94714,9,754.895485
1780995618.815583,0.000996235,83064,8,667.023343
1780995618.816584,0.001007555,93266,9,740.533271
1780995618.817582,0.001002255,88856,8,709.248644
1780995618.818605,0.000993058,90370,9,728.013872
1780995618.819593,0.001007009,93266,9,740.934788
1780995618.820573,0.000995424,93266,9,749.557977
1780995618.821591,0.001005805,84512,8,672.193914
1780995618.822675,0.000989439,93266,9,754.091965
1780995618.823649,0.000999381,94714,9,758.181314
1780995618.824615,0.001004383,88856,8,707.745950
1780995618.825606,0.000995408,90370,9,726.295147
1780995618.826658,0.001000608,81682,9,653.058940
1780995618.827636,0.001009972,105246,15,833.654794
1780995618.828640,0.000990216,91884,10,742.335006
1780995618.829631,0.001003571,87606,11,698.354177
1780995618.830589,0.001008591,99388,14,788.331445
1780995618.831594,0.000987366,88922,9,720.478526
1780995618.832600,0.001004067,97874,13,779.820470
1780995618.833603,0.001001387,102152,12,816.084091
1780995618.834672,0.000998319,94780,10,759.516748
1780995618.835610,0.000996211,83064,8,667.039412
1780995618.836693,0.001006934,93266,9,740.989976
1780995618.837610,0.000995065,84512,8,679.449081
1780995618.838661,0.001008396,93266,9,739.915668
1780995618.839646,0.000991654,85960,8,693.467681
1780995618.840590,0.001006219,91818,9,730.004104
1780995618.841578,0.000995378,81682,9,656.490298
1780995618.842584,0.000996237,89120,12,715.653002
1780995618.843630,0.001000604,113736,12,909.338759
1780995618.844680,0.001006071,83064,8,660.502092
1780995618.845626,0.000992807,83064,8,669.326465
1780995618.846596,0.001000552,94714,9,757.293974
1780995618.847664,0.001006598,93266,9,741.237316
1780995618.848597,0.001005029,84512,8,672.712927
1780995618.849562,0.000988730,87408,8,707.234533
1780995618.850602,0.000999687,102020,10,816.415538
1780995618.851601,0.001003711,81616,8,650.513943
1780995618.852587,0.001006404,93266,9,741.380201
1780995618.853574,0.000989255,90304,8,730.278846
1780995618.857679,0.001010458,83196,10,658.679529
1780995618.857944,0.000995623,105048,12,844.078532
1780995618.858048,0.000995245,91818,9,738.053444
1780995618.858133,0.000998808,90370,9,723.822797
1780995618.858629,0.001011380,90304,8,714.303229
1780995618.859656,0.000990543,96162,9,776.640691
1780995618.860608,0.000999005,83064,8,665.173848
1780995618.861623,0.001005480,91818,9,730.540637
1780995618.862631,0.001007236,102218,13,811.869314
1780995618.863672,0.001001879,90502,11,722.658125
1780995618.864618,0.000988891,85960,8,695.405257
1780995618.865731,0.000998248,93266,9,747.437511
1780995618.866586,0.000997811,94714,9,759.374270
1780995618.867600,0.001000531,85960,8,687.315036
1780995618.868577,0.001000677,90370,9,722.470887
1780995618.869584,0.001004295,93266,9,742.937085
1780995618.870595,0.001002269,93266,9,744.438868
1780995618.871735,0.000993199,87606,11,705.647106
1780995618.872666,0.001009021,100638,11,797.906089
1780995618.873651,0.000997619,89134,11,714.773877
1780995618.874622,0.001002192,99454,15,793.891789
1780995618.875602,0.000999812,97808,12,782.611131
1780995618.876585,0.001001122,84710,11,676.920495
1780995618.877677,0.000990314,100902,15,815.111167
1780995618.878627,0.001011050,97676,10,772.867811
1780995618.879578,0.001001415,84512,8,675.140676
1780995618.880579,0.000987211,99388,14,805.404316
1780995618.881569,0.000999033,94780,10,758.973928
1780995618.882610,0.001004172,88922,9,708.420470
1780995618.883606,0.001004498,77206,7,614.882260
1780995618.884573,0.001005126,99124,10,788.947853
1780995618.885573,0.000986777,85960,8,696.895043
1780995618.886692,0.001006822,93266,9,741.072404
1780995618.887656,0.000998073,83064,8,665.794987
1780995618.888672,0.000994866,93266,9,749.978389
1780995618.889658,0.001000727,87408,8,698.756004
1780995618.890858,0.000999187,93464,12,748.320384
1780995618.891652,0.001011012,99434,13,786.807674
1780995618.892592,0.000989525,86026,9,695.493292
1780995618.893667,0.001001944,96162,9,767.803390
1780995618.894799,0.000998565,85960,8,688.668239
1780995618.895692,0.001010183,100572,10,796.465591
1780995618.896658,0.000995918,87408,8,702.130095
1780995618.897651,0.000993601,84644,10,681.513002
1780995618.898649,0.000999876,105246,15,842.072417
1780995618.899654,0.001006158,84644,10,673.007619
1780995618.900606,0.000993041,99124,10,798.549103
1780995618.901653,0.000999915,85960,8,687.738458
1780995618.902608,0.001010646,93266,9,738.268395
1780995618.903604,0.001004411,93266,9,742.851283
1780995618.904624,0.000995171,93266,9,749.748536
1780995618.905664,0.000991309,84512,8,682.023466
1780995618.906634,0.000998924,93266,9,746.931699
1780995618.907568,0.001000174,83064,8,664.396395
1780995618.908574,0.000999356,88856,8,711.306081
1780995618.909565,0.001000271,102020,10,815.938881
1780995618.910600,0.001001422,81616,8,652.000855
1780995618.911600,0.000998645,103732,14,830.981981
1780995618.912666,0.001001681,91950,11,734.365532
1780995618.913636,0.001004401,87474,9,696.725710
1780995618.914608,0.000996224,94714,9,760.583965
1780995618.915606,0.001008230,84512,8,670.577150
1780995618.916604,0.001001345,93266,9,745.125806
1780995618.917599,0.000988740,87408,8,707.227380
1780995618.919320,0.000999766,90370,9,723.129212
1780995618.919605,0.001000863,93266,9,745.484647
1780995618.920594,0.000998866,83064,8,665.266412
1780995618.921559,0.001004467,97610,9,777.407321
1780995618.922606,0.001004789,90370,9,719.514246
1780995618.923601,0.000990623,94714,9,764.884320
1780995618.924602,0.001011668,84512,8,668.298295
1780995618.925558,0.000991090,93266,9,752.835767
1780995618.926587,0.000997565,83064,8,666.134036
1780995618.927571,0.001011709,94714,9,748.942631
1780995618.928625,0.000994025,93266,9,750.612912
1780995618.929615,0.001004739,83064,8,661.377731
1780995618.930608,0.000995150,94714,9,761.404813
1780995618.931592,0.001002295,93266,9,744.419557
1780995618.932601,0.001000703,85960,8,687.196901
1780995618.933606,0.001001073,93266,9,745.328263
1780995618.934581,0.000989798,94714,9,765.521854
1780995618.935718,0.001001960,71414,7,570.194419
1780995618.936649,0.001012846,104916,10,828.682742
1780995618.937622,0.000997381,82998,7,665.727540
1780995618.938639,0.000994136,93266,9,750.529103
1780995618.939606,0.000997712,94714,9,759.449621
1780995618.940594,0.000995829,83064,8,667.295289
1780995618.941597,0.000999997,93266,9,746.130238
1780995618.942608,0.001009280,96162,9,762.222575
1780995618.943593,0.000991174,93266,9,752.771965
1780995618.944573,0.000999511,75758,7,606.360510
1780995618.945584,0.001012805,90370,9,713.819541
1780995618.946609,0.000993982,83118,9,668.969861
1780995618.947594,0.000993454,77338,9,622.780723
1780995618.948604,0.001011141,115448,16,913.407725
1780995618.949602,0.000996709,88922,9,713.724869
1780995618.950600,0.001002878,94714,9,755.537563
1780995618.951597,0.000993867,83064,8,668.612601
1780995618.952591,0.001000378,93266,9,745.846070
1780995618.953578,0.000998116,189428,9,1518.284448
1780995618.954616,0.000997565,93266,9,747.949256
1780995618.955603,0.001002972,83064,8,662.542922
1780995618.956597,0.001003369,84512,8,673.825881
1780995618.957584,0.001005591,93266,9,741.979592
1780995618.958605,0.000996705,94714,9,760.216915
1780995618.959609,0.000995079,75956,10,610.653024
1780995618.960576,0.000995458,108010,13,868.022558
1780995618.961576,0.001000068,97676,10,781.354868
1780995618.962599,0.001002979,85960,8,685.637486
1780995618.963603,0.000997062,91818,9,736.708449
1780995618.964630,0.001010420,94714,9,749.898062
1780995618.965607,0.000992647,83064,8,669.434351
1780995618.966673,0.000997221,96162,9,771.439831
1780995618.967671,0.001000332,86026,9,687.979591
1780995618.968679,0.001012487,106694,15,843.025145
1780995618.969615,0.000986754,83196,10,674.502460
1780995618.970792,0.001000699,93398,11,746.662083
1780995618.971649,0.001012992,106562,13,841.562421
1780995618.972640,0.000986135,88988,10,721.913328
1780995618.973678,0.001001389,84512,8,675.158205
1780995618.974608,0.000998948,87408,8,700.000400
1780995618.975599,0.001000186,102020,10,816.008222
1780995618.976563,0.001000230,73060,10,584.345601
1780995618.977573,0.001001054,103600,12,827.927365
1780995618.978606,0.001007570,97610,9,775.013150
1780995618.979594,0.000992262,90436,10,729.130008
1780995618.980601,0.001006552,93266,9,741.271191
1780995618.981576,0.000991740,94714,9,764.022829
1780995618.982582,0.001000387,85960,8,687.413971
1780995618.983707,0.001001551,84512,8,675.048999
1780995618.984626,0.001006999,90370,9,717.935172
1780995618.985611,0.001002749,86026,9,686.321303
1780995618.986759,0.000989092,74442,9,602.103748
1780995618.987650,0.001000460,112288,12,897.890970
1780995618.988621,0.001006591,93266,9,741.242471
1780995618.989639,0.000997278,94714,9,759.780121
1780995618.990610,0.001005247,88856,8,707.137649
1780995618.991600,0.000990380,90370,9,729.982431
1780995618.992580,0.001001823,81616,8,651.739878
1780995618.993573,0.000998461,94714,9,758.879916
1780995618.994598,0.001007563,96162,9,763.521487
1780995618.995603,0.000991894,81814,11,659.860832
1780995618.996603,0.001005194,102152,12,812.993313
1780995618.997559,0.000994463,96228,10,774.110248
1780995618.998609,0.001009546,83064,8,658.228550
1780995618.999595,0.000994127,87408,8,703.395039
1780995619.000573,0.000996248,89252,14,716.705077
1780995619.001603,0.001008713,103600,12,821.641042
1780995619.002596,0.000996436,86026,9,690.669546
1780995619.003650,0.001001701,96162,9,767.989650
1780995619.004610,0.001006912,84644,10,672.503655
1780995619.005575,0.000986631,99322,13,805.342626
1780995619.006598,0.001000410,91818,9,734.242960
1780995619.007598,0.001001917,91818,9,733.138573
1780995619.008735,0.000999001,85960,8,688.367679
1780995619.009614,0.001008966,102020,10,808.907337
1780995619.010623,0.000993300,83064,8,668.994262
1780995619.011644,0.000996584,83064,8,666.789754
1780995619.012593,0.001010021,94714,9,750.194303
1780995619.013555,0.000989979,90436,10,730.811462
1780995619.014588,0.001001650,87672,12,700.220636
1780995619.015599,0.001001831,99190,11,792.069720
1780995619.016573,0.000995710,99124,10,796.408593
1780995619.017578,0.001006372,91752,8,729.368464
1780995619.018605,0.001000336,87474,9,699.556949
1780995619.019584,0.001004856,88856,8,707.412803
1780995619.020599,0.000995587,97676,10,784.871639
1780995619.021579,0.000997894,87408,8,700.739758
1780995619.022611,0.000995509,90370,9,726.221461
1780995619.023587,0.001003374,87672,12,699.017515
1780995619.024565,0.000997968,105048,12,842.095137
1780995619.025612,0.000999101,93332,10,747.327848
1780995619.026587,0.000999741,81616,8,653.097152
1780995619.027580,0.001001304,94714,9,756.725230
1780995619.028647,0.001010469,90304,8,714.947218
1780995619.029598,0.001000287,96162,9,769.075275
1780995619.030662,0.000992381,84512,8,681.286724
1780995619.031666,0.001009323,93266,9,739.236102
1780995619.032628,0.000993223,87408,8,704.035247
1780995619.033621,0.000995147,83064,8,667.752603
1780995619.034642,0.001004373,94714,9,754.412952
1780995619.035661,0.000993498,87342,7,703.308915
1780995619.036636,0.001004251,84710,11,674.811377
1780995619.037602,0.001007648,112420,14,892.533901
1780995619.038604,0.000988164,88922,9,719.896697
1780995619.039597,0.001011922,94714,9,748.784985
1780995619.040610,0.000995987,88856,8,713.712127
1780995619.041559,0.000995215,88922,9,714.796300
1780995619.042609,0.001004859,96162,9,765.576066
1780995619.043702,0.001004899,81616,8,649.744900
1780995619.044652,0.000995066,93266,9,749.827650
1780995619.045576,0.001007369,93266,9,740.670003
1780995619.046621,0.000988799,83064,8,672.039515
1780995619.047619,0.001003910,94714,9,754.760885
1780995619.048599,0.000992096,94714,9,763.748669
1780995619.049585,0.001000325,88856,8,710.617049
1780995619.050677,0.001008348,77404,10,614.105448
1780995619.051677,0.000992761,108010,13,870.380686
1780995619.052594,0.001013428,90436,10,713.901728
1780995619.053557,0.000984927,95044,14,771.988178
1780995619.054614,0.001011442,93398,11,738.731435
1780995619.055601,0.000994323,94780,10,762.569105
1780995619.056589,0.001004632,93266,9,742.687870
1780995619.057621,0.000996725,85960,8,689.939552
1780995619.058622,0.001003847,96162,9,766.347860
1780995619.059678,0.000992530,90370,9,728.401157
1780995619.060654,0.001002941,84512,8,674.113432
1780995619.061618,0.000997225,91818,9,736.588032
1780995619.062616,0.000996167,84776,12,680.817574
1780995619.063634,0.001004656,105180,14,837.540412
1780995619.064730,0.001005065,94780,10,754.418868
1780995619.065676,0.000992717,86158,11,694.320738
1780995619.066678,0.000997897,103666,13,831.075752
1780995619.067650,0.001009854,86026,9,681.492572
1780995619.068655,0.000997259,90370,9,724.947080
1780995619.069686,0.000996948,94714,9,760.031616
1780995619.070721,0.000996023,83064,8,667.165316
1780995619.071700,0.001004494,97610,9,777.386425
1780995619.072619,0.001006708,90370,9,718.142699
1780995619.073611,0.000990639,81748,10,660.163793
1780995619.074605,0.001001810,110972,14,886.172029
1780995619.075598,0.000999608,87474,9,700.066426
1780995619.076592,0.000996014,88922,9,714.222892
1780995619.077568,0.001012617,93398,11,737.874241
1780995619.078611,0.000991633,99256,12,800.747857
1780995619.079612,0.001008748,88988,10,705.730272
1780995619.080571,0.000994143,97610,9,785.480560
1780995619.081586,0.001001403,90370,9,721.947108
1780995619.082614,0.001003134,83064,8,662.435926
1780995619.083760,0.000990570,99058,9,800.008076
1780995619.084579,0.000999099,80168,8,641.922372
1780995619.085569,0.000999080,96162,9,770.004404
1780995619.086611,0.001001227,90370,9,722.074015
1780995619.087609,0.001007570,96162,9,763.516182
1780995619.088623,0.001000460,81616,8,652.627791
1780995619.089566,0.000995855,94714,9,760.865789
1780995619.090607,0.000995026,90304,8,726.043340
1780995619.091681,0.001011936,88922,9,702.985169
1780995619.092584,0.000988432,83064,8,672.289040
1780995619.093601,0.001008955,93266,9,739.505726
1780995619.094592,0.000990514,97610,9,788.358367
1780995619.095604,0.001013912,90370,9,713.040185
1780995619.096592,0.000985765,83064,8,674.107926
1780995619.097594,0.001003082,85960,8,685.567082
1780995619.098609,0.001006319,102020,10,811.035069
1780995619.099607,0.001001177,88856,8,710.012316
1780995619.100600,0.000997274,91818,9,736.551840
1780995619.101636,0.000997859,83196,10,666.996039
1780995619.102613,0.001009112,103732,14,822.362632
1780995619.103580,0.000985334,97742,11,793.574565
1780995619.104637,0.001004828,80168,8,638.262469
1780995619.105607,0.000999815,94714,9,757.852203
1780995619.106697,0.001008391,93266,9,739.919337
1780995619.107670,0.001000293,87408,8,699.059176
1780995619.108592,0.000998613,94714,9,758.764406
1780995619.109638,0.000995150,87804,14,705.855399
1780995619.110683,0.000999952,102152,12,817.255228
1780995619.112232,0.001003055,78654,7,627.315551
1780995619.112828,0.000992818,98992,8,797.664829
1780995619.113629,0.000998402,88922,9,712.514598
1780995619.114690,0.001002873,88856,8,708.811584
1780995619.115706,0.001007720,90568,12,718.993371
1780995619.116635,0.000999305,102152,12,817.784360
1780995619.117584,0.000992315,91818,9,740.232688
1780995619.118648,0.000996509,88922,9,713.868114
1780995619.119594,0.001000414,90304,8,722.133037
1780995619.120630,0.001012403,71414,7,564.312828
1780995619.121591,0.000997192,113604,10,911.391186
1780995619.122594,0.000989850,90370,9,730.373289
1780995619.123600,0.001010166,85960,8,680.759400
1780995619.124595,0.000994800,96162,9,773.317250
1780995619.125604,0.001008362,90370,9,716.964741
1780995619.126610,0.000997532,87672,12,703.111279
1780995619.127616,0.001002623,100704,12,803.524356
1780995619.128607,0.000997275,90304,8,724.406006
1780995619.129668,0.000991197,85960,8,693.787411
1780995619.130740,0.001011155,97940,14,774.876255
1780995619.131620,0.000987765,90436,10,732.449520
1780995619.132656,0.001007524,87474,9,694.566085
1780995619.133616,0.000992066,87474,9,705.388553
1780995619.134613,0.001010899,108076,14,855.286235
1780995619.135589,0.000997965,88922,9,712.826602
1780995619.136592,0.000991068,83064,8,670.500914
1780995619.137576,0.001000697,83064,8,664.049158
1780995619.138605,0.001003700,93266,9,743.377503
1780995619.139582,0.001000883,85894,7,686.545780
1780995619.140590,0.000994474,93200,8,749.743080
1780995619.141578,0.000999887,93266,9,746.212322
1780995619.142622,0.001000617,75824,8,606.217964
1780995619.143572,0.001001801,0,0,0.000000
1780995619.144573,0.000997846,68716,10,550.914670
1780995619.145560,0.000999838,116830,15,934.791436
1780995619.146612,0.001007535,115184,12,914.580635
1780995619.147578,0.000994236,125320,12,1008.372258
1780995619.148582,0.001003586,91884,10,732.445451
1780995619.149598,0.001000298,96426,13,771.178189
1780995619.150621,0.001002970,100638,11,802.719922
1780995619.151589,0.000998142,87474,9,701.094634
1780995619.152654,0.000997437,84512,8,677.833287
1780995619.153580,0.000996417,86224,12,692.272412
1780995619.154607,0.001013778,99256,12,783.256295
1780995619.155610,0.000994197,88856,8,714.997128
1780995619.156588,0.001003851,88922,9,708.647000
1780995619.157583,0.000997893,88856,8,712.348919
1780995619.158582,0.000989354,101954,9,824.408655
1780995619.159596,0.001002637,84512,8,674.317824
1780995619.160587,0.001005449,83130,9,661.435836
1780995619.161588,0.000993476,93530,13,753.153574
1780995619.162609,0.001006092,107878,11,857.798293
1780995619.163605,0.000999308,90370,9,723.460635
1780995619.164586,0.001000180,85960,8,687.556240
1780995619.165688,0.001000272,93266,9,745.925108
1780995619.166677,0.000993026,88856,8,715.840270
1780995619.167732,0.001014170,99124,10,781.912303
1780995619.168679,0.000986495,83064,8,673.609091
1780995619.169598,0.000999735,93266,9,746.325776
1780995619.170606,0.000999406,84512,8,676.497840
1780995619.171609,0.001000042,91752,8,733.985173
1780995619.172585,0.001003843,96162,9,766.350913
1780995619.173615,0.001006727,87408,8,694.591483
1780995619.174668,0.000996741,90370,9,725.323830
1780995619.175658,0.001005027,85960,8,684.240324
1780995619.176620,0.000987634,90370,9,732.012061
1780995619.177626,0.001003015,96162,9,766.983545
1780995619.179079,0.000998392,78852,10,631.831986
1780995619.179629,0.000998595,105114,13,842.095144
1780995619.180923,0.001002326,88922,9,709.725179
1780995619.181639,0.001005402,94714,9,753.640832
1780995619.182743,0.001000406,94714,9,757.404494
1780995619.183568,0.000992121,61344,8,494.649342
1780995619.184699,0.001000534,83262,11,665.740495
1780995619.185634,0.001011502,105048,12,830.827818
1780995619.186743,0.000988223,118014,11,955.363314
1780995619.187659,0.001007055,96162,9,763.906639
1780995619.188646,0.000993283,86158,11,693.925095
1780995619.189853,0.000999926,89054,11,712.484724
1780995619.190707,0.001000018,102086,11,816.673300
1780995619.191955,0.001001341,88922,9,710.423322
1780995619.192612,0.000998534,90634,13,726.136516
1780995619.193634,0.000999008,108010,13,864.938019
1780995619.194919,0.001010621,80234,9,635.126323
1780995619.195622,0.001001234,94978,13,758.887533
1780995619.196648,0.001001294,106430,11,850.339660
1780995619.197650,0.000997860,81616,8,654.328262
1780995619.198615,0.001001923,99058,9,790.943017
1780995619.199612,0.000993114,91818,9,739.637141
1780995619.200642,0.001007395,93266,9,740.650887
1780995619.201650,0.000987924,83064,8,672.634737
1780995619.202643,0.000999366,97610,9,781.375392
1780995619.203580,0.001007703,84512,8,670.927843
1780995619.204558,0.000993507,5858,1,47.170277
1780995619.205611,0.000998359,0,0,0.000000
1780995619.206658,0.001012380,91686,7,724.518461
1780995619.207649,0.000988355,109194,9,883.844368
1780995619.208623,0.000999242,123872,12,991.727730
1780995619.209607,0.001000949,113670,11,908.497836
1780995619.210660,0.001003160,83064,8,662.418757
1780995619.211606,0.001007056,97874,13,777.505918
1780995619.212693,0.000996444,100704,12,808.507051
1780995619.213667,0.001004459,96228,10,766.406593
1780995619.214584,0.000994004,84512,8,680.174325
1780995619.215687,0.000999009,93266,9,746.868146
1780995619.216621,0.001012110,95110,15,751.775993
1780995619.217614,0.000994686,93332,10,750.644927
1780995619.218606,0.000993383,85960,8,692.260689
1780995619.219594,0.000999131,85960,8,688.278114
1780995619.220634,0.000995669,96162,9,772.642314
1780995619.221628,0.001010357,91818,9,727.014313
1780995619.222598,0.001000015,83064,8,664.502032
1780995619.223611,0.000994883,88988,10,715.565549
1780995619.224606,0.001001568,103732,14,828.556823
1780995619.225586,0.000997507,99256,12,796.032509
1780995619.226655,0.001006480,84512,8,671.743105
1780995619.227631,0.001004100,93266,9,743.081366
1780995619.228669,0.000995780,88856,8,713.860491
1780995619.229633,0.000995325,92016,12,739.585563
1780995619.230630,0.001004127,94846,11,755.649435
1780995619.231679,0.000994663,53906,5,433.561920
1780995619.232648,0.001001046,0,0,0.000000
1780995619.233634,0.000995194,43638,3,350.789896
1780995619.234627,0.001000052,56802,5,454.392372
1780995619.235625,0.001009158,116500,10,923.542201
1780995619.236613,0.000990510,126768,12,1023.860436
1780995619.237592,0.000999875,112222,11,897.888236
1780995619.238602,0.001008179,93266,9,740.074927
1780995619.239587,0.000995588,94714,9,761.069840
1780995619.240606,0.001008447,88856,8,704.893762
1780995619.241601,0.000995621,90370,9,726.139766
1780995619.242611,0.000991530,78852,10,636.204653
1780995619.243627,0.001000261,96426,13,771.206715
1780995619.244595,0.000999586,102086,11,817.026249
1780995619.245568,0.001010251,96228,10,762.012609
1780995619.246605,0.000989668,87408,8,706.564222
1780995619.247597,0.001004271,90370,9,719.885370
1780995619.248593,0.000995906,85960,8,690.506935
1780995619.249586,0.001004820,96162,9,765.605780
1780995619.250657,0.000998445,90370,9,724.085954
1780995619.251609,0.001009832,74574,11,590.783417
1780995619.252590,0.000986774,113868,14,923.153630
1780995619.253563,0.001001015,85960,8,686.982713
1780995619.254590,0.000999219,90370,9,723.525073
1780995619.255602,0.001006426,94714,9,752.874031
1780995619.256571,0.000992908,93266,9,751.457335
1780995619.257550,0.001000384,84578,9,676.364276
1780995619.258587,0.001001440,86026,9,687.218405
1780995619.259595,0.001001836,92148,14,735.833011
1780995619.260587,0.001009461,102086,11,809.033732
1780995619.261590,0.000997845,97676,10,783.095571
1780995619.262580,0.000989999,83064,8,671.224920
1780995619.263605,0.001009195,93266,9,739.329862
1780995619.264596,0.000991443,93200,8,752.035165
1780995619.265586,0.001002245,78654,7,627.822538
1780995619.266581,0.000996620,103468,10,830.551263
1780995619.267671,0.001000552,80168,8,640.990173
1780995619.268645,0.001007743,94714,9,751.890115
1780995619.269637,0.001000869,94714,9,757.054120
1780995619.270610,0.001004995,81616,8,649.682834
1780995619.271646,0.000998412,94714,9,758.917160
1780995619.272638,0.001002011,96492,14,770.386752
1780995619.273625,0.000990297,103534,11,836.387468
1780995619.274636,0.001001438,84512,8,675.125170
1780995619.275599,0.000996611,81616,8,655.148298
1780995619.276590,0.001002445,99058,9,790.531151
1780995619.277688,0.000998925,90370,9,723.738018
1780995619.278672,0.001007420,85960,8,682.614997
1780995619.279642,0.001001145,90370,9,722.133158
1780995619.280564,0.000991395,72862,7,587.955356
1780995619.281594,0.000998748,106298,9,851.450015
1780995619.282598,0.000998578,94714,9,758.791001
1780995619.283601,0.001000766,84578,9,676.106103
1780995619.284587,0.001004144,102284,14,814.895075
1780995619.285575,0.000996632,93332,10,749.179236
1780995619.286574,0.000997391,85960,8,689.478850
1780995619.287607,0.001008426,84446,7,669.923227
1780995619.288575,0.000993019,91818,9,739.707901
1780995619.289602,0.000998051,83064,8,665.809663
1780995619.290606,0.001005229,94714,9,753.770534
1780995619.291602,0.000994928,83064,8,667.899587
1780995619.292593,0.001011286,94714,9,749.255898
1780995619.293595,0.000988477,93266,9,754.825858
1780995619.294688,0.001000583,96162,9,768.847762
1780995619.295638,0.001006555,80234,9,637.691929
1780995619.296631,0.001008121,109524,14,869.133765
1780995619.297687,0.000994589,91818,9,738.540241
1780995619.298631,0.000998036,88856,8,712.246853
1780995619.299600,0.000997035,83064,8,666.488137
1780995619.300635,0.000995524,99124,10,796.557391
1780995619.301656,0.001002929,93266,9,743.948973
1780995619.302649,0.000997346,84578,9,678.424539
1780995619.303660,0.001009050,87408,8,692.992419
1780995619.304646,0.001003888,90370,9,720.160018
1780995619.305621,0.000995084,89120,12,716.482227
1780995619.306671,0.000994378,99256,12,798.537377
1780995619.307731,0.000997226,97742,11,784.111124
1780995619.308591,0.001008844,89120,12,706.709858
1780995619.309577,0.001005044,97808,12,778.537059
1780995619.310676,0.000989438,94714,9,765.800384
1780995619.311596,0.000997904,93266,9,747.695169
1780995619.312629,0.000999701,84512,8,676.298213
1780995619.313570,0.001003231,100902,15,804.616285
1780995619.315082,0.001000348,88988,10,711.656344
1780995619.315590,0.000996105,94714,9,760.674828
1780995619.316577,0.000999872,93266,9,746.223517
1780995619.317555,0.001002521,87408,8,697.505588
1780995619.318609,0.001007893,90370,9,717.298364
1780995619.319602,0.000992755,96162,9,774.910225
1780995619.320595,0.001002763,80432,12,641.683030
1780995619.321561,0.001003677,100770,13,803.206609
1780995619.322617,0.000999860,97676,10,781.517412
1780995619.323610,0.000996650,84512,8,678.368535
1780995619.324571,0.000993247,87408,8,704.018235
1780995619.325575,0.001000043,88988,10,711.873389
1780995619.326604,0.000999863,106628,14,853.140880
1780995619.327610,0.001012549,94846,11,749.364228
1780995619.328575,0.000987176,81880,12,663.549357
1780995619.329578,0.001005108,105048,12,836.113134
1780995619.330659,0.001006108,84578,9,672.516271
1780995619.331628,0.000996864,99058,9,794.956985
1780995619.332602,0.000993390,81748,10,658.335598
1780995619.333603,0.001007229,105048,12,834.352466
1780995619.334590,0.000996196,87474,9,702.464174
1780995619.335604,0.000996852,96162,9,771.725392
1780995619.336600,0.000998415,93266,9,747.312490
1780995619.337572,0.001000415,74574,11,596.344517
1780995619.339142,0.001004862,109392,12,870.901676
1780995619.339629,0.000996405,88922,9,713.942624
1780995619.340575,0.000998677,93200,8,746.587736
1780995619.341594,0.001015367,100506,9,791.879192
1780995619.342627,0.000985279,75758,7,615.119169
1780995619.343589,0.001010403,102350,15,810.369724
1780995619.344574,0.000989686,90436,10,731.027821
1780995619.345577,0.000999346,83064,8,664.946875
1780995619.346581,0.001008385,94714,9,751.411415
1780995619.347611,0.001001412,87672,12,700.387053
1780995619.348600,0.000992266,102218,13,824.117726
1780995619.349642,0.000998179,91884,10,736.413008
1780995619.350620,0.001010163,94714,9,750.088847
1780995619.351602,0.000989424,87408,8,706.738466
1780995619.352573,0.001000256,90370,9,722.774970
1780995619.353580,0.001003594,87408,8,696.759845
1780995619.354604,0.001004386,90370,9,719.802944
1780995619.355604,0.001004875,97610,9,777.091678
1780995619.356597,0.000995626,80432,12,646.282841
1780995619.357582,0.000998259,103600,12,830.245457
1780995619.358615,0.001006096,97676,10,776.673399
1780995619.359596,0.000986920,83064,8,673.319013
1780995619.360591,0.000999907,93266,9,746.197396
1780995619.361573,0.001000001,93266,9,746.127254
1780995619.362613,0.001009108,84512,8,669.993697
1780995619.363637,0.000991836,94912,12,765.545917
1780995619.364589,0.001013319,103666,13,818.427366
1780995619.365684,0.000986719,84578,9,685.731196
1780995619.366696,0.001008255,94714,9,751.508299
1780995619.367632,0.000990619,83064,8,670.804820
1780995619.368635,0.001011077,103468,10,818.675531
1780995619.369591,0.000998822,85960,8,688.491042
1780995619.370595,0.000990268,81616,8,659.344743
1780995619.371643,0.001001666,179226,9,1431.423249
1780995619.372615,0.001009113,90304,8,715.907931
1780995619.373589,0.000999624,83210,9,665.930390
1780995619.374606,0.000994589,96162,9,773.481307
1780995619.375593,0.000995089,83130,9,668.322130
1780995619.376585,0.001010548,108142,15,856.105796
1780995619.377553,0.000989306,89054,11,720.133103
1780995619.378591,0.001004695,90568,12,721.158162
1780995619.379615,0.001009771,102152,12,809.308249
1780995619.380591,0.000985721,93266,9,756.936293
1780995619.381577,0.001004525,85960,8,684.582265
1780995619.382601,0.000996222,93266,9,748.957562
1780995619.383597,0.000999589,93266,9,746.434785
1780995619.384596,0.001002623,93266,9,744.176026
1780995619.385628,0.001000929,88856,8,710.188235
1780995619.386599,0.000997699,88922,9,713.016651
1780995619.387597,0.001001345,87408,8,698.324753
1780995619.388687,0.001005847,83196,10,661.699046
1780995619.389606,0.000991302,108130,15,872.630137
1780995619.390935,0.001002964,77272,8,616.349141
1780995619.391716,0.001000257,106364,10,850.693372
1780995619.392699,0.000998764,87408,8,700.129360
1780995619.393596,0.000998626,90370,9,723.954714
1780995619.394586,0.000999537,86138,9,689.423203
1780995619.395579,0.001000684,90370,9,722.465833
1780995619.396588,0.000999205,94714,9,758.314860
1780995619.397564,0.001003526,91752,8,731.436953
1780995619.398597,0.001003354,87474,9,697.452743
1780995619.399592,0.000992650,81616,8,657.762555
1780995619.400598,0.001007670,104916,10,832.939355
1780995619.401613,0.000997058,80168,8,643.236401
1780995619.402618,0.000995031,84446,7,678.941661
1780995619.403648,0.001002125,99124,10,791.310465
1780995619.404675,0.000999814,90304,8,722.566397
1780995619.405624,0.000998579,87408,8,700.259068
1780995619.406595,0.001008902,94714,9,751.026363
1780995619.407670,0.001000598,90370,9,722.527928
1780995619.408659,0.000995778,87408,8,702.228810
1780995619.409609,0.000999128,90370,9,723.590971
1780995619.410852,0.001002191,93266,9,744.496807
1780995619.413237,0.000995235,87408,8,702.611946
1780995619.413290,0.001003476,103798,15,827.507584
1780995619.413558,0.000994733,40874,5,328.723386
1780995619.414619,0.001001205,93266,9,745.229998
1780995619.415653,0.000999936,118014,11,944.172427
1780995619.416654,0.001000404,112222,11,897.413445
1780995619.417613,0.000999216,87408,8,699.812653
1780995619.418670,0.001001863,90370,9,721.615630
1780995619.419630,0.001000181,94714,9,757.574879
1780995619.420662,0.001004094,88856,8,707.949654
1780995619.421653,0.000993700,90370,9,727.543524
1780995619.422742,0.001000118,85960,8,687.598863
1780995619.423614,0.001007082,90370,9,717.876002
1780995619.424682,0.001005327,93266,9,742.174437
1780995619.425674,0.001000164,93266,9,746.005655
1780995619.426610,0.000986827,87408,8,708.598366
1780995619.427672,0.001000508,90370,9,722.592923
1780995619.428612,0.000998933,84512,8,676.818165
1780995619.429615,0.001002796,99058,9,790.254449
1780995619.430665,0.001008543,88922,9,705.350193
1780995619.431629,0.000989598,81748,10,660.858247
1780995619.432615,0.000999846,105180,14,841.569602
1780995619.433617,0.001000051,87474,9,699.756312
1780995619.434593,0.001012818,91818,9,725.247774
1780995619.435627,0.000989977,94714,9,765.383438
1780995619.436632,0.000997095,84512,8,678.065781
1780995619.437640,0.001012388,96162,9,759.882575
1780995619.438608,0.000998180,87738,13,703.183795
1780995619.439655,0.000996074,97742,11,785.017981
1780995619.440644,0.001002157,97610,9,779.199267
1780995619.441737,0.000992606,90370,9,728.345386
1780995619.442624,0.000998397,87408,8,700.386720
1780995619.443644,0.001009018,90370,9,716.498615
1780995619.444653,0.001002756,96162,9,767.181647
1780995619.445602,0.001001147,87408,8,698.462863
1780995619.446607,0.000987064,88922,9,720.698962
1780995619.447598,0.001001862,87408,8,697.964390
1780995619.448576,0.000998751,90370,9,723.864106
1780995619.449641,0.001011916,93266,9,737.341835
1780995619.450617,0.000993014,95044,14,765.701189
1780995619.451648,0.000996108,90502,11,726.844880
1780995619.452617,0.001003058,97676,10,779.025739
1780995619.453610,0.000999669,84512,8,676.319862
1780995619.454602,0.000996926,93320,10,748.862002
1780995619.455611,0.001010683,91950,11,727.824649
1780995619.456596,0.000988942,100836,14,815.708100
1780995619.457642,0.001012299,91950,11,726.662775
1780995619.458605,0.000993531,83064,8,668.838718
1780995619.459623,0.001002321,93266,9,744.400247
1780995619.460588,0.001004656,94912,12,755.777102
1780995619.461565,0.000996025,103666,13,832.637735
1780995619.462604,0.000993533,87540,10,704.878449
1780995619.463592,0.001005700,84512,8,672.264095
1780995619.464570,0.001001414,90436,10,722.466432
1780995619.465708,0.000990124,105180,14,849.832950
1780995619.466614,0.001004625,91950,11,732.213513
1780995619.467719,0.001008049,93266,9,740.170369
1780995619.468650,0.000997245,81814,11,656.320162
1780995619.469637,0.000994384,105180,14,846.192215
1780995619.470595,0.000995994,88922,9,714.237234
1780995619.471602,0.001006428,90568,12,719.916378
1780995619.472607,0.000996068,103600,12,832.071706
1780995619.473561,0.000997706,87540,10,701.930228
1780995619.474581,0.000999235,96162,9,769.884962
1780995619.475604,0.001006215,78786,9,626.394955
1780995619.476583,0.000996972,102284,14,820.757253
1780995619.477562,0.000996388,93332,10,749.362698
1780995619.478598,0.001000129,94714,9,757.614268
1780995619.479594,0.001008140,88856,8,705.108417
1780995619.480579,0.000992333,90370,9,728.545760
1780995619.481569,0.001002695,77272,8,616.514493
1780995619.482641,0.000997497,99454,15,797.628464
1780995619.483637,0.001000416,99190,11,793.190033
1780995619.484613,0.000999447,88922,9,711.769609
1780995619.485711,0.001002345,94714,9,755.939322
1780995619.486605,0.000997341,84512,8,677.898532
1780995619.487783,0.001002727,94648,8,755.124775
1780995619.488662,0.000997722,93266,9,747.831560
1780995619.489734,0.001000347,81616,8,652.701513
1780995619.490821,0.001010594,99058,9,784.156645
1780995619.491649,0.000995381,90370,9,726.314848
1780995619.492667,0.001001965,83064,8,663.208795
1780995619.493655,0.000997235,93266,9,748.196764
1780995619.494738,0.001005479,90502,11,720.070732
1780995619.495620,0.001001363,97808,12,781.398953
1780995619.496685,0.000998804,97676,10,782.343683
1780995619.497649,0.000991120,93266,9,752.812979
1780995619.498601,0.000997099,81616,8,654.827655
1780995619.499658,0.001004070,87408,8,696.429532
1780995619.500571,0.000995632,87540,10,703.392418
1780995619.501638,0.001008658,103666,13,822.209312
1780995619.502599,0.000996906,99190,11,795.982771
1780995619.503640,0.001002553,85960,8,685.928824
1780995619.504594,0.000992098,93266,9,752.070864
1780995619.505573,0.001000768,93266,9,745.555413
1780995619.506603,0.001000952,94714,9,756.991344
1780995619.507600,0.001001624,83064,8,663.434582
1780995619.508598,0.000996901,84710,11,679.786659
1780995619.509676,0.001006713,103732,14,824.322324
1780995619.510620,0.001005614,96228,10,765.526335
1780995619.511596,0.000987753,91818,9,743.651500
1780995619.512580,0.001000370,84512,8,675.845937
1780995619.513570,0.000998771,96162,9,770.242628
1780995619.514612,0.001007256,81616,8,648.224483
1780995619.515612,0.000993631,96162,9,774.227052
1780995619.516594,0.001011006,90370,9,715.089723
1780995619.517557,0.000988450,84512,8,683.996156
1780995619.518636,0.001002608,93266,9,744.187160
1780995619.519582,0.001000881,89054,11,711.804900
1780995619.520600,0.000997499,99322,13,796.568217
1780995619.521552,0.000998538,99190,11,794.681825
1780995619.522585,0.001004852,80168,8,638.247224
1780995619.523581,0.000999412,103468,10,828.231000
1780995619.524586,0.001008120,85960,8,682.141015
1780995619.525573,0.000989457,81616,8,659.885169
1780995619.526596,0.001004924,94714,9,753.999307
1780995619.527601,0.000994167,95044,14,764.813155
1780995619.528601,0.001010016,102152,12,809.111935
1780995619.529566,0.000993340,87408,8,703.952322
1780995619.530583,0.000996006,91818,9,737.489533
1780995619.531580,0.001000147,78654,7,629.139516
1780995619.532590,0.001003168,99058,9,789.961402
1780995619.533581,0.000997451,94714,9,759.648344
1780995619.534650,0.001012434,77338,9,611.105514
1780995619.535627,0.000990588,94978,13,767.043413
1780995619.536698,0.000997727,103468,10,829.629748
1780995619.537589,0.000999440,84512,8,676.474826
1780995619.538597,0.001005663,100572,10,800.045343
1780995619.539580,0.000996224,94714,9,760.583965
1780995619.540588,0.001007125,83064,8,659.810848
1780995619.541579,0.000996624,93266,9,748.655461
1780995619.542630,0.001008974,96162,9,762.453740
1780995619.543602,0.000993358,81616,8,657.293745
1780995619.544602,0.001002880,94714,9,755.536056
1780995619.545576,0.000989412,84512,8,683.331110
1780995619.546587,0.000999062,93266,9,746.828525
1780995619.547607,0.001007372,93266,9,740.667797
1780995619.548581,0.000992698,84578,9,681.601051
1780995619.549654,0.000999793,93266,9,746.282480
1780995619.550598,0.001000763,95044,14,759.772294
1780995619.551763,0.001000626,94780,10,757.765639
1780995619.552691,0.001001985,93266,9,744.649870
1780995619.553567,0.000996858,87408,8,701.468012
1780995619.554688,0.001004829,90634,13,721.587454
1780995619.555667,0.001003380,105114,13,838.079292
1780995619.556645,0.001000530,88922,9,710.999170
1780995619.557669,0.000998727,87606,11,701.741317
1780995619.558573,0.000992932,99322,13,800.232040
1780995619.559660,0.001010233,102152,12,808.938136
1780995619.560633,0.000992071,84512,8,681.499610
1780995619.561634,0.001003898,93266,9,743.230886
1780995619.562656,0.000993307,83064,8,668.989547
1780995619.563596,0.001000790,96162,9,768.688736
1780995619.564601,0.001002761,81616,8,651.130229
1780995619.565605,0.001002042,94714,9,756.167905
1780995619.566596,0.000997250,93266,9,748.185510
1780995619.567642,0.000998084,87408,8,700.606362
1780995619.568648,0.001000260,87540,10,700.137964
1780995619.569588,0.001004184,102284,14,814.862615
1780995619.570657,0.000995509,91950,11,738.918483
1780995619.571661,0.000999880,94714,9,757.802936
1780995619.572649,0.001010714,94714,9,749.679929
1780995619.573619,0.001001274,90370,9,722.040121
1780995619.574595,0.000987375,85960,8,696.472971
1780995619.575696,0.001011858,81616,8,645.276313
1780995619.576709,0.001000663,94714,9,757.209970
1780995619.577596,0.000991856,93266,9,752.254360
1780995619.578587,0.000995822,94714,9,760.891003
1780995619.579620,0.001000744,88856,8,710.319522
1780995619.580590,0.000998938,90370,9,723.728600
1780995619.581578,0.001010357,81616,8,646.234945
1780995619.582716,0.000990029,84512,8,682.905248
1780995619.583728,0.001006995,111104,16,882.657809
1780995619.584609,0.000993709,80234,9,645.935581
1780995619.585573,0.001007538,103468,10,821.551147
1780995619.586616,0.000996040,90370,9,725.834304
1780995619.587600,0.000998831,85960,8,688.484839
1780995619.588603,0.001009259,93530,13,741.375603
1780995619.589648,0.000994070,100704,12,810.437897
1780995619.590591,0.001007262,83064,8,659.721105
1780995619.591655,0.000995267,94714,9,761.315305
1780995619.592633,0.000993518,93464,12,752.590290
1780995619.593614,0.001006033,97742,11,777.246870
1780995619.594677,0.000997932,88856,8,712.321080
1780995619.595652,0.001004678,97874,13,779.346218
1780995619.596652,0.000989693,96294,11,778.374708
1780995619.597638,0.001005317,99322,13,790.373584
1780995619.598605,0.001001159,100770,13,805.226742
1780995619.599596,0.000999345,88922,9,711.842257
1780995619.600582,0.000999087,90370,9,723.620666
1780995619.601622,0.000996717,84512,8,678.322934
1780995619.602611,0.000997632,91818,9,736.287529
1780995619.603660,0.001000641,87408,8,698.816059
1780995619.604737,0.001004464,99388,14,791.570430
1780995619.605577,0.000994554,97742,11,786.217742
1780995619.606621,0.001012263,85960,8,679.349141
1780995619.607599,0.000987611,90370,9,732.029109
1780995619.608591,0.001012291,87408,8,690.773700
1780995619.609555,0.000989538,100836,14,815.216798
1780995619.610602,0.001008904,90436,10,717.102916
1780995619.611606,0.000991137,90370,9,729.424893
1780995619.612573,0.000998083,90370,9,724.348576
1780995619.613606,0.001013499,96162,9,759.049590
1780995619.614651,0.000994813,71414,7,574.290847
1780995619.615613,0.001005368,0,0,0.000000
1780995619.616612,0.000995589,0,0,0.000000
1780995619.617593,0.000996089,0,0,0.000000
1780995619.618607,0.001007014,0,0,0.000000
1780995619.619698,0.000990911,24748,2,199.799982
1780995619.620627,0.001001357,29092,2,232.420605
1780995619.621605,0.000996772,66938,5,537.238205
1780995619.622634,0.001003171,123740,10,986.790886
1780995619.623688,0.000997609,109194,9,875.645669
1780995619.624588,0.001011469,32054,3,253.524329
1780995619.625564,0.000997189,0,0,0.000000
1780995619.626664,0.000989078,0,0,0.000000
1780995619.627604,0.001006493,96030,7,763.283997
1780995619.628607,0.001004930,120910,11,962.534704
1780995619.629626,0.000989547,107812,10,871.606907
1780995619.630606,0.001004669,115118,11,916.664095
1780995619.631574,0.000994505,90502,11,728.016450
1780995619.632621,0.001011545,91950,11,727.204425
1780995619.633628,0.001000149,104916,10,839.202959
1780995619.634591,0.000988725,87408,8,707.238110
1780995619.635609,0.001011590,97544,8,771.411343
1780995619.636604,0.000997835,78654,7,630.597243
1780995619.637602,0.001001011,103402,9,826.380529
1780995619.638615,0.000998880,78918,11,632.051898
1780995619.639654,0.000991001,105048,12,848.015290
1780995619.640617,0.001008892,97610,9,773.997613
1780995619.641566,0.000995059,76022,11,611.195919
1780995619.642609,0.000999918,100638,11,805.170024
1780995619.643612,0.000995561,102020,10,819.799088
1780995619.644655,0.001005535,81814,11,650.909217
1780995619.645636,0.000994735,100770,13,810.426898
1780995619.646609,0.001011557,102020,10,806.835403
1780995619.647588,0.000994590,89054,11,716.307222
1780995619.648596,0.000998125,102152,12,818.751158
1780995619.649554,0.000996101,85960,8,690.371759
1780995619.650672,0.001006199,99256,12,789.156022
1780995619.651586,0.001001583,100770,13,804.885866
1780995619.652601,0.000999031,99124,10,793.761155
1780995619.653604,0.001004645,96162,9,765.739142
1780995619.654601,0.000987775,88856,8,719.645668
1780995619.655601,0.001007568,88922,9,706.032744
1780995619.656626,0.000998722,87474,9,700.687479
1780995619.657604,0.001007278,78918,11,626.782279
1780995619.658624,0.000993380,113802,13,916.483118
1780995619.659608,0.001000852,96096,8,768.113567
1780995619.660675,0.001000037,83064,8,664.487414
1780995619.661692,0.000997783,87408,8,700.817713
1780995619.662768,0.001011421,84842,13,671.071690
1780995619.663596,0.000985625,100638,11,816.846164
1780995619.664640,0.000998181,93266,9,747.487680
1780995619.665726,0.001000036,81880,12,655.016419
1780995619.666610,0.001007356,87540,10,695.206064
1780995619.667569,0.000991710,94714,9,764.045941
1780995619.668668,0.001001303,113604,10,907.649333
1780995619.669602,0.001000005,91752,8,734.012330
1780995619.670629,0.001009689,90304,8,715.499525
1780995619.671600,0.000989878,97610,9,788.864890
1780995619.672568,0.001012245,83064,8,656.473482
1780995619.673565,0.000997106,88922,9,713.440697
1780995619.674602,0.001000827,87408,18,698.686187
1780995619.675644,0.000991156,74442,9,600.849917
1780995619.676619,0.001007247,86158,11,684.304843
1780995619.677624,0.001002873,109326,11,872.102450
1780995619.678596,0.001001332,91818,9,733.566889
1780995619.679652,0.000986784,86158,11,698.495314
1780995619.680630,0.001006257,116698,13,927.778888
1780995619.681614,0.001001250,85960,8,686.821473
1780995619.682605,0.000998990,88856,8,711.566682
1780995619.683608,0.000999270,84776,12,678.703454
1780995619.684566,0.000997297,96294,11,772.439905
1780995619.685555,0.000997801,100506,9,805.819998
1780995619.686690,0.001003769,87408,8,696.638370
1780995619.687622,0.000995223,91752,8,737.539225
1780995619.688603,0.001003584,77206,7,615.442255
1780995619.689612,0.000999279,104916,10,839.933592
1780995619.690680,0.000997191,74244,6,595.625111
1780995619.691653,0.001009229,96492,14,764.876951
1780995619.692602,0.000998147,97676,10,782.858637
1780995619.693648,0.001005204,78918,11,628.075495
1780995619.694584,0.000987187,109458,13,887.029509
1780995619.695623,0.001000665,94648,8,756.680807
1780995619.696606,0.001001824,93200,8,744.242502
1780995619.697607,0.000997824,80366,11,644.330062
1780995619.698630,0.001011139,121042,13,957.668530
1780995619.699619,0.000988717,81550,7,659.845031
1780995619.700564,0.000999983,83196,10,665.579315
1780995619.701617,0.001007694,111038,15,881.521573
1780995619.702666,0.001001822,90370,9,721.645163
1780995619.703597,0.000990080,80234,9,648.303167
1780995619.704610,0.001000604,110972,14,887.240107
1780995619.705565,0.001003365,91818,9,732.080549
1780995619.706812,0.001094945,96162,9,702.588715
1780995619.707639,0.000909761,84512,8,743.157818
1780995619.708650,0.000993813,73126,11,588.649977
1780995619.709639,0.001010221,109458,13,866.804392
1780995619.710602,0.000988584,87540,10,708.407176
1780995619.711627,0.001006995,102020,10,810.490618
1780995619.712636,0.000992733,83064,8,669.376358
1780995619.713587,0.001006117,90304,8,718.039751
1780995619.714587,0.000997988,100572,10,806.198071
1780995619.715572,0.000994896,78588,6,631.929367
1780995619.716573,0.001003908,100572,10,801.443957
1780995619.717583,0.001004619,74574,11,593.849011
1780995619.718605,0.000996091,88988,10,714.697754
1780995619.719597,0.000995985,107812,10,865.972881
1780995619.720597,0.001013468,103600,12,817.786057
1780995619.721608,0.000998108,90502,11,725.388435
1780995619.722585,0.000988689,104916,10,848.930250
1780995619.723583,0.001003599,86224,12,687.318341
1780995619.724609,0.001010934,97610,9,772.434204
1780995619.725683,0.000985464,90370,9,733.623958
1780995619.726681,0.001005830,90238,7,717.719694
1780995619.727654,0.000998779,78918,11,632.115813
1780995619.728674,0.000995348,103600,12,832.673598
1780995619.729645,0.000999589,102020,10,816.495580
1780995619.730673,0.001005111,76022,11,605.083419
1780995619.731737,0.001001912,100770,13,804.621564
1780995619.732660,0.000996604,97676,10,784.070704
1780995619.733634,0.000997979,93266,9,747.638978
1780995619.734593,0.000998032,84512,8,677.429181
1780995619.735579,0.001000476,88856,8,710.509797
1780995619.736592,0.000999550,99058,9,792.820769
1780995619.737563,0.001010418,78984,12,625.357030
1780995619.738664,0.001000999,91950,11,734.865869
1780995619.739588,0.000993380,126768,12,1020.902374
1780995619.740592,0.001004067,62858,9,500.827136
1780995619.741702,0.001003977,99190,11,790.376672
1780995619.742587,0.000992917,103468,10,833.648734
1780995619.743627,0.001000461,85960,8,687.363126
1780995619.744638,0.000993634,88856,8,715.402251
1780995619.745607,0.001013209,81880,12,646.500377
1780995619.746670,0.000987232,103600,12,839.518978
1780995619.747604,0.001003687,101954,9,812.635812
1780995619.748570,0.000996251,85894,7,689.737827
1780995619.749609,0.001003903,94846,11,755.818042
1780995619.750579,0.001007111,105048,12,834.450224
1780995619.751606,0.000994720,93332,10,750.619270
1780995619.752612,0.000994930,83130,9,668.428935
1780995619.753572,0.001008842,88790,7,704.094397
1780995619.754650,0.000991996,88922,9,717.115795
1780995619.755630,0.001001849,93266,9,744.750955
1780995619.756595,0.000997124,96162,9,771.514877
1780995619.757640,0.001006148,83196,10,661.501091
1780995619.758615,0.000997187,100704,12,807.904636
1780995619.759625,0.001001772,97742,11,780.552860
1780995619.760593,0.000994724,84512,8,679.682002
1780995619.761622,0.001003504,80102,7,638.578421
1780995619.762608,0.000996652,97610,9,783.503169
1780995619.763574,0.001013988,94714,9,747.259336
1780995619.764592,0.000985308,93266,9,757.253569
1780995619.765587,0.001012557,87408,8,690.592233
1780995619.766589,0.000996239,90370,9,725.689318
1780995619.767586,0.000998590,96162,9,770.382239
1780995619.768605,0.001006677,90370,9,718.164814
1780995619.769591,0.000999825,84512,8,676.214338
1780995619.770598,0.000986756,93332,10,756.677436
1780995619.771592,0.000999279,83064,8,664.991459
1780995619.772591,0.001000091,96162,9,769.226000
1780995619.773577,0.001000652,93266,9,745.641842
1780995619.774594,0.001004352,87408,8,696.233990
1780995619.775586,0.001002595,88922,9,709.534757
1780995619.776612,0.001005649,93266,9,741.936799
1780995619.777628,0.000986751,84512,8,685.173869
1780995619.778623,0.001001317,84446,7,674.679447
1780995619.779630,0.001003654,97610,9,778.037053
1780995619.780672,0.001001323,88922,9,710.436093
1780995619.781673,0.001006806,87408,8,694.536981
1780995619.782809,0.000989917,91818,9,742.025847
1780995619.783600,0.001006577,93266,9,741.252780
1780995619.784607,0.000990979,86026,9,694.472839
1780995619.785620,0.001010805,94912,12,751.179505
1780995619.786608,0.000999442,91950,11,736.010694
1780995619.787631,0.000990656,94714,9,764.858841
1780995619.788670,0.001002885,97610,9,778.633642
1780995619.789601,0.001002794,88922,9,709.393953
1780995619.790721,0.000993130,87408,8,704.101175
1780995619.791613,0.001012508,78720,8,621.980271
1780995619.792581,0.000992472,104916,10,845.694387
1780995619.793571,0.000995133,93266,9,749.777165
1780995619.794600,0.001000085,84512,8,676.038537
1780995619.795656,0.001002440,91818,9,732.756075
1780995619.796636,0.001000500,92148,14,736.815592
1780995619.797625,0.001000116,102152,12,817.121214
1780995619.798662,0.001009209,91884,10,728.364491
1780995619.799657,0.000997343,84710,11,679.485393
1780995619.800608,0.001000990,94912,12,758.545040
1780995619.801726,0.000994246,99124,10,797.581283
1780995619.802649,0.001006608,102350,15,813.424888
1780995619.803667,0.000993721,88988,10,716.402290
1780995619.804670,0.001001217,90370,9,722.081227
1780995619.805611,0.000994038,97940,14,788.219364
1780995619.806650,0.000999109,94846,11,759.444665
1780995619.807667,0.001012431,97676,10,771.813585
1780995619.808590,0.000988270,85960,8,695.842229
1780995619.809575,0.001001201,93266,9,745.232975
1780995619.810612,0.000998932,83064,8,665.222458
1780995619.811603,0.001011171,93266,9,737.885086
1780995619.812611,0.000995957,84512,8,678.840552
1780995619.813570,0.001000757,93266,9,745.563608
1780995619.814607,0.000999566,83064,8,664.800523
1780995619.815598,0.000994544,99058,9,796.811403
1780995619.816593,0.000998359,90370,9,724.148327
1780995619.817584,0.001010926,93266,9,738.063914
1780995619.818602,0.000989962,83064,8,671.250008
1780995619.819592,0.000998580,93266,9,747.189008
1780995619.820593,0.001008088,92148,14,731.269492
1780995619.821605,0.000991173,105048,12,847.868132
1780995619.822659,0.001008061,88922,9,705.687453
1780995619.823667,0.000992066,96162,9,775.448408
1780995619.824692,0.001008275,84512,8,670.547222
1780995619.825625,0.001001550,90370,9,721.841146
1780995619.826666,0.000990559,87408,8,705.928673
1780995619.827605,0.001013282,90370,9,713.483512
1780995619.828598,0.000990976,94714,9,764.611857
1780995619.829597,0.001006178,93266,9,741.546724
1780995619.830712,0.000998156,85960,8,688.950425
1780995619.831627,0.001004757,91818,9,731.066318
1780995619.832669,0.000989847,83196,10,672.394825
1780995619.833641,0.001008642,108076,14,857.200077
1780995619.834657,0.001001418,91884,10,734.031144
1780995619.835614,0.000996540,96228,10,772.496839
1780995619.836604,0.001002438,95044,14,758.502770
1780995619.837593,0.000989215,99124,10,801.637662
1780995619.838654,0.001007014,83196,10,660.932221
1780995619.839616,0.000999748,105246,15,842.180229
1780995619.840626,0.000991647,90436,10,729.582200
1780995619.841636,0.000999648,91818,9,734.802651
1780995619.842602,0.001003388,93266,9,743.608654
1780995619.843595,0.000997172,93266,9,748.244034
1780995619.844598,0.001007909,84512,8,670.790716
1780995619.845577,0.000991525,94912,12,765.786037
1780995619.846637,0.001010410,93464,12,740.008511
1780995619.847634,0.000992347,97610,9,786.902162
1780995619.848630,0.001009421,93266,9,739.164333
1780995619.849598,0.000998709,83064,8,665.370994
1780995619.850697,0.000999833,91818,9,734.666689
1780995619.851663,0.000989983,87408,8,706.339402
1780995619.852601,0.001012630,88988,10,703.024797
1780995619.853610,0.000986771,105180,14,852.720641
1780995619.854579,0.001009092,94780,10,751.408197
1780995619.855608,0.001005527,84578,9,672.904855
1780995619.856590,0.000985212,96162,9,780.843108
1780995619.857593,0.001004106,83064,8,661.794671
1780995619.858655,0.001001689,93266,9,744.869915
1780995619.859622,0.001007125,93266,9,740.849448
1780995619.860656,0.000998948,93464,12,748.499421
1780995619.861614,0.000996460,96360,12,773.618610
1780995619.862576,0.000992123,94780,10,764.260077
1780995619.863591,0.001010993,84512,8,668.744492
1780995619.864606,0.001003617,94714,9,754.981233
1780995619.865580,0.000984984,89120,12,723.829017
1780995619.866590,0.001000636,96426,13,770.917696
1780995619.867684,0.001000370,91818,9,734.272319
1780995619.868653,0.001004799,87474,9,696.449738
1780995619.869624,0.001004916,94714,9,754.005310
1780995619.870693,0.000998622,99388,14,796.201165
1780995619.871607,0.001002497,88988,10,710.130803
1780995619.872771,0.000996272,97610,9,783.802014
1780995619.873667,0.000999677,91818,9,734.781334
1780995619.874733,0.001002164,83210,9,664.242579
1780995619.875637,0.000998450,93266,9,747.286294
1780995619.876618,0.001004803,87408,8,695.921489
1780995619.877602,0.000997425,90370,9,724.826428
1780995619.878703,0.001001499,94714,9,756.577890
1780995619.879639,0.000998575,93266,9,747.192750
1780995619.880631,0.000995373,85960,8,690.876686
1780995619.881622,0.000993703,93266,9,750.856141
1780995619.882670,0.001008255,83064,8,659.071366
1780995619.883660,0.000998880,93266,9,746.964600
1780995619.884631,0.000993675,96162,9,774.192769
1780995619.885615,0.001003443,89186,13,711.039890
1780995619.886598,0.001002155,97874,13,781.308281
1780995619.887584,0.000997819,94780,10,759.897336
1780995619.888609,0.001008937,83064,8,658.625861
1780995619.889576,0.000987672,96162,9,778.898258
1780995619.890601,0.000999815,84512,8,676.221101
1780995619.891598,0.000999644,90370,9,723.217465
1780995619.892728,0.001000449,92016,12,735.797627
1780995619.893647,0.001002889,97862,13,780.640729
1780995619.894613,0.001008182,97676,10,775.066407
1780995619.895620,0.000989865,90370,9,730.362221
1780995619.896610,0.001007257,86138,9,684.139202
1780995619.897602,0.000998463,96426,13,772.595479
1780995619.898669,0.000996585,99190,11,796.239157
1780995619.899623,0.000997294,90370,9,724.921638
1780995619.900615,0.001002274,90370,9,721.319719
1780995619.901590,0.001008531,93266,9,739.816624
1780995619.902660,0.000989316,83064,8,671.688318
1780995619.903630,0.001000798,97610,9,780.257355
1780995619.904603,0.001008011,81616,8,647.738963
1780995619.905567,0.001000051,93266,9,746.089949
1780995619.908454,0.000992652,90568,12,729.907359
1780995619.908509,0.001012150,106628,14,842.784172
1780995619.908641,0.000999220,96228,10,770.424931
1780995619.909582,0.000995929,81616,8,655.596935
1780995619.910633,0.000993216,83064,8,669.050841
1780995619.911988,0.001006551,93266,9,741.271928
1780995619.912586,0.000997222,85960,8,689.595697
1780995619.913616,0.000999050,93266,9,746.837496
1780995619.914622,0.000994495,93266,9,750.258171
1780995619.915622,0.001001100,84512,8,675.353112
1780995619.916613,0.001003639,93266,9,743.422685
1780995619.917674,0.001001901,93266,9,744.712302
1780995619.918658,0.000993301,93266,9,751.160021
1780995619.919591,0.001001767,84512,8,674.903446
1780995619.920578,0.001007072,93266,9,740.888437
1780995619.921590,0.000997518,94714,9,759.597321
1780995619.922622,0.001003461,88856,8,708.396241
1780995619.923578,0.000994585,88922,9,715.249074
1780995619.924594,0.000995203,83064,8,667.715029
1780995619.925576,0.001000533,93266,9,745.730526
1780995619.926613,0.001002395,84512,8,674.480619
1780995619.927599,0.000998142,93266,9,747.516886
1780995619.928592,0.000998955,94714,9,758.504637
1780995619.929614,0.001005850,84512,8,672.163842
1780995619.930596,0.000994086,93266,9,750.566852
1780995619.931593,0.001007116,93266,9,740.856068
1780995619.932577,0.000998114,84512,8,677.373526
1780995619.933582,0.001005831,94714,9,753.319395
1780995619.934596,0.000990492,93266,9,753.290284
1780995619.935701,0.001008341,83130,9,659.538787
1780995619.936588,0.000992957,103798,15,836.273877
1780995619.938103,0.000998201,93398,11,748.530607
1780995619.938680,0.001001365,88856,8,709.879015
1780995619.939654,0.000998962,93266,9,746.903286
1780995619.940609,0.000998705,81616,8,653.774638
1780995619.941621,0.001005796,93266,9,741.828363
1780995619.942658,0.000998088,84512,8,677.391172
1780995619.943715,0.001007726,93266,9,740.407611
1780995619.944637,0.000989403,97610,9,789.243615
1780995619.945676,0.001005435,90370,9,719.051953
1780995619.949532,0.001004058,84512,8,673.363491
1780995619.949591,0.000998694,94978,13,760.817628
1780995619.949608,0.000996759,103666,13,832.024592
1780995619.949632,0.000993860,83064,8,668.617310
1780995619.950586,0.001004684,96162,9,765.709417
1780995619.951590,0.001003913,84644,10,674.512632
1780995619.952714,0.000992970,103732,14,835.731190
1780995619.953668,0.001011472,93332,10,738.187513
1780995619.954718,0.000995289,88856,8,714.212656
1780995619.955606,0.000992469,102350,15,825.013174
1780995619.956644,0.001006401,91884,10,730.396731
1780995619.957617,0.000993953,84578,9,680.740437
1780995619.958715,0.000999486,99112,10,793.303758
1780995619.959819,0.001001446,90370,9,721.916109
1780995619.960613,0.001003094,83064,8,662.462342
1780995619.961615,0.000994804,93266,9,750.025131
1780995619.962612,0.001000230,85960,8,687.521870
1780995619.963658,0.001000626,93266,9,745.661216
1780995619.964785,0.000999174,84446,7,676.126480
1780995619.965598,0.001000027,96162,9,769.275230
1780995619.966651,0.001009890,88922,9,704.409391
1780995619.967691,0.000990260,87408,8,706.141821
1780995619.968660,0.001000460,90370,9,722.627591
1780995619.969708,0.001007553,94714,9,752.031903
1780995619.970977,0.001001315,85960,8,686.776888
1780995619.971633,0.000990626,91818,9,741.494772
1780995619.972630,0.001000067,99058,9,792.410908
1780995619.973577,0.001003720,90370,9,720.280556
1780995619.974600,0.001007301,84512,8,671.195601
1780995619.975578,0.000988718,90370,9,731.209506
1780995619.976577,0.001001601,94714,9,756.500842
1780995619.977655,0.000999038,93266,9,746.846466
1780995619.978587,0.000999865,81616,8,653.016157
1780995619.979648,0.001000130,87474,9,699.701039
1780995619.980609,0.001000270,93266,9,745.926600
1780995619.981644,0.001004092,93266,9,743.087287
1780995619.982692,0.001000635,93266,9,745.654509
1780995619.983762,0.000995597,77206,7,620.379531
1780995619.984721,0.001003151,88922,9,709.141495
1780995619.985573,0.000998504,93266,9,747.245880
1780995619.986628,0.001002663,81616,8,651.193871
1780995619.987605,0.001006096,96162,9,764.634786
1780995619.988584,0.001000520,93266,9,745.740215
1780995619.989642,0.000998641,85960,8,688.615829
1780995619.990627,0.000995938,90370,9,725.908641
1780995619.991624,0.000993319,83064,8,668.981465
1780995619.992555,0.001000770,96162,9,768.704098
1780995619.993551,0.001001063,93266,9,745.335708
1780995619.994664,0.000998932,85960,8,688.415227
1780995619.995640,0.001005650,90370,9,718.898225
1780995619.996565,0.000993861,92016,12,740.675004
1780995619.997559,0.000999881,97742,11,782.029061
1780995619.998591,0.001013392,94714,9,747.698817
1780995619.999707,0.000988742,93266,9,754.623552
1780995620.000597,0.001003567,85960,8,685.235764
1780995620.001585,0.000994688,93266,9,750.112598
1780995620.002632,0.001014609,94714,9,746.801970
1780995620.003652,0.000985125,84512,8,686.304784
1780995620.004580,0.001000379,91818,9,734.265713
1780995620.005724,0.001001286,83064,8,663.658535
1780995620.006618,0.001009471,83064,8,658.277454
1780995620.007742,0.001004309,94714,9,754.461027
1780995620.008799,0.000988542,85960,8,695.650766
1780995620.009763,0.001003225,93266,9,743.729472
1780995620.010735,0.000997506,85960,8,689.399362
1780995620.011707,0.001006481,88922,9,706.795260
1780995620.012798,0.001000227,94912,12,759.123679
1780995620.013989,0.000995763,94978,13,763.057073
1780995620.014734,0.000998931,100572,10,805.437012
1780995620.015810,0.000997925,87474,9,701.247088
1780995620.016579,0.000996648,85960,8,689.992856
1780995620.017745,0.001000288,93266,9,745.913177
1780995620.018787,0.001012255,84512,8,667.910754
1780995620.020055,0.000987270,84512,8,684.813678
1780995620.020623,0.001006622,100506,9,798.758620
1780995620.021769,0.000994432,87408,8,703.179302
1780995620.023087,0.000999048,84512,8,676.740257
1780995620.023736,0.001000729,103402,9,826.613399
1780995620.024615,0.001000331,90370,9,722.720779
1780995620.025696,0.001010653,84512,8,668.969468
1780995620.026663,0.000998275,87408,8,700.472315
1780995620.027653,0.001002028,99124,10,791.387067
1780995620.028583,0.000992911,85960,8,692.589769
1780995620.029587,0.001008434,91884,10,728.924253
1780995620.030601,0.000986775,106694,15,864.991513
1780995620.031674,0.001014211,91950,11,725.292863
1780995620.032640,0.000991199,94714,9,764.439835
1780995620.033605,0.000999046,88856,8,711.526797
1780995620.034614,0.000994724,85960,8,691.327444
1780995620.035608,0.001004255,81616,8,650.161563
1780995620.036614,0.000998782,93266,9,747.037892
1780995620.037600,0.001003224,94912,12,756.855897
1780995620.038700,0.001000118,94912,12,759.206414
1780995620.039754,0.000995604,97676,10,784.858237
1780995620.040904,0.001010464,27710,3,219.384362
1780995620.041624,0.000993816,115052,10,926.143270
1780995620.042626,0.001000077,120976,12,967.733485
1780995620.043597,0.000997967,91818,9,736.040370
1780995620.044585,0.000997350,97610,9,782.954830
1780995620.045576,0.001010333,90370,9,715.566056
1780995620.046592,0.000989680,84512,8,683.146067
1780995620.047581,0.000998473,87408,8,700.333409
1780995620.048599,0.001000281,90370,9,722.756905
1780995620.049583,0.001001359,93266,9,745.115388
1780995620.050601,0.000998938,93266,9,746.921230
1780995620.051594,0.001007036,86158,11,684.448222
1780995620.052622,0.001007109,103732,14,823.998197
1780995620.053616,0.000998909,87474,9,700.556307
1780995620.054799,0.000986574,93266,9,756.281840
1780995620.055613,0.001009723,93266,9,738.943255
1780995620.056610,0.000999760,93266,9,746.307114
1780995620.057599,0.000990738,83064,8,670.724248
1780995620.058707,0.001003128,93266,9,743.801389
1780995620.059721,0.001011537,93266,9,737.618100
1780995620.060707,0.000998487,87408,8,700.323590
1780995620.061703,0.000999819,90370,9,723.090879
1780995620.062795,0.000993868,85960,8,691.922871
1780995620.063641,0.000998832,97610,9,781.793134
1780995620.064941,0.001002058,90370,9,721.475204
1780995620.065774,0.001007351,81616,8,648.163351
1780995620.066642,0.000993048,93266,9,751.351395
1780995620.067622,0.000995599,87408,8,702.355065
1780995620.068666,0.000996332,90370,9,725.621580
1780995620.070030,0.001009559,94714,9,750.537611
1780995620.070978,0.000995995,90502,11,726.927344
1780995620.071738,0.000994510,102284,14,822.789112
1780995620.072650,0.001007261,87474,9,694.747439
1780995620.073606,0.001004509,99124,10,789.432449
1780995620.074694,0.000987536,87408,8,708.089629
1780995620.075625,0.001010138,90370,9,715.704191
1780995620.076626,0.000998715,93266,9,747.088008
1780995620.077704,0.000996924,83064,8,666.562346
1780995620.078691,0.000994817,94714,9,761.659682
1780995620.079613,0.001004754,88856,8,707.484618
1780995620.080691,0.001007802,77338,9,613.914241
1780995620.081586,0.000996398,108076,14,867.733576
1780995620.082632,0.000998292,90436,10,724.725832
1780995620.083584,0.000992284,97874,13,789.080545
1780995620.084617,0.001003772,102152,12,814.145045
1780995620.085623,0.000996329,88922,9,713.997083
1780995620.086690,0.001000027,90370,9,722.940481
1780995620.087636,0.001006934,87672,12,696.546149
1780995620.088645,0.001001823,105114,13,839.381807
1780995620.089677,0.000996443,83130,9,667.413992
1780995620.090754,0.000994749,91818,9,738.421451
1780995620.091713,0.001000864,93332,10,746.011446
1780995620.092659,0.000998901,96162,9,770.142386
1780995620.094565,0.001005275,81616,8,649.501878
1780995620.094715,0.000998851,94714,9,758.583613
1780995620.095745,0.000999047,93266,9,746.839738
1780995620.096625,0.000999932,85960,8,687.726765
1780995620.097601,0.001004827,91818,9,731.015389
1780995620.100713,0.001002116,93266,9,744.552527
1780995620.100780,0.000992019,88856,8,716.566921
1780995620.100798,0.001007153,88922,9,706.323667
1780995620.102636,0.000991332,84512,8,682.007642
1780995620.102792,0.000999405,93266,9,746.572210
1780995620.103741,0.001001422,94780,10,757.163314
1780995620.104626,0.001004034,83064,8,661.842129
1780995620.105639,0.001008350,93266,9,739.949422
1780995620.106683,0.000994522,96162,9,773.533416
1780995620.108541,0.000993747,81748,10,658.099094
1780995620.108685,0.001013158,97808,12,772.302050
1780995620.109594,0.000985217,91818,9,745.565698
1780995620.110830,0.001000323,83064,8,664.297432
1780995620.111639,0.001003521,93332,10,744.036248
1780995620.112597,0.001002384,94978,13,758.016888
1780995620.113601,0.000999091,91884,10,735.740788
1780995620.115921,0.000997204,87474,9,701.754104
1780995620.116074,0.001001072,83064,8,663.800406
1780995620.116870,0.001006858,93266,9,741.045907
1780995620.117814,0.001000788,94714,9,757.115393
1780995620.118860,0.000991167,91752,8,740.557343
1780995620.119682,0.000999079,87474,9,700.437103
1780995620.120775,0.000999576,85960,8,687.971700
1780995620.121703,0.001009571,90370,9,716.106148
1780995620.122787,0.001000952,93266,9,745.418362
1780995620.123824,0.000996794,93266,9,748.527780
1780995620.124984,0.000992880,84512,8,680.944324
1780995620.125803,0.001000608,93266,9,745.674630
1780995620.126822,0.000998764,83064,8,665.334353
1780995620.127587,0.000999304,99058,9,793.015939
1780995620.128689,0.001013888,90370,9,713.057064
1780995620.131790,0.000985952,87408,8,709.227224
1780995620.132115,0.001001074,69966,7,559.127497
1780995620.132217,0.001006999,34078,3,270.729167
1780995620.133677,0.000993627,116566,11,938.509119
1780995620.134206,0.001001455,100506,9,802.879810
1780995620.135001,0.001001922,110708,10,883.965019
1780995620.135608,0.000995411,104850,9,842.666999
1780995620.136651,0.001001641,83262,11,665.004727
1780995620.137725,0.000999148,108076,14,865.345274
1780995620.138878,0.001008526,77272,8,612.949988
1780995620.139950,0.000991042,90502,11,730.560360
1780995620.140767,0.001012962,105180,14,830.672819
1780995620.141603,0.000987225,87540,10,709.382360
1780995620.142949,0.001002073,85960,8,686.257388
1780995620.144661,0.001000273,77140,6,616.951572
1780995620.146084,0.001006789,106364,10,845.174113
1780995620.146855,0.001000068,81616,8,652.883604
1780995620.147260,0.000991267,84512,8,682.052363
1780995620.147668,0.000999124,93266,9,746.782181
1780995620.148646,0.000999443,93266,9,746.543825
1780995620.151426,0.001009132,94714,9,750.855190
1780995620.152028,0.000996589,72862,7,584.891063
1780995620.152656,0.000994845,104982,11,844.207892
1780995620.152741,0.001011251,87474,9,692.006238
1780995620.153825,0.000989058,94912,12,767.696131
1780995620.154685,0.001001202,99190,11,792.567334
1780995620.155737,0.000999639,84512,8,676.340159
1780995620.156740,0.001012659,94714,9,748.240029
1780995620.157747,0.000986810,93266,9,756.100972
1780995620.158757,0.001001141,87474,9,698.994447
1780995620.159768,0.001000669,90370,9,722.476663
1780995620.160591,0.001000148,88856,8,710.742810
1780995620.161801,0.000997721,86224,12,691.367627
1780995620.162750,0.000999691,102218,13,817.996761
1780995620.164154,0.001011020,91818,9,726.537556
1780995620.164663,0.000988662,91818,9,742.967769
1780995620.165587,0.001001869,92148,14,735.808773
1780995620.166642,0.000998294,93464,12,748.989777
1780995620.167610,0.001002849,91818,9,732.457229
1780995620.168568,0.000996676,99124,10,795.636696
1780995620.169583,0.001001843,85960,8,686.414937
1780995620.170615,0.001011612,90370,9,714.661352
1780995620.171604,0.000988932,94714,9,766.192215
1780995620.172586,0.000998313,81616,8,654.031351
1780995620.173582,0.000999510,97610,9,781.262819
1780995620.174623,0.001011225,96162,9,760.756508
1780995620.175771,0.000990434,78720,8,635.842469
1780995620.176618,0.001001150,96162,9,768.412326
1780995620.177645,0.001012627,93332,10,737.345538
1780995620.178659,0.000985272,77536,12,629.560162
1780995620.179616,0.001007277,107944,12,857.313331
1780995620.180584,0.000997004,90568,12,726.721257
1780995620.181585,0.001006936,100770,13,800.606990
1780995620.182601,0.000996206,91884,10,737.871484
1780995620.183602,0.000994018,93266,9,750.618198
1780995620.184576,0.000998366,86026,9,689.334372
1780995620.185633,0.001004397,87408,8,696.202796
1780995620.186627,0.001003680,90370,9,720.309262
1780995620.187626,0.001003096,94714,9,755.373364
1780995620.188596,0.000997675,93332,10,748.396021
1780995620.189654,0.000997025,85960,8,689.731953
1780995620.190648,0.001002874,93266,9,743.989773
1780995620.191623,0.000991783,83064,8,670.017534
1780995620.192631,0.001004483,88856,8,707.675491
1780995620.193699,0.000995271,100572,10,808.398918
1780995620.194612,0.001004583,87342,7,695.548302
1780995620.195593,0.001006112,87474,9,695.540854
1780995620.196582,0.000989960,97610,9,788.799547
1780995620.197605,0.001008553,90370,9,716.828962
1780995620.198618,0.000992235,84512,8,681.386970
1780995620.199631,0.000999412,93266,9,746.566981
1780995620.200604,0.001006553,93266,9,741.270455
1780995620.201647,0.001004023,85960,8,684.924549
1780995620.202606,0.001001687,93266,9,744.871402
1780995620.203740,0.000999802,83064,8,664.643599
1780995620.204622,0.000995116,93266,9,749.789974
1780995620.205774,0.000992885,84512,8,680.940894
1780995620.206822,0.001005931,83064,8,660.594017
1780995620.207597,0.000993110,106364,10,856.815459
1780995620.208586,0.001000462,81616,8,652.626487
1780995620.209692,0.001009504,87540,10,693.726820
1780995620.210706,0.001000591,99256,12,793.578995
1780995620.211884,0.000991472,88922,9,717.494796
1780995620.212759,0.000997361,94714,9,759.716893
1780995620.213817,0.001007783,93332,10,740.889656
1780995620.215930,0.000999252,58448,8,467.934015
1780995620.216215,0.000994083,89054,11,716.672551
1780995620.216990,0.001006550,126834,13,1008.069147
1780995620.217688,0.000993788,91950,11,740.198111
1780995620.220404,0.001008541,86224,12,683.950380
1780995620.220670,0.000998627,0,0,0.000000
1780995620.220814,0.000994307,33568,4,270.081574
1780995620.222924,0.000999029,94714,9,758.448453
1780995620.223042,0.001004931,116566,11,927.952267
1780995620.223646,0.001000566,104916,10,838.853209
1780995620.224693,0.000992828,113670,11,915.929043
1780995620.225648,0.001007183,100506,9,798.313713
1780995620.226740,0.000992730,87474,9,704.916745
1780995620.227608,0.000999551,97610,9,781.230773
1780995620.228701,0.001004123,90370,9,719.991475
1780995620.229738,0.001008230,85960,8,682.066592
1780995620.230878,0.000992325,81616,8,657.977981
1780995620.231678,0.000996329,104916,10,842.420526
1780995620.232794,0.001003156,85960,8,685.516510
1780995620.234000,0.001002381,78654,7,627.737357
1780995620.235690,0.000993914,100638,11,810.033866
1780995620.235746,0.000999395,96426,13,771.874984
1780995620.236623,0.001000265,96294,11,770.147911
1780995620.237673,0.001013791,92016,12,726.114160
1780995620.238695,0.000989257,94978,13,768.075434
1780995620.239737,0.001001413,100572,10,803.440738
1780995620.240646,0.001000125,80168,8,641.263842
1780995620.241646,0.000995408,96162,9,772.844904
1780995620.242623,0.001011997,81616,8,645.187683
1780995620.243651,0.000990928,94714,9,764.648895
1780995620.244621,0.001005601,93266,9,741.972214
1780995620.245584,0.000992285,84512,8,681.352636
1780995620.246603,0.001003875,87408,8,696.564811
1780995620.247952,0.001003921,90370,9,720.136345
1780995620.249195,0.000991642,93266,9,752.416699
1780995620.249690,0.001006916,84776,12,673.549730
1780995620.251182,0.001000879,96360,12,770.202992
1780995620.251581,0.000992918,93332,10,751.981533
1780995620.252578,0.001001851,97610,9,779.437262
1780995620.253608,0.000997365,90370,9,724.870033
1780995620.254615,0.001004839,85960,8,684.368342
1780995620.255606,0.000994761,86026,9,691.832511
1780995620.256596,0.001000974,99322,13,793.802836
1780995620.257594,0.001001510,102086,11,815.456660
1780995620.258595,0.000997898,74442,9,596.790454
1780995620.259622,0.001006934,118344,16,940.232428
1780995620.260601,0.000993742,86026,9,692.541927
1780995620.261599,0.001000032,85960,8,687.657995
1780995620.262882,0.001006793,94714,9,752.599591
1780995620.263867,0.001000537,185084,9,1479.877306
1780995620.264628,0.000997954,97610,9,782.480956
1780995620.265606,0.000993956,81616,8,656.898293
1780995620.266617,0.001000036,97610,9,780.851889
1780995620.267721,0.001009791,87672,12,694.575412
1780995620.268601,0.000996117,96360,12,773.884995
1780995620.269606,0.000998858,94780,10,759.106900
1780995620.270621,0.001004195,85960,8,684.807234
1780995620.271606,0.000991423,93266,9,752.582904
1780995620.272602,0.001003813,94714,9,754.833819
1780995620.273606,0.000999398,84842,13,679.144845
1780995620.274631,0.001002636,100770,13,804.040549
1780995620.275900,0.000997242,88922,9,713.343401
1780995620.276746,0.001008737,90370,9,716.698208
1780995620.277623,0.000988666,94714,9,766.398359
1780995620.278627,0.001003062,81682,9,651.461226
1780995620.279715,0.000997571,108142,15,867.242532
1780995620.280627,0.001002361,90436,10,721.783868
1780995620.281621,0.000998262,87474,9,701.010356
1780995620.282668,0.001009869,93266,9,738.836423
1780995620.283594,0.000993156,94714,9,762.933517
1780995620.284593,0.000994753,83064,8,668.017086
1780995620.285640,0.001010940,93266,9,738.053693
1780995620.286614,0.000993292,94714,9,762.829057
1780995620.287622,0.001006013,83064,9,660.540172
1780995620.288586,0.000995610,83064,8,667.442071
1780995620.289605,0.000999779,96162,9,769.466052
1780995620.290740,0.001009430,83064,8,658.304191
1780995620.291605,0.000993167,93332,10,751.793002
1780995620.292743,0.001004179,94978,13,756.661910
1780995620.293640,0.000999132,97742,11,782.615310
1780995620.294602,0.000993608,90370,9,727.610889
1780995620.295583,0.000995338,85960,8,690.900980
1780995620.296587,0.001001695,97874,13,781.667074
1780995620.297870,0.000998522,99256,12,795.223340
1780995620.298625,0.001008511,74376,8,589.986624
1780995620.299832,0.001002111,104982,11,838.086799
1780995620.300581,0.000994160,93266,9,750.510984
1780995620.301704,0.001003701,83064,8,662.061710
1780995620.302815,0.001004885,97610,9,777.083945
1780995620.303648,0.000986244,90370,9,733.043750
1780995620.304842,0.001009188,83064,8,658.462051
1780995620.305682,0.000995181,96162,9,773.021189
1780995620.306816,0.000997143,71414,7,572.948915
1780995620.307822,0.001000196,107878,11,862.854880
1780995620.308725,0.001009854,90370,9,715.905468
1780995620.309686,0.000989703,96162,9,777.299857
1780995620.310682,0.000998162,81616,8,654.130291
1780995620.311803,0.001013730,94714,9,747.449518
1780995620.313090,0.000992779,93266,9,751.554978
1780995620.313679,0.001007454,84512,8,671.093668
1780995620.314682,0.000988268,93266,9,754.985490
1780995620.315729,0.001009152,94714,9,750.840309
1780995620.316644,0.000988771,83064,8,672.058545
1780995620.317639,0.000999914,93266,9,746.192173
1780995620.318596,0.001005155,84512,8,672.628600
1780995620.319652,0.000997994,93266,9,747.627741
1780995620.320590,0.001002429,94714,9,755.875977
1780995620.321617,0.000996820,84512,8,678.252844
1780995620.322598,0.001001057,93266,9,745.340175
1780995620.323612,0.001004678,84512,8,672.947949
1780995620.324602,0.000999348,83064,8,664.945544
1780995620.325578,0.000996246,93266,9,748.939519
1780995620.326604,0.001005056,93266,9,742.374554
1780995620.327691,0.000995602,84512,8,679.082605
1780995620.328680,0.000997496,93266,9,748.000994
1780995620.329997,0.001000747,84512,8,675.591333
1780995620.330634,0.001012410,99058,9,782.750072
1780995620.331600,0.000996793,90370,9,725.285992
1780995620.332563,0.000988801,81616,8,660.322957
1780995620.333586,0.001001474,93266,9,745.029826
1780995620.334711,0.001010039,75758,7,600.040196
1780995620.335604,0.000988773,101954,9,824.893075
1780995620.336621,0.001000271,94714,9,757.506716
1780995620.337614,0.001006927,84512,8,671.444901
1780995620.338755,0.000992294,94714,9,763.596273
1780995620.339700,0.001006712,93266,9,741.153379
1780995620.340630,0.000993453,81616,8,657.230891
1780995620.341651,0.001007127,100770,13,800.455156
1780995620.342763,0.000993239,75824,8,610.721085
1780995620.344558,0.001006983,86092,10,683.959908
1780995620.344642,0.000993303,115118,11,927.153145
1780995620.345731,0.001000440,77206,7,617.376354
1780995620.346707,0.001012373,97544,8,770.814710
1780995620.347617,0.000996450,90370,9,725.535652
1780995620.348619,0.000990664,94714,9,764.852664
1780995620.349627,0.000999993,94714,9,757.717304
1780995620.350604,0.001000133,84512,8,676.006091
1780995620.351611,0.001003275,94714,9,755.238594
1780995620.352717,0.001004801,81682,9,650.333748
1780995620.353941,0.001001491,93530,13,747.126035
1780995620.354764,0.001002123,102152,12,815.484726
1780995620.356079,0.000988147,87474,9,708.186130
1780995620.356662,0.001002435,109524,14,874.063655
1780995620.357714,0.000996867,100704,12,808.163978
1780995620.358640,0.000999860,87540,10,700.418059
1780995620.359634,0.001003856,93266,9,743.261982
1780995620.360614,0.000998492,93266,9,747.254860
1780995620.361615,0.001009027,87408,8,693.008215
1780995620.362615,0.000992615,88922,9,716.668598
1780995620.363715,0.001004493,96162,9,765.855013
1780995620.364584,0.000991089,81616,8,658.798554
1780995620.365768,0.001000503,97610,9,780.487415
1780995620.366854,0.000999640,88856,8,711.103997
1780995620.367700,0.001003504,86026,9,685.804939
1780995620.368731,0.001000328,87408,8,699.034717
1780995620.369677,0.001004221,90502,11,720.972774
1780995620.370758,0.000991816,99322,13,801.132468
1780995620.371861,0.001014867,93266,9,735.197814
1780995620.373004,0.000986683,91818,9,744.457946
1780995620.373698,0.000999462,83064,8,664.869700
1780995620.375499,0.000999483,84658,9,677.614327
1780995620.375845,0.001001728,93266,9,744.840915
1780995620.376784,0.000998082,96162,9,770.774345
1780995620.377697,0.001010723,91818,9,726.751049
1780995620.379076,0.000989194,83064,8,671.771159
1780995620.379693,0.001013230,97610,9,770.683853
1780995620.380722,0.000987948,90370,9,731.779405
1780995620.381924,0.000999629,84512,8,676.346925
1780995620.382897,0.001010823,87408,8,691.776899
1780995620.383757,0.000994058,90370,9,727.281507
1780995620.384863,0.001003747,94714,9,754.883452
1780995620.385672,0.000997281,91818,9,736.546670
1780995620.386822,0.001005214,87408,8,695.636949
1780995620.387901,0.000991768,90370,9,728.960805
1780995620.389212,0.001001974,84512,8,674.764016
1780995620.389735,0.000995499,93266,9,749.501506
1780995620.390804,0.001009676,94768,10,750.878500
1780995620.391711,0.000998284,94714,9,759.014469
1780995620.392607,0.000998748,83064,8,665.345012
1780995620.393571,0.000998113,93266,9,747.538605
1780995620.394619,0.000998920,34950,3,279.902294
1780995620.395634,0.001007221,119640,12,950.258186
1780995620.396901,0.001000260,115118,11,920.704617
1780995620.397935,0.000987881,84710,11,685.993556
1780995620.398659,0.001011025,105246,15,832.786529
1780995620.399704,0.000989360,99190,11,802.053853
1780995620.400698,0.001004799,87408,8,695.924259
1780995620.401636,0.001001056,87804,14,701.691014
1780995620.402637,0.001000137,96294,11,770.246476
1780995620.403622,0.000993766,94714,9,762.465208
1780995620.404752,0.001009836,96162,9,761.802907
1780995620.406234,0.001002051,83328,12,665.259553
1780995620.406594,0.000990002,100770,13,814.301385
1780995620.407578,0.001003846,88922,9,708.650530
1780995620.408586,0.000996316,93266,9,748.886899
1780995620.409606,0.000998353,91818,9,735.755790
1780995620.410689,0.001004308,85960,8,684.730182
1780995620.411566,0.000995043,81616,8,656.180688
1780995620.412603,0.001010292,29092,2,230.365083
1780995620.413570,0.000989604,119462,11,965.735789
1780995620.414706,0.001003469,126768,12,1010.638096
1780995620.415603,0.000996507,99124,10,795.771630
1780995620.416597,0.000999961,88856,8,710.875724
1780995620.417653,0.000999949,88922,9,711.412282
1780995620.418571,0.000999429,93266,9,746.554282
1780995620.419591,0.001006924,93266,9,740.997334
1780995620.420609,0.000994586,85960,8,691.423366
1780995620.421630,0.001009849,93266,9,738.851056
1780995620.422624,0.000990281,83064,8,671.033777
1780995620.423619,0.001008765,93266,9,739.645011
1780995620.424610,0.000998453,84512,8,677.143541
1780995620.425565,0.000993564,93266,9,750.961186
1780995620.426613,0.001008487,94714,9,751.335416
1780995620.427600,0.000996439,87408,8,701.762978
1780995620.428628,0.000996177,88922,9,714.106027
1780995620.429590,0.000999835,87408,8,699.379398
1780995620.430603,0.000998534,90370,9,724.021415
1780995620.431777,0.000998980,94714,9,758.485655
1780995620.432591,0.001005758,93266,9,741.856391
1780995620.433605,0.001004242,85960,8,684.775184
1780995620.434627,0.001004016,94714,9,754.681200
1780995620.435654,0.000990328,93266,9,753.415030
1780995620.436596,0.000995336,84512,8,679.264088
1780995620.437628,0.000999920,91818,9,734.602768
1780995620.438592,0.001003475,83064,8,662.210817
1780995620.439617,0.001001893,93266,9,744.718248
1780995620.440602,0.000998435,97610,9,782.103993
1780995620.441600,0.001008736,81616,8,647.273419
1780995620.442594,0.000989244,93266,9,754.240612
1780995620.443599,0.001006884,85960,8,682.978377
1780995620.444603,0.001005590,100572,10,800.103422
1780995620.445597,0.000994345,84578,9,680.472070
1780995620.446620,0.001000777,95044,14,759.761665
1780995620.449049,0.000999063,94780,10,758.951137
1780995620.449302,0.000993279,93266,9,751.176658
1780995620.449700,0.001007540,94714,9,752.041606
1780995620.450628,0.001002279,88910,9,709.662679
1780995620.451729,0.000995539,91818,9,737.835484
1780995620.452579,0.000996927,84908,14,681.357813
1780995620.453622,0.001006384,102218,13,812.556638
1780995620.454686,0.000991759,94714,9,764.008192
1780995620.455598,0.001007241,93266,9,740.764127
1780995620.456566,0.000995531,84512,8,679.131037
1780995620.457574,0.000995053,93266,9,749.837446
1780995620.458592,0.000999649,85960,8,687.921460
1780995620.459601,0.001000294,93266,9,745.908703
1780995620.460566,0.001001324,91818,9,733.572750
1780995620.461562,0.000999576,85960,8,687.971700
1780995620.462674,0.001006783,93266,9,741.101111
1780995620.463612,0.000992857,83064,8,669.292758
1780995620.464580,0.001003539,83064,8,662.168585
1780995620.465595,0.000995495,94714,9,761.140940
1780995620.466647,0.001001078,93266,9,745.324540
1780995620.467659,0.001003772,83064,8,662.014880
1780995620.468603,0.000998273,90304,8,723.681798
1780995620.469613,0.000997801,87474,9,701.334234
1780995620.470601,0.001006869,99058,9,787.057701
1780995620.471605,0.000997231,77338,9,620.421948
1780995620.472560,0.000995731,114000,16,915.910020
1780995620.473552,0.000999919,87540,10,700.376731
1780995620.474592,0.000999867,84512,8,676.185933
1780995620.475636,0.001007564,99058,9,786.514802
1780995620.476640,0.000992340,90370,9,728.540621
1780995620.477716,0.001011711,81616,8,645.370071
1780995620.478916,0.001164546,104916,10,720.734089
1780995620.479630,0.000823905,62660,6,608.419660
1780995620.480619,0.001006598,81616,8,648.648219
1780995620.481611,0.000996268,94714,9,760.550374
1780995620.482610,0.000996988,87540,10,702.435736
1780995620.483597,0.001003135,97874,13,780.544991
1780995620.484594,0.000998406,94780,10,759.450564
1780995620.485581,0.001005359,99124,10,788.765008
1780995620.486607,0.001000331,84512,8,675.872286
1780995620.487585,0.000998492,90370,9,724.051870
1780995620.488672,0.001001140,87408,8,698.467747
1780995620.489626,0.001004749,90370,9,719.542891
1780995620.490608,0.000998435,94714,9,758.899678
1780995620.491718,0.000991707,91752,8,740.154098
1780995620.492670,0.001002474,87474,9,698.064987
1780995620.493703,0.001001663,93530,13,746.997743
1780995620.495060,0.000994180,93464,12,752.089159
1780995620.495664,0.001013730,99124,10,782.251684
1780995620.496653,0.000986799,88922,9,720.892502
1780995620.497637,0.001000157,84512,8,675.989870
1780995620.498662,0.001002316,93266,9,744.403960
1780995620.499583,0.001000770,85960,8,687.150894
1780995620.500589,0.001004713,93266,9,742.627994
1780995620.501622,0.001000006,93266,9,746.123523
1780995620.502602,0.001000081,87408,8,699.207364
1780995620.503598,0.000991694,90370,9,729.015200
1780995620.504674,0.001009934,93266,9,738.788871
1780995620.505597,0.000990377,93266,9,753.377754
1780995620.506622,0.000999743,84512,8,676.269801
1780995620.507635,0.001004456,93266,9,742.818003
1780995620.508596,0.000994942,83064,8,667.890189
1780995620.509630,0.001013130,96162,9,759.326049
1780995620.510579,0.000986827,83064,8,673.382467
1780995620.511648,0.000999968,97610,9,780.904989
1780995620.512585,0.001000366,90370,9,722.695493
1780995620.513693,0.001013975,93266,9,735.844572
1780995620.514647,0.000989290,83064,8,671.705971
1780995620.515612,0.000997339,94714,9,759.733651
1780995620.516619,0.001003330,88856,8,708.488733
1780995620.517591,0.001002052,88856,8,709.392327
1780995620.518981,0.001008338,90304,8,716.458172
1780995620.519635,0.000986747,88856,8,720.395400
1780995620.520648,0.001001059,85960,8,686.952517
1780995620.521585,0.001003039,71678,11,571.686644
1780995620.522678,0.000994583,100638,11,809.489002
1780995620.523605,0.000999804,103402,9,827.378166
1780995620.524578,0.001000136,94780,10,758.136893
1780995620.525595,0.001001068,100638,11,804.245066
1780995620.526580,0.001009234,91818,9,727.823280
1780995620.527592,0.000990156,91818,9,741.846739
1780995620.528609,0.001005877,94648,8,752.760029
1780995620.529584,0.001005031,83262,11,662.761646
1780995620.530675,0.000995709,97742,11,785.305747
1780995620.531588,0.001004063,104982,11,836.457473
1780995620.532576,0.000988955,88856,8,718.787002
1780995620.533592,0.001009216,88856,8,704.356649
1780995620.534674,0.001001637,85894,7,686.028971
1780995620.535611,0.001000167,88922,9,711.257220
1780995620.536622,0.000989551,100704,12,814.138938
1780995620.537590,0.001008029,106562,13,845.705828
1780995620.538629,0.000995596,84512,8,679.086698
1780995620.539575,0.001001288,84512,8,675.226309
1780995620.540558,0.000995580,90370,9,726.169670
1780995620.541628,0.001001800,86290,13,689.079657
1780995620.542584,0.000997114,106496,12,854.433896
1780995620.543809,0.001003564,87474,9,697.306799
1780995620.544662,0.001007579,90370,9,717.521902
1780995620.545614,0.001002834,90304,8,720.390414
1780995620.546614,0.000986506,97742,11,792.631773
1780995620.547602,0.000999508,99124,10,793.382344
1780995620.548639,0.001012004,76022,11,600.962052
1780995620.549565,0.000993964,106496,12,857.141707
1780995620.550599,0.001008190,91818,9,728.576955
1780995620.551637,0.000985890,80432,12,652.665105
1780995620.552642,0.001012427,110906,13,876.357505
1780995620.553597,0.000988283,94780,10,767.229630
1780995620.554664,0.001013742,91686,7,723.545044
1780995620.555604,0.000997676,83130,9,666.589153
1780995620.556646,0.000999085,110972,14,888.589059
1780995620.557653,0.001002385,91884,10,733.323025
1780995620.558641,0.000986999,92148,14,746.894374
1780995620.559597,0.001006151,91950,11,731.102986
1780995620.560657,0.001005758,84710,11,673.800258
1780995620.561633,0.000990428,102284,14,826.180197
1780995620.562602,0.001003545,96294,11,767.630749
1780995620.563699,0.001005351,87408,8,695.542154
1780995620.564667,0.000992588,90370,9,728.358594
1780995620.565616,0.000998891,94714,9,758.553236
1780995620.566593,0.000996761,93266,9,748.552562
1780995620.567660,0.001013497,83064,8,655.662523
1780995620.568709,0.000990625,96162,9,776.576404
1780995620.569647,0.000997854,93266,9,747.732634
1780995620.570658,0.001007618,87408,8,693.977281
1780995620.571635,0.000992662,90370,9,728.304297
1780995620.572625,0.001007748,83064,8,659.402946
1780995620.573604,0.000989556,93266,9,754.002805
1780995620.574666,0.001008627,84512,8,670.313208
1780995620.575612,0.000991545,93266,9,752.490306
1780995620.576637,0.001008269,93266,9,740.008867
1780995620.577640,0.001004705,96162,9,765.693412
1780995620.578659,0.000993854,83064,8,668.621347
1780995620.579659,0.001001376,85960,8,686.735053
1780995620.580637,0.000993050,90370,9,728.019737
1780995620.581625,0.001007145,96162,9,763.838375
1780995620.582613,0.001004119,91818,9,731.530825
1780995620.583596,0.000990404,89120,12,719.867852
1780995620.584685,0.000997691,100704,12,807.496509
1780995620.585584,0.001009415,94714,9,750.644680
1780995620.586585,0.000991865,75758,7,611.034768
1780995620.587673,0.001002053,90370,9,721.478804
1780995620.588661,0.000998975,94714,9,758.489452
1780995620.589582,0.001002094,93266,9,744.568873
1780995620.590620,0.001009851,97610,9,773.262590
1780995620.591603,0.000997230,90370,9,724.968162
1780995620.592564,0.000988470,84512,8,683.982316
1780995620.593591,0.001001300,87408,8,698.356137
1780995620.594769,0.001002743,90370,9,720.982345
1780995620.595617,0.000997150,93266,9,748.260543
1780995620.596593,0.001000803,93266,9,745.529340
1780995620.597567,0.001000830,84512,8,675.535306
1780995620.598603,0.000997202,93266,9,748.221524
1780995620.599596,0.001004581,94714,9,754.256750
1780995620.600665,0.000997479,84512,8,677.804746
1780995620.601675,0.001004486,93266,9,742.795818
1780995620.602652,0.000993463,90502,11,728.780035
1780995620.603631,0.000999686,97940,14,783.766103
1780995620.604606,0.000999832,93332,10,746.781459
1780995620.605700,0.001001921,84512,8,674.799710
1780995620.606785,0.001000932,94714,9,757.006470
1780995620.607663,0.001010656,93266,9,738.261090
1780995620.608734,0.000993046,87408,8,704.160734
1780995620.609604,0.001001351,84512,8,675.183827
1780995620.610581,0.000997651,89186,13,715.167929
1780995620.611657,0.000996444,106562,13,855.538294
1780995620.612629,0.001000663,88988,10,711.432320
1780995620.613597,0.000997813,90304,8,724.015422
1780995620.614616,0.001006771,87540,10,695.610025
1780995620.615597,0.001006307,106628,14,847.677697
1780995620.616594,0.000986616,96294,11,780.802257
1780995620.617583,0.001006451,84512,8,671.762460
1780995620.618605,0.000998690,87408,8,700.181237
1780995620.619593,0.000997022,99124,10,795.360584
1780995620.620582,0.000998766,85960,8,688.529646
1780995620.621585,0.001005805,93266,9,741.821725
1780995620.622605,0.000998255,83064,8,665.673600
1780995620.623752,0.000996646,102350,15,821.555497
1780995620.624583,0.000999112,94846,11,759.442385
1780995620.625566,0.001000249,87408,8,699.089927
1780995620.626625,0.001008020,93266,9,740.191663
1780995620.627607,0.001000288,87408,8,699.062670
1780995620.628654,0.000999960,90370,9,722.988920
1780995620.629646,0.000990333,85960,8,694.392694
1780995620.630643,0.001007103,100836,14,800.998508
1780995620.631676,0.000993353,93398,11,752.183765
1780995620.632661,0.001000931,87408,8,698.613591
1780995620.633589,0.000999537,93266,9,746.473617
1780995620.634635,0.001005051,87408,8,695.749768
1780995620.635741,0.000998615,90370,9,723.962688
1780995620.636684,0.000997495,94714,9,759.614835
1780995620.637670,0.001002778,81616,8,651.119191
1780995620.639186,0.000995658,104916,10,842.988255
1780995620.639638,0.001013094,83064,8,655.923340
1780995620.640592,0.000998268,0,0,0.000000
1780995620.641573,0.001001572,0,0,0.000000
1780995620.642927,0.000988125,66938,5,541.939532
1780995620.643722,0.001003702,123872,12,987.320938
1780995620.644628,0.000994771,120976,12,972.895269
1780995620.645616,0.001008562,115118,11,913.125817
1780995620.646617,0.001003274,87408,8,696.982081
1780995620.647581,0.000989073,90370,9,730.947059
1780995620.648559,0.001000077,96162,9,769.236769
1780995620.649585,0.001002840,91818,9,732.463803
1780995620.651754,0.001999926,175146,21,700.609923
1780995620.652681,0.001007552,97676,10,775.551039
1780995620.653640,0.000992714,97610,9,786.611250
1780995620.654630,0.001006392,80168,8,637.270567
1780995620.655597,0.000990685,104916,10,847.219853
1780995620.656603,0.001002050,83064,8,663.152537
1780995620.657579,0.001009447,83262,11,659.862281
1780995620.658623,0.000997523,96360,12,772.794211
1780995620.659584,0.000995112,103468,10,831.809887
1780995620.660592,0.001005654,91950,11,731.464301
1780995620.661590,0.000996803,96294,11,772.822714
1780995620.662607,0.001005568,96228,10,765.561354
1780995620.663574,0.000986434,93266,9,756.389176
1780995620.664594,0.001000702,83064,8,664.045840
1780995620.666718,0.002000733,189428,18,757.434400
1780995620.667645,0.000999838,88856,8,710.963176
1780995620.668648,0.001012034,87474,9,691.470840
1780995620.669581,0.000990061,91818,9,741.917922
1780995620.670590,0.001003904,96492,14,768.934081
1780995620.671606,0.001004776,88922,9,707.994618
1780995620.672576,0.000988655,88988,10,720.073231
1780995620.673585,0.001010965,102284,14,809.396962
1780995620.674647,0.000989096,100704,12,814.513455
1780995620.675700,0.001010914,89186,13,705.785062
1780995620.676612,0.001000412,105114,13,840.565687
1780995620.677654,0.000995318,91818,9,737.999313
1780995620.678619,0.000999367,84512,8,676.524240
1780995620.679598,0.000995071,93266,9,749.823882
1780995620.680602,0.001009711,85960,8,681.066166
1780995620.681566,0.000988768,87738,13,709.877342
1780995620.682603,0.001000039,99190,11,793.489054
1780995620.683594,0.001002079,85960,8,686.253279
1780995620.684594,0.001003150,102020,10,813.597169
1780995620.685577,0.000999628,96162,9,769.582285
1780995620.686604,0.000995565,81616,8,655.836635
1780995620.687593,0.000999261,93266,9,746.679796
1780995620.688596,0.001014389,93266,9,735.544254
1780995620.689597,0.001000116,87408,8,699.182895
1780995620.690606,0.000988270,84512,8,684.120736
1780995620.691587,0.000997821,91818,9,736.148067
1780995620.692578,0.001002180,87606,11,699.323475
1780995620.693562,0.001006487,109524,14,870.544776
1780995620.694588,0.000993658,86026,9,692.600472
1780995620.695607,0.001007748,93266,9,740.391447
1780995620.696664,0.001000206,93266,9,745.974329
1780995620.697581,0.001001926,93266,9,744.693720
1780995620.700779,0.000992202,87408,8,704.759716
1780995620.700918,0.000996124,80234,9,644.369576
1780995620.700979,0.001012880,99322,13,784.472001
1780995620.701717,0.000992097,94846,11,764.812312
1780995620.702753,0.000997172,84446,7,677.483925
1780995620.703566,0.000997590,87474,9,701.482573
1780995620.704583,0.001001945,90634,13,723.664473
1780995620.705673,0.001010857,109392,12,865.736697
1780995620.706655,0.000987040,87474,9,708.980386
1780995620.707624,0.001012956,94714,9,748.020645
1780995620.708797,0.000988220,91818,9,743.300075
1780995620.709617,0.000999885,76088,12,608.774009
1780995620.710639,0.000999334,100704,12,806.168908
1780995620.711625,0.001008555,110708,10,878.151415
1780995620.712599,0.000999885,65754,9,526.092501
1780995620.713631,0.001001303,110972,14,886.620733
1780995620.714643,0.001000929,97610,9,780.155236
1780995620.715613,0.000991864,90304,8,728.357920
1780995620.716587,0.001011323,74442,9,588.868245
1780995620.717587,0.000994341,106562,13,857.347731
1780995620.718603,0.000992723,104916,10,845.480562
1780995620.719605,0.001006889,81616,8,648.460754
1780995620.720592,0.000991388,93266,9,752.609473
1780995620.721609,0.001008487,96162,9,762.821930
1780995620.722604,0.000992205,81616,8,658.057559
1780995620.723575,0.001000619,94714,9,757.243266
1780995620.724572,0.000999122,93266,9,746.783676
1780995620.725562,0.001004822,84512,8,672.851510
1780995620.726601,0.000996130,97610,9,783.913746
1780995620.727611,0.001001515,90370,9,721.866372
1780995620.728578,0.000997602,87408,8,700.944866
1780995620.729580,0.000999750,90370,9,723.140785
1780995620.730595,0.001000040,85960,8,687.652494
1780995620.731603,0.001001494,102284,14,817.051325
1780995620.732584,0.001001757,87540,10,699.091696
1780995620.733595,0.000997352,97610,9,782.953260
1780995620.734611,0.001007227,88922,9,706.271774
1780995620.735608,0.001000595,93266,9,745.684318
1780995620.736570,0.000992679,83064,8,669.412771
1780995620.737561,0.000999284,93266,9,746.662610
1780995620.738596,0.001006558,93266,9,741.266773
1780995620.739590,0.001000128,84512,8,676.009471
1780995620.740589,0.001005818,93266,9,741.812137
1780995620.741555,0.000987616,84512,8,684.573761
1780995620.742609,0.001010092,93266,9,738.673309
1780995620.743610,0.000990541,93266,9,753.253020
1780995620.744600,0.000999558,85960,8,687.984089
1780995620.745623,0.001009605,93266,9,739.029620
1780995620.746600,0.000996329,94714,9,760.503809
1780995620.747597,0.000995888,81616,8,655.623926
1780995620.748598,0.001010369,94714,9,749.935915
1780995620.749655,0.000996055,93266,9,749.083133
1780995620.750592,0.000995933,84512,8,678.856911
1780995620.751695,0.000996401,87408,8,701.789741
1780995620.752661,0.001009823,102020,10,808.220847
1780995620.753620,0.000997443,81616,8,654.601817
1780995620.754621,0.001006237,103468,10,822.613360
1780995620.755623,0.000992159,77206,7,622.529252
1780995620.756626,0.000992773,90370,9,728.222867
1780995620.757620,0.001009800,94714,9,750.358487
1780995620.758598,0.000997821,84512,8,677.572430
1780995620.759634,0.000992508,93266,9,751.760187
1780995620.760580,0.000999937,93266,9,746.175009
1780995620.761573,0.001004139,93266,9,743.052506
1780995620.762610,0.001004044,85960,8,684.910223
1780995620.763582,0.000995858,93266,9,749.231316
1780995620.764625,0.000995877,85960,8,690.527043
1780995620.765616,0.001012499,90370,9,714.035273
1780995620.766669,0.000988236,94714,9,766.731833
1780995620.767630,0.001013940,84512,8,666.800797
1780995620.768633,0.001001091,93266,9,745.314861
1780995620.769592,0.000994361,93266,9,750.359276
1780995620.770603,0.000990023,83064,8,671.208649
1780995620.771592,0.001004795,84512,8,672.869590
1780995620.772745,0.000996655,104916,10,842.144975
1780995620.773602,0.001009702,83064,8,658.126853
1780995620.774631,0.000994996,87540,10,703.842025
1780995620.775619,0.000994215,105246,15,846.867126
1780995620.776618,0.001006103,87474,9,695.547076
1780995620.777573,0.000999159,87474,9,700.381020
1780995620.778585,0.000997998,84512,8,677.452259
1780995620.779608,0.001006922,93266,9,740.998806
1780995620.780598,0.000992965,93266,9,751.414199
1780995620.781635,0.001007777,83064,8,659.383971
1780995620.782612,0.001001549,94714,9,756.540119
1780995620.783640,0.000995521,93332,10,750.015319
1780995620.784607,0.001004408,81748,10,651.113890
1780995620.785624,0.001000765,106628,14,852.371935
1780995620.786710,0.000993444,86092,10,693.281151
1780995620.787649,0.001000580,83064,8,664.126806
1780995620.788648,0.000997009,93266,9,748.366364
1780995620.789590,0.001005248,87408,8,695.613421
1780995620.790619,0.000996537,90370,9,725.472311
1780995620.791560,0.000994202,96162,9,773.782390
1780995620.792603,0.001011133,83064,8,657.195443
1780995620.793579,0.000995630,93266,9,749.402891
1780995620.794689,0.000993069,94714,9,763.000355
1780995620.795670,0.001009290,81616,8,646.918131
1780995620.796659,0.000992866,87408,8,704.288393
1780995620.797643,0.000997374,90370,9,724.863492
1780995620.798600,0.001008087,97610,9,774.615683
1780995620.799656,0.000997218,81616,8,654.749513
1780995620.800645,0.001008960,84512,8,670.091976
1780995620.801633,0.000985774,93266,9,756.895597
1780995620.802598,0.000999962,93266,9,746.156354
1780995620.803574,0.001000220,88856,8,710.691648
1780995620.804583,0.001012823,90370,9,713.806855
1780995620.805619,0.000987072,93266,9,755.900279
1780995620.806602,0.001000386,83064,8,664.255597
1780995620.807644,0.001000693,97610,9,780.339225
1780995620.808599,0.000999817,81616,8,653.047508
1780995620.809609,0.001002522,85960,8,685.950034
1780995620.810621,0.001006363,84578,9,672.345863
1780995620.811599,0.000990908,102350,15,826.312836
1780995620.812777,0.001009839,93332,10,739.381228
1780995620.813617,0.000996205,97676,10,784.384740
1780995620.814698,0.000993300,83064,8,668.994262
1780995620.815730,0.001000040,93266,9,746.098156
1780995620.816637,0.001000175,85960,8,687.559677
1780995620.817562,0.000999428,97610,9,781.326919
1780995620.818606,0.001008730,90370,9,716.703181
1780995620.819598,0.000992396,84512,8,681.276426
1780995620.820575,0.001001294,90370,9,722.025699
1780995620.821554,0.000998010,87408,8,700.658310
1780995620.822599,0.001000649,90370,9,722.491103
1780995620.823578,0.001000023,96162,9,769.278307
1780995620.824574,0.000999518,91818,9,734.898221
1780995620.825580,0.001004914,85960,8,684.317265
1780995620.826597,0.000995088,81616,8,656.151014
1780995620.827598,0.001008859,103468,10,820.475408
1780995620.828605,0.000998036,85960,8,689.033261
1780995620.829596,0.001000784,93266,9,745.543494
1780995620.830916,0.001006107,90370,9,718.571683
1780995620.831782,0.000996097,84512,8,678.745142
1780995620.832656,0.000998652,96228,10,770.863123
1780995620.833616,0.000995599,93266,9,749.426225
1780995620.834675,0.000995692,83064,8,667.387104
1780995620.835658,0.001011986,96162,9,760.184429
1780995620.836592,0.000987790,83064,8,672.725984
1780995620.837578,0.001006584,81748,10,649.706334
1780995620.838572,0.000993363,105180,14,847.061950
1780995620.839614,0.000999947,84578,9,676.659863
1780995620.840639,0.001001666,94714,9,756.451751
1780995620.841625,0.001014602,94714,9,746.807122
1780995620.842630,0.000984152,83064,8,675.212772
1780995620.843634,0.001002632,97874,13,780.936575
1780995620.844604,0.000997380,94912,12,761.290581
1780995620.845604,0.001009747,91818,9,727.453511
1780995620.846651,0.000991545,96162,9,775.855861
1780995620.847612,0.001010011,90370,9,715.794184
1780995620.848599,0.000988324,87408,8,707.525063
1780995620.849624,0.001004819,90370,9,719.492764
1780995620.850698,0.000999886,84512,8,676.173084
1780995620.851753,0.001000957,97610,9,780.133412
1780995620.852695,0.000994345,91818,9,738.721470
1780995620.853659,0.001000801,83064,8,663.980152
1780995620.854660,0.000999341,91818,9,735.028384
1780995620.855638,0.001005611,88922,9,707.406741
1780995620.856600,0.000994761,100902,15,811.467277
1780995620.857594,0.001000774,93398,11,746.606127
1780995620.858587,0.000999727,85960,8,687.867788
1780995620.859597,0.001009050,64108,6,508.264209
1780995620.860595,0.000993344,113604,10,914.921719
1780995620.861578,0.001006022,93332,10,742.186553
1780995620.862580,0.000991279,106628,14,860.528671
1780995620.863605,0.001009124,81616,8,647.024548
1780995620.864603,0.000999042,86026,9,688.867935
1780995620.865589,0.000991416,93398,11,753.653360
1780995620.866614,0.001009370,113736,12,901.441493
1780995620.867605,0.000996157,81550,7,654.916845
1780995620.868601,0.001004450,88790,7,707.173080
1780995620.869596,0.000992896,97610,9,786.467062
1780995620.870600,0.001004113,70098,9,558.486943
1780995620.871668,0.000993631,73060,10,588.226414
1780995620.872904,0.001000348,103468,10,827.456045
1780995620.873679,0.001000977,100440,8,802.735727
1780995620.874800,0.000998765,93370,9,747.883636
1780995620.875598,0.001007421,88922,9,706.135766
1780995620.876582,0.000993682,81682,9,657.610785
1780995620.877571,0.000998036,88988,10,713.304931
1780995620.878684,0.000999885,106364,10,851.009866
1780995620.879613,0.001007013,93200,8,740.407522
1780995620.880603,0.001000069,93200,8,745.548557
1780995620.881675,0.000993258,68386,5,550.801504
1780995620.882604,0.001003531,97610,9,778.132414
1780995620.883623,0.001001884,98992,8,790.446798
1780995620.884620,0.001003521,98992,8,789.157377
1780995620.885643,0.001002681,74574,11,594.996814
1780995620.886646,0.001000831,86026,9,687.636574
1780995620.887609,0.000989180,102020,10,825.087446
1780995620.888629,0.000999113,109194,9,874.327529
1780995620.889568,0.001001376,90304,8,721.439300
1780995620.890622,0.001004826,77194,7,614.586008
1780995620.891844,0.001006054,100506,9,799.209585
1780995620.892955,0.000989201,75692,6,612.146571
1780995620.894839,0.001998275,174994,17,700.580250
1780995620.895951,0.001004032,72862,7,580.555201
1780995620.896652,0.000995836,109194,9,877.204680
1780995620.897596,0.001000045,88922,9,711.343990
1780995620.898609,0.001003305,61344,8,489.135407
1780995620.899579,0.000999806,62792,8,502.433472
1780995620.900573,0.000996810,0,0,0.000000
1780995620.901589,0.001013863,77272,8,609.723404
1780995620.902690,0.000989835,87408,8,706.445014
1780995620.903595,0.001005705,114986,9,914.669809
1780995620.904585,0.001001212,109194,9,872.494537
1780995620.905645,0.000992739,114986,9,926.616160
1780995620.906716,0.000997318,101888,8,817.295988
1780995620.907595,0.001009328,97544,8,773.140149
1780995620.908675,0.001002584,94582,7,754.705840
1780995620.909726,0.000988817,96096,8,777.462362
1780995620.910647,0.000999965,90238,7,721.929268
1780995620.911624,0.001011712,82998,7,656.297444
1780995620.912620,0.000987236,91686,7,742.971285
1780995620.913647,0.001009074,90238,7,715.412348
1780995620.914617,0.000990251,94714,9,765.171658
1780995620.915739,0.001001110,91686,7,732.674731
1780995620.916792,0.001000468,82998,7,663.673401
1780995620.917596,0.001011076,84644,10,669.734026
1780995620.918716,0.000987427,78852,10,638.848239
1780995620.919652,0.001000068,94780,10,758.188443
1780995620.920619,0.001004146,114986,9,916.089891
1780995620.921628,0.001007412,97544,8,774.610586
1780995620.922692,0.001000732,77140,6,616.668599
1780995620.923612,0.000988069,80168,8,649.088272
1780995620.924620,0.001008951,89120,12,706.634911
1780995620.925643,0.001002994,104982,11,837.348977
1780995620.926659,0.000996382,100506,9,806.967609
1780995620.927630,0.000992486,77338,9,623.388138
1780995620.928617,0.001010285,77338,9,612.405410
1780995620.929609,0.000989304,99058,9,801.031837
1780995620.930622,0.001013510,113670,11,897.238310
1780995620.931754,0.000987072,78588,6,636.938339
1780995620.932648,0.000999351,104916,10,839.873078
1780995620.933641,0.001003939,91752,8,731.136055
1780995620.934635,0.000997856,87408,8,700.766443
1780995620.935648,0.000997812,90238,7,723.486990
1780995620.936622,0.000999627,85894,7,687.408403
1780995620.937573,0.001009992,87342,7,691.823302
1780995620.938650,0.000996092,74574,11,598.932629
1780995620.939651,0.000999122,86026,9,688.812778
1780995620.940652,0.000995645,116566,11,936.606923
1780995620.941576,0.000998781,98992,8,792.902548
1780995620.942619,0.001007017,90304,8,717.398018
1780995620.943615,0.001003671,97610,9,778.023874
1780995620.944580,0.000992515,71546,9,576.684483
1780995620.945691,0.001011861,97742,11,772.770173
1780995620.946664,0.000985730,106364,10,863.230296
1780995620.947633,0.000999178,90502,11,724.611631
1780995620.948621,0.001008034,93464,12,741.752758
1780995620.949625,0.000999706,96228,10,770.050395
1780995620.950595,0.000992857,93266,9,751.495935
1780995620.951597,0.000999406,88856,8,711.270495
1780995620.952611,0.001005221,88790,7,706.630681
1780995620.953624,0.001002203,97544,8,778.636663
1780995620.954641,0.000992979,83052,8,669.113848
1780995620.955686,0.001011837,94714,9,748.847888
1780995620.956647,0.000992165,90238,7,727.604783
1780995620.957640,0.001002028,96162,9,767.739025
1780995620.958671,0.000995359,88790,7,713.631966
1780995620.959615,0.000998562,70164,10,562.120329
1780995620.960666,0.001000566,87540,10,699.923843
1780995620.961678,0.000999686,116566,11,932.820906
1780995620.962605,0.001002239,87342,7,697.175025
1780995620.963619,0.000998039,91686,7,734.929196
1780995620.964620,0.000999191,96096,8,769.390437
1780995620.965636,0.001013272,88856,8,701.537198
1780995620.966604,0.000987834,94714,9,767.043856
1780995620.967582,0.000999433,80102,7,641.179549
1780995620.968573,0.001000459,86158,11,688.947773
1780995620.969556,0.000999076,99190,11,794.253891
1780995620.970606,0.001009778,101954,9,807.733977
1780995620.971624,0.000990648,80234,9,647.931455
1780995620.972574,0.001000600,75890,9,606.755946
1780995620.973643,0.000998839,99124,10,793.913734
1780995620.974653,0.001001583,115118,11,919.488450
1780995620.975655,0.001008848,93200,8,739.060790
1780995620.976613,0.000995002,88856,8,714.418664
1780995620.977636,0.000995124,84446,7,678.878210
1780995620.978651,0.001000479,101888,8,814.713752
1780995620.979684,0.001010584,78588,6,622.119487
1780995620.980559,0.000988709,93266,9,754.648739
1780995620.981607,0.001002774,91686,7,731.458933
1780995620.982593,0.000997451,91818,9,736.421137
1780995620.983707,0.001003006,90502,11,721.846131
1780995620.984630,0.001005176,103468,10,823.481659
1780995620.985627,0.000993821,90238,7,726.392379
1780995620.986641,0.000998580,85894,7,688.129143
1780995620.987632,0.001010735,91752,8,726.220028
1780995620.988641,0.000988429,96162,9,778.301729
1780995620.989682,0.001000436,91686,7,733.168339
1780995620.990655,0.001000008,90304,8,722.426221
1780995620.991651,0.001011812,82998,7,656.232581
1780995620.992617,0.001000520,97610,9,780.474153
1780995620.993613,0.000998445,75692,6,606.479075
1780995620.994569,0.000993246,101888,8,820.646647
1780995620.995641,0.001005973,85960,8,683.596876
1780995620.996627,0.000990483,81616,8,659.201622
1780995620.997590,0.000999066,93266,9,746.825535
1780995620.998636,0.001000947,81748,10,653.365263
1780995620.999686,0.001000345,97874,13,782.721961
1780995621.000619,0.000998875,96294,11,771.219622
1780995621.001588,0.000999693,87408,8,699.478740
1780995621.002613,0.001006539,90370,9,718.263276
1780995621.003584,0.001001102,83064,8,663.780514
1780995621.004590,0.000992092,93266,9,752.075412
1780995621.005663,0.001001701,97610,9,779.553979
1780995621.006575,0.001002894,84512,8,674.145024
1780995621.007657,0.000996928,90370,9,725.187777
1780995621.008668,0.000998784,87408,8,700.115340
1780995621.009586,0.001008489,88922,9,705.387962
1780995621.010641,0.000991736,96162,9,775.706438
1780995621.011617,0.001000027,93266,9,746.107855
1780995621.012582,0.000999731,83064,8,664.690802
1780995621.013685,0.001000134,93266,9,746.028032
1780995621.014691,0.001001048,85960,8,686.960066
1780995621.015625,0.001002030,97610,9,779.298025
1780995621.016610,0.000997615,90370,9,724.688382
1780995621.017626,0.001005728,81616,8,649.209329
1780995621.018657,0.000999823,93266,9,746.260088
1780995621.019638,0.001005723,99058,9,787.954536
1780995621.020587,0.000988127,88922,9,719.923654
1780995621.021573,0.000999605,84512,8,676.363163
1780995621.022611,0.001000106,93266,9,746.048919
1780995621.023613,0.001001935,83064,8,663.228653
1780995621.024639,0.001006477,97610,9,775.854789
1780995621.025582,0.000996205,93266,9,748.970342
1780995621.026610,0.001005311,86224,12,686.147869
1780995621.027636,0.000998841,90436,10,724.327496
1780995621.028606,0.000997707,94780,10,759.982640
1780995621.029557,0.000993609,103468,10,833.068138
1780995621.030615,0.001013445,84512,8,667.126484
1780995621.031638,0.000986802,81616,8,661.660597
1780995621.032604,0.001007294,96228,10,764.249564
1780995621.033575,0.000993954,87408,8,703.517467
1780995621.034625,0.001009191,90370,9,716.375790
1780995621.035647,0.000992171,93266,9,752.015530
1780995621.036594,0.000998012,93266,9,747.614257
1780995621.037572,0.001006656,84512,8,671.625660
1780995621.038747,0.001005486,94846,11,754.628110
1780995621.039644,0.001000360,102218,13,817.449718
1780995621.040635,0.000986771,87474,9,709.173658
1780995621.041618,0.001000009,93266,9,746.121285
1780995621.042608,0.001007112,85960,8,682.823757
1780995621.043630,0.000992629,93266,9,751.668549
1780995621.044628,0.001004021,93266,9,743.139835
1780995621.045672,0.000996652,93266,9,748.634428
1780995621.046697,0.001003606,84512,8,673.666758
1780995621.047610,0.001007330,93266,9,740.698679
1780995621.048595,0.000989488,83064,8,671.571560
1780995621.049612,0.001001310,99058,9,791.427230
1780995621.050622,0.001010925,87738,13,694.318570
1780995621.051657,0.000990929,96294,11,777.403830
1780995621.052639,0.000997205,94780,10,760.365221
1780995621.053605,0.001002506,94714,9,755.817920
1780995621.054702,0.000996159,83064,8,667.074232
1780995621.055698,0.001007769,97610,9,774.860112
1780995621.056639,0.000997230,84512,8,677.973988
1780995621.057620,0.000995419,90370,9,726.287121
1780995621.058609,0.001005483,87408,8,695.450843
1780995621.059685,0.001000095,89054,11,712.364325
1780995621.060580,0.000993968,106628,14,858.200666
1780995621.061635,0.001005928,94780,10,753.771642
1780995621.062600,0.000999334,83064,8,664.954860
1780995621.063584,0.000995889,93266,9,749.207994
1780995621.064600,0.001004205,84512,8,673.264921
1780995621.065558,0.000994280,96162,9,773.721688
1780995621.066615,0.001008066,91818,9,728.666575
1780995621.067585,0.001003637,81616,8,650.561906
1780995621.068577,0.000989086,96162,9,777.784743
1780995621.069573,0.000999804,94714,9,757.860541
1780995621.070604,0.001004139,81616,8,650.236670
1780995621.071581,0.000997946,88922,9,712.840174
1780995621.072582,0.000997883,103864,16,832.674772
1780995621.073593,0.000999395,91884,10,735.516988
1780995621.074670,0.001000397,97610,9,780.570114
1780995621.075710,0.001003678,87474,9,697.227597
1780995621.076634,0.001000490,85960,8,687.343202
1780995621.077613,0.000995526,93266,9,749.481179
1780995621.078660,0.001001363,83064,8,663.607503
1780995621.079605,0.000998943,93266,9,746.917492
1780995621.080627,0.001000023,94714,9,757.694573
1780995621.081739,0.001000849,83064,8,663.948308
1780995621.082679,0.001011427,93266,9,737.698321
1780995621.083632,0.000987811,87408,8,707.892502
1780995621.084601,0.001000974,91818,9,733.829250
1780995621.085627,0.001012070,93266,9,737.229638
1780995621.086612,0.000994079,93266,9,750.572138
1780995621.087576,0.000995637,87408,8,702.328258
1780995621.088595,0.000997403,90304,8,724.313041
1780995621.089604,0.001012283,85960,8,679.335719
1780995621.090599,0.000987343,96162,9,779.157800
1780995621.091615,0.001010996,91818,9,726.554803
1780995621.092595,0.000988954,81616,8,660.220799
1780995621.093674,0.001000040,93266,9,746.098156
1780995621.094622,0.001002541,87408,8,697.491674
1780995621.095617,0.001006373,96228,10,764.948980
1780995621.096864,0.000995175,84710,11,680.965659
1780995621.097614,0.000996379,100572,10,807.499957
1780995621.098633,0.001000185,93266,9,745.989992
1780995621.099691,0.001000317,93266,9,745.891552
1780995621.100647,0.001012165,90568,12,715.835857
1780995621.101626,0.000994430,100704,12,810.144505
1780995621.102696,0.000992823,91884,10,740.385749
1780995621.103633,0.001000753,87606,11,700.320659
1780995621.104636,0.001007351,103732,14,823.800244
1780995621.105622,0.000999062,93266,9,746.828525
1780995621.106598,0.000993269,85960,8,692.340141
1780995621.107606,0.001007628,93266,9,740.479621
1780995621.108594,0.000991600,93266,9,752.448568
1780995621.109594,0.001003977,83064,8,661.879704
1780995621.110635,0.001007116,99058,9,786.864671
1780995621.111590,0.000998140,77338,9,619.856934
1780995621.112674,0.000996144,103732,14,833.068311
1780995621.113596,0.001002043,97742,11,780.341762
1780995621.114714,0.000993790,85960,8,691.977178
1780995621.115699,0.001003257,93266,9,743.705750
1780995621.116565,0.000995384,93266,9,749.588099
1780995621.117632,0.001000683,87408,8,698.786729
1780995621.118691,0.001004629,90370,9,719.628838
1780995621.119643,0.001000672,93266,9,745.626939
1780995621.120628,0.000996516,93266,9,748.736598
1780995621.121639,0.001005152,87408,8,695.679857
1780995621.122624,0.000993728,90370,9,727.523024
1780995621.123600,0.001000434,83064,8,664.223727
1780995621.124574,0.000998897,96162,9,770.145470
1780995621.125564,0.001011322,93266,9,737.774912
1780995621.126602,0.000996050,81748,10,656.577481
1780995621.127601,0.000996205,106562,13,855.743547
1780995621.128598,0.000996156,85960,8,690.333643
1780995621.129600,0.001000895,91818,9,733.887171
1780995621.130605,0.001005744,87606,11,696.845320
1780995621.131596,0.001005632,110972,14,882.804048
1780995621.132559,0.000987971,87540,10,708.846717
1780995621.133601,0.000999585,93266,9,746.437772
1780995621.134604,0.001005343,81616,8,649.457946
1780995621.135614,0.000999107,93464,12,748.380304
1780995621.136579,0.000995054,96360,12,774.711724
1780995621.137563,0.001011146,94714,9,749.359637
1780995621.138616,0.001001640,87408,8,698.119085
1780995621.139594,0.000994867,81814,11,657.888944
1780995621.140673,0.001003809,112354,13,895.421340
1780995621.141648,0.000994134,88922,9,715.573554
1780995621.142594,0.000995068,84512,8,679.447033
1780995621.143604,0.000999949,93266,9,746.166054
1780995621.144795,0.001013345,94714,9,747.733496
1780995621.145705,0.000996393,81616,8,655.291637
1780995621.146701,0.000995995,93266,9,749.128259
1780995621.147738,0.000994739,83394,13,670.680450
1780995621.148746,0.001001254,106496,12,850.900970
1780995621.151142,0.001005106,100506,9,799.963387
1780995621.151218,0.001007788,90370,9,717.373098
1780995621.151700,0.000996075,78654,7,631.711468
1780995621.152600,0.000995681,80300,10,645.186561
1780995621.153631,0.001007154,106694,15,847.489063
1780995621.154644,0.000996634,88988,10,714.308362
1780995621.155625,0.001000627,94714,9,757.237212
1780995621.156595,0.000997692,93266,9,747.854047
1780995621.157574,0.001003674,84512,8,673.621116
1780995621.158653,0.000995948,87408,8,702.108945
1780995621.159734,0.000997251,90436,10,725.482351
1780995621.160645,0.000998150,93266,9,747.510895
1780995621.161667,0.000997008,93266,9,748.367114
1780995621.162683,0.000999622,84512,8,676.351661
1780995621.163650,0.001001305,93266,9,745.155572
1780995621.164591,0.000998241,85960,8,688.891761
1780995621.165663,0.001013305,93266,9,736.331115
1780995621.166608,0.000993229,93266,9,751.214473
1780995621.167612,0.001002076,83064,8,663.135331
1780995621.168586,0.001000513,103468,10,827.319585
1780995621.169660,0.000991151,85960,8,693.819610
1780995621.170607,0.001000232,81616,8,652.776556
1780995621.171649,0.000999558,94714,9,758.047057
1780995621.172621,0.001007362,93266,9,740.675150
1780995621.173623,0.000992969,85960,8,692.549314
1780995621.174609,0.001012013,96162,9,760.164148
1780995621.175652,0.000990836,80234,9,647.808517
1780995621.176653,0.001010213,106628,14,844.400141
1780995621.177616,0.000987008,90502,11,733.546233
1780995621.178600,0.001011191,85960,8,680.069344
1780995621.179584,0.000989546,93266,9,754.010425
1780995621.180560,0.000999669,94714,9,757.962886
1780995621.181585,0.001002337,84512,8,674.519648
1780995621.182597,0.001005207,93266,9,742.263036
1780995621.183670,0.001003831,83130,9,662.501955
1780995621.184601,0.000989844,93266,9,753.783424
1780995621.185580,0.000998750,90304,8,723.336170
1780995621.186641,0.001007915,87474,9,694.296642
1780995621.187595,0.000991754,97610,9,787.372675
1780995621.188581,0.001011657,90370,9,714.629563
1780995621.189558,0.000987471,84512,8,684.674284
1780995621.190606,0.001006814,94978,13,754.681600
1780995621.191628,0.000994028,100704,12,810.472140
1780995621.192668,0.001012037,94714,9,748.699899
1780995621.193646,0.000990376,87474,9,706.592244
1780995621.194595,0.001007069,94714,9,752.393332
1780995621.195673,0.000994871,81616,8,656.294133
1780995621.196569,0.000995409,94714,9,761.206700
1780995621.197675,0.001013398,93266,9,736.263541
1780995621.198692,0.000990814,84512,8,682.364198
1780995621.199661,0.000996095,93266,9,749.053052
1780995621.200716,0.001001825,84578,9,675.391411
1780995621.201673,0.001012523,105180,14,831.032974
1780995621.202655,0.000994113,91950,11,739.956122
1780995621.203704,0.000995889,88856,8,713.782359
1780995621.204589,0.000995848,90370,9,725.974245
1780995621.205646,0.001010591,97610,9,772.696373
1780995621.206671,0.000989259,83064,8,671.727020
1780995621.207695,0.001002595,90370,9,721.088775
1780995621.208637,0.000998262,87408,8,700.481437
1780995621.209609,0.000998545,90370,9,724.013440
1780995621.210593,0.001010192,83064,8,657.807625
1780995621.211566,0.001000179,93266,9,745.994467
1780995621.212569,0.000996899,84512,8,678.199095
1780995621.213647,0.001005811,90436,10,719.308101
1780995621.214652,0.000997910,102218,13,819.456664
1780995621.215692,0.000990014,99124,10,800.990693
1780995621.216574,0.001003478,86026,9,685.822709
1780995621.217598,0.001006850,87408,8,694.506630
1780995621.218647,0.001004208,90370,9,719.930532
1780995621.219658,0.000997762,93266,9,747.801580
1780995621.220577,0.000995347,95044,14,763.906457
1780995621.221603,0.000994283,94846,11,763.130819
1780995621.222636,0.001008012,93266,9,740.197537
1780995621.223601,0.000992049,94714,9,763.784853
1780995621.224660,0.001008551,84512,8,670.363720
1780995621.225578,0.000991167,93266,9,752.777282
1780995621.226626,0.000999184,91818,9,735.143877
1780995621.227603,0.000999564,85960,8,687.979959
1780995621.228651,0.000999672,85960,8,687.905633
1780995621.229630,0.000999889,90238,7,721.984140
1780995621.230668,0.001012532,94714,9,748.333880
1780995621.231604,0.000994471,84512,8,679.854918
1780995621.232592,0.000991873,94714,9,763.920381
1780995621.233571,0.001000550,82998,7,663.619010
1780995621.234596,0.000999868,93266,9,746.226502
1780995621.235601,0.001008851,85960,8,681.646745
1780995621.236604,0.001001119,100506,9,803.149276
1780995621.237601,0.000995145,84512,8,679.394460
1780995621.238838,0.001000671,85960,8,687.218876
1780995621.239630,0.000994164,102020,10,820.951070
1780995621.240663,0.001008450,91752,8,727.865536
1780995621.241608,0.000992080,86026,9,693.702121
1780995621.243063,0.001009079,88856,8,704.452278
1780995621.243625,0.000991174,88922,9,717.710513
1780995621.244613,0.000999153,94714,9,758.354326
1780995621.245579,0.001000846,81616,8,652.376090
1780995621.246616,0.000998970,94714,9,758.493248
1780995621.247607,0.001008195,93266,9,740.063182
1780995621.248583,0.000993801,87408,8,703.625776
1780995621.249567,0.001009110,90370,9,716.433293
1780995621.250613,0.000997227,93266,9,748.202766
1780995621.251633,0.000992497,77206,7,622.317246
1780995621.252688,0.001003387,94846,11,756.206728
1780995621.253642,0.000996785,49694,7,398.834252
1780995621.254725,0.001005796,10202,1,81.145680
1780995621.255652,0.000993707,81616,8,657.062897
1780995621.256660,0.001000906,109194,9,872.761278
1780995621.257672,0.001000606,113538,9,907.753901
1780995621.258706,0.000998902,116566,11,933.553041
1780995621.259683,0.001010826,104784,8,829.294062
1780995621.260600,0.000988202,75692,6,612.765406
1780995621.261572,0.001012974,0,0,0.000000
1780995621.262597,0.000999663,0,0,0.000000
1780995621.263621,0.000994820,29092,2,233.947850
1780995621.264666,0.001003207,106298,9,847.665537
1780995621.265612,0.000994478,112090,9,901.699183
1780995621.266593,0.000994999,114986,9,924.511482
1780995621.267575,0.001000124,110642,9,885.026257
1780995621.268591,0.001007035,90568,12,719.482441
1780995621.269724,0.001006288,99124,10,788.036824
1780995621.270596,0.000986935,100572,10,815.226940
1780995621.271585,0.001001145,87342,7,697.936862
1780995621.272561,0.001002296,87342,7,697.135377
1780995621.273576,0.001000181,91752,8,733.883167
1780995621.274582,0.000996436,92082,13,739.290833
1780995621.275607,0.001006596,103534,11,822.844518
1780995621.276585,0.000996183,84578,9,679.216570
1780995621.277584,0.001009424,94714,9,750.637988
1780995621.278608,0.000987394,93266,9,755.653771
1780995621.279606,0.001010766,62660,6,495.940702
1780995621.280620,0.000989467,106298,9,859.436444
1780995621.281600,0.001001308,93266,9,745.153339
1780995621.282603,0.001007774,90568,12,718.954845
1780995621.283719,0.000992453,108010,13,870.650802
1780995621.284680,0.001013182,83130,9,656.387500
1780995621.285584,0.000989140,94780,10,766.564895
1780995621.286602,0.000995982,102350,15,822.103211
1780995621.287598,0.000999951,94912,12,759.333207
1780995621.288603,0.001007634,87474,9,694.490261
1780995621.289591,0.000993083,87738,13,706.792886
1780995621.290617,0.001008158,103732,14,823.140817
1780995621.291595,0.001002172,94780,10,756.596672
1780995621.292598,0.000990438,87606,11,707.614207
1780995621.293586,0.001009529,105114,13,832.974585
1780995621.294585,0.000990211,88922,9,718.408501
1780995621.295604,0.001011215,81682,9,646.208769
1780995621.296596,0.000987952,39426,5,319.254377
1780995621.297597,0.001006093,0,0,0.000000
1780995621.298617,0.000993894,16060,2,129.269318
1780995621.299698,0.001003709,81748,10,651.567337
1780995621.300645,0.000996068,128348,14,1030.837252
1780995621.301688,0.001011606,103402,9,817.725478
1780995621.302638,0.001000936,101954,9,814.869282
1780995621.303601,0.000992499,118014,11,951.247306
1780995621.304579,0.000997810,84512,8,677.579900
1780995621.305572,0.000997116,90370,9,725.051047
1780995621.306647,0.001000416,97676,10,781.083069
1780995621.307597,0.001004827,87474,9,696.430331
1780995621.308589,0.000994729,105180,14,845.898732
1780995621.309594,0.001001810,88988,10,710.617782
1780995621.310587,0.001001363,90568,12,723.557791
1780995621.311571,0.000996269,97874,13,785.924284
1780995621.312572,0.001002438,94846,11,756.922623
1780995621.313644,0.001009682,87408,8,692.558647
1780995621.314703,0.000990639,90370,9,729.791579
1780995621.315662,0.001000685,94714,9,757.193323
1780995621.316587,0.000997140,93266,9,748.268047
1780995621.317579,0.001000786,85960,8,687.139908
1780995621.318585,0.001003376,96162,9,766.707595
1780995621.319698,0.001005329,90370,9,719.127768
1780995621.320675,0.001004754,83064,8,661.367857
1780995621.321616,0.000987255,93266,9,755.760163
1780995621.322722,0.000998745,84512,8,676.945567
1780995621.323617,0.001005606,93266,9,741.968524
1780995621.324600,0.000994559,85960,8,691.442137
1780995621.325587,0.001012332,93266,9,737.038837
1780995621.326613,0.000999774,91818,9,734.710044
1780995621.327589,0.000995250,85960,8,690.962070
1780995621.328593,0.000994534,93266,9,750.228750
1780995621.329635,0.000999940,85960,8,687.721263
1780995621.330675,0.000997966,100572,10,806.215843
1780995621.331604,0.001006799,84566,9,671.959348
1780995621.332584,0.000993971,93266,9,750.653691
1780995621.333562,0.001002239,94714,9,756.019273
1780995621.334596,0.000997198,85960,8,689.612294
1780995621.335598,0.001005967,91818,9,730.186974
1780995621.336580,0.000994296,83064,8,668.324121
1780995621.337697,0.001006097,81748,10,650.020823
1780995621.338714,0.001004449,111038,15,884.369440
1780995621.339669,0.001004530,88922,9,708.167999
1780995621.340614,0.000984883,96162,9,781.103948
1780995621.341662,0.001004277,84512,8,673.216652
1780995621.342616,0.001001082,72994,9,583.320847
1780995621.343580,0.000993964,109392,12,880.450399
1780995621.344653,0.001001813,99124,10,791.556907
1780995621.345650,0.001009807,99058,9,784.767782
1780995621.346601,0.001001402,87474,9,698.812265
1780995621.347580,0.000987561,84512,8,684.611887
1780995621.348595,0.000998916,93266,9,746.937680
1780995621.349583,0.001009125,84446,7,669.459185
1780995621.350602,0.000991172,72862,7,588.087638
1780995621.351608,0.001012096,104916,10,829.296826
1780995621.352586,0.000988453,87450,9,707.772651
1780995621.353576,0.001000241,93266,9,745.948226
1780995621.354601,0.001002735,90370,9,720.988098
1780995621.355686,0.001005658,94714,9,753.448986
1780995621.356622,0.001001644,83064,8,663.421335
1780995621.357661,0.001000284,93266,9,745.916160
1780995621.358704,0.000989666,85960,8,694.860690
1780995621.359571,0.000999658,96162,9,769.559189
1780995621.360563,0.001006772,91818,9,729.603128
1780995621.361565,0.000999796,84776,12,678.346383
1780995621.362607,0.001001510,102152,12,815.983864
1780995621.363596,0.000991567,94714,9,764.156129
1780995621.364585,0.001000408,93266,9,745.823704
1780995621.365586,0.000999793,71546,9,572.486505
1780995621.366607,0.000999952,115382,15,923.100309
1780995621.367614,0.001008879,88988,10,705.638635
1780995621.368567,0.000992921,93266,9,751.447497
1780995621.369580,0.001005020,81616,8,649.666673
1780995621.370619,0.000993721,96360,12,775.750940
1780995621.371680,0.001007342,103666,13,823.283453
1780995621.372617,0.000998405,84512,8,677.176096
1780995621.373565,0.000995276,93266,9,749.669438
1780995621.374628,0.001008049,97610,9,774.644883
1780995621.375723,0.000990973,84512,8,682.254713
1780995621.376611,0.001001974,90516,10,722.701387
1780995621.377602,0.000999697,87408,8,699.475941
1780995621.378616,0.001004281,90370,9,719.878201
1780995621.379603,0.001001974,96162,9,767.780401
1780995621.380605,0.001004072,90370,9,720.028046
1780995621.381621,0.000987460,84512,8,684.681911
1780995621.382654,0.001000298,93266,9,745.905720
1780995621.383611,0.001012123,83064,8,656.552613
1780995621.384695,0.000995612,84512,8,679.075785
1780995621.385829,0.000998274,84512,8,677.264959
1780995621.386654,0.001002696,106364,10,848.624109
1780995621.387594,0.000991993,87738,13,707.569509
1780995621.388647,0.001001201,91950,11,734.717604
1780995621.389604,0.000998816,88922,9,712.219268
1780995621.390621,0.001009580,94714,9,750.521999
1780995621.391732,0.000990804,93320,10,753.489086
1780995621.392715,0.000999263,84512,8,676.594650
1780995621.393603,0.000999702,93266,9,746.350412
1780995621.394611,0.001005636,96340,10,766.400566
1780995621.395720,0.001004627,84512,8,672.982112
1780995621.396576,0.000993175,78786,9,634.619277
1780995621.397638,0.001005347,108142,15,860.534721
1780995621.398685,0.000990899,93398,11,754.046578
1780995621.399662,0.001006955,85960,8,682.930220
1780995621.400644,0.001006199,93266,9,741.531248
1780995621.401607,0.000999046,93266,9,746.840486
1780995621.402619,0.000995906,93266,9,749.195205
1780995621.403624,0.000997584,93266,9,747.935011
1780995621.404569,0.000995081,87408,8,702.720683
1780995621.405566,0.001002991,87474,9,697.705164
1780995621.406619,0.001007042,97940,14,778.041035
1780995621.407618,0.001004166,94846,11,755.620087
1780995621.408617,0.000986117,84512,8,685.614385
1780995621.409597,0.001010394,99058,9,784.311863
1780995621.410606,0.000996014,86158,11,692.022401
1780995621.411619,0.001004691,106628,14,849.041148
1780995621.412627,0.000999580,84644,10,677.436523
1780995621.413573,0.001000641,96162,9,768.803197
1780995621.414672,0.000987307,81616,8,661.322162
1780995621.415592,0.001001770,94714,9,756.373219
1780995621.416622,0.001004958,85960,8,684.287304
1780995621.417633,0.000993562,84512,17,680.476910
1780995621.418725,0.001001067,93266,9,745.332730
1780995621.419609,0.000998991,93266,9,746.881604
1780995621.420651,0.001012868,85960,8,678.943357
1780995621.421602,0.000987579,93266,9,755.512217
1780995621.422612,0.001004050,85960,8,684.906130
1780995621.423609,0.001003858,90370,9,720.181540
1780995621.424592,0.000991380,94714,9,764.300268
1780995621.425602,0.001009847,87408,8,692.445489
1780995621.426610,0.001000458,93266,9,745.786430
1780995621.427693,0.000995177,83064,8,667.732474
1780995621.428784,0.000996421,93266,9,748.807984
1780995621.429579,0.000998077,84512,8,677.398638
1780995621.430705,0.001005972,101954,9,810.789962
1780995621.431633,0.000994263,85960,8,691.647984
1780995621.432640,0.001010117,90370,9,715.719070
1780995621.433580,0.001003146,85960,8,685.523344
1780995621.434607,0.000991706,81616,8,658.388676
1780995621.435609,0.001000423,106364,10,850.552216
1780995621.436607,0.001006394,81616,8,648.779703
1780995621.437649,0.000988390,93266,9,754.892300
1780995621.438655,0.001000025,87408,8,699.246519
1780995621.439631,0.000999762,100572,10,804.767535
1780995621.440584,0.001008192,84512,8,670.602425
1780995621.441598,0.000994743,83064,8,668.023801
1780995621.442676,0.001008493,91884,10,728.881608
1780995621.443583,0.000998042,106628,14,854.697498
1780995621.444600,0.000994339,94846,11,763.087840
1780995621.445580,0.001009647,88856,8,704.055972
1780995621.446595,0.000990970,90370,9,729.547817
1780995621.447611,0.001004851,85960,8,684.360169
1780995621.448593,0.000999461,87408,8,699.641107
1780995621.449574,0.000991289,188310,15,1519.718266
1780995621.450665,0.001000219,100692,12,805.359626
1780995621.451603,0.001009136,84578,9,670.498327
1780995621.452721,0.001000814,93398,11,746.576287
1780995621.453639,0.000989754,94978,13,767.689749
1780995621.454597,0.001000340,88922,9,711.134214
1780995621.455624,0.001001390,90370,9,721.956480
1780995621.456660,0.000999941,94714,9,757.756708
1780995621.457618,0.001009181,93266,9,739.340118
1780995621.458597,0.000989129,89054,11,720.261968
1780995621.459622,0.000999763,96426,13,771.590867
1780995621.460603,0.001010754,88988,10,704.329639
1780995621.461574,0.000993812,96426,13,776.211195
1780995621.462595,0.001006845,100704,12,800.154939
1780995621.463611,0.000996463,97610,9,783.651776
1780995621.464605,0.000992672,80168,8,646.078463
1780995621.465596,0.001009666,89054,11,705.611559
1780995621.466650,0.000995899,106628,14,856.536657
1780995621.467639,0.000993899,91884,10,739.584203
1780995621.468601,0.001000948,82998,7,663.355139
1780995621.469649,0.000999422,91818,9,734.968812
1780995621.470681,0.001013477,93200,8,735.685171
1780995621.471596,0.000986548,93266,9,756.301771
1780995621.472683,0.000999626,93464,12,747.991749
1780995621.473671,0.000999932,96360,12,770.932423
1780995621.474602,0.001009256,94780,10,751.286096
1780995621.475608,0.000991071,88856,8,717.252346
1780995621.476667,0.001010320,90370,9,715.575263
1780995621.477650,0.000993801,84512,8,680.313262
1780995621.478904,0.000996921,80168,8,643.324797
1780995621.479595,0.000999335,109398,11,875.766385
1780995621.480577,0.001000039,90370,9,722.931806
1780995621.481632,0.001011882,83064,8,656.708984
1780995621.482621,0.000995283,93266,9,749.664166
1780995621.483629,0.000992412,83064,8,669.592871
1780995621.484597,0.001009461,86026,9,681.757889
1780995621.485668,0.000997259,100770,13,808.375758
1780995621.486663,0.000994471,100572,10,809.049233
1780995621.487670,0.001010881,88922,9,703.718835
1780995621.488602,0.000996668,88856,8,713.224464
1780995621.489689,0.000995777,90370,9,726.026008
1780995621.490615,0.001002001,94714,9,756.198846
1780995621.491645,0.000993712,93266,9,750.849341
1780995621.492608,0.000999604,81682,9,653.714871
1780995621.493562,0.001000544,100770,13,805.721687
1780995621.494677,0.001008064,97808,12,776.204685
1780995621.495592,0.000991431,90304,8,728.676025
1780995621.496602,0.001004092,93266,9,743.087287
1780995621.497593,0.001006250,92082,13,732.080497
1780995621.498684,0.000992603,94846,11,764.422433
1780995621.499654,0.000997172,90436,10,725.539827
1780995621.500641,0.001006091,103798,15,825.356752
1780995621.501638,0.001003163,88988,10,709.659347
1780995621.502719,0.000996501,88856,8,713.343991
1780995621.503637,0.000996792,91818,9,736.908001
1780995621.504634,0.001001985,96162,9,767.771973
1780995621.505627,0.000994977,90370,9,726.609761
1780995621.506662,0.001014289,85960,8,677.992170
1780995621.507655,0.000997676,91818,9,736.255057
1780995621.508620,0.000990125,84512,8,682.839035
1780995621.509629,0.000998641,85960,8,688.615829
1780995621.510665,0.001012447,92148,14,728.121077
1780995621.511650,0.000986897,110906,13,899.027963
1780995621.512637,0.001007105,87474,9,694.855055
1780995621.513583,0.000997989,96162,9,770.846172
1780995621.514609,0.001001235,81616,8,652.122629
1780995621.515580,0.000993576,94714,9,762.611013
1780995621.516614,0.001008698,84512,8,670.266026
1780995621.517608,0.000996883,94714,9,760.081173
1780995621.518629,0.001007964,93266,9,740.232786
1780995621.519656,0.000987041,93266,9,755.924019
1780995621.520642,0.001012876,84512,8,667.501254
1780995621.521568,0.000986818,93266,9,756.094842
1780995621.522601,0.001012591,94714,9,748.290277
1780995621.523624,0.000987686,81616,8,661.068396
1780995621.524652,0.001011940,94714,9,748.771666
1780995621.525615,0.000999945,84512,8,676.133187
1780995621.526656,0.000992133,93266,9,752.044333
1780995621.527581,0.001003294,93266,9,743.678324
1780995621.528600,0.001001482,93266,9,745.023875
1780995621.529620,0.000990891,85960,8,694.001661
1780995621.530589,0.001000253,93266,9,745.939277
1780995621.531597,0.000999943,83064,8,664.549879
1780995621.532633,0.001003388,93266,9,743.608654
1780995621.533597,0.001002404,84512,8,674.474563
1780995621.534625,0.000995636,97610,9,784.302697
1780995621.535598,0.000998587,90370,9,723.982988
1780995621.536577,0.001000536,87408,8,698.889395
1780995621.537565,0.001004713,88922,9,708.039012
1780995621.538590,0.000994572,96162,9,773.494528
1780995621.539618,0.001004381,81616,8,650.080000
1780995621.540615,0.000998833,94714,9,758.597283
1780995621.541585,0.000999700,93266,9,746.351906
1780995621.542667,0.001007523,85960,8,682.545212
1780995621.543640,0.001002189,87408,8,697.736654
1780995621.544596,0.000991168,99124,10,800.058113
1780995621.545587,0.001003578,87408,8,696.770954
1780995621.546670,0.001000747,90370,9,722.420352
1780995621.547603,0.001004621,83064,8,661.455415
1780995621.548625,0.000987547,93266,9,755.536699
1780995621.549612,0.001009970,89120,12,705.921958
1780995621.550578,0.000990516,106562,13,860.658485
1780995621.551590,0.000999245,88988,10,712.441894
1780995621.552580,0.001002584,93266,9,744.204974
1780995621.553557,0.000997521,93266,9,747.982248
1780995621.554595,0.001013717,84512,8,666.947481
1780995621.555591,0.000986691,93266,9,756.192161
1780995621.556579,0.000999994,87408,8,699.268196
1780995621.557584,0.001008912,90370,9,716.573893
1780995621.558615,0.000998483,94714,9,758.863195
1780995621.559598,0.000996630,84512,8,678.382148
1780995621.560586,0.000996758,93266,9,748.554815
1780995621.561617,0.001001158,85960,8,686.884588
1780995621.562628,0.000997614,80168,8,642.877907
1780995621.563612,0.001002977,97610,9,778.562220
1780995621.564695,0.000999608,100572,10,804.891517
1780995621.565621,0.001002273,84512,8,674.562719
1780995621.566594,0.000995124,87408,8,702.690318
1780995621.567668,0.001010799,90370,9,715.236165
1780995621.568597,0.001000261,86026,9,688.028425
1780995621.569601,0.000989183,91950,11,743.643997
1780995621.570589,0.001011951,102086,11,807.043029
1780995621.571607,0.000998479,96162,9,770.467882
1780995621.572580,0.000991363,87408,8,705.356161
1780995621.573566,0.001001537,90370,9,721.850516
1780995621.574628,0.001009561,85960,8,681.167359
1780995621.575605,0.000996218,96162,9,772.216523
1780995621.576610,0.001004362,90370,9,719.820145
1780995621.577567,0.000997311,93266,9,748.139748
1780995621.578606,0.000992184,93266,9,752.005676
1780995621.579626,0.000996871,85960,8,689.838505
1780995621.580641,0.001011697,91818,9,726.051377
1780995621.581620,0.001000562,84512,8,675.716247
1780995621.582600,0.000998456,93266,9,747.281803
1780995621.583601,0.000989763,85960,8,694.792592
1780995621.584662,0.001007193,96096,8,763.277743
1780995621.585606,0.000997065,88922,9,713.470035
1780995621.586616,0.000995638,85960,8,690.692802
1780995621.587581,0.000999668,93266,9,746.375797
1780995621.588579,0.000999710,83064,8,664.704764
1780995621.590653,0.002003129,187980,18,750.745459
1780995621.591605,0.001005258,93266,9,742.225379
1780995621.592576,0.000993015,83064,8,669.186266
1780995621.593569,0.000998721,90502,11,724.943202
1780995621.594602,0.001009336,99190,11,786.180221
1780995621.595610,0.000993252,84512,8,680.689291
1780995621.596625,0.000997480,93266,9,748.012993
1780995621.597589,0.001010030,84512,8,669.382098
1780995621.598606,0.000990706,93266,9,753.127568
1780995621.599603,0.001006551,87408,8,694.712936
1780995621.600578,0.000992883,102350,15,824.669170
1780995621.601565,0.000999853,91950,11,735.708149
1780995621.602607,0.001000975,90370,9,722.255801
1780995621.603600,0.001000789,90370,9,722.390034
1780995621.604671,0.000999704,85960,8,687.883614
1780995621.605679,0.001002369,187980,10,1500.285823
1780995621.606608,0.000996057,83064,8,667.142543
1780995621.607599,0.001000288,93266,9,745.913177
1780995621.608591,0.000999933,87606,11,700.894960
1780995621.609573,0.001000010,102218,13,817.735823
1780995621.610670,0.001005755,93332,10,742.383582
1780995621.611622,0.000995293,85960,8,690.932218
1780995621.612562,0.000998689,93266,9,747.107458
1780995621.613571,0.001000307,94714,9,757.479454
1780995621.614577,0.000999871,81616,8,653.012239
1780995621.615665,0.001012834,96162,9,759.547961
1780995621.616683,0.000993040,81814,11,659.099331
1780995621.617625,0.000994719,105180,14,845.907236
1780995621.618599,0.001000762,94780,10,757.662661
1780995621.619614,0.001007812,96162,9,763.332844
1780995621.620630,0.000995791,77206,7,620.258669
1780995621.621640,0.000995527,86026,9,691.300186
1780995621.622661,0.001015426,96162,9,757.609122
1780995621.623637,0.000984461,78786,9,640.236637
1780995621.624618,0.001013128,102218,13,807.147764
1780995621.625684,0.000986599,88922,9,721.038639
1780995621.626590,0.001004996,97610,9,776.998117
1780995621.627687,0.000995804,93266,9,749.271945
1780995621.628599,0.000999992,83064,8,664.517316
1780995621.629607,0.001010332,96162,9,761.428916
1780995621.630610,0.000988677,86290,13,698.226013
1780995621.631670,0.001012124,105114,13,830.838909
1780995621.632629,0.000999318,88922,9,711.861490
1780995621.633621,0.000989462,97610,9,789.196553
1780995621.634640,0.001005092,87672,12,697.822687
1780995621.635586,0.000994898,96294,11,774.302491
1780995621.636588,0.001011364,97676,10,772.627857
1780995621.637664,0.000987829,81616,8,660.972699
1780995621.638630,0.001009136,96162,9,762.331341
1780995621.639603,0.001002534,81616,8,651.277662
1780995621.640556,0.000988880,94714,9,766.232505
1780995621.641555,0.000999731,93266,9,746.328762
1780995621.642671,0.001010751,85960,8,680.365392
1780995621.643593,0.000997251,88988,10,713.866419
1780995621.644736,0.000994033,97874,13,787.692159
1780995621.645683,0.001010523,93332,10,738.880758
1780995621.646727,0.000993843,94714,9,762.406135
1780995621.647656,0.000994273,87408,8,703.291752
1780995621.648700,0.001001383,102284,14,817.141893
1780995621.649596,0.001007470,91884,10,729.621726
1780995621.650633,0.000998881,96228,10,770.686398
1780995621.651591,0.001000123,85960,8,687.595426
1780995621.652573,0.001002544,93266,9,744.234667
1780995621.653552,0.000987914,83064,8,672.641546
1780995621.654608,0.001013422,88922,9,701.954368
1780995621.655676,0.000988528,94978,13,768.641859
1780995621.656647,0.001012623,99190,11,783.628260
1780995621.657588,0.000987115,82998,7,672.651110
1780995621.658620,0.001000097,96162,9,769.221386
1780995621.659873,0.001000423,99058,9,792.128929
1780995621.660822,0.001011072,33502,3,265.081023
1780995621.661812,0.000998141,107812,10,864.102366
1780995621.662609,0.000989444,106364,10,859.990055
1780995621.663775,0.001000698,90304,8,721.928094
1780995621.664734,0.001002866,106496,12,849.533238
1780995621.665773,0.001001747,97940,14,782.153578
1780995621.667042,0.000995739,80168,8,644.088461
1780995621.667653,0.000999430,94648,8,757.615841
1780995621.668624,0.001000994,85960,8,686.997125
1780995621.669647,0.000998685,88922,9,712.312691
1780995621.670602,0.001012126,96162,9,760.079279
1780995621.671582,0.000988174,93266,9,755.057308
1780995621.672623,0.001001378,93266,9,745.101250
1780995621.673597,0.000997764,83064,8,666.001179
1780995621.674587,0.001000171,94714,9,757.582453
1780995621.675601,0.001007614,81550,7,647.470162
1780995621.676676,0.001004227,97610,9,777.593114
1780995621.677652,0.000999886,87672,12,701.455966
1780995621.678587,0.000988269,97742,11,791.217776
1780995621.679622,0.001005716,100572,10,800.003182
1780995621.680604,0.000995105,90370,9,726.516297
1780995621.681567,0.001001174,83064,8,663.732778
1780995621.682594,0.001000082,93266,9,746.066823
1780995621.683706,0.001009612,85960,8,681.132950
1780995621.684597,0.000993302,80102,7,645.137128
1780995621.685722,0.001000215,104916,10,839.147583
1780995621.686618,0.001000428,96162,9,768.966882
1780995621.687621,0.000995000,81616,8,656.209045
1780995621.688698,0.000999891,87408,8,699.340228
1780995621.689834,0.001004906,90436,10,719.955896
1780995621.690611,0.000995988,67202,9,539.781604
1780995621.691611,0.001004932,115316,14,918.000422
1780995621.692585,0.001007502,96492,14,766.188057
1780995621.693563,0.000986129,109524,14,888.516614
1780995621.694601,0.001011392,93266,9,737.723850
1780995621.695606,0.001001647,80102,7,639.762311
1780995621.696674,0.000988544,97676,10,790.463550
1780995621.697594,0.001007391,84512,8,671.135637
1780995621.698602,0.000993627,81616,8,657.115799
1780995621.699761,0.000998283,85894,7,688.333869
1780995621.700963,0.001000768,85960,8,687.152267
1780995621.701607,0.001008735,81748,10,648.320917
1780995621.702694,0.000992618,109590,15,883.240078
1780995621.703610,0.001010657,97676,10,773.168345
1780995621.704594,0.001000670,94714,9,757.204673
1780995621.705577,0.000985592,94714,9,768.788708
1780995621.706684,0.001002747,83064,8,662.691586
1780995621.707594,0.000997615,93266,9,747.911770
1780995621.708646,0.001012674,87408,8,690.512445
1780995621.709600,0.000991351,99388,14,802.040851
1780995621.710707,0.000996927,96360,12,773.256216
1780995621.711742,0.001005395,84512,8,672.468035
1780995621.712650,0.000994372,93266,9,750.350975
1780995621.713576,0.001004584,94978,13,756.356860
1780995621.714725,0.000995710,94912,12,762.567414
1780995621.715651,0.001003287,97676,10,778.847927
1780995621.716636,0.001007094,87738,13,696.959767
1780995621.717608,0.000999442,105048,12,840.853196
1780995621.718585,0.000994615,90370,9,726.874218
1780995621.719644,0.001007359,93266,9,740.677355
1780995621.720602,0.000994639,84512,8,679.740087
1780995621.721623,0.000992015,92082,13,742.585546
1780995621.722659,0.001012310,94846,11,749.541148
1780995621.723652,0.001000480,93266,9,745.770030
1780995621.724599,0.000988486,88856,8,719.128040
1780995621.725644,0.001004002,87474,9,697.002596
1780995621.726667,0.000997264,92082,13,738.677020
1780995621.727619,0.000998557,112354,13,900.130889
1780995621.728597,0.001011987,81616,8,645.194059
1780995621.729675,0.000989663,83196,10,672.519838
1780995621.730596,0.001002412,111038,15,886.166566
1780995621.731668,0.000995754,86026,9,691.142591
1780995621.732634,0.001007062,94714,9,752.398561
1780995621.733614,0.001004790,94714,9,754.099862
1780995621.734678,0.000997713,88856,8,712.477436
1780995621.735657,0.000992000,84776,12,683.677419
1780995621.736642,0.001002046,97874,13,781.393269
1780995621.737596,0.000998216,96294,11,771.728764
1780995621.738611,0.001006347,84644,10,672.881223
1780995621.739663,0.000996321,103732,14,832.920314
1780995621.740618,0.001000236,93332,10,746.479831
1780995621.741594,0.001007302,88988,10,706.743360
1780995621.742581,0.000987914,96426,13,780.845296
1780995621.743613,0.001012834,86026,9,679.487458
1780995621.744593,0.000988412,94978,13,768.732067
1780995621.745655,0.000998396,91950,11,736.781798
1780995621.747047,0.001000560,88922,9,710.977852
1780995621.747599,0.001006968,97610,9,775.476480
1780995621.748693,0.000995181,90370,9,726.460815
1780995621.749650,0.000998608,94714,9,758.768205
1780995621.750595,0.000998941,96492,14,772.754347
1780995621.751745,0.001000289,90436,10,723.278972
1780995621.752637,0.001000104,97676,10,781.326742
1780995621.753625,0.001005772,83064,8,660.698449
1780995621.754655,0.000993367,93266,9,751.110113
1780995621.755624,0.001001266,93266,9,745.184596
1780995621.756656,0.001003552,87408,8,696.789005
1780995621.757604,0.000995890,90370,9,725.943628
1780995621.758618,0.001010290,94714,9,749.994556
1780995621.759570,0.000997296,83064,8,666.313712
1780995621.760632,0.000993039,84512,8,680.835294
1780995621.761557,0.001001712,93266,9,744.852812
1780995621.762608,0.000997262,93266,9,748.176507
1780995621.763615,0.001001113,87408,8,698.486584
1780995621.764597,0.001000312,100572,10,804.325051
1780995621.765587,0.001006619,87408,8,694.666006
1780995621.766572,0.000993197,84512,8,680.726986
1780995621.767606,0.001007204,103798,15,824.444700
1780995621.768595,0.000996476,93398,11,749.826388
1780995621.769555,0.000996150,90568,12,727.344275
1780995621.770601,0.000998899,99322,13,795.451792
1780995621.771572,0.001000655,94780,10,757.743678
1780995621.772692,0.001012012,83064,8,656.624625
1780995621.773621,0.000994295,93266,9,750.409084
1780995621.774811,0.000999579,96162,9,769.620010
1780995621.775794,0.000995067,84512,8,679.447716
1780995621.776681,0.001008300,91818,9,728.497471
1780995621.777596,0.001002753,93266,9,744.079549
1780995621.778723,0.000987103,83064,8,673.194185
1780995621.779588,0.001005254,99058,9,788.322155
1780995621.780590,0.001005139,90370,9,719.263704
1780995621.781584,0.000989813,83064,8,671.351053
1780995621.782593,0.001010792,93266,9,738.161758
1780995621.783599,0.000990922,85960,8,693.979950
1780995621.784582,0.001004770,97610,9,777.172885
1780995621.785581,0.001002753,84776,12,676.346019
1780995621.786585,0.000993065,100770,13,811.789762
1780995621.787582,0.001000751,93332,10,746.095682
1780995621.788584,0.001008842,93266,9,739.588558
1780995621.789580,0.000995227,93266,9,749.706348
1780995621.790610,0.000992585,84512,8,681.146703
1780995621.791656,0.001004345,87606,11,697.815990
1780995621.792591,0.001007672,100704,12,799.498249
1780995621.793582,0.000990346,97610,9,788.492103
1780995621.794607,0.001009069,91818,9,727.942291
1780995621.795581,0.000990963,83064,8,670.571959
1780995621.796593,0.001010867,93266,9,738.106991
1780995621.797632,0.000993986,87408,8,703.494818
1780995621.798610,0.001002076,90370,9,721.462244
1780995621.799602,0.001002621,97610,9,778.838664
1780995621.800662,0.000988097,90370,9,731.669057
1780995621.801771,0.001007373,81814,11,649.721603
1780995621.802683,0.001000516,102152,12,816.794534
1780995621.803614,0.000997760,90436,10,725.112251
1780995621.804631,0.000994085,94714,9,762.220534
1780995621.805643,0.001009993,93266,9,738.745714
1780995621.806610,0.000999411,83064,8,664.903628
1780995621.807590,0.001002071,93266,9,744.585962
1780995621.808577,0.000989060,94714,9,766.093058
1780995621.809604,0.001010082,84512,8,669.347637
1780995621.810597,0.000995454,93266,9,749.535388
1780995621.811612,0.000994356,83064,8,668.283794
1780995621.812732,0.001002754,94714,9,755.630992
1780995621.813695,0.001000692,96162,9,768.764015
1780995621.814709,0.001011193,90370,9,714.957481
1780995621.815603,0.000985015,78918,11,640.948615
1780995621.816631,0.001004464,109458,13,871.772408
1780995621.817600,0.001001520,84710,11,676.651490
1780995621.818610,0.000994174,99454,15,800.294516
1780995621.819582,0.001000030,89120,13,712.938612
1780995621.820663,0.001000758,87408,8,698.734359
1780995621.821633,0.000999822,90370,9,723.088710
1780995621.822610,0.001001905,85960,8,686.372460
1780995621.823607,0.001004761,102284,14,814.394667
1780995621.824579,0.000993466,91950,11,740.438022
1780995621.825617,0.001005081,86026,9,684.728892
1780995621.826617,0.000994337,93266,9,750.377387
1780995621.827590,0.001005245,96162,9,765.282095
1780995621.828556,0.000994151,93266,9,750.517778
1780995621.829575,0.001001352,87408,8,698.319872
1780995621.830667,0.001007166,88922,9,706.314550
1780995621.831820,0.000999723,90304,8,722.632169
1780995621.832667,0.001003809,81748,10,651.502427
1780995621.833596,0.000989197,105246,15,851.163115
1780995621.834612,0.001005012,97676,10,777.511114
1780995621.835624,0.000995009,88922,9,714.944287
1780995621.836639,0.001002927,93266,9,743.950457
1780995621.837585,0.001004268,81616,8,650.153146
1780995621.838610,0.001003833,92016,12,733.317195
1780995621.839671,0.000989906,97874,13,790.976113
1780995621.840688,0.000999274,88922,9,711.892834
1780995621.841593,0.001009623,87474,9,693.122086
1780995621.842707,0.000991656,86224,12,695.596053
1780995621.843755,0.001005631,103666,13,824.684203
1780995621.844643,0.001003796,94780,10,755.372606
1780995621.845646,0.000992014,87408,8,704.893278
1780995621.846600,0.001007166,90370,9,717.816130
1780995621.847604,0.000998558,85960,8,688.673067
1780995621.848668,0.001002150,100836,14,804.957342
1780995621.849628,0.000988458,93398,11,755.908698
1780995621.850704,0.001006411,96162,9,764.395461
1780995621.851665,0.001006144,83064,8,660.454170
1780995621.852631,0.000987237,96162,9,779.241459
1780995621.853615,0.001000185,83064,8,664.389088
1780995621.854663,0.001000399,93266,9,745.830414
1780995621.855599,0.001011418,93266,9,737.704886
1780995621.856618,0.000988393,84512,8,684.035601
1780995621.857635,0.001009535,93266,9,739.080864
1780995621.858622,0.000990773,85960,8,694.084316
1780995621.859699,0.001012122,93266,9,737.191761
1780995621.860648,0.000995359,93266,9,749.606926
1780995621.861622,0.000999093,90304,8,723.087841
1780995621.862601,0.001002371,86026,9,686.580119
1780995621.863600,0.000993058,99058,9,798.003742
1780995621.864603,0.001002325,78720,8,628.299204
1780995621.865571,0.001005712,97610,9,776.444946
1780995621.866591,0.000989597,90370,9,730.560016
1780995621.867618,0.001010889,94714,9,749.550148
1780995621.868600,0.000989440,84512,8,683.311772
1780995621.869553,0.000999901,93266,9,746.201874
1780995621.870591,0.001000079,83064,8,664.459508
1780995621.871602,0.001009076,93266,9,739.417051
1780995621.872640,0.000995943,86224,12,692.601886
1780995621.873573,0.000994620,102152,12,821.636404
1780995621.874617,0.001000494,94714,9,757.337875
1780995621.875596,0.001000673,88856,8,710.369921
1780995621.876600,0.001002425,90516,10,722.376238
1780995621.877608,0.001009574,93266,9,739.052313
1780995621.878598,0.000991580,81616,8,658.472337
1780995621.879673,0.000998809,94714,9,758.615511
1780995621.880604,0.001003687,93266,9,743.387132
1780995621.881566,0.000992747,84512,8,681.035551
1780995621.882609,0.001007185,93266,9,740.805314
1780995621.883581,0.000995121,87408,8,702.692436
1780995621.884757,0.001005963,102350,15,813.946437
1780995621.885591,0.000991931,92016,12,742.116135
1780995621.886598,0.001000185,90304,8,722.298375
1780995621.887671,0.001006723,90370,9,718.131999
1780995621.888606,0.000995976,93266,9,749.142550
1780995621.889590,0.001008200,93266,9,740.059512
1780995621.890617,0.000991627,84512,8,681.804751
1780995621.891668,0.001009098,93320,10,739.829035
1780995621.892662,0.001003801,94714,9,754.842842
1780995621.893564,0.000984379,83242,9,676.503664
1780995621.894578,0.000999769,96162,9,769.473748
1780995621.895580,0.001004794,83064,8,661.341529
1780995621.896616,0.001000674,93266,9,745.625448
1780995621.897591,0.001002467,93266,9,744.291832
1780995621.898638,0.001003479,93266,9,743.541220
1780995621.899570,0.000992321,84512,8,681.327917
1780995621.900599,0.001007391,93266,9,740.653828
1780995621.901627,0.001003587,85960,8,685.222108
1780995621.902706,0.000992147,90568,12,730.278880
1780995621.903603,0.000994660,103666,13,833.780387
1780995621.906553,0.001006509,67070,7,533.090116
1780995621.906612,0.000999610,24748,2,198.061244
1780995621.906786,0.000993334,88856,8,715.618312
1780995621.907667,0.001000284,103402,9,826.981137
1780995621.908684,0.000999447,100506,9,804.492885
1780995621.909752,0.001005234,115184,12,916.674128
1780995621.910640,0.000995151,125320,12,1007.445101
1780995621.911720,0.001007241,97610,9,775.266297
1780995621.913123,0.000997113,81616,8,654.818461
1780995621.914412,0.000995150,93200,8,749.233784
1780995621.914614,0.001011873,81550,7,644.744943
1780995621.915628,0.000988491,70164,10,567.847355
1780995621.916705,0.001008564,118278,15,938.189346
1780995621.917598,0.000994211,96096,8,773.244311
1780995621.918693,0.001004350,94714,9,754.430229
1780995621.920635,0.001995388,188046,19,753.922545
1780995621.921581,0.000997281,84512,8,677.939317
1780995621.922627,0.001014223,93266,9,735.664642
1780995621.923607,0.000996535,93266,9,748.722323
1780995621.924596,0.000992757,83064,8,669.360176
1780995621.925580,0.001002939,96162,9,767.041665
1780995621.926651,0.000998432,93266,9,747.299766
1780995621.927644,0.000994455,83064,8,668.217265
1780995621.928580,0.000999873,93266,9,746.222770
1780995621.929590,0.001000257,83064,8,664.341264
1780995621.930674,0.001007810,96162,9,763.334359
1780995621.931674,0.000999524,93266,9,746.483326
1780995621.933270,0.000993250,83118,9,669.462874
1780995621.933741,0.001003535,93266,9,743.499728
1780995621.934666,0.001009811,87586,9,693.880340
1780995621.935643,0.000987717,90370,9,731.950549
1780995621.936608,0.001005947,87408,8,695.130062
1780995621.937597,0.001004089,100572,10,801.299486
1780995621.938623,0.001001933,84512,8,674.791628
1780995621.939599,0.000986305,87408,8,708.973391
1780995621.940597,0.001002083,88922,9,709.897284
1780995621.941616,0.001000312,96162,9,769.056055
1780995621.942622,0.001004731,93266,9,742.614690
1780995621.943598,0.000999390,83064,8,664.917600
1780995621.944594,0.000992673,85960,8,692.755822
1780995621.945595,0.001003855,91818,9,731.723207
1780995621.946621,0.000998912,87408,8,700.025628
1780995621.947620,0.001009701,99058,9,784.850169
1780995621.948657,0.000991587,85960,8,693.514538
1780995621.949575,0.000996747,81616,8,655.058907
1780995621.950607,0.001013753,107746,9,850.274179
1780995621.951653,0.000996139,80168,8,643.829827
1780995621.952607,0.000990118,88988,10,719.009249
1780995621.953789,0.001004454,102218,13,814.117919
1780995621.954668,0.000997709,91884,10,736.759917
1780995621.955598,0.001003966,96162,9,766.257025
1780995621.956624,0.000993395,93266,9,751.088942
1780995621.957608,0.001000217,87408,8,699.112293
1780995621.958615,0.001005393,90370,9,719.081991
1780995621.959596,0.000994754,93266,9,750.062830
1780995621.960595,0.001004320,93266,9,742.918592
1780995621.961591,0.000995740,84512,8,678.988491
1780995621.962599,0.001006554,93266,9,741.269718
1780995621.963580,0.000996863,83064,8,666.603134
1780995621.964591,0.000997194,96162,9,771.460719
1780995621.965596,0.001004962,83064,8,661.230972
1780995621.966582,0.001003730,93266,9,743.355285
1780995621.967599,0.000995531,93266,9,749.477415
1780995621.968590,0.000995053,84512,8,679.457275
1780995621.969582,0.001008185,93266,9,740.070523
1780995621.970607,0.000996171,94714,9,760.624431
1780995621.971605,0.001000055,84512,8,676.058817
1780995621.972606,0.001008110,93266,9,740.125582
1780995621.973692,0.000988412,83064,8,672.302643
1780995621.974640,0.001006612,93266,9,741.227007
1780995621.975666,0.001000329,92016,12,735.885894
1780995621.976651,0.000993877,106562,13,857.747991
1780995621.977607,0.000998269,86026,9,689.401354
1780995621.978621,0.001013394,93266,9,736.266447
1780995621.979582,0.000987458,83064,8,672.952166
1780995621.980580,0.000998920,96162,9,770.127738
1780995621.981594,0.000999931,93266,9,746.179486
1780995621.982605,0.001010716,83064,8,657.466588
1780995621.983675,0.000991092,93200,8,752.301502
1780995621.984597,0.001001260,72994,9,583.217146
1780995621.985664,0.001001465,113802,13,909.084192
1780995621.986690,0.001001988,97676,10,779.857643
1780995621.987702,0.001004210,85960,8,684.797005
1780995621.988680,0.001002481,91818,9,732.726107
1780995621.989848,0.000991266,75758,7,611.404003
1780995621.990757,0.001006012,101954,9,810.757725
1780995621.991651,0.000995904,99058,9,795.723283
1780995621.992630,0.000994777,87474,9,703.466204
1780995621.993603,0.001000215,84512,8,675.950671
1780995621.994584,0.001001049,93266,9,745.346132
1780995621.995602,0.001000352,94714,9,757.445379
1780995621.996597,0.001002563,88856,8,709.030754
1780995621.997553,0.000995014,90370,9,726.582742
1780995621.998585,0.000999867,81616,8,653.014851
1780995621.999600,0.001001950,88922,9,709.991517
1780995622.000564,0.000998109,103798,15,831.957231
1780995622.001581,0.001001826,102086,11,815.199446
1780995622.002682,0.001001302,84512,8,675.216868
1780995622.003703,0.000998773,91752,8,734.917744
1780995622.004583,0.001000169,84512,8,675.981759
1780995622.005602,0.001012101,99058,9,782.989050
1780995622.006714,0.000986725,67070,7,543.778662
1780995622.007680,0.001001479,109260,10,872.789145
1780995622.008717,0.000997579,80300,10,643.959025
1780995622.009604,0.001000067,102284,14,818.217179
1780995622.010619,0.000999625,84578,9,676.877829
1780995622.011712,0.001000981,106364,10,850.078073
1780995622.012824,0.000999504,87408,8,699.611007
1780995622.013721,0.001010797,88922,9,703.777316
1780995622.014627,0.000997118,97940,14,785.784631
1780995622.015621,0.000992106,90436,10,729.244657
1780995622.016638,0.001004944,94714,9,753.984302
1780995622.017653,0.000996625,102284,14,821.043020
1780995622.018661,0.001002546,84644,10,675.432349
1780995622.019645,0.000996945,97610,9,783.272899
1780995622.020606,0.000999357,89186,13,713.947068
1780995622.021762,0.001009653,93266,9,738.994486
1780995622.022636,0.001003163,99124,10,790.491675
1780995622.023723,0.001000477,85960,8,687.352133
1780995622.024704,0.000987808,71414,7,578.363407
1780995622.025634,0.001000298,106364,10,850.658504
1780995622.026620,0.000997921,81616,8,654.288265
1780995622.027664,0.001010662,97610,9,772.642090
1780995622.028586,0.000998255,90370,9,724.223770
1780995622.029583,0.000990995,94780,10,765.129996
1780995622.030623,0.001007423,84512,8,671.114318
1780995622.031651,0.000995302,93266,9,749.649855
1780995622.032619,0.000998941,83064,8,665.216464
1780995622.033655,0.000998562,93266,9,747.202477
1780995622.034712,0.001003772,84512,8,673.555349
1780995622.035660,0.001005205,94978,13,755.889595
1780995622.036629,0.000995379,103666,13,833.178116
1780995622.037615,0.000997606,81814,11,656.082662
1780995622.038667,0.001002004,105246,15,840.284071
1780995622.039664,0.000997238,94780,10,760.340059
1780995622.040592,0.001006739,87474,9,695.107669
1780995622.041603,0.000991864,99058,9,798.964374
1780995622.042616,0.001011876,88922,9,703.026853
1780995622.043598,0.000995202,84512,8,679.355548
1780995622.044568,0.001000237,93266,9,745.951210
1780995622.045651,0.000993259,94714,9,762.854402
1780995622.046645,0.001010740,84512,8,668.911886
1780995622.047637,0.000993840,93266,9,750.752636
1780995622.048638,0.001000065,94714,9,757.662752
1780995622.049614,0.000994847,81616,8,656.309965
1780995622.050786,0.001012214,87408,8,690.826248
1780995622.051615,0.000988368,90370,9,731.468441
1780995622.052675,0.000999322,87606,11,701.323497
1780995622.053705,0.001008700,112486,15,892.126499
1780995622.054592,0.000991847,84578,9,682.185861
1780995622.055637,0.001009881,93332,10,739.350478
1780995622.056609,0.000994739,100770,13,810.423639
1780995622.058371,0.000996291,84644,10,679.672907
1780995622.058699,0.001013483,99124,10,782.442330
1780995622.059785,0.000988504,85960,8,695.677509
1780995622.060610,0.001003629,90370,9,720.345865
1780995622.061742,0.000993638,94714,9,762.563429
1780995622.062685,0.001004244,84512,8,673.238775
1780995622.063687,0.000996271,93266,9,748.920725
1780995622.064600,0.001010288,83064,8,657.745118
1780995622.065707,0.000998582,104916,10,840.519857
1780995622.066656,0.001001620,87408,8,698.133025
1780995622.067602,0.000996107,90370,9,725.785483
1780995622.068709,0.001002829,83064,8,662.637399
1780995622.069677,0.000990241,93266,9,753.481223
1780995622.070597,0.001004814,85960,8,684.385369
1780995622.071592,0.000996836,96162,9,771.737778
1780995622.072581,0.001008412,96492,14,765.496642
1780995622.073566,0.000996489,91950,11,738.191791
1780995622.074605,0.001002440,91818,9,732.756075
1780995622.075664,0.000991227,88922,9,717.672138
1780995622.076702,0.000999838,95044,14,760.475197
1780995622.077644,0.001008092,97808,12,776.183126
1780995622.078587,0.000999912,94780,10,758.306731
1780995622.079592,0.000991139,85960,8,693.828010
1780995622.080604,0.001011485,93266,9,737.656021
1780995622.081572,0.000988812,93266,9,754.570131
1780995622.082616,0.001007030,87408,8,694.382491
1780995622.083591,0.001007189,87606,11,695.845566
1780995622.084584,0.000986181,103732,14,841.484474
1780995622.085625,0.001013472,87540,10,691.010704
1780995622.086614,0.000992375,94714,9,763.533946
1780995622.087582,0.000993609,93266,9,750.927176
1780995622.088674,0.001000788,85960,8,687.138535
1780995622.089604,0.000999721,81616,8,653.110218
1780995622.090639,0.001011508,83394,13,659.561763
1780995622.091626,0.000998504,115250,13,923.381379
1780995622.092586,0.000989238,84512,8,683.451303
1780995622.093618,0.001005310,83064,8,661.002079
1780995622.094657,0.001011198,93266,9,737.865383
1780995622.095597,0.000983894,94714,9,770.115480
1780995622.096616,0.001008891,88856,8,704.583548
1780995622.097575,0.000994317,84710,11,681.553267
1780995622.098697,0.001004622,108076,14,860.630167
1780995622.099626,0.001002036,87540,10,698.897046
1780995622.100618,0.000993592,93266,9,750.940024
1780995622.101624,0.001004002,81616,8,650.325398
1780995622.102612,0.001001494,94714,9,756.581667
1780995622.103606,0.001002298,93266,9,744.417329
1780995622.104590,0.000988381,84512,8,684.043906
1780995622.105586,0.001012573,94714,9,748.303579
1780995622.106595,0.000990803,93266,9,753.053836
1780995622.107593,0.000996937,87408,8,701.412426
1780995622.108607,0.001007137,90370,9,717.836799
1780995622.109573,0.000992451,84644,10,682.302703
1780995622.110590,0.001004278,103666,13,825.795248
1780995622.111682,0.001000049,96228,10,769.786280
1780995622.112676,0.001003984,91818,9,731.629189
1780995622.113617,0.001000573,84512,8,675.708819
1780995622.114630,0.001002471,87408,8,697.540378
1780995622.115588,0.000989183,99124,10,801.663595
1780995622.116576,0.000999987,88856,8,710.857241
1780995622.117599,0.001000313,78720,8,629.562947
1780995622.118584,0.001001600,85960,8,686.581470
1780995622.119635,0.000998428,90370,9,724.098283
1780995622.120567,0.001006212,85960,8,683.434505
1780995622.121617,0.001004246,93266,9,742.973335
1780995622.122934,0.000989184,84446,7,682.954840
1780995622.123647,0.001000632,91818,9,734.080061
1780995622.124619,0.001001823,93266,9,744.770284
1780995622.125606,0.000999066,96162,9,770.015194
1780995622.126630,0.001009360,93266,9,739.209004
1780995622.127588,0.000996758,83064,8,666.673355
1780995622.128593,0.000992325,84512,8,681.325171
1780995622.129580,0.001008430,93266,9,739.890721
1780995622.130603,0.000991265,93266,9,752.702859
1780995622.131577,0.001003196,96162,9,766.845163
1780995622.132589,0.000996657,81616,8,655.118060
1780995622.133561,0.001004727,103732,14,825.951726
1780995622.134603,0.001002397,91884,10,733.314246
1780995622.135600,0.000998524,87474,9,700.826420
1780995622.136595,0.000999623,97610,9,781.174503
1780995622.137605,0.000997519,90634,13,726.875378
1780995622.138591,0.001008923,93398,11,740.575842
1780995622.139605,0.000994986,90370,9,726.603188
1780995622.140603,0.000998697,88922,9,712.304132
1780995622.141581,0.001001072,87408,8,698.515192
1780995622.142602,0.000993775,78720,8,633.704812
1780995622.143654,0.001008361,83064,8,659.002084
1780995622.144605,0.001002687,93266,9,744.128527
1780995622.145753,0.000994157,94714,9,762.165332
1780995622.146667,0.000995613,83064,8,667.440060
1780995622.147654,0.001005417,94714,9,753.629589
1780995622.148656,0.000996199,87408,8,701.932044
1780995622.149583,0.000997423,88922,9,713.213952
1780995622.150590,0.001000291,87408,8,699.060573
1780995622.151601,0.001000658,100572,10,804.046937
1780995622.152592,0.000998910,83064,8,665.237108
1780995622.153615,0.001000033,100836,14,806.661380
1780995622.154607,0.001005633,87540,10,696.397195
1780995622.155593,0.000994815,99058,9,796.594342
1780995622.156592,0.001001230,88922,9,710.502082
1780995622.157579,0.000998386,88856,8,711.997163
1780995622.158609,0.001014506,86290,13,680.449401
1780995622.159660,0.000990318,96426,13,778.949792
1780995622.160615,0.001008979,84512,8,670.079357
1780995622.161558,0.000986498,89054,11,722.182914
1780995622.162698,0.001000043,102218,13,817.708839
1780995622.163660,0.001007891,93332,10,740.810266
1780995622.164611,0.000992220,87408,8,704.746931
1780995622.165596,0.001000436,90370,9,722.644927
1780995622.166606,0.001006277,96162,9,764.497251
1780995622.167603,0.000999790,87474,9,699.938987
1780995622.168609,0.000995875,93662,15,752.399649
1780995622.169606,0.001003068,107944,12,860.910726
1780995622.170621,0.001003390,77206,7,615.561247
1780995622.171591,0.000991876,93266,9,752.239191
1780995622.172668,0.001010672,91818,9,726.787721
1780995622.173694,0.001002390,96162,9,767.461766
1780995622.174929,0.000995049,71414,7,574.154640
1780995622.175697,0.000997280,102020,10,818.386010
1780995622.176643,0.001003843,96228,10,766.876892
1780995622.177590,0.000993072,87408,8,704.142298
1780995622.178601,0.001002141,90370,9,721.415450
1780995622.179593,0.000994724,83064,8,668.036561
1780995622.180592,0.001002556,96162,9,767.334693
1780995622.181558,0.000997845,93266,9,747.739378
1780995622.182608,0.001008318,83064,8,659.030187
1780995622.183576,0.000991377,93266,9,752.617823
1780995622.184560,0.000999766,86158,11,689.425326
1780995622.185581,0.001003939,94912,12,756.316868
1780995622.186600,0.000996737,93266,9,748.570586
1780995622.187801,0.001012949,94714,9,748.025814
1780995622.188600,0.001001565,87408,8,698.171362
1780995622.189568,0.000984734,87408,8,710.104455
1780995622.190760,0.001005197,88856,8,707.172823
1780995622.191608,0.001006088,94714,9,753.126963
1780995622.192581,0.000995873,90370,9,725.956020
1780995622.193635,0.000995150,87408,8,702.671959
1780995622.194596,0.001010007,90370,9,715.797019
1780995622.195584,0.000996707,94714,9,760.215389
1780995622.196583,0.000999200,88856,8,711.417134
1780995622.197596,0.000995023,90370,9,726.576170
1780995622.198609,0.001005074,93266,9,742.361259
1780995622.199595,0.000995030,83064,8,667.831121
1780995622.200600,0.001003871,94714,9,754.790207
1780995622.201567,0.001003506,81616,8,650.646832
1780995622.202602,0.000989861,94714,9,765.473132
1780995622.203588,0.001004948,93266,9,742.454336
1780995622.204589,0.001000281,85960,8,687.486816
1780995622.205589,0.000993912,91818,9,739.043296
1780995622.206615,0.001000772,93266,9,745.552434
1780995622.207617,0.001013168,87672,12,692.260316
1780995622.208573,0.000986183,102152,12,828.665674
1780995622.209557,0.001003545,84710,11,675.286111
1780995622.210633,0.000997094,102284,14,820.656829
1780995622.211751,0.001000587,96228,10,769.372378
1780995622.212671,0.001000051,93266,9,746.089949
1780995622.213619,0.001010302,85960,8,680.667761
1780995622.214660,0.000988683,77404,10,626.320064
1780995622.215666,0.001000243,108076,14,864.397951
1780995622.216633,0.001010216,91818,9,727.115785
1780995622.217744,0.000989292,78720,8,636.576461
1780995622.218713,0.001010404,96162,9,761.374658
1780995622.219593,0.000990636,84644,10,683.552788
1780995622.220706,0.001008857,182452,12,1446.801678
1780995622.221623,0.000991429,99124,10,799.847493
1780995622.222648,0.001005833,94714,9,753.317897
1780995622.223620,0.001002570,84512,8,674.362887
1780995622.224612,0.001003759,93266,9,743.333808
1780995622.225747,0.000990494,88856,8,717.670173
1780995622.226715,0.001003679,97676,10,778.543738
1780995622.227672,0.000992539,87408,8,704.520427
1780995622.228648,0.001001771,90370,9,721.681901
1780995622.229701,0.001006738,86224,12,685.175289
1780995622.230671,0.001003134,99256,12,791.567228
1780995622.231613,0.000989226,83130,9,672.283179
1780995622.232634,0.001001463,176396,9,1409.106477
1780995622.233582,0.000998057,93266,9,747.580549
1780995622.234599,0.001001916,84512,8,674.803077
1780995622.235701,0.001006451,93266,9,741.345580
1780995622.236590,0.001002302,94714,9,755.971753
1780995622.237580,0.000989781,84512,8,683.076357
1780995622.238604,0.001010327,91818,9,727.035900
1780995622.239649,0.000998318,96162,9,770.592136
1780995622.240604,0.000997438,93266,9,748.044490
1780995622.241584,0.000996958,83064,8,666.539614
1780995622.242676,0.001010740,93266,9,738.199735
1780995622.243644,0.000996441,84512,8,678.510820
1780995622.244632,0.000995659,93266,9,749.381063
1780995622.245633,0.001000003,94714,9,757.709727
1780995622.246578,0.000993493,84512,8,680.524171
1780995622.247650,0.001002912,93266,9,743.961584
1780995622.248631,0.000996936,93266,9,748.421162
1780995622.249626,0.001000240,93266,9,745.948972
1780995622.250626,0.001011241,78720,8,622.759560
1780995622.251585,0.000996403,100836,14,809.600132
1780995622.252581,0.001000495,91884,10,734.708319
1780995622.253785,0.000998826,96162,9,770.200215
1780995622.254632,0.001002049,87606,11,699.414899
1780995622.255600,0.000998248,100770,13,807.574871
1780995622.256803,0.000994965,99190,11,797.535592
1780995622.257599,0.001003770,82012,14,653.631808
1780995622.258610,0.001000140,103600,12,828.683984
1780995622.259599,0.000994270,88922,9,715.475676
1780995622.260581,0.000999154,87540,10,700.912972
1780995622.261554,0.000999790,106628,14,853.203173
1780995622.262582,0.001014950,96294,11,759.004877
1780995622.263595,0.000990298,84512,8,682.719747
1780995622.264591,0.000994893,87408,8,702.853473
1780995622.265576,0.001004837,90502,11,720.530793
1780995622.266667,0.001005097,106628,14,848.698185
1780995622.267615,0.000990322,93332,10,753.952755
1780995622.268593,0.001000030,83064,8,664.492065
1780995622.269560,0.001001887,93266,9,744.722708
1780995622.270602,0.000997878,94714,9,759.323284
1780995622.271627,0.001014774,84512,8,666.252781
1780995622.272665,0.000991921,179226,9,1445.486082
1780995622.273680,0.001007243,84842,13,673.855266
1780995622.274869,0.000986468,75890,9,615.448246
1780995622.275667,0.001012102,104916,10,829.291909
1780995622.276641,0.000988394,87540,10,708.543354
1780995622.277617,0.001002940,110972,14,885.173590
1780995622.278656,0.001010925,91950,11,727.650419
1780995622.279648,0.000998695,94714,9,758.702106
1780995622.280647,0.000999171,84512,8,676.656949
1780995622.281620,0.000999029,93266,9,746.853194
1780995622.282608,0.000995390,83064,8,667.589588
1780995622.283592,0.000994635,93266,9,750.152569
1780995622.284587,0.000998293,84512,8,677.252069
1780995622.285580,0.001003182,93266,9,743.761351
1780995622.286586,0.000996847,94714,9,760.108622
1780995622.287606,0.001008749,93266,9,739.656743
1780995622.288665,0.001005125,84512,8,672.648676
1780995622.289634,0.000992387,87408,8,704.628336
1780995622.290608,0.000994048,90370,9,727.288823
1780995622.291673,0.001007561,93266,9,740.528861
1780995622.292668,0.000992150,83130,9,670.301870
1780995622.293637,0.001011035,106694,15,844.235857
1780995622.294604,0.000993146,93398,11,752.340542
1780995622.295580,0.000996422,85960,8,690.149354
1780995622.296610,0.001004455,94714,9,754.351365
1780995622.297634,0.000996544,91818,9,737.091388
1780995622.298687,0.000998902,83064,8,665.242436
1780995622.299686,0.001009215,93266,9,739.315210
1780995622.300613,0.000991409,94714,9,764.277912
1780995622.301630,0.000998845,83064,8,665.280399
1780995622.302587,0.001000259,94978,13,759.627257
1780995622.303595,0.001012645,105114,13,830.411447
1780995622.304591,0.000986620,94780,10,768.522836
1780995622.305579,0.001007619,87408,8,693.976592
1780995622.306605,0.000996971,91818,9,736.775694
1780995622.307657,0.000998756,83064,8,665.339683
1780995622.308624,0.001006616,93266,9,741.224062
1780995622.309620,0.000990959,83064,8,670.574666
1780995622.310598,0.001006691,93266,9,741.168839
1780995622.311571,0.000994547,97610,9,785.161486
1780995622.312579,0.000998294,77338,9,619.761313
1780995622.313605,0.000999790,109590,15,876.904150
1780995622.314614,0.001007543,96294,11,764.584737
1780995622.315589,0.001004510,90370,9,719.714089
1780995622.316606,0.000998695,85960,8,688.578595
1780995622.317574,0.001004659,93266,9,742.667910
1780995622.318600,0.000988664,93266,9,754.683087
1780995622.319591,0.000996299,83064,8,666.980495
1780995622.320646,0.000999850,84512,8,676.197430
1780995622.321649,0.001011844,99058,9,783.187922
1780995622.322609,0.001000632,78918,11,630.945243
1780995622.323585,0.000987327,109392,12,886.368954
1780995622.324660,0.001012589,99124,10,783.133137
1780995622.325628,0.000990966,88856,8,717.328344
1780995622.326608,0.000999787,69966,7,559.847247
1780995622.327575,0.000996812,106364,10,853.633383
1780995622.328587,0.001013993,90370,9,712.983226
1780995622.329591,0.000987533,84512,8,684.631298
1780995622.330599,0.001007353,93266,9,740.681767
1780995622.331602,0.001001421,96162,9,768.204382
1780995622.332599,0.000989873,81616,8,659.607849
1780995622.333584,0.001000753,93266,9,745.566588
1780995622.334603,0.001009318,96162,9,762.193877
1780995622.335586,0.000997115,81616,8,654.817147
1780995622.336581,0.001001298,94714,9,756.729765
1780995622.337566,0.000997489,84512,8,677.797951
1780995622.338601,0.000993925,94714,9,762.343235
1780995622.339687,0.001000909,93266,9,745.450386
1780995622.340594,0.001005341,81616,8,649.459238
1780995622.341653,0.000994185,94714,9,762.143867
1780995622.342611,0.001008118,93266,9,740.119708
1780995622.343592,0.001001347,84512,8,675.186524
1780995622.344633,0.000992966,93266,9,751.413442
1780995622.345581,0.000997840,94714,9,759.352201
1780995622.346598,0.000999165,88856,8,711.442054
1780995622.347591,0.001000081,90370,9,722.901445
1780995622.348590,0.001001727,84446,7,674.403305
1780995622.349583,0.001002995,90370,9,720.801200
1780995622.350662,0.000995323,96162,9,772.910904
1780995622.351636,0.001004548,81616,8,649.971928
1780995622.352625,0.000999369,94714,9,758.190418
1780995622.353620,0.000996472,93266,9,748.769659
1780995622.354625,0.001007726,84512,8,670.912530
1780995622.355583,0.001000132,93266,9,746.029524
1780995622.356608,0.001002137,93266,9,744.536925
1780995622.357789,0.000990832,85960,8,694.042986
1780995622.358751,0.001010831,93266,9,738.133278
1780995622.359658,0.001001968,93266,9,744.662504
1780995622.360647,0.000989984,83064,8,671.235091
1780995622.361620,0.000996534,97610,9,783.595944
1780995622.362629,0.001012303,90370,9,714.173523
1780995622.363625,0.000992134,84512,8,681.456336
1780995622.364575,0.000994897,87408,8,702.850647
1780995622.365638,0.001000966,78720,8,629.152239
1780995622.366618,0.001009422,93266,9,739.163601
1780995622.367599,0.000999836,93266,9,746.250385
1780995622.368575,0.000990460,87408,8,705.999233
1780995622.369570,0.001000206,90370,9,722.811101
1780995622.370615,0.000999104,94714,9,758.391519
1780995622.371600,0.001004236,87408,8,696.314412
1780995622.372607,0.001003820,97940,14,780.538344
1780995622.373597,0.000995647,97676,10,784.824340
1780995622.374599,0.000999315,84512,8,676.559443
1780995622.375648,0.000998471,96162,9,770.474055
1780995622.376731,0.001003162,75904,8,605.317985
1780995622.377667,0.000996392,99124,10,795.863475
1780995622.378695,0.000999371,93266,9,746.597610
1780995622.379717,0.001001028,84512,8,675.401687
1780995622.380611,0.001006521,90568,12,719.849859
1780995622.381577,0.000992151,97874,13,789.186323
1780995622.382675,0.001007909,99058,9,786.245584
1780995622.383719,0.000997345,77470,11,621.409843
1780995622.384595,0.000998761,103666,13,830.356812
1780995622.385662,0.001008222,84578,9,671.106165
1780995622.386593,0.000987911,97610,9,790.435576
1780995622.387618,0.001001454,83064,8,663.547202
1780995622.388603,0.000998233,89054,11,713.693096
1780995622.389603,0.001000939,100704,12,804.876221
1780995622.390617,0.001012968,91818,9,725.140380
1780995622.391620,0.000987126,93266,9,755.858928
1780995622.392583,0.000999390,93266,9,746.583416
1780995622.393593,0.001003680,84512,8,673.617089
1780995622.394627,0.001007618,72862,7,578.489070
1780995622.395632,0.000989303,20404,2,164.996973
1780995622.397164,0.001000713,101888,8,814.523245
1780995622.397695,0.001003659,118192,12,942.088897
1780995622.398612,0.000995273,118014,11,948.596013
1780995622.399696,0.001002036,110774,11,884.391379
1780995622.400624,0.001004064,85960,8,684.896580
1780995622.401587,0.000999340,91818,9,735.029119
1780995622.402605,0.000994581,90502,11,727.960820
1780995622.403614,0.001004722,99322,13,790.841646
1780995622.404587,0.000996104,96228,10,772.834965
1780995622.405893,0.001011164,81616,8,645.719191
1780995622.406824,0.001001229,93266,9,745.212134
1780995622.407696,0.000986326,99058,9,803.450381
1780995622.408717,0.001000424,80300,10,642.127738
1780995622.409683,0.001011940,109524,14,865.853707
1780995622.410696,0.000995704,88922,9,714.445257
1780995622.411693,0.001002559,84512,8,674.370286
1780995622.412692,0.000995505,94780,10,761.663678
1780995622.413590,0.001005513,93530,13,744.137570
1780995622.414698,0.000999080,94780,10,758.938223
1780995622.415637,0.000990008,91950,11,743.024299
1780995622.416630,0.000999293,97940,14,784.074341
1780995622.417623,0.001005708,93332,10,742.418276
1780995622.418676,0.001008919,97940,14,776.593562
1780995622.419647,0.000997553,102086,11,818.691338
1780995622.420640,0.000992507,86092,10,693.935660
1780995622.421636,0.000995276,87408,8,702.583002
1780995622.422580,0.001008094,102020,10,809.607041
1780995622.423593,0.000998438,81616,8,653.949469
1780995622.424633,0.001005844,93266,9,741.792962
1780995622.425645,0.000996248,84512,8,678.642266
1780995622.426859,0.000992121,93266,9,752.053429
1780995622.427838,0.001002778,94714,9,755.612907
1780995622.428603,0.000996815,84512,8,678.256246
1780995622.429684,0.001002976,93266,9,743.914112
1780995622.430716,0.001012085,93266,9,737.218712
1780995622.431635,0.000989545,84512,8,683.239267
1780995622.432633,0.001000452,94714,9,757.369669
1780995622.433621,0.001008104,93266,9,740.129987
1780995622.434669,0.000987144,83064,8,673.166225
1780995622.435614,0.001006452,93266,9,741.344843
1780995622.436622,0.001001825,84512,8,674.864373
1780995622.437629,0.000991898,93266,9,752.222507
1780995622.438609,0.000999907,94714,9,757.782474
1780995622.439596,0.001000981,83064,8,663.860753
1780995622.440591,0.000998774,84578,9,677.454559
1780995622.441596,0.000999188,106694,15,854.245647
1780995622.442673,0.001001165,91884,10,734.216638
1780995622.443634,0.001008447,94714,9,751.365218
1780995622.444647,0.001003601,93266,9,743.450834
1780995622.445709,0.000999606,84512,8,676.362487
1780995622.446632,0.000996733,94714,9,760.195559
1780995622.447608,0.000990757,94714,9,764.780870
1780995622.448576,0.001009362,84512,8,669.825097
1780995622.449582,0.000996102,90370,9,725.789126
1780995622.450602,0.000998389,84512,8,677.186948
1780995622.451599,0.000996383,93266,9,748.836542
1780995622.452593,0.000999570,94714,9,758.037956
1780995622.453574,0.001000615,84512,8,675.680457
1780995622.454602,0.001004688,93320,10,743.076458
1780995622.455609,0.001003487,89054,11,709.956382
1780995622.456595,0.000997200,99322,13,796.807060
1780995622.457595,0.000999676,94780,10,758.485749
1780995622.458610,0.000999267,93266,9,746.675313
1780995622.459580,0.000997441,84512,8,677.830568
1780995622.460612,0.001012726,93266,9,736.752093
1780995622.461579,0.000989612,94714,9,765.665736
1780995622.462600,0.000997666,84512,8,677.677700
1780995622.463586,0.001003773,96162,9,766.404356
1780995622.464577,0.000994558,95044,14,764.512477
1780995622.465556,0.000999345,90502,11,724.490541
1780995622.466601,0.001013967,87408,8,689.631911
1780995622.467729,0.000988097,90370,9,731.669057
1780995622.468698,0.001004012,94714,9,754.684207
1780995622.469590,0.001004153,77206,7,615.093517
1780995622.470649,0.001004156,99124,10,789.709965
1780995622.471610,0.000992946,88922,9,716.429695
1780995622.472585,0.001000007,106628,14,853.018029
1780995622.473608,0.000993217,86026,9,692.907995
1780995622.474700,0.001003095,96162,9,766.922375
1780995622.475678,0.001004248,87408,8,696.306092
1780995622.476747,0.000991880,90370,9,728.878493
1780995622.477604,0.001004190,96228,10,766.611896
1780995622.478672,0.000997735,83064,8,666.020537
1780995622.479641,0.001000468,94714,9,757.357557
1780995622.480589,0.001002521,81616,8,651.286108
1780995622.481611,0.001008975,93266,9,739.491068
1780995622.482675,0.000994622,94714,9,761.809009
1780995622.483667,0.001007698,93266,9,740.428184
1780995622.484598,0.000984581,87408,8,710.214802
1780995622.485580,0.001000613,90370,9,722.517097
1780995622.486600,0.001001901,83064,8,663.251160
1780995622.487613,0.000997530,96162,9,771.200866
1780995622.488635,0.001005912,93266,9,741.742816
1780995622.489679,0.001001414,84512,8,675.141350
1780995622.490591,0.001001775,91818,9,733.242495
1780995622.491710,0.000991491,87408,8,705.265101
1780995622.492597,0.001001588,100572,10,803.300359
1780995622.493578,0.000997505,84512,8,677.787079
1780995622.494653,0.001008173,84512,8,670.615063
1780995622.495628,0.000997767,93266,9,747.797833
1780995622.496628,0.000994220,93266,9,750.465692
1780995622.497595,0.001005488,94714,9,753.576373
1780995622.498652,0.001008690,87408,8,693.239747
1780995622.499683,0.000993559,90370,9,727.646773
1780995622.500681,0.000995851,84512,8,678.912809
1780995622.501671,0.001009096,91818,9,727.922814
1780995622.502631,0.000992128,85960,8,693.136370
1780995622.503647,0.000994954,93266,9,749.912056
1780995622.504600,0.001000054,93266,9,746.087711
1780995622.505672,0.001001644,87408,8,698.116297
1780995622.506688,0.001000781,99124,10,792.373157
1780995622.507661,0.000997975,85960,8,689.075378
1780995622.508672,0.001000385,93266,9,745.840851
1780995622.509650,0.000998953,83064,8,665.208473
1780995622.510662,0.000999984,93266,9,746.139938
1780995622.511663,0.001000911,84512,8,675.480637
1780995622.512726,0.001007851,93266,9,740.315781
1780995622.513640,0.000995677,93266,9,749.367516
1780995622.514676,0.001009657,85960,8,681.102592
1780995622.515645,0.000995235,93266,9,749.700322
1780995622.516626,0.001001476,85960,8,686.666480
1780995622.517616,0.000989688,90370,9,730.492842
1780995622.518682,0.000999879,94714,9,757.803694
1780995622.519628,0.001001941,93266,9,744.682571
1780995622.520659,0.001000057,83064,8,664.474125
1780995622.521627,0.001007660,96162,9,763.447988
1780995622.522618,0.000992035,81616,8,658.170327
1780995622.523634,0.000997750,90304,8,724.061138
1780995622.524636,0.001011906,99388,14,785.748874
1780995622.525625,0.001001153,100638,11,804.176784
1780995622.526663,0.000987332,87474,9,708.770707
1780995622.527628,0.001012580,94714,9,748.298406
1780995622.528616,0.000987521,83064,8,672.909234
1780995622.529643,0.001013834,93266,9,735.946910
1780995622.530610,0.000986524,85960,8,697.073766
1780995622.531685,0.001000625,93266,9,745.661961
1780995622.532593,0.001003940,93266,9,743.199793
1780995622.533693,0.000995487,95044,14,763.799025
1780995622.534612,0.001003146,90502,11,721.745389
1780995622.535603,0.001002902,97676,10,779.146916
1780995622.536606,0.001005240,94714,9,753.762286
1780995622.537594,0.000990027,88856,8,718.008701
1780995622.538603,0.001005531,91818,9,730.503585
1780995622.539602,0.001004706,80168,8,638.339972
1780995622.540600,0.000997886,93266,9,747.708656
1780995622.541589,0.001000963,97610,9,780.128736
1780995622.542608,0.001002677,87738,13,700.030020
1780995622.543583,0.000993035,97742,11,787.420383
1780995622.544585,0.001005767,94714,9,753.367331
1780995622.545597,0.000987600,85960,8,696.314297
1780995622.546599,0.001006837,93266,9,741.061363
1780995622.547606,0.000994903,81616,8,656.273024
1780995622.548595,0.000998261,99058,9,793.844496
1780995622.549577,0.001001483,90370,9,721.889438
1780995622.550613,0.001006846,77206,7,613.448333
1780995622.551588,0.000999984,100770,13,806.172899
1780995622.552576,0.000992372,100770,13,812.356657
1780995622.553675,0.001006621,88856,8,706.172432
1780995622.554666,0.000993749,88922,9,715.850783
1780995622.555591,0.000999148,85960,8,688.266403
1780995622.556591,0.001000166,93266,9,746.004163
1780995622.557632,0.001000054,99058,9,792.421209
1780995622.558587,0.001003842,78720,8,627.349722
1780995622.559617,0.000995981,94714,9,760.769533
1780995622.560620,0.001011967,103798,15,820.564307
1780995622.561590,0.000998434,93398,11,748.355925
1780995622.562680,0.000991498,87474,9,705.792649
1780995622.563592,0.000999708,93266,9,746.345933
1780995622.564607,0.001011545,87474,9,691.805110
1780995622.565619,0.000998671,65820,10,527.260730
1780995622.566590,0.000988617,118146,13,956.050725
1780995622.567595,0.000999432,93266,9,746.552042
1780995622.568594,0.000999900,94714,9,757.787779
1780995622.569587,0.001010036,85960,8,680.847019
1780995622.570628,0.000990824,93266,9,753.037876
1780995622.571601,0.001001062,83064,8,663.807037
1780995622.572585,0.000997537,104916,10,841.400369
1780995622.573606,0.001007688,84512,8,670.937830
1780995622.574605,0.001001219,80168,8,640.563154
1780995622.575617,0.001000252,94714,9,757.521105
1780995622.576596,0.001002827,93266,9,744.024642
1780995622.577606,0.000993119,85960,8,692.444712
1780995622.578596,0.000995272,96162,9,772.950510
1780995622.579658,0.001006437,91818,9,729.845981
1780995622.580590,0.000996342,84710,11,680.168055
1780995622.581617,0.000999582,91950,11,735.907609
1780995622.582701,0.001001007,104916,10,838.483647
1780995622.583635,0.000997130,93266,9,748.275551
1780995622.584607,0.001011009,84512,8,668.733908
1780995622.585571,0.000999819,93266,9,746.263074
1780995622.586610,0.000989233,83064,8,671.744675
1780995622.587591,0.000999906,96162,9,769.368321
1780995622.588594,0.001007984,93266,9,740.218099
1780995622.589691,0.000996718,83064,8,666.700110
1780995622.590626,0.001005483,93266,9,742.059289
1780995622.591600,0.000994706,96162,9,773.390328
1780995622.592611,0.001010147,81616,8,646.369291
1780995622.593571,0.000984347,83064,8,675.079012
1780995622.594600,0.001002823,84512,8,674.192754
1780995622.595590,0.000997487,93266,9,748.007743
1780995622.596588,0.000999780,93266,9,746.292184
1780995622.597585,0.001011988,94714,9,748.736151
1780995622.598586,0.000988676,87408,8,707.273161
1780995622.599576,0.000999562,88922,9,711.687719
1780995622.600610,0.001012662,89120,12,704.045377
1780995622.601620,0.000997889,100704,12,807.336287
1780995622.602605,0.000994865,94714,9,761.622934
1780995622.603618,0.001008987,84512,8,670.074045
1780995622.604598,0.000985804,91818,9,745.121748
1780995622.605693,0.001013616,96162,9,758.961974
1780995622.606614,0.000997145,83130,9,666.944125
1780995622.607673,0.000993080,93266,9,751.327184
1780995622.608658,0.001002447,93266,9,744.306682
1780995622.609596,0.000997578,84710,11,679.325326
1780995622.610617,0.001007496,96360,12,765.144477
1780995622.611592,0.001001675,94780,10,756.972072
1780995622.612662,0.000988521,93266,9,754.792260
1780995622.613646,0.001012951,93266,9,736.588443
1780995622.614618,0.000990285,84512,8,682.728709
1780995622.615601,0.001000985,93266,9,745.393787
1780995622.616583,0.000997817,93266,9,747.760361
1780995622.617655,0.000997992,83064,8,665.849025
1780995622.618732,0.001010471,94714,9,749.860214
1780995622.619699,0.000995506,93266,9,749.496236
1780995622.620619,0.000997186,74244,6,595.628097
1780995622.621669,0.000998788,96162,9,770.229518
1780995622.622664,0.001006262,81616,8,648.864809
1780995622.623630,0.001003052,91686,7,731.256206
1780995622.624645,0.000988704,91752,8,742.402175
1780995622.625634,0.001005471,93200,8,741.543018
1780995622.626736,0.000996807,61410,9,492.853682
1780995622.627630,0.001002730,100704,12,803.438613
1780995622.628587,0.001004612,123806,11,985.901024
1780995622.629758,0.000991771,74508,10,601.009709
1780995622.630586,0.000999576,94780,10,758.561630
1780995622.631618,0.001004504,103402,9,823.506925
1780995622.632584,0.000994545,87408,8,703.099407
1780995622.633572,0.000998268,80366,11,644.043483
1780995622.634594,0.001005414,94846,11,754.682151
1780995622.635640,0.000998099,115052,10,922.169043
1780995622.636631,0.000997184,90238,7,723.942622
1780995622.637613,0.001007243,85894,7,682.210748
1780995622.638714,0.001008952,85960,8,681.578509
1780995622.639623,0.000983707,81748,10,664.815845
1780995622.640702,0.001002060,97808,12,780.855438
1780995622.641674,0.000997044,109260,10,876.671441
1780995622.642761,0.001005676,82998,7,660.236498
1780995622.643705,0.001002753,86158,11,687.371666
1780995622.644660,0.000992592,106430,11,857.794542
1780995622.645662,0.001000712,96096,8,768.221027
1780995622.646670,0.001004437,81814,11,651.620759
1780995622.647648,0.000999839,91884,10,735.190366
1780995622.648612,0.000996773,102020,10,818.802275
1780995622.649736,0.001001167,78852,10,630.080696
1780995622.650597,0.001002222,102218,13,815.931001
1780995622.651654,0.000997766,104916,10,841.207257
1780995622.652605,0.001008598,97610,9,774.223229
1780995622.653581,0.001001116,84512,8,675.342318
1780995622.654747,0.000994649,80300,10,645.855975
1780995622.655680,0.000994675,92016,12,740.068867
1780995622.656617,0.001002775,106430,11,849.083792
1780995622.657620,0.001002425,88856,8,709.128364
1780995622.658641,0.000991853,88922,9,717.219185
1780995622.659593,0.000999908,87342,7,698.800290
1780995622.660613,0.001003136,86224,12,687.635575
1780995622.661699,0.000999855,115304,14,922.565772
1780995622.662590,0.001002744,84446,7,673.719314
1780995622.663616,0.000999113,90680,12,726.084037
1780995622.664634,0.001004456,87606,11,697.738876
1780995622.665604,0.000990899,119594,13,965.539374
1780995622.666669,0.001005545,87342,7,694.882874
1780995622.667611,0.001001234,81946,13,654.760026
1780995622.668689,0.001000133,109392,12,875.019622
1780995622.669678,0.001000422,94648,8,756.864603
1780995622.670613,0.001003719,74310,7,592.277321
1780995622.671715,0.000995443,80366,11,645.871235
1780995622.672652,0.000994015,119594,13,962.512638
1780995622.673637,0.001000038,91752,8,733.988108
1780995622.674682,0.001013830,88922,9,701.671878
1780995622.675647,0.000985797,87606,11,710.945560
1780995622.676635,0.001005536,106364,10,846.227286
1780995622.677609,0.001004972,87342,7,695.279072
1780995622.678645,0.001000627,90238,7,721.451650
1780995622.679737,0.000994051,93266,9,750.593279
1780995622.680678,0.000999147,87408,8,699.860981
1780995622.681688,0.000997433,84512,8,677.836005
1780995622.682636,0.000998982,70164,10,561.883998
1780995622.683793,0.001008079,104982,11,833.125182
1780995622.684707,0.000994930,110642,9,889.646508
1780995622.685628,0.000996178,97610,9,783.875974
1780995622.686848,0.001004814,88922,9,707.967843
1780995622.687738,0.001002735,81946,13,653.779912
1780995622.688657,0.001003886,99124,10,789.922362
1780995622.689625,0.000988669,101954,9,824.979847
1780995622.690699,0.001010190,71612,10,567.117077
1780995622.691612,0.000995095,87540,10,703.772002
1780995622.692686,0.000998901,116566,11,933.553976
1780995622.693702,0.001001616,97610,9,779.620134
1780995622.694740,0.001001847,71678,11,572.366838
1780995622.695699,0.001004938,91884,10,731.460050
1780995622.696655,0.000987637,116500,10,943.666550
1780995622.697640,0.001012037,85894,7,678.979128
1780995622.698636,0.000988133,90370,9,731.642400
1780995622.699630,0.001006081,83130,9,661.020335
1780995622.700639,0.001006171,89120,12,708.587308
1780995622.701614,0.000991311,110840,12,894.492243
1780995622.702591,0.000998545,80366,11,643.864823
1780995622.703727,0.001002877,96294,11,768.142055
1780995622.704593,0.000996074,97676,10,784.487899
1780995622.706453,0.001001044,112090,9,895.784801
1780995622.706651,0.000998834,84710,11,678.471097
1780995622.707650,0.001012511,90370,9,714.026811
1780995622.708673,0.000991561,87474,9,705.747806
1780995622.709713,0.000996011,102284,14,821.549160
1780995622.710650,0.001000534,99190,11,793.096486
1780995622.711673,0.001013281,81682,9,644.891200
1780995622.712607,0.000986409,108010,13,875.985519
1780995622.713599,0.001010315,83064,8,657.727540
1780995622.714761,0.000996430,94714,9,760.426723
1780995622.715678,0.000991630,87738,13,707.828525
1780995622.716570,0.001000235,100638,11,804.914845
1780995622.717559,0.000999772,94648,8,757.356677
1780995622.718642,0.001006919,87408,8,694.459038
1780995622.719597,0.000993822,88856,8,715.266919
1780995622.720623,0.001007580,94648,8,751.487723
1780995622.721603,0.000992639,87540,10,705.513283
1780995622.722727,0.001011761,103600,12,819.165791
1780995622.723659,0.000991821,88856,8,716.709971
1780995622.724610,0.001006499,87474,9,695.273418
1780995622.725591,0.001001350,96096,8,767.731562
1780995622.726598,0.000987896,91752,8,743.009386
1780995622.727670,0.001000803,84512,8,675.553531
1780995622.728662,0.001011675,91752,8,725.545259
1780995622.729618,0.000992937,88922,9,716.436189
1780995622.730596,0.001006377,93200,8,740.875437
1780995622.731587,0.000989779,91752,8,741.595851
1780995622.732579,0.000997972,75956,10,608.882814
1780995622.733606,0.001000577,109392,12,874.631338
1780995622.734594,0.001007112,90370,9,717.854618
1780995622.735615,0.000993185,87606,11,705.657053
1780995622.736583,0.000999530,99190,11,793.893130
1780995622.737611,0.001006733,99058,9,787.164025
1780995622.738611,0.001002235,82998,7,662.503305
1780995622.739555,0.000990975,90436,10,730.076944
1780995622.740588,0.001010585,94912,12,751.343034
1780995622.741679,0.000995298,112288,12,902.547780
1780995622.742612,0.000998320,84446,7,676.704864
1780995622.743603,0.000997435,83394,13,668.867646
1780995622.744571,0.000999211,97676,10,782.025018
1780995622.745636,0.001004594,103468,10,823.958734
1780995622.746574,0.000994505,81748,10,657.597498
1780995622.747660,0.001006284,96360,12,766.066041
1780995622.748595,0.000994103,102020,10,821.001446
1780995622.749675,0.001010763,77338,9,612.115798
1780995622.750616,0.000988984,99322,13,803.426547
1780995622.751635,0.000999727,106364,10,851.144362
1780995622.752606,0.001009347,100506,9,796.602160
1780995622.753577,0.000990311,73126,11,590.731598
1780995622.754583,0.000999943,109392,12,875.185886
1780995622.755684,0.001012959,88856,8,701.753970
1780995622.756604,0.000987407,91818,9,743.912085
1780995622.757607,0.001003334,90304,8,720.031415
1780995622.758607,0.001007924,80366,11,637.873490
1780995622.759618,0.000988811,96426,13,780.136952
1780995622.760659,0.001006678,109392,12,869.330610
1780995622.761600,0.000994795,85894,7,690.747340
1780995622.762574,0.000998955,80234,9,642.543458
1780995622.763635,0.001003486,89120,12,710.483255
1780995622.764623,0.000995678,113736,12,913.837606
1780995622.765634,0.001006198,80102,7,636.868688
1780995622.766590,0.000993800,87738,13,706.282954
1780995622.767673,0.001005327,100704,12,801.363139
1780995622.768634,0.001000264,107812,10,862.268361
1780995622.769633,0.000995869,87408,8,702.164642
1780995622.770625,0.001010785,78918,11,624.607607
1780995622.771714,0.000992526,103666,13,835.573073
1780995622.772619,0.001002074,106430,11,849.677768
1780995622.773574,0.000993148,74310,8,598.581480
1780995622.774597,0.001000433,73126,11,584.754801
1780995622.775593,0.001006188,102086,11,811.665414
1780995622.776584,0.000994433,102020,10,820.728998
1780995622.777620,0.001011163,81880,12,647.808514
1780995622.778601,0.000988294,97676,10,790.663507
1780995622.779587,0.001007945,103468,10,821.219412
1780995622.780649,0.000992240,87408,8,704.732726
1780995622.781637,0.001013399,80102,7,632.343233
1780995622.782639,0.000986566,97610,9,791.513188
1780995622.783595,0.001008996,80168,8,635.625909
1780995622.784564,0.000993701,77338,9,622.625921
1780995622.785604,0.000997008,83262,11,668.094940
1780995622.786814,0.001015944,100638,11,792.468876
1780995622.787674,0.000984529,104850,9,851.980998
1780995622.788628,0.001000043,84512,8,676.066929
1780995622.789719,0.001000815,80366,11,642.404440
1780995622.790671,0.001012546,107878,11,852.330660
1780995622.791619,0.000992981,101954,9,821.397388
1780995622.792637,0.000993905,84446,7,679.710838
1780995622.793597,0.000999837,81880,12,655.146789
1780995622.794606,0.001006068,118146,13,939.467312
1780995622.795600,0.000993586,90304,8,727.095591
1780995622.796589,0.000999911,75956,10,607.702085
1780995622.797580,0.001000083,94912,12,759.232984
1780995622.798642,0.001006499,94714,9,752.819427
1780995622.799592,0.001004745,93200,8,742.078836
1780995622.800618,0.001000054,100506,9,804.004584
1780995622.801594,0.000996896,87408,8,701.441274
1780995622.802586,0.000999902,94714,9,757.786263
1780995622.803597,0.000992203,80102,7,645.851706
1780995622.804605,0.001000165,87540,10,700.204466
1780995622.805588,0.001009383,89120,12,706.332482
1780995622.806613,0.000991212,109392,12,882.894880
1780995622.807600,0.000998750,90304,8,723.336170
1780995622.808652,0.001009779,90304,8,715.435754
1780995622.809585,0.000993091,87606,11,705.723846
1780995622.810624,0.000999431,97676,10,781.852874
1780995622.811673,0.000997531,97544,8,782.283458
1780995622.812636,0.001011139,80366,11,635.845319
1780995622.813672,0.000990888,106496,12,859.802521
1780995622.814729,0.001003518,104916,10,836.385595
1780995622.815695,0.000995241,71348,6,573.513350
1780995622.816614,0.001006050,101888,8,810.202276
1780995622.817679,0.000996804,74244,6,595.856357
1780995622.818601,0.000996444,97610,9,783.666719
1780995622.819652,0.000999813,102284,14,818.425045
1780995622.820624,0.001011392,97676,10,772.606467
1780995622.821627,0.000988790,99058,9,801.448235
1780995622.822676,0.001007387,81814,11,649.712573
1780995622.823630,0.000996725,90436,10,725.865209
1780995622.824630,0.000995942,116632,12,936.857769
1780995622.825617,0.001004983,83064,8,661.217155
1780995622.826679,0.001004753,77470,11,616.828215
1780995622.827667,0.001002369,89120,12,711.274990
1780995622.828635,0.000987418,110708,10,896.949418
1780995622.829638,0.001008054,100572,10,798.147718
1780995622.830685,0.000992897,81880,12,659.726034
1780995622.831675,0.001005529,105048,12,835.763066
1780995622.832731,0.001004771,97610,9,777.172112
1780995622.833592,0.000989144,62858,9,508.383006
1780995622.834667,0.001004861,99256,12,790.206805
1780995622.835620,0.000998539,101954,9,816.825382
1780995622.836637,0.000998543,101954,9,816.822110
1780995622.838902,0.002010207,163562,21,650.925999
1780995622.839655,0.000998542,107878,11,864.284126
1780995622.840672,0.000991158,100572,10,811.753525
1780995622.841639,0.001002606,88790,7,708.473717
1780995622.843025,0.001003734,71546,9,570.238729
1780995622.843689,0.001003026,102152,12,814.750565
1780995622.844683,0.000996282,106364,10,854.087497
1780995622.845692,0.000993446,83064,8,668.895944
1780995622.846588,0.000999204,90304,8,723.007514
1780995622.847594,0.001000282,91752,8,733.809066
1780995622.848579,0.001004211,84578,9,673.786684
1780995622.849601,0.001007065,83196,10,660.898750
1780995622.850603,0.000988819,115118,11,931.357508
1780995622.851622,0.000999312,90370,9,723.457739
1780995622.852610,0.001003718,88790,7,707.688813
1780995622.853619,0.000999181,87408,8,699.837167
1780995622.854736,0.001009363,85894,7,680.777877
1780995622.855582,0.000995738,94714,9,760.955191
1780995622.856656,0.000998026,87672,12,702.763255
1780995622.857596,0.000994346,105048,12,845.162549
1780995622.858728,0.001009183,88922,9,704.902877
1780995622.859637,0.000991354,85960,8,693.677536
1780995622.860651,0.000999820,99190,11,793.662859
1780995622.861615,0.000998990,97742,11,782.726554
1780995622.862618,0.001004611,94648,8,753.708649
1780995622.863663,0.001003570,85894,7,684.707594
1780995622.864633,0.001005262,100572,10,800.364482
1780995622.865616,0.000992936,74574,11,600.836308
1780995622.866729,0.001008854,100770,13,799.084902
1780995622.867591,0.000991499,97676,10,788.107704
1780995622.868593,0.001002787,97544,8,778.183203
1780995622.869595,0.000994823,87408,8,702.902928
1780995622.870831,0.001007897,87474,9,694.309041
1780995622.871608,0.000988788,90304,8,730.623754
1780995622.872577,0.000999179,74508,10,596.553771
1780995622.873566,0.001008602,83262,11,660.415109
1780995622.874592,0.000992729,116632,12,939.889940
1780995622.875682,0.001003930,91752,8,731.142610
1780995622.876596,0.001005978,85960,8,683.593478
1780995622.877584,0.000998763,87554,9,701.299507
1780995622.878623,0.000996047,73126,11,587.329714
1780995622.879629,0.000994627,100638,11,809.453192
1780995622.880599,0.000999882,104916,10,839.427052
1780995622.881565,0.001000333,93266,9,745.879622
1780995622.882628,0.001003307,87474,9,697.485416
1780995622.883606,0.001006539,89252,14,709.377381
1780995622.884583,0.000990935,106496,12,859.761740
1780995622.885632,0.001002001,94648,8,755.671901
1780995622.886762,0.000998920,74508,10,596.708445
1780995622.887629,0.001005562,100638,11,800.650780
1780995622.888598,0.001001235,97676,10,780.444151
1780995622.889618,0.000990678,87606,11,707.442782
1780995622.890894,0.001005962,84644,10,673.138747
1780995622.891598,0.000997377,88922,9,713.246846
1780995622.892583,0.001000388,116566,11,932.166319
1780995622.893579,0.000998411,91818,9,735.713048
1780995622.894621,0.001008796,80300,10,636.798718
1780995622.895592,0.000994022,97874,13,787.700876
1780995622.896659,0.001002706,104982,11,837.589483
1780995622.897571,0.000994879,81880,12,658.411726
1780995622.898643,0.000999185,110906,13,887.971697
1780995622.899644,0.001011320,93266,9,737.776371
1780995622.900571,0.000987630,85960,8,696.293146
1780995622.901664,0.001013621,83328,12,657.665932
1780995622.902658,0.000986537,100882,13,818.069672
1780995622.903660,0.001004244,94648,8,753.984092
1780995622.904658,0.000995792,99058,9,795.812780
1780995622.905691,0.001002145,90238,7,720.358830
1780995622.906662,0.001004794,84512,8,672.870260
1780995622.907585,0.001000702,88856,8,710.349335
1780995622.908617,0.001002738,86092,10,686.855390
1780995622.909613,0.001000689,92082,13,736.148793
1780995622.910689,0.000989887,103468,10,836.200496
1780995622.911623,0.001007898,93266,9,740.281259
1780995622.912618,0.001000972,96426,13,770.658920
1780995622.913605,0.000999910,107944,12,863.629727
1780995622.914668,0.001003735,81682,9,651.024424
1780995622.915582,0.000988605,78918,11,638.621087
1780995622.916568,0.000997072,113802,13,913.089526
1780995622.917598,0.001000864,86158,11,688.668990
1780995622.918631,0.001000421,102218,13,817.399875
1780995622.919609,0.001003632,93266,9,743.427870
1780995622.920582,0.001000323,101954,9,815.368636
1780995622.921658,0.000995640,87342,7,701.795830
1780995622.922956,0.000999651,75890,9,607.331959
1780995622.923678,0.001007725,109458,13,868.951351
1780995622.924614,0.001000067,99124,10,792.938873
1780995622.925623,0.000992801,81550,7,657.130684
1780995622.926891,0.000999157,96096,8,769.416618
1780995622.927604,0.001006455,90436,10,718.847837
1780995622.928648,0.000995197,90502,11,727.510232
1780995622.929592,0.000998055,104916,10,840.963674
1780995622.930645,0.001000169,87342,7,698.617934
1780995622.931632,0.001006409,90568,12,719.929969
1780995622.932640,0.001007437,99256,12,788.186259
1780995622.933576,0.000990457,100572,10,812.328047
1780995622.934621,0.000998927,75692,6,606.186438
1780995622.935608,0.000997037,97940,14,785.848469
1780995622.936605,0.001002961,99190,11,791.177324
1780995622.937609,0.000997912,90304,8,723.943594
1780995622.938639,0.001001105,83130,9,664.305942
1780995622.939600,0.001005567,102284,14,813.741899
1780995622.940592,0.000992362,102020,10,822.441811
1780995622.941595,0.001010610,84446,7,668.475475
1780995622.942632,0.001001171,81814,11,653.746463
1780995622.943651,0.000996650,105114,13,843.738524
1780995622.944649,0.000998624,101954,9,816.755856
1780995622.945601,0.000992434,75956,10,612.280514
1780995622.946700,0.001010649,108076,14,855.497804
1780995622.947582,0.000990966,91818,9,741.240365
1780995622.948631,0.001006189,77338,9,614.898394
1780995622.949677,0.001001395,100704,12,804.509709
1780995622.950676,0.000999567,110774,11,886.575887
1780995622.951662,0.000998089,75956,10,608.811439
1780995622.952657,0.000993537,96294,11,775.363172
1780995622.953659,0.001005447,100506,9,799.692077
1780995622.954607,0.000994997,87672,13,704.902628
1780995622.955620,0.000999231,99190,11,794.130686
1780995622.956601,0.001003722,93266,9,743.361210
1780995622.957610,0.001007663,100506,9,797.933436
1780995622.958610,0.000999127,67454,13,540.103510
1780995622.959594,0.000989521,100704,12,814.163621
1780995622.960603,0.001011779,107878,11,852.976786
1780995622.961590,0.001003064,85960,8,685.579385
1780995622.962610,0.000999374,88856,8,711.293270
1780995622.963607,0.001000732,94978,13,759.268216
1780995622.964605,0.000996445,115316,14,925.819288
1780995622.965619,0.000995282,87474,9,703.109270
1780995622.966690,0.001006738,93530,13,743.232102
1780995622.967652,0.000987807,84578,9,684.975911
1780995622.968611,0.001009827,110708,10,877.045276
1780995622.969597,0.000990817,81682,9,659.512301
1780995622.970675,0.001009467,106562,13,844.501108
1780995622.971601,0.000989877,96162,9,777.163223
1780995622.972591,0.000999578,75824,8,606.848090
1780995622.973642,0.001003567,90304,8,719.864244
1780995622.974617,0.001005211,97610,9,776.831929
1780995622.975600,0.000992660,81616,8,657.755929
1780995622.976590,0.001001821,94714,9,756.334714
1780995622.977565,0.001005203,88922,9,707.693869
1780995622.978604,0.000990939,77536,12,625.959822
1780995622.979598,0.001000122,118146,13,945.052704
1780995622.980575,0.001000689,84512,8,675.630491
1780995622.981583,0.001010789,90568,12,716.810333
1780995622.982610,0.000988773,107944,12,873.357181
1780995622.983612,0.001010395,88922,9,704.057324
1780995622.984597,0.000998336,90304,8,723.636131
1780995622.985588,0.001003948,74574,11,594.245917
1780995622.986607,0.000994500,112354,13,903.802916
1780995622.987597,0.000992715,90304,8,727.733539
1780995622.988567,0.001007946,94714,9,751.738684
1780995622.989615,0.001004422,87408,8,696.185468
1780995622.990607,0.000996297,90370,9,725.647071
1780995622.991649,0.000994227,85894,7,691.141963
1780995622.992676,0.000998669,88922,9,712.324103
1780995622.993620,0.000999508,84842,13,679.070102
1780995622.994923,0.000999004,97676,10,782.187058
1780995622.995652,0.001015621,104916,10,826.418516
1780995622.996585,0.000995129,87408,8,702.686787
1780995622.997581,0.001003290,83130,9,662.859193
1780995622.998687,0.000986613,93464,12,757.857438
1780995622.999611,0.000999062,109326,11,875.429153
1780995623.000597,0.001006658,78852,10,626.643806
1780995623.001609,0.001004363,94912,12,755.997583
1780995623.002614,0.000989106,103468,10,836.860761
1780995623.003601,0.001004482,97544,8,776.870068
1780995623.004604,0.001009317,93200,8,738.717370
1780995623.005574,0.000989328,84446,7,682.855433
1780995623.006629,0.000999132,80366,11,643.486546
1780995623.007629,0.000997877,99256,12,795.737350
1780995623.008590,0.000999772,96228,10,769.999560
1780995623.009593,0.001001507,97544,8,779.177779
1780995623.010744,0.000998337,67268,10,539.040424
1780995623.011638,0.001007022,106430,11,845.502879
1780995623.012613,0.001000460,100572,10,804.206065
1780995623.013657,0.001005291,99058,9,788.293141
1780995623.014620,0.000987209,90304,8,731.792356
1780995623.015670,0.001001108,75956,10,606.975471
1780995623.016797,0.001010364,93464,12,740.042203
1780995623.017606,0.000988286,104982,11,849.810682
1780995623.018657,0.001000152,110642,9,885.001480
1780995623.019646,0.001006488,68782,11,546.708952
1780995623.020626,0.000995046,105048,12,844.567990
1780995623.021730,0.001002912,103468,10,825.340608
1780995623.022682,0.001002210,85960,8,686.163578
1780995623.023623,0.001000277,88922,9,711.179003
1780995623.024605,0.000992924,89186,13,718.572620
1780995623.025616,0.001010725,110906,13,877.833239
1780995623.026669,0.001000627,87474,9,699.353505
1780995623.027634,0.001001354,81616,8,652.045131
1780995623.028654,0.000991882,97808,12,788.868031
1780995623.029599,0.000995706,107878,11,866.745806
1780995623.030649,0.001000951,80102,7,640.207163
1780995623.031574,0.001000017,90436,10,723.475701
1780995623.032587,0.001000092,84710,11,677.617659
1780995623.033646,0.001003402,107878,11,860.097947
1780995623.034847,0.001002295,77206,7,616.233744
1780995623.035633,0.000993839,100440,8,808.501176
1780995623.036627,0.001013320,96162,9,759.183673
1780995623.037623,0.000989563,93530,13,756.131747
1780995623.038635,0.000999324,94780,10,758.752917
1780995623.039647,0.000998244,75758,7,607.130120
1780995623.040636,0.001008055,88856,8,705.167873
1780995623.041598,0.001001746,109260,10,872.556516
1780995623.042697,0.000990333,62858,9,507.772638
1780995623.043637,0.000999847,99256,12,794.169508
1780995623.044607,0.001009252,103534,11,820.679077
1780995623.045671,0.000990594,96162,9,776.600706
1780995623.046996,0.000999660,74442,9,595.738551
1780995623.047661,0.001002411,78786,9,628.772031
1780995623.048596,0.000999308,115184,12,922.110100
1780995623.049634,0.000997593,97544,8,782.234839
1780995623.050639,0.001007753,94714,9,751.882654
1780995623.051576,0.000992699,84710,11,682.664131
1780995623.052591,0.000999222,102152,12,817.852289
1780995623.053602,0.001010905,101954,9,806.833481
1780995623.054649,0.000991307,77470,11,625.194819
1780995623.055662,0.000998486,90502,11,725.113822
1780995623.056596,0.000999985,110774,11,886.205293
1780995623.057632,0.001009246,93200,8,738.769339
1780995623.058916,0.000990593,81616,8,659.128421
1780995623.059788,0.001011169,94714,9,749.342593
1780995623.060590,0.000989642,93266,9,753.937282
1780995623.061677,0.001010166,81748,10,647.402506
1780995623.062611,0.000989326,90502,11,731.827527
1780995623.063601,0.000999889,109326,11,874.705092
1780995623.064594,0.000999696,80102,7,641.010867
1780995623.065578,0.001000812,83394,13,666.610712
1780995623.066601,0.000999200,100572,10,805.220176
1780995623.067609,0.001011541,100770,13,796.962259
1780995623.068586,0.001001527,94912,12,758.138323
1780995623.069600,0.000990790,107878,11,871.046337
1780995623.070673,0.000999390,84512,8,676.508670
1780995623.071689,0.001009206,88856,8,704.363628
1780995623.072668,0.000988632,91818,9,742.990314
1780995623.073714,0.001001068,81814,11,653.813727
1780995623.074599,0.001003963,93332,10,743.708682
1780995623.075622,0.000997172,110708,10,888.175761
1780995623.076598,0.001009969,80168,8,635.013550
1780995623.077598,0.000989236,96492,14,780.335532
1780995623.078691,0.000997781,93266,9,747.787340
1780995623.079671,0.001003250,97676,10,778.876651
1780995623.080633,0.000996437,100506,9,806.923067
1780995623.081609,0.001009463,70164,10,556.050098
1780995623.082673,0.000992536,112288,12,905.059363
1780995623.083658,0.001005920,84446,7,671.592174
1780995623.084589,0.001002062,97610,9,779.273139
1780995623.085567,0.000999167,78984,12,632.398788
1780995623.086605,0.001005963,112354,13,893.504035
1780995623.087623,0.000995810,87342,7,701.676023
1780995623.088632,0.000991972,97610,9,787.199639
1780995623.089655,0.000997181,64372,10,516.431821
1780995623.090645,0.001004027,109524,14,872.677727
1780995623.091645,0.001000645,109260,10,873.516582
1780995623.092624,0.001001490,78918,11,630.404697
1780995623.093603,0.001001430,115250,13,920.683423
1780995623.094630,0.001007216,80168,8,636.749218
1780995623.095613,0.000985492,100506,9,815.884858
1780995623.096597,0.001011637,80234,9,634.488458
1780995623.097682,0.001000887,94978,13,759.150633
1780995623.098707,0.000989067,102086,11,825.715548
1780995623.099595,0.001008002,85960,8,682.220869
1780995623.100618,0.000999647,84710,11,677.919306
1780995623.101580,0.000993821,102086,11,821.765690
1780995623.102618,0.001010065,103402,9,818.973036
1780995623.103632,0.000994921,70164,10,564.177457
1780995623.104636,0.000997297,103600,12,831.046318
1780995623.105595,0.000994392,97610,9,785.283872
1780995623.106606,0.001007822,97610,9,774.819363
1780995623.107651,0.001004187,81550,7,649.679791
1780995623.108635,0.000995506,88856,8,714.056972
1780995623.109636,0.001002817,90238,7,719.876109
1780995623.110618,0.000994232,97610,9,785.410246
1780995623.111632,0.000999076,85960,8,688.316004
1780995623.112627,0.000996234,94978,13,762.696314
1780995623.113636,0.001011664,99256,12,784.893008
1780995623.114615,0.000991622,104850,9,845.886840
1780995623.115608,0.001010280,86158,11,682.250465
1780995623.116568,0.000987838,93398,11,756.383132
1780995623.117557,0.001003981,106298,9,847.012045
1780995623.118615,0.001005464,71612,10,569.782707
1780995623.119583,0.000989540,105114,13,849.800918
1780995623.120847,0.001012559,99124,10,783.156340
1780995623.121611,0.000987650,73060,10,591.788589
1780995623.122594,0.001002994,100638,11,802.700714
1780995623.123632,0.001007641,100638,11,798.998850
1780995623.124557,0.000988443,100506,9,813.449030
1780995623.125686,0.001008727,90238,7,715.658449
1780995623.126583,0.000991499,72862,7,587.893684
1780995623.127632,0.001001916,112156,10,895.532160
1780995623.128583,0.000997773,81616,8,654.385316
1780995623.129558,0.001000513,94714,9,757.323493
1780995623.130614,0.001004260,93266,9,742.962978
1780995623.131598,0.001007196,81616,8,648.263099
1780995623.132582,0.000988307,92082,13,745.371630
1780995623.133583,0.001000336,108010,13,863.789767
1780995623.134656,0.001003983,84512,8,673.413793
1780995623.135661,0.000997381,93266,9,748.087240
1780995623.136623,0.000998628,94714,9,758.753009
1780995623.137612,0.001000638,84512,8,675.664926
1780995623.138659,0.001007693,93266,9,740.431858
1780995623.139602,0.000991444,83064,8,670.246630
1780995623.140645,0.001012164,81616,8,645.081232
1780995623.141605,0.000991094,99322,13,801.716083
1780995623.142597,0.001010100,99322,13,786.631027
1780995623.143675,0.000986745,84578,10,685.713128
1780995623.144602,0.001005789,93596,14,744.458331
1780995623.145600,0.000995253,91884,10,738.578030
1780995623.146851,0.001005883,96162,9,764.796701
1780995623.147682,0.000995281,93266,9,749.665672
1780995623.148584,0.001006056,87408,8,695.054748
1780995623.149582,0.001004260,90370,9,719.893255
1780995623.150651,0.000988202,83064,8,672.445512
1780995623.151602,0.001012632,93266,9,736.820484
1780995623.152577,0.000987735,94714,9,767.120736
1780995623.153630,0.001012200,84512,8,667.947046
1780995623.154611,0.000998844,93266,9,746.991522
1780995623.155579,0.000987872,84512,8,684.396359
1780995623.156560,0.001000788,86092,10,688.193703
1780995623.157595,0.001000872,106628,14,852.280811
1780995623.158604,0.001002166,99190,11,791.804950
1780995623.159630,0.001001672,83064,8,663.402791
1780995623.160678,0.000998828,94714,9,758.601080
1780995623.161630,0.001002123,100902,15,805.505911
1780995623.162640,0.001001618,89054,11,711.281147
1780995623.163714,0.000998022,94714,9,759.213725
1780995623.164643,0.000994051,81616,8,656.835514
1780995623.165623,0.001001362,93266,9,745.113156
1780995623.166651,0.000998993,87408,8,699.968869
1780995623.167636,0.001013410,177778,9,1403.404348
1780995623.168639,0.000995721,94714,9,760.968183
1780995623.169646,0.000990841,93266,9,753.024956
1780995623.170626,0.001004976,81748,10,650.745888
1780995623.171589,0.001003081,106562,13,849.877527
1780995623.172575,0.000991428,94846,11,765.328395
1780995623.173585,0.001008147,96162,9,763.079194
1780995623.174596,0.000992027,83064,8,669.852736
1780995623.175603,0.001008373,93266,9,739.932545
1780995623.176579,0.001002279,83064,8,663.001021
1780995623.177567,0.000999799,96162,9,769.450660
1780995623.178595,0.000990785,87408,8,705.767649
1780995623.179657,0.001002001,85960,8,686.306700
1780995623.180569,0.000999684,93266,9,746.363851
1780995623.181608,0.001000066,81616,8,652.884910
1780995623.182661,0.001007326,99058,9,786.700631
1780995623.183625,0.000990340,78720,8,635.902821
1780995623.184616,0.001002103,94714,9,756.121876
1780995623.185864,0.001013387,93266,9,736.271533
1780995623.186731,0.000998373,85960,8,688.800679
1780995623.187829,0.000997899,93266,9,747.698915
1780995623.188623,0.000996658,93266,9,748.629921
1780995623.189636,0.000991617,87408,8,705.175486
1780995623.190597,0.001000923,88922,9,710.720005
1780995623.191723,0.001000089,89120,12,712.896552
1780995623.192758,0.000999037,99190,11,794.284896
1780995623.193908,0.001000666,93332,10,746.159058
1780995623.195066,0.001010310,97610,9,772.911285
1780995623.195714,0.000991784,90370,9,728.949045
1780995623.196748,0.001008319,83064,8,659.029533
1780995623.197604,0.000992240,96162,9,775.312424
1780995623.198929,0.001006183,83064,8,660.428570
1780995623.199651,0.000990236,93266,9,753.485028
1780995623.200681,0.001012314,93266,9,737.051942
1780995623.201626,0.000991461,84512,8,681.918906
1780995623.202644,0.001000524,93266,9,745.737234
1780995623.203632,0.001001326,85960,8,686.769344
1780995623.204629,0.000994567,93266,9,750.203858
1780995623.205619,0.001009786,97610,9,773.312365
1780995623.206682,0.000998808,78720,8,630.511570
1780995623.207617,0.000991091,182188,10,1470.605626
1780995623.209034,0.001000093,77206,7,617.590564
1780995623.209617,0.001000625,102020,10,815.650219
1780995623.210663,0.000999534,83064,8,664.821807
1780995623.211790,0.000999135,80102,7,641.370786
1780995623.213312,0.001000509,100506,9,803.638948
1780995623.213689,0.001007516,78918,11,626.634217
1780995623.214749,0.000992270,113868,14,918.040453
1780995623.215739,0.001013839,93266,9,735.943281
1780995623.216883,0.000986484,77272,8,626.645744
1780995623.217695,0.001009517,97610,9,773.518425
1780995623.218577,0.000990157,102284,14,826.406317
1780995623.219655,0.001000547,91884,10,734.670135
1780995623.220613,0.001002073,87474,9,698.344332
1780995623.221662,0.001010337,93266,9,738.494186
1780995623.222687,0.000987060,83064,8,673.223512
1780995623.223632,0.000999955,93266,9,746.161577
1780995623.224635,0.001002162,85960,8,686.196443
1780995623.225644,0.001006386,93266,9,741.393461
1780995623.226686,0.000997804,83064,8,665.974480
1780995623.227603,0.000999851,88856,8,710.953932
1780995623.228609,0.001007721,103798,15,824.021728
1780995623.229652,0.000986127,87540,10,710.172219
1780995623.230610,0.001010407,97676,10,773.359646
1780995623.231625,0.000989838,87408,8,706.442872
1780995623.232615,0.001004682,90370,9,719.590876
1780995623.233654,0.000995839,93266,9,749.245611
1780995623.234596,0.001008139,83064,8,659.147201
1780995623.235668,0.001003238,97610,9,778.359671
1780995623.236638,0.000999724,90370,9,723.159592
1780995623.237597,0.000992243,94714,9,763.635521
1780995623.238608,0.001003955,88856,8,708.047671
1780995623.239604,0.001004118,90370,9,719.995060
1780995623.240587,0.000999328,81616,8,653.367063
1780995623.241556,0.000988115,93266,9,755.102392
1780995623.242601,0.001002459,87408,8,697.548728
1780995623.243609,0.001005352,90370,9,719.111316
1780995623.244733,0.000992298,97610,9,786.941020
1780995623.245603,0.001004877,77470,11,616.752100
1780995623.246636,0.001008077,99256,12,787.685861
1780995623.247566,0.000986842,93332,10,756.611494
1780995623.248585,0.001000073,89120,12,712.907958
1780995623.249577,0.001014446,107944,12,851.254774
1780995623.250609,0.000987792,78786,9,638.077652
1780995623.251613,0.001005076,80432,12,640.206313
1780995623.252614,0.001000315,116566,11,932.234346
1780995623.253595,0.000997141,91818,9,736.650083
1780995623.254594,0.000997962,86026,10,689.613432
1780995623.255623,0.001011719,84710,11,669.830259
1780995623.256633,0.000993984,109392,12,880.432683
1780995623.257650,0.001001868,84512,8,674.835407
1780995623.258590,0.000989695,97544,8,788.477258
1780995623.259651,0.001001218,90304,8,721.553148
1780995623.260673,0.001011769,87342,7,690.608232
1780995623.261653,0.000988116,90634,13,733.792389
1780995623.262667,0.001005739,105048,12,835.588557
1780995623.263665,0.001001410,91818,9,733.509751
1780995623.264621,0.000995335,87474,9,703.071830
1780995623.265614,0.001002293,87342,7,697.137464
1780995623.266658,0.001003158,86290,13,688.146832
1780995623.267625,0.000992084,97808,12,788.707408
1780995623.268642,0.001007676,103468,10,821.438637
1780995623.269583,0.000994794,85960,8,691.278797
1780995623.270607,0.001003062,88790,7,708.151640
1780995623.271601,0.000999152,81748,10,654.539049
1780995623.272574,0.000994522,87540,10,704.177484
1780995623.273612,0.001009409,97610,9,773.601186
1780995623.274600,0.000990846,90238,7,728.573361
1780995623.275580,0.001000056,85894,7,687.113522
1780995623.276587,0.001010533,99058,9,784.203979
1780995623.277579,0.000988928,88790,7,718.272716
1780995623.278658,0.001000988,73060,10,583.903104
1780995623.279774,0.001000931,90568,12,723.870077
1780995623.280595,0.001006150,120976,12,961.892362
1780995623.281655,0.000992723,82932,6,668.319360
1780995623.282720,0.000999663,96096,8,769.027162
1780995623.283599,0.001004647,74508,10,593.306903
1780995623.284595,0.001005597,99256,12,789.628450
1780995623.285570,0.000991926,107878,11,870.048774
1780995623.286610,0.001007145,90304,8,717.306843
1780995623.287592,0.000990259,91818,9,741.769577
1780995623.288579,0.001005780,85894,7,683.203086
1780995623.289560,0.000996536,85894,7,689.540569
1780995623.290584,0.000998221,80432,12,644.602748
1780995623.291600,0.001010156,88988,10,704.746594
1780995623.292602,0.000989783,104916,10,847.991934
1780995623.293639,0.001009652,101888,8,807.311826
1780995623.294594,0.000991893,80168,8,646.585872
1780995623.295603,0.001002675,92016,12,734.164111
1780995623.296596,0.000995402,110774,11,890.285533
1780995623.297619,0.001005621,82998,7,660.272608
1780995623.298610,0.000996001,100506,9,807.276298
1780995623.299578,0.000998310,90304,8,723.654977
1780995623.300617,0.001015077,77470,11,610.554667
1780995623.301555,0.000984738,100638,11,817.581935
1780995623.302650,0.001000111,91752,8,733.934533
1780995623.303600,0.001001566,96162,9,768.093166
1780995623.304604,0.001001684,94582,7,755.383933
1780995623.305631,0.000997275,82998,7,665.798300
1780995623.306589,0.000999341,90238,7,722.380048
1780995623.307621,0.001005799,96096,8,764.335618
1780995623.308663,0.001009284,97610,9,773.696997
1780995623.309602,0.000985351,90370,9,733.708090
1780995623.310663,0.001010185,62924,10,498.316645
1780995623.311715,0.000990310,96360,12,778.422918
1780995623.312650,0.000999867,113670,11,909.480961
1780995623.313655,0.001001276,90304,8,721.511352
1780995623.314629,0.001005108,88922,9,707.760758
1780995623.315626,0.000992984,96096,8,774.199786
1780995623.316629,0.001002272,78984,12,630.439641
1780995623.317570,0.001009284,107944,12,855.608530
1780995623.318674,0.001000281,91818,9,734.337651
1780995623.319644,0.000991308,85894,7,693.177095
1780995623.320632,0.000997675,101888,8,817.003533
1780995623.321614,0.001008939,74244,6,588.689703
1780995623.322587,0.000990684,71612,10,578.283287
1780995623.323696,0.001005991,107878,11,857.884414
1780995623.324631,0.000994837,109260,10,878.616296
1780995623.325634,0.000999807,87408,8,699.398984
1780995623.326608,0.001005236,91752,8,730.192711
1780995623.327624,0.001003708,87342,7,696.154659
1780995623.328621,0.000998918,97544,8,781.197255
1780995623.329600,0.000990946,87342,7,705.120158
1780995623.330594,0.001000907,96096,8,768.071359
1780995623.331652,0.000999250,82998,7,664.482362
1780995623.332620,0.001004234,97544,8,777.061920
1780995623.333626,0.000995955,77140,6,619.626389
1780995623.334615,0.001008223,96096,8,762.497979
1780995623.335588,0.001002212,97544,8,778.629671
1780995623.336592,0.000989163,77140,6,623.880998
1780995623.337636,0.001008417,101888,8,808.300534
1780995623.338770,0.000992557,85894,7,692.304825
1780995623.339690,0.001006922,88790,7,705.436965
1780995623.340585,0.000993034,91686,7,738.633320
1780995623.341789,0.001005241,88856,8,707.141869
1780995623.342600,0.000994653,75956,10,610.914560
1780995623.343596,0.001007909,97676,10,775.276339
1780995623.344614,0.000997462,115052,10,922.757960
1780995623.345659,0.001007350,82998,7,659.139326
1780995623.346628,0.000996259,96096,8,771.654760
1780995623.347605,0.001002994,88790,7,708.199650
1780995623.348649,0.000997581,90238,7,723.654520
1780995623.349580,0.000991341,88790,7,716.524385
1780995623.350618,0.001009478,86092,10,682.269450
1780995623.351593,0.000999068,83262,11,666.717381
1780995623.352608,0.000995257,106364,10,854.967109
1780995623.353603,0.000998528,98992,8,793.103448
1780995623.354617,0.000997179,87342,7,700.712711
1780995623.355658,0.001011763,81814,11,646.902486
1780995623.356602,0.000993148,90502,11,729.011185
1780995623.357619,0.001002432,109326,11,872.486114
1780995623.358589,0.000995359,85960,8,690.886404
1780995623.359619,0.000996454,81880,12,657.371038
1780995623.360620,0.001008636,106496,12,844.673401
1780995623.361590,0.000991528,101954,9,822.601076
1780995623.362639,0.001004182,86026,9,685.341900
1780995623.363596,0.001006135,87540,10,696.049735
1780995623.364632,0.000989304,84710,11,685.006833
1780995623.365598,0.001008721,103534,11,821.111090
1780995623.366664,0.000998576,88988,10,712.919197
1780995623.367617,0.000993176,86158,11,693.999855
1780995623.368620,0.000999610,116632,12,933.420034
1780995623.369606,0.001014203,83328,12,657.288531
1780995623.370711,0.000995090,107944,12,867.812962
1780995623.371657,0.000991774,94714,9,763.996636
1780995623.372596,0.001001682,88790,7,709.127248
1780995623.373603,0.000998172,87342,7,700.015629
1780995623.374591,0.000999405,88856,8,711.271206
1780995623.375633,0.001010002,77470,11,613.622547
1780995623.376688,0.001001238,110906,13,886.150945
1780995623.377640,0.000994972,96308,10,774.357469
1780995623.378574,0.000993946,73060,10,588.039994
1780995623.379579,0.000999229,89054,11,712.981709
1780995623.380580,0.001004436,120976,12,963.533764
1780995623.381585,0.001007547,91752,8,728.517876
1780995623.382609,0.000990611,74310,7,600.114475
1780995623.383630,0.001003822,88988,10,709.193463
1780995623.384596,0.000995060,84710,11,681.044359
1780995623.385564,0.000998922,102020,10,817.040770
1780995623.388014,0.001000378,100506,9,803.744185
1780995623.388151,0.001013025,88790,7,701.187039
1780995623.388776,0.000999433,85894,7,687.541836
1780995623.396851,0.000999751,97742,11,782.130751
1780995623.396930,0.000987415,74508,10,603.661075
1780995623.396950,0.001009753,90304,8,715.454175
1780995623.396968,0.000991852,107812,10,869.581349
1780995623.396984,0.001007561,100572,10,798.538252
1780995623.396999,0.000991068,89042,11,718.755928
1780995623.397014,0.001012550,100572,10,794.603723
1780995623.397031,0.000989691,102020,10,824.661435
1780995623.397622,0.001005396,76002,9,604.752754
1780995623.398671,0.001005737,80300,10,638.735574
1780995623.399622,0.000986818,100638,11,815.858649
1780995623.400615,0.001003819,88856,8,708.143600
1780995623.401630,0.000997523,109260,10,876.250472
1780995623.402617,0.000998841,78654,7,629.962126
1780995623.403666,0.001003524,94714,9,755.051200
1780995623.404573,0.001002630,81550,7,650.688689
1780995623.405562,0.001001208,84776,12,677.389713
1780995623.406658,0.001004301,103534,11,824.724858
1780995623.407640,0.000997132,103402,9,829.595279
1780995623.408615,0.000990438,91752,8,741.102421
1780995623.409613,0.001002993,83196,10,663.581899
1780995623.410676,0.000998525,94846,11,759.888836
1780995623.411630,0.001002060,90370,9,721.473764
1780995623.412655,0.000996249,99190,11,796.507700
1780995623.413630,0.001000819,100704,12,804.972727
1780995623.414606,0.001006351,90370,9,718.397458
1780995623.415598,0.001002644,91752,8,732.080379
1780995623.416595,0.000990343,87540,10,707.148937
1780995623.417620,0.001005423,89186,13,709.639624
1780995623.418612,0.000995107,109326,11,878.908499
1780995623.419623,0.001002838,84842,13,676.815198
1780995623.420599,0.000997553,100704,12,807.608217
1780995623.421585,0.001006214,99124,10,788.094779
1780995623.422607,0.000993196,81682,9,657.932573
1780995623.423606,0.001001825,88988,10,710.607142
1780995623.424596,0.001011181,106510,11,842.658238
1780995623.425569,0.000986916,90436,10,733.079614
1780995623.426598,0.001010110,84842,13,671.942660
1780995623.427615,0.001002649,110774,11,883.850680
1780995623.428607,0.000993068,96162,9,774.665985
1780995623.429600,0.001001080,78654,7,628.553163
1780995623.430673,0.000994456,93398,11,751.349482
1780995623.431577,0.001003816,97742,11,778.963475
1780995623.432581,0.000997771,96162,9,771.014592
1780995623.433656,0.001003334,84512,8,673.849386
1780995623.434783,0.001007915,83394,13,661.912959
1780995623.435584,0.000985805,116632,12,946.491446
1780995623.436614,0.001008969,74442,9,590.242118
1780995623.437706,0.000997054,105114,13,843.396647
1780995623.438638,0.000995863,94714,9,760.859676
1780995623.439664,0.001008501,68650,9,544.570605
1780995623.440639,0.000993617,92016,12,740.856890
1780995623.441629,0.001008732,116632,12,924.979083
1780995623.442634,0.000989219,91686,7,741.481917
1780995623.443582,0.001004304,84446,7,672.672816
1780995623.444583,0.000994348,85960,8,691.588860
1780995623.445579,0.001000886,100506,9,803.336244
1780995623.446612,0.001001273,73060,10,583.736903
1780995623.447643,0.001009736,99322,13,786.914599
1780995623.448658,0.000999935,102086,11,816.741088
1780995623.449631,0.000993440,90304,8,727.202448
1780995623.450596,0.000997946,81814,11,655.859135
1780995623.451651,0.000996478,99190,11,796.324655
1780995623.452671,0.001003670,104850,9,835.732860
1780995623.453572,0.000995953,100440,8,806.785059
1780995623.454604,0.001009192,81814,11,648.550524
1780995623.455587,0.001000249,104982,11,839.646928
1780995623.456606,0.000995298,80168,8,644.373846
1780995623.457582,0.000996255,86026,9,690.795027
1780995623.458590,0.000999942,96492,14,771.980775
1780995623.459615,0.000998676,100638,11,806.171371
1780995623.460659,0.001009635,85960,8,681.117434
1780995623.461612,0.000996469,93530,13,750.891398
1780995623.462620,0.001008930,103534,11,820.940997
1780995623.463659,0.000993283,93266,9,751.173633
1780995623.464632,0.000992736,88856,8,716.049383
1780995623.465651,0.001005901,97544,8,775.774157
1780995623.466587,0.000995927,75824,8,609.072753
1780995623.467637,0.000998214,96162,9,770.672421
1780995623.468625,0.001007663,81946,13,650.582586
1780995623.469628,0.000994297,106496,12,856.854642
1780995623.470672,0.000997286,103600,12,831.055485
1780995623.471676,0.001003788,84644,10,674.596628
1780995623.472649,0.000996412,115118,11,924.260246
1780995623.473746,0.001013793,81748,10,645.086324
1780995623.474616,0.000988785,94978,13,768.442078
1780995623.475749,0.001002890,84512,8,674.147713
1780995623.476699,0.001000478,97808,12,782.090161
1780995623.477571,0.000996209,90568,12,727.301199
1780995623.478601,0.001009102,109326,11,866.719123
1780995623.479614,0.000999517,91686,7,733.842446
1780995623.480600,0.001002760,81616,8,651.130879
1780995623.481607,0.000986523,85894,7,696.539260
1780995623.482600,0.001000226,90436,10,723.324529
1780995623.483594,0.001000316,83064,8,664.302081
1780995623.484647,0.001012565,87672,12,692.672569
1780995623.485566,0.000993756,107944,12,868.977898
1780995623.486610,0.000993186,93200,8,750.715375
1780995623.487587,0.000999846,93266,9,746.242921
1780995623.488593,0.001008026,81814,11,649.300712
1780995623.489588,0.001004474,100704,12,802.043657
1780995623.490565,0.000987658,91752,8,743.188432
1780995623.491681,0.001003951,87342,7,695.986159
1780995623.492576,0.001000233,96492,14,771.756181
1780995623.493783,0.001009852,91884,10,727.900722
1780995623.494625,0.000986438,116698,13,946.419339
1780995623.495658,0.001010695,81616,8,646.018829
1780995623.496595,0.000992550,93530,13,753.856229
1780995623.497582,0.001003415,104982,11,836.997653
1780995623.498648,0.000999760,87408,8,699.431864
1780995623.499595,0.001006008,76022,11,604.543900
1780995623.500698,0.000995043,84644,10,680.525364
1780995623.501648,0.001001301,119528,12,954.981569
1780995623.502703,0.001005145,99058,9,788.407643
1780995623.503639,0.000990975,86290,13,696.606877
1780995623.504596,0.000998969,97676,10,782.214463
1780995623.505634,0.001003683,103468,10,824.706606
1780995623.506634,0.001004920,78654,7,626.151335
1780995623.507629,0.000993257,101888,8,820.637559
1780995623.508647,0.000995089,74376,8,597.944505
1780995623.509601,0.001004937,97808,12,778.619953
1780995623.510711,0.000994539,102020,10,820.641523
1780995623.511635,0.001007104,90502,11,718.908871
1780995623.512624,0.001001254,103666,13,828.289325
1780995623.513595,0.000990555,100572,10,812.247679
1780995623.514585,0.001001150,90370,9,722.129551
1780995623.515631,0.001000296,81880,12,654.846166
1780995623.516670,0.000999061,111038,15,889.138901
1780995623.517724,0.001007047,93200,8,740.382524
1780995623.518609,0.001001914,74574,11,595.452304
1780995623.519688,0.001003816,112354,13,895.415096
1780995623.520622,0.000995250,96162,9,772.967596
1780995623.521622,0.001004866,87474,9,696.403302
1780995623.522691,0.000990481,81616,8,659.202953
1780995623.523710,0.001000272,99256,12,793.832078
1780995623.524651,0.000997737,84710,11,679.217068
1780995623.525578,0.001009518,119594,13,947.731492
1780995623.526897,0.000988839,83064,8,672.012330
1780995623.527694,0.001001667,93266,9,744.886275
1780995623.528616,0.001009563,75890,9,601.369107
1780995623.529612,0.000989103,103600,12,837.930933
1780995623.530661,0.001000481,109260,10,873.659770
1780995623.531579,0.000999036,74574,11,597.167670
1780995623.532587,0.001013105,109458,13,864.336865
1780995623.533562,0.000990579,96162,9,776.612466
1780995623.534593,0.000996036,83064,8,667.156609
1780995623.535679,0.001001963,80300,10,641.141439
1780995623.536611,0.001010452,84710,11,670.670156
1780995623.537617,0.000995052,116698,13,938.226344
1780995623.538598,0.001001640,93266,9,744.906354
1780995623.539687,0.000993001,86290,13,695.185604
1780995623.540639,0.000998406,103534,11,829.594373
1780995623.541652,0.001004048,90370,9,720.045257
1780995623.542622,0.000995790,93596,14,751.933641
1780995623.543617,0.001000879,99124,10,792.295572
1780995623.544574,0.001005691,99058,9,787.979608
1780995623.545624,0.000992649,86158,11,694.368301
1780995623.546592,0.001002580,86224,12,688.016916
1780995623.547605,0.000999790,109326,11,874.791706
1780995623.548849,0.001003631,90370,9,720.344429
1780995623.549676,0.000996992,97610,9,783.235974
1780995623.550615,0.001010425,87606,11,693.617042
1780995623.551621,0.000987280,97874,13,793.079977
1780995623.552596,0.001001052,104982,11,838.973400
1780995623.553607,0.001010759,88790,7,702.759016
1780995623.554622,0.000988434,82998,7,671.753501
1780995623.555590,0.001012215,99124,10,783.422494
1780995623.556587,0.000999812,80168,8,641.464595
1780995623.557594,0.000988989,86224,12,697.471863
1780995623.558594,0.000999120,113868,14,911.746337
1780995623.559606,0.001007766,97676,10,775.386350
1780995623.560590,0.001004685,77338,9,615.818889
1780995623.561599,0.000995107,99190,11,797.421785
1780995623.562605,0.000991968,99058,9,798.880609
1780995623.563608,0.001009710,81550,7,646.126115
1780995623.564584,0.000994757,93596,14,752.714482
1780995623.565620,0.001008899,107878,11,855.411691
1780995623.566614,0.000987180,91752,8,743.548289
1780995623.567587,0.001011396,87408,8,691.384977
1780995623.568603,0.000996707,83328,12,668.826445
1780995623.569588,0.000994694,99190,11,797.752877
1780995623.570601,0.000996748,100506,9,806.671295
1780995623.571615,0.001006621,94714,9,752.728187
1780995623.572600,0.000993621,90370,9,727.601369
1780995623.573637,0.001000515,77272,8,617.857803
1780995623.574576,0.001001788,89186,13,712.214560
1780995623.575628,0.001004912,103534,11,824.223415
1780995623.576578,0.000998632,101954,9,816.749313
1780995623.577588,0.000998424,69966,7,560.611524
1780995623.578627,0.001007980,78918,11,626.345761
1780995623.579598,0.000987601,84578,9,685.118788
1780995623.580576,0.001001009,129664,12,1036.266407
1780995623.581564,0.001001346,87408,8,698.324056
1780995623.582609,0.001000106,87408,8,699.189886
1780995623.583584,0.001002512,96558,15,770.528433
1780995623.584581,0.000997813,99124,10,794.730075
1780995623.585605,0.000999018,88922,9,712.075258
1780995623.586619,0.001003305,88790,7,707.980126
1780995623.587600,0.000995039,94912,12,763.081648
1780995623.588569,0.001007381,102086,11,810.704192
1780995623.589552,0.000995914,102020,10,819.508512
1780995623.590702,0.001006141,73126,11,581.437393
1780995623.591623,0.001001732,112354,13,897.277915
1780995623.592710,0.001003220,87408,8,697.019597
1780995623.593612,0.000985550,84644,10,687.080310
1780995623.594648,0.001010471,90568,12,717.035917
1780995623.595630,0.000989248,106430,11,860.694184
1780995623.596606,0.001006581,87540,10,695.741326
1780995623.597598,0.001004786,90568,12,721.092850
1780995623.598614,0.000988805,104916,10,848.830659
1780995623.599607,0.001000704,80300,10,641.948069
1780995623.600630,0.001008085,100704,12,799.170705
1780995623.601582,0.000996698,102020,10,818.863889
1780995623.602600,0.000994294,83130,9,668.856495
1780995623.603608,0.001006085,90568,12,720.161815
1780995623.604588,0.001005093,102020,10,812.024360
1780995623.605587,0.001003316,99190,11,790.897384
1780995623.606606,0.000998140,86158,11,690.548420
1780995623.607578,0.000989049,115118,11,931.140924
1780995623.608601,0.001006551,81682,9,649.203071
1780995623.609584,0.001001141,100770,13,805.241220
1780995623.610595,0.000990613,94846,11,765.958048
1780995623.611573,0.001008981,87342,7,692.516509
1780995623.612560,0.000991449,90568,12,730.793011
1780995623.613579,0.001000115,103666,13,829.232638
1780995623.614615,0.001010757,90370,9,715.265885
1780995623.615598,0.000989254,90304,8,730.279584
1780995623.616578,0.000999528,87474,9,700.122458
1780995623.617558,0.000999909,97940,14,783.591307
1780995623.618602,0.000999981,99124,10,793.007067
1780995623.619595,0.000999999,94714,9,757.712758
1780995623.620572,0.001000006,90370,9,722.955662
1780995623.621593,0.001000875,94780,10,757.577120
1780995623.622610,0.000999247,88922,9,711.912070
1780995623.623580,0.000999964,83262,11,666.119980
1780995623.624585,0.001005356,113736,12,905.040603
1780995623.625552,0.000994395,84710,11,681.499806
1780995623.626617,0.001013660,90568,12,714.780104
1780995623.627667,0.000987155,100572,10,815.045256
1780995623.628595,0.001012440,80366,11,635.028249
1780995623.629625,0.001000562,91884,10,734.659122
1780995623.630685,0.000986682,102020,10,827.176334
1780995623.631597,0.001004037,90436,10,720.579022
1780995623.632558,0.001000644,94846,11,758.279668
1780995623.633674,0.000996948,101954,9,818.128929
1780995623.634597,0.000998178,85960,8,688.935240
1780995623.635599,0.001000341,98992,8,791.666042
1780995623.636617,0.001012865,67202,9,530.787420
1780995623.637584,0.000996891,99190,11,795.994748
1780995623.638585,0.000992025,118080,12,952.234067
1780995623.639593,0.000998009,77536,12,621.525457
1780995623.640619,0.001003341,106496,12,849.131053
1780995623.641578,0.000997415,97610,9,782.903806
1780995623.642604,0.001001811,77272,8,617.058507
1780995623.643600,0.001009962,96426,13,763.799034
1780995623.644567,0.000998057,105048,12,842.020045
1780995623.645564,0.000989172,84446,7,682.963125
1780995623.646583,0.001004224,97676,10,778.121216
1780995623.647590,0.000996120,87342,7,701.457656
1780995623.648582,0.001002033,77404,10,617.975655
1780995623.649606,0.001008095,108076,14,857.665200
1780995623.650601,0.001000089,99124,10,792.921430
1780995623.651575,0.000989500,78852,10,637.509853
1780995623.652583,0.001004721,96360,12,767.257776
1780995623.653581,0.000999944,99124,10,793.036410
1780995623.654590,0.001001355,87540,10,699.372350
1780995623.655710,0.000995119,89186,13,716.987617
1780995623.656594,0.001003834,118080,12,941.032083
1780995623.657689,0.001009198,78720,8,624.020262
1780995623.658635,0.001000895,81814,11,653.926736
1780995623.659616,0.000989773,109326,11,883.645038
1780995623.660577,0.001005396,96162,9,765.167158
1780995623.661570,0.001001764,91818,9,733.250546
1780995623.662608,0.000997649,85960,8,689.300546
1780995623.663600,0.000997311,90370,9,724.909281
1780995623.664593,0.000995821,86290,13,693.216954
1780995623.665579,0.001005315,102086,11,812.370252
1780995623.666604,0.000995469,86026,9,691.340464
1780995623.667582,0.001004255,102218,13,814.279242
1780995623.668582,0.000997847,94714,9,759.346874
1780995623.669593,0.000995408,87474,9,703.020269
1780995623.670601,0.001001546,86290,13,689.254413
1780995623.671583,0.000997556,112288,12,900.504834
1780995623.672626,0.001008102,84512,8,670.662294
1780995623.673560,0.000994906,91752,8,737.774222
1780995623.674695,0.001000736,88790,7,709.797589
1780995623.675658,0.001011785,87408,8,691.119161
1780995623.676631,0.000984846,90304,8,733.548189
1780995623.677627,0.000999450,88790,7,710.710891
1780995623.678601,0.001000146,90304,8,722.326540
1780995623.679667,0.001011910,94648,8,748.272080
1780995623.680621,0.000997274,80168,8,643.097083
1780995623.681578,0.000990737,88790,7,716.961212
1780995623.682592,0.001002403,72796,6,580.971924
1780995623.683618,0.000997384,101888,8,817.241905
1780995623.684597,0.001006783,85894,7,682.522450
1780995623.685585,0.000996716,81550,7,654.549541
1780995623.686616,0.001003436,84710,11,675.359465
1780995623.687576,0.000993794,84776,12,682.443243
1780995623.688606,0.001002933,110906,13,884.653312
1780995623.689571,0.001006891,87408,8,694.478350
1780995623.690587,0.000989878,77536,12,626.630757
1780995623.691587,0.001005404,99124,10,788.729705
1780995623.692623,0.000994281,114986,9,925.179099
1780995623.693629,0.001004927,81550,7,649.201385
1780995623.694629,0.000996104,77470,11,622.184029
1780995623.695751,0.001011846,97676,10,772.259810
1780995623.696580,0.000998276,116500,10,933.609543
1780995623.697594,0.000992878,87342,7,703.748094
1780995623.698718,0.001002543,74640,12,595.605376
1780995623.700289,0.000998443,84578,9,677.679146
1780995623.700587,0.001003239,113604,10,905.897797
1780995623.701783,0.001002392,103402,9,825.242021
1780995623.702692,0.001003892,75692,6,603.188391
1780995623.703598,0.001000275,96162,9,769.084502
1780995623.704580,0.000993432,98992,8,797.171825
1780995623.705670,0.000992040,77206,7,622.603927
1780995623.706675,0.001003911,87540,10,697.591719
1780995623.707645,0.000999342,89054,11,712.901089
1780995623.708611,0.001008568,115184,12,913.643899
1780995623.709576,0.000997042,91818,9,736.723227
1780995623.710612,0.001000577,87408,8,698.860757
1780995623.711599,0.000992353,81616,8,657.959416
1780995623.712609,0.001006269,81880,12,650.959137
1780995623.713599,0.000994939,107878,11,867.413982
1780995623.714618,0.000996643,90370,9,725.395152
1780995623.715619,0.001002389,81880,12,653.478839
1780995623.716622,0.000997893,107944,12,865.375346
1780995623.717609,0.001000318,106364,10,850.641496
1780995623.718664,0.001012401,81616,8,644.930220
1780995623.719596,0.000990914,94714,9,764.659698
1780995623.720653,0.001008142,84512,8,670.635684
1780995623.721679,0.000988122,93266,9,755.097043
1780995623.722636,0.001004775,96162,9,765.640069
1780995623.723612,0.001002287,81616,8,651.438161
1780995623.724597,0.000996757,83196,10,667.733460
1780995623.725562,0.000999855,112486,15,900.018503
1780995623.726592,0.001000750,97676,10,780.822383
1780995623.727603,0.001006886,92082,13,731.618078
1780995623.728602,0.000999134,94846,11,759.425663
1780995623.729585,0.000998764,93200,8,746.522702
1780995623.730600,0.000991569,91818,9,740.789597
1780995623.731643,0.001001063,75956,10,607.002756
1780995623.732600,0.000997961,106562,13,854.237791
1780995623.733599,0.001011590,86026,9,680.323056
1780995623.734602,0.000996096,103468,10,830.988178
1780995623.735604,0.000996638,83130,9,667.283407
1780995623.736600,0.001004046,94714,9,754.658651
1780995623.737578,0.000996449,99388,14,797.937476
1780995623.738604,0.001000696,86092,10,688.256973
1780995623.739609,0.001010016,94912,12,751.766309
1780995623.740598,0.000984571,94978,13,771.731038
1780995623.741559,0.000999957,96294,11,770.385127
1780995623.742749,0.001000879,84512,8,675.502234
1780995623.743613,0.001000786,93266,9,745.542004
1780995623.744595,0.000998616,94714,9,758.762127
1780995623.745562,0.001003047,84512,8,674.042193
1780995623.746614,0.001003843,91818,9,731.731954
1780995623.747709,0.001002058,96162,9,767.716040
1780995623.748603,0.000991207,83064,8,670.406888
1780995623.749611,0.001011146,84512,8,668.643302
1780995623.750634,0.000988927,93266,9,754.482383
1780995623.751717,0.001003524,83064,8,662.178483
1780995623.752595,0.001003658,93266,9,743.408611
1780995623.753685,0.000993886,94714,9,762.373149
1780995623.754714,0.001003111,80102,7,638.828604
1780995623.755573,0.000996437,102284,14,821.197928
1780995623.756679,0.001003666,92016,12,733.439212
1780995623.757628,0.000995086,91884,10,738.701982
1780995623.758581,0.001008750,94714,9,751.139529
1780995623.759651,0.001005207,84776,12,674.694864
1780995623.760608,0.000986873,102086,11,827.551265
1780995623.761686,0.000999338,91752,8,734.502240
1780995623.762624,0.001005806,91818,9,730.303856
1780995623.763573,0.000994923,96492,14,775.875118
1780995623.764600,0.001006962,100704,12,800.061969
1780995623.765601,0.000993511,87408,8,703.831160
1780995623.766593,0.001000010,88922,9,711.368886
1780995623.767589,0.000999227,88856,8,711.397911
1780995623.768604,0.001001572,90502,11,722.879633
1780995623.769577,0.000998817,100836,14,807.643442
1780995623.770592,0.001003040,90370,9,720.768863
1780995623.771597,0.000997154,89120,12,714.994875
1780995623.772598,0.001005141,106628,14,848.661034
1780995623.773599,0.000995003,86026,9,691.664246
1780995623.774613,0.001012842,93266,9,736.667713
1780995623.775622,0.000988685,93266,9,754.667058
1780995623.776625,0.000997159,87408,8,701.256269
1780995623.777603,0.001014659,90370,9,712.515239
1780995623.778651,0.000985687,89120,12,723.312776
1780995623.779631,0.001001017,102218,13,816.913199
1780995623.780619,0.001001696,94780,10,756.956202
1780995623.781618,0.001003104,84512,8,674.003892
1780995623.782671,0.000996880,94714,9,760.083460
1780995623.783666,0.001008835,90700,14,719.245466
1780995623.784640,0.001000622,105048,12,839.861606
1780995623.785610,0.000993742,84512,8,680.353653
1780995623.786828,0.001001458,83064,8,663.544552
1780995623.787674,0.000992876,93332,10,752.013343
1780995623.788647,0.000999653,93398,11,747.443363
1780995623.789626,0.001000454,106496,12,851.581382
1780995623.790619,0.001001623,88922,9,710.223308
1780995623.791602,0.001007011,90370,9,717.926616
1780995623.792592,0.000990827,94714,9,764.726839
1780995623.793612,0.001001156,91818,9,733.695848
1780995623.794579,0.001002988,78852,10,628.936737
1780995623.795593,0.000996853,100704,12,808.175328
1780995623.796632,0.001003630,97610,9,778.055658
1780995623.797636,0.001007296,84512,8,671.198933
1780995623.798628,0.000998045,88922,9,712.769464
1780995623.799700,0.000993962,87408,8,703.511804
1780995623.800643,0.001005127,90370,9,719.272291
1780995623.801594,0.000999037,84710,11,678.333235
1780995623.802570,0.000991850,103666,13,836.142562
1780995623.803612,0.001002871,96162,9,767.093674
1780995623.804610,0.001006740,87408,8,694.582514
1780995623.805604,0.000997989,90634,13,726.533058
1780995623.806592,0.000992257,103600,12,835.267476
1780995623.807589,0.001002573,78918,11,629.723721
1780995623.808593,0.001010827,111038,15,878.789348
1780995623.809597,0.000986678,93332,10,756.737254
1780995623.810644,0.001002662,84512,8,674.301011
1780995623.811575,0.001006938,84578,9,671.961928
1780995623.812598,0.001004332,92016,12,732.952848
1780995623.813596,0.000987123,97610,9,791.066564
1780995623.814597,0.000999103,102020,10,816.892753
1780995623.815596,0.001001284,85960,8,686.798151
1780995623.816582,0.000999146,93266,9,746.765738
1780995623.817588,0.001012961,93266,9,736.581171
1780995623.818611,0.000996460,93266,9,748.778677
1780995623.819724,0.000990173,77206,7,623.777865
1780995623.820578,0.001000465,91818,9,734.202596
1780995623.821583,0.001005065,93266,9,742.367907
1780995623.822671,0.001001548,96162,9,768.106970
1780995623.823581,0.000993080,91818,9,739.662464
1780995623.824583,0.001008415,83064,8,658.966794
1780995623.825607,0.001003490,93266,9,743.533070
1780995623.826608,0.000992205,84512,8,681.407572
1780995623.827640,0.000996519,81616,8,655.208782
1780995623.828671,0.001000189,94714,9,757.568819
1780995623.829607,0.001011631,84512,8,668.322738
1780995623.830713,0.000997177,93266,9,748.240282
1780995623.831625,0.000991546,88856,8,716.908747
1780995623.832617,0.000999228,87474,9,700.332657
1780995623.833567,0.000999953,87408,8,699.296867
1780995623.834580,0.000999691,83262,11,666.301887
1780995623.835719,0.001013199,99322,13,784.225014
1780995623.836599,0.000987129,106430,11,862.541775
1780995623.837587,0.001012754,94714,9,748.169842
1780995623.838620,0.000996829,88856,8,713.109269
1780995623.839602,0.000997684,90370,9,724.638262
1780995623.840583,0.000994679,80300,10,645.836496
1780995623.841589,0.001009739,106628,14,844.796527
1780995623.842602,0.000987589,96228,10,779.498354
1780995623.843615,0.001002007,81616,8,651.620198
1780995623.844603,0.001002306,94714,9,755.968736
1780995623.845595,0.000999529,84512,8,676.414591
1780995623.846611,0.001006279,93266,9,741.472295
1780995623.847623,0.000991096,93266,9,752.831209
1780995623.848583,0.000999364,93266,9,746.602839
1780995623.849588,0.001000428,85960,8,687.385799
1780995623.850657,0.001001467,93266,9,745.035034
1780995623.851618,0.001006390,93266,9,741.390515
1780995623.852627,0.001000623,83064,8,664.098267
1780995623.853607,0.001000611,97610,9,780.403174
1780995623.854590,0.000999316,81616,8,653.374908
1780995623.855604,0.001004010,94714,9,754.685710
1780995623.856589,0.000988119,87672,12,709.809244
1780995623.857584,0.001011062,99256,12,785.360344
1780995623.858648,0.000987687,86026,9,696.787545
1780995623.859621,0.001010055,93266,9,738.700368
1780995623.860609,0.000989554,84512,8,683.233052
1780995623.861603,0.001000308,93266,9,745.898263
1780995623.862634,0.001011635,94714,9,748.997415
1780995623.863618,0.000988367,87408,8,707.494281
1780995623.864591,0.001001817,91818,9,733.211754
1780995623.865584,0.000998130,93266,9,747.525873
1780995623.866638,0.001000075,71414,7,571.269155
1780995623.867670,0.001017596,106364,10,836.198255
1780995623.868665,0.000993499,81616,8,657.200460
1780995623.869670,0.000991062,94714,9,764.545508
1780995623.871070,0.000999264,83064,8,665.001441
1780995623.871632,0.000999449,81682,9,653.816253
1780995623.872646,0.001011943,103732,14,820.062000
1780995623.873714,0.000988294,97742,11,791.197761
1780995623.874755,0.001003509,84512,8,673.731875
1780995623.875906,0.001000400,78918,11,631.091563
1780995623.876608,0.001008421,97742,11,775.406304
1780995623.877599,0.000998026,106510,11,853.765333
1780995623.878649,0.000989182,29092,2,235.281273
1780995623.879610,0.001004864,110774,11,881.902427
1780995623.880595,0.000994570,120910,11,972.561006
1780995623.881691,0.000999747,99124,10,793.192678
1780995623.882687,0.001007290,93266,9,740.728092
1780995623.883741,0.000993742,85960,8,692.010602
1780995623.884576,0.000999559,88856,8,711.161622
1780995623.885592,0.000999855,96162,9,769.407564
1780995623.886670,0.001000822,87408,8,698.689677
1780995623.887713,0.001002693,91818,9,732.571186
1780995623.888678,0.000999920,93266,9,746.187695
1780995623.889685,0.001005102,93266,9,742.340578
1780995623.890758,0.000995548,78654,7,632.045868
1780995623.892593,0.001997621,191272,24,765.999156
1780995623.893602,0.000998431,97610,9,782.107126
1780995623.894763,0.001010461,83064,8,657.632506
1780995623.895960,0.000993358,93266,9,751.116919
1780995623.896561,0.000995786,94714,9,760.918511
1780995623.897615,0.001013328,83064,8,655.771872
1780995623.898582,0.000992621,59698,5,481.134290
1780995623.900726,0.000994050,110774,11,891.496404
1780995623.900794,0.001000534,107812,10,862.035673
1780995623.901575,0.001002187,17508,2,139.758348
1780995623.902640,0.001008922,88968,8,705.449975
1780995623.903589,0.000989862,113670,11,918.673512
1780995623.904735,0.001007810,125320,12,994.790685
1780995623.905698,0.000994249,104850,9,843.651842
1780995623.906700,0.001011591,83064,8,656.897896
1780995623.910438,0.000985567,87408,8,709.504275
1780995623.910503,0.001000811,90370,9,722.374155
1780995623.910521,0.001006344,94714,9,752.935378
1780995623.910785,0.001000459,84512,8,675.785814
1780995623.911670,0.000994474,93266,9,750.274014
1780995623.912618,0.000997938,83064,8,665.885055
1780995623.913766,0.000999986,93266,9,746.138446
1780995623.914748,0.001005248,84512,8,672.566372
1780995623.915594,0.000994628,93266,9,750.157848
1780995623.916723,0.001000371,97610,9,780.590401
1780995623.917680,0.001012838,90370,9,713.796283
1780995623.918657,0.000993620,83064,8,668.778809
1780995623.919632,0.000995223,96162,9,772.988566
1780995623.920619,0.001001798,83064,8,663.319352
1780995623.921606,0.001003638,93266,9,743.423426
1780995623.922607,0.001002053,93266,9,744.599338
1780995623.923594,0.000989805,87408,8,706.466425
1780995623.924605,0.001012045,90370,9,714.355587
1780995623.925592,0.000988238,94714,9,766.730282
1780995623.926577,0.001000086,84512,8,676.037861
1780995623.927619,0.001000311,93266,9,745.896026
1780995623.928656,0.001000269,93266,9,745.927346
1780995623.929623,0.001005637,93266,9,741.945652
1780995623.930717,0.000993831,85960,8,691.948631
1780995623.931657,0.001006117,61212,6,486.718741
1780995623.932693,0.001003761,107812,10,859.264307
1780995623.933646,0.000997714,100572,10,806.419475
1780995623.934655,0.000991817,80366,11,648.232486
1780995623.935635,0.001001632,110906,13,885.802371
1780995623.936632,0.001011436,93266,9,737.691757
1780995623.937630,0.000993256,87408,8,704.011856
1780995623.938585,0.001009189,90370,9,716.377210
1780995623.939575,0.000984884,85960,8,698.234513
1780995623.940587,0.000999615,90370,9,723.238447
1780995623.941583,0.001004123,94714,9,754.600781
1780995623.942588,0.000999663,83064,8,664.736016
1780995623.943599,0.000997914,94714,9,759.295891
1780995623.944572,0.000998194,85960,8,688.924197
1780995623.945576,0.001000491,93266,9,745.761831
1780995623.946588,0.001004987,92082,13,733.000526
1780995623.947602,0.000999499,105114,13,841.333508
1780995623.948578,0.000994985,80102,7,644.045890
1780995623.949575,0.000999945,99124,10,793.035617
1780995623.950621,0.001003948,84512,8,673.437270
1780995623.951597,0.000996683,96162,9,771.856247
1780995623.952592,0.000999713,91818,9,734.754875
1780995623.953583,0.001010840,87408,8,691.765265
1780995623.954598,0.000993519,88922,9,716.016503
1780995623.955622,0.001002004,96162,9,767.757414
1780995623.956671,0.001007411,86092,10,683.669327
1780995623.957630,0.000988914,97874,13,791.769557
1780995623.958593,0.000999260,94768,10,758.705442
1780995623.959604,0.001003924,88922,9,708.595471
1780995623.960628,0.000997891,87408,8,700.741865
1780995623.961599,0.000996480,99454,15,798.442518
1780995623.962655,0.001004164,94780,10,755.095781
1780995623.963577,0.000996118,59764,6,479.975264
1780995623.964600,0.000999699,90304,8,722.649518
1780995623.965612,0.000999536,113670,11,909.782139
1780995623.966674,0.001008097,94714,9,751.626084
1780995623.967636,0.000995530,93266,9,749.478167
1780995623.968613,0.001002855,84512,8,674.171241
1780995623.969595,0.001001616,84512,9,675.005192
1780995623.970620,0.001001659,81616,8,651.846587
1780995623.971619,0.000993799,97610,9,785.752451
1780995623.972592,0.000996593,90370,9,725.431545
1780995623.973677,0.001007505,83064,8,659.561987
1780995623.974604,0.001002364,93200,8,743.841559
1780995623.975596,0.000991324,87408,8,705.383911
1780995623.976599,0.000999685,94714,9,757.950754
1780995623.977578,0.000998876,89186,13,714.290863
1780995623.978680,0.001000016,100704,12,805.619110
1780995623.979595,0.001000376,83130,9,664.790039
1780995623.980592,0.000999873,100770,13,806.262395
1780995623.981565,0.001010351,103600,12,820.308982
1780995623.982598,0.000999977,83064,8,664.527284
1780995623.983596,0.000990388,88856,8,717.746984
1780995623.984566,0.001009266,88922,9,704.844907
1780995623.985610,0.000999845,97610,9,781.001055
1780995623.986621,0.000992522,83130,9,670.050639
1780995623.987589,0.000998807,93662,15,750.190978
1780995623.988597,0.001003134,100704,12,803.115037
1780995623.989594,0.000997782,96162,9,771.006092
1780995623.990611,0.001011914,83064,8,656.688217
1780995623.991598,0.000991087,89120,12,719.371761
1780995623.992598,0.001011968,103666,13,819.519985
1780995623.993572,0.000982843,93332,10,759.690001
1780995623.994623,0.001012153,88856,8,702.312793
1780995623.995592,0.000998506,87342,7,699.781474
1780995623.996583,0.000995861,97610,9,784.125495
1780995623.997686,0.001006875,90370,9,718.023588
1780995623.998735,0.000988518,91752,8,742.541866
1780995623.999711,0.001011276,84512,8,668.557347
1780995624.000701,0.000998838,88856,8,711.674966
1780995624.001613,0.000988640,87738,13,709.969251
1780995624.002630,0.001000270,105048,12,840.157158
1780995624.003615,0.000999065,86026,9,688.852077
1780995624.004593,0.001007651,103732,14,823.554981
1780995624.005625,0.001005935,94780,10,753.766396
1780995624.006622,0.000999813,84512,8,676.222454
1780995624.007571,0.000994748,98992,8,796.117208
1780995624.008641,0.000997010,88922,9,713.509393
1780995624.009580,0.000999471,84512,8,676.453844
1780995624.010621,0.000995624,89054,11,715.563305
1780995624.011619,0.001002344,103732,14,827.915366
1780995624.012609,0.001010570,88922,9,703.935403
1780995624.013616,0.001000134,93266,9,746.028032
1780995624.014629,0.000989446,87408,8,706.722752
1780995624.015656,0.001006013,90370,9,718.638825
1780995624.016663,0.000991665,88856,8,716.822717
1780995624.017681,0.001000692,90370,9,722.460058
1780995624.018677,0.000999396,93266,9,746.578934
1780995624.019629,0.001010680,84512,8,668.951597
1780995624.020595,0.000988598,87540,10,708.397144
1780995624.021596,0.001001128,103732,14,828.920977
1780995624.022620,0.001001148,90370,9,722.130994
1780995624.023599,0.000997832,103798,15,832.188184
1780995624.024670,0.001000793,97742,11,781.316416
1780995624.025614,0.000999837,87408,8,699.377999
1780995624.026918,0.000999680,89252,14,714.244558
1780995624.027635,0.001002491,105114,13,838.822493
1780995624.028622,0.000996891,99124,10,795.465101
1780995624.029603,0.001000074,65820,10,526.521037
1780995624.030591,0.001000607,119660,14,956.699284
1780995624.031587,0.001004659,84512,8,672.960676
1780995624.032606,0.001006021,94648,8,752.652281
1780995624.033604,0.000989750,93266,9,753.855014
1780995624.034613,0.001001709,85960,8,686.506760
1780995624.035597,0.000997860,90304,8,723.981320
1780995624.036603,0.001000385,77404,10,618.993687
1780995624.037612,0.000999673,106562,13,852.774857
1780995624.038601,0.001000049,102020,10,816.120010
1780995624.039589,0.001000150,61212,6,489.622557
1780995624.040627,0.001004849,0,0,0.000000
1780995624.041590,0.000995453,54,1,0.433973
1780995624.042624,0.001001139,0,0,0.000000
1780995624.043566,0.001001787,0,0,0.000000
1780995624.044595,0.001004652,29270,3,233.075732
1780995624.045607,0.001002154,37846,3,302.117239
1780995624.046582,0.000989877,43638,3,352.674120
1780995624.047577,0.001013152,90304,8,713.053915
1780995624.048603,0.000992270,113670,11,916.444113
1780995624.049667,0.001006864,99058,9,787.061609
1780995624.050606,0.000987745,90370,9,731.929800
1780995624.051579,0.000999850,0,0,0.000000
1780995624.052616,0.001000087,91686,7,733.424192
1780995624.053648,0.001003002,104916,10,836.815879
1780995624.054615,0.000997042,116566,11,935.294601
1780995624.055637,0.001008575,109260,10,866.648489
1780995624.056639,0.001000856,110774,11,885.434068
1780995624.057729,0.000989778,91818,9,742.130053
1780995624.058614,0.001012760,85960,8,679.015759
1780995624.059604,0.000993115,90304,8,727.440427
1780995624.060595,0.000999646,85960,8,687.923525
1780995624.061597,0.001001837,87408,8,697.981807
1780995624.062608,0.000996037,100506,9,807.247120
1780995624.063575,0.000998690,77206,7,618.458180
1780995624.064581,0.001001891,97610,9,779.406143
1780995624.065634,0.001008713,96162,9,762.651022
1780995624.066600,0.000992887,91818,9,739.806242
1780995624.067693,0.000995446,84512,8,679.189027
1780995624.068696,0.001006141,93266,9,741.573994
1780995624.069620,0.001002859,90304,8,720.372455
1780995624.070756,0.000998061,71348,6,571.892900
1780995624.071620,0.000993896,71348,6,574.289463
1780995624.072656,0.001001088,0,0,0.000000
1780995624.073615,0.001005145,72796,6,579.387054
1780995624.074665,0.001000935,116566,11,931.656901
1780995624.075615,0.001009027,113670,11,901.224645
1780995624.076622,0.000982559,88790,7,722.928598
1780995624.077639,0.001000929,110774,11,885.369492
1780995624.078607,0.001005224,99124,10,788.870938
1780995624.079638,0.001003851,101954,9,812.503051
1780995624.080563,0.000993837,87474,9,704.131563
1780995624.081577,0.000996522,87408,8,701.704528
1780995624.082609,0.001009465,90370,9,716.181344
1780995624.083607,0.000990133,96162,9,776.962287
1780995624.084631,0.001001428,87672,12,700.375863
1780995624.085682,0.001003093,99190,11,791.073211
1780995624.086732,0.001009193,93266,9,739.331327
1780995624.087629,0.000986719,84512,8,685.196089
1780995624.088654,0.001005150,96162,9,765.354425
1780995624.089597,0.000994225,81616,8,656.720561
1780995624.090655,0.001001860,93266,9,744.742778
1780995624.091649,0.001005231,96162,9,765.292754
1780995624.092631,0.000993961,84512,8,680.203750
1780995624.093625,0.000998682,86092,10,689.644952
1780995624.094631,0.001000411,93596,14,748.460383
1780995624.095635,0.001000858,105048,12,839.663569
1780995624.096635,0.000999917,90370,9,723.020011
1780995624.097643,0.001004673,85960,8,684.481418
1780995624.098645,0.000999810,94714,9,757.855993
1780995624.099671,0.000998134,87408,8,700.571266
1780995624.100588,0.001010345,59698,5,472.693981
1780995624.101660,0.000987006,40742,3,330.226969
1780995624.102615,0.001008694,122292,10,969.903658
1780995624.103676,0.000991329,113670,11,917.314030
1780995624.104626,0.001012533,119462,11,943.866521
1780995624.105611,0.000987243,91818,9,744.035663
1780995624.106596,0.001006253,85960,8,683.406658
1780995624.107582,0.001002166,78720,8,628.398888
1780995624.108591,0.000994182,83394,13,671.056205
1780995624.109584,0.001004007,116764,14,930.383952
1780995624.110599,0.001004212,94714,9,754.533903
1780995624.111671,0.000996259,84512,8,678.634773
1780995624.112630,0.000992339,94714,9,763.561646
1780995624.113637,0.001003684,96162,9,766.472316
1780995624.114658,0.001003014,90370,9,720.787546
1780995624.115617,0.000993884,87408,8,703.567016
1780995624.116663,0.001004108,90370,9,720.002231
1780995624.117808,0.001000063,85960,8,687.636679
1780995624.118611,0.001003217,88988,10,709.621149
1780995624.119623,0.001006744,103666,13,823.772478
1780995624.120597,0.000986638,97676,10,791.990578
1780995624.121665,0.001007494,84446,7,670.542951
1780995624.122682,0.001001115,84512,8,675.342993
1780995624.123665,0.001000565,0,0,0.000000
1780995624.124655,0.000989109,58250,5,471.131089
1780995624.125614,0.001000235,129664,12,1037.068289
1780995624.126600,0.001004168,119462,11,951.729193
1780995624.127593,0.000996189,97544,8,783.337298
1780995624.128579,0.000999839,101954,9,815.763338
1780995624.129570,0.000999236,87408,8,699.798646
1780995624.130585,0.001008121,93266,9,740.117506
1780995624.131600,0.000998487,95044,14,761.504156
1780995624.132586,0.001005849,100704,12,800.947259
1780995624.133653,0.000987983,87474,9,708.303685
1780995624.134614,0.001013775,94714,9,747.416340
1780995624.135637,0.000997636,85960,8,689.309528
1780995624.136581,0.000994576,93266,9,750.197069
1780995624.137623,0.000995905,87408,8,702.139260
1780995624.138717,0.001005816,88922,9,707.262561
1780995624.139740,0.000995453,81814,11,657.501660
1780995624.140669,0.000998004,106496,12,853.671929
1780995624.141629,0.001006263,97610,9,776.019788
1780995624.142608,0.000992864,90370,9,728.156122
1780995624.143600,0.001002213,85960,8,686.161525
1780995624.144645,0.001011842,93266,9,737.395759
1780995624.145593,0.000991775,93266,9,752.315797
1780995624.146603,0.001001775,81748,10,652.825235
1780995624.147616,0.001006423,108076,14,859.090065
1780995624.148584,0.000990970,83130,9,671.100033
1780995624.149573,0.000995069,93530,13,751.947855
1780995624.150613,0.001001173,94846,11,757.879008
1780995624.151593,0.001000214,0,0,0.000000
1780995624.152600,0.001004117,40808,4,325.125458
1780995624.153574,0.001004883,122424,12,974.632868
1780995624.154598,0.000992304,113604,10,915.880617
1780995624.155595,0.000999817,123872,12,991.157382
1780995624.156644,0.001004795,13098,1,104.283958
1780995624.157622,0.000999972,32054,3,256.439180
1780995624.158591,0.000992223,119396,10,962.654565
1780995624.159603,0.001003469,112222,11,894.672382
1780995624.160647,0.000997680,126702,11,1015.973057
1780995624.161603,0.001005859,97544,8,775.806549
1780995624.162598,0.000993546,91818,9,739.315543
1780995624.163674,0.001000808,87606,11,700.282172
1780995624.164618,0.001006614,100638,11,799.814030
1780995624.165604,0.001003195,94714,9,755.298820
1780995624.166612,0.000991037,85960,8,693.899421
1780995624.167603,0.001004349,91818,9,731.363301
1780995624.168584,0.001007007,88856,8,705.901746
1780995624.169568,0.000986269,100572,10,815.777440
1780995624.170611,0.001006391,81616,8,648.781637
1780995624.171599,0.000996800,83064,8,666.645265
1780995624.172689,0.001008320,102284,14,811.520152
1780995624.173578,0.000989220,97808,12,790.990882
1780995624.174618,0.001012439,84578,9,668.310881
1780995624.175608,0.000991193,90304,8,728.850991
1780995624.176574,0.000996174,85960,8,690.321169
1780995624.177637,0.001010980,104916,10,830.212269
1780995624.178639,0.000989919,83064,8,671.279165
1780995624.179627,0.000998936,93200,8,746.394163
1780995624.180660,0.001000080,81682,9,653.403728
1780995624.181638,0.001010229,106628,14,844.386768
1780995624.182620,0.000991046,96228,10,776.779282
1780995624.183598,0.001004858,80300,10,639.294308
1780995624.184600,0.000998861,103732,14,830.802284
1780995624.185578,0.000997936,97676,10,783.024162
1780995624.186614,0.000997330,88856,8,712.751045
1780995624.187593,0.001000903,90370,9,722.307756
1780995624.188600,0.001008287,75890,9,602.130147
1780995624.189578,0.000995978,110972,14,891.361054
1780995624.190627,0.000995976,93332,10,749.672683
1780995624.191679,0.000998663,85960,8,688.600659
1780995624.192614,0.001010672,94714,9,749.711083
1780995624.193788,0.000990190,84512,8,682.794211
1780995624.194621,0.000999480,91818,9,734.926162
1780995624.195584,0.001011314,97610,9,772.143963
1780995624.196578,0.001002251,77404,10,617.841239
1780995624.197554,0.000986402,111038,15,900.549674
1780995624.198594,0.000999866,90436,10,723.584960
1780995624.199656,0.001005171,81682,9,650.094362
1780995624.200598,0.000999157,97874,13,783.652619
1780995624.201581,0.001002470,104982,11,837.786667
1780995624.202642,0.000996449,78654,7,631.474365
1780995624.203707,0.001003653,97610,9,778.037828
1780995624.204677,0.001004022,84710,11,674.965290
1780995624.205620,0.000989897,99256,12,802.152143
1780995624.206596,0.001003109,97676,10,778.986132
1780995624.207676,0.000997868,90370,9,724.504644
1780995624.208610,0.001003080,81748,10,651.975914
1780995624.209599,0.001002484,109458,13,873.494240
1780995624.210659,0.001007411,84578,9,671.646428
1780995624.211614,0.000986203,94714,9,768.312406
1780995624.212600,0.001009140,92082,13,729.983947
1780995624.213925,0.000990722,99256,12,801.484170
1780995624.214713,0.001001118,88922,9,710.581570
1780995624.215645,0.001009615,80300,10,636.282147
1780995624.216641,0.000988854,110972,14,897.782686
1780995624.217609,0.000999936,90436,10,723.534306
1780995624.219498,0.001005800,96162,9,764.859813
1780995624.219684,0.001009682,81616,8,646.666970
1780995624.220608,0.000989922,91752,8,741.488723
1780995624.221564,0.000999909,96162,9,769.366012
1780995624.222599,0.001001083,84512,8,675.364580
1780995624.223599,0.001002415,90568,12,722.798442
1780995624.224636,0.000992364,103600,12,835.177415
1780995624.225667,0.001007560,97676,10,775.544881
1780995624.226699,0.000990932,77206,7,623.300085
1780995624.227595,0.001000475,94714,9,757.352258
1780995624.228569,0.001002249,90370,9,721.337711
1780995624.229578,0.000998583,94714,9,758.787201
1780995624.230605,0.001000928,81616,8,652.322645
1780995624.231685,0.000997503,97610,9,782.834738
1780995624.232587,0.001008851,90370,9,716.617221
1780995624.233651,0.000993742,83130,9,669.228029
1780995624.234591,0.000997472,99058,9,794.472426
1780995624.235609,0.001003527,77272,8,616.003356
1780995624.236601,0.001002733,96162,9,767.199244
1780995624.237644,0.001002844,93266,9,744.012030
1780995624.238636,0.000992402,87408,8,704.617685
1780995624.239601,0.000998285,81682,9,654.578602
1780995624.240582,0.001012600,99322,13,784.688920
1780995624.241699,0.000988458,107878,11,873.101336
1780995624.242741,0.000999673,89186,13,713.721387
1780995624.243617,0.000999824,89054,11,712.557410
1780995624.244608,0.001012428,109326,11,863.871801
1780995624.245569,0.000986951,87342,7,707.974357
1780995624.246623,0.001010728,74310,7,588.170111
1780995624.247610,0.001002764,107878,11,860.645177
1780995624.248591,0.000998913,83064,8,665.235111
1780995624.249588,0.000993575,81748,10,658.213019
1780995624.250587,0.000994462,100704,12,810.118436
1780995624.251589,0.001001039,102020,10,815.312890
1780995624.252587,0.000999430,88790,7,710.725113
1780995624.253690,0.001010770,91818,9,726.717255
1780995624.254598,0.000989235,84578,9,683.987121
1780995624.255688,0.000999364,109656,16,877.806285
1780995624.256714,0.001004681,83130,9,661.941452
1780995624.257761,0.001005832,96162,9,764.835479
1780995624.258693,0.000993165,80300,10,646.821022
1780995624.259701,0.001003891,110972,14,884.335052
1780995624.260684,0.001001059,84512,8,675.380772
1780995624.261665,0.000996499,97610,9,783.623466
1780995624.262616,0.000995608,88922,9,714.514146
1780995624.263600,0.001011832,93266,9,737.403047
1780995624.264565,0.000999498,83064,8,664.845753
1780995624.265568,0.001000470,93530,13,747.888492
1780995624.266614,0.000997656,100638,11,806.995598
1780995624.267704,0.000990315,88988,10,718.866219
1780995624.268628,0.001000396,87408,8,698.987201
1780995624.269611,0.000998524,91818,9,735.629790
1780995624.270582,0.001009104,94714,9,750.876025
1780995624.271669,0.000994275,93266,9,750.424178
1780995624.272675,0.001004788,85960,8,684.403078
1780995624.273562,0.000992759,92082,13,742.029032
1780995624.274612,0.001010105,104982,11,831.454156
1780995624.275602,0.000996092,84512,8,678.748549
1780995624.276579,0.000996054,93266,9,749.083885
1780995624.277572,0.000997369,87408,8,701.108617
1780995624.278613,0.001005505,90370,9,719.001895
1780995624.279604,0.000995434,93266,9,749.550447
1780995624.280591,0.001011114,94978,13,751.472139
1780995624.281594,0.000989288,94846,11,766.983932
1780995624.282678,0.001005290,93332,10,742.726974
1780995624.283642,0.000994692,81748,10,657.473871
1780995624.284614,0.000998775,100770,13,807.148757
1780995624.285606,0.001011885,100572,10,795.125928
1780995624.286628,0.000998045,85960,8,689.027048
1780995624.287652,0.000992465,93266,9,751.792758
1780995624.288575,0.001001840,93266,9,744.757646
1780995624.289566,0.000998947,93266,9,746.914501
1780995624.290600,0.000999545,84512,8,676.403764
1780995624.291638,0.001002164,93266,9,744.516866
1780995624.292643,0.001008472,84512,8,670.416234
1780995624.293582,0.001000650,87408,8,698.809774
1780995624.294634,0.000987637,84644,10,685.628424
1780995624.295581,0.000998990,105180,14,842.290714
1780995624.296648,0.001003460,93332,10,744.081478
1780995624.297646,0.000996749,84512,8,678.301157
1780995624.298664,0.000998979,93266,9,746.890575
1780995624.299603,0.001005771,94714,9,753.364334
1780995624.300642,0.000998870,85960,8,688.457957
1780995624.301593,0.000998723,90370,9,723.884400
1780995624.302721,0.001001153,85960,8,686.888018
1780995624.303663,0.000997457,102284,14,820.358171
1780995624.304656,0.001009001,94780,10,751.475965
1780995624.305634,0.000996518,97610,9,783.608525
1780995624.306606,0.001001908,77338,9,617.525761
1780995624.307606,0.000995418,110972,14,891.862514
1780995624.308582,0.001000576,86026,9,687.811820
1780995624.309595,0.000995193,93266,9,749.731962
1780995624.310587,0.001009502,91818,9,727.630059
1780995624.311592,0.000990635,85960,8,694.181005
1780995624.312584,0.001005484,93266,9,742.058551
1780995624.313591,0.001005783,93266,9,741.837951
1780995624.314675,0.000999092,83064,8,665.115925
1780995624.315596,0.000990880,94714,9,764.685936
1780995624.316653,0.000999980,89054,11,712.446249
1780995624.317595,0.000999317,99256,12,794.590705
1780995624.318664,0.001010470,88922,9,704.005067
1780995624.319615,0.000988502,90370,9,731.369284
1780995624.320668,0.001012481,99058,9,782.695181
1780995624.321623,0.000996075,87474,9,702.549507
1780995624.322686,0.001005291,84512,8,672.537604
1780995624.323681,0.000985876,93266,9,756.817287
1780995624.324627,0.000999745,94714,9,757.905266
1780995624.325659,0.001006850,84512,8,671.496251
1780995624.326621,0.001002420,93266,9,744.326729
1780995624.327617,0.000991244,93266,9,752.718806
1780995624.328637,0.001010799,93266,9,738.156646
1780995624.329583,0.000997381,85960,8,689.485763
1780995624.330631,0.001000417,93266,9,745.816994
1780995624.331602,0.001000319,83064,8,664.300088
1780995624.332612,0.000990841,93266,9,753.024956
1780995624.333603,0.001009896,83064,8,658.000428
1780995624.334601,0.001000935,84512,8,675.464441
1780995624.335638,0.000996535,83262,11,668.412048
1780995624.336638,0.000992812,103666,13,835.332369
1780995624.337612,0.001005945,90436,10,719.212283
1780995624.338619,0.001000994,85960,8,686.997125
1780995624.339601,0.000998308,81682,9,654.563521
1780995624.340617,0.001004731,108142,15,861.062314
1780995624.341595,0.000998289,100572,10,805.954989
1780995624.342623,0.000999632,84512,8,676.344895
1780995624.343615,0.000992084,97610,9,787.110769
1780995624.344593,0.000999799,80168,8,641.472936
1780995624.345691,0.001001092,93266,9,745.314117
1780995624.347627,0.002001347,177778,17,710.633388
1780995624.348650,0.000997913,93266,9,747.688426
1780995624.349667,0.001001709,93266,9,744.855043
1780995624.350595,0.000997871,74310,7,595.748348
1780995624.351577,0.001000563,104916,10,838.855724
1780995624.352656,0.001003178,83064,8,662.406871
1780995624.353657,0.001009358,94714,9,750.687070
1780995624.354614,0.000986736,90370,9,732.678244
1780995624.355662,0.001012852,85894,7,678.432782
1780995624.356625,0.000987324,97610,9,790.905518
1780995624.357593,0.001003523,90370,9,720.421953
1780995624.358589,0.001006203,84512,8,671.928030
1780995624.359660,0.000999388,97610,9,781.358191
1780995624.360628,0.000990849,91818,9,741.327892
1780995624.361640,0.001011733,86224,12,681.792528
1780995624.362598,0.000988673,100638,11,814.327892
1780995624.363590,0.001003713,85960,8,685.136090
1780995624.364597,0.000996244,102020,10,819.237054
1780995624.365558,0.000999891,84512,8,676.169702
1780995624.366713,0.001000566,93266,9,745.705930
1780995624.367759,0.001000181,83064,8,664.391745
1780995624.368642,0.000999381,96162,9,769.772489
1780995624.369566,0.001001203,93266,9,745.231487
1780995624.370599,0.001000753,87408,8,698.737850
1780995624.371601,0.000998033,90370,9,724.384865
1780995624.372607,0.001014372,83064,8,655.096947
1780995624.373563,0.000986969,93266,9,755.979164
1780995624.374601,0.000998831,85960,8,688.484839
1780995624.375603,0.001005229,93266,9,742.246792
1780995624.376653,0.001000266,71414,7,571.160071
1780995624.377627,0.000999611,107746,9,862.303436
1780995624.378725,0.000997245,90516,10,726.128484
1780995624.379671,0.001003901,87408,8,696.546771
1780995624.380635,0.000999370,90370,9,723.415752
1780995624.381735,0.001004091,94714,9,754.624830
1780995624.382665,0.000995711,93266,9,749.341928
1780995624.383592,0.000994408,85960,8,691.547132
1780995624.384600,0.001000425,91818,9,734.231951
1780995624.385562,0.001002200,93266,9,744.490122
1780995624.386577,0.001002258,85960,8,686.130717
1780995624.387660,0.000995695,93266,9,749.353969
1780995624.388639,0.001009253,93266,9,739.287374
1780995624.389638,0.000997944,93266,9,747.665200
1780995624.390624,0.001002837,84512,8,674.183342
1780995624.391633,0.001002408,93266,9,744.335640
1780995624.392635,0.000994796,85960,8,691.277408
1780995624.393610,0.000991956,85960,8,693.256556
1780995624.394622,0.001001072,99124,10,792.142823
1780995624.395609,0.001001123,85960,8,686.908602
1780995624.396638,0.000999212,91818,9,735.123277
1780995624.397615,0.001012211,87474,9,691.349926
1780995624.398639,0.000987804,90548,10,733.327664
1780995624.399619,0.001006025,94714,9,753.174126
1780995624.400598,0.001003002,88856,8,708.720421
1780995624.401641,0.000999617,90370,9,723.237000
1780995624.402710,0.000990554,78852,10,636.831510
1780995624.403626,0.001012290,108076,14,854.110976
1780995624.404649,0.000999613,93332,10,746.945068
1780995624.405595,0.001001803,84512,8,674.879193
1780995624.406592,0.000985834,94714,9,768.599987
1780995624.407597,0.001006242,93266,9,741.499560
1780995624.408608,0.000993929,84512,8,680.225650
1780995624.409629,0.001000503,94714,9,757.331062
1780995624.410610,0.000999941,93266,9,746.172024
1780995624.411593,0.000999810,87408,8,699.396885
1780995624.412591,0.000999408,88922,9,711.797384
1780995624.413599,0.001009808,96162,9,761.824030
1780995624.414638,0.000997900,81682,9,654.831145
1780995624.415611,0.000994746,97610,9,785.004413
1780995624.416598,0.001010086,90370,9,715.741036
1780995624.417575,0.000988665,84512,8,683.847410
1780995624.418608,0.000998476,87408,8,700.331305
1780995624.419603,0.001001358,90370,9,721.979552
1780995624.420620,0.001002096,93266,9,744.567387
1780995624.421563,0.001000604,93266,9,745.677611
1780995624.422617,0.001004130,87408,8,696.387918
1780995624.423606,0.001000628,90370,9,722.506266
1780995624.424591,0.000992790,94714,9,763.214779
1780995624.425563,0.001001645,84512,8,674.985649
1780995624.426606,0.001001854,93266,9,744.747239
1780995624.427597,0.000995334,87408,8,702.542061
1780995624.428589,0.001000054,90370,9,722.920962
1780995624.429586,0.001001490,94714,9,756.584689
1780995624.430596,0.000998571,81616,8,653.862369
1780995624.431611,0.001013997,94714,9,747.252704
1780995624.432585,0.000991906,93200,8,751.684131
1780995624.433563,0.000995074,84512,8,679.442936
1780995624.434602,0.001006546,83064,8,660.190394
1780995624.435591,0.000992067,104916,10,846.039632
1780995624.436603,0.001001627,87408,8,698.128146
1780995624.437637,0.001004376,78720,8,627.016177
1780995624.438603,0.001004952,106364,10,846.719047
1780995624.439684,0.000995302,81616,8,656.009935
1780995624.440678,0.000994376,94714,9,761.997474
1780995624.441579,0.000999272,80102,7,641.282854
1780995624.442704,0.001001482,97676,10,780.251667
1780995624.443618,0.000999015,96162,9,770.054504
1780995624.444599,0.001000352,81616,8,652.698250
1780995624.445591,0.000999866,94714,9,757.813547
1780995624.446602,0.000999923,91818,9,734.600564
1780995624.447597,0.001000823,85960,8,687.114505
1780995624.448586,0.000998539,91884,10,736.147512
1780995624.449592,0.001006595,94714,9,752.747629
1780995624.450588,0.000997878,84512,8,677.533727
1780995624.451600,0.001004722,94714,9,754.150899
1780995624.452579,0.000994453,87672,12,705.288234
1780995624.453651,0.000996125,99256,12,797.136906
1780995624.454685,0.001000843,86212,12,689.115076
1780995624.455606,0.001005090,102350,15,814.653414
1780995624.456580,0.000999962,91884,10,735.099934
1780995624.457602,0.000994807,96162,9,773.311808
1780995624.458636,0.001014915,85960,8,677.573984
1780995624.459635,0.000999680,93266,9,746.366837
1780995624.460814,0.000998768,91818,9,735.450074
1780995624.461799,0.001001721,85960,8,686.498536
1780995624.462691,0.000998272,93266,9,747.419541
1780995624.463690,0.000987942,93266,9,755.234619
1780995624.464578,0.000998652,78918,11,632.196200
1780995624.465631,0.000999837,109458,13,875.806757
1780995624.466808,0.001006981,86026,9,683.436927
1780995624.467712,0.001001489,71414,7,570.462581
1780995624.468653,0.001006281,0,0,0.000000
1780995624.469583,0.001002289,0,0,0.000000
1780995624.470703,0.000982977,0,0,0.000000
1780995624.471668,0.001005104,0,0,0.000000
1780995624.472651,0.000996193,43638,3,350.438118
1780995624.473637,0.001002134,110708,10,883.778018
1780995624.474639,0.000997021,122292,10,981.259171
1780995624.475654,0.001007535,113670,11,902.559216
1780995624.476621,0.001005789,87408,8,695.239260
1780995624.477584,0.000986208,83064,8,673.805120
1780995624.478890,0.001010836,104982,11,830.852878
1780995624.479671,0.000996501,100770,13,808.990658
1780995624.480594,0.001000574,87606,11,700.445944
1780995624.481787,0.001005292,94714,9,753.723296
1780995624.482659,0.000988208,93266,9,755.031329
1780995624.483622,0.000998601,84512,8,677.043183
1780995624.484610,0.001003853,94714,9,754.803741
1780995624.485592,0.000998951,93266,9,746.911510
1780995624.486630,0.001010801,83064,8,657.411301
1780995624.487588,0.000995005,93266,9,749.873619
1780995624.488581,0.000998312,87408,8,700.446353
1780995624.489571,0.000993260,90370,9,727.865816
1780995624.490598,0.001000482,94714,9,757.346959
1780995624.491592,0.000999489,85960,8,688.031584
1780995624.492601,0.001009924,93266,9,738.796187
1780995624.493599,0.000997635,93266,9,747.896776
1780995624.494612,0.001007409,81616,8,648.126034
1780995624.495611,0.000989224,99058,9,801.096617
1780995624.496575,0.000996191,90370,9,725.724284
1780995624.497555,0.000999402,85960,8,688.091479
1780995624.498615,0.001008331,90370,9,716.986783
1780995624.499686,0.001000162,100506,9,803.917765
1780995624.500615,0.001000422,68716,10,549.496113
1780995624.501662,0.000991905,103600,12,835.563890
1780995624.502628,0.001009736,99190,11,785.868782
1780995624.503726,0.001000724,99322,13,794.001143
1780995624.504670,0.000989828,91950,11,743.159418
1780995624.505631,0.001005046,97676,10,777.484812
1780995624.506650,0.001003943,87408,8,696.517631
1780995624.507650,0.000991394,80234,9,647.443902
1780995624.508690,0.000999640,109524,14,876.507543
1780995624.509711,0.001000046,87474,9,699.759811
1780995624.510610,0.001001487,99124,10,791.814572
1780995624.511738,0.000998010,87408,8,700.658310
1780995624.512629,0.001010014,88922,9,704.322910
1780995624.513597,0.000995113,94714,9,761.433124
1780995624.514596,0.000998444,81616,8,653.945539
1780995624.515586,0.000996249,93266,9,748.937264
1780995624.516592,0.001003591,85960,8,685.219377
1780995624.517657,0.001002855,93266,9,744.003869
1780995624.518607,0.001003414,94714,9,755.133973
1780995624.519687,0.000992990,83064,8,669.203114
1780995624.520612,0.000996527,83064,8,666.827893
1780995624.521631,0.001006767,93266,9,741.112889
1780995624.522616,0.000993760,87408,8,703.654806
1780995624.523763,0.001013508,90370,9,713.324414
1780995624.524660,0.000997187,97610,9,783.082812
1780995624.525684,0.001000882,81616,8,652.352625
1780995624.526618,0.000989561,93266,9,753.998996
1780995624.527666,0.001010942,84512,8,668.778229
1780995624.528655,0.000999626,83064,8,664.760620
1780995624.529590,0.000997021,93266,9,748.357357
1780995624.530603,0.000996761,93266,9,748.552562
1780995624.531591,0.000994773,78720,8,633.069052
1780995624.532593,0.001000926,103864,16,830.143287
1780995624.533590,0.001003519,88988,10,709.407595
