# R_arrival samples from kprobe:tbf_enqueue
# interval_seconds=0.001000000
timestamp,interval_seconds,bytes,packets,r_arrival_mbit
# bpftrace: Attaching 2 probes...
1781138865.138688,0.001011644,0,0,0.000000
1781138865.138970,0.000990681,0,0,0.000000
1781138865.139051,0.000998543,0,0,0.000000
1781138865.139173,0.000998651,0,0,0.000000
1781138865.139270,0.001001500,0,0,0.000000
1781138865.139352,0.001006145,0,0,0.000000
1781138865.139427,0.000999674,0,0,0.000000
1781138865.139509,0.000996663,0,0,0.000000
1781138865.139572,0.001007074,0,0,0.000000
1781138865.139663,0.000991300,0,0,0.000000
1781138865.139745,0.001007023,0,0,0.000000
1781138865.139872,0.000988788,0,0,0.000000
1781138865.139921,0.001000838,0,0,0.000000
1781138865.139982,0.001009166,0,0,0.000000
1781138865.140081,0.000994093,0,0,0.000000
1781138865.140146,0.001010426,0,0,0.000000
1781138865.140210,0.000988802,0,0,0.000000
1781138865.140292,0.001008349,0,0,0.000000
1781138865.140357,0.000995411,0,0,0.000000
1781138865.140419,0.001008242,0,0,0.000000
1781138865.140498,0.000996394,0,0,0.000000
1781138865.140575,0.001000380,0,0,0.000000
1781138865.140662,0.000998827,0,0,0.000000
1781138865.140723,0.001000263,0,0,0.000000
1781138865.140808,0.000993939,0,0,0.000000
1781138865.140905,0.001004133,0,0,0.000000
1781138865.140950,0.000991682,0,0,0.000000
1781138865.141015,0.001009888,0,0,0.000000
1781138865.141058,0.000990096,0,0,0.000000
1781138865.141126,0.001005234,0,0,0.000000
1781138865.141204,0.000994067,0,0,0.000000
1781138865.141288,0.001000618,0,0,0.000000
1781138865.141351,0.001011138,0,0,0.000000
1781138865.141435,0.000988769,0,0,0.000000
1781138865.141499,0.001006650,0,0,0.000000
1781138865.141566,0.001001177,0,0,0.000000
1781138865.141651,0.000992350,0,0,0.000000
1781138865.141718,0.000999946,0,0,0.000000
1781138865.141849,0.001003340,0,0,0.000000
1781138865.141929,0.000996412,0,0,0.000000
1781138865.142008,0.001003217,0,0,0.000000
1781138865.142074,0.001000241,0,0,0.000000
1781138865.142154,0.000997221,0,0,0.000000
1781138865.142232,0.001004211,0,0,0.000000
1781138865.142376,0.001007482,0,0,0.000000
1781138865.142456,0.000987926,0,0,0.000000
1781138865.142503,0.001001062,0,0,0.000000
1781138865.142581,0.001009799,0,0,0.000000
1781138865.142685,0.001000402,0,0,0.000000
1781138865.142877,0.000994817,0,0,0.000000
1781138865.142960,0.000999600,0,0,0.000000
1781138865.143025,0.001008962,0,0,0.000000
1781138865.143070,0.000996880,0,0,0.000000
1781138865.143779,0.000999236,0,0,0.000000
1781138865.144747,0.001005437,0,0,0.000000
1781138865.145901,0.001004807,0,0,0.000000
1781138865.146765,0.000991864,0,0,0.000000
1781138865.147733,0.000995763,0,0,0.000000
1781138865.148723,0.001000484,0,0,0.000000
1781138865.149705,0.000997369,0,0,0.000000
1781138865.150708,0.001006524,0,0,0.000000
1781138865.151691,0.001004533,0,0,0.000000
1781138865.152669,0.000996115,0,0,0.000000
1781138865.153650,0.000991910,0,0,0.000000
1781138865.154681,0.001009459,0,0,0.000000
1781138865.155689,0.000991253,0,0,0.000000
1781138865.156710,0.001000879,0,0,0.000000
1781138865.157716,0.001008887,0,0,0.000000
1781138865.158846,0.000990353,0,0,0.000000
1781138865.159811,0.001001710,0,0,0.000000
1781138865.163043,0.001010199,24814,3,196.507817
1781138865.163111,0.000987826,194890,13,1578.334646
1781138865.163129,0.001010573,121042,13,958.204900
1781138865.163780,0.000998130,125254,11,1003.909310
1781138865.164739,0.001004254,123740,10,985.726719
1781138865.165713,0.000996080,126504,8,1016.014778
1781138865.166730,0.001007547,110510,7,877.457826
1781138865.167718,0.000984345,126504,8,1028.127333
1781138865.168687,0.000999301,100572,10,805.138792
1781138865.169707,0.001006820,125188,10,994.720010
1781138865.170721,0.000996609,107680,8,864.371082
1781138865.171746,0.001010273,132428,10,1048.651206
1781138865.172729,0.000987813,104888,8,849.456324
1781138865.173701,0.000999716,106166,7,849.569278
1781138865.174734,0.001002267,103468,10,825.871749
1781138865.175727,0.000997714,104916,10,841.251100
1781138865.176689,0.001006551,114986,9,913.901034
1781138865.177922,0.001002405,107680,8,859.373207
1781138865.178820,0.000992210,145394,9,1172.284093
1781138865.179697,0.001007871,107614,7,854.188681
1781138865.180940,0.000989949,123608,8,998.903984
1781138865.182045,0.001004697,141182,11,1124.175747
1781138865.183088,0.000999044,101888,8,815.883985
1781138865.183921,0.000997191,114920,8,921.949757
1781138865.185021,0.001008753,123608,8,980.283578
1781138865.186017,0.000992626,110510,7,890.647636
1781138865.187547,0.001004610,113604,10,904.661510
1781138865.187857,0.000993418,113604,10,914.853566
1781138865.188998,0.001013031,116434,9,919.490124
1781138865.189800,0.000997569,128084,10,1027.169048
1781138865.190856,0.000993462,112024,8,902.089864
1781138865.192448,0.000999086,124924,6,1000.306280
1781138865.192655,0.000997588,40676,2,326.194782
1781138865.194467,0.001000252,84706,9,677.477276
1781138865.194673,0.000998237,113670,11,910.966033
1781138865.195679,0.001002240,120778,9,964.064496
1781138865.196668,0.001003579,81550,7,650.073387
1781138865.197790,0.001003558,110510,7,880.945596
1781138865.198703,0.000990356,117750,7,951.173114
1781138865.199714,0.001011791,125056,8,988.789187
1781138865.200685,0.000993267,119198,7,960.048003
1781138865.201675,0.001005682,109260,10,869.141538
1781138865.202772,0.000993297,128084,10,1031.586726
1781138865.204023,0.001004352,117816,8,938.443892
1781138865.204850,0.001002369,122160,8,974.970295
1781138865.207302,0.000991534,116302,7,938.360157
1781138865.213389,0.000999067,103270,7,826.931527
1781138865.213685,0.001002284,123674,9,987.137378
1781138865.213767,0.000999935,125254,11,1002.097136
1781138865.214670,0.000997209,128084,10,1027.539864
1781138865.214770,0.001006058,120712,8,959.881041
1781138865.215384,0.001002692,113406,7,904.812245
1781138865.215479,0.001000398,120712,8,965.311806
1781138865.215622,0.000994502,125056,8,1005.978872
1781138865.215705,0.001007888,110708,10,878.732558
1781138865.217283,0.000988835,125188,10,1012.812046
1781138865.217508,0.001011819,125188,10,989.805489
1781138865.219514,0.001002443,119198,7,951.260072
1781138865.221355,0.000985753,117816,8,956.150273
1781138865.221533,0.001000135,107614,7,860.795793
1781138865.221653,0.001004634,116632,12,928.752162
1781138865.221754,0.001006971,123740,10,983.067040
1781138865.223591,0.000996869,126570,9,1015.740283
1781138865.223741,0.001004620,112090,9,892.596206
1781138865.224681,0.000996645,125056,8,1003.815802
1781138865.225715,0.000993314,125056,8,1007.182019
1781138865.226715,0.001000018,114788,6,918.287471
1781138865.227732,0.001009422,107812,10,854.445415
1781138865.228705,0.000993649,129598,11,1043.410701
1781138865.230161,0.001002273,109194,9,871.570919
1781138865.230709,0.000991252,125056,8,1009.277157
1781138865.231977,0.001000260,125056,8,1000.187951
1781138865.233070,0.001007543,125056,8,992.958117
1781138865.234008,0.001002494,110708,10,883.460649
1781138865.235327,0.001003405,128084,10,1021.194832
1781138865.236252,0.000992758,110642,9,891.592916
1781138865.236777,0.000993561,130914,9,1054.099346
1781138865.237710,0.000998921,94582,7,757.473314
1781138865.238722,0.001013905,97676,10,770.691534
1781138865.239690,0.000995480,123806,11,994.945152
1781138865.240679,0.000996747,126702,11,1016.924054
1781138865.241679,0.000993863,95964,6,772.452541
1781138865.242691,0.001000884,110510,7,883.299164
1781138865.243704,0.001006950,106100,6,842.941556
1781138865.244718,0.001000089,97610,9,780.810508
1781138865.245683,0.000993670,106232,8,855.269858
1781138865.246694,0.000999209,116500,10,932.737796
1781138865.247702,0.001006284,97544,8,775.478891
1781138865.248816,0.000994436,106166,7,854.080102
1781138865.250509,0.000998868,119264,8,955.193279
1781138865.250747,0.001013290,91938,11,725.857356
1781138865.252318,0.000986250,104850,9,850.494297
1781138865.255715,0.001012034,112090,9,886.057188
1781138865.255767,0.000988729,114920,8,929.840229
1781138865.255787,0.001003776,126504,8,1008.224943
1781138865.256108,0.001007114,112090,9,890.385795
1781138865.257272,0.000989278,115118,11,930.925382
1781138865.257751,0.001000605,112090,9,896.177812
1781138865.259161,0.001003740,117816,8,939.016080
1781138865.259715,0.000996387,122160,8,980.823716
1781138865.261188,0.001003515,149738,9,1193.708116
1781138865.261717,0.000997975,107878,11,864.775170
1781138865.263232,0.001004974,125188,10,996.547174
1781138865.263729,0.000994143,119330,9,960.264268
1781138865.265550,0.001010586,110642,9,875.864103
1781138865.265769,0.000996510,130848,8,1050.450071
1781138865.266701,0.000994362,123608,8,994.470827
1781138865.267883,0.001000246,135324,10,1082.325748
1781138865.268813,0.001001247,116500,10,930.839243
1781138865.270213,0.000994951,120778,9,971.127221
1781138865.271031,0.001013807,109062,7,860.613509
1781138865.271757,0.000986668,111958,7,907.766341
1781138865.272674,0.001004752,127952,8,1018.774782
1781138865.273651,0.000994400,122160,8,982.783588
1781138865.274716,0.001006079,126504,8,1005.917030
1781138865.275685,0.000999344,106232,8,850.413871
1781138865.276651,0.000994784,122292,10,983.465757
1781138865.277649,0.001000562,133876,10,1070.406432
1781138865.278695,0.001009182,114920,8,910.995242
1781138865.279711,0.000990993,129400,8,1044.608791
1781138865.280688,0.001005302,120712,8,960.602884
1781138865.281676,0.000996640,113472,8,910.836410
1781138865.283193,0.000998226,112156,10,898.842547
1781138865.283741,0.000999912,117948,10,943.667043
1781138865.285485,0.001009361,119330,9,945.786493
1781138865.286464,0.001003181,106166,7,846.634855
1781138865.286771,0.000987829,98860,6,800.624400
1781138865.287675,0.000999759,116434,9,931.696539
1781138865.288665,0.001004275,119462,11,951.627791
1781138865.289711,0.000997264,42190,3,338.445988
1781138865.290887,0.001008890,136772,10,1084.534488
1781138865.291740,0.000994734,114986,9,924.757774
1781138865.292778,0.000994466,110510,7,888.999724
1781138865.294116,0.001005206,106166,7,844.929298
1781138865.294835,0.000995273,125056,8,1005.199578
1781138865.295813,0.001000464,125056,8,999.984007
1781138865.296771,0.001000040,123476,6,987.768489
1781138865.297752,0.001012010,126438,7,999.500005
1781138865.298776,0.000987207,103336,8,837.400869
1781138865.299703,0.001006205,117816,8,936.715679
1781138865.300705,0.000999185,101888,8,815.768852
1781138865.301715,0.000994803,107614,7,865.409533
1781138865.302725,0.001012252,126504,8,999.782663
1781138865.304496,0.000988396,71414,7,578.019336
1781138865.304718,0.001000864,120976,12,966.972536
1781138865.305698,0.001005977,98992,8,787.230722
1781138865.306706,0.000996475,126636,10,1016.671768
1781138865.307699,0.000996543,123674,9,992.824193
1781138865.309086,0.001003306,93134,7,742.616909
1781138865.309671,0.000996634,109260,10,877.032090
1781138865.312767,0.000999111,116566,11,933.357755
1781138865.312819,0.002004052,190546,13,760.642937
1781138865.313737,0.001002086,112024,8,894.326435
1781138865.314734,0.001005432,82866,5,659.346430
1781138865.315809,0.000991346,97544,8,787.164118
1781138865.316670,0.001003866,119396,10,951.489541
1781138865.317700,0.001004592,114986,9,915.683183
1781138865.320499,0.000988972,128084,10,1036.098090
1781138865.320547,0.000999438,114920,8,919.876971
1781138865.320704,0.001000622,125056,8,999.826108
1781138865.321813,0.001008134,151318,11,1200.776881
1781138865.322689,0.000991452,115118,11,928.884101
1781138865.323888,0.001000787,113538,9,907.589727
1781138865.324783,0.001006880,130914,9,1040.155729
1781138865.326472,0.000992284,111958,7,902.628683
1781138865.326701,0.001010283,113472,8,898.536351
1781138865.327668,0.000995346,132296,8,1063.316676
1781138865.328684,0.001001414,101888,8,813.953070
1781138865.329667,0.000992981,113538,9,914.724451
1781138865.330703,0.000999596,128084,10,1025.086135
1781138865.331693,0.001001084,112236,10,896.915743
1781138865.332661,0.001004740,132362,9,1053.900512
1781138865.333658,0.000998299,120712,8,967.341448
1781138865.334819,0.000997086,110510,7,886.663738
1781138865.335725,0.001000940,125056,8,999.508462
1781138865.336752,0.001007237,139602,9,1108.791675
1781138865.337730,0.000993652,123740,10,996.244158
1781138865.340534,0.000997850,122226,9,979.914817
1781138865.340706,0.001009152,112090,9,888.587646
1781138865.340892,0.000991247,128018,9,1033.187490
1781138865.341833,0.001014153,123608,8,975.063920
1781138865.342701,0.000985071,111958,7,909.238014
1781138865.343707,0.001006902,123608,8,982.085645
1781138865.344656,0.000993738,126438,7,1017.877952
1781138865.345683,0.001010774,104916,10,830.381470
1781138865.346791,0.000997146,117882,9,945.755185
1781138865.347772,0.001003649,128018,9,1020.420486
1781138865.348726,0.000987328,123608,8,1001.555714
1781138865.349707,0.001000738,110510,7,883.428030
1781138865.350736,0.001003365,237014,8,1889.752981
1781138865.351678,0.000995981,125056,8,1004.485025
1781138865.352679,0.001011727,126504,8,1000.301465
1781138865.353683,0.000996872,107746,9,864.672696
1781138865.354779,0.001004099,125188,10,997.415593
1781138865.355922,0.000999965,126636,10,1013.123459
1781138865.356678,0.000988248,113538,9,919.105326
1781138865.357674,0.000998994,130848,8,1047.838125
1781138865.358713,0.001006079,123608,8,982.889018
1781138865.359678,0.001001329,126438,7,1010.161495
1781138865.360674,0.001003138,107548,6,857.692561
1781138865.361677,0.001002270,123674,9,987.151167
1781138865.362717,0.000996966,120844,10,969.694052
1781138865.363838,0.000998077,116434,9,933.266672
1781138865.364681,0.000994570,130914,9,1053.029953
1781138865.365777,0.000997631,110510,7,886.179359
1781138865.366702,0.001000196,127952,8,1023.415411
1781138865.367688,0.001005034,125056,8,995.436970
1781138865.368674,0.001001204,106166,7,848.306639
1781138865.369677,0.000994833,127820,6,1027.871010
1781138865.370764,0.000998639,110576,8,885.813592
1781138865.371756,0.001000865,122226,9,976.962927
1781138865.372718,0.001007356,128018,9,1016.665409
1781138865.373717,0.000998818,125056,8,1001.631929
1781138865.374710,0.000997125,117750,7,944.716059
1781138865.375674,0.000998216,109260,10,875.642146
1781138865.376674,0.000999167,113538,9,909.061248
1781138865.377674,0.001004980,125188,10,996.541225
1781138865.378685,0.001008019,125122,9,993.013029
1781138865.379684,0.000999405,125056,8,1001.043621
1781138865.380663,0.000995229,122094,7,981.434424
1781138865.381646,0.000990875,120712,8,974.589126
1781138865.382716,0.001011402,109062,7,862.659951
1781138865.383689,0.000998074,120712,8,967.559520
1781138865.384761,0.000990631,113538,9,916.894383
1781138865.386043,0.001012266,125122,9,988.846805
1781138865.386705,0.000990385,123674,9,998.997360
1781138865.387681,0.000997790,119264,8,956.225258
1781138865.388663,0.001000203,126504,8,1011.826599
1781138865.389913,0.000999447,123608,8,989.411144
1781138865.390848,0.001004377,127952,8,1019.155158
1781138865.391706,0.001003094,98926,7,788.966936
1781138865.392759,0.000992034,93200,8,751.587143
1781138865.393710,0.001006130,126636,10,1006.915607
1781138865.394757,0.001001620,129466,9,1034.052834
1781138865.395721,0.000994735,116368,8,935.871363
1781138865.397190,0.001008254,107614,7,853.864205
1781138865.397710,0.001001960,119396,10,953.299533
1781138865.399169,0.000994807,103336,8,831.003401
1781138865.399741,0.001004619,122292,10,973.837843
1781138865.400735,0.000989330,113538,9,918.100128
1781138865.401730,0.000998863,129400,8,1036.378362
1781138865.402799,0.001000003,123608,8,988.861033
1781138865.404190,0.001005717,113538,9,903.140744
1781138865.404706,0.000994513,112156,10,902.198362
1781138865.405727,0.001004483,116500,10,927.840491
1781138865.406687,0.001001632,116434,9,929.954315
1781138865.407715,0.000996509,112024,8,899.331566
1781138865.408700,0.000997198,152766,11,1225.562025
1781138865.409653,0.001004291,112222,11,893.940103
1781138865.411245,0.000996003,94648,8,760.222610
1781138865.411732,0.001005665,123740,10,984.343693
1781138865.413464,0.000995661,106166,7,853.029294
1781138865.413763,0.001012564,130914,9,1034.316843
1781138865.416358,0.000986078,100308,6,813.793635
1781138865.416513,0.001000204,110576,8,884.427577
1781138865.416813,0.001001966,113670,11,907.575706
1781138865.417832,0.000998345,106298,9,851.793719
1781138865.418749,0.001003329,126636,10,1009.726620
1781138865.419771,0.001008167,109062,7,865.428049
1781138865.420710,0.000999645,127952,8,1023.979513
1781138865.421655,0.000991878,101888,8,821.778485
1781138865.422695,0.000996010,125320,12,1006.576239
1781138865.423664,0.001004612,119396,10,950.782989
1781138865.424666,0.001009433,129532,10,1026.572343
1781138865.425686,0.000997878,110510,7,885.960007
1781138865.426775,0.001001967,123608,8,986.922723
1781138865.427682,0.000986725,130848,8,1060.867010
1781138865.428715,0.001011813,122094,7,965.348340
1781138865.429688,0.000993440,104850,9,844.338863
1781138865.430738,0.001003325,130980,10,1044.367478
1781138865.431682,0.000990757,110642,9,893.393637
1781138865.432672,0.001000204,126570,9,1012.353480
1781138865.433669,0.001013067,130848,8,1033.282103
1781138865.434710,0.000999140,123608,8,989.715155
1781138865.435735,0.000988661,109062,7,882.502698
1781138865.436677,0.001001376,126504,8,1010.641357
1781138865.437769,0.001010999,104652,6,828.107644
1781138865.438710,0.000994240,238528,10,1919.279047
1781138865.439695,0.000994972,123674,9,994.391802
1781138865.440683,0.000999011,112090,9,897.607734
1781138865.441664,0.001005535,126504,8,1006.461237
1781138865.442713,0.000993913,107614,7,866.184465
1781138865.443703,0.000999718,126570,9,1012.845622
1781138865.444661,0.001005713,123806,11,984.821714
1781138865.445666,0.001006998,122292,10,971.537183
1781138865.446883,0.000996352,117882,9,946.508864
1781138865.447705,0.000991393,128084,10,1033.567919
1781138865.448663,0.001004971,113406,7,902.760378
1781138865.449677,0.000997079,127952,8,1026.614742
1781138865.450724,0.000999566,42190,3,337.666547
1781138865.451666,0.001001569,148488,12,1186.043098
1781138865.452669,0.000995498,115052,10,924.578452
1781138865.453647,0.001000279,125254,11,1001.752511
1781138865.454711,0.001004618,116434,9,927.190235
1781138865.455705,0.000998251,129400,8,1037.013737
1781138865.456690,0.001011674,123608,8,977.453211
1781138865.457683,0.000989191,107614,7,870.319281
1781138865.458696,0.001000533,127952,8,1023.070703
1781138865.459687,0.000995376,116368,8,935.268682
1781138865.460659,0.001004659,119264,8,949.687406
1781138865.461671,0.000995678,123740,10,994.217006
1781138865.462704,0.001009314,129466,9,1026.170250
1781138865.463688,0.000991169,125056,8,1009.361673
1781138865.464767,0.001006448,114854,7,912.945329
1781138865.465728,0.001005360,104784,8,833.802817
1781138865.466794,0.000987632,97544,8,790.124257
1781138865.467741,0.001008382,110642,9,877.778461
1781138865.468797,0.000998553,113472,8,909.091455
1781138865.469677,0.000996489,109062,7,875.570127
1781138865.470711,0.000997905,125056,8,1002.548339
1781138865.471907,0.001010771,125056,8,989.787004
1781138865.472831,0.000993598,124990,7,1006.362734
1781138865.473716,0.000994170,120646,7,970.827927
1781138865.474710,0.001006931,111958,7,889.498883
1781138865.475688,0.000992967,115052,10,926.935135
1781138865.476659,0.001004233,128084,10,1020.352846
1781138865.477674,0.000995994,110642,9,888.696117
1781138865.478704,0.001011184,125122,9,989.904904
1781138865.479686,0.000988559,125056,8,1012.026596
1781138865.480652,0.001000616,120646,7,964.573823
1781138865.481651,0.000999424,125056,8,1001.024590
1781138865.482702,0.001004888,110510,7,879.779637
1781138865.483654,0.000995211,131046,11,1053.412794
1781138865.484668,0.001011159,113472,8,897.757919
1781138865.485648,0.000988734,126636,10,1024.631498
1781138865.486699,0.001000749,125056,8,999.699225
1781138865.487694,0.001005602,109062,7,867.635506
1781138865.488750,0.001010834,234118,8,1852.870006
1781138865.489686,0.000994592,124990,7,1005.356970
1781138865.490795,0.000989176,115052,10,930.487598
1781138865.491810,0.001001253,125188,10,1000.250686
1781138865.492753,0.001004865,122292,10,973.599439
1781138865.493735,0.000994176,116368,8,936.397580
1781138865.494717,0.001008742,123608,8,980.294268
1781138865.495703,0.001000628,126504,8,1011.396843
1781138865.496674,0.000989293,126504,8,1022.985101
1781138865.497698,0.001003235,106100,6,846.062986
1781138865.498779,0.001008021,130980,10,1039.502153
1781138865.499768,0.000993075,119396,10,961.828663
1781138865.500687,0.000997473,114986,9,922.218446
1781138865.501666,0.001011583,127952,8,1011.895218
1781138865.502782,0.000987551,111958,7,906.954679
1781138865.503801,0.001004815,123608,8,984.125436
1781138865.504772,0.001001157,127952,8,1022.433045
1781138865.505698,0.001002106,125056,8,998.345484
1781138865.506717,0.000996299,104586,5,839.796085
1781138865.508015,0.000999123,101888,8,815.819474
1781138865.508653,0.000995807,138286,11,1110.946197
1781138865.509750,0.001002308,112090,9,894.655136
1781138865.510947,0.001006338,125056,8,994.147096
1781138865.512032,0.000994469,125056,8,1006.012254
1781138865.512995,0.000996916,117750,7,944.914115
1781138865.513945,0.001002910,127886,7,1020.119452
1781138865.515190,0.000998038,109062,7,874.211202
1781138865.515997,0.001006535,124924,6,992.903376
1781138865.517164,0.001004408,106232,8,846.126275
1781138865.518167,0.000995578,125122,9,1005.421976
1781138865.518687,0.000995480,125188,10,1006.051352
1781138865.520196,0.001002473,125056,8,997.979995
1781138865.520678,0.000995583,109128,8,876.897255
1781138865.521693,0.001003601,126768,12,1010.505171
1781138865.522803,0.000996447,125320,12,1006.134797
1781138865.523719,0.001006513,113538,9,902.426496
1781138865.524677,0.000995989,126570,9,1016.637734
1781138865.525663,0.001001990,129400,8,1033.144043
1781138865.526710,0.000998048,106166,7,850.989131
1781138865.527659,0.000996386,125056,8,1004.076733
1781138865.528667,0.001007567,124924,6,991.886396
1781138865.529773,0.000992710,124924,6,1006.731069
1781138865.530685,0.001011566,108930,5,861.476167
1781138865.531784,0.000991889,116500,10,939.621268
1781138865.532685,0.001004740,126636,10,1008.308617
1781138865.533789,0.000995698,110510,7,887.899745
1781138865.534719,0.001007888,125056,8,992.618227
1781138865.535755,0.000989345,125056,8,1011.222577
1781138865.536690,0.000998717,125122,9,1002.261902
1781138865.538036,0.001010374,117948,10,933.895765
1781138865.538743,0.000990877,119396,10,963.962227
1781138865.539699,0.001004989,129532,10,1031.111783
1781138865.540740,0.001002953,113472,8,905.103230
1781138865.541717,0.000990817,123608,8,998.028899
1781138865.542769,0.001002841,109062,7,870.024261
1781138865.543730,0.001005375,129400,8,1029.665548
1781138865.544658,0.000998250,113670,11,910.954170
1781138865.545658,0.001003345,138286,11,1102.599804
1781138865.546717,0.000992759,114986,9,926.597492
1781138865.547676,0.001007139,125122,9,993.880686
1781138865.548741,0.000993002,110510,7,890.310392
1781138865.549674,0.000999647,126504,8,1012.389373
1781138865.550777,0.000997755,126504,8,1014.309124
1781138865.551813,0.001000571,116434,9,930.940433
1781138865.552676,0.001005613,117882,9,937.792173
1781138865.553726,0.001004814,126636,10,1008.234360
1781138865.554768,0.000993169,129466,9,1042.851720
1781138865.555930,0.000999868,114854,7,918.953302
1781138865.556702,0.001004720,125056,8,995.748069
1781138865.557733,0.000996070,126504,8,1016.024978
1781138865.558691,0.000995975,107614,7,864.391174
1781138865.559801,0.001001801,142498,9,1137.934580
1781138865.560761,0.001011595,129532,10,1024.378333
1781138865.561655,0.000985639,128084,10,1039.601720
1781138865.562701,0.001011400,119264,8,943.357722
1781138865.563742,0.000989211,125056,8,1011.359558
1781138865.564860,0.001008846,109062,7,864.845576
1781138865.565736,0.000990695,130848,8,1056.615810
1781138865.566719,0.001014123,125056,8,986.515442
1781138865.567695,0.000986308,97544,8,791.184904
1781138865.568658,0.001000210,128084,10,1024.456864
1781138865.569662,0.001000186,125188,10,1001.317755
1781138865.570689,0.000999863,117882,9,943.185216
1781138865.571718,0.001001557,130848,8,1045.156691
1781138865.572795,0.000997648,109062,7,874.552949
1781138865.573673,0.001000026,126504,8,1012.005688
1781138865.574682,0.001000232,125056,8,1000.215950
1781138865.575700,0.001000232,106100,6,848.603124
1781138865.576708,0.001009905,128084,10,1014.622167
1781138865.577799,0.000991286,114986,9,927.974369
1781138865.578699,0.001002688,119330,9,952.080807
1781138865.579710,0.001008151,129466,9,1027.354037
1781138865.580701,0.000998404,81616,8,653.971739
1781138865.581700,0.001000164,113736,12,909.738803
1781138865.582684,0.001001132,103402,9,826.280650
1781138865.583719,0.000992123,112090,9,903.839544
1781138865.584659,0.000995684,110576,8,888.442518
1781138865.585674,0.001007687,125056,8,992.816222
1781138865.586732,0.001002581,116302,7,928.020778
1781138865.587682,0.000997565,126504,8,1014.502313
1781138865.588683,0.000993471,117750,7,948.190737
1781138865.589676,0.000998461,106232,8,851.165944
1781138865.590702,0.001000237,126636,10,1012.847955
1781138865.591704,0.001001304,116368,8,929.731630
1781138865.592670,0.001010923,110510,7,874.527536
1781138865.593664,0.001000414,127952,8,1023.192398
1781138865.594714,0.000989921,111958,7,904.783311
1781138865.595674,0.001002003,126504,8,1010.008952
1781138865.596673,0.000995698,130848,8,1051.306722
1781138865.597667,0.001004452,103402,9,823.549557
1781138865.598692,0.001009202,125188,10,992.372191
1781138865.599696,0.001000035,123608,8,988.829391
1781138865.600703,0.000993627,126570,9,1019.054434
1781138865.601681,0.000997266,116302,7,932.966731
1781138865.602709,0.001004679,111958,7,891.492706
1781138865.603690,0.000996841,123542,7,991.468048
1781138865.604679,0.000996501,120778,9,969.616689
1781138865.605693,0.000997408,104850,9,840.979820
1781138865.606737,0.001009236,100440,8,796.166605
1781138865.607680,0.000995469,130914,9,1052.078970
1781138865.608708,0.001011587,107614,7,851.050874
1781138865.609717,0.000987438,104718,7,848.401621
1781138865.611042,0.001004948,113670,11,904.882641
1781138865.611845,0.000992160,115052,10,927.689082
1781138865.612745,0.001009107,126636,10,1003.945072
1781138865.613723,0.000994094,125188,10,1007.454023
1781138865.614724,0.001009915,109062,7,863.930133
1781138865.615738,0.000986767,125056,8,1013.864469
1781138865.616669,0.001003627,125056,8,996.832489
1781138865.617674,0.000995496,120646,7,969.534785
1781138865.619360,0.001011847,100374,7,793.590335
1781138865.619664,0.000988765,109260,10,884.011873
1781138865.620713,0.001010826,100440,8,794.914258
1781138865.621683,0.000988970,125188,10,1012.673792
1781138865.622679,0.001000380,107614,7,860.584978
1781138865.623671,0.001008077,115118,11,913.565134
1781138865.624668,0.000998264,101954,9,817.050399
1781138865.625737,0.000999587,112156,10,897.618717
1781138865.626689,0.000993683,106166,7,854.727312
1781138865.627690,0.000999089,120712,8,966.576551
1781138865.629728,0.002005538,235566,15,939.662076
1781138865.630704,0.001009314,125056,8,991.215816
1781138865.631802,0.000991641,124990,7,1008.348788
1781138865.632847,0.001001581,119198,7,952.078763
1781138865.633775,0.000994353,117948,10,948.942679
1781138865.634716,0.001010281,114986,9,910.526873
1781138865.635689,0.000994827,126570,9,1017.825210
1781138865.636661,0.000994968,126504,8,1017.150300
1781138865.637655,0.000997488,106166,7,851.466885
1781138865.638680,0.001000745,125056,8,999.703221
1781138865.639702,0.001007873,139602,9,1108.091992
1781138865.640754,0.000997537,126702,11,1016.118700
1781138865.641736,0.001007974,116368,8,923.579378
1781138865.642722,0.000991116,122226,9,986.572712
1781138865.643686,0.001001296,127952,8,1022.291111
1781138865.644698,0.001001772,144012,10,1150.058097
1781138865.645674,0.000992540,110774,11,892.852681
1781138865.646792,0.001005889,100440,8,798.815774
1781138865.647680,0.001004132,112090,9,893.030000
1781138865.648704,0.000989644,97412,6,787.450841
1781138865.649697,0.000999884,127952,8,1023.734753
1781138865.650703,0.001000861,125056,8,999.587355
1781138865.651684,0.000999290,122292,10,979.031112
1781138865.652659,0.001004123,109326,11,871.016798
1781138865.653652,0.000995519,119462,11,959.997750
1781138865.654715,0.001014226,126636,10,998.877962
1781138865.655673,0.000985525,113472,8,921.109054
1781138865.656769,0.001001318,109062,7,871.347564
1781138865.657760,0.001003969,125056,8,996.492920
1781138865.658793,0.000995649,125056,8,1004.819972
1781138865.659734,0.001005887,120646,7,959.519310
1781138865.660761,0.000995458,109062,7,876.476958
1781138865.661745,0.001005458,130980,10,1042.151935
1781138865.662829,0.000994419,125188,10,1007.124763
1781138865.663740,0.000999155,110576,8,885.356126
1781138865.664701,0.001005394,129400,8,1029.646089
1781138865.665697,0.001001188,123608,8,987.690624
1781138865.666792,0.000999797,107614,7,861.086801
1781138865.667711,0.000994991,124990,7,1004.953814
1781138865.668723,0.001006466,124990,7,993.496055
1781138865.669694,0.000993360,114986,9,926.036885
1781138865.670807,0.001006866,126636,10,1006.179571
1781138865.671801,0.000998297,125188,10,1003.212471
1781138865.672753,0.000998193,110510,7,885.680425
1781138865.673760,0.001005332,116748,10,929.030410
1781138865.674846,0.000990419,129664,12,1047.346628
1781138865.675717,0.001011731,125254,11,990.413460
1781138865.676732,0.000999371,120778,9,966.832137
1781138865.678108,0.000996936,113472,8,910.565974
1781138865.679132,0.000997656,126504,8,1014.409777
1781138865.679688,0.000997338,110510,7,886.439702
1781138865.680720,0.001002188,124990,7,997.736952
1781138865.681729,0.001000646,117948,10,942.974838
1781138865.682725,0.001001298,132428,10,1058.050650
1781138865.684067,0.000993379,122160,8,983.793698
1781138865.684701,0.001006211,120712,8,959.735085
1781138865.685754,0.000997412,125056,8,1003.043878
1781138865.686735,0.001002620,91620,6,731.044663
1781138865.687717,0.001000223,144210,13,1153.422787
1781138865.688679,0.001003103,112210,11,894.903116
1781138865.689666,0.000988702,125188,10,1012.948290
1781138865.690699,0.001002854,125056,8,997.600847
1781138865.691685,0.001000031,114854,7,918.803517
1781138865.692689,0.001006846,129400,8,1028.161208
1781138865.693678,0.000992972,125056,8,1007.528913
1781138865.694919,0.000999855,88856,8,710.951088
1781138865.695677,0.001000788,126702,11,1012.817899
1781138865.696723,0.000996953,126702,11,1016.713927
1781138865.699862,0.001006049,99144,8,788.383071
1781138865.700035,0.000994702,139602,9,1122.764406
1781138865.700485,0.001014003,116302,7,917.567305
1781138865.700730,0.000992665,107878,11,869.401057
1781138865.701748,0.000996642,123740,10,993.255351
1781138865.703080,0.001010123,120844,10,957.063645
1781138865.703712,0.000989561,109128,8,882.233637
1781138865.705113,0.000996416,133810,9,1074.330400
1781138865.706254,0.001016558,116236,6,914.741707
1781138865.707057,0.000983684,124990,7,1016.505300
1781138865.707926,0.001004849,123608,8,984.092137
1781138865.708789,0.001002158,109062,7,870.617208
1781138865.709680,0.000995539,119330,9,958.917732
1781138865.711010,0.000996517,123740,10,993.379942
1781138865.711701,0.001008621,122160,8,968.926881
1781138865.712675,0.000999097,120712,8,966.568812
1781138865.713997,0.000993695,84248,4,678.260432
1781138865.714670,0.001006541,0,0,0.000000
1781138865.715703,0.001003242,0,0,0.000000
1781138865.716817,0.000999434,0,0,0.000000
1781138865.717717,0.000990646,0,0,0.000000
1781138865.718835,0.001009662,0,0,0.000000
1781138865.719697,0.000990216,0,0,0.000000
1781138865.720666,0.001001291,0,0,0.000000
1781138865.721659,0.000998997,0,0,0.000000
1781138865.722676,0.000999593,0,0,0.000000
1781138865.723673,0.001004497,0,0,0.000000
1781138865.724692,0.000998680,0,0,0.000000
1781138865.725718,0.001007115,0,0,0.000000
1781138865.726668,0.001002075,0,0,0.000000
1781138865.727690,0.000996068,0,0,0.000000
1781138865.728715,0.000991345,0,0,0.000000
1781138865.729704,0.001011828,0,0,0.000000
1781138865.730707,0.000990759,0,0,0.000000
1781138865.731704,0.000996341,0,0,0.000000
1781138865.732748,0.001010658,0,0,0.000000
1781138865.733736,0.000997577,0,0,0.000000
1781138865.734757,0.000991829,0,0,0.000000
1781138865.735689,0.001000290,0,0,0.000000
1781138865.736670,0.001011527,0,0,0.000000
1781138865.737724,0.000991063,0,0,0.000000
1781138865.738710,0.000998056,0,0,0.000000
1781138865.739674,0.001007931,0,0,0.000000
1781138865.740915,0.000991625,0,0,0.000000
1781138865.741671,0.001007985,0,0,0.000000
1781138865.742699,0.001000807,0,0,0.000000
1781138865.743692,0.000991856,0,0,0.000000
1781138865.744652,0.000999047,0,0,0.000000
1781138865.745806,0.001003093,0,0,0.000000
1781138865.746746,0.001008561,0,0,0.000000
1781138865.747737,0.000998941,0,0,0.000000
1781138865.748705,0.000989821,0,0,0.000000
1781138865.749697,0.001012445,0,0,0.000000
1781138865.750725,0.000988747,54,1,0.436917
1781138865.751750,0.001005806,0,0,0.000000
1781138865.752674,0.000998993,0,0,0.000000
1781138865.753657,0.001003333,0,0,0.000000
1781138865.754689,0.001000482,0,0,0.000000
1781138865.755660,0.000996609,0,0,0.000000
1781138865.756670,0.001005946,0,0,0.000000
1781138865.757646,0.000987514,0,0,0.000000
1781138865.758678,0.001000506,0,0,0.000000
1781138865.759671,0.001004448,0,0,0.000000
1781138865.760662,0.001005283,0,0,0.000000
1781138865.761660,0.000990313,0,0,0.000000
1781138865.762715,0.001000842,0,0,0.000000
1781138865.763684,0.001006290,0,0,0.000000
1781138865.764689,0.001001838,0,0,0.000000
1781138865.765668,0.000993286,0,0,0.000000
1781138865.766672,0.000999984,0,0,0.000000
1781138865.767666,0.000996815,0,0,0.000000
1781138865.768829,0.001014163,0,0,0.000000
1781138865.769687,0.000986824,0,0,0.000000
1781138865.770673,0.001005976,0,0,0.000000
1781138865.772275,0.001000270,0,0,0.000000
1781138865.772683,0.001008668,0,0,0.000000
1781138865.773666,0.000990091,0,0,0.000000
1781138865.774673,0.000994468,0,0,0.000000
1781138865.775657,0.001011313,0,0,0.000000
1781138865.776661,0.000989027,0,0,0.000000
1781138865.777713,0.001013638,0,0,0.000000
1781138865.778709,0.000992902,0,0,0.000000
1781138865.779919,0.001003311,0,0,0.000000
1781138865.780675,0.001001395,0,0,0.000000
1781138865.781660,0.000996418,0,0,0.000000
1781138865.782667,0.000993541,0,0,0.000000
1781138865.783662,0.001010269,0,0,0.000000
1781138865.784657,0.000991671,0,0,0.000000
1781138865.785920,0.001009309,0,0,0.000000
1781138865.786692,0.000996942,0,0,0.000000
1781138865.787888,0.000994630,0,0,0.000000
1781138865.788666,0.000996050,0,0,0.000000
1781138865.789655,0.000999789,0,0,0.000000
1781138865.790681,0.001011384,0,0,0.000000
1781138865.791671,0.000991078,0,0,0.000000
1781138865.792672,0.000998840,0,0,0.000000
1781138865.793952,0.001003894,0,0,0.000000
1781138865.794756,0.000994609,0,0,0.000000
1781138865.795761,0.001001786,0,0,0.000000
1781138865.797024,0.000999589,0,0,0.000000
1781138865.797748,0.001013085,0,0,0.000000
1781138865.798707,0.000984703,0,0,0.000000
1781138865.799704,0.001002045,0,0,0.000000
1781138865.800727,0.001002896,0,0,0.000000
1781138865.801692,0.000996762,0,0,0.000000
1781138865.802689,0.001014003,0,0,0.000000
1781138865.803676,0.000997748,0,0,0.000000
1781138865.804673,0.001000588,0,0,0.000000
1781138865.805683,0.000986430,0,0,0.000000
1781138865.806686,0.001007981,0,0,0.000000
1781138865.807858,0.000992886,0,0,0.000000
1781138865.808722,0.001009102,0,0,0.000000
1781138865.809725,0.000990698,0,0,0.000000
1781138865.810718,0.001003659,0,0,0.000000
1781138865.811721,0.000999911,0,0,0.000000
1781138865.812697,0.000996762,0,0,0.000000
1781138865.813665,0.001004276,0,0,0.000000
1781138865.814702,0.001000523,0,0,0.000000
1781138865.815686,0.001002295,0,0,0.000000
1781138865.816699,0.001000574,0,0,0.000000
1781138865.817674,0.000992545,0,0,0.000000
1781138865.818970,0.001011014,0,0,0.000000
1781138865.820137,0.000998570,0,0,0.000000
1781138865.820798,0.001004157,0,0,0.000000
1781138865.821671,0.000999592,0,0,0.000000
1781138865.822680,0.000985354,0,0,0.000000
1781138865.823692,0.001012766,0,0,0.000000
1781138865.824651,0.000993214,0,0,0.000000
1781138865.825646,0.000994514,0,0,0.000000
1781138865.826686,0.001006852,0,0,0.000000
1781138865.827685,0.000999853,0,0,0.000000
1781138865.828657,0.001002922,0,0,0.000000
1781138865.829660,0.000989953,0,0,0.000000
1781138865.830662,0.001000275,0,0,0.000000
1781138865.831667,0.001005255,0,0,0.000000
1781138865.832660,0.001003412,0,0,0.000000
1781138865.833684,0.000994900,0,0,0.000000
1781138865.834678,0.001010201,0,0,0.000000
1781138865.835724,0.000993550,0,0,0.000000
1781138865.836715,0.000992590,0,0,0.000000
1781138865.837788,0.001006711,0,0,0.000000
1781138865.838770,0.001006471,0,0,0.000000
1781138865.839706,0.000987781,0,0,0.000000
1781138865.840693,0.001004915,0,0,0.000000
1781138865.841960,0.000998182,0,0,0.000000
1781138865.842894,0.001001379,0,0,0.000000
1781138865.843765,0.000999089,0,0,0.000000
1781138865.844681,0.001010579,0,0,0.000000
1781138865.845653,0.000985413,0,0,0.000000
1781138865.846703,0.001009038,0,0,0.000000
1781138865.847670,0.000994591,0,0,0.000000
1781138865.848650,0.000999349,0,0,0.000000
1781138865.849654,0.001006931,0,0,0.000000
1781138865.850661,0.000989764,0,0,0.000000
1781138865.851694,0.001015068,0,0,0.000000
1781138865.852669,0.000990914,0,0,0.000000
1781138865.853679,0.001003569,0,0,0.000000
1781138865.854672,0.001000982,0,0,0.000000
1781138865.855664,0.000989183,0,0,0.000000
1781138865.856687,0.001015123,0,0,0.000000
1781138865.857668,0.000985198,0,0,0.000000
1781138865.858700,0.001001759,0,0,0.000000
1781138865.859778,0.001007039,0,0,0.000000
1781138865.860672,0.000990954,0,0,0.000000
1781138865.861643,0.000999662,0,0,0.000000
1781138865.862664,0.001000374,0,0,0.000000
1781138865.863664,0.001001811,0,0,0.000000
1781138865.864649,0.001002668,0,0,0.000000
1781138865.865657,0.001007648,0,0,0.000000
1781138865.866647,0.000990761,0,0,0.000000
1781138865.867669,0.001000058,0,0,0.000000
1781138865.868650,0.001000511,0,0,0.000000
1781138865.869655,0.001002030,0,0,0.000000
1781138865.870690,0.001003812,0,0,0.000000
1781138865.871659,0.000991203,0,0,0.000000
1781138865.872672,0.001015110,0,0,0.000000
1781138865.873752,0.000992154,0,0,0.000000
1781138865.874750,0.000993123,0,0,0.000000
1781138865.875719,0.001004427,0,0,0.000000
1781138865.876699,0.000995109,0,0,0.000000
1781138865.877710,0.001005180,0,0,0.000000
1781138865.878739,0.000998970,0,0,0.000000
1781138865.879663,0.000995480,0,0,0.000000
1781138865.880657,0.001011933,0,0,0.000000
1781138865.881654,0.000998225,0,0,0.000000
1781138865.882686,0.000997987,0,0,0.000000
1781138865.883682,0.000995062,0,0,0.000000
1781138865.884759,0.001009426,0,0,0.000000
1781138865.885666,0.000990748,0,0,0.000000
1781138865.886746,0.000997437,0,0,0.000000
1781138865.887727,0.000999957,0,0,0.000000
1781138865.888706,0.000999574,0,0,0.000000
1781138865.889698,0.000999109,0,0,0.000000
1781138865.890728,0.001007113,0,0,0.000000
1781138865.891729,0.001004749,0,0,0.000000
1781138865.892714,0.000998710,0,0,0.000000
1781138865.893722,0.000993752,0,0,0.000000
1781138865.894680,0.001009746,0,0,0.000000
1781138865.895679,0.000986256,0,0,0.000000
1781138865.896663,0.000999845,0,0,0.000000
1781138865.897683,0.001001430,0,0,0.000000
1781138865.898690,0.000999587,0,0,0.000000
1781138865.899671,0.001004155,0,0,0.000000
1781138865.900657,0.001007951,0,0,0.000000
1781138865.901854,0.000998877,0,0,0.000000
1781138865.902757,0.001001233,0,0,0.000000
1781138865.903780,0.000989047,0,0,0.000000
1781138865.904739,0.000998049,0,0,0.000000
1781138865.905650,0.000999703,0,0,0.000000
1781138865.906682,0.001002978,0,0,0.000000
1781138865.907673,0.001002769,0,0,0.000000
1781138865.908645,0.000994094,0,0,0.000000
1781138865.909705,0.001001749,0,0,0.000000
1781138865.910691,0.001008996,0,0,0.000000
1781138865.911696,0.001003233,0,0,0.000000
1781138865.912656,0.000997862,0,0,0.000000
1781138865.913706,0.000988575,0,0,0.000000
1781138865.914721,0.001012555,0,0,0.000000
1781138865.915711,0.000997431,0,0,0.000000
1781138865.916745,0.000991378,0,0,0.000000
1781138865.917739,0.001005152,0,0,0.000000
1781138865.918676,0.000993148,1514,1,12.195564
1781138865.919666,0.001000167,122424,12,979.228469
1781138865.920654,0.001004133,128150,11,1020.980288
1781138865.921651,0.000999555,114986,9,920.297532
1781138865.922695,0.000996502,125188,10,1005.019558
1781138865.923770,0.001013497,110576,8,872.827448
1781138865.924664,0.000986737,126504,8,1025.634997
1781138865.925719,0.001000190,126504,8,1011.839750
1781138865.926695,0.001006501,126504,8,1005.495275
1781138865.927741,0.000996099,104652,6,840.494770
1781138865.928677,0.000997350,124924,6,1002.047426
1781138865.929737,0.001004480,116434,9,927.317617
1781138865.930815,0.001007035,119396,10,948.495335
1781138865.931809,0.000989384,126636,10,1023.958342
1781138865.932674,0.001007136,114920,8,912.845931
1781138865.933800,0.001003720,125056,8,996.740127
1781138865.934827,0.000989101,129400,8,1046.606969
1781138865.935677,0.000999402,123608,8,989.455695
1781138865.936723,0.000999217,106100,6,849.465131
1781138865.937664,0.001002874,124924,6,996.527979
1781138865.938688,0.000999506,108996,6,872.398965
1781138865.939705,0.001002988,117962,9,940.884637
1781138865.940678,0.001007557,123740,10,982.495283
1781138865.941679,0.000999199,126570,9,1013.371711
1781138865.942692,0.000988949,126504,8,1023.340941
1781138865.943673,0.001012062,107614,7,850.651442
1781138865.944694,0.000994637,125056,8,1005.842332
1781138865.945716,0.001003155,125056,8,997.301514
1781138865.946777,0.000989594,124924,6,1009.901030
1781138865.947724,0.001008841,124924,6,990.633807
1781138865.948763,0.000991562,98794,5,797.077742
1781138865.949774,0.001010714,117816,8,932.536801
1781138865.950771,0.000993256,85828,6,691.286033
1781138865.951807,0.000994597,114986,9,924.885154
1781138865.952756,0.001008727,127952,8,1014.760188
1781138865.953682,0.000999971,126504,8,1012.061350
1781138865.954957,0.001004750,127952,8,1018.776810
1781138865.955748,0.000987049,109062,7,883.943958
1781138865.956736,0.001000112,124990,7,999.808022
1781138865.957727,0.001001325,104784,8,837.162759
1781138865.958764,0.001003534,136838,11,1090.848940
1781138865.959696,0.000995129,116434,9,936.031409
1781138865.960672,0.000999884,114920,8,919.466658
1781138865.961746,0.001004343,125056,8,996.121843
1781138865.962786,0.001006497,127952,8,1017.008496
1781138865.963685,0.000994805,107614,7,865.407793
1781138865.964747,0.000995230,126504,8,1016.882530
1781138865.965749,0.001000498,117750,7,941.531118
1781138865.966694,0.001000360,125188,10,1001.143588
1781138865.967780,0.000999521,101888,8,815.494622
1781138865.968837,0.001005326,141116,10,1122.947183
1781138865.969722,0.000995150,112024,8,900.559715
1781138865.970772,0.001007115,129400,8,1027.886587
1781138865.971700,0.000992989,127952,8,1030.843242
1781138865.972798,0.001004387,106166,7,845.618273
1781138865.973747,0.001004397,126372,6,1006.550199
1781138865.974761,0.000992132,127886,7,1031.201493
1781138865.975757,0.001000974,110642,9,884.274716
1781138865.976744,0.001002282,123674,9,987.139348
1781138865.977721,0.000997224,126570,9,1015.378691
1781138865.978702,0.000998687,110510,7,885.242323
1781138865.979812,0.001007326,127952,8,1016.171527
1781138865.980755,0.000995667,125056,8,1004.801806
1781138865.981756,0.001005215,108996,6,867.444278
1781138865.982692,0.000990364,124990,7,1009.648978
1781138865.983801,0.000999650,129334,7,1035.034262
1781138865.984677,0.001005034,110642,9,880.702543
1781138865.985743,0.000994949,125056,8,1005.526916
1781138865.986791,0.001011631,109194,9,863.508532
1781138865.987853,0.000988268,127952,8,1035.767626
1781138865.988848,0.001000758,125056,8,999.690235
1781138865.989782,0.000999153,111958,7,896.423271
1781138865.991110,0.001012472,123476,6,975.639820
1781138865.993873,0.000988995,103204,6,834.819185
1781138865.994053,0.001009940,93200,8,738.261679
1781138865.994200,0.000989594,123806,11,1000.862980
1781138865.995490,0.001000291,122292,10,978.051387
1781138865.995682,0.001013511,128084,10,1011.012214
1781138865.996703,0.000998920,120712,8,966.740079
1781138865.997691,0.000998214,125056,8,1002.237997
1781138865.998709,0.000994987,87276,6,701.725751
1781138865.999744,0.000993859,90304,8,726.895868
1781138866.000672,0.001007329,119396,10,948.218507
1781138866.001698,0.000993184,85894,7,691.867771
1781138866.002817,0.001003404,119330,9,951.401430
1781138866.003715,0.001005352,114920,8,914.465779
1781138866.004693,0.001003618,119396,10,951.724660
1781138866.006045,0.000994719,128150,11,1030.642825
1781138866.006709,0.001002813,112090,9,894.204602
1781138866.007830,0.000994484,113538,9,913.341994
1781138866.008837,0.001002191,141050,9,1125.933081
1781138866.009759,0.000992854,109062,7,878.775731
1781138866.010848,0.000999704,117948,10,943.863384
1781138866.011702,0.001012976,132560,12,1046.895484
1781138866.012738,0.000996330,116434,9,934.903094
1781138866.013868,0.000991343,125122,9,1009.717121
1781138866.014707,0.000999660,116302,7,930.732449
1781138866.015675,0.001001405,125056,8,999.044343
1781138866.016807,0.001007624,123608,8,981.381944
1781138866.017774,0.000999845,126438,7,1011.660807
1781138866.018704,0.001002439,104652,6,835.178998
1781138866.019683,0.000993255,123674,9,996.110767
1781138866.020659,0.000999090,128084,10,1025.605301
1781138866.021732,0.001004919,117882,9,938.439815
1781138866.022696,0.000990896,127952,8,1033.020620
1781138866.023682,0.001005152,123608,8,983.795486
1781138866.024658,0.001000367,110510,7,883.755662
1781138866.025668,0.001009997,125056,8,990.545516
1781138866.026673,0.000988218,120646,7,976.675187
1781138866.027663,0.001004457,119396,10,950.929706
1781138866.028672,0.001002762,128084,10,1021.849651
1781138866.029696,0.000989286,103336,8,835.641058
1781138866.030714,0.001003652,132296,8,1054.516904
1781138866.031689,0.001009177,123608,8,979.871717
1781138866.032670,0.000996578,107614,7,863.868157
1781138866.033718,0.001003316,126702,11,1010.265958
1781138866.034719,0.000997321,117948,10,946.118652
1781138866.035664,0.000995189,250376,10,2012.691057
1781138866.036665,0.001000173,116434,9,931.310883
1781138866.038015,0.000995438,113406,7,911.405833
1781138866.038703,0.000999603,122160,8,977.668134
1781138866.039825,0.000999173,126504,8,1012.869643
1781138866.040661,0.001001906,129334,7,1032.703667
1781138866.041730,0.000999657,101954,9,815.911858
1781138866.042686,0.001010405,129598,11,1026.107353
1781138866.043678,0.000999362,122226,9,978.432240
1781138866.044782,0.001001446,128084,10,1023.192464
1781138866.045786,0.000991667,114854,7,926.552966
1781138866.046691,0.000995990,111958,7,899.270073
1781138866.047692,0.001007668,126504,8,1004.330791
1781138866.048679,0.001005461,123542,7,982.968012
1781138866.049647,0.000986844,109194,9,885.197660
1781138866.050700,0.001010716,125188,10,990.885669
1781138866.051679,0.000995252,125188,10,1006.281826
1781138866.052681,0.000995603,125122,9,1005.396729
1781138866.053680,0.000999168,116302,7,931.190751
1781138866.054704,0.001007173,126504,8,1004.824395
1781138866.055692,0.000992243,125056,8,1008.269144
1781138866.056681,0.000999820,111958,7,895.825249
1781138866.057694,0.001012083,120844,10,955.210195
1781138866.058690,0.000999601,122292,10,978.726512
1781138866.059703,0.000988308,126570,9,1024.538909
1781138866.060691,0.001002461,111958,7,893.465182
1781138866.061839,0.001002381,125056,8,998.071592
1781138866.062687,0.000995290,125056,8,1005.182409
1781138866.063671,0.001010452,120646,7,955.184413
1781138866.064699,0.000989192,122160,8,987.957848
1781138866.065675,0.001003108,109260,10,871.371777
1781138866.066974,0.001002631,125122,9,998.349343
1781138866.067806,0.000995831,128084,10,1028.961742
1781138866.068802,0.001005751,106166,7,844.471445
1781138866.069759,0.001004419,125056,8,996.046471
1781138866.070710,0.000998029,125056,8,1002.423777
1781138866.071743,0.000996612,117684,6,944.672551
1781138866.072695,0.001007203,119462,11,948.861352
1781138866.073726,0.000987034,125188,10,1014.660083
1781138866.074691,0.000999887,113538,9,908.406650
1781138866.075664,0.001011376,110576,8,874.657892
1781138866.076652,0.000989978,127952,8,1033.978533
1781138866.077700,0.001008763,126504,8,1003.240603
1781138866.078696,0.000990120,104718,7,846.103503
1781138866.079673,0.000999534,125056,8,1000.914426
1781138866.080666,0.001011985,114986,9,908.993710
1781138866.081659,0.000994917,123740,10,994.977470
1781138866.082690,0.000997573,125188,10,1003.940564
1781138866.083676,0.000995797,128018,9,1028.466645
1781138866.084681,0.001010465,113406,7,897.851979
1781138866.085686,0.001002367,125056,8,998.085532
1781138866.086683,0.000987078,125056,8,1013.545029
1781138866.087677,0.001000228,93134,7,744.902162
1781138866.088700,0.001006874,125188,10,994.666661
1781138866.089661,0.001003853,128084,10,1020.739092
1781138866.090697,0.000990500,110576,8,893.092378
1781138866.091688,0.000997987,126504,8,1014.073330
1781138866.092705,0.001000777,129400,8,1034.396274
1781138866.093803,0.000999614,104718,7,838.067494
1781138866.094797,0.001006489,125056,8,993.997947
1781138866.095794,0.000993409,130782,7,1053.197626
1781138866.096672,0.001012025,122358,11,967.233023
1781138866.097711,0.001000385,112090,9,896.374896
1781138866.099857,0.001995047,222534,15,892.345895
1781138866.100739,0.001005732,125056,8,994.746115
1781138866.101654,0.000986737,122094,7,989.880789
1781138866.102706,0.001012033,107614,7,850.675818
1781138866.103670,0.000987966,124924,6,1011.565175
1781138866.104654,0.001004039,120712,8,961.811244
1781138866.105657,0.001001410,123740,10,988.526178
1781138866.106713,0.000995326,125188,10,1006.207012
1781138866.107676,0.000999762,112024,8,896.405344
1781138866.108677,0.001002707,125122,9,998.273673
1781138866.109656,0.000996974,122094,7,979.716622
1781138866.110704,0.000999869,110840,12,886.836176
1781138866.111690,0.001000633,129664,12,1036.655797
1781138866.112667,0.001000569,128084,10,1024.089293
1781138866.113675,0.001010581,114920,8,909.734103
1781138866.114704,0.000994572,125056,8,1005.908069
1781138866.115663,0.000994308,125056,8,1006.175149
1781138866.116678,0.001009130,107548,6,852.599764
1781138866.117760,0.001000554,120712,8,965.161301
1781138866.118686,0.000989536,117948,10,953.562074
1781138866.119748,0.001012680,112090,9,885.491962
1781138866.120672,0.000997876,130848,8,1049.012102
1781138866.121913,0.000991044,123608,8,997.800299
1781138866.122762,0.000998507,125056,8,1001.943902
1781138866.123758,0.001005846,123608,8,983.116700
1781138866.124962,0.000993832,107680,8,866.786338
1781138866.125674,0.001009809,87408,8,692.471547
1781138866.126762,0.000994391,125188,10,1007.153122
1781138866.127789,0.001011129,125188,10,990.480938
1781138866.128825,0.000987455,110576,8,895.846393
1781138866.129807,0.000998202,139602,9,1118.827652
1781138866.130848,0.001011235,110576,8,874.779848
1781138866.131902,0.000991463,113670,11,917.190051
1781138866.132751,0.000997132,126636,10,1016.001893
1781138866.133686,0.001010583,110642,9,875.866703
1781138866.134675,0.000990238,125056,8,1010.310653
1781138866.135679,0.000998421,125056,8,1002.030206
1781138866.136657,0.000999648,81484,6,652.101540
1781138866.137681,0.001005248,122490,13,974.804227
1781138866.138705,0.000999938,97544,8,780.400385
1781138866.139685,0.000994941,128084,10,1029.882174
1781138866.140660,0.001005564,95964,6,763.464086
1781138866.141652,0.000996988,113472,8,910.518482
1781138866.142687,0.001006396,144144,12,1145.823314
1781138866.143677,0.000991784,113604,10,916.360821
1781138866.144845,0.001002221,104784,8,836.414324
1781138866.145685,0.001001014,112090,9,895.811647
1781138866.146813,0.001006383,117816,8,936.550001
1781138866.148159,0.000990095,114854,7,928.024078
1781138866.148659,0.001002862,107878,11,860.561074
1781138866.149771,0.001008581,120910,11,959.050389
1781138866.150729,0.000988451,125188,10,1013.205510
1781138866.151741,0.001011655,119330,9,943.641854
1781138866.152708,0.000989377,123608,8,999.481492
1781138866.153689,0.001002889,129400,8,1032.217922
1781138866.154903,0.001000144,106166,7,849.205714
1781138866.155737,0.000996506,127952,8,1027.205054
1781138866.156738,0.001000879,123674,9,988.523088
1781138866.157743,0.001000634,117948,10,942.986147
1781138866.158786,0.001000351,114986,9,919.565233
1781138866.159748,0.001001910,129532,10,1034.280524
1781138866.160723,0.000996769,111958,7,898.567271
1781138866.161732,0.000999506,127952,8,1024.121916
1781138866.162771,0.001014125,127952,8,1009.358807
1781138866.163752,0.000992014,126504,8,1020.179151
1781138866.164715,0.001002900,106100,6,846.345598
1781138866.165716,0.000996085,120844,10,970.551710
1781138866.166688,0.000995177,114986,9,924.346121
1781138866.167693,0.001003001,123674,9,986.431718
1781138866.168665,0.000996343,128084,10,1028.432979
1781138866.169652,0.001003091,126504,8,1008.913449
1781138866.170713,0.001008355,87342,7,692.946433
1781138866.172735,0.001988957,201050,17,808.665044
1781138866.174093,0.000999845,125122,9,1001.131175
1781138866.174807,0.001000567,122160,8,976.726196
1781138866.175667,0.000999523,120646,7,965.628605
1781138866.176655,0.000999407,116566,11,933.081317
1781138866.177657,0.001007983,125254,11,994.096131
1781138866.178917,0.000993118,116434,9,937.926812
1781138866.179749,0.001007600,125122,9,993.425963
1781138866.180730,0.000998526,110510,7,885.385058
1781138866.181703,0.000992275,128216,12,1033.713436
1781138866.182770,0.001015904,125254,11,986.345166
1781138866.183659,0.000985666,109194,9,886.255588
1781138866.185022,0.000999123,119330,9,955.477954
1781138866.186252,0.001015118,122160,8,962.725516
1781138866.190903,0.000989256,107668,8,870.698788
1781138866.191216,0.000997852,119396,10,957.224117
1781138866.191240,0.000998956,119396,10,956.166238
1781138866.191259,0.001013105,110642,9,873.686341
1781138866.191274,0.000987075,111958,7,907.392042
1781138866.191722,0.001014172,125056,8,986.467779
1781138866.192694,0.000984517,124990,7,1015.645235
1781138866.193681,0.001000311,124990,7,999.609122
1781138866.194683,0.000999834,106100,6,848.940924
1781138866.195678,0.000999690,120778,9,966.523622
1781138866.196686,0.001013134,128302,11,1013.109816
1781138866.197670,0.000987458,93134,7,754.535383
1781138866.198698,0.001002831,113472,8,905.213341
1781138866.199780,0.001006861,127952,8,1016.640827
1781138866.201532,0.000989746,85828,6,693.737585
1781138866.201915,0.001001690,123806,11,988.776967
1781138866.205176,0.001000731,88856,8,710.328750
1781138866.205313,0.001008521,125188,10,993.042287
1781138866.205397,0.000989822,110510,7,893.170691
1781138866.205778,0.001004062,112024,8,892.566395
1781138866.206753,0.001000575,133942,11,1070.920221
1781138866.207705,0.000995783,104982,11,843.412671
1781138866.208731,0.001009006,112090,9,888.716222
1781138866.209773,0.000994228,125122,9,1006.787176
1781138866.210676,0.000995618,114854,7,922.876043
1781138866.211774,0.001009137,133744,8,1060.264365
1781138866.213244,0.000993779,135390,11,1089.900270
1781138866.213767,0.001007027,123806,11,983.536688
1781138866.214728,0.001005588,113538,9,903.256602
1781138866.215721,0.000987595,132362,9,1072.196599
1781138866.216688,0.001008561,106166,7,842.118622
1781138866.217667,0.000989155,125056,8,1011.416815
1781138866.218939,0.000999768,113604,10,909.042898
1781138866.221154,0.001009480,122292,10,969.148472
1781138866.221298,0.000998411,112024,8,897.618316
1781138866.222004,0.000992529,113472,8,914.609044
1781138866.223255,0.001008088,85762,5,680.591377
1781138866.224084,0.001005063,132230,2,1052.511136
1781138866.225100,0.000988682,0,0,0.000000
1781138866.226039,0.001002750,0,0,0.000000
1781138866.227030,0.001003088,0,0,0.000000
1781138866.228007,0.000999385,0,0,0.000000
1781138866.229015,0.000992479,0,0,0.000000
1781138866.230013,0.000999712,0,0,0.000000
1781138866.231009,0.001000385,0,0,0.000000
1781138866.232093,0.001014890,0,0,0.000000
1781138866.232954,0.000991664,0,0,0.000000
1781138866.233765,0.000993109,0,0,0.000000
1781138866.235011,0.001008392,0,0,0.000000
1781138866.235961,0.000991449,0,0,0.000000
1781138866.237008,0.001004482,0,0,0.000000
1781138866.237733,0.001005317,0,0,0.000000
1781138866.239150,0.000991252,0,0,0.000000
1781138866.239714,0.000999920,0,0,0.000000
1781138866.240726,0.001002825,0,0,0.000000
1781138866.241699,0.000995699,0,0,0.000000
1781138866.242732,0.001013686,0,0,0.000000
1781138866.243754,0.001001436,0,0,0.000000
1781138866.245225,0.000996434,0,0,0.000000
1781138866.245754,0.000992160,0,0,0.000000
1781138866.246964,0.001001385,0,0,0.000000
1781138866.247730,0.000996618,0,0,0.000000
1781138866.248738,0.000998355,0,0,0.000000
1781138866.249676,0.001003991,0,0,0.000000
1781138866.250797,0.001000964,0,0,0.000000
1781138866.251980,0.000997641,0,0,0.000000
1781138866.252679,0.001008179,0,0,0.000000
1781138866.254040,0.000998384,0,0,0.000000
1781138866.254684,0.000995530,54,1,0.433940
1781138866.255656,0.001003882,0,0,0.000000
1781138866.256657,0.001004487,0,0,0.000000
1781138866.257642,0.000986659,0,0,0.000000
1781138866.258686,0.001006610,0,0,0.000000
1781138866.259695,0.001006537,0,0,0.000000
1781138866.260755,0.000995154,0,0,0.000000
1781138866.261705,0.000997169,0,0,0.000000
1781138866.262738,0.001008245,0,0,0.000000
1781138866.263660,0.000986857,0,0,0.000000
1781138866.264647,0.001003340,0,0,0.000000
1781138866.265680,0.001009637,0,0,0.000000
1781138866.266692,0.001000119,0,0,0.000000
1781138866.267696,0.000998459,0,0,0.000000
1781138866.268665,0.000993211,0,0,0.000000
1781138866.269648,0.000999635,0,0,0.000000
1781138866.270679,0.000995938,0,0,0.000000
1781138866.271753,0.001002799,0,0,0.000000
1781138866.272873,0.001010698,0,0,0.000000
1781138866.273808,0.000987566,0,0,0.000000
1781138866.274743,0.001009964,0,0,0.000000
1781138866.275795,0.000993342,0,0,0.000000
1781138866.276729,0.001002313,0,0,0.000000
1781138866.277668,0.000993080,0,0,0.000000
1781138866.278758,0.000999434,0,0,0.000000
1781138866.279991,0.001004690,0,0,0.000000
1781138866.280734,0.001008210,0,0,0.000000
1781138866.281702,0.000987080,0,0,0.000000
1781138866.282705,0.001000172,0,0,0.000000
1781138866.283808,0.001001615,0,0,0.000000
1781138866.285005,0.000998505,0,0,0.000000
1781138866.285771,0.001009799,0,0,0.000000
1781138866.286665,0.000990346,0,0,0.000000
1781138866.287666,0.000999805,0,0,0.000000
1781138866.288677,0.001001630,0,0,0.000000
1781138866.289660,0.001003561,0,0,0.000000
1781138866.290666,0.000997574,0,0,0.000000
1781138866.291702,0.000998108,0,0,0.000000
1781138866.292665,0.001008728,0,0,0.000000
1781138866.293697,0.000995009,0,0,0.000000
1781138866.294682,0.001002130,0,0,0.000000
1781138866.295687,0.001001190,0,0,0.000000
1781138866.296664,0.001005598,0,0,0.000000
1781138866.297750,0.001001457,0,0,0.000000
1781138866.298711,0.000986909,0,0,0.000000
1781138866.299694,0.001001570,0,0,0.000000
1781138866.300669,0.001003181,0,0,0.000000
1781138866.301708,0.000993223,0,0,0.000000
1781138866.302944,0.001000591,0,0,0.000000
1781138866.304323,0.001001805,0,0,0.000000
1781138866.304658,0.000997630,0,0,0.000000
1781138866.305713,0.001013551,0,0,0.000000
1781138866.306692,0.000996873,0,0,0.000000
1781138866.307686,0.000997130,0,0,0.000000
1781138866.308662,0.000992478,0,0,0.000000
1781138866.309669,0.001008539,0,0,0.000000
1781138866.310688,0.000991864,0,0,0.000000
1781138866.311664,0.000999760,0,0,0.000000
1781138866.312727,0.001006441,0,0,0.000000
1781138866.313707,0.000998525,0,0,0.000000
1781138866.314770,0.001009493,0,0,0.000000
1781138866.315687,0.000996829,0,0,0.000000
1781138866.316663,0.000988889,0,0,0.000000
1781138866.317658,0.001013817,0,0,0.000000
1781138866.318728,0.000990890,0,0,0.000000
1781138866.319687,0.001002961,0,0,0.000000
1781138866.320658,0.000998106,0,0,0.000000
1781138866.321687,0.001006713,0,0,0.000000
1781138866.322676,0.000988108,0,0,0.000000
1781138866.323825,0.001011927,0,0,0.000000
1781138866.324778,0.000992625,0,0,0.000000
1781138866.325718,0.000995833,0,0,0.000000
1781138866.326730,0.001008475,0,0,0.000000
1781138866.327707,0.000992718,0,0,0.000000
1781138866.328667,0.001003003,0,0,0.000000
1781138866.329669,0.000997403,0,0,0.000000
1781138866.330663,0.000998658,0,0,0.000000
1781138866.331701,0.001003104,0,0,0.000000
1781138866.332656,0.001001146,0,0,0.000000
1781138866.333646,0.001000211,0,0,0.000000
1781138866.334685,0.001001654,0,0,0.000000
1781138866.335750,0.001000048,0,0,0.000000
1781138866.336699,0.001003175,0,0,0.000000
1781138866.337728,0.000997724,0,0,0.000000
1781138866.338871,0.000992180,0,0,0.000000
1781138866.339680,0.000999931,0,0,0.000000
1781138866.340684,0.001006851,0,0,0.000000
1781138866.341764,0.001006700,0,0,0.000000
1781138866.342750,0.000988132,0,0,0.000000
1781138866.343703,0.000997644,0,0,0.000000
1781138866.344692,0.001004036,0,0,0.000000
1781138866.345748,0.001008885,0,0,0.000000
1781138866.346691,0.000987571,0,0,0.000000
1781138866.347671,0.001006923,0,0,0.000000
1781138866.348661,0.000992530,0,0,0.000000
1781138866.349653,0.001011852,0,0,0.000000
1781138866.350690,0.000998368,0,0,0.000000
1781138866.351732,0.001000621,0,0,0.000000
1781138866.352774,0.001002248,0,0,0.000000
1781138866.353740,0.000999059,0,0,0.000000
1781138866.354710,0.000997573,0,0,0.000000
1781138866.355715,0.000999272,0,0,0.000000
1781138866.356735,0.001001042,0,0,0.000000
1781138866.357691,0.000996872,0,0,0.000000
1781138866.358696,0.000993597,0,0,0.000000
1781138866.359700,0.001005264,0,0,0.000000
1781138866.360650,0.000997940,0,0,0.000000
1781138866.361656,0.001008555,0,0,0.000000
1781138866.362681,0.000990299,0,0,0.000000
1781138866.363688,0.001007739,0,0,0.000000
1781138866.364668,0.000990177,0,0,0.000000
1781138866.365655,0.001010833,0,0,0.000000
1781138866.366687,0.000994884,0,0,0.000000
1781138866.367664,0.000995491,0,0,0.000000
1781138866.368664,0.001001967,0,0,0.000000
1781138866.369664,0.001000965,0,0,0.000000
1781138866.370669,0.001001985,0,0,0.000000
1781138866.371663,0.000996751,0,0,0.000000
1781138866.372664,0.000996570,0,0,0.000000
1781138866.373645,0.001000002,0,0,0.000000
1781138866.374691,0.001000520,0,0,0.000000
1781138866.375700,0.001001756,0,0,0.000000
1781138866.376677,0.001002458,0,0,0.000000
1781138866.377642,0.000995355,0,0,0.000000
1781138866.378687,0.001007184,0,0,0.000000
1781138866.379683,0.000993049,0,0,0.000000
1781138866.380656,0.001012384,0,0,0.000000
1781138866.381648,0.000990300,0,0,0.000000
1781138866.382701,0.001007140,0,0,0.000000
1781138866.383681,0.000990200,0,0,0.000000
1781138866.384667,0.001001423,0,0,0.000000
1781138866.385677,0.001012802,0,0,0.000000
1781138866.386760,0.000987053,0,0,0.000000
1781138866.387725,0.001001793,0,0,0.000000
1781138866.388701,0.000997348,0,0,0.000000
1781138866.389673,0.001016768,0,0,0.000000
1781138866.390664,0.000982775,0,0,0.000000
1781138866.391679,0.001012567,0,0,0.000000
1781138866.392668,0.000996541,0,0,0.000000
1781138866.393680,0.001004567,0,0,0.000000
1781138866.394779,0.000992640,0,0,0.000000
1781138866.395717,0.000995621,0,0,0.000000
1781138866.396702,0.000998764,0,0,0.000000
1781138866.397707,0.000998952,0,0,0.000000
1781138866.398694,0.001012355,0,0,0.000000
1781138866.399693,0.001001286,0,0,0.000000
1781138866.400671,0.000996477,0,0,0.000000
1781138866.401661,0.001001635,0,0,0.000000
1781138866.402695,0.001002602,0,0,0.000000
1781138866.403685,0.000992707,0,0,0.000000
1781138866.404715,0.000998673,0,0,0.000000
1781138866.405699,0.001000220,0,0,0.000000
1781138866.406719,0.001007403,0,0,0.000000
1781138866.407697,0.000986618,0,0,0.000000
1781138866.408674,0.001011409,0,0,0.000000
1781138866.409663,0.000989796,0,0,0.000000
1781138866.410712,0.001012002,0,0,0.000000
1781138866.411683,0.000988018,0,0,0.000000
1781138866.412663,0.001003835,0,0,0.000000
1781138866.413654,0.001004074,0,0,0.000000
1781138866.414665,0.000992558,0,0,0.000000
1781138866.415659,0.000998710,0,0,0.000000
1781138866.416648,0.001003939,0,0,0.000000
1781138866.417644,0.000995701,0,0,0.000000
1781138866.418684,0.001006551,0,0,0.000000
1781138866.419677,0.000993474,0,0,0.000000
1781138866.420651,0.001005006,0,0,0.000000
1781138866.421646,0.000995586,0,0,0.000000
1781138866.422661,0.000999399,0,0,0.000000
1781138866.423665,0.001000012,0,0,0.000000
1781138866.424664,0.001013528,0,0,0.000000
1781138866.425674,0.000999451,0,0,0.000000
1781138866.426700,0.000996043,0,0,0.000000
1781138866.427672,0.000991168,0,0,0.000000
1781138866.428670,0.001011292,0,0,0.000000
1781138866.429686,0.001001864,0,0,0.000000
1781138866.430667,0.000986431,0,0,0.000000
1781138866.431682,0.001004714,0,0,0.000000
1781138866.432654,0.001002283,0,0,0.000000
1781138866.433673,0.001004949,0,0,0.000000
1781138866.434731,0.000995363,1514,1,12.168425
1781138866.435766,0.001005640,93266,9,741.943439
1781138866.436688,0.000998844,116500,10,933.078639
1781138866.437698,0.000997048,119264,8,956.936878
1781138866.438781,0.000991604,97478,7,786.426840
1781138866.439726,0.001000023,116302,7,930.394601
1781138866.440756,0.001003080,119264,8,951.182358
1781138866.441942,0.000998109,106232,8,851.466122
1781138866.442799,0.000999781,109194,9,873.743350
1781138866.443778,0.001010986,117882,9,932.808169
1781138866.444739,0.000993318,109194,9,879.428340
1781138866.445733,0.000994521,126570,9,1018.138380
1781138866.446704,0.001003070,130848,8,1043.580209
1781138866.447677,0.001004641,99124,10,789.328725
1781138866.448653,0.000993738,122292,10,984.500945
1781138866.449727,0.001010706,112024,8,886.699001
1781138866.450737,0.000988690,126504,8,1023.609018
1781138866.451686,0.000999293,104718,7,838.336704
1781138866.452683,0.001003947,110642,9,881.656103
1781138866.453703,0.001007819,125188,10,993.733994
1781138866.454747,0.000991211,117882,9,951.418013
1781138866.455698,0.000997029,107680,8,864.006965
1781138866.456679,0.001005811,145394,9,1156.431974
1781138866.457681,0.001009531,104718,7,829.834844
1781138866.458713,0.000992254,100440,8,809.792654
1781138866.459697,0.000992915,112156,10,903.650363
1781138866.460714,0.001008752,112024,8,888.416578
1781138866.461756,0.000999639,113406,7,907.575635
1781138866.462730,0.000999238,119264,8,954.839588
1781138866.463724,0.000997351,129400,8,1037.949528
1781138866.464737,0.000996925,106298,9,853.006997
1781138866.465788,0.000999609,125254,11,1002.423948
1781138866.466716,0.001002214,114986,9,917.855867
1781138866.467676,0.000995823,125056,8,1004.644400
1781138866.468658,0.001002414,117750,7,939.731488
1781138866.469659,0.001005562,109128,8,868.195099
1781138866.470687,0.001002192,113604,10,906.844198
1781138866.471688,0.000990081,114986,9,929.103780
1781138866.472656,0.000999598,132362,9,1059.321847
1781138866.473664,0.001007656,125056,8,992.846765
1781138866.474684,0.000992321,100308,6,808.673806
1781138866.475782,0.001006060,102020,10,811.243862
1781138866.476686,0.001000149,116434,9,931.333231
1781138866.477740,0.000998184,107680,8,863.007221
1781138866.478843,0.000997801,112090,9,898.696233
1781138866.479764,0.001005885,114854,7,913.456310
1781138866.480675,0.001001278,125056,8,999.171059
1781138866.481804,0.000991144,109062,7,880.291865
1781138866.482745,0.001005953,129400,8,1029.073923
1781138866.483699,0.000994091,124990,7,1005.863648
1781138866.484670,0.000999551,126372,6,1011.430132
1781138866.485750,0.001005291,104586,5,832.284383
1781138866.486695,0.000995115,125122,9,1005.889772
1781138866.487666,0.001000203,113472,8,907.591759
1781138866.488662,0.000999194,123674,9,990.190093
1781138866.489679,0.001008724,127952,8,1014.763206
1781138866.490690,0.000996739,111958,7,898.594316
1781138866.491688,0.000995396,123608,8,993.437788
1781138866.492665,0.001011389,127952,8,1012.089315
1781138866.493668,0.000992489,126438,7,1019.158903
1781138866.494699,0.001000696,107680,8,860.840855
1781138866.495750,0.000999499,123608,8,989.359669
1781138866.496755,0.000999682,125122,9,1001.294412
1781138866.497701,0.001008266,49496,4,392.721762
1781138866.498713,0.001000834,36332,2,290.413795
1781138866.499685,0.000991602,0,0,0.000000
1781138866.500669,0.000994972,62462,3,502.221168
1781138866.501789,0.001000197,139536,8,1116.068135
1781138866.502805,0.001010574,112090,9,887.337295
1781138866.503721,0.000989746,119462,11,965.597234
1781138866.504726,0.000998996,96096,8,769.540619
1781138866.505714,0.001010220,125188,10,991.372176
1781138866.506746,0.000998264,111958,7,897.221577
1781138866.507693,0.000991922,97412,6,785.642419
1781138866.508669,0.001000377,130848,8,1046.389511
1781138866.509657,0.001006217,126504,8,1005.779072
1781138866.510692,0.001000319,127952,8,1023.289571
1781138866.511669,0.000998871,109194,9,874.539355
1781138866.512708,0.000999074,93134,7,745.762576
1781138866.513662,0.001007147,122226,9,970.869198
1781138866.514699,0.000995896,98926,7,794.669323
1781138866.515702,0.001003330,126504,8,1008.673119
1781138866.517008,0.000989524,107614,7,870.026397
1781138866.517755,0.001012556,125056,8,988.042143
1781138866.518709,0.000998111,124990,7,1001.812424
1781138866.519689,0.001000837,124990,7,999.083767
1781138866.520660,0.000995867,116434,9,935.337751
1781138866.521750,0.001004709,90238,7,718.520487
1781138866.522700,0.000995115,114986,9,924.403712
1781138866.523748,0.001003818,123608,8,985.102877
1781138866.524742,0.000988212,132362,9,1071.527162
1781138866.525729,0.001007616,109062,7,865.901296
1781138866.526777,0.000996406,133744,8,1073.811278
1781138866.527741,0.000997483,103468,10,829.832689
1781138866.528726,0.001000812,125188,10,1000.691439
1781138866.529795,0.001001058,125188,10,1000.445529
1781138866.530787,0.000997008,125122,9,1003.979908
1781138866.531730,0.001004167,125056,8,996.296433
1781138866.532725,0.000997206,120646,7,967.872235
1781138866.533746,0.000997867,104718,7,839.534728
1781138866.534751,0.001001666,130782,7,1044.515837
1781138866.535799,0.001012854,104784,8,827.633598
1781138866.536701,0.000996759,42190,3,338.617459
1781138866.537709,0.000995010,0,0,0.000000
1781138866.538740,0.000996202,33502,3,269.037806
1781138866.539679,0.001003158,49430,3,394.195132
1781138866.540760,0.000997369,113406,7,909.641266
1781138866.541724,0.000997911,133810,9,1072.720914
1781138866.542757,0.001007924,120778,9,958.627833
1781138866.543783,0.000991786,109062,7,879.722037
1781138866.544704,0.001003780,122160,8,973.599793
1781138866.545701,0.001004893,123608,8,984.049048
1781138866.546675,0.000992264,113538,9,915.385422
1781138866.547683,0.001000193,125188,10,1001.310747
1781138866.548660,0.000999052,125122,9,1001.925826
1781138866.549663,0.001004189,125122,9,996.800403
1781138866.550691,0.001001398,125056,8,999.051326
1781138866.551705,0.001000229,119198,7,953.365679
1781138866.552742,0.001002706,109062,7,870.141397
1781138866.553746,0.000997900,126438,7,1013.632629
1781138866.554694,0.000997450,123476,6,990.333350
1781138866.555706,0.000999144,107614,7,861.649572
1781138866.556735,0.001008947,125188,10,992.623002
1781138866.557726,0.000999669,125188,10,1001.835608
1781138866.558701,0.001001856,110576,8,882.969209
1781138866.559735,0.000991930,130848,8,1055.300273
1781138866.560694,0.000994004,109062,7,877.759043
1781138866.561705,0.001008359,127952,8,1015.130524
1781138866.562675,0.000993287,123608,8,995.547108
1781138866.563656,0.001003719,104784,8,835.166018
1781138866.564692,0.000996005,128150,11,1029.312102
1781138866.565661,0.001004913,125188,10,996.607667
1781138866.566692,0.001003533,126570,9,1008.995220
1781138866.567677,0.000993481,97412,6,784.409566
1781138866.568679,0.001009735,157374,15,1246.853878
1781138866.569654,0.000987326,117948,10,955.696497
1781138866.570703,0.001006493,128084,10,1018.061725
1781138866.571680,0.000994300,123740,10,995.594891
1781138866.572692,0.001005968,110510,7,878.835112
1781138866.574124,0.000999023,125056,8,1001.426394
1781138866.574811,0.001000915,119198,7,952.712268
1781138866.575758,0.000995626,126438,7,1015.947755
1781138866.577235,0.001002400,107548,6,858.324022
1781138866.577729,0.000999879,130848,8,1046.910676
1781138866.579049,0.001003504,117816,8,939.236914
1781138866.579747,0.001003389,123740,10,986.576492
1781138866.580866,0.000998580,125122,9,1002.399407
1781138866.581742,0.000989716,110510,7,893.266351
1781138866.582783,0.001012373,125056,8,988.220745
1781138866.583765,0.000990799,117750,7,950.747831
1781138866.584718,0.001000707,113340,6,906.079402
1781138866.585785,0.001002067,126372,6,1008.890623
1781138866.587016,0.001000637,119396,10,954.559945
1781138866.588130,0.000995854,125188,10,1005.673522
1781138866.588690,0.001010358,123740,10,979.771527
1781138866.589697,0.001001389,110510,7,882.853716
1781138866.590680,0.000986642,125056,8,1013.992917
1781138866.591661,0.001000466,125056,8,999.982008
1781138866.592728,0.001012269,122094,7,964.913477
1781138866.594021,0.000987780,127886,7,1035.744801
1781138866.594796,0.000999987,107482,5,859.867178
1781138866.595739,0.001006918,118014,11,937.625507
1781138866.596736,0.000992035,128084,10,1032.899041
1781138866.597663,0.000999538,101822,7,814.952508
1781138866.598703,0.001007789,120712,8,958.232328
1781138866.599695,0.001006335,109062,7,867.003533
1781138866.600680,0.000990537,103534,11,836.184817
1781138866.601661,0.000995873,128150,11,1029.448534
1781138866.604161,0.001006499,120778,9,959.985057
1781138866.604204,0.000993482,120712,8,972.031703
1781138866.604709,0.001001950,117816,8,940.693647
1781138866.605713,0.000997802,123608,8,991.042311
1781138866.606760,0.001003468,130848,8,1043.166299
1781138866.607702,0.000996311,104718,7,840.845880
1781138866.608772,0.001001575,123542,7,986.781819
1781138866.609802,0.001005171,115052,10,915.681013
1781138866.610806,0.000993783,104784,8,843.516140
1781138866.611681,0.001007127,91620,6,727.773161
1781138866.612657,0.000993654,103270,7,831.436295
1781138866.613648,0.000998496,139602,9,1118.498221
1781138866.614768,0.001001069,110576,8,883.663364
1781138866.615691,0.001007614,125320,12,994.984190
1781138866.616650,0.000991575,125254,11,1010.545849
1781138866.617701,0.001009783,113538,9,899.504151
1781138866.618750,0.000995704,125122,9,1005.294746
1781138866.619713,0.000996570,125056,8,1003.891347
1781138866.620735,0.001008837,117750,7,933.748465
1781138866.621716,0.000999198,110510,7,884.789601
1781138866.622744,0.000991789,126372,6,1019.345849
1781138866.623692,0.001003065,116236,6,927.046602
1781138866.624715,0.001005785,115052,10,915.122019
1781138866.625709,0.001003412,122292,10,975.009268
1781138866.626704,0.000985979,128084,10,1039.243229
1781138866.627704,0.001006785,111958,7,889.627875
1781138866.628676,0.000993934,97412,6,784.052060
1781138866.629650,0.001000517,125254,11,1001.514217
1781138866.630724,0.001008000,112156,10,890.126984
1781138866.631672,0.000993587,139734,11,1125.087184
1781138866.632696,0.001008087,113538,9,901.017472
1781138866.633676,0.000990147,126504,8,1022.102779
1781138866.634707,0.000999791,109062,7,872.678390
1781138866.635664,0.000999811,132296,8,1058.568069
1781138866.636671,0.000999624,109260,10,874.408778
1781138866.637798,0.001000937,120844,10,965.847001
1781138866.638734,0.001008061,133810,9,1061.919864
1781138866.639666,0.000990437,125056,8,1010.107660
1781138866.641092,0.001000064,68320,4,546.525022
1781138866.641680,0.001002608,127952,8,1020.953354
1781138866.642712,0.000998188,122094,7,978.525087
1781138866.643675,0.000999937,106166,7,849.381511
1781138866.644672,0.001011108,130782,7,1034.761865
1781138866.645674,0.000989251,114986,9,929.883316
1781138866.646683,0.001000016,117882,9,943.040911
1781138866.647664,0.001010578,117816,8,932.662298
1781138866.648645,0.000988802,123608,8,1000.062702
1781138866.649658,0.001007204,126504,8,1004.793468
1781138866.650691,0.000994854,112156,10,901.889121
1781138866.651741,0.000999229,125254,11,1002.805163
1781138866.652738,0.000998827,125188,10,1002.680144
1781138866.653763,0.001003391,123674,9,986.048310
1781138866.654781,0.000996848,116368,8,933.887614
1781138866.655762,0.001008668,126504,8,1003.335091
1781138866.656665,0.000990932,109062,7,880.480194
1781138866.657761,0.001000165,126504,8,1011.865042
1781138866.658769,0.001000352,107614,7,860.609066
1781138866.659685,0.001009830,130980,10,1037.639999
1781138866.660737,0.001000745,125254,11,1001.286042
1781138866.661721,0.000990134,125188,10,1011.483294
1781138866.662776,0.000998734,117816,8,943.722753
1781138866.663727,0.000999883,120712,8,965.809000
1781138866.664734,0.000999938,122226,9,977.868628
1781138866.665728,0.000999865,126768,12,1014.280928
1781138866.666705,0.001002665,116434,9,928.996225
1781138866.667864,0.001008431,123674,9,981.120176
1781138866.668746,0.000990979,126570,9,1021.777454
1781138866.669773,0.001010944,113604,10,898.993416
1781138866.670784,0.000987073,125320,12,1015.689822
1781138866.671690,0.001014191,45152,4,356.161709
1781138866.672939,0.000986387,126636,10,1027.069497
1781138866.673676,0.001006957,114920,8,913.008202
1781138866.674727,0.000993352,138250,9,1113.401896
1781138866.675748,0.000999923,112288,12,898.373175
1781138866.676728,0.001003376,112222,11,894.755306
1781138866.677682,0.001000440,117882,9,942.641238
1781138866.679371,0.000995944,96030,7,771.368671
1781138866.679831,0.001009276,111958,7,887.432179
1781138866.680681,0.000995370,133942,11,1076.520289
1781138866.681798,0.001000796,132626,13,1060.164109
1781138866.682729,0.000994884,123740,10,995.010474
1781138866.683705,0.001012949,114920,8,907.607392
1781138866.685035,0.000996265,126504,8,1015.826111
1781138866.685802,0.000993550,109062,7,878.160133
1781138866.686733,0.001010917,127952,8,1012.561862
1781138866.687774,0.000986280,110510,7,896.378310
1781138866.688724,0.001003764,116500,10,928.505107
1781138866.689702,0.000997799,123674,9,991.574455
1781138866.690682,0.001003484,122226,9,974.413145
1781138866.691675,0.000994685,125056,8,1005.793794
1781138866.692822,0.001000765,111958,7,894.979341
1781138866.693715,0.001000207,126504,8,1011.822553
1781138866.694711,0.000998945,106364,10,851.810660
1781138866.695733,0.001012161,123740,10,978.026223
1781138866.711202,0.000991044,114986,9,928.200968
1781138866.711329,0.001002611,117816,8,940.073468
1781138866.711421,0.001003677,128006,9,1020.296370
1781138866.711484,0.000991670,106166,7,856.462331
1781138866.711563,0.000999479,117816,8,943.019313
1781138866.713122,0.001002809,125254,11,999.225176
1781138866.713259,0.000996955,115052,10,923.227227
1781138866.713339,0.001012310,100440,8,793.748950
1781138866.713458,0.000987800,135192,8,1094.893703
1781138866.713540,0.001000755,119198,7,952.864587
1781138866.720221,0.001000542,90172,6,720.985226
1781138866.720453,0.000999290,97610,9,781.434819
1781138866.720560,0.000999878,115052,10,920.528304
1781138866.720650,0.001008666,125406,11,994.628549
1781138866.720712,0.001001500,109128,8,871.716425
1781138866.720884,0.000996803,124990,7,1003.126997
1781138866.720979,0.001007295,124990,7,992.678411
1781138866.721040,0.000995619,112156,10,901.196140
1781138866.721118,0.000995975,129598,11,1040.973920
1781138866.721196,0.000997803,113472,8,909.774775
1781138866.721255,0.000999926,126504,8,1012.106896
1781138866.721331,0.001003414,120646,7,961.884128
1781138866.721392,0.001005646,101954,9,811.052796
1781138866.721449,0.000986000,107812,10,874.742394
1781138866.721506,0.001004995,122292,10,973.473500
1781138866.721783,0.001006523,129466,9,1029.015730
1781138866.723459,0.001001073,109062,7,871.560815
1781138866.724225,0.001000316,117750,7,941.702422
1781138866.724692,0.000998803,129400,8,1036.440619
1781138866.725692,0.001001038,112222,11,896.845075
1781138866.726690,0.000988624,101954,9,825.017398
1781138866.727714,0.000998674,125188,10,1002.833758
1781138866.728722,0.001008968,110576,8,876.745348
1781138866.729728,0.000994214,125056,8,1006.270280
1781138866.730703,0.000997247,106166,7,851.672655
1781138866.731931,0.001010490,104982,11,831.137369
1781138866.732800,0.000990165,112156,10,906.160084
1781138866.733704,0.001002929,135258,9,1078.903891
1781138866.734772,0.000996703,98926,7,794.025903
1781138866.735709,0.001004199,130848,8,1042.406933
1781138866.737036,0.000998222,106166,7,850.840795
1781138866.737819,0.000996811,126504,8,1015.269695
1781138866.739058,0.001000751,116368,8,930.245386
1781138866.740270,0.001008377,119396,10,947.233029
1781138866.740704,0.000996665,129532,10,1039.723478
1781138866.742031,0.000998848,125056,8,1001.601845
1781138866.742808,0.001004906,113406,7,902.818771
1781138866.743791,0.000992201,106430,11,858.132576
1781138866.745238,0.001005817,116566,11,927.134857
1781138866.745773,0.001000724,122226,9,977.100579
1781138866.746707,0.000992582,114920,8,926.230780
1781138866.747690,0.001003279,130848,8,1043.362813
1781138866.748659,0.000996179,111958,7,899.099459
1781138866.749662,0.001008155,119396,10,947.441614
1781138866.751074,0.000992086,112090,9,903.873253
1781138866.751668,0.001005561,119330,9,949.360606
1781138866.752651,0.000993440,130980,10,1054.759220
1781138866.753716,0.001008445,109062,7,865.189475
1781138866.754719,0.000992442,116302,7,937.501637
1781138866.755718,0.001010973,128018,9,1013.028043
1781138866.756664,0.000990819,120976,12,976.775778
1781138866.757690,0.000999281,123806,11,991.160645
1781138866.758723,0.001001832,113538,9,906.643030
1781138866.759718,0.001006428,117750,7,935.983498
1781138866.760752,0.000993822,126570,9,1018.854483
1781138866.761750,0.001007290,118014,11,937.279234
1781138866.763353,0.000989530,128084,10,1035.513830
1781138866.763668,0.001005993,113472,8,902.368108
1781138866.764759,0.001005887,129400,8,1029.141444
1781138866.765673,0.000996521,123542,7,991.786425
1781138866.766710,0.000991360,112012,8,903.905746
1781138866.767710,0.001000117,106430,11,851.340393
1781138866.769664,0.001003917,133942,11,1067.355170
1781138866.769708,0.001008917,88790,7,704.042057
1781138866.770712,0.000987069,125122,9,1014.089187
1781138866.771685,0.001004615,101756,6,810.308427
1781138866.772675,0.001008078,129400,8,1026.904664
1781138866.773680,0.000987933,116368,8,942.314914
1781138866.776290,0.001009393,119462,11,946.802682
1781138866.776335,0.000990495,114986,9,928.715440
1781138866.776659,0.001002089,107614,7,859.117304
1781138866.777709,0.000997041,110510,7,886.703756
1781138866.778717,0.001009906,123542,7,978.641577
1781138866.779739,0.001002142,87540,10,698.823121
1781138866.780669,0.000993416,120844,10,973.159281
1781138866.781660,0.000995965,112090,9,900.352924
1781138866.782691,0.001000433,113406,7,906.855332
1781138866.783700,0.001005745,113406,7,902.065633
1781138866.784685,0.000992839,138088,8,1112.671843
1781138866.785722,0.001004645,110510,7,879.992435
1781138866.786718,0.001001759,132296,8,1056.509600
1781138866.788105,0.000995092,52458,5,421.733870
1781138866.788669,0.000998635,101888,8,816.218138
1781138866.790176,0.000999239,112024,8,896.874522
1781138866.790799,0.001009777,126570,9,1002.756054
1781138866.791768,0.000991190,107614,7,868.564049
1781138866.792730,0.001002021,128216,12,1023.659185
1781138866.793756,0.001009134,123740,10,980.959912
1781138866.795213,0.000989091,116434,9,941.745502
1781138866.796056,0.001004237,129400,8,1030.832363
1781138866.796762,0.001004759,110444,6,879.367092
1781138866.798093,0.000990149,107746,9,870.543726
1781138866.799125,0.001010718,122292,10,967.961390
1781138866.800141,0.000997138,114986,9,922.528276
1781138866.801053,0.000995967,114854,7,922.552655
1781138866.801960,0.000995831,125056,8,1004.636329
1781138866.803106,0.001000668,112090,9,896.121391
1781138866.804079,0.001001990,115118,11,919.114961
1781138866.806152,0.000997933,132428,10,1061.618365
1781138866.806397,0.001008701,117816,8,934.397805
1781138866.807095,0.001000412,114854,7,918.453597
1781138866.808127,0.000993016,122160,8,984.153327
1781138866.809065,0.001006363,101888,8,809.950286
1781138866.809956,0.000995195,129532,10,1041.259251
1781138866.811045,0.001001716,119330,9,953.004644
1781138866.811955,0.000994425,113406,7,912.334264
1781138866.813066,0.001011234,122160,8,966.423202
1781138866.814122,0.000989393,126504,8,1022.881706
1781138866.815216,0.001006710,85894,7,682.571942
1781138866.816055,0.001001587,65556,6,523.617020
1781138866.817033,0.000991749,128084,10,1033.196908
1781138866.818023,0.001000646,126570,9,1011.906309
1781138866.818764,0.000999665,103270,7,826.436856
1781138866.819729,0.001010502,125056,8,990.050490
1781138866.820713,0.001000416,104652,6,836.867863
1781138866.821692,0.001002344,74046,3,590.982736
1781138866.822696,0.000999545,0,0,0.000000
1781138866.823657,0.000997386,0,0,0.000000
1781138866.824666,0.000992573,0,0,0.000000
1781138866.825657,0.001000029,0,0,0.000000
1781138866.826699,0.000996930,0,0,0.000000
1781138866.827696,0.001004975,0,0,0.000000
1781138866.829036,0.000994963,0,0,0.000000
1781138866.829709,0.001002239,0,0,0.000000
1781138866.830719,0.001001048,0,0,0.000000
1781138866.831696,0.001008041,0,0,0.000000
1781138866.832674,0.000995011,0,0,0.000000
1781138866.833659,0.001007651,0,0,0.000000
1781138866.834699,0.000993017,0,0,0.000000
1781138866.835758,0.000992090,0,0,0.000000
1781138866.836676,0.001000463,0,0,0.000000
1781138866.837659,0.001013148,0,0,0.000000
1781138866.838661,0.000986397,0,0,0.000000
1781138866.839675,0.001014075,0,0,0.000000
1781138866.840648,0.000991194,0,0,0.000000
1781138866.841652,0.001004497,0,0,0.000000
1781138866.842664,0.000992643,0,0,0.000000
1781138866.843660,0.000997274,0,0,0.000000
1781138866.844666,0.001005145,0,0,0.000000
1781138866.845647,0.000999539,0,0,0.000000
1781138866.846661,0.000995750,0,0,0.000000
1781138866.847705,0.001011698,0,0,0.000000
1781138866.848647,0.000988409,0,0,0.000000
1781138866.849647,0.001000827,0,0,0.000000
1781138866.850734,0.001006214,0,0,0.000000
1781138866.851692,0.001002363,0,0,0.000000
1781138866.852673,0.000996317,0,0,0.000000
1781138866.853652,0.001002780,0,0,0.000000
1781138866.854700,0.001005482,0,0,0.000000
1781138866.855686,0.000992462,0,0,0.000000
1781138866.856649,0.000992958,0,0,0.000000
1781138866.857647,0.001000927,0,0,0.000000
1781138866.858685,0.000999216,0,0,0.000000
1781138866.859987,0.001009328,0,0,0.000000
1781138866.860662,0.000995013,0,0,0.000000
1781138866.861695,0.001010053,0,0,0.000000
1781138866.862683,0.000990138,0,0,0.000000
1781138866.863726,0.001003408,0,0,0.000000
1781138866.864734,0.000995094,0,0,0.000000
1781138866.865673,0.001003802,0,0,0.000000
1781138866.866651,0.000996580,0,0,0.000000
1781138866.867663,0.000997519,0,0,0.000000
1781138866.868655,0.000999751,0,0,0.000000
1781138866.869766,0.001001343,0,0,0.000000
1781138866.870770,0.001011215,0,0,0.000000
1781138866.871674,0.000987221,0,0,0.000000
1781138866.872651,0.001003201,0,0,0.000000
1781138866.873656,0.001008972,0,0,0.000000
1781138866.874664,0.000987554,0,0,0.000000
1781138866.875685,0.001002085,0,0,0.000000
1781138866.876647,0.001001987,0,0,0.000000
1781138866.877663,0.000996187,0,0,0.000000
1781138866.878666,0.001004416,0,0,0.000000
1781138866.879681,0.000996114,0,0,0.000000
1781138866.880657,0.001011009,0,0,0.000000
1781138866.881658,0.001002369,0,0,0.000000
1781138866.882684,0.000991650,0,0,0.000000
1781138866.883678,0.000994038,0,0,0.000000
1781138866.884670,0.001008317,0,0,0.000000
1781138866.885671,0.000992000,0,0,0.000000
1781138866.886736,0.001019113,0,0,0.000000
1781138866.887750,0.000982995,0,0,0.000000
1781138866.888727,0.001007348,0,0,0.000000
1781138866.889690,0.000990948,0,0,0.000000
1781138866.890696,0.000999521,0,0,0.000000
1781138866.891694,0.001009191,0,0,0.000000
1781138866.892684,0.000996972,0,0,0.000000
1781138866.893679,0.000999178,0,0,0.000000
1781138866.894708,0.001005043,0,0,0.000000
1781138866.895741,0.000990413,0,0,0.000000
1781138866.896691,0.001002746,0,0,0.000000
1781138866.897709,0.000997367,0,0,0.000000
1781138866.898723,0.001006352,0,0,0.000000
1781138866.899806,0.000999486,0,0,0.000000
1781138866.900667,0.001005265,0,0,0.000000
1781138866.901655,0.000992732,0,0,0.000000
1781138866.902657,0.000994691,0,0,0.000000
1781138866.903677,0.001003661,0,0,0.000000
1781138866.904713,0.000999670,0,0,0.000000
1781138866.905699,0.000997045,0,0,0.000000
1781138866.906721,0.001000565,0,0,0.000000
1781138866.907716,0.001001669,0,0,0.000000
1781138866.908767,0.001007668,0,0,0.000000
1781138866.909694,0.001002165,0,0,0.000000
1781138866.910685,0.000987800,0,0,0.000000
1781138866.911757,0.001008838,0,0,0.000000
1781138866.912725,0.000991695,0,0,0.000000
1781138866.913686,0.001000458,0,0,0.000000
1781138866.914724,0.001004511,0,0,0.000000
1781138866.915720,0.001002626,0,0,0.000000
1781138866.916679,0.001005627,0,0,0.000000
1781138866.917674,0.000986732,0,0,0.000000
1781138866.918761,0.001012594,0,0,0.000000
1781138866.919750,0.000988208,0,0,0.000000
1781138866.920723,0.001012416,0,0,0.000000
1781138866.921686,0.000986962,0,0,0.000000
1781138866.922730,0.001009135,0,0,0.000000
1781138866.923678,0.000998924,0,0,0.000000
1781138866.924774,0.001004682,0,0,0.000000
1781138866.925771,0.000987774,0,0,0.000000
1781138866.926766,0.001006863,0,0,0.000000
1781138866.927728,0.000994907,0,0,0.000000
1781138866.928698,0.001010915,0,0,0.000000
1781138866.929701,0.000988010,0,0,0.000000
1781138866.930694,0.001012423,0,0,0.000000
1781138866.931725,0.000996662,0,0,0.000000
1781138866.932714,0.000989454,0,0,0.000000
1781138866.933728,0.000999621,0,0,0.000000
1781138866.934654,0.000999846,0,0,0.000000
1781138866.935675,0.001013405,0,0,0.000000
1781138866.936672,0.000995207,0,0,0.000000
1781138866.937648,0.000992776,0,0,0.000000
1781138866.938686,0.001004991,0,0,0.000000
1781138866.939677,0.000993853,0,0,0.000000
1781138866.940645,0.001000179,0,0,0.000000
1781138866.941650,0.001008431,0,0,0.000000
1781138866.942684,0.000995721,0,0,0.000000
1781138866.943674,0.001009433,0,0,0.000000
1781138866.944661,0.000986657,0,0,0.000000
1781138866.945650,0.001004912,0,0,0.000000
1781138866.946660,0.000994656,0,0,0.000000
1781138866.947679,0.001009987,0,0,0.000000
1781138866.948656,0.000997367,0,0,0.000000
1781138866.949657,0.001006121,0,0,0.000000
1781138866.950733,0.000990435,0,0,0.000000
1781138866.951731,0.000996347,0,0,0.000000
1781138866.952664,0.001012571,0,0,0.000000
1781138866.953650,0.000993820,0,0,0.000000
1781138866.954677,0.000993958,0,0,0.000000
1781138866.955649,0.000999776,0,0,0.000000
1781138866.956654,0.001008810,0,0,0.000000
1781138866.957643,0.000990779,0,0,0.000000
1781138866.958678,0.000999956,0,0,0.000000
1781138866.959661,0.001000334,0,0,0.000000
1781138866.960663,0.001002817,0,0,0.000000
1781138866.961653,0.001005076,0,0,0.000000
1781138866.962660,0.000992224,0,0,0.000000
1781138866.963674,0.001010455,0,0,0.000000
1781138866.964677,0.000989469,0,0,0.000000
1781138866.965653,0.001009793,0,0,0.000000
1781138866.966674,0.000996602,0,0,0.000000
1781138866.967682,0.000993486,0,0,0.000000
1781138866.968665,0.001011861,0,0,0.000000
1781138866.969647,0.000988058,0,0,0.000000
1781138866.970692,0.001010401,0,0,0.000000
1781138866.971670,0.000993741,0,0,0.000000
1781138866.972645,0.000995753,0,0,0.000000
1781138866.973642,0.001000155,0,0,0.000000
1781138866.974674,0.001002439,0,0,0.000000
1781138866.975676,0.001008406,0,0,0.000000
1781138866.976661,0.000988887,0,0,0.000000
1781138866.977691,0.001012969,0,0,0.000000
1781138866.978688,0.000987752,0,0,0.000000
1781138866.979646,0.000999907,0,0,0.000000
1781138866.980647,0.001000681,0,0,0.000000
1781138866.981649,0.001005998,0,0,0.000000
1781138866.982655,0.001004537,0,0,0.000000
1781138866.983663,0.000989601,0,0,0.000000
1781138866.984653,0.001008574,0,0,0.000000
1781138866.985661,0.000990744,0,0,0.000000
1781138866.986678,0.000999314,0,0,0.000000
1781138866.987676,0.001000006,0,0,0.000000
1781138866.988673,0.001011168,0,0,0.000000
1781138866.989651,0.000988856,0,0,0.000000
1781138866.990685,0.001000453,0,0,0.000000
1781138866.991680,0.001000253,0,0,0.000000
1781138866.992669,0.001007362,0,0,0.000000
1781138866.993726,0.001000749,0,0,0.000000
1781138866.994683,0.000998028,0,0,0.000000
1781138866.995659,0.000996163,0,0,0.000000
1781138866.996670,0.001003292,0,0,0.000000
1781138866.997648,0.000994229,0,0,0.000000
1781138866.998680,0.000999475,0,0,0.000000
1781138866.999671,0.001009707,0,0,0.000000
1781138867.000649,0.000995192,0,0,0.000000
1781138867.001645,0.000996532,0,0,0.000000
1781138867.002670,0.001002879,0,0,0.000000
1781138867.003672,0.001009187,0,0,0.000000
1781138867.004650,0.000992055,0,0,0.000000
1781138867.005656,0.001008648,0,0,0.000000
1781138867.006667,0.000991043,0,0,0.000000
1781138867.007669,0.000994827,0,0,0.000000
1781138867.008648,0.001000408,0,0,0.000000
1781138867.009660,0.001014497,0,0,0.000000
1781138867.010742,0.000985719,0,0,0.000000
1781138867.011680,0.001012061,0,0,0.000000
1781138867.012667,0.000989235,0,0,0.000000
1781138867.013755,0.001000081,0,0,0.000000
1781138867.014748,0.001004206,0,0,0.000000
1781138867.015700,0.001007058,0,0,0.000000
1781138867.016701,0.000988971,0,0,0.000000
1781138867.017747,0.000999519,0,0,0.000000
1781138867.018667,0.000997877,0,0,0.000000
1781138867.019663,0.001000249,0,0,0.000000
1781138867.020650,0.001007212,0,0,0.000000
1781138867.021689,0.000994888,0,0,0.000000
1781138867.022648,0.000998215,0,0,0.000000
1781138867.023666,0.001001713,0,0,0.000000
1781138867.024709,0.000999411,0,0,0.000000
1781138867.025665,0.001007289,0,0,0.000000
1781138867.026694,0.000997217,1514,1,12.145802
1781138867.027654,0.001002005,112156,10,895.452618
1781138867.028651,0.000996704,112090,9,899.685363
1781138867.029645,0.000996358,128018,9,1027.887567
1781138867.030675,0.001002183,126570,9,1010.354396
1781138867.031654,0.000997380,107614,7,863.173515
1781138867.032719,0.001000131,125056,8,1000.316958
1781138867.033703,0.001004242,120778,9,962.142591
1781138867.034715,0.001001410,104850,9,837.618957
1781138867.035685,0.001003644,125188,10,997.867770
1781138867.036812,0.001003918,125122,9,997.069482
1781138867.037690,0.001000828,125056,8,999.620314
1781138867.038707,0.000991006,110510,7,892.103580
1781138867.039657,0.000996615,126438,7,1014.939570
1781138867.040684,0.001002243,126702,11,1011.347547
1781138867.041720,0.001008263,120844,10,958.829194
1781138867.042675,0.000990149,120778,9,975.836970
1781138867.043699,0.001000483,88658,5,708.921591
1781138867.044649,0.000997276,98926,7,793.569684
1781138867.045670,0.001010529,100506,9,795.670387
1781138867.046682,0.000995941,91752,8,737.007513
1781138867.047761,0.000997856,80036,6,641.663727
1781138867.048745,0.001007598,107614,7,854.420116
1781138867.049685,0.001001210,110576,8,883.538918
1781138867.050769,0.000988680,125056,8,1011.902739
1781138867.051747,0.000998694,125056,8,1001.756294
1781138867.052717,0.001003970,124990,7,995.966015
1781138867.053733,0.000995741,123476,6,992.033069
1781138867.054703,0.001010004,107614,7,852.384743
1781138867.055922,0.000990555,124990,7,1009.454296
1781138867.056763,0.001006336,42256,4,335.919613
1781138867.057659,0.000992550,0,0,0.000000
1781138867.058667,0.001000240,0,0,0.000000
1781138867.059670,0.001006805,62528,4,496.842983
1781138867.060673,0.001000781,94516,6,755.537925
1781138867.061655,0.000992594,122226,9,985.103678
1781138867.062678,0.000999488,71216,4,570.019850
1781138867.063653,0.001005226,125056,8,995.246840
1781138867.064699,0.000998515,71414,7,572.161660
1781138867.065660,0.001007156,93200,8,740.302396
1781138867.066690,0.000994500,71348,6,573.940674
1781138867.067691,0.001007010,125188,10,994.532328
1781138867.068691,0.000990549,125122,9,1010.526486
1781138867.069699,0.001002325,113406,7,905.143541
1781138867.070697,0.000994697,113406,7,912.084786
1781138867.071704,0.001010670,109194,9,864.329603
1781138867.072820,0.000996261,0,0,0.000000
1781138867.073667,0.001005223,104784,8,833.916454
1781138867.074892,0.000996345,98992,8,794.841144
1781138867.075670,0.000991905,109128,8,880.148805
1781138867.076789,0.001010894,82866,5,655.783890
1781138867.077731,0.000989780,124990,7,1010.244701
1781138867.078757,0.000999012,106232,8,850.696488
1781138867.079767,0.001010179,103468,10,819.403294
1781138867.080783,0.001000180,82998,7,663.864504
1781138867.081710,0.001004182,109062,7,868.862417
1781138867.083577,0.000985860,93068,6,755.222851
1781138867.084220,0.001001373,125122,9,999.603544
1781138867.084777,0.001003507,127952,8,1020.038724
1781138867.085755,0.001007470,110510,7,877.524889
1781138867.086711,0.000997053,129334,7,1037.730191
1781138867.087687,0.001000344,46666,5,373.199619
1781138867.088664,0.000989758,87408,8,706.499973
1781138867.089735,0.001034650,113472,8,877.374958
1781138867.091610,0.001537559,168760,12,878.067118
1781138867.091939,0.000439802,43638,3,793.775381
1781138867.092698,0.000994192,103138,5,829.924200
1781138867.093758,0.000993687,107812,10,867.975530
1781138867.094720,0.001001637,101954,9,814.298993
1781138867.095755,0.001003278,97544,8,777.802364
1781138867.097037,0.000994838,110510,7,888.667301
1781138867.097723,0.001000458,106166,7,848.939186
1781138867.099650,0.001003766,97412,6,776.372182
1781138867.099894,0.001004322,97742,11,778.571016
1781138867.100926,0.000996233,106298,9,853.599509
1781138867.101730,0.000996428,110642,9,888.309040
1781138867.102776,0.000999631,100374,7,803.288413
1781138867.103745,0.001003500,109062,7,869.452915
1781138867.104678,0.001004611,124990,7,995.330531
1781138867.105797,0.000997660,97610,9,782.711545
1781138867.106719,0.000994681,78654,7,632.596782
1781138867.107698,0.001002470,125188,10,999.036380
1781138867.108799,0.000997869,75626,5,606.300025
1781138867.109674,0.001004074,106100,6,845.356020
1781138867.110808,0.000996026,90106,5,723.724079
1781138867.111722,0.001010529,136640,8,1081.730460
1781138867.112740,0.000995769,88922,9,714.398621
1781138867.113729,0.001001384,101888,8,813.977455
1781138867.114703,0.001003565,97478,7,777.053803
1781138867.115667,0.000989353,113406,7,917.011421
1781138867.116676,0.000998263,114854,7,920.430788
1781138867.117765,0.000999292,103270,7,826.745336
1781138867.118736,0.001013552,97742,11,771.480891
1781138867.119686,0.000997000,87342,7,700.838516
1781138867.120669,0.000993786,98992,8,796.887861
1781138867.121658,0.001002281,130848,8,1044.401720
1781138867.122725,0.000993992,90172,6,725.736223
1781138867.123704,0.001005120,106100,6,844.476281
1781138867.124665,0.000994980,86026,9,691.680235
1781138867.125714,0.000999245,110642,9,885.804783
1781138867.126681,0.001006629,94582,7,751.673159
1781138867.127658,0.000995317,109128,8,877.131607
1781138867.128664,0.001008373,116302,7,922.690314
1781138867.129651,0.000990614,135126,7,1091.250477
1781138867.130696,0.001006847,86026,9,683.527885
1781138867.131693,0.001004142,116566,11,928.681402
1781138867.132651,0.000988504,110642,9,895.429862
1781138867.133660,0.001009740,125122,9,991.320538
1781138867.134705,0.001003998,122094,7,972.862496
1781138867.135679,0.000986580,97478,7,790.431592
1781138867.136671,0.001000593,129532,10,1035.641864
1781138867.137664,0.001000507,112156,10,896.793326
1781138867.138730,0.001003736,125188,10,997.776308
1781138867.139713,0.001003037,125056,8,997.418839
1781138867.140877,0.000993223,106100,6,854.591567
1781138867.141884,0.000998875,103336,8,827.619071
1781138867.142856,0.001012001,91818,9,725.833275
1781138867.143882,0.000992049,97478,7,786.074075
1781138867.144849,0.001001684,95964,6,766.421346
1781138867.145688,0.000995539,91620,6,736.244386
1781138867.146838,0.001003422,100308,6,799.727333
1781138867.147684,0.001001927,142498,9,1137.791476
1781138867.148707,0.001008544,77272,8,612.939049
1781138867.149785,0.000986418,107812,10,874.371717
1781138867.150872,0.000998638,78588,6,629.561463
1781138867.151690,0.001008262,113472,8,900.337412
1781138867.152665,0.000991748,91686,7,739.591106
1781138867.153660,0.001000705,116302,7,929.760519
1781138867.154729,0.001001748,114920,8,917.755763
1781138867.155888,0.001000900,116632,12,932.217005
1781138867.156766,0.001002505,129532,10,1033.666665
1781138867.157764,0.001000123,109194,9,873.444566
1781138867.158740,0.000996195,125056,8,1004.269244
1781138867.159711,0.000997812,125056,8,1002.641780
1781138867.160731,0.001000043,112024,8,896.153465
1781138867.161692,0.001003775,123872,12,987.249135
1781138867.162731,0.000995990,101888,8,818.385727
1781138867.163723,0.001002372,125122,9,998.607303
1781138867.164725,0.000999246,125122,9,1001.731305
1781138867.165708,0.000999023,114854,7,919.730577
1781138867.166738,0.001003082,130848,8,1043.567724
1781138867.167760,0.000996123,116434,9,935.097373
1781138867.168723,0.001009308,117882,9,934.358987
1781138867.169705,0.000991006,123674,9,998.371352
1781138867.170680,0.000999559,110510,7,884.470051
1781138867.171691,0.001000737,141050,9,1127.568982
1781138867.173186,0.000999676,109062,7,872.778780
1781138867.173963,0.001000193,125056,8,1000.254951
1781138867.174716,0.001002520,112090,9,894.465946
1781138867.175711,0.000997523,128150,11,1027.745726
1781138867.176660,0.001000124,131142,11,1049.005923
1781138867.177672,0.001004896,107680,8,857.242939
1781138867.178706,0.000994094,127952,8,1029.697393
1781138867.179676,0.001000641,127952,8,1022.960282
1781138867.180681,0.001002354,104718,7,835.776582
1781138867.181653,0.000997277,128018,9,1026.940359
1781138867.182678,0.001000458,114986,9,919.466884
1781138867.183679,0.001000247,126636,10,1012.837829
1781138867.184687,0.001008818,129466,9,1026.674782
1781138867.185660,0.000990266,110510,7,892.770225
1781138867.186712,0.001010591,123608,8,978.500699
1781138867.187680,0.000989860,129400,8,1045.804457
1781138867.188726,0.001008720,100572,10,797.620747
1781138867.189919,0.000997686,116434,9,933.632425
1781138867.190724,0.000993890,39294,3,316.284498
1781138867.191698,0.001010541,109182,9,864.344940
1781138867.192688,0.001003925,125056,8,996.536594
1781138867.193657,0.000998320,125056,8,1002.131581
1781138867.194694,0.000987042,0,0,0.000000
1781138867.195688,0.001001640,0,0,0.000000
1781138867.196682,0.001010512,0,0,0.000000
1781138867.197654,0.000988040,0,0,0.000000
1781138867.198671,0.000999601,0,0,0.000000
1781138867.199721,0.001001103,49582,3,396.218970
1781138867.200708,0.001006192,24682,1,196.240876
1781138867.201736,0.001004188,0,0,0.000000
1781138867.202723,0.000998741,0,0,0.000000
1781138867.204129,0.001000208,0,0,0.000000
1781138867.204657,0.000991623,0,0,0.000000
1781138867.205662,0.000998122,0,0,0.000000
1781138867.206850,0.001000508,0,0,0.000000
1781138867.207699,0.001002328,0,0,0.000000
1781138867.208644,0.000996456,0,0,0.000000
1781138867.209643,0.001000252,0,0,0.000000
1781138867.210679,0.001000142,0,0,0.000000
1781138867.211678,0.000999554,0,0,0.000000
1781138867.212957,0.001014496,0,0,0.000000
1781138867.215553,0.000992614,0,0,0.000000
1781138867.216127,0.001000329,0,0,0.000000
1781138867.216273,0.000995194,0,0,0.000000
1781138867.217232,0.000999000,0,0,0.000000
1781138867.219283,0.000999846,0,0,0.000000
1781138867.219490,0.001000252,0,0,0.000000
1781138867.220220,0.001000156,0,0,0.000000
1781138867.221114,0.001009357,0,0,0.000000
1781138867.221767,0.000990705,0,0,0.000000
1781138867.222689,0.000998293,0,0,0.000000
1781138867.223666,0.001001592,0,0,0.000000
1781138867.224750,0.001000103,0,0,0.000000
1781138867.225714,0.001005797,0,0,0.000000
1781138867.226703,0.001005956,0,0,0.000000
1781138867.227688,0.000991533,0,0,0.000000
1781138867.228660,0.001009547,0,0,0.000000
1781138867.229643,0.000987112,0,0,0.000000
1781138867.230713,0.000998046,0,0,0.000000
1781138867.231717,0.001000725,0,0,0.000000
1781138867.232685,0.001000341,0,0,0.000000
1781138867.233685,0.001002379,0,0,0.000000
1781138867.234694,0.001010541,0,0,0.000000
1781138867.235689,0.000996063,0,0,0.000000
1781138867.236663,0.000990543,0,0,0.000000
1781138867.237658,0.001012126,0,0,0.000000
1781138867.238678,0.000987434,0,0,0.000000
1781138867.239682,0.001002426,0,0,0.000000
1781138867.240671,0.001008374,0,0,0.000000
1781138867.241758,0.001000140,0,0,0.000000
1781138867.242728,0.000995808,0,0,0.000000
1781138867.243691,0.000994923,0,0,0.000000
1781138867.244718,0.001005596,0,0,0.000000
1781138867.245725,0.000993833,0,0,0.000000
1781138867.246786,0.000999221,0,0,0.000000
1781138867.248043,0.001005232,0,0,0.000000
1781138867.248686,0.000995131,0,0,0.000000
1781138867.249737,0.001001606,0,0,0.000000
1781138867.250689,0.001005970,0,0,0.000000
1781138867.251676,0.000991728,0,0,0.000000
1781138867.252675,0.001011571,0,0,0.000000
1781138867.254412,0.000991979,0,0,0.000000
1781138867.254687,0.001006138,54,1,0.429365
1781138867.255653,0.000997506,0,0,0.000000
1781138867.256657,0.001001049,0,0,0.000000
1781138867.257694,0.001003484,0,0,0.000000
1781138867.258673,0.000998319,0,0,0.000000
1781138867.259745,0.000999992,0,0,0.000000
1781138867.260771,0.001004484,0,0,0.000000
1781138867.261657,0.000986138,0,0,0.000000
1781138867.262676,0.001002277,0,0,0.000000
1781138867.263682,0.000998297,0,0,0.000000
1781138867.264646,0.000999022,0,0,0.000000
1781138867.265644,0.000999879,0,0,0.000000
1781138867.266687,0.001004321,0,0,0.000000
1781138867.267685,0.001002556,0,0,0.000000
1781138867.268646,0.000992988,0,0,0.000000
1781138867.269683,0.001009756,0,0,0.000000
1781138867.270661,0.000990433,0,0,0.000000
1781138867.271649,0.001003293,0,0,0.000000
1781138867.272653,0.001003831,0,0,0.000000
1781138867.273666,0.000998336,0,0,0.000000
1781138867.274666,0.000996820,0,0,0.000000
1781138867.275644,0.000997978,0,0,0.000000
1781138867.276646,0.001000592,0,0,0.000000
1781138867.277654,0.001003731,0,0,0.000000
1781138867.278667,0.000995323,0,0,0.000000
1781138867.279701,0.001014868,0,0,0.000000
1781138867.280675,0.001000338,0,0,0.000000
1781138867.281660,0.000993283,0,0,0.000000
1781138867.282652,0.000993756,0,0,0.000000
1781138867.283680,0.000997717,0,0,0.000000
1781138867.284662,0.001000066,0,0,0.000000
1781138867.285660,0.000999949,0,0,0.000000
1781138867.286680,0.001003141,0,0,0.000000
1781138867.287677,0.001009120,0,0,0.000000
1781138867.288663,0.000987554,0,0,0.000000
1781138867.289648,0.001004639,0,0,0.000000
1781138867.290670,0.001002472,0,0,0.000000
1781138867.291675,0.001002439,0,0,0.000000
1781138867.292646,0.000990800,0,0,0.000000
1781138867.293655,0.001011172,0,0,0.000000
1781138867.294680,0.000990954,0,0,0.000000
1781138867.295663,0.000998367,0,0,0.000000
1781138867.296663,0.000999653,0,0,0.000000
1781138867.297648,0.001003163,0,0,0.000000
1781138867.298692,0.001006140,0,0,0.000000
1781138867.299660,0.000990535,0,0,0.000000
1781138867.300671,0.001004525,0,0,0.000000
1781138867.301651,0.001003271,0,0,0.000000
1781138867.302679,0.000992112,0,0,0.000000
1781138867.303739,0.001010508,0,0,0.000000
1781138867.304909,0.000999524,0,0,0.000000
1781138867.305770,0.000991526,0,0,0.000000
1781138867.306748,0.001011045,0,0,0.000000
1781138867.307711,0.000987759,0,0,0.000000
1781138867.308702,0.001000507,0,0,0.000000
1781138867.309716,0.001011453,0,0,0.000000
1781138867.310756,0.000989795,0,0,0.000000
1781138867.311703,0.001009581,0,0,0.000000
1781138867.312677,0.000995629,0,0,0.000000
1781138867.313659,0.000995003,0,0,0.000000
1781138867.314704,0.000997932,0,0,0.000000
1781138867.315713,0.001006470,0,0,0.000000
1781138867.316676,0.000993345,0,0,0.000000
1781138867.317671,0.001008287,0,0,0.000000
1781138867.318671,0.000997540,0,0,0.000000
1781138867.319727,0.001003060,0,0,0.000000
1781138867.320692,0.000994011,0,0,0.000000
1781138867.321732,0.000998277,0,0,0.000000
1781138867.322783,0.000998611,0,0,0.000000
1781138867.323756,0.001011090,0,0,0.000000
1781138867.324740,0.000997076,0,0,0.000000
1781138867.325726,0.000999795,0,0,0.000000
1781138867.326704,0.000992911,0,0,0.000000
1781138867.327691,0.000999499,0,0,0.000000
1781138867.328670,0.001012782,0,0,0.000000
1781138867.329674,0.000999404,0,0,0.000000
1781138867.330701,0.000988271,0,0,0.000000
1781138867.331747,0.001001192,0,0,0.000000
1781138867.332696,0.001005814,0,0,0.000000
1781138867.333722,0.000998809,0,0,0.000000
1781138867.334841,0.000996056,0,0,0.000000
1781138867.335691,0.001001596,0,0,0.000000
1781138867.336669,0.001007973,0,0,0.000000
1781138867.337686,0.000989204,0,0,0.000000
1781138867.338722,0.001012374,0,0,0.000000
1781138867.339693,0.000997080,0,0,0.000000
1781138867.340665,0.000989688,0,0,0.000000
1781138867.341736,0.000999401,0,0,0.000000
1781138867.342742,0.000999820,0,0,0.000000
1781138867.343724,0.001001139,0,0,0.000000
1781138867.344687,0.001000045,0,0,0.000000
1781138867.345718,0.001009770,0,0,0.000000
1781138867.346737,0.000990015,0,0,0.000000
1781138867.347762,0.001004196,0,0,0.000000
1781138867.348697,0.001003816,0,0,0.000000
1781138867.349660,0.001001763,0,0,0.000000
1781138867.350701,0.000994055,0,0,0.000000
1781138867.351729,0.000997240,0,0,0.000000
1781138867.352710,0.001003159,0,0,0.000000
1781138867.353709,0.001002067,0,0,0.000000
1781138867.354752,0.000996679,0,0,0.000000
1781138867.355798,0.001008553,0,0,0.000000
1781138867.356745,0.000996666,0,0,0.000000
1781138867.357717,0.001002737,0,0,0.000000
1781138867.358724,0.001001106,0,0,0.000000
1781138867.359714,0.000990335,0,0,0.000000
1781138867.360690,0.001002728,0,0,0.000000
1781138867.361701,0.000994992,0,0,0.000000
1781138867.362723,0.001000372,0,0,0.000000
1781138867.363710,0.000999879,0,0,0.000000
1781138867.364659,0.001003584,0,0,0.000000
1781138867.365691,0.001008020,0,0,0.000000
1781138867.366686,0.000995053,0,0,0.000000
1781138867.367661,0.000992618,0,0,0.000000
1781138867.368656,0.001009551,0,0,0.000000
1781138867.369659,0.000995926,0,0,0.000000
1781138867.370694,0.001006099,0,0,0.000000
1781138867.371683,0.000991769,0,0,0.000000
1781138867.372656,0.001006464,0,0,0.000000
1781138867.373817,0.000994375,0,0,0.000000
1781138867.374726,0.000995485,0,0,0.000000
1781138867.375705,0.001000110,0,0,0.000000
1781138867.376804,0.000999912,0,0,0.000000
1781138867.377693,0.001010408,0,0,0.000000
1781138867.378686,0.000995036,0,0,0.000000
1781138867.379659,0.001007865,0,0,0.000000
1781138867.380647,0.000990649,0,0,0.000000
1781138867.381642,0.000995923,0,0,0.000000
1781138867.382678,0.001000707,0,0,0.000000
1781138867.383718,0.001009737,0,0,0.000000
1781138867.384699,0.000995424,0,0,0.000000
1781138867.385724,0.000994461,0,0,0.000000
1781138867.386715,0.001007887,0,0,0.000000
1781138867.387734,0.001002830,0,0,0.000000
1781138867.388686,0.000989251,0,0,0.000000
1781138867.389743,0.001007812,0,0,0.000000
1781138867.390688,0.000992031,0,0,0.000000
1781138867.391681,0.001015639,0,0,0.000000
1781138867.392678,0.000996369,0,0,0.000000
1781138867.393701,0.000989021,0,0,0.000000
1781138867.394671,0.001001494,0,0,0.000000
1781138867.395679,0.000997569,0,0,0.000000
1781138867.396663,0.001000131,0,0,0.000000
1781138867.397651,0.001008250,0,0,0.000000
1781138867.398684,0.000991713,0,0,0.000000
1781138867.399692,0.001011526,0,0,0.000000
1781138867.400671,0.000999966,0,0,0.000000
1781138867.401646,0.000992655,0,0,0.000000
1781138867.402683,0.001001830,0,0,0.000000
1781138867.403678,0.000994867,0,0,0.000000
1781138867.404648,0.000999202,0,0,0.000000
1781138867.405666,0.001003649,0,0,0.000000
1781138867.406691,0.001009484,1514,1,11.998209
1781138867.408004,0.000995711,84446,7,678.477992
1781138867.408693,0.000998890,104916,10,840.260689
1781138867.409740,0.001001325,80036,6,639.440741
1781138867.410886,0.000997847,85828,6,688.105491
1781138867.411757,0.000995508,100308,6,806.084934
1781138867.412729,0.000998100,104652,6,838.809739
1781138867.413749,0.001003845,133810,9,1066.379770
1781138867.414784,0.001000820,62726,7,501.396855
1781138867.415794,0.001008964,103402,9,819.866715
1781138867.416686,0.000997344,80036,6,641.993134
1781138867.417679,0.000991290,78522,5,633.695488
1781138867.418710,0.001003091,110510,7,881.355729
1781138867.419690,0.001000773,79970,5,639.265847
1781138867.420652,0.000993097,106100,6,854.699994
1781138867.421746,0.000999823,80234,9,641.985631
1781138867.422750,0.001000463,97610,9,780.518620
1781138867.423754,0.001003744,78654,7,626.884943
1781138867.424819,0.001008744,125188,10,992.822758
1781138867.425939,0.000988865,82866,5,670.392824
1781138867.426718,0.001010377,104718,7,829.140014
1781138867.427708,0.000998018,87276,6,699.594596
1781138867.428653,0.000990787,91884,10,741.907191
1781138867.429660,0.001005112,94648,8,753.332962
1781138867.430885,0.001004808,104784,8,834.260874
1781138867.431991,0.000989483,113472,8,917.424554
1781138867.432942,0.001007594,127952,8,1015.901246
1781138867.433732,0.000992822,107614,7,867.136304
1781138867.434900,0.000999760,133744,8,1070.208850
1781138867.435725,0.000999929,37912,4,303.317536
1781138867.436701,0.001008961,98992,8,784.902489
1781138867.437763,0.000996293,110576,8,887.899443
1781138867.438814,0.000995137,114986,9,924.383276
1781138867.439731,0.001002991,110510,7,881.443602
1781138867.440816,0.001009050,126504,8,1002.955255
1781138867.441772,0.000992674,130848,8,1054.509335
1781138867.443382,0.000995128,106100,6,852.955600
1781138867.443708,0.001002256,23300,2,185.980428
1781138867.444967,0.000997185,96030,7,770.408700
1781138867.445737,0.001015637,80102,7,630.949837
1781138867.446771,0.000989058,97478,7,788.451233
1781138867.447759,0.001003029,119198,7,950.704317
1781138867.449188,0.000998241,82866,5,664.096145
1781138867.449783,0.000999752,122160,8,977.522426
1781138867.450721,0.000996245,107614,7,864.156909
1781138867.451783,0.000998952,126438,7,1012.565168
1781138867.452742,0.001011154,139536,8,1103.974271
1781138867.453724,0.000992532,42322,5,341.123510
1781138867.454800,0.000998545,96096,8,769.888187
1781138867.455742,0.000997424,93200,8,747.525626
1781138867.456736,0.001008036,104718,7,831.065557
1781138867.457712,0.001007646,106166,7,842.883314
1781138867.458708,0.000984592,106166,7,862.619237
1781138867.459835,0.001003144,91752,8,731.715487
1781138867.460682,0.001005001,99058,9,788.520608
1781138867.461661,0.000992487,88856,8,716.229029
1781138867.462826,0.000999032,100374,7,803.770049
1781138867.463769,0.001003204,96030,7,765.786420
1781138867.464771,0.001004132,111958,7,891.978345
1781138867.465761,0.001002869,122160,8,974.484205
1781138867.466725,0.000988943,109062,7,882.251050
1781138867.467680,0.001003532,75692,6,603.404774
1781138867.469044,0.000997803,81550,7,653.836479
1781138867.469767,0.000999885,106232,8,849.953745
1781138867.470889,0.001006645,95964,6,762.644229
1781138867.471741,0.000997005,88658,5,711.394627
1781138867.472727,0.000998841,120712,8,966.816540
1781138867.473746,0.000997686,84644,10,678.722564
1781138867.474756,0.001010175,85960,8,680.753335
1781138867.475820,0.000990412,94582,7,763.981050
1781138867.476700,0.001011093,94516,6,747.832296
1781138867.477681,0.000988492,88658,5,717.521234
1781138867.488482,0.001007928,110510,7,877.126144
1781138867.488853,0.001004823,96030,7,764.552563
1781138867.488953,0.000987164,84512,8,684.887212
1781138867.489044,0.001000116,90238,7,721.820269
1781138867.489107,0.000999364,96096,8,769.257248
1781138867.489185,0.001002333,91554,5,730.727213
1781138867.489289,0.000997819,111958,7,897.621713
1781138867.489368,0.001000000,101822,7,814.576000
1781138867.489445,0.001009808,129334,7,1024.622502
1781138867.489716,0.000989358,62726,7,507.205683
1781138867.489923,0.001009083,101954,9,808.290299
1781138867.490001,0.000991812,101822,7,821.300811
1781138867.490704,0.001000258,97412,6,779.094993
1781138867.491718,0.001010541,94516,6,748.240794
1781138867.492693,0.000999128,104652,6,837.946690
1781138867.493772,0.001004825,120646,7,960.533426
1781138867.494686,0.000984426,99058,9,805.001087
1781138867.495862,0.001000357,85960,8,687.434586
1781138867.496851,0.001000206,96030,7,768.081775
1781138867.497779,0.001013668,103270,7,815.020303
1781138867.498760,0.000996651,100308,6,805.160482
1781138867.499747,0.000990895,122160,8,986.259896
1781138867.500826,0.001007051,114854,7,912.398677
1781138867.502870,0.000994745,71414,7,574.330105
1781138867.503041,0.000996927,94648,8,759.517999
1781138867.503844,0.001000547,106166,7,848.863672
1781138867.504849,0.001004253,96030,7,764.986512
1781138867.505767,0.000995197,103204,6,829.616649
1781138867.506712,0.001006764,120646,7,958.683465
1781138867.507711,0.001004921,87474,9,696.365187
1781138867.508709,0.001002264,104916,10,837.432054
1781138867.509680,0.000997141,125188,10,1004.375510
1781138867.510704,0.000988860,85828,6,694.359161
1781138867.511678,0.001012725,98860,6,780.942507
1781138867.512663,0.000995522,110510,7,888.056718
1781138867.513652,0.000995157,96162,9,773.039832
1781138867.514724,0.001005541,93200,8,741.491396
1781138867.515702,0.001002728,94582,7,754.597458
1781138867.516661,0.000996177,110576,8,888.002835
1781138867.517677,0.000998321,85762,5,687.249893
1781138867.518694,0.000994068,106166,7,854.396279
1781138867.519694,0.001013254,109194,9,862.125390
1781138867.520676,0.000994550,104916,10,843.927404
1781138867.521678,0.000996462,78588,6,630.936252
1781138867.522832,0.000996116,119264,8,957.832220
1781138867.523794,0.000999746,90172,6,721.559276
1781138867.524719,0.001001247,122094,7,975.535507
1781138867.526033,0.001013514,89054,11,702.932569
1781138867.526814,0.000985460,101954,9,827.666268
1781138867.527669,0.000999289,97544,8,780.907225
1781138867.528676,0.001001618,109128,8,871.613729
1781138867.529665,0.001005941,213846,7,1700.664353
1781138867.530703,0.000993173,107548,6,866.298218
1781138867.531678,0.001002366,104652,6,835.239823
1781138867.532654,0.001003202,122358,11,975.739682
1781138867.533671,0.000998187,88856,8,712.139108
1781138867.534695,0.000997746,106166,7,851.246710
1781138867.535691,0.001007597,116368,8,923.924942
1781138867.536671,0.000990570,111958,7,904.190517
1781138867.537793,0.000999717,132230,7,1058.139453
1781138867.538737,0.000999658,80234,9,642.091595
1781138867.539708,0.001000837,104850,9,838.098512
1781138867.540694,0.000999223,100374,7,803.616410
1781138867.541728,0.001013793,122160,8,963.983772
1781138867.542803,0.000992842,114854,7,925.456417
1781138867.543779,0.000997981,100374,7,804.616521
1781138867.544755,0.001000915,100572,10,803.840486
1781138867.545704,0.000995133,96096,8,772.527893
1781138867.546679,0.001001205,96030,7,767.315385
1781138867.547676,0.000999203,129400,8,1036.025712
1781138867.548656,0.000999180,125056,8,1001.269041
1781138867.549654,0.001000115,107680,8,861.340946
1781138867.550683,0.001001282,96162,9,768.311025
1781138867.551677,0.000998797,98992,8,792.889846
1781138867.552651,0.000999126,100374,7,803.694429
1781138867.553694,0.001005187,125056,8,995.285454
1781138867.554688,0.000995803,119198,7,957.603060
1781138867.555685,0.001004122,125056,8,996.341082
1781138867.556664,0.000995215,91752,8,737.545154
1781138867.557659,0.001001776,119330,9,952.947565
1781138867.558690,0.001004328,120712,8,961.534479
1781138867.559686,0.001001061,113406,7,906.286430
1781138867.560667,0.000998044,123608,8,990.802009
1781138867.561657,0.000995371,125056,8,1005.100611
1781138867.562712,0.001000140,93200,8,745.495631
1781138867.563714,0.001004287,116500,10,928.021572
1781138867.564773,0.001002421,130980,10,1045.309306
1781138867.565758,0.000997459,114920,8,921.702045
1781138867.566703,0.000995008,126438,7,1016.578761
1781138867.567706,0.001002061,125056,8,998.390318
1781138867.568696,0.001011272,100506,9,795.085793
1781138867.569813,0.000988738,123806,11,1001.729477
1781138867.570706,0.001011168,123740,10,978.986677
1781138867.571702,0.000987173,119330,9,967.044277
1781138867.572696,0.001006429,87276,6,693.747895
1781138867.573755,0.000995127,119198,7,958.253570
1781138867.574710,0.000998176,123608,8,990.670984
1781138867.575680,0.000999864,106298,9,850.499668
1781138867.576675,0.001006416,125188,10,995.119314
1781138867.577659,0.000998031,125122,8,1002.950810
1781138867.578715,0.000995532,88724,7,712.977584
1781138867.579744,0.000999659,119264,8,954.437463
1781138867.580763,0.001005918,96096,8,764.245197
1781138867.581719,0.000998052,119462,11,957.561329
1781138867.582752,0.000996673,112156,10,900.243109
1781138867.584049,0.001000608,119264,8,953.532252
1781138867.584722,0.001011923,126504,8,1000.107716
1781138867.585775,0.000994844,104652,6,841.555058
1781138867.587318,0.000992734,229708,8,1851.114196
1781138867.587719,0.001016663,125056,8,984.050762
1781138867.588809,0.000983155,112090,9,912.084056
1781138867.589710,0.000999811,115118,11,921.118091
1781138867.590778,0.001001004,109128,8,872.148363
1781138867.591711,0.001001084,125056,8,999.364689
1781138867.593066,0.001009990,125056,8,990.552382
1781138867.593800,0.000998242,122226,9,979.530014
1781138867.594704,0.000990927,104916,10,847.012948
1781138867.595686,0.000998858,106232,8,850.827645
1781138867.596678,0.001001533,128084,10,1023.103582
1781138867.597693,0.001007279,114920,8,912.716338
1781138867.598692,0.000991301,117750,7,950.266367
1781138867.599686,0.001007808,116368,8,923.731504
1781138867.600668,0.000991941,129400,8,1043.610457
1781138867.601653,0.001004465,109194,9,869.668928
1781138867.602720,0.000999984,98992,8,791.948671
1781138867.603654,0.001000319,116500,10,931.702787
1781138867.604679,0.001006088,117816,8,936.824612
1781138867.605649,0.000988681,122160,8,988.468475
1781138867.606692,0.001011088,100308,6,793.663855
1781138867.607696,0.000991581,106298,9,857.604170
1781138867.608685,0.001008993,112090,9,888.727672
1781138867.609657,0.000992028,123740,10,997.875060
1781138867.610716,0.000997312,96030,7,770.310595
1781138867.611697,0.001009521,109062,7,864.267311
1781138867.612874,0.000990073,109062,7,881.244110
1781138867.615021,0.001011866,78654,7,621.853091
1781138867.615187,0.001002119,99058,9,790.788320
1781138867.616158,0.000985799,122292,10,992.429491
1781138867.616722,0.001001159,114986,9,918.823084
1781138867.617958,0.000998868,94516,6,756.984907
1781138867.618723,0.001002995,139602,9,1113.481124
1781138867.619725,0.000998214,117750,7,943.685422
1781138867.620747,0.001000010,120712,8,965.686343
1781138867.621691,0.001004037,110642,9,881.577073
1781138867.622698,0.000995145,112090,9,901.094815
1781138867.623695,0.001004740,125188,10,996.779266
1781138867.624731,0.000994474,122094,7,982.179524
1781138867.625653,0.001000851,101822,7,813.883385
1781138867.626701,0.000999852,91818,9,734.652729
1781138867.627694,0.001000202,129664,12,1037.102505
1781138867.628680,0.001000045,112090,9,896.679649
1781138867.629676,0.001012879,135258,9,1068.305296
1781138867.630687,0.000986583,116368,8,943.604339
1781138867.631819,0.001011259,125056,8,989.309366
1781138867.632701,0.001003610,109128,8,869.883720
1781138867.633671,0.000996627,118014,11,947.307267
1781138867.634712,0.000994720,120778,9,971.352742
1781138867.635786,0.000994467,122292,10,983.779251
1781138867.636766,0.001011129,114854,7,908.718868
1781138867.637739,0.000994184,126504,8,1017.952411
1781138867.638705,0.000998412,125056,8,1002.039238
1781138867.639694,0.000996604,116566,11,935.705656
1781138867.640688,0.001007704,125188,10,993.847400
1781138867.641681,0.000993165,114986,9,926.218705
1781138867.642708,0.001007220,123674,9,982.299795
1781138867.643708,0.001004860,125056,8,995.609339
1781138867.644696,0.000998858,81550,7,653.145893
1781138867.645674,0.000987491,110840,12,897.952488
1781138867.646813,0.001004153,131112,12,1044.557951
1781138867.647689,0.000999769,104718,7,837.937564
1781138867.648732,0.001004837,122226,9,973.101110
1781138867.649668,0.000996789,127952,8,1026.913419
1781138867.650719,0.001003001,126504,8,1009.003979
1781138867.651684,0.000992249,106166,7,855.962566
1781138867.652687,0.001011593,113406,7,896.850809
1781138867.653663,0.000994839,120844,10,971.767291
1781138867.654717,0.001003769,136772,10,1090.067535
1781138867.655768,0.001001465,122160,8,975.850379
1781138867.656719,0.000991103,110510,7,892.016269
1781138867.657740,0.000997630,125056,8,1002.824695
1781138867.658707,0.001007629,127952,8,1015.865959
1781138867.659678,0.000991662,123608,8,997.178474
1781138867.660703,0.001012578,106166,7,838.777852
1781138867.661710,0.000993623,119132,6,959.172644
1781138867.662699,0.000998843,122358,11,979.997858
1781138867.663698,0.001003276,125188,10,998.233786
1781138867.664675,0.000991091,113538,9,916.468821
1781138867.665684,0.001005776,126504,8,1006.220073
1781138867.666688,0.000994227,123608,8,994.605860
1781138867.667678,0.001001716,107614,7,859.437206
1781138867.668689,0.001001797,124990,7,998.126367
1781138867.669663,0.000997405,124924,6,1001.992170
1781138867.670683,0.001004871,113538,9,903.901098
1781138867.671685,0.000998822,123740,10,991.087501
1781138867.672681,0.001007181,128084,10,1017.366293
1781138867.673689,0.000988437,112024,8,906.675893
1781138867.674718,0.001002553,126504,8,1009.454862
1781138867.675706,0.001006173,125226,9,995.661780
1781138867.676692,0.000990927,107548,6,868.261739
1781138867.677679,0.001008295,124990,7,991.693899
1781138867.678700,0.000991874,122160,8,985.286438
1781138867.679683,0.001000396,116434,9,931.103283
1781138867.680691,0.000999665,126636,10,1013.427498
1781138867.681661,0.001013965,126636,10,999.135079
1781138867.682700,0.000988180,110510,7,894.654820
1781138867.683686,0.000997694,126504,8,1014.371140
1781138867.684671,0.000999923,107614,7,860.978295
1781138867.685681,0.001006279,116302,7,924.610371
1781138867.686693,0.000997579,103336,8,828.694269
1781138867.687676,0.000996740,120844,10,969.913919
1781138867.688708,0.001011321,128084,10,1013.201545
1781138867.689792,0.000995147,117816,8,947.124395
1781138867.690721,0.000998003,120766,9,968.061218
1781138867.692305,0.000998708,144012,10,1153.586434
1781138867.692681,0.000999473,122424,12,979.908412
1781138867.693702,0.001007074,126768,12,1007.020338
1781138867.694686,0.001003282,122502,11,976.810109
1781138867.695648,0.000986160,126570,9,1026.770504
1781138867.696660,0.001011262,113472,8,897.666480
1781138867.697667,0.000994128,127952,8,1029.662176
1781138867.698694,0.001006662,110510,7,878.229237
1781138867.699686,0.001000963,128084,10,1023.686190
1781138867.700681,0.000999841,117882,9,943.205970
1781138867.701669,0.000989295,123740,10,1000.631763
1781138867.702726,0.001004031,126504,8,1007.968877
1781138867.703845,0.001006718,119264,8,947.745049
1781138867.704802,0.001002053,113538,9,906.443072
1781138867.705757,0.000995169,122358,11,983.615848
1781138867.706696,0.000991154,81484,6,657.689925
1781138867.707715,0.001005725,123740,10,984.284969
1781138867.708724,0.001005642,126570,9,1006.879188
1781138867.709672,0.000996968,113472,8,910.536747
1781138867.710704,0.000994661,122358,11,984.118207
1781138867.711690,0.000996044,118014,11,947.861741
1781138867.712665,0.001011988,126702,11,1001.608715
1781138867.713662,0.000999464,122226,9,978.332386
1781138867.714687,0.000997255,112024,8,898.658818
1781138867.715679,0.000991425,113472,8,915.627506
1781138867.716681,0.001000728,128282,13,1025.509429
1781138867.717674,0.000999363,123806,11,991.079318
1781138867.718699,0.000999865,119396,10,955.296965
1781138867.720152,0.001003669,114986,9,916.525269
1781138867.720855,0.001000088,116236,6,929.806177
1781138867.721716,0.000996817,132296,8,1061.747542
1781138867.722728,0.001000456,119198,7,953.149364
1781138867.723955,0.001003773,107614,7,857.675988
1781138867.724705,0.000996831,151120,8,1212.803374
1781138867.725748,0.001000885,126636,10,1012.192210
1781138867.726715,0.001000885,117882,9,942.222133
1781138867.727683,0.000996815,123608,8,992.023595
1781138867.728794,0.001006515,113472,8,901.900121
1781138867.732131,0.000994340,125056,8,1006.142768
1781138867.732198,0.001004005,133744,8,1065.683936
1781138867.732216,0.001006466,123608,8,982.511083
1781138867.732758,0.000992179,107548,6,867.166106
1781138867.733797,0.000996539,124924,6,1002.862909
1781138867.735251,0.001002852,124924,6,996.549840
1781138867.735698,0.001000097,108996,6,871.883427
1781138867.736745,0.000997041,110576,8,887.233323
1781138867.737738,0.000999771,123740,10,990.146744
1781138867.739810,0.001001388,128084,10,1023.251727
1781138867.740058,0.001003429,126504,8,1008.573601
1781138867.740888,0.000997806,110510,7,886.023937
1781138867.741814,0.000997319,126504,8,1014.752552
1781138867.743408,0.001008296,123608,8,980.727881
1781138867.743866,0.000992024,107680,8,868.366088
1781138867.744688,0.001007674,110642,9,878.395195
1781138867.745697,0.000991839,113538,9,915.777661
1781138867.746699,0.001010285,125188,10,991.308393
1781138867.747678,0.000994635,126570,9,1018.021686
1781138867.748804,0.000995711,78654,7,631.942401
1781138867.749661,0.001002759,128216,12,1022.905803
1781138867.750688,0.000999180,125308,12,1003.286695
1781138867.751680,0.000997444,113538,9,910.631574
1781138867.752681,0.001012143,125188,10,989.488639
1781138867.753695,0.000989000,125056,8,1011.575329
1781138867.754710,0.001002167,119198,7,951.522052
1781138867.755795,0.000996719,126504,8,1015.363407
1781138867.757187,0.001007807,104718,7,831.254397
1781138867.758109,0.001001413,127886,7,1021.644416
1781138867.760164,0.000999560,117750,7,942.414662
1781138867.760304,0.000991846,115052,10,927.982772
1781138867.760763,0.000999170,125122,9,1001.807500
1781138867.761742,0.001000674,123608,8,988.197955
1781138867.763175,0.001004917,1514,1,12.052737
1781138867.763670,0.000997036,0,0,0.000000
1781138867.764676,0.001006096,21786,1,173.231978
1781138867.765683,0.001004210,45020,2,358.650083
1781138867.766679,0.000987147,0,0,0.000000
1781138867.767709,0.001002949,0,0,0.000000
1781138867.768646,0.000997126,0,0,0.000000
1781138867.769662,0.000999927,0,0,0.000000
1781138867.770682,0.001004346,0,0,0.000000
1781138867.771670,0.001003458,0,0,0.000000
1781138867.772651,0.000993636,0,0,0.000000
1781138867.773652,0.001001792,0,0,0.000000
1781138867.774691,0.001008294,0,0,0.000000
1781138867.775656,0.000994941,0,0,0.000000
1781138867.776775,0.001004932,0,0,0.000000
1781138867.777680,0.000993936,0,0,0.000000
1781138867.778693,0.001000525,0,0,0.000000
1781138867.779679,0.000994477,0,0,0.000000
1781138867.780646,0.001002550,0,0,0.000000
1781138867.781671,0.001006542,0,0,0.000000
1781138867.782694,0.001002880,0,0,0.000000
1781138867.783661,0.000987711,0,0,0.000000
1781138867.784656,0.001010671,0,0,0.000000
1781138867.785645,0.000989452,0,0,0.000000
1781138867.786679,0.001000379,0,0,0.000000
1781138867.787661,0.000999488,0,0,0.000000
1781138867.788671,0.001010380,0,0,0.000000
1781138867.789648,0.000991747,0,0,0.000000
1781138867.790683,0.001003635,0,0,0.000000
1781138867.791669,0.001002427,0,0,0.000000
1781138867.792747,0.001007253,0,0,0.000000
1781138867.793674,0.000996672,0,0,0.000000
1781138867.794688,0.000993788,0,0,0.000000
1781138867.795684,0.001000088,0,0,0.000000
1781138867.796674,0.001005175,0,0,0.000000
1781138867.797648,0.000995939,0,0,0.000000
1781138867.798693,0.001005757,0,0,0.000000
1781138867.799662,0.000987045,0,0,0.000000
1781138867.800648,0.001002749,0,0,0.000000
1781138867.801653,0.001007713,0,0,0.000000
1781138867.802659,0.001001019,0,0,0.000000
1781138867.803762,0.000988976,0,0,0.000000
1781138867.804663,0.001002206,0,0,0.000000
1781138867.805679,0.001008143,0,0,0.000000
1781138867.806689,0.000994016,0,0,0.000000
1781138867.808047,0.000996454,0,0,0.000000
1781138867.808688,0.000999894,0,0,0.000000
1781138867.809809,0.001000382,0,0,0.000000
1781138867.810698,0.000999951,0,0,0.000000
1781138867.811694,0.000999959,0,0,0.000000
1781138867.812676,0.001005865,0,0,0.000000
1781138867.813687,0.000999254,0,0,0.000000
1781138867.814738,0.000997181,0,0,0.000000
1781138867.815705,0.001011041,0,0,0.000000
1781138867.816651,0.000986286,0,0,0.000000
1781138867.817671,0.001000092,0,0,0.000000
1781138867.818686,0.001001925,0,0,0.000000
1781138867.819676,0.001005135,0,0,0.000000
1781138867.820665,0.000991988,0,0,0.000000
1781138867.821673,0.001005684,0,0,0.000000
1781138867.822672,0.000996766,0,0,0.000000
1781138867.823700,0.001012044,0,0,0.000000
1781138867.824696,0.000993046,0,0,0.000000
1781138867.825655,0.000992667,0,0,0.000000
1781138867.826679,0.001002250,0,0,0.000000
1781138867.827694,0.000997836,0,0,0.000000
1781138867.828691,0.001003801,0,0,0.000000
1781138867.829677,0.001000515,0,0,0.000000
1781138867.830685,0.000995367,0,0,0.000000
1781138867.831729,0.001001951,0,0,0.000000
1781138867.832670,0.000998440,0,0,0.000000
1781138867.833661,0.001003414,0,0,0.000000
1781138867.834684,0.001003288,0,0,0.000000
1781138867.835670,0.001005178,0,0,0.000000
1781138867.836703,0.000998103,0,0,0.000000
1781138867.838302,0.000992553,0,0,0.000000
1781138867.838674,0.000997760,0,0,0.000000
1781138867.839678,0.001000784,0,0,0.000000
1781138867.840840,0.001001209,0,0,0.000000
1781138867.841959,0.001003711,0,0,0.000000
1781138867.842697,0.000994137,0,0,0.000000
1781138867.843712,0.001007385,0,0,0.000000
1781138867.844679,0.001003041,0,0,0.000000
1781138867.845642,0.000988958,0,0,0.000000
1781138867.846849,0.001007207,0,0,0.000000
1781138867.847722,0.001000953,0,0,0.000000
1781138867.848711,0.001006871,0,0,0.000000
1781138867.849695,0.000993125,0,0,0.000000
1781138867.850713,0.000995379,0,0,0.000000
1781138867.851721,0.001010100,0,0,0.000000
1781138867.852687,0.001001212,0,0,0.000000
1781138867.853718,0.000993623,0,0,0.000000
1781138867.854697,0.000991682,0,0,0.000000
1781138867.855690,0.001005169,0,0,0.000000
1781138867.856691,0.001003701,0,0,0.000000
1781138867.858111,0.000991435,0,0,0.000000
1781138867.858687,0.001013098,0,0,0.000000
1781138867.859928,0.000987754,0,0,0.000000
1781138867.860943,0.001011960,0,0,0.000000
1781138867.862275,0.000998163,0,0,0.000000
1781138867.862679,0.000989114,0,0,0.000000
1781138867.863664,0.000999554,0,0,0.000000
1781138867.864725,0.001007788,0,0,0.000000
1781138867.865823,0.001003856,0,0,0.000000
1781138867.866710,0.000990174,0,0,0.000000
1781138867.867676,0.000999006,0,0,0.000000
1781138867.869563,0.001001534,0,0,0.000000
1781138867.870027,0.001009502,0,0,0.000000
1781138867.870695,0.000991945,0,0,0.000000
1781138867.871719,0.000998136,0,0,0.000000
1781138867.872700,0.001000624,0,0,0.000000
1781138867.873700,0.000998054,0,0,0.000000
1781138867.874734,0.001008603,0,0,0.000000
1781138867.875748,0.000992240,0,0,0.000000
1781138867.876735,0.000999588,0,0,0.000000
1781138867.877655,0.000999091,0,0,0.000000
1781138867.878694,0.001014240,0,0,0.000000
1781138867.879662,0.000986099,0,0,0.000000
1781138867.880658,0.001012484,0,0,0.000000
1781138867.881650,0.000986947,0,0,0.000000
1781138867.882665,0.001001077,0,0,0.000000
1781138867.883667,0.001006909,0,0,0.000000
1781138867.884652,0.000992654,0,0,0.000000
1781138867.885865,0.001002854,0,0,0.000000
1781138867.886685,0.000997244,0,0,0.000000
1781138867.887670,0.000999197,0,0,0.000000
1781138867.888716,0.001000442,0,0,0.000000
1781138867.889715,0.001004679,0,0,0.000000
1781138867.890750,0.000997378,0,0,0.000000
1781138867.891714,0.000997788,0,0,0.000000
1781138867.892782,0.001011565,0,0,0.000000
1781138867.894064,0.001001136,0,0,0.000000
1781138867.894727,0.000988601,0,0,0.000000
1781138867.895699,0.001005731,0,0,0.000000
1781138867.896662,0.000994053,0,0,0.000000
1781138867.897658,0.001001650,0,0,0.000000
1781138867.898684,0.001001483,0,0,0.000000
1781138867.899673,0.001005446,0,0,0.000000
1781138867.900674,0.000998301,0,0,0.000000
1781138867.901650,0.000992788,0,0,0.000000
1781138867.902693,0.001009538,0,0,0.000000
1781138867.903663,0.000989721,0,0,0.000000
1781138867.904644,0.001000205,0,0,0.000000
1781138867.905658,0.001005250,0,0,0.000000
1781138867.906675,0.001000331,0,0,0.000000
1781138867.907740,0.000999002,0,0,0.000000
1781138867.908658,0.000995700,0,0,0.000000
1781138867.909670,0.001003605,0,0,0.000000
1781138867.910714,0.001002364,0,0,0.000000
1781138867.911684,0.001003930,0,0,0.000000
1781138867.912669,0.000996580,0,0,0.000000
1781138867.913669,0.001000165,0,0,0.000000
1781138867.914667,0.000998501,0,0,0.000000
1781138867.915704,0.001007865,0,0,0.000000
1781138867.916662,0.000994636,0,0,0.000000
1781138867.917672,0.000992648,0,0,0.000000
1781138867.918707,0.001011930,0,0,0.000000
1781138867.919688,0.000987249,0,0,0.000000
1781138867.920665,0.001005758,0,0,0.000000
1781138867.921656,0.001001636,0,0,0.000000
1781138867.922678,0.001005458,0,0,0.000000
1781138867.923675,0.000993445,0,0,0.000000
1781138867.924659,0.000996912,0,0,0.000000
1781138867.925680,0.000998693,0,0,0.000000
1781138867.926709,0.001007390,0,0,0.000000
1781138867.927684,0.000997142,0,0,0.000000
1781138867.928659,0.001004960,0,0,0.000000
1781138867.929653,0.000995416,0,0,0.000000
1781138867.930692,0.001000127,0,0,0.000000
1781138867.931679,0.000992974,0,0,0.000000
1781138867.932670,0.001001475,0,0,0.000000
1781138867.933647,0.000998389,0,0,0.000000
1781138867.934664,0.001000401,0,0,0.000000
1781138867.935664,0.001000899,0,0,0.000000
1781138867.936683,0.001005816,0,0,0.000000
1781138867.937732,0.000993367,0,0,0.000000
1781138867.938710,0.001000514,0,0,0.000000
1781138867.939703,0.001000996,0,0,0.000000
1781138867.940678,0.001006516,0,0,0.000000
1781138867.941698,0.001002273,0,0,0.000000
1781138867.942673,0.000989658,0,0,0.000000
1781138867.943664,0.000999925,0,0,0.000000
1781138867.944673,0.001010755,0,0,0.000000
1781138867.945644,0.000988752,0,0,0.000000
1781138867.946681,0.001004250,0,0,0.000000
1781138867.947680,0.000996851,0,0,0.000000
1781138867.948677,0.001000439,0,0,0.000000
1781138867.949677,0.001013064,0,0,0.000000
1781138867.950684,0.000992664,0,0,0.000000
1781138867.951681,0.000994092,0,0,0.000000
1781138867.952666,0.001003217,0,0,0.000000
1781138867.953683,0.001006935,0,0,0.000000
1781138867.954681,0.001002876,0,0,0.000000
1781138867.955674,0.000995969,0,0,0.000000
1781138867.956675,0.001001249,0,0,0.000000
1781138867.957663,0.001002414,0,0,0.000000
1781138867.958671,0.000994649,0,0,0.000000
1781138867.959645,0.000993596,0,0,0.000000
1781138867.960645,0.000998110,0,0,0.000000
1781138867.961645,0.001001450,0,0,0.000000
1781138867.962703,0.001010334,0,0,0.000000
1781138867.963801,0.000993680,0,0,0.000000
1781138867.964706,0.000999952,0,0,0.000000
1781138867.965708,0.000999307,0,0,0.000000
1781138867.966713,0.001001568,0,0,0.000000
1781138867.967679,0.000998926,0,0,0.000000
1781138867.968672,0.001002528,0,0,0.000000
1781138867.969646,0.000992015,0,0,0.000000
1781138867.970680,0.001000915,0,0,0.000000
1781138867.971679,0.000999577,0,0,0.000000
1781138867.972667,0.001002807,0,0,0.000000
1781138867.973646,0.000997061,0,0,0.000000
1781138867.974680,0.001001449,1514,1,12.094475
1781138867.975700,0.001007387,102020,10,810.175236
1781138867.976670,0.000991150,113604,10,916.946981
1781138867.977670,0.001008780,123740,10,981.304150
1781138867.978678,0.000998491,110510,7,885.416093
1781138867.979752,0.000995219,122160,8,981.974822
1781138867.980725,0.001000140,129400,8,1035.055092
1781138867.981697,0.001008241,125056,8,992.270697
1781138867.982711,0.001002206,107614,7,859.017008
1781138867.983696,0.000998083,91686,7,734.896797
1781138867.984714,0.000993541,100440,8,808.743675
1781138867.985667,0.001001829,77140,6,615.993348
1781138867.986713,0.000994108,66872,4,538.146761
1781138867.987686,0.000999014,84314,5,675.177725
1781138867.988651,0.001003105,84248,4,671.897757
1781138867.989653,0.000997192,82800,4,664.265257
1781138867.990659,0.001012026,23234,1,183.663266
1781138867.991645,0.000987974,0,0,0.000000
1781138867.992664,0.001012171,0,0,0.000000
1781138867.993648,0.000991875,0,0,0.000000
1781138867.994691,0.001007470,0,0,0.000000
1781138867.995696,0.001001035,0,0,0.000000
1781138867.996669,0.000987957,0,0,0.000000
1781138867.997676,0.001002336,0,0,0.000000
1781138867.998681,0.001007452,0,0,0.000000
1781138867.999698,0.001001075,0,0,0.000000
1781138868.000653,0.000991619,0,0,0.000000
1781138868.001645,0.000998575,0,0,0.000000
1781138868.002677,0.000998529,0,0,0.000000
1781138868.003673,0.001011349,0,0,0.000000
1781138868.004649,0.000992735,0,0,0.000000
1781138868.005648,0.001001219,0,0,0.000000
1781138868.006677,0.000995637,0,0,0.000000
1781138868.007662,0.001013852,0,0,0.000000
1781138868.008646,0.000984932,0,0,0.000000
1781138868.009646,0.001000288,0,0,0.000000
1781138868.010679,0.000999746,0,0,0.000000
1781138868.011666,0.000999962,0,0,0.000000
1781138868.012670,0.001002894,0,0,0.000000
1781138868.013679,0.001008366,0,0,0.000000
1781138868.014682,0.000988668,0,0,0.000000
1781138868.015689,0.001001424,0,0,0.000000
1781138868.016658,0.000999223,0,0,0.000000
1781138868.017674,0.001007365,0,0,0.000000
1781138868.018691,0.000993139,0,0,0.000000
1781138868.019661,0.001009227,0,0,0.000000
1781138868.020645,0.000989761,0,0,0.000000
1781138868.021671,0.001010122,0,0,0.000000
1781138868.022680,0.000989648,0,0,0.000000
1781138868.023665,0.001000663,0,0,0.000000
1781138868.024655,0.001009823,0,0,0.000000
1781138868.025644,0.000989589,0,0,0.000000
1781138868.026683,0.001005641,0,0,0.000000
1781138868.027673,0.001005227,0,0,0.000000
1781138868.028663,0.000990502,0,0,0.000000
1781138868.029655,0.001006833,0,0,0.000000
1781138868.030657,0.000997530,0,0,0.000000
1781138868.031650,0.000994754,0,0,0.000000
1781138868.032646,0.001001234,0,0,0.000000
1781138868.033671,0.000998418,0,0,0.000000
1781138868.034745,0.001006514,0,0,0.000000
1781138868.035684,0.000994786,0,0,0.000000
1781138868.036650,0.001003936,0,0,0.000000
1781138868.037649,0.001002596,0,0,0.000000
1781138868.038684,0.000992273,0,0,0.000000
1781138868.039735,0.001011436,0,0,0.000000
1781138868.040652,0.000991868,0,0,0.000000
1781138868.041646,0.000997010,0,0,0.000000
1781138868.042686,0.001006474,0,0,0.000000
1781138868.043680,0.000997195,0,0,0.000000
1781138868.044648,0.001001421,0,0,0.000000
1781138868.045650,0.000998302,0,0,0.000000
1781138868.046662,0.000996013,0,0,0.000000
1781138868.047682,0.001000330,0,0,0.000000
1781138868.048643,0.000999757,0,0,0.000000
1781138868.049658,0.001004530,0,0,0.000000
1781138868.050652,0.000998121,0,0,0.000000
1781138868.051670,0.001004299,0,0,0.000000
1781138868.052807,0.000994487,0,0,0.000000
1781138868.053689,0.001009048,0,0,0.000000
1781138868.054767,0.000989510,0,0,0.000000
1781138868.055687,0.001008319,0,0,0.000000
1781138868.056666,0.000994404,0,0,0.000000
1781138868.057655,0.001009571,0,0,0.000000
1781138868.058683,0.000993981,0,0,0.000000
1781138868.059677,0.000993718,0,0,0.000000
1781138868.060666,0.001005893,0,0,0.000000
1781138868.061653,0.001004700,0,0,0.000000
1781138868.062662,0.000989596,0,0,0.000000
1781138868.063661,0.001001150,0,0,0.000000
1781138868.064668,0.000998654,0,0,0.000000
1781138868.065643,0.001000073,0,0,0.000000
1781138868.066694,0.001000118,0,0,0.000000
1781138868.067678,0.001013774,0,0,0.000000
1781138868.068671,0.000994053,0,0,0.000000
1781138868.069733,0.000992381,0,0,0.000000
1781138868.070686,0.001008239,0,0,0.000000
1781138868.071682,0.001004165,0,0,0.000000
1781138868.072732,0.001000530,0,0,0.000000
1781138868.073680,0.000992227,0,0,0.000000
1781138868.074685,0.000996628,0,0,0.000000
1781138868.075674,0.001010196,0,0,0.000000
1781138868.076650,0.000991394,0,0,0.000000
1781138868.077665,0.001002027,0,0,0.000000
1781138868.078661,0.000994203,0,0,0.000000
1781138868.079678,0.000999965,0,0,0.000000
1781138868.080666,0.001011529,0,0,0.000000
1781138868.081680,0.000988844,0,0,0.000000
1781138868.082679,0.001006316,0,0,0.000000
1781138868.083679,0.000993799,0,0,0.000000
1781138868.084667,0.001000205,0,0,0.000000
1781138868.085657,0.001006371,0,0,0.000000
1781138868.086680,0.000992781,0,0,0.000000
1781138868.087682,0.001004333,0,0,0.000000
1781138868.088671,0.000999522,0,0,0.000000
1781138868.089657,0.001007841,0,0,0.000000
1781138868.090660,0.000988471,0,0,0.000000
1781138868.091679,0.001000348,0,0,0.000000
1781138868.092651,0.001006520,0,0,0.000000
1781138868.093648,0.000996854,0,0,0.000000
1781138868.094660,0.000996244,0,0,0.000000
1781138868.095693,0.001014618,0,0,0.000000
1781138868.096650,0.000989301,0,0,0.000000
1781138868.097655,0.001007949,0,0,0.000000
1781138868.098680,0.000988148,0,0,0.000000
1781138868.099649,0.001000522,0,0,0.000000
1781138868.100657,0.001010414,0,0,0.000000
1781138868.101671,0.000989264,0,0,0.000000
1781138868.102683,0.001002345,0,0,0.000000
1781138868.103646,0.000997355,0,0,0.000000
1781138868.104644,0.000999966,0,0,0.000000
1781138868.105646,0.001002019,0,0,0.000000
1781138868.106685,0.001003340,0,0,0.000000
1781138868.107713,0.001003564,0,0,0.000000
1781138868.108669,0.000998914,0,0,0.000000
1781138868.109651,0.000992540,0,0,0.000000
1781138868.110683,0.001003113,0,0,0.000000
1781138868.111739,0.001004084,0,0,0.000000
1781138868.112665,0.000999396,0,0,0.000000
1781138868.113716,0.001000918,0,0,0.000000
1781138868.114690,0.001005179,0,0,0.000000
1781138868.115735,0.000996195,0,0,0.000000
1781138868.116668,0.001000349,0,0,0.000000
1781138868.117657,0.001003744,0,0,0.000000
1781138868.118687,0.000995196,0,0,0.000000
1781138868.119665,0.000996848,0,0,0.000000
1781138868.120664,0.000996957,0,0,0.000000
1781138868.121653,0.001008382,0,0,0.000000
1781138868.122678,0.000989468,0,0,0.000000
1781138868.123670,0.001000145,0,0,0.000000
1781138868.124648,0.001002322,0,0,0.000000
1781138868.125680,0.001001733,0,0,0.000000
1781138868.126710,0.001007362,0,0,0.000000
1781138868.127762,0.000993271,0,0,0.000000
1781138868.128662,0.001006495,0,0,0.000000
1781138868.129654,0.000999452,0,0,0.000000
1781138868.130678,0.000989028,0,0,0.000000
1781138868.131667,0.001006044,0,0,0.000000
1781138868.132670,0.000998399,0,0,0.000000
1781138868.133657,0.001008969,0,0,0.000000
1781138868.134678,0.001000354,0,0,0.000000
1781138868.135667,0.000997634,0,0,0.000000
1781138868.136710,0.001003806,0,0,0.000000
1781138868.137685,0.000990477,0,0,0.000000
1781138868.138714,0.001004389,0,0,0.000000
1781138868.139669,0.000991267,0,0,0.000000
1781138868.140661,0.001010116,0,0,0.000000
1781138868.141643,0.000989789,0,0,0.000000
1781138868.142672,0.001007481,0,0,0.000000
1781138868.143663,0.000995740,0,0,0.000000
1781138868.144648,0.000996153,0,0,0.000000
1781138868.145666,0.001000053,0,0,0.000000
1781138868.146705,0.001010981,0,0,0.000000
1781138868.147690,0.000989367,0,0,0.000000
1781138868.148668,0.000999071,0,0,0.000000
1781138868.149651,0.001001496,0,0,0.000000
1781138868.150683,0.001010579,0,0,0.000000
1781138868.151665,0.000990548,0,0,0.000000
1781138868.152645,0.000997258,0,0,0.000000
1781138868.153674,0.001014182,0,0,0.000000
1781138868.154683,0.000990565,0,0,0.000000
1781138868.155676,0.001011355,0,0,0.000000
1781138868.156645,0.000986737,0,0,0.000000
1781138868.157672,0.001011181,0,0,0.000000
1781138868.158667,0.000988636,0,0,0.000000
1781138868.159667,0.001002964,0,0,0.000000
1781138868.160655,0.001002406,0,0,0.000000
1781138868.161648,0.000996007,0,0,0.000000
1781138868.162673,0.000997147,0,0,0.000000
1781138868.163685,0.001003681,0,0,0.000000
1781138868.164657,0.001006989,0,0,0.000000
1781138868.165765,0.000990274,0,0,0.000000
1781138868.166737,0.000998031,0,0,0.000000
1781138868.167684,0.001008770,0,0,0.000000
1781138868.168683,0.000991581,0,0,0.000000
1781138868.169698,0.001004845,0,0,0.000000
1781138868.170804,0.000995159,0,0,0.000000
1781138868.171707,0.001001337,0,0,0.000000
1781138868.172762,0.001004604,0,0,0.000000
1781138868.173699,0.000995253,0,0,0.000000
1781138868.174699,0.001000228,0,0,0.000000
1781138868.175777,0.000999140,154,1,1.233060
1781138868.176672,0.000999110,0,0,0.000000
1781138868.177701,0.001008340,0,0,0.000000
1781138868.178674,0.000992250,0,0,0.000000
1781138868.179667,0.001000593,0,0,0.000000
1781138868.180664,0.001006154,0,0,0.000000
1781138868.181665,0.000995549,0,0,0.000000
1781138868.182679,0.000997442,0,0,0.000000
1781138868.183662,0.001000484,0,0,0.000000
1781138868.184648,0.001000251,0,0,0.000000
1781138868.185644,0.000998870,0,0,0.000000
1781138868.186683,0.001005315,0,0,0.000000
1781138868.187679,0.000994795,0,0,0.000000
1781138868.188645,0.001000049,0,0,0.000000
1781138868.189717,0.001016349,54,1,0.425051
1781138868.190711,0.000995167,0,0,0.000000
1781138868.191683,0.000994622,218,1,1.753430
1781138868.192644,0.000993844,0,0,0.000000
1781138868.193757,0.001013609,0,0,0.000000
1781138868.194736,0.000993088,0,0,0.000000
1781138868.195699,0.000997723,0,0,0.000000
1781138868.196760,0.001007316,0,0,0.000000
1781138868.197660,0.000988495,0,0,0.000000
1781138868.198675,0.001006598,1514,1,12.032609
1781138868.200160,0.000993847,87408,8,703.593209
1781138868.200767,0.000999351,135522,13,1084.880087
1781138868.201810,0.001000306,122292,10,978.036721
1781138868.202694,0.001010299,114986,9,910.510651
1781138868.203671,0.000989417,119264,8,964.317371
1781138868.204653,0.000999946,120712,8,965.748150
1781138868.206151,0.001012497,116500,10,920.496555
1781138868.206867,0.000990372,125188,10,1011.240221
1781138868.207742,0.001007593,125188,10,993.956885
1781138868.208691,0.001001298,125056,8,999.151102
1781138868.209799,0.001000274,125122,9,1000.701808
1781138868.210734,0.000994813,106364,10,855.348694
1781138868.211678,0.001005105,119528,12,951.367270
1781138868.212681,0.000990329,113604,10,917.707146
1781138868.213659,0.000999165,126636,10,1013.934635
1781138868.214707,0.001002445,126636,10,1010.617041
1781138868.215701,0.001005150,107614,7,856.501020
1781138868.216753,0.000991365,107614,7,868.410727
1781138868.217690,0.001000091,123542,7,988.246070
1781138868.218721,0.001000249,103270,7,825.954337
1781138868.219695,0.001008620,147040,12,1166.266780
1781138868.220720,0.000999376,113538,9,908.871136
1781138868.221673,0.000993955,113538,9,913.828091
1781138868.222775,0.000998134,88658,5,710.589961
1781138868.223684,0.001011566,129400,8,1023.363775
1781138868.224720,0.000987627,88922,9,720.288125
1781138868.225681,0.001005021,77206,7,614.562283
1781138868.226723,0.000995583,97478,7,783.283764
1781138868.227721,0.001005121,104718,7,833.475771
1781138868.228689,0.000994356,106100,6,853.617819
1781138868.229666,0.001008007,88658,5,703.630034
1781138868.230744,0.000992883,100572,10,810.343213
1781138868.231748,0.000999267,88790,7,710.841046
1781138868.232703,0.001002009,94582,7,755.138926
1781138868.233690,0.001002142,79970,5,638.392563
1781138868.234713,0.001003461,205026,8,1634.550820
1781138868.235715,0.000998415,97412,6,780.533145
1781138868.236663,0.000995660,110510,7,887.933632
1781138868.237660,0.000999933,78720,8,629.802197
1781138868.238782,0.000999323,88790,7,710.801212
1781138868.239843,0.001007068,98926,7,785.853587
1781138868.240971,0.000993581,94516,6,761.012942
1781138868.241795,0.000999661,125056,8,1000.787267
1781138868.242954,0.001003864,111892,6,891.690508
1781138868.243678,0.000994652,100506,9,808.371169
1781138868.244792,0.001002670,91818,9,732.587990
1781138868.245710,0.001008084,107680,8,854.531964
1781138868.246980,0.001004488,116356,8,926.689020
1781138868.247708,0.000997388,109062,7,874.780928
1781138868.248713,0.000987572,81352,4,659.006128
1781138868.250313,0.001009463,109260,10,865.886120
1781138868.251234,0.000996246,125254,11,1005.807802
1781138868.251755,0.001004849,119330,9,950.033289
1781138868.252671,0.000989565,109128,8,882.230071
1781138868.253713,0.001000717,119264,8,953.428392
1781138868.254741,0.000999640,125056,8,1000.808291
1781138868.255687,0.001004224,107812,10,858.868141
1781138868.256649,0.000995829,118014,11,948.066385
1781138868.257646,0.001000049,128216,12,1025.677742
1781138868.258684,0.001006850,117882,9,936.640016
1781138868.259684,0.001000869,110642,9,884.367485
1781138868.260769,0.001003678,129400,8,1031.406487
1781138868.261682,0.000988277,129400,8,1047.479603
1781138868.262777,0.000999772,109062,7,872.694974
1781138868.263723,0.001000840,123542,7,987.506495
1781138868.264724,0.001003407,126372,6,1007.543300
1781138868.265788,0.001003271,126372,6,1007.679879
1781138868.266880,0.000996315,107680,8,864.626147
1781138868.267686,0.001004078,112090,9,893.078028
1781138868.268753,0.001003108,138154,9,1101.807582
1781138868.269814,0.000989344,116368,8,940.970987
1781138868.270694,0.000999677,127952,8,1023.946735
1781138868.271736,0.000999752,130980,10,1048.099929
1781138868.272721,0.001000086,126768,12,1014.056791
1781138868.273690,0.001003915,125188,10,997.598402
1781138868.274697,0.001007315,110576,9,878.184083
1781138868.275740,0.000988966,97412,6,787.990689
1781138868.276668,0.001000497,160204,14,1280.995345
1781138868.277679,0.000999272,129664,12,1038.067713
1781138868.278707,0.001009746,110642,9,876.592727
1781138868.279693,0.001001020,94516,6,755.357535
1781138868.280712,0.000989379,116368,8,940.937699
1781138868.281669,0.001004770,83130,9,661.882819
1781138868.282830,0.000995331,115118,11,925.264058
1781138868.283750,0.001000292,125188,10,1001.211646
1781138868.284730,0.001012761,132428,10,1046.075036
1781138868.286052,0.000995074,110510,7,888.456537
1781138868.286805,0.001000062,127952,8,1023.552540
1781138868.287679,0.000991899,123608,8,996.940213
1781138868.288666,0.001008998,107614,7,853.234595
1781138868.289657,0.000990449,125056,8,1010.095421
1781138868.290703,0.001000659,128084,10,1023.997186
1781138868.291744,0.001007161,112090,9,890.344245
1781138868.292678,0.001000601,130980,10,1047.210626
1781138868.293652,0.000992302,125056,8,1008.209194
1781138868.294692,0.000999505,107614,7,861.338362
1781138868.295792,0.001005978,126504,8,1006.018024
1781138868.296825,0.000995044,115184,12,926.061561
1781138868.297698,0.001004286,119396,10,951.091621
1781138868.298724,0.001007968,130980,10,1039.556811
1781138868.299700,0.000991738,122226,9,985.953952
1781138868.300673,0.000995064,116368,8,935.561934
1781138868.301964,0.001000722,126504,8,1011.301840
1781138868.302706,0.001011703,114986,9,909.247081
1781138868.303811,0.000999668,112156,10,897.545985
1781138868.304661,0.000988362,117882,9,954.160520
1781138868.305660,0.001002621,114920,8,916.956657
1781138868.306705,0.001006358,125122,9,994.652003
1781138868.307708,0.001004756,125056,8,995.712392
1781138868.308718,0.000999807,100308,6,802.618905
1781138868.309652,0.000986768,90370,9,732.654484
1781138868.310687,0.001000646,81484,6,651.451163
1781138868.311748,0.000999431,113472,8,908.292819
1781138868.312676,0.000999676,79970,5,639.967349
1781138868.313799,0.001010858,109062,7,863.124197
1781138868.314731,0.000996927,95964,6,770.078451
1781138868.315736,0.000991737,119462,11,963.658712
1781138868.316693,0.001001581,115052,10,918.963119
1781138868.317790,0.001009376,117882,9,934.296040
1781138868.318704,0.000992644,113406,7,913.971172
1781138868.319689,0.001006818,135192,8,1074.212022
1781138868.320681,0.000989542,98926,7,799.772016
1781138868.321674,0.001000187,103402,9,827.061340
1781138868.322733,0.001004840,106298,9,846.287966
1781138868.323705,0.000995766,126570,9,1016.865408
1781138868.324707,0.001012405,106166,7,838.921183
1781138868.325706,0.000998635,120712,8,967.015977
1781138868.326695,0.000988407,130848,8,1059.061702
1781138868.327703,0.001002643,110708,10,883.329361
1781138868.328662,0.000996949,113604,10,911.613332
1781138868.329656,0.000999722,112024,8,896.441211
1781138868.330679,0.001000514,125056,8,999.934034
1781138868.331681,0.001002719,117750,7,939.445647
1781138868.332708,0.000998808,113736,12,910.973881
1781138868.333660,0.001004199,116500,10,928.102896
1781138868.334708,0.000994233,113472,8,913.041510
1781138868.335690,0.001005866,116368,8,925.514929
1781138868.336660,0.000994077,129400,8,1041.368023
1781138868.337649,0.000999872,103534,11,828.378032
1781138868.338706,0.001001335,125254,11,1000.696071
1781138868.339691,0.001010843,125188,10,990.761177
1781138868.341133,0.000990015,130914,9,1057.874881
1781138868.341697,0.001004155,122160,8,973.236204
1781138868.342703,0.001000140,116302,7,930.285760
1781138868.343665,0.000996059,97676,10,784.499713
1781138868.344682,0.001001681,120844,10,965.129617
1781138868.345706,0.001001943,110576,8,882.892540
1781138868.346900,0.001000264,125122,9,1000.711812
1781138868.347697,0.000995413,107614,7,864.879201
1781138868.348691,0.001012268,136640,8,1079.872129
1781138868.349663,0.000991041,103468,10,835.226797
1781138868.353050,0.000996659,104850,9,841.611825
1781138868.353100,0.001012946,104718,7,827.037177
1781138868.353116,0.000986272,110510,7,896.385581
1781138868.353679,0.001004766,114854,7,914.473619
1781138868.356111,0.000996093,127952,8,1027.630954
1781138868.356220,0.000999894,122160,8,977.383603
1781138868.356719,0.000999711,103468,10,827.983287
1781138868.357701,0.001001404,119396,10,953.828824
1781138868.358711,0.000999770,126636,10,1013.321064
1781138868.359731,0.001010824,95964,6,759.491267
1781138868.360706,0.000996062,125056,8,1004.403340
1781138868.361679,0.001000856,113604,10,908.054705
1781138868.362680,0.000989980,116566,11,941.966504
1781138868.363709,0.001012919,126636,10,1000.166845
1781138868.364685,0.000996216,125122,9,1004.778080
1781138868.365697,0.000990579,122160,8,986.574519
1781138868.366691,0.000999699,109062,7,872.758700
1781138868.367690,0.001000718,126504,8,1011.305882
1781138868.368669,0.001002178,125056,8,998.273760
1781138868.369652,0.000997510,107680,8,863.590340
1781138868.370690,0.001004625,128084,10,1019.954709
1781138868.371694,0.001008360,125188,10,993.200841
1781138868.372676,0.000987198,129466,9,1049.159338
1781138868.373685,0.000999721,111958,7,895.913960
1781138868.374686,0.001000353,127952,8,1023.254791
1781138868.375694,0.001004291,107614,7,857.233611
1781138868.376673,0.001009915,124990,7,990.103127
1781138868.377667,0.000989391,110642,9,894.627099
1781138868.378732,0.001000215,123740,10,989.707213
1781138868.379685,0.001007683,132428,10,1051.346505
1781138868.380668,0.000990312,107614,7,869.334109
1781138868.381665,0.001004190,127952,8,1019.344945
1781138868.382800,0.001005999,125320,12,996.581508
1781138868.383695,0.000991957,128150,11,1033.512541
1781138868.384695,0.000995393,126636,10,1017.776898
1781138868.385749,0.001011568,110576,8,874.491878
1781138868.386963,0.000994111,117750,7,947.580300
1781138868.387694,0.000995036,127952,8,1028.722579
1781138868.388723,0.000999590,123608,8,989.269601
1781138868.389756,0.001009367,106166,7,841.446174
1781138868.390705,0.000999842,125122,9,1001.134179
1781138868.391793,0.000997937,125188,10,1003.574374
1781138868.392749,0.001005816,125188,10,995.712934
1781138868.393719,0.000988429,110510,7,894.429443
1781138868.394685,0.000998386,111958,7,897.111939
1781138868.395750,0.001006327,127952,8,1017.180300
1781138868.396675,0.001001961,111958,7,893.911040
1781138868.397744,0.000995904,123674,9,993.461217
1781138868.398714,0.001002766,123740,10,987.189434
1781138868.399752,0.001005952,126636,10,1007.093778
1781138868.400719,0.000987285,125056,8,1013.332523
1781138868.401724,0.001000787,126504,8,1011.236157
1781138868.402703,0.001008802,109062,7,864.883297
1781138868.403895,0.000999646,125056,8,1000.802284
1781138868.404850,0.000997710,124990,7,1002.215073
1781138868.406007,0.000993403,123542,7,994.899351
1781138868.406935,0.001009265,110510,7,875.964192
1781138868.407814,0.000991803,117882,9,950.850118
1781138868.408875,0.000999018,122160,8,978.240632
1781138868.409787,0.001003424,126570,9,1009.104825
1781138868.410714,0.001005824,110510,7,878.960932
1781138868.411697,0.000991411,125056,8,1009.115291
1781138868.413126,0.001010036,123542,7,978.515617
1781138868.413702,0.000990132,113736,12,918.956260
1781138868.414786,0.001012620,116500,10,920.384745
1781138868.415674,0.000999495,122226,9,978.302043
1781138868.416671,0.000993205,125122,9,1007.824165
1781138868.417657,0.000998920,126570,9,1013.654747
1781138868.418684,0.000994710,106100,6,853.314031
1781138868.419659,0.000999804,112288,12,898.480102
1781138868.420747,0.001007408,129664,12,1029.684100
1781138868.421671,0.001005440,128084,10,1019.127944
1781138868.422696,0.000993211,112024,8,902.317836
1781138868.423690,0.001004230,125056,8,996.233930
1781138868.424679,0.000995796,125056,8,1004.671640
1781138868.425717,0.000994039,120976,12,973.611699
1781138868.426800,0.001006492,125254,11,995.568768
1781138868.427732,0.001004830,114986,9,915.466298
1781138868.428682,0.000990803,116368,8,939.585367
1781138868.429716,0.000999627,126504,8,1012.409629
1781138868.430714,0.001010815,127952,8,1012.664038
1781138868.431683,0.000994453,109062,7,877.362731
1781138868.432772,0.000993029,119396,10,961.873218
1781138868.433702,0.001009868,126636,10,1003.188536
1781138868.434787,0.000994679,129532,10,1041.799415
1781138868.435750,0.000995625,114920,8,923.399874
1781138868.436786,0.001013347,127952,8,1010.133745
1781138868.437714,0.000986435,111958,7,907.980759
1781138868.438700,0.001005107,123608,8,983.839532
1781138868.439882,0.001000451,62726,7,501.581787
1781138868.440711,0.000994350,112024,8,901.284256
1781138868.441726,0.001007492,123674,9,982.034597
1781138868.442682,0.000992628,107746,9,868.369621
1781138868.443705,0.001000215,132362,9,1058.668386
1781138868.444687,0.001004308,109062,7,868.753410
1781138868.445657,0.000994947,129400,8,1040.457431
1781138868.446692,0.001005096,109062,7,868.072304
1781138868.447756,0.000995124,126504,8,1016.990847
1781138868.448673,0.001009564,123476,6,978.450103
1781138868.449699,0.000990388,114920,8,928.282653
1781138868.450717,0.001007948,120712,8,958.081171
1781138868.451736,0.000997597,114986,9,922.103815
1781138868.452663,0.000995625,122226,9,982.104708
1781138868.454002,0.000999471,125056,8,1000.977517
1781138868.455123,0.001000154,132296,8,1058.205036
1781138868.455735,0.001008606,106166,7,842.081050
1781138868.456879,0.001000742,152700,10,1220.694245
1781138868.458589,0.001000834,132494,11,1059.068737
1781138868.458878,0.000992545,117882,9,950.139288
1781138868.459833,0.000997783,120712,8,967.841705
1781138868.460812,0.001005669,106232,8,845.065325
1781138868.461909,0.000994935,128216,12,1030.949761
1781138868.462790,0.001008819,125320,12,993.795716
1781138868.463722,0.000989924,126636,10,1023.399776
1781138868.464728,0.001000432,126636,10,1012.650535
1781138868.465817,0.001000187,100374,7,802.841869
1781138868.467190,0.001006063,141446,15,1124.748649
1781138868.467680,0.001005092,119462,11,950.854250
1781138868.469045,0.000990904,129532,10,1045.768309
1781138868.469716,0.000997433,113538,9,910.641617
1781138868.470727,0.000999670,84314,5,674.734662
1781138868.471710,0.001013302,122160,8,964.450874
1781138868.472667,0.000986202,107614,7,872.957062
1781138868.473660,0.001011784,99124,10,783.756217
1781138868.474684,0.000988613,119462,11,966.703857
1781138868.475692,0.000999524,101822,7,814.963923
1781138868.476664,0.001000278,112090,9,896.470781
1781138868.477670,0.001000133,110510,7,883.962433
1781138868.478682,0.001006488,125056,8,993.998935
1781138868.479666,0.001002971,125056,8,997.484474
1781138868.480653,0.000990867,123542,7,997.445671
1781138868.481724,0.000999239,106166,7,849.974831
1781138868.482699,0.001010752,123476,6,977.300070
1781138868.483680,0.000991945,107680,8,868.435246
1781138868.484672,0.000999946,125122,9,1001.030056
1781138868.485660,0.001000996,125188,10,1000.507495
1781138868.486717,0.001001701,125122,9,999.276231
1781138868.487659,0.000997538,125056,8,1002.917182
1781138868.488666,0.001003979,112024,8,892.640185
1781138868.489670,0.000994083,125188,10,1007.465171
1781138868.490695,0.001007313,126768,12,1006.781408
1781138868.491677,0.000993554,125122,9,1007.470153
1781138868.492681,0.001005191,114920,8,914.612248
1781138868.493776,0.000996564,126504,8,1015.521331
1781138868.494841,0.001001590,126504,8,1010.425424
1781138868.496087,0.001003418,106166,7,846.434886
1781138868.496735,0.000999045,125056,8,1001.404341
1781138868.497736,0.001000102,124924,6,999.290072
1781138868.498699,0.000996309,124924,6,1003.094422
1781138868.499756,0.000999360,108996,6,872.526417
1781138868.500723,0.000996826,117816,8,945.529109
1781138868.501725,0.000999956,122292,10,978.379049
1781138868.502690,0.001000394,126636,10,1012.689001
1781138868.503766,0.000999804,126504,8,1012.230397
1781138868.504725,0.000999730,109062,7,872.731638
1781138868.505743,0.001000422,125056,8,1000.025989
1781138868.506696,0.001001190,122028,6,975.063674
1781138868.507688,0.001005391,127952,8,1018.127276
1781138868.508762,0.000993237,106166,7,855.111116
1781138868.509722,0.000999741,116434,9,931.713314
1781138868.510679,0.001000192,126636,10,1012.893524
1781138868.511687,0.001000562,110642,9,884.638833
1781138868.512737,0.001005563,125122,9,995.438376
1781138868.513744,0.001000731,125056,8,999.717207
1781138868.514708,0.001005822,125056,8,994.657106
1781138868.515786,0.000996464,100308,6,805.311582
1781138868.516771,0.000999701,138286,11,1106.618879
1781138868.517696,0.000997992,125188,10,1003.519066
1781138868.518694,0.000994281,125188,10,1007.264546
1781138868.519764,0.000999047,114920,8,920.236986
1781138868.520874,0.001001442,126504,8,1010.574751
1781138868.521962,0.001006415,107614,7,855.424452
1781138868.522873,0.001003453,128018,9,1020.619800
1781138868.524312,0.000989262,123740,10,1000.665142
1781138868.524656,0.000999742,104784,8,838.488330
1781138868.525759,0.001000143,123740,10,989.778462
1781138868.526772,0.001001813,126570,9,1010.727551
1781138868.527782,0.001003191,119264,8,951.077113
1781138868.528773,0.000997633,126834,13,1017.079427
1781138868.529742,0.001004291,120910,11,963.147136
1781138868.530699,0.001002189,117948,10,941.523006
1781138868.531694,0.001002301,116368,8,928.806816
1781138868.532665,0.000995100,126504,8,1017.015375
1781138868.533652,0.000996485,129400,8,1038.851563
1781138868.534705,0.001009953,125056,8,990.588671
1781138868.535684,0.000998346,106166,7,850.735116
1781138868.536650,0.000990495,126504,8,1021.743674
1781138868.537737,0.000997756,136706,9,1096.107666
1781138868.538708,0.001007395,128084,10,1017.150174
1781138868.539804,0.000993005,119264,8,960.833027
1781138868.540804,0.001000278,119264,8,953.846831
1781138868.541760,0.001004626,126504,8,1007.371898
1781138868.542693,0.000995294,127952,8,1028.455914
1781138868.543754,0.001005883,109062,7,867.393126
1781138868.544728,0.001000127,127952,8,1023.486017
1781138868.545702,0.000993594,123476,6,994.176696
1781138868.546813,0.001009729,103270,7,818.199735
1781138868.547720,0.000991202,122292,10,987.019800
1781138868.548689,0.001005374,119330,9,949.537187
1781138868.549753,0.000995340,126504,8,1016.770149
1781138868.550874,0.001011698,126504,8,1000.330138
1781138868.551716,0.000986054,110510,7,896.583757
1781138868.552780,0.001000009,126504,8,1012.022892
1781138868.553852,0.001002616,126438,7,1008.864810
1781138868.554697,0.000998330,104718,7,839.145373
1781138868.555815,0.001003203,130848,8,1043.441856
1781138868.556809,0.001001870,120910,11,965.474563
1781138868.557692,0.000999629,80036,6,640.525635
1781138868.559806,0.001000861,116434,9,930.670693
1781138868.560203,0.000997855,55222,3,442.725647
1781138868.560686,0.000997040,119264,8,956.944556
1781138868.561765,0.000999594,94516,6,756.435113
1781138868.562680,0.001003953,131178,13,1045.291961
1781138868.563684,0.000999942,104850,9,838.848653
1781138868.564873,0.001006294,107680,8,856.052009
1781138868.565674,0.001001098,110642,9,884.165187
1781138868.566797,0.000988150,94582,7,765.729899
1781138868.567687,0.000999939,94516,6,756.174127
1781138868.568806,0.001012128,102020,10,806.380221
1781138868.569695,0.000989319,128216,12,1036.802083
1781138868.571561,0.001010288,125320,12,992.350696
1781138868.571890,0.000989748,117948,10,953.357824
1781138868.572673,0.001000499,129466,9,1035.211429
1781138868.573651,0.000997954,111958,7,897.500286
1781138868.576164,0.001010548,129400,8,1024.394685
1781138868.576211,0.000989585,107614,7,869.972766
1781138868.576706,0.001000248,119264,8,953.875439
1781138868.577752,0.001010049,130980,10,1037.415016
1781138868.578700,0.000992840,120844,10,973.723863
1781138868.579678,0.000997424,120646,7,967.660694
1781138868.581256,0.000999984,98926,7,791.420663
1781138868.582029,0.001004929,139866,13,1113.439855
1781138868.584191,0.000997524,112156,10,899.475100
1781138868.584334,0.000997644,138286,11,1108.900570
1781138868.585517,0.000999908,116368,8,931.029655
1781138868.586100,0.001011557,126504,8,1000.469573
1781138868.586699,0.000995084,119264,8,958.825587
1781138868.587791,0.001005913,125122,9,995.092021
1781138868.588686,0.000987460,123806,11,1003.025945
1781138868.589708,0.001002428,101888,8,813.129721
1781138868.590800,0.000997640,125122,9,1003.343892
1781138868.591677,0.000999833,123608,8,989.029168
1781138868.592784,0.000999406,126570,9,1013.161818
1781138868.593683,0.001004522,112024,8,892.157663
1781138868.595105,0.000996158,125188,10,1005.366619
1781138868.595727,0.000999973,126702,11,1013.643368
1781138868.596729,0.001012265,128084,10,1012.256672
1781138868.597731,0.000990981,113538,9,916.570550
1781138868.598725,0.001008415,123608,8,980.612149
1781138868.599687,0.000987720,126504,8,1024.614263
1781138868.600657,0.001005926,107614,7,855.840290
1781138868.601666,0.001000369,124990,7,999.551166
1781138868.602703,0.001005766,124924,6,993.662542
1781138868.603677,0.000988418,110510,7,894.439397
1781138868.604680,0.001004854,126702,11,1008.719675
1781138868.605657,0.000996577,126636,10,1016.567711
1781138868.606709,0.001007107,117882,9,936.400998
1781138868.607694,0.000994286,117816,8,947.944555
1781138868.608668,0.001002176,128282,13,1024.027716
1781138868.609668,0.001008253,119462,11,947.873202
1781138868.610701,0.000986806,120844,10,979.677870
1781138868.611723,0.001008463,126636,10,1004.586187
1781138868.612695,0.000991559,116368,8,938.868993
1781138868.613716,0.001007224,126504,8,1004.773516
1781138868.614739,0.001005708,125056,8,994.769854
1781138868.615662,0.000987549,109062,7,883.496414
1781138868.616663,0.001009059,122292,10,969.552821
1781138868.617659,0.000989855,117948,10,953.254770
1781138868.618721,0.001000541,120778,9,965.701555
1781138868.619678,0.001003736,128084,10,1020.858074
1781138868.620678,0.001003638,122292,10,974.789715
1781138868.621787,0.001004227,123872,12,986.804776
1781138868.622694,0.000988343,115118,11,931.806063
1781138868.623717,0.001007591,128084,10,1016.952315
1781138868.625106,0.000992956,126570,9,1019.743070
1781138868.625721,0.000999577,116434,9,931.866179
1781138868.626786,0.001005659,125320,12,996.918439
1781138868.627673,0.001005467,129664,12,1031.671850
1781138868.628664,0.000998999,103336,8,827.516344
1781138868.629659,0.000994823,126504,8,1017.298555
1781138868.630715,0.001005718,126504,8,1006.278102
1781138868.631673,0.000988436,127952,8,1035.591581
1781138868.632797,0.001000504,109062,7,872.056484
1781138868.633691,0.001000864,126438,7,1010.630815
1781138868.634835,0.001014253,126504,8,997.810211
1781138868.635856,0.001001826,114986,9,918.211346
1781138868.636765,0.000992699,100440,8,809.429646
1781138868.637909,0.000994821,129532,10,1041.650709
1781138868.638952,0.001005626,125056,8,994.850968
1781138868.640524,0.000996917,127952,8,1026.781568
1781138868.640804,0.001005962,127952,8,1017.549371
1781138868.641704,0.000986835,95964,6,777.953761
1781138868.642684,0.001001088,107878,11,862.086050
1781138868.643694,0.001013681,119396,10,942.276712
1781138868.644664,0.000993598,116434,9,937.473707
1781138868.645670,0.000999099,125188,10,1002.407169
1781138868.646702,0.001007286,126504,8,1004.711671
1781138868.647685,0.000985347,126504,8,1027.081830
1781138868.648669,0.001002625,107746,9,859.711258
1781138868.649660,0.001001070,126636,10,1012.005154
1781138868.650676,0.001007873,128084,10,1016.667775
1781138868.651693,0.000988964,116368,8,941.332546
1781138868.652678,0.001003083,122160,8,974.276306
1781138868.653677,0.001004730,129664,12,1032.428613
1781138868.654706,0.001004877,125320,12,997.694245
1781138868.655683,0.000987154,112156,10,908.924038
1781138868.656667,0.000999669,125122,9,1001.307433
1781138868.657702,0.001011995,125122,9,989.111606
1781138868.658683,0.000988278,125056,8,1012.314349
1781138868.659675,0.000999476,114854,7,919.313720
1781138868.660672,0.001009407,110510,7,875.840964
1781138868.661653,0.000995809,123740,10,994.086215
1781138868.662699,0.000999293,125254,11,1002.740938
1781138868.663697,0.001004816,128084,10,1019.760832
1781138868.664673,0.000990614,126636,10,1022.686940
1781138868.665696,0.001007166,125056,8,993.329799
1781138868.666761,0.000992568,109062,7,879.028943
1781138868.667723,0.001003948,126636,10,1009.104057
1781138868.668748,0.000996719,122292,10,981.556487
1781138868.669722,0.000999607,117948,10,943.954974
1781138868.670689,0.001013809,129532,10,1022.141251
1781138868.671918,0.000992197,125056,8,1008.315889
1781138868.672744,0.001004828,109062,7,868.303829
1781138868.673724,0.000991382,125056,8,1009.144810
1781138868.674795,0.001002976,127952,8,1020.578758
1781138868.675710,0.001001947,104586,5,835.062134
1781138868.676681,0.000993283,123630,7,995.728307
1781138868.677652,0.001002707,117882,9,940.510039
1781138868.678730,0.001007765,120778,9,958.779080
1781138868.679653,0.000989625,129532,10,1047.119869
1781138868.680874,0.001000049,112024,8,896.148089
1781138868.681754,0.001004328,123608,8,984.602640
1781138868.682988,0.000997449,126504,8,1014.620296
1781138868.683989,0.001003377,117750,7,938.829573
1781138868.685100,0.001006024,123806,11,984.517268
1781138868.685801,0.001002325,123740,10,987.623775
1781138868.688240,0.000999921,128084,10,1024.752955
1781138868.688348,0.000992181,114986,9,927.137286
1781138868.688693,0.000998337,129598,11,1038.511044
1781138868.689691,0.001005148,128216,12,1020.474597
1781138868.691776,0.001003496,116500,10,928.753079
1781138868.691839,0.000994620,129466,9,1041.330357
1781138868.694278,0.000994349,120712,8,971.184162
1781138868.695503,0.000998552,126504,8,1013.499547
1781138868.698254,0.001006120,117750,7,936.270027
1781138868.699241,0.000999048,144210,13,1154.779350
1781138868.699271,0.001006232,112210,11,892.120306
1781138868.699301,0.000988587,120778,9,977.378825
1781138868.699317,0.001005064,126570,9,1007.458232
1781138868.699692,0.001008164,115138,9,913.645002
1781138868.701180,0.000987223,130848,8,1060.331860
1781138868.702197,0.000999572,109128,8,873.397814
1781138868.702769,0.001004014,123740,10,985.962347
1781138868.703774,0.001006278,128150,11,1018.803949
1781138868.704679,0.000989826,110642,9,894.233936
1781138868.705684,0.001004045,79904,4,636.656724
1781138868.706715,0.000995683,130914,9,1051.852849
1781138868.707687,0.000999855,116632,12,933.191313
1781138868.708663,0.001004522,122358,11,974.457503
1781138868.709650,0.000995017,123740,10,994.877474
1781138868.710706,0.001001307,125188,10,1000.196743
1781138868.711686,0.001001063,129466,9,1034.628190
1781138868.712901,0.001007142,110510,7,877.810676
1781138868.713721,0.000997819,43638,3,349.867060
1781138868.714733,0.000995501,0,0,0.000000
1781138868.715712,0.001007104,0,0,0.000000
1781138868.716702,0.001001931,0,0,0.000000
1781138868.717697,0.000996163,0,0,0.000000
1781138868.718675,0.000991723,0,0,0.000000
1781138868.719664,0.001002812,0,0,0.000000
1781138868.720691,0.000999186,0,0,0.000000
1781138868.721694,0.000998803,0,0,0.000000
1781138868.722718,0.001011304,78390,3,620.110273
1781138868.723684,0.000993763,0,0,0.000000
1781138868.724699,0.001000779,0,0,0.000000
1781138868.725650,0.000993918,0,0,0.000000
1781138868.726676,0.001006276,0,0,0.000000
1781138868.727693,0.000993990,0,0,0.000000
1781138868.728680,0.001002171,0,0,0.000000
1781138868.729699,0.001003619,0,0,0.000000
1781138868.730706,0.001006606,0,0,0.000000
1781138868.731659,0.000998343,0,0,0.000000
1781138868.732674,0.000994499,0,0,0.000000
1781138868.733670,0.001001078,0,0,0.000000
1781138868.734751,0.000999108,0,0,0.000000
1781138868.735744,0.001002316,0,0,0.000000
1781138868.736692,0.000992814,0,0,0.000000
1781138868.737721,0.001003489,0,0,0.000000
1781138868.738689,0.000999536,0,0,0.000000
1781138868.739678,0.001000823,0,0,0.000000
1781138868.740663,0.001007355,0,0,0.000000
1781138868.741715,0.001001477,0,0,0.000000
1781138868.742709,0.000987374,0,0,0.000000
1781138868.743721,0.001004148,0,0,0.000000
1781138868.746535,0.000996719,0,0,0.000000
1781138868.746711,0.001008908,0,0,0.000000
1781138868.747267,0.000992484,0,0,0.000000
1781138868.747695,0.001000835,0,0,0.000000
1781138868.748668,0.001000318,0,0,0.000000
1781138868.749687,0.001009238,0,0,0.000000
1781138868.750749,0.000986744,0,0,0.000000
1781138868.751721,0.001011922,0,0,0.000000
1781138868.752704,0.000988303,0,0,0.000000
1781138868.753651,0.000999351,0,0,0.000000
1781138868.754706,0.001014390,54,1,0.425872
1781138868.755686,0.000985750,0,0,0.000000
1781138868.756666,0.000999737,0,0,0.000000
1781138868.757733,0.001001562,0,0,0.000000
1781138868.758688,0.000998185,0,0,0.000000
1781138868.759725,0.001000513,0,0,0.000000
1781138868.760717,0.001013788,0,0,0.000000
1781138868.761736,0.000993855,0,0,0.000000
1781138868.762669,0.000992258,0,0,0.000000
1781138868.763720,0.001002083,0,0,0.000000
1781138868.764670,0.001007260,0,0,0.000000
1781138868.765661,0.000997530,0,0,0.000000
1781138868.766743,0.001005856,0,0,0.000000
1781138868.767724,0.000988208,0,0,0.000000
1781138868.768693,0.000999204,0,0,0.000000
1781138868.769721,0.001000519,0,0,0.000000
1781138868.770704,0.000999683,0,0,0.000000
1781138868.771715,0.001000092,0,0,0.000000
1781138868.772742,0.001000121,0,0,0.000000
1781138868.773895,0.001005631,0,0,0.000000
1781138868.774760,0.001000213,0,0,0.000000
1781138868.775738,0.001005485,0,0,0.000000
1781138868.776700,0.000988876,0,0,0.000000
1781138868.777704,0.000999904,0,0,0.000000
1781138868.778736,0.001001927,0,0,0.000000
1781138868.779803,0.001007580,0,0,0.000000
1781138868.780735,0.000991160,0,0,0.000000
1781138868.781807,0.001005439,0,0,0.000000
1781138868.782758,0.000999863,0,0,0.000000
1781138868.783693,0.000998712,0,0,0.000000
1781138868.784702,0.000995773,0,0,0.000000
1781138868.785973,0.001007155,0,0,0.000000
1781138868.786661,0.000992091,0,0,0.000000
1781138868.787657,0.001000297,0,0,0.000000
1781138868.788656,0.001004085,0,0,0.000000
1781138868.789648,0.000995132,0,0,0.000000
1781138868.790689,0.001008022,0,0,0.000000
1781138868.791689,0.001002408,0,0,0.000000
1781138868.792661,0.000989421,0,0,0.000000
1781138868.793719,0.000999989,0,0,0.000000
1781138868.794673,0.001005615,0,0,0.000000
1781138868.795667,0.000999161,0,0,0.000000
1781138868.796652,0.001001369,0,0,0.000000
1781138868.797671,0.000994824,0,0,0.000000
1781138868.798688,0.000999388,0,0,0.000000
1781138868.799705,0.001009724,0,0,0.000000
1781138868.800687,0.000998884,0,0,0.000000
1781138868.801668,0.000999663,0,0,0.000000
1781138868.802663,0.000991550,0,0,0.000000
1781138868.803737,0.000999967,0,0,0.000000
1781138868.804706,0.001000898,0,0,0.000000
1781138868.805724,0.001012502,0,0,0.000000
1781138868.806810,0.000994878,0,0,0.000000
1781138868.807745,0.001001543,0,0,0.000000
1781138868.808666,0.001002142,0,0,0.000000
1781138868.809647,0.000988358,0,0,0.000000
1781138868.810687,0.001007567,0,0,0.000000
1781138868.811685,0.000999306,0,0,0.000000
1781138868.812654,0.000992840,0,0,0.000000
1781138868.813651,0.001006808,0,0,0.000000
1781138868.814765,0.001002348,0,0,0.000000
1781138868.815745,0.001002760,0,0,0.000000
1781138868.816663,0.000988060,0,0,0.000000
1781138868.817763,0.000999977,0,0,0.000000
1781138868.818983,0.001000051,0,0,0.000000
1781138868.819679,0.001003282,0,0,0.000000
1781138868.820671,0.001004475,0,0,0.000000
1781138868.821644,0.000993027,0,0,0.000000
1781138868.822686,0.001005441,0,0,0.000000
1781138868.823671,0.001000413,0,0,0.000000
1781138868.824668,0.000994148,0,0,0.000000
1781138868.825676,0.001012241,0,0,0.000000
1781138868.826703,0.000994644,0,0,0.000000
1781138868.827685,0.000992957,0,0,0.000000
1781138868.828664,0.001007280,0,0,0.000000
1781138868.829673,0.000992398,0,0,0.000000
1781138868.830704,0.001004195,0,0,0.000000
1781138868.831650,0.000996970,0,0,0.000000
1781138868.832648,0.001001565,0,0,0.000000
1781138868.833669,0.001006290,0,0,0.000000
1781138868.834812,0.001003766,0,0,0.000000
1781138868.835687,0.001002587,0,0,0.000000
1781138868.836671,0.000987343,0,0,0.000000
1781138868.837675,0.001009620,0,0,0.000000
1781138868.838723,0.000987738,0,0,0.000000
1781138868.839707,0.001005721,0,0,0.000000
1781138868.840725,0.000996084,0,0,0.000000
1781138868.841686,0.001005092,0,0,0.000000
1781138868.842702,0.000992501,0,0,0.000000
1781138868.843672,0.001009539,0,0,0.000000
1781138868.844658,0.000998987,0,0,0.000000
1781138868.845651,0.000991688,0,0,0.000000
1781138868.846698,0.000999773,0,0,0.000000
1781138868.847731,0.001013556,0,0,0.000000
1781138868.848697,0.000999245,0,0,0.000000
1781138868.849669,0.000999503,0,0,0.000000
1781138868.850663,0.000995571,0,0,0.000000
1781138868.851652,0.000997409,0,0,0.000000
1781138868.852652,0.001005158,0,0,0.000000
1781138868.853705,0.000991662,0,0,0.000000
1781138868.854742,0.001011977,0,0,0.000000
1781138868.855687,0.000993530,0,0,0.000000
1781138868.856697,0.000993505,0,0,0.000000
1781138868.857689,0.000999575,0,0,0.000000
1781138868.858709,0.001009317,0,0,0.000000
1781138868.859675,0.000993332,0,0,0.000000
1781138868.860654,0.001005606,0,0,0.000000
1781138868.861658,0.001003344,0,0,0.000000
1781138868.862686,0.000988436,0,0,0.000000
1781138868.863683,0.001005418,0,0,0.000000
1781138868.864684,0.000999823,0,0,0.000000
1781138868.865649,0.001002116,0,0,0.000000
1781138868.866689,0.001003482,0,0,0.000000
1781138868.867674,0.001003326,0,0,0.000000
1781138868.868653,0.000992718,0,0,0.000000
1781138868.869661,0.000994780,0,0,0.000000
1781138868.870694,0.000998445,0,0,0.000000
1781138868.871729,0.001009967,0,0,0.000000
1781138868.872716,0.000994750,0,0,0.000000
1781138868.873690,0.000996297,0,0,0.000000
1781138868.874695,0.001005544,0,0,0.000000
1781138868.875723,0.001004524,0,0,0.000000
1781138868.876688,0.000989338,0,0,0.000000
1781138868.877704,0.000999748,0,0,0.000000
1781138868.878715,0.001000299,0,0,0.000000
1781138868.879677,0.000999555,0,0,0.000000
1781138868.880681,0.000999539,0,0,0.000000
1781138868.881808,0.001006147,0,0,0.000000
1781138868.882716,0.001005794,0,0,0.000000
1781138868.883819,0.001002582,0,0,0.000000
1781138868.884721,0.000999994,0,0,0.000000
1781138868.885720,0.000998695,0,0,0.000000
1781138868.886706,0.000988824,0,0,0.000000
1781138868.887654,0.000997978,0,0,0.000000
1781138868.888657,0.001000244,0,0,0.000000
1781138868.889648,0.001001582,0,0,0.000000
1781138868.890682,0.000999339,0,0,0.000000
1781138868.891683,0.001009150,0,0,0.000000
1781138868.892683,0.001003850,0,0,0.000000
1781138868.893672,0.000987942,0,0,0.000000
1781138868.894679,0.000997584,0,0,0.000000
1781138868.895684,0.001009480,0,0,0.000000
1781138868.896668,0.000990578,0,0,0.000000
1781138868.897678,0.001002652,0,0,0.000000
1781138868.898668,0.000997960,0,0,0.000000
1781138868.899691,0.000999765,0,0,0.000000
1781138868.900650,0.001004792,0,0,0.000000
1781138868.901726,0.000995985,0,0,0.000000
1781138868.902672,0.000999465,0,0,0.000000
1781138868.903678,0.001012101,0,0,0.000000
1781138868.904666,0.000988572,0,0,0.000000
1781138868.905661,0.001000480,0,0,0.000000
1781138868.906669,0.000998381,0,0,0.000000
1781138868.907801,0.001007087,0,0,0.000000
1781138868.908652,0.000995833,0,0,0.000000
1781138868.909646,0.000998214,0,0,0.000000
1781138868.910690,0.001012442,0,0,0.000000
1781138868.911662,0.000986374,0,0,0.000000
1781138868.912669,0.001004437,0,0,0.000000
1781138868.913651,0.001003453,0,0,0.000000
1781138868.914674,0.001003153,0,0,0.000000
1781138868.915681,0.001002100,0,0,0.000000
1781138868.916664,0.000988087,0,0,0.000000
1781138868.917658,0.001012547,0,0,0.000000
1781138868.918662,0.000986876,0,0,0.000000
1781138868.919665,0.001001565,0,0,0.000000
1781138868.920653,0.000999741,0,0,0.000000
1781138868.921659,0.001009400,0,0,0.000000
1781138868.922690,0.000989185,0,0,0.000000
1781138868.923672,0.001009630,0,0,0.000000
1781138868.924652,0.000997180,0,0,0.000000
1781138868.925650,0.000999504,0,0,0.000000
1781138868.926695,0.001005618,0,0,0.000000
1781138868.927663,0.000988905,0,0,0.000000
1781138868.928697,0.001009890,0,0,0.000000
1781138868.929680,0.000988564,0,0,0.000000
1781138868.930693,0.001000279,1514,1,12.108622
1781138868.931682,0.001000503,122358,11,978.371879
1781138868.932743,0.001001878,131046,11,1046.402855
1781138868.933731,0.000999209,113538,9,909.023037
1781138868.934809,0.001012431,125122,9,988.685649
1781138868.935737,0.000995610,127952,8,1028.129488
1781138868.936710,0.000990804,111958,7,903.976972
1781138868.937773,0.001006179,126504,8,1005.817056
1781138868.938728,0.001001348,126504,8,1010.669617
1781138868.939694,0.000996500,111958,7,898.809834
1781138868.940658,0.000995247,120778,9,970.838395
1781138868.941652,0.001002621,125188,10,998.885920
1781138868.942688,0.001004671,96096,8,765.193780
1781138868.943671,0.001005617,127952,8,1017.898464
1781138868.944721,0.000988053,125056,8,1012.544874
1781138868.945758,0.000999711,126504,8,1012.324562
1781138868.946730,0.001012124,129334,7,1022.277903
1781138868.947669,0.000988428,104784,8,848.086052
1781138868.948669,0.000999837,119396,10,955.323718
1781138868.949665,0.001007475,104784,8,832.052408
1781138868.950708,0.001001274,128084,10,1023.368229
1781138868.951766,0.000994263,125056,8,1006.220688
1781138868.952669,0.001003180,130848,8,1043.465779
1781138868.953657,0.000993111,107614,7,866.883964
1781138868.954719,0.001011669,124990,7,988.386518
1781138868.955695,0.000998843,126504,8,1013.204277
1781138868.956661,0.001001473,108996,6,870.685480
1781138868.957677,0.000995826,128084,10,1028.966908
1781138868.958671,0.001004535,125122,9,996.457067
1781138868.959666,0.000988910,107614,7,870.566583
1781138868.960655,0.000998831,129466,9,1036.940183
1781138868.961675,0.001004496,127952,8,1019.034421
1781138868.962713,0.001003734,107614,7,857.709313
1781138868.963667,0.000997280,126702,11,1016.380555
1781138868.964652,0.000994256,117948,10,949.035259
1781138868.965685,0.001000551,128084,10,1024.107717
1781138868.966698,0.000999525,117816,8,942.975914
1781138868.967685,0.001003894,113538,9,904.780784
1781138868.968658,0.000999658,123872,12,991.315030
1781138868.969658,0.000996356,103468,10,830.771331
1781138868.970711,0.000999860,113538,9,908.431180
1781138868.971690,0.001002229,125188,10,999.276612
1781138868.972658,0.001000463,125056,8,999.985007
1781138868.973671,0.000996957,116302,7,933.255898
1781138868.974702,0.001007997,127952,8,1015.495086
1781138868.975993,0.000993345,104718,7,843.356538
1781138868.976676,0.000999641,126636,10,1013.451829
1781138868.977662,0.000999762,123740,10,990.155657
1781138868.978682,0.001005082,112090,9,892.185911
1781138868.979782,0.000994804,125056,8,1005.673479
1781138868.980733,0.001012460,125056,8,988.135828
1781138868.981678,0.000987370,123542,7,1000.978357
1781138868.982756,0.001007924,115118,11,913.703811
1781138868.983746,0.000998799,136838,11,1096.020320
1781138868.984697,0.000998891,116434,9,932.506149
1781138868.985740,0.001002802,125122,9,998.179102
1781138868.986697,0.000993280,113472,8,913.917526
1781138868.987684,0.000998633,126504,8,1013.417342
1781138868.988694,0.001000242,126504,8,1011.787148
1781138868.989678,0.001007895,123608,8,981.118073
1781138868.990683,0.000996064,106100,6,852.154078
1781138868.991670,0.001007182,124990,7,992.789784
1781138868.992704,0.001001888,107482,5,858.235651
1781138868.993690,0.000997263,119330,9,957.260021
1781138868.994998,0.000999194,122292,10,979.125175
1781138868.995986,0.001002462,129532,10,1033.711004
1781138868.996763,0.000988639,125056,8,1011.944704
1781138868.997757,0.001005297,126504,8,1006.699513
1781138868.998748,0.000994542,106166,7,853.989072
1781138868.999765,0.001010950,125188,10,990.656313
1781138869.000726,0.000999623,110642,9,885.469822
1781138869.001716,0.000988828,129598,11,1048.497818
1781138869.002769,0.001002256,126636,10,1010.807618
1781138869.003680,0.000997466,112024,8,898.468720
1781138869.004730,0.001001310,123608,8,987.570283
1781138869.005716,0.001011122,126504,8,1000.899990
1781138869.006736,0.000987850,126504,8,1024.479425
1781138869.007756,0.001009393,106166,7,841.424500
1781138869.008799,0.000990827,124924,6,1008.644294
1781138869.009738,0.001009610,116368,8,922.082784
1781138869.010805,0.000996761,120778,9,969.363769
1781138869.011669,0.000993069,129532,10,1043.488418
1781138869.012736,0.001014579,129400,8,1020.324686
1781138869.013721,0.000996763,106166,7,852.086203
1781138869.014781,0.000996183,126504,8,1015.909727
1781138869.015766,0.000992802,126504,8,1019.369421
1781138869.016699,0.001008541,126504,8,1003.461436
1781138869.017760,0.000995573,104652,6,840.938836
1781138869.018707,0.001003236,124924,6,996.168399
1781138869.019704,0.000992526,101822,7,820.709986
1781138869.020721,0.001000322,123740,10,989.601348
1781138869.021830,0.001011892,126636,10,1001.181944
1781138869.022703,0.000995792,126504,8,1016.308627
1781138869.023663,0.000992962,107614,7,867.014045
1781138869.024670,0.001005053,125056,8,995.418152
1781138869.025652,0.000994675,125056,8,1005.803906
1781138869.026697,0.001010449,114920,8,909.852947
1781138869.027676,0.001001216,125188,10,1000.287650
1781138869.028669,0.000995225,123740,10,994.669547
1781138869.029673,0.001003220,128018,9,1020.856841
1781138869.030804,0.000998350,114920,8,920.879451
1781138869.031758,0.000991398,123608,8,997.444013
1781138869.032747,0.001007411,126504,8,1004.587006
1781138869.033717,0.000991626,106166,7,856.500334
1781138869.034699,0.001011368,124924,6,988.158613
1781138869.035763,0.000989409,124924,6,1010.089862
1781138869.036696,0.001000645,114920,8,918.767395
1781138869.037725,0.001002214,126570,9,1010.323145
1781138869.038677,0.000996401,109194,9,876.707269
1781138869.039715,0.001002326,112024,8,894.112295
1781138869.040701,0.000997751,125056,8,1002.703079
1781138869.041704,0.001000678,126504,8,1011.346307
1781138869.042695,0.001006115,106166,7,844.165925
1781138869.043800,0.000996162,124990,7,1003.772479
1781138869.044708,0.001006465,124924,6,992.972433
1781138869.045736,0.001002828,124924,6,996.573690
1781138869.046694,0.000994050,101822,7,819.451738
1781138869.047942,0.001006374,135390,11,1076.259919
1781138869.048692,0.000988394,114920,8,930.155383
1781138869.049824,0.001009373,128018,9,1014.633837
1781138869.050705,0.000999068,106166,7,850.120312
1781138869.051702,0.000990537,125056,8,1010.005684
1781138869.052661,0.001010041,125056,8,990.502366
1781138869.053686,0.001001680,124990,7,998.242952
1781138869.054685,0.000988785,106034,5,857.893273
1781138869.055782,0.000999529,124924,6,999.862935
1781138869.056712,0.001001535,104718,7,836.460034
1781138869.057791,0.001000755,125056,8,999.693232
1781138869.058695,0.000998133,101822,7,816.099658
1781138869.059672,0.001005619,130980,10,1041.985086
1781138869.060682,0.000998894,103336,8,827.603329
1781138869.061674,0.001002237,112288,12,896.298979
1781138869.062721,0.000998914,101954,9,816.518739
1781138869.063702,0.001005073,128084,10,1019.500076
1781138869.064716,0.000989428,95964,6,775.914973
1781138869.065701,0.001011948,117750,7,930.877871
1781138869.066715,0.000991807,123608,8,997.032689
1781138869.067716,0.001006740,84380,6,670.520691
1781138869.068687,0.000994586,118212,14,950.843869
1781138869.069686,0.000994267,88790,7,714.415745
1781138869.070758,0.001012458,122226,9,965.776358
1781138869.072830,0.001996258,222534,15,891.804566
1781138869.073698,0.000996483,112090,9,899.884895
1781138869.074719,0.001004066,123872,12,986.963008
1781138869.075717,0.000993256,115052,10,926.665432
1781138869.076710,0.001004021,125122,9,996.967195
1781138869.077688,0.001002030,123608,8,986.860673
1781138869.078690,0.000993339,113472,8,913.863243
1781138869.079735,0.000998460,129400,8,1036.796667
1781138869.080819,0.001006778,111958,7,889.634060
1781138869.081667,0.001001376,123608,8,987.505193
1781138869.082709,0.000997241,109194,9,875.968798
1781138869.083704,0.000995136,125122,9,1005.868545
1781138869.084699,0.001000010,125122,9,1000.965990
1781138869.085696,0.000999986,94516,6,756.138586
1781138869.086676,0.001003442,125056,8,997.016270
1781138869.087689,0.000995928,154214,11,1238.756215
1781138869.088725,0.001000535,125254,11,1001.496200
1781138869.089707,0.001013855,125254,11,988.338569
1781138869.090721,0.000985899,78588,6,637.696153
1781138869.091692,0.000999869,113406,7,907.366865
1781138869.092660,0.001010228,125056,8,990.319017
1781138869.093651,0.000996507,126504,8,1015.579419
1781138869.094686,0.000996057,116500,10,935.689423
1781138869.095694,0.001012036,110774,11,875.652645
1781138869.096677,0.000995106,113604,11,913.301699
1781138869.097707,0.000995546,119330,9,958.910990
1781138869.098679,0.001002141,128084,10,1022.482864
1781138869.099689,0.001002844,126504,8,1009.161943
1781138869.100703,0.000990804,110510,7,892.285457
1781138869.101707,0.001005926,127952,8,1017.585787
1781138869.102756,0.000995342,123476,6,992.430742
1781138869.103683,0.001004129,0,0,0.000000
1781138869.104672,0.001003116,0,0,0.000000
1781138869.105654,0.000989625,0,0,0.000000
1781138869.106675,0.001005171,0,0,0.000000
1781138869.107692,0.001000063,0,0,0.000000
1781138869.108709,0.001009429,0,0,0.000000
1781138869.109798,0.000991743,0,0,0.000000
1781138869.110811,0.000994120,0,0,0.000000
1781138869.111747,0.001002748,0,0,0.000000
1781138869.112702,0.000998065,0,0,0.000000
1781138869.113715,0.001011047,0,0,0.000000
1781138869.114676,0.000992941,0,0,0.000000
1781138869.115812,0.001008336,0,0,0.000000
1781138869.116668,0.000991021,0,0,0.000000
1781138869.117712,0.001008923,0,0,0.000000
1781138869.118689,0.000986350,0,0,0.000000
1781138869.119665,0.001000653,0,0,0.000000
1781138869.120651,0.001005749,0,0,0.000000
1781138869.121677,0.000998916,0,0,0.000000
1781138869.122680,0.001007661,0,0,0.000000
1781138869.123654,0.000993863,0,0,0.000000
1781138869.124654,0.001004185,0,0,0.000000
1781138869.125790,0.000989653,0,0,0.000000
1781138869.126702,0.001000045,0,0,0.000000
1781138869.127685,0.001009212,0,0,0.000000
1781138869.128686,0.000991165,0,0,0.000000
1781138869.129673,0.001003283,0,0,0.000000
1781138869.130651,0.000999488,0,0,0.000000
1781138869.131688,0.001003609,0,0,0.000000
1781138869.132657,0.001004381,0,0,0.000000
1781138869.133676,0.000998658,0,0,0.000000
1781138869.134680,0.001001497,0,0,0.000000
1781138869.135679,0.000988254,0,0,0.000000
1781138869.136816,0.000999782,0,0,0.000000
1781138869.137753,0.001004844,0,0,0.000000
1781138869.138722,0.000995767,0,0,0.000000
1781138869.139760,0.001002217,0,0,0.000000
1781138869.140657,0.000997622,0,0,0.000000
1781138869.141646,0.000999834,0,0,0.000000
1781138869.142670,0.001001122,0,0,0.000000
1781138869.143675,0.001011828,0,0,0.000000
1781138869.144664,0.000987756,0,0,0.000000
1781138869.145653,0.001008505,0,0,0.000000
1781138869.146681,0.000994415,0,0,0.000000
1781138869.147660,0.000996067,0,0,0.000000
1781138869.148652,0.001006598,0,0,0.000000
1781138869.149646,0.000995936,0,0,0.000000
1781138869.150680,0.000999569,0,0,0.000000
1781138869.151654,0.000997986,0,0,0.000000
1781138869.152673,0.001006770,0,0,0.000000
1781138869.153673,0.001002445,0,0,0.000000
1781138869.154699,0.000997112,0,0,0.000000
1781138869.155678,0.000993732,0,0,0.000000
1781138869.156674,0.001011493,0,0,0.000000
1781138869.157643,0.000988250,0,0,0.000000
1781138869.158662,0.000999981,0,0,0.000000
1781138869.159749,0.001011423,0,0,0.000000
1781138869.160669,0.000989523,0,0,0.000000
1781138869.161678,0.001013712,0,0,0.000000
1781138869.162670,0.000988446,0,0,0.000000
1781138869.163694,0.001010147,0,0,0.000000
1781138869.164655,0.000991845,0,0,0.000000
1781138869.165659,0.001008315,0,0,0.000000
1781138869.166680,0.000986430,0,0,0.000000
1781138869.167671,0.001012718,0,0,0.000000
1781138869.168664,0.000988101,0,0,0.000000
1781138869.169663,0.001000867,0,0,0.000000
1781138869.170681,0.001000614,0,0,0.000000
1781138869.171647,0.000998028,0,0,0.000000
1781138869.172667,0.001003036,0,0,0.000000
1781138869.173644,0.000997291,0,0,0.000000
1781138869.174678,0.001001575,0,0,0.000000
1781138869.175907,0.001006459,0,0,0.000000
1781138869.176713,0.001000189,170,1,1.359743
1781138869.177706,0.000999775,0,0,0.000000
1781138869.178755,0.000996629,0,0,0.000000
1781138869.179660,0.000995211,0,0,0.000000
1781138869.180741,0.001006220,0,0,0.000000
1781138869.181659,0.000995459,0,0,0.000000
1781138869.182745,0.000998790,0,0,0.000000
1781138869.183661,0.001003885,0,0,0.000000
1781138869.184723,0.000999921,0,0,0.000000
1781138869.185704,0.000997934,0,0,0.000000
1781138869.186723,0.001001974,0,0,0.000000
1781138869.187732,0.001000587,0,0,0.000000
1781138869.188673,0.001009046,0,0,0.000000
1781138869.189752,0.000988900,0,0,0.000000
1781138869.190690,0.000997523,54,1,0.433073
1781138869.191682,0.001000169,0,0,0.000000
1781138869.192675,0.000999523,202,1,1.616771
1781138869.193653,0.001009886,0,0,0.000000
1781138869.194683,0.001001500,0,0,0.000000
1781138869.195679,0.001003416,0,0,0.000000
1781138869.196654,0.000994251,0,0,0.000000
1781138869.197647,0.000995538,0,0,0.000000
1781138869.198735,0.001000860,0,0,0.000000
1781138869.199721,0.000994484,0,0,0.000000
1781138869.200712,0.001007419,0,0,0.000000
1781138869.201692,0.000993194,0,0,0.000000
1781138869.202725,0.000999205,0,0,0.000000
1781138869.203758,0.001009016,0,0,0.000000
1781138869.204671,0.001000654,0,0,0.000000
1781138869.205918,0.001005482,0,0,0.000000
1781138869.206803,0.000998283,0,0,0.000000
1781138869.207770,0.000998506,0,0,0.000000
1781138869.208707,0.000994030,0,0,0.000000
1781138869.209701,0.000997954,0,0,0.000000
1781138869.210677,0.001004983,0,0,0.000000
1781138869.211678,0.001004975,0,0,0.000000
1781138869.212751,0.000995075,0,0,0.000000
1781138869.213816,0.001000543,0,0,0.000000
1781138869.214734,0.000994072,0,0,0.000000
1781138869.215703,0.000997138,0,0,0.000000
1781138869.216702,0.001000302,0,0,0.000000
1781138869.217726,0.001000208,0,0,0.000000
1781138869.218721,0.001007652,0,0,0.000000
1781138869.219762,0.000991761,0,0,0.000000
1781138869.220669,0.000999738,0,0,0.000000
1781138869.221648,0.000999691,0,0,0.000000
1781138869.222685,0.001002562,0,0,0.000000
1781138869.223680,0.001006780,0,0,0.000000
1781138869.224668,0.000997720,0,0,0.000000
1781138869.225676,0.001005644,0,0,0.000000
1781138869.226693,0.000994739,0,0,0.000000
1781138869.227661,0.000992709,0,0,0.000000
1781138869.228664,0.001001232,0,0,0.000000
1781138869.229658,0.000998937,0,0,0.000000
1781138869.230672,0.001002251,0,0,0.000000
1781138869.231659,0.000999348,0,0,0.000000
1781138869.232674,0.000999727,0,0,0.000000
1781138869.233650,0.001003844,0,0,0.000000
1781138869.234689,0.001003228,0,0,0.000000
1781138869.235664,0.000999839,0,0,0.000000
1781138869.236654,0.000993230,0,0,0.000000
1781138869.237658,0.000999341,0,0,0.000000
1781138869.238684,0.000998826,0,0,0.000000
1781138869.239666,0.001008995,0,0,0.000000
1781138869.240673,0.001005201,0,0,0.000000
1781138869.241659,0.000998029,0,0,0.000000
1781138869.242690,0.000998413,0,0,0.000000
1781138869.243713,0.000998193,0,0,0.000000
1781138869.245507,0.000993473,0,0,0.000000
1781138869.245726,0.001015263,0,0,0.000000
1781138869.247188,0.000986597,54,1,0.437869
1781138869.247675,0.000996521,0,0,0.000000
1781138869.248718,0.001000527,0,0,0.000000
1781138869.249752,0.001001821,0,0,0.000000
1781138869.250704,0.001005664,0,0,0.000000
1781138869.251700,0.000991978,0,0,0.000000
1781138869.252804,0.001003483,0,0,0.000000
1781138869.253710,0.001002648,0,0,0.000000
1781138869.254745,0.000997927,0,0,0.000000
1781138869.255719,0.000996156,0,0,0.000000
1781138869.256726,0.000999808,0,0,0.000000
1781138869.257681,0.001003927,0,0,0.000000
1781138869.258800,0.001007301,0,0,0.000000
1781138869.259988,0.001000474,0,0,0.000000
1781138869.260718,0.000988351,0,0,0.000000
1781138869.261676,0.001010891,0,0,0.000000
1781138869.262683,0.000988586,0,0,0.000000
1781138869.263673,0.001011615,0,0,0.000000
1781138869.264665,0.000988573,0,0,0.000000
1781138869.265645,0.000999797,0,0,0.000000
1781138869.266686,0.001004439,0,0,0.000000
1781138869.267652,0.000995641,0,0,0.000000
1781138869.268690,0.001013211,0,0,0.000000
1781138869.269662,0.000997927,0,0,0.000000
1781138869.270672,0.000996690,0,0,0.000000
1781138869.271668,0.000998385,0,0,0.000000
1781138869.272672,0.001004786,0,0,0.000000
1781138869.273650,0.000996592,0,0,0.000000
1781138869.274696,0.000996533,0,0,0.000000
1781138869.275808,0.001009517,0,0,0.000000
1781138869.276753,0.000994450,0,0,0.000000
1781138869.277679,0.000996591,0,0,0.000000
1781138869.278671,0.001003381,0,0,0.000000
1781138869.279666,0.000995742,0,0,0.000000
1781138869.280729,0.000996328,0,0,0.000000
1781138869.281668,0.001004800,0,0,0.000000
1781138869.282685,0.001003619,0,0,0.000000
1781138869.283673,0.000991795,0,0,0.000000
1781138869.284655,0.000999873,0,0,0.000000
1781138869.285681,0.001000067,0,0,0.000000
1781138869.286698,0.001014361,0,0,0.000000
1781138869.287685,0.000991448,0,0,0.000000
1781138869.288646,0.000994033,0,0,0.000000
1781138869.289660,0.001014635,0,0,0.000000
1781138869.290669,0.000985413,0,0,0.000000
1781138869.291679,0.001012353,0,0,0.000000
1781138869.292645,0.000987298,0,0,0.000000
1781138869.293664,0.001007582,0,0,0.000000
1781138869.294684,0.000994868,0,0,0.000000
1781138869.295691,0.001010284,0,0,0.000000
1781138869.296645,0.000987168,0,0,0.000000
1781138869.297659,0.001014889,0,0,0.000000
1781138869.298680,0.000986632,0,0,0.000000
1781138869.299738,0.001009924,0,0,0.000000
1781138869.300660,0.000989197,0,0,0.000000
1781138869.301683,0.001008093,0,0,0.000000
1781138869.302697,0.001004910,0,0,0.000000
1781138869.303666,0.000987275,0,0,0.000000
1781138869.304711,0.001003656,0,0,0.000000
1781138869.305670,0.000996528,0,0,0.000000
1781138869.306744,0.001011825,0,0,0.000000
1781138869.307789,0.000998412,0,0,0.000000
1781138869.308750,0.000996532,0,0,0.000000
1781138869.309736,0.000993173,0,0,0.000000
1781138869.310718,0.001011110,0,0,0.000000
1781138869.311700,0.000988881,0,0,0.000000
1781138869.312660,0.001001465,0,0,0.000000
1781138869.313662,0.001011131,0,0,0.000000
1781138869.314807,0.000994457,14612,2,117.547566
1781138869.315794,0.000993258,112090,9,902.806723
1781138869.316683,0.001007306,126702,11,1006.264234
1781138869.317666,0.000991868,114986,9,927.429860
1781138869.318720,0.001001870,126570,9,1010.670047
1781138869.319729,0.001008716,114920,8,911.416097
1781138869.320670,0.000994605,118080,12,949.763977
1781138869.321661,0.000999033,131046,11,1049.382753
1781138869.322701,0.000995851,114986,9,923.720516
1781138869.323692,0.001007193,126570,9,1005.328671
1781138869.324664,0.000992261,110510,7,890.975258
1781138869.325664,0.001012900,130848,8,1033.452463
1781138869.326692,0.000995198,126504,8,1016.915227
1781138869.327705,0.001002152,124990,7,997.772793
1781138869.328650,0.000989961,106034,5,856.874160
1781138869.329668,0.001011699,124924,6,987.835315
1781138869.330688,0.000989187,103138,5,834.123376
1781138869.331670,0.001006336,107614,7,855.491605
1781138869.332655,0.000992645,112090,9,903.364244
1781138869.333716,0.001002599,103270,7,824.018376
1781138869.334714,0.001003803,117816,8,938.957146
1781138869.335680,0.000993420,109062,7,878.275050
1781138869.336666,0.001000981,100308,6,801.677554
1781138869.338364,0.000999265,115052,10,921.093003
1781138869.338675,0.001005084,103468,10,823.557036
1781138869.339777,0.001007578,125122,9,993.447654
1781138869.340692,0.000998893,125122,9,1002.085308
1781138869.341791,0.000989118,111958,7,905.517845
1781138869.342693,0.001001207,126504,8,1010.811950
1781138869.343756,0.001007258,129400,8,1027.740658
1781138869.344684,0.001003287,103336,8,823.979579
1781138869.345700,0.000991352,129532,10,1045.295717
1781138869.346688,0.000997450,125188,10,1004.064364
1781138869.347693,0.001009555,110576,8,876.235569
1781138869.348715,0.000993767,109062,7,877.968377
1781138869.349726,0.000998041,120778,9,968.120548
1781138869.350693,0.001010802,113670,11,899.642066
1781138869.351726,0.000987299,126702,11,1026.655552
1781138869.352736,0.001011202,130980,10,1036.232128
1781138869.353745,0.000992704,110576,8,891.109535
1781138869.354776,0.001004726,125056,8,995.742123
1781138869.355874,0.001002223,127952,8,1021.345549
1781138869.356712,0.001001417,126504,8,1010.599980
1781138869.358111,0.000988202,104718,7,847.745704
1781138869.358993,0.001004652,124924,6,994.764356
1781138869.359926,0.000996509,117882,9,946.359742
1781138869.361083,0.000998987,122226,9,978.799524
1781138869.362130,0.001007767,126636,10,1005.279990
1781138869.362956,0.001002593,112024,8,893.874184
1781138869.363921,0.000999273,125056,8,1001.175855
1781138869.364829,0.000989156,125056,8,1011.415793
1781138869.365814,0.001005723,126504,8,1006.273099
1781138869.366862,0.001004020,106166,7,845.927372
1781138869.367807,0.000990005,114920,8,928.641775
1781138869.368834,0.001012899,135390,11,1069.326754
1781138869.369807,0.000987715,122226,9,989.969779
1781138869.370943,0.001007682,122226,9,970.353743
1781138869.371862,0.000994106,126504,8,1018.032282
1781138869.372812,0.001004851,109062,7,868.283955
1781138869.373860,0.001005179,126504,8,1006.817691
1781138869.374884,0.000987621,100242,5,811.987594
1781138869.375800,0.001010580,117948,10,933.705397
1781138869.376847,0.000989707,116434,9,941.159353
1781138869.377803,0.000999923,123740,10,989.996230
1781138869.378704,0.001008583,112090,9,889.088950
1781138869.379737,0.000992200,125056,8,1008.312840
1781138869.380734,0.001004449,125056,8,996.016722
1781138869.381752,0.001001503,126504,8,1010.513199
1781138869.382688,0.000998673,106100,6,849.927854
1781138869.383789,0.001008905,130914,9,1038.068004
1781138869.384709,0.000994952,109194,9,877.984064
1781138869.385705,0.000998922,126636,10,1014.181287
1781138869.386702,0.000991664,125056,8,1008.857839
1781138869.387681,0.001000521,127952,8,1023.082974
1781138869.388678,0.001011093,110510,7,874.380497
1781138869.389668,0.001000656,126504,8,1011.368542
1781138869.390700,0.000991403,104652,6,844.475960
1781138869.391702,0.000997019,125188,10,1004.498410
1781138869.392704,0.001008519,128084,10,1016.016555
1781138869.393681,0.000997600,113538,9,910.489174
1781138869.394708,0.000995405,129400,8,1039.978702
1781138869.395807,0.000999524,109128,8,873.439757
1781138869.396753,0.001011725,129730,13,1025.812350
1781138869.397749,0.000987707,115052,10,931.871496
1781138869.398721,0.001012513,126636,10,1000.567894
1781138869.399813,0.000988158,119330,9,966.080323
1781138869.400800,0.000998968,143946,9,1152.757646
1781138869.401664,0.001006077,125452,14,997.553865
1781138869.402676,0.000993193,117948,10,950.050997
1781138869.403725,0.001000057,110576,8,884.557580
1781138869.404746,0.001000781,113538,9,907.595168
1781138869.405755,0.001010626,113406,7,897.708945
1781138869.407290,0.000989847,100308,6,810.694986
1781138869.407713,0.001005923,98992,8,787.272982
1781138869.408804,0.000994289,122358,11,984.486402
1781138869.409735,0.001004584,120844,10,962.340631
1781138869.410692,0.001001233,114986,9,918.755175
1781138869.411747,0.000993943,126570,9,1018.730450
1781138869.412730,0.001012833,127952,8,1010.646375
1781138869.413713,0.000998104,123608,8,990.742448
1781138869.414710,0.000988067,113406,7,918.204940
1781138869.415693,0.001010105,116500,10,922.676355
1781138869.416651,0.000989837,122292,10,988.380915
1781138869.417717,0.001000479,132428,10,1058.916779
1781138869.418743,0.001011108,114920,8,909.259941
1781138869.419769,0.000999660,125056,8,1000.788268
1781138869.420717,0.001002381,113406,7,905.092974
1781138869.421700,0.000986889,130848,8,1060.690716
1781138869.422678,0.000999018,103204,6,826.443568
1781138869.423670,0.001000140,123740,10,989.781431
1781138869.424653,0.001003724,126636,10,1009.329258
1781138869.425649,0.000997260,128084,10,1027.487315
1781138869.426700,0.001007763,111958,7,888.764521
1781138869.427800,0.000998743,130848,8,1048.101464
1781138869.428701,0.000999891,109062,7,872.591112
1781138869.429700,0.000992901,125056,8,1007.600959
1781138869.430702,0.001004326,129400,8,1030.741014
1781138869.431686,0.000999310,103138,5,825.673715
1781138869.432681,0.001006379,126372,6,1004.567862
1781138869.433685,0.000994060,125122,9,1006.957327
1781138869.434699,0.001001851,112024,8,894.536213
1781138869.435695,0.001005007,111958,7,891.201753
1781138869.436653,0.000989123,126504,8,1023.160921
1781138869.437664,0.001012414,127952,8,1011.064644
1781138869.439067,0.000992745,106166,7,855.534906
1781138869.439756,0.001001904,106298,9,848.767946
1781138869.440723,0.000999030,126702,11,1014.600162
1781138869.441829,0.001001914,116434,9,929.692568
1781138869.442757,0.000995560,128018,9,1028.711479
1781138869.443681,0.001002576,110576,8,882.335105
1781138869.444659,0.001003366,128216,12,1022.286982
1781138869.445677,0.000997974,123872,12,992.987793
1781138869.446757,0.001005801,126702,11,1007.769927
1781138869.447764,0.000986330,112024,8,908.612736
1781138869.448701,0.001000275,125056,8,1000.172952
1781138869.449711,0.001012048,125056,8,988.538093
1781138869.450778,0.000988360,110642,9,895.560322
1781138869.451661,0.001006218,125320,12,996.364605
1781138869.452683,0.000993250,126636,10,1019.972817
1781138869.453665,0.001014687,116434,9,917.989488
1781138869.454700,0.001001973,123674,9,987.443773
1781138869.455677,0.000984934,126504,8,1027.512503
1781138869.456672,0.001002445,109062,7,870.367950
1781138869.457667,0.001006859,136706,9,1086.197769
1781138869.458687,0.000995505,122292,10,982.753477
1781138869.459677,0.000994030,126702,11,1019.703631
1781138869.460675,0.001006811,117816,8,936.151870
1781138869.461678,0.000997343,125122,9,1003.642679
1781138869.462690,0.000996636,111958,7,898.687184
1781138869.463667,0.001000929,130848,8,1045.812440
1781138869.464660,0.001007694,112222,11,890.921252
1781138869.465696,0.000998833,128084,10,1025.869189
1781138869.466698,0.000996108,114986,9,923.482193
1781138869.467701,0.001005064,128084,10,1019.509205
1781138869.468822,0.000995093,113472,8,912.252423
1781138869.469663,0.000995266,111958,7,899.924241
1781138869.470712,0.001004052,112156,10,893.627023
1781138869.471658,0.000995575,125254,11,1006.485699
1781138869.472649,0.001000873,125188,10,1000.630450
1781138869.473658,0.000999514,123674,9,989.873078
1781138869.474692,0.001013864,126570,9,998.713831
1781138869.475667,0.000986846,114854,7,931.079419
1781138869.476667,0.001005404,125056,8,995.070638
1781138869.477663,0.000994065,110510,7,889.358342
1781138869.478717,0.001003055,127886,7,1019.971986
1781138869.479694,0.000998185,129334,7,1036.553344
1781138869.480688,0.001002786,103402,9,824.917779
1781138869.481680,0.001007172,125188,10,994.372361
1781138869.482712,0.000991625,125122,9,1009.429976
1781138869.483677,0.000997174,114854,7,921.435978
1781138869.484823,0.001008155,130848,8,1038.316529
1781138869.485673,0.000999659,101822,7,814.853865
1781138869.486966,0.001001798,129664,12,1035.450260
1781138869.487740,0.000990313,109194,9,882.096872
1781138869.489236,0.001006498,104850,9,833.384666
1781138869.489703,0.000993958,135324,10,1089.172782
1781138869.490681,0.000999869,109062,7,872.610312
1781138869.491688,0.001008751,129400,8,1026.219553
1781138869.492655,0.000990524,126504,8,1021.713760
1781138869.493701,0.001006129,107614,7,855.667613
1781138869.494768,0.000996422,124990,7,1003.510561
1781138869.495684,0.001006267,106298,9,845.087835
1781138869.496679,0.000991268,129532,10,1045.384296
1781138869.497782,0.001011273,122292,10,967.430160
1781138869.498694,0.000999273,112024,8,896.844006
1781138869.499702,0.000994213,130848,8,1052.876999
1781138869.500813,0.000995341,107614,7,864.941764
1781138869.501797,0.001010225,127952,8,1013.255463
1781138869.502961,0.001002437,123608,8,986.459997
1781138869.503780,0.000988664,124924,6,1010.851007
1781138869.504750,0.001004355,109062,7,868.712756
1781138869.505798,0.000998035,106364,10,852.587334
1781138869.506859,0.001009281,131046,11,1038.727569
1781138869.507707,0.000987964,112024,8,907.109976
1781138869.508811,0.001010524,125056,8,990.028935
1781138869.509706,0.000990296,127952,8,1033.646506
1781138869.510710,0.001012989,106166,7,838.437535
1781138869.511793,0.000987064,119330,9,967.151066
1781138869.512734,0.000998266,116500,10,933.618895
1781138869.514023,0.001002819,128084,10,1021.791570
1781138869.514783,0.000997648,114920,8,921.527433
1781138869.515777,0.001003885,125056,8,996.576301
1781138869.516699,0.001002297,93134,7,743.364492
1781138869.517689,0.000995915,102086,11,820.037855
1781138869.518688,0.000997223,119396,10,957.827888
1781138869.519693,0.001001599,94648,8,755.975196
1781138869.520668,0.000999465,132428,10,1059.991095
1781138869.521649,0.000998758,110510,7,885.179393
1781138869.523311,0.001004105,93068,6,741.500142
1781138869.523676,0.001006235,109260,10,868.663881
1781138869.524700,0.000999141,113604,10,909.613358
1781138869.525663,0.000992708,90304,8,727.738670
1781138869.526696,0.001001948,132428,10,1057.364254
1781138869.527708,0.000996056,107614,7,864.320882
1781138869.528705,0.001004662,91752,8,730.609897
1781138869.529690,0.000998110,116566,11,934.293815
1781138869.530721,0.001001836,123806,11,988.632870
1781138869.531700,0.000999317,128084,10,1025.372329
1781138869.532674,0.000996190,110642,9,888.521266
1781138869.533690,0.001001655,154214,11,1231.673580
1781138869.534694,0.000999280,90436,10,724.009287
1781138869.535827,0.001006796,81484,6,647.471782
1781138869.536896,0.000994630,125188,10,1006.911113
1781138869.537712,0.001000070,122292,10,978.267521
1781138869.540607,0.000999861,113472,8,907.902198
1781138869.540765,0.001009213,127952,8,1014.271517
1781138869.540901,0.000991711,126504,8,1020.490849
1781138869.542138,0.001007627,123608,8,981.379022
1781138869.543564,0.000994530,82998,7,667.635969
1781138869.543800,0.000997923,128150,11,1027.333772
1781138869.544765,0.000997350,123740,10,992.550258
1781138869.545815,0.001001440,128018,9,1022.671353
1781138869.546953,0.000998890,109062,7,873.465547
1781138869.547868,0.001009541,125056,8,990.992936
1781138869.548811,0.000996222,125056,8,1004.242026
1781138869.550704,0.000994534,106100,6,853.465040
1781138869.550880,0.001002582,127886,7,1020.453190
1781138869.551867,0.001006238,117948,10,937.734413
1781138869.552903,0.000992723,125188,10,1008.845368
1781138869.553701,0.000997945,253272,10,2030.348366
1781138869.554786,0.001008497,123608,8,980.532416
1781138869.556125,0.000990687,109062,7,880.697940
1781138869.556712,0.000999862,133744,8,1070.099674
1781138869.557814,0.001001775,116500,10,930.348631
1781138869.558849,0.001014220,126702,11,999.404468
1781138869.559891,0.000997542,114986,9,922.154656
1781138869.561544,0.000993385,127952,8,1030.432310
1781138869.561924,0.000996117,110576,8,888.056323
1781138869.563241,0.001001203,102020,10,815.179339
1781138869.565224,0.001006022,119462,11,949.975249
1781138869.565336,0.000990005,114986,9,929.175105
1781138869.565866,0.001000485,125188,10,1001.018506
1781138869.566835,0.001004819,81418,5,648.220227
1781138869.567892,0.001005104,125320,12,997.468919
1781138869.568787,0.000991592,113670,11,917.070731
1781138869.571330,0.000998784,125188,10,1002.723312
1781138869.571443,0.001000140,88790,7,710.220569
1781138869.572236,0.001002444,97412,6,777.396044
1781138869.572885,0.001011481,123608,8,977.639718
1781138869.577435,0.000995431,125056,8,1005.040028
1781138869.577601,0.000997714,114854,7,920.937263
1781138869.577635,0.001001342,135126,7,1079.559232
1781138869.577734,0.000990371,123542,7,997.945214
1781138869.578060,0.001000956,106100,6,847.989322
1781138869.579160,0.001000425,94516,6,755.806782
1781138869.579728,0.000999740,117882,9,943.301258
1781138869.580705,0.000998797,109194,9,874.604149
1781138869.581733,0.001014373,129466,9,1021.052414
1781138869.583283,0.000986977,126504,8,1025.385597
1781138869.583706,0.001000156,127952,8,1023.456341
1781138869.584734,0.000999716,107614,7,861.156568
1781138869.585738,0.001004641,129400,8,1030.417831
1781138869.587538,0.000999707,107746,9,862.220631
1781138869.587695,0.000994697,135390,11,1088.894407
1781138869.588743,0.001010572,112090,9,887.339052
1781138869.591229,0.000996231,98860,6,793.872104
1781138869.591366,0.001006435,120712,8,959.521479
1781138869.591974,0.000987271,107746,9,873.081454
1781138869.592720,0.001006609,126636,10,1006.436461
1781138869.593749,0.001000752,125188,10,1000.751435
1781138869.594771,0.000993185,112090,9,902.873080
1781138869.595733,0.001000173,125056,8,1000.274952
1781138869.596788,0.001004003,125056,8,996.459174
1781138869.597714,0.000997887,122094,7,978.820247
1781138869.598716,0.001001033,110642,9,884.222598
1781138869.599672,0.000996410,133942,11,1075.396674
1781138869.600681,0.001006409,117948,10,937.575081
1781138869.601646,0.000992986,128084,10,1031.909815
1781138869.602706,0.001000100,113406,7,907.157284
1781138869.603692,0.001004634,125056,8,995.833308
1781138869.604681,0.000995451,126504,8,1016.656772
1781138869.605701,0.001008374,106166,7,842.274791
1781138869.606783,0.001007123,125056,8,993.372210
1781138869.607824,0.000990997,114986,9,928.244990
1781138869.608721,0.001000211,122292,10,978.129615
1781138869.609747,0.000995234,130980,10,1052.857921
1781138869.610990,0.001001367,109128,8,871.832205
1781138869.611998,0.001003253,125056,8,997.204095
1781138869.612687,0.000994476,126504,8,1017.653518
1781138869.613737,0.001002816,117882,9,940.407812
1781138869.614703,0.000998778,120844,10,967.934816
1781138869.615671,0.000997086,119396,10,957.959494
1781138869.616676,0.001002386,113538,9,906.141945
1781138869.617671,0.001000684,129532,10,1035.547685
1781138869.618900,0.001002812,116434,9,928.860046
1781138869.619736,0.000999620,116632,12,933.410696
1781138869.620731,0.000997408,120910,11,969.793705
1781138869.621743,0.001008234,120778,9,958.333085
1781138869.622776,0.000990625,123740,10,999.288328
1781138869.623710,0.000999718,114920,8,919.619333
1781138869.624699,0.000999527,127952,8,1024.100399
1781138869.625707,0.001001124,90172,6,720.566084
1781138869.626727,0.000998283,109194,9,875.054469
1781138869.627722,0.001012636,114986,9,908.409340
1781138869.628677,0.000991895,103204,6,832.378427
1781138869.629660,0.000994865,110510,7,888.643183
1781138869.630705,0.001005653,122160,8,971.786491
1781138869.631779,0.000995715,125056,8,1004.753368
1781138869.632735,0.001011437,91752,8,725.715986
1781138869.633697,0.000995512,106364,10,854.748110
1781138869.634687,0.001000501,98926,7,791.011703
1781138869.635709,0.001000926,98926,7,790.675834
1781138869.636663,0.000995056,110510,7,888.472609
1781138869.637810,0.001009005,124990,7,990.996080
1781138869.638795,0.000988840,110708,10,895.659561
1781138869.639683,0.000998388,104850,9,840.154329
1781138869.640653,0.000999092,100440,8,804.250259
1781138869.641696,0.001008877,111958,7,887.783149
1781138869.642824,0.001001732,127952,7,1021.846162
1781138869.644128,0.001002853,109062,7,870.013850
1781138869.644672,0.000994879,123806,11,995.546192
1781138869.645654,0.000991015,107812,10,870.315787
1781138869.646785,0.001001468,103402,9,826.003427
1781138869.647737,0.001006520,120712,8,959.440448
1781138869.648683,0.000995343,126504,8,1016.767084
1781138869.649679,0.001004399,133744,8,1065.265895
1781138869.650688,0.000993410,107746,9,867.686051
1781138869.651703,0.001011108,116500,10,921.761078
1781138869.652675,0.000991629,109194,9,880.926234
1781138869.653686,0.001009598,120712,8,956.515366
1781138869.654699,0.000991345,68320,4,551.331777
1781138869.655689,0.001006073,136706,9,1087.046367
1781138869.656745,0.000996265,119264,8,957.688968
1781138869.657733,0.001006360,118080,12,938.670058
1781138869.658810,0.000988539,112090,9,907.116462
1781138869.659710,0.001002441,111958,7,893.483008
1781138869.660659,0.000996315,126504,8,1015.775131
1781138869.661663,0.001005078,113406,7,902.664271
1781138869.662813,0.001008529,120712,8,957.529233
1781138869.663719,0.000988194,109260,10,884.522675
1781138869.664793,0.001002827,113604,10,906.269975
1781138869.665742,0.000996398,126570,9,1016.220426
1781138869.666726,0.001013880,113472,8,895.348562
1781138869.667742,0.000992500,122160,8,984.664987
1781138869.668733,0.000992417,104784,8,844.677187
1781138869.669726,0.001008607,119462,11,947.540519
1781138869.670746,0.001000989,122358,11,977.896860
1781138869.671725,0.000991394,119330,9,962.926949
1781138869.672715,0.000998820,122160,8,978.434553
1781138869.673704,0.001004986,126504,8,1007.011043
1781138869.674865,0.000997206,123608,8,991.634627
1781138869.675720,0.001001623,104916,10,837.967978
1781138869.676677,0.000996594,132722,13,1065.404769
1781138869.677744,0.001007184,120910,11,960.380626
1781138869.678769,0.001004472,114986,9,915.792576
1781138869.679727,0.000988850,132428,10,1071.369773
1781138869.680741,0.001000326,106166,7,849.051209
1781138869.681703,0.001003426,126504,8,1008.576617
1781138869.682803,0.000998135,130848,8,1048.739900
1781138869.683716,0.000997869,104718,7,839.533045
1781138869.684736,0.001009492,126438,7,1001.993082
1781138869.685723,0.000991643,126372,6,1019.495927
1781138869.686697,0.000998730,109128,8,874.134150
1781138869.687714,0.001014889,122160,8,962.942745
1781138869.688666,0.000985520,128084,10,1039.727251
1781138869.689883,0.000999570,110510,7,884.460318
1781138869.690881,0.001006603,127952,8,1016.901400
1781138869.691709,0.001000603,27698,3,221.450465
1781138869.692732,0.001003842,72664,4,579.087147
1781138869.695063,0.001003394,55354,5,441.334112
1781138869.695111,0.000986814,124082,13,1005.920062
1781138869.695742,0.001005376,91686,7,729.565854
1781138869.696676,0.001003865,112090,9,893.267521
1781138869.697661,0.000999430,126570,9,1013.137488
1781138869.698681,0.000994279,112024,8,901.348615
1781138869.699687,0.001009166,93266,9,739.351108
1781138869.700662,0.000992514,125320,12,1010.121772
1781138869.701659,0.000997708,90238,7,723.562405
1781138869.702688,0.000996658,120844,10,969.993719
1781138869.703657,0.001004233,126636,10,1008.817675
1781138869.704655,0.000997942,129400,8,1037.334835
1781138869.705755,0.001003757,107614,7,857.689660
1781138869.706702,0.001001404,126504,8,1010.613099
1781138869.707664,0.001002800,129400,8,1032.309533
1781138869.708672,0.000992118,106100,6,855.543393
1781138869.709681,0.000997788,123476,6,989.997875
1781138869.710724,0.001005099,103270,7,821.968781
1781138869.711710,0.001008647,129532,10,1027.372312
1781138869.712677,0.000990329,125122,9,1010.750973
1781138869.713718,0.000999848,112090,9,896.856322
1781138869.714696,0.001006995,129466,9,1028.533409
1781138869.715794,0.000992027,129400,8,1043.519985
1781138869.716703,0.000998765,107614,7,861.976541
1781138869.717729,0.001003441,123608,8,985.472987
1781138869.720014,0.000996601,106100,6,851.694911
1781138869.720068,0.000999920,113538,9,908.376670
1781138869.720737,0.001009913,103402,9,819.096298
1781138869.721874,0.001000836,125188,10,1000.667442
1781138869.722708,0.000987544,125122,9,1013.601419
1781138869.723694,0.001005977,125056,8,994.503850
1781138869.724655,0.000999265,117750,7,942.692879
1781138869.725680,0.000999675,127952,8,1023.948783
1781138869.726707,0.001009395,106166,7,841.422832
1781138869.727693,0.000986129,123740,10,1003.844325
1781138869.728684,0.000999095,122292,10,979.222196
1781138869.729645,0.001003822,129532,10,1032.310509
1781138869.730711,0.001006845,109128,8,867.088777
1781138869.731713,0.000998246,109062,7,874.029047
1781138869.732669,0.000992296,125056,8,1008.215291
1781138869.733667,0.001009873,122094,7,967.202807
1781138869.734776,0.000989603,106166,7,858.251238
1781138869.735761,0.000999774,126372,6,1011.204532
1781138869.736691,0.001003389,129334,7,1031.177340
1781138869.737789,0.001005595,116434,9,926.289411
1781138869.738885,0.001001769,125188,10,999.735468
1781138869.739754,0.000996736,126570,9,1015.875819
1781138869.741884,0.000999378,109062,7,873.039030
1781138869.741920,0.000993407,119198,7,959.912704
1781138869.742697,0.000999881,125056,8,1000.567067
1781138869.743717,0.001000422,127886,7,1022.656439
1781138869.744670,0.001013008,106166,7,838.421809
1781138869.745959,0.000994570,113406,7,912.201253
1781138869.746707,0.000997757,116566,11,934.624362
1781138869.747693,0.000993886,116368,8,936.670805
1781138869.748685,0.001007448,130914,9,1039.569288
1781138869.749662,0.001006056,91620,6,728.547914
1781138869.750692,0.000986617,24736,2,200.572259
1781138869.751808,0.001000225,0,0,0.000000
1781138869.752670,0.001003554,0,0,0.000000
1781138869.753803,0.001002803,0,0,0.000000
1781138869.754748,0.000993131,0,0,0.000000
1781138869.756361,0.001000253,0,0,0.000000
1781138869.759160,0.001007433,0,0,0.000000
1781138869.759197,0.000995462,0,0,0.000000
1781138869.759215,0.000999918,0,0,0.000000
1781138869.759718,0.000999503,0,0,0.000000
1781138869.760682,0.001001220,0,0,0.000000
1781138869.761659,0.001010722,0,0,0.000000
1781138869.762663,0.000985561,0,0,0.000000
1781138869.763674,0.001007496,0,0,0.000000
1781138869.764661,0.000992156,0,0,0.000000
1781138869.765701,0.001000543,0,0,0.000000
1781138869.766648,0.000999798,0,0,0.000000
1781138869.767682,0.000999669,0,0,0.000000
1781138869.768645,0.001000748,0,0,0.000000
1781138869.769646,0.001003117,0,0,0.000000
1781138869.770667,0.001010631,0,0,0.000000
1781138869.771662,0.000986314,0,0,0.000000
1781138869.772656,0.001011452,0,0,0.000000
1781138869.773667,0.000991278,0,0,0.000000
1781138869.774696,0.000996889,0,0,0.000000
1781138869.775688,0.001014129,0,0,0.000000
1781138869.776662,0.000985309,0,0,0.000000
1781138869.777642,0.000999991,0,0,0.000000
1781138869.778683,0.001003907,0,0,0.000000
1781138869.779691,0.001008858,0,0,0.000000
1781138869.780678,0.000993538,0,0,0.000000
1781138869.781658,0.001006255,0,0,0.000000
1781138869.782680,0.000989314,0,0,0.000000
1781138869.783667,0.001002315,0,0,0.000000
1781138869.784669,0.001001523,0,0,0.000000
1781138869.785643,0.000994460,0,0,0.000000
1781138869.786664,0.000999944,0,0,0.000000
1781138869.787671,0.001009362,0,0,0.000000
1781138869.788676,0.000998717,0,0,0.000000
1781138869.789644,0.000993646,0,0,0.000000
1781138869.790684,0.001003781,0,0,0.000000
1781138869.791672,0.000994716,0,0,0.000000
1781138869.792650,0.001003872,0,0,0.000000
1781138869.793658,0.001009975,0,0,0.000000
1781138869.794715,0.000990934,0,0,0.000000
1781138869.795722,0.001003445,0,0,0.000000
1781138869.796677,0.001000923,0,0,0.000000
1781138869.797649,0.000993296,0,0,0.000000
1781138869.798686,0.001003430,0,0,0.000000
1781138869.799685,0.001001075,0,0,0.000000
1781138869.800654,0.001001001,0,0,0.000000
1781138869.801653,0.001001106,0,0,0.000000
1781138869.802691,0.000998807,0,0,0.000000
1781138869.803913,0.000995956,0,0,0.000000
1781138869.804652,0.000998300,0,0,0.000000
1781138869.805718,0.001003274,0,0,0.000000
1781138869.806887,0.001004881,0,0,0.000000
1781138869.807681,0.000999927,0,0,0.000000
1781138869.808751,0.000994092,0,0,0.000000
1781138869.809714,0.001004894,0,0,0.000000
1781138869.810722,0.000991262,0,0,0.000000
1781138869.811693,0.001002386,0,0,0.000000
1781138869.812678,0.001012239,0,0,0.000000
1781138869.813656,0.000985594,0,0,0.000000
1781138869.814716,0.001014148,0,0,0.000000
1781138869.815677,0.000993734,0,0,0.000000
1781138869.816652,0.000993466,0,0,0.000000
1781138869.817665,0.000997706,0,0,0.000000
1781138869.818670,0.001000037,0,0,0.000000
1781138869.819727,0.001005946,0,0,0.000000
1781138869.820727,0.000994847,0,0,0.000000
1781138869.821685,0.001006237,0,0,0.000000
1781138869.822670,0.000993853,0,0,0.000000
1781138869.823676,0.001003298,0,0,0.000000
1781138869.824732,0.001001619,0,0,0.000000
1781138869.825690,0.000994412,0,0,0.000000
1781138869.826720,0.001001682,0,0,0.000000
1781138869.827756,0.001010198,0,0,0.000000
1781138869.828748,0.000990486,0,0,0.000000
1781138869.829691,0.001003130,0,0,0.000000
1781138869.830762,0.000997259,0,0,0.000000
1781138869.831698,0.001005820,0,0,0.000000
1781138869.832647,0.000991390,0,0,0.000000
1781138869.833655,0.001010574,0,0,0.000000
1781138869.834685,0.000989598,0,0,0.000000
1781138869.835680,0.000999773,0,0,0.000000
1781138869.836645,0.001000322,0,0,0.000000
1781138869.837649,0.001004587,0,0,0.000000
1781138869.838683,0.001001003,0,0,0.000000
1781138869.839680,0.000997567,0,0,0.000000
1781138869.840661,0.000996482,0,0,0.000000
1781138869.841649,0.001004960,0,0,0.000000
1781138869.842671,0.001004529,0,0,0.000000
1781138869.843672,0.000998134,0,0,0.000000
1781138869.844647,0.000992900,0,0,0.000000
1781138869.845650,0.001004474,0,0,0.000000
1781138869.846715,0.000995638,0,0,0.000000
1781138869.847729,0.001000618,0,0,0.000000
1781138869.848724,0.001010609,0,0,0.000000
1781138869.849770,0.000999131,0,0,0.000000
1781138869.850700,0.001001078,0,0,0.000000
1781138869.851732,0.000999681,0,0,0.000000
1781138869.852700,0.000988687,0,0,0.000000
1781138869.853658,0.001010105,0,0,0.000000
1781138869.854683,0.000994358,0,0,0.000000
1781138869.855683,0.001009526,0,0,0.000000
1781138869.856646,0.000986208,0,0,0.000000
1781138869.857664,0.000999577,0,0,0.000000
1781138869.858682,0.001000258,0,0,0.000000
1781138869.859716,0.001012368,0,0,0.000000
1781138869.860662,0.000993879,0,0,0.000000
1781138869.861654,0.000994074,0,0,0.000000
1781138869.862676,0.001000783,0,0,0.000000
1781138869.863696,0.001009435,0,0,0.000000
1781138869.864688,0.000990097,0,0,0.000000
1781138869.865751,0.001012801,0,0,0.000000
1781138869.866697,0.000986587,0,0,0.000000
1781138869.867662,0.001000525,0,0,0.000000
1781138869.868647,0.000999378,0,0,0.000000
1781138869.869661,0.001000989,0,0,0.000000
1781138869.870661,0.000999114,0,0,0.000000
1781138869.871674,0.001011070,0,0,0.000000
1781138869.872650,0.000993810,0,0,0.000000
1781138869.873667,0.000996450,0,0,0.000000
1781138869.874666,0.001003085,0,0,0.000000
1781138869.875674,0.001006217,0,0,0.000000
1781138869.876645,0.000988982,0,0,0.000000
1781138869.877678,0.001000204,0,0,0.000000
1781138869.878680,0.000999622,0,0,0.000000
1781138869.879668,0.001000348,0,0,0.000000
1781138869.880661,0.001000080,0,0,0.000000
1781138869.881709,0.001000814,0,0,0.000000
1781138869.882731,0.001001461,0,0,0.000000
1781138869.883880,0.001004111,0,0,0.000000
1781138869.884658,0.000993759,0,0,0.000000
1781138869.885643,0.000999656,0,0,0.000000
1781138869.886672,0.001004909,0,0,0.000000
1781138869.887644,0.000994785,0,0,0.000000
1781138869.888649,0.001005780,0,0,0.000000
1781138869.889644,0.000995100,0,0,0.000000
1781138869.890671,0.001008475,0,0,0.000000
1781138869.891661,0.000990834,0,0,0.000000
1781138869.892668,0.001000252,0,0,0.000000
1781138869.893649,0.001004054,0,0,0.000000
1781138869.894661,0.000995751,0,0,0.000000
1781138869.895700,0.001007495,0,0,0.000000
1781138869.896664,0.001006774,0,0,0.000000
1781138869.897660,0.000996448,0,0,0.000000
1781138869.898695,0.001004132,0,0,0.000000
1781138869.899662,0.000985340,0,0,0.000000
1781138869.900683,0.001000654,0,0,0.000000
1781138869.901643,0.000999363,0,0,0.000000
1781138869.902683,0.001003277,0,0,0.000000
1781138869.903678,0.000996705,0,0,0.000000
1781138869.904673,0.001011479,0,0,0.000000
1781138869.905740,0.000988372,0,0,0.000000
1781138869.906696,0.001000439,0,0,0.000000
1781138869.907690,0.001011586,0,0,0.000000
1781138869.908666,0.000992823,0,0,0.000000
1781138869.909669,0.001002297,0,0,0.000000
1781138869.910684,0.000999299,0,0,0.000000
1781138869.911682,0.000997128,0,0,0.000000
1781138869.912662,0.000996736,0,0,0.000000
1781138869.913645,0.000999597,0,0,0.000000
1781138869.914681,0.001000076,0,0,0.000000
1781138869.915669,0.001008394,0,0,0.000000
1781138869.916668,0.000998013,0,0,0.000000
1781138869.917694,0.000994151,0,0,0.000000
1781138869.918692,0.001006591,0,0,0.000000
1781138869.919662,0.000992842,0,0,0.000000
1781138869.920644,0.001000183,0,0,0.000000
1781138869.921665,0.001001002,0,0,0.000000
1781138869.922698,0.001001058,0,0,0.000000
1781138869.923725,0.001011853,0,0,0.000000
1781138869.924664,0.000991372,0,0,0.000000
1781138869.925648,0.000995246,0,0,0.000000
1781138869.926665,0.000999243,0,0,0.000000
1781138869.927678,0.001012075,0,0,0.000000
1781138869.928644,0.000988143,0,0,0.000000
1781138869.929650,0.001005616,0,0,0.000000
1781138869.930687,0.001001019,0,0,0.000000
1781138869.931672,0.001004317,0,0,0.000000
1781138869.932651,0.000993704,0,0,0.000000
1781138869.933643,0.000995079,0,0,0.000000
1781138869.934686,0.001010212,0,0,0.000000
1781138869.935693,0.000994297,0,0,0.000000
1781138869.936653,0.000995956,0,0,0.000000
1781138869.937653,0.001003610,0,0,0.000000
1781138869.938693,0.001003292,0,0,0.000000
1781138869.939700,0.000996976,0,0,0.000000
1781138869.940659,0.000996761,0,0,0.000000
1781138869.941705,0.000999796,0,0,0.000000
1781138869.942709,0.001010592,0,0,0.000000
1781138869.943687,0.000994125,0,0,0.000000
1781138869.944646,0.000994507,0,0,0.000000
1781138869.945662,0.001000136,0,0,0.000000
1781138869.946674,0.001013245,0,0,0.000000
1781138869.947664,0.000989761,0,0,0.000000
1781138869.948660,0.000996676,0,0,0.000000
1781138869.949652,0.001008340,0,0,0.000000
1781138869.950678,0.000991616,0,0,0.000000
1781138869.951678,0.001000576,0,0,0.000000
1781138869.952666,0.000999547,0,0,0.000000
1781138869.953698,0.001014943,0,0,0.000000
1781138869.954691,0.000997476,1514,1,12.142648
1781138869.955678,0.000990341,104850,9,846.980989
1781138869.956660,0.001008141,126702,11,1005.430788
1781138869.957766,0.000990285,119462,11,965.071671
1781138869.958796,0.000999849,119330,9,954.784172
1781138869.959844,0.001007930,110510,7,877.124403
1781138869.960680,0.000991733,91686,7,739.602292
1781138869.961929,0.001007484,109326,11,868.111057
1781138869.962705,0.001005002,125320,12,997.570154
1781138869.963666,0.000988085,129598,11,1049.286246
1781138869.964664,0.001013094,125188,10,988.559798
1781138869.965685,0.000998130,119264,8,955.899532
1781138869.966770,0.000988571,116632,12,943.843184
1781138869.967678,0.001006440,129664,12,1030.674457
1781138869.968676,0.000992978,123806,11,997.452109
1781138869.969652,0.001000044,113538,9,908.264036
1781138869.970731,0.001004234,119264,8,950.089322
1781138869.971743,0.001005908,120712,8,960.024177
1781138869.972687,0.000999147,126504,8,1012.896000
1781138869.973703,0.000991097,111958,7,903.709728
1781138869.974708,0.001010970,119330,9,944.281235
1781138869.975699,0.000992759,128084,10,1032.145768
1781138869.976693,0.001010463,116434,9,921.826925
1781138869.977662,0.000996253,132362,9,1062.878606
1781138869.978712,0.000989263,116368,8,941.048033
1781138869.979692,0.000999703,109260,10,874.339679
1781138869.980653,0.000999518,126636,10,1013.576544
1781138869.981652,0.001000644,129466,9,1035.061420
1781138869.982695,0.001011749,123740,10,978.424491
1781138869.983686,0.000993993,110510,7,889.422763
1781138869.984699,0.000999454,125056,8,1000.994543
1781138869.985670,0.000995222,113538,9,912.664712
1781138869.986701,0.001004589,126636,10,1008.460176
1781138869.987692,0.000995179,125188,10,1006.355641
1781138869.988700,0.001014099,128084,10,1010.426004
1781138869.989697,0.000986784,110576,8,896.455557
1781138869.990777,0.001010246,126504,8,1001.767886
1781138869.991690,0.000997973,125056,8,1002.480027
1781138869.992698,0.000994164,126504,8,1017.972890
1781138869.993734,0.000996253,106100,6,851.992416
1781138869.994778,0.001008136,124990,7,991.850306
1781138869.995849,0.000992492,113538,9,915.175135
1781138869.996759,0.001004635,128084,10,1019.944557
1781138869.997983,0.001007269,125188,10,994.276603
1781138869.999041,0.001001281,110510,7,882.948942
1781138869.999768,0.000987401,116434,9,943.357359
1781138870.000695,0.001009635,128282,13,1016.462385
1781138870.001693,0.000993500,116566,11,938.629089
1781138870.002693,0.000997365,125188,10,1004.149935
1781138870.003696,0.000998411,117816,8,944.028061
1781138870.004656,0.001003512,125056,8,996.946723
1781138870.005669,0.001009122,127952,8,1014.362981
1781138870.006709,0.000998875,107614,7,861.881617
1781138870.007666,0.000998893,127952,8,1024.750399
1781138870.008655,0.000990286,124924,6,1009.195323
1781138870.009671,0.000999189,107548,6,861.082338
1781138870.010964,0.001003834,122292,10,974.599386
1781138870.011705,0.000998468,129532,10,1037.845980
1781138870.012704,0.000998263,113472,8,909.355551
1781138870.013700,0.000999538,123608,8,989.321066
1781138870.014739,0.001000400,130848,8,1046.365454
1781138870.015723,0.000999367,107614,7,861.457302
1781138870.016724,0.001001213,124990,7,998.708567
1781138870.017701,0.001005167,119396,10,950.258017
1781138870.018797,0.000999119,125254,11,1002.915569
1781138870.019741,0.001007435,130980,10,1040.106806
1781138870.020736,0.000992566,117882,9,950.119186
1781138870.021743,0.000996395,123608,8,992.441753
1781138870.022757,0.001005298,110510,7,879.420828
1781138870.023731,0.000996211,125254,11,1005.843140
1781138870.024713,0.000996929,123740,10,992.969409
1781138870.025763,0.001003662,128084,10,1020.933342
1781138870.027029,0.001005086,110576,8,880.131650
1781138870.027770,0.000994177,125056,8,1006.307730
1781138870.028828,0.000997857,125056,8,1002.596564
1781138870.029720,0.000999065,119198,7,954.476435
1781138870.030874,0.001012291,107614,7,850.459008
1781138870.031687,0.000991190,123740,10,998.718712
1781138870.032722,0.001004722,125188,10,996.797124
1781138870.033742,0.001004114,126636,10,1008.937232
1781138870.034781,0.000998984,123608,8,989.869708
1781138870.035728,0.000988570,110576,8,894.835975
1781138870.036736,0.001008554,125056,8,991.962751
1781138870.037740,0.000994622,125188,10,1006.919212
1781138870.038724,0.001006651,112156,10,891.319832
1781138870.039797,0.000994972,85894,7,690.624460
1781138870.040709,0.000996573,106298,9,853.308288
1781138870.041762,0.001000205,110576,8,884.426693
1781138870.042762,0.000998660,110576,8,885.794965
1781138870.043737,0.001000094,125056,8,1000.353967
1781138870.044751,0.000999903,122226,9,977.902857
1781138870.045734,0.001012521,113670,11,898.114706
1781138870.046774,0.000996177,126702,11,1017.505925
1781138870.047767,0.000999654,126636,10,1013.438650
1781138870.048723,0.000997958,116434,9,933.377958
1781138870.049729,0.001005966,123608,8,982.999425
1781138870.050711,0.000987538,127952,8,1036.533278
1781138870.051703,0.001011360,125056,8,989.210568
1781138870.052659,0.000995799,109194,9,877.237274
1781138870.053764,0.000999770,126636,10,1013.321064
1781138870.054660,0.000994194,125188,10,1007.352690
1781138870.055686,0.001011328,113472,8,897.607898
1781138870.056710,0.000987764,129400,8,1048.023617
1781138870.057731,0.001013800,93068,6,734.409154
1781138870.058771,0.000986470,94846,11,769.174937
1781138870.059714,0.001010648,128084,10,1013.876246
1781138870.060766,0.001000310,123860,12,990.572922
1781138870.061743,0.000989281,126570,9,1023.531231
1781138870.062683,0.001011685,110576,8,874.390744
1781138870.064070,0.000987560,125110,9,1013.487788
1781138870.064854,0.001004765,120646,7,960.590785
1781138870.065815,0.000996127,116500,10,935.623670
1781138870.066725,0.001002037,125188,10,999.468084
1781138870.067876,0.000997509,126636,10,1015.617904
1781138870.068783,0.001011579,113538,9,897.907133
1781138870.069756,0.000992181,129400,8,1043.358016
1781138870.070823,0.000995525,122160,8,981.672987
1781138870.071738,0.001004243,109260,10,870.386948
1781138870.072736,0.000996649,126636,10,1016.494272
1781138870.073905,0.001004569,114986,9,915.704148
1781138870.074774,0.001001407,78522,5,627.293398
1781138870.075697,0.000993554,130914,9,1054.106772
1781138870.076884,0.001001061,106166,7,848.427818
1781138870.077861,0.001010549,126504,8,1001.467519
1781138870.079546,0.000993536,114854,7,924.809972
1781138870.079735,0.001002092,112156,10,895.374876
1781138870.080691,0.001002381,126636,10,1010.681567
1781138870.081658,0.000997081,129532,10,1039.289687
1781138870.082731,0.000993988,107614,7,866.119108
1781138870.083691,0.001008232,119264,8,946.321878
1781138870.084724,0.000996974,247216,8,1983.730769
1781138870.085680,0.000999782,130848,8,1047.012249
1781138870.086778,0.001009295,111892,6,886.892336
1781138870.087771,0.000996987,115052,10,923.197594
1781138870.088789,0.001002207,126636,10,1010.857039
1781138870.089746,0.000987527,114986,9,931.506683
1781138870.090805,0.001007101,126570,9,1005.420509
1781138870.091743,0.000992098,116368,8,938.358912
1781138870.092715,0.001004580,125056,8,995.886838
1781138870.093710,0.001001374,122160,8,975.939060
1781138870.094714,0.001005908,116500,10,926.526084
1781138870.095746,0.000987198,125254,11,1015.026368
1781138870.096762,0.001006424,123674,9,983.076715
1781138870.097705,0.000993358,112024,8,902.184308
1781138870.098720,0.001000460,126504,8,1011.566679
1781138870.099685,0.001007793,129400,8,1027.195069
1781138870.100682,0.000998802,71282,5,570.939986
1781138870.101685,0.001002894,100440,8,801.201323
1781138870.103751,0.002003021,202328,16,808.091378
1781138870.104666,0.000987060,129532,10,1049.840942
1781138870.105710,0.001001656,126504,8,1010.358846
1781138870.106698,0.001000911,113406,7,906.422249
1781138870.107693,0.001002925,150002,13,1196.516190
1781138870.108670,0.000997131,116434,9,934.152082
1781138870.109678,0.001001419,110576,8,883.354520
1781138870.110707,0.001002678,135390,11,1080.227152
1781138870.111678,0.000998534,119264,8,955.512782
1781138870.112676,0.001004079,111958,7,892.025428
1781138870.113647,0.000991175,144144,12,1163.419174
1781138870.114722,0.001011205,126702,11,1002.384284
1781138870.115669,0.000988449,112090,9,907.199056
1781138870.116690,0.001012995,123608,8,976.178560
1781138870.117662,0.000993098,128018,9,1031.261769
1781138870.118687,0.001000947,118080,12,943.746272
1781138870.119679,0.001000580,129664,12,1036.710708
1781138870.120791,0.000995499,113538,9,912.410761
1781138870.121796,0.000997929,114920,8,921.267946
1781138870.122709,0.000999311,126504,8,1012.729771
1781138870.123672,0.000999961,125056,8,1000.487019
1781138870.124778,0.001000344,127952,8,1023.263997
1781138870.125983,0.001002384,104718,7,835.751568
1781138870.126687,0.000997226,124990,7,1002.701494
1781138870.127798,0.001000206,112090,9,896.535314
1781138870.128718,0.000999467,125254,11,1002.566368
1781138870.129763,0.001002833,130980,10,1044.879855
1781138870.130705,0.001011184,111958,7,885.757686
1781138870.131779,0.000990626,122160,8,986.527711
1781138870.132701,0.001003835,126504,8,1008.165685
1781138870.133694,0.000991515,126504,8,1020.692577
1781138870.134683,0.001001239,104718,7,836.707320
1781138870.135661,0.000998844,128084,10,1025.857892
1781138870.136670,0.001002898,125188,10,998.610028
1781138870.137656,0.001004475,116434,9,927.322233
1781138870.138708,0.000996314,114854,7,922.231345
1781138870.139657,0.001001375,120712,8,964.369991
1781138870.140656,0.000998143,126504,8,1013.914840
1781138870.141757,0.000996518,126438,7,1015.038364
1781138870.142706,0.001006936,104784,8,832.497795
1781138870.143806,0.000994435,112090,9,901.738173
1781138870.144894,0.001011001,85894,7,679.674896
1781138870.145734,0.001001168,116500,10,930.912694
1781138870.146736,0.000991641,100374,7,809.760790
1781138870.147662,0.000995125,125056,8,1005.349077
1781138870.148656,0.000999857,126504,8,1012.176741
1781138870.149668,0.001009685,110642,9,876.645687
1781138870.150684,0.000996947,120844,10,969.712532
1781138870.151754,0.000994574,119330,9,959.848136
1781138870.152729,0.000999786,126636,10,1013.304847
1781138870.153735,0.001004381,129466,9,1031.210268
1781138870.154781,0.000995107,110510,7,888.427074
1781138870.157115,0.001000467,101756,6,813.668017
1781138870.157265,0.000999998,90436,10,723.489447
1781138870.157772,0.001001130,125254,11,1000.900982
1781138870.158677,0.000997975,125254,11,1004.065232
1781138870.159678,0.001005166,125188,10,996.356821
1781138870.160655,0.000995282,125056,8,1005.190489
1781138870.161657,0.001007302,117750,7,935.171379
1781138870.162688,0.000992286,122160,8,984.877344
1781138870.163688,0.000999900,112156,10,897.337734
1781138870.164733,0.001003301,123806,11,987.189288
1781138870.165737,0.001002457,125122,9,998.522630
1781138870.166757,0.001007380,128018,9,1016.641188
1781138870.167736,0.000987478,130848,8,1060.058047
1781138870.168719,0.001008986,120976,12,959.188730
1781138870.169782,0.001001445,116500,10,930.655203
1781138870.171078,0.000990354,129598,11,1046.882226
1781138870.171873,0.001009487,74112,4,587.324057
1781138870.172671,0.000989237,116368,8,941.072766
1781138870.173690,0.001010589,129400,8,1024.353125
1781138870.174763,0.000989844,110510,7,893.150840
1781138870.175962,0.000999879,103270,7,826.259977
1781138870.176785,0.001006765,126666,9,1006.518900
1781138870.177968,0.000999671,124924,6,999.720908
1781138870.178766,0.000996218,107548,6,863.650326
1781138870.179775,0.001008632,118014,11,936.032170
1781138870.180696,0.000989023,119396,10,965.769249
1781138870.181701,0.001011975,127952,8,1011.503249
1781138870.182709,0.000995514,109128,8,876.958034
1781138870.183696,0.000998132,118014,11,945.878902
1781138870.184676,0.000997866,123806,11,992.566136
1781138870.185648,0.000995693,122292,10,982.567920
1781138870.186729,0.001015052,127952,8,1008.437006
1781138870.187727,0.000999976,110510,7,884.101218
1781138870.189134,0.000999295,127952,8,1024.338158
1781138870.189739,0.000989764,113670,11,918.764473
1781138870.191561,0.000996640,125308,12,1005.843635
1781138870.191796,0.001003139,125188,10,998.370116
1781138870.192687,0.001000567,107614,7,860.424140
1781138870.193727,0.001002921,131124,10,1045.936819
1781138870.194692,0.000992603,123608,8,996.233137
1781138870.195710,0.001012658,109326,11,863.675594
1781138870.196663,0.000989617,126768,12,1024.784336
1781138870.197696,0.001003314,113604,10,905.830079
1781138870.198718,0.001003639,125122,9,997.346656
1781138870.199682,0.000991056,113406,7,915.435657
1781138870.200670,0.001013427,131046,11,1034.478063
1781138870.201655,0.000989737,113670,11,918.789537
1781138870.202692,0.000999151,134008,12,1072.974956
1781138870.203664,0.001003743,123674,9,985.702515
1781138870.204650,0.000993417,112090,9,902.662225
1781138870.205665,0.001014864,125056,8,985.795141
1781138870.206698,0.000988941,127952,8,1035.062759
1781138870.208238,0.000997562,106166,7,851.403722
1781138870.208660,0.001008802,126570,9,1003.725211
1781138870.209673,0.001003412,114986,9,916.760015
1781138870.210732,0.000988909,123740,10,1001.022339
1781138870.211710,0.001006475,128084,10,1018.079932
1781138870.212687,0.000995838,112024,8,899.937540
1781138870.213655,0.000996630,125254,11,1005.420266
1781138870.214725,0.001008796,126702,11,1004.777973
1781138870.215725,0.000992061,120844,10,974.488464
1781138870.217194,0.001003381,112024,8,893.172185
1781138870.217710,0.000994757,114986,9,924.736393
1781138870.218740,0.001011039,81418,5,644.232319
1781138870.219762,0.000994159,129400,8,1041.282129
1781138870.220711,0.001008980,82998,7,658.074491
1781138870.221764,0.000986741,119462,11,968.537843
1781138870.222766,0.000999770,120910,11,967.502526
1781138870.223764,0.001000433,116434,9,931.068847
1781138870.224734,0.000999710,128018,9,1024.441088
1781138870.225700,0.000999105,125056,8,1001.344203
1781138870.226969,0.001003296,126504,8,1008.707301
1781138870.227736,0.000996773,111958,7,898.563665
1781138870.228717,0.001005063,126504,8,1006.933894
1781138870.229711,0.001005040,119330,9,949.852742
1781138870.231222,0.001000376,84446,7,675.314082
1781138870.231680,0.000989814,46534,3,376.102985
1781138870.232673,0.001008514,104718,7,830.671661
1781138870.233654,0.000995853,116434,9,935.350900
1781138870.234709,0.000995868,123608,8,992.966939
1781138870.235703,0.001009726,130848,8,1036.701046
1781138870.236661,0.000997100,107614,7,863.415906
1781138870.237650,0.000993548,123542,7,994.754154
1781138870.238693,0.001000202,104652,6,837.046917
1781138870.239690,0.000998598,107746,9,863.178176
1781138870.240651,0.001000860,125188,10,1000.643447
1781138870.241809,0.001002314,126636,10,1010.749127
1781138870.242716,0.001007468,109062,7,866.028499
1781138870.243680,0.000996133,109128,8,876.413089
1781138870.244758,0.001004320,112354,13,894.965748
1781138870.245742,0.000989986,113538,9,917.491763
1781138870.246822,0.001001150,122292,10,977.212206
1781138870.247737,0.000998002,112024,8,897.986176
1781138870.248852,0.001003279,132362,9,1055.435228
1781138870.249879,0.000997569,109062,7,874.622207
1781138870.250721,0.001012667,113406,7,895.899639
1781138870.251669,0.000987486,97544,8,790.241077
1781138870.252667,0.000999326,116500,10,932.628592
1781138870.253780,0.001015689,125188,10,986.034111
1781138870.254712,0.000993434,114974,9,925.871271
1781138870.255681,0.000991953,126504,8,1020.241886
1781138870.256681,0.001007950,115052,10,913.156407
1781138870.257656,0.000990634,241820,12,1952.850397
1781138870.258822,0.001009444,128216,12,1016.131653
1781138870.259703,0.000998424,114986,9,921.340032
1781138870.260714,0.000994063,129532,10,1042.444996
1781138870.261711,0.001003429,116368,8,927.762702
1781138870.262685,0.001004707,125056,8,995.760953
1781138870.263694,0.001001343,127952,8,1022.243127
1781138870.265169,0.000989933,104718,7,846.263333
1781138870.265705,0.001014864,125188,10,986.835675
1781138870.267246,0.000989582,116434,9,941.278237
1781138870.267793,0.000996053,107680,8,864.853577
1781138870.268782,0.001011466,129466,9,1023.986965
1781138870.269907,0.000989371,130848,8,1058.029799
1781138870.270728,0.001002224,106166,7,847.443286
1781138870.271714,0.001006492,127886,7,1016.488954
1781138870.273537,0.000998428,127886,7,1024.698827
1781138870.274032,0.001005041,103138,5,820.965513
1781138870.276772,0.000997573,114920,8,921.596715
1781138870.277213,0.000988899,120712,8,976.536532
1781138870.277322,0.001000203,133942,11,1071.318522
1781138870.278091,0.001007373,119264,8,947.128819
1781138870.280256,0.000991404,111958,7,903.429883
1781138870.280378,0.001000436,125320,12,1002.123074
1781138870.282844,0.000999178,113604,10,909.579674
1781138870.283374,0.001008336,138286,11,1097.142222
1781138870.283605,0.000992354,93134,7,750.812714
1781138870.283893,0.001000145,136640,8,1092.961521
1781138870.284687,0.001009782,107614,7,852.572139
1781138870.285674,0.000993318,125056,8,1007.177963
1781138870.286705,0.001010853,126504,8,1001.166342
1781138870.287697,0.000989003,109194,9,883.265268
1781138870.289201,0.000996792,122226,9,980.954903
1781138870.290082,0.001003581,128216,12,1022.067975
1781138870.294594,0.000996406,113472,8,911.050315
1781138870.294647,0.001009438,127952,8,1014.045439
1781138870.294667,0.000992031,126504,8,1020.161668
1781138870.294691,0.001007975,125056,8,992.532553
1781138870.294763,0.001004384,109062,7,868.687673
1781138870.295823,0.000988093,109128,8,883.544363
1781138870.296771,0.001011450,117882,9,932.380246
1781138870.297770,0.000997283,117882,9,945.625264
1781138870.298781,0.000997555,91620,6,734.756480
1781138870.299807,0.001000000,91554,5,732.432000
1781138870.300766,0.000994023,132296,8,1064.731903
1781138870.301825,0.001001181,114920,8,918.275517
1781138870.302830,0.000996705,132626,13,1064.515579
1781138870.303693,0.001000038,112222,11,897.741886
1781138870.304666,0.001000263,113538,9,908.065179
1781138870.305674,0.000999789,130848,8,1047.004918
1781138870.306690,0.000999920,111958,7,895.735659
1781138870.307673,0.000999990,126504,8,1012.042120
1781138870.309853,0.001000308,87276,6,697.993018
1781138870.310040,0.001005118,78390,3,623.926743
1781138870.310801,0.001004912,0,0,0.000000
1781138870.311744,0.001000554,0,0,0.000000
1781138870.312716,0.000994725,0,0,0.000000
1781138870.313700,0.001007086,0,0,0.000000
1781138870.314682,0.000996001,0,0,0.000000
1781138870.315678,0.000991078,0,0,0.000000
1781138870.316696,0.001013304,0,0,0.000000
1781138870.317693,0.000995276,0,0,0.000000
1781138870.318699,0.000991527,0,0,0.000000
1781138870.319777,0.001011485,0,0,0.000000
1781138870.320738,0.000997309,0,0,0.000000
1781138870.321666,0.001002678,0,0,0.000000
1781138870.322690,0.000999634,0,0,0.000000
1781138870.323660,0.000988994,0,0,0.000000
1781138870.324662,0.000999191,0,0,0.000000
1781138870.325650,0.001004755,0,0,0.000000
1781138870.326679,0.000995544,0,0,0.000000
1781138870.327662,0.000999722,0,0,0.000000
1781138870.328651,0.001006013,0,0,0.000000
1781138870.329658,0.001006393,0,0,0.000000
1781138870.330700,0.000998464,0,0,0.000000
1781138870.331696,0.000989031,146,1,1.180954
1781138870.332664,0.001000673,0,0,0.000000
1781138870.333660,0.001012653,0,0,0.000000
1781138870.334681,0.000986904,0,0,0.000000
1781138870.335667,0.001012843,0,0,0.000000
1781138870.336650,0.000987954,0,0,0.000000
1781138870.337669,0.001001843,0,0,0.000000
1781138870.338672,0.001000658,0,0,0.000000
1781138870.339666,0.000998685,0,0,0.000000
1781138870.340664,0.001006846,0,0,0.000000
1781138870.341697,0.000992389,0,0,0.000000
1781138870.342700,0.001012318,0,0,0.000000
1781138870.343660,0.000993136,0,0,0.000000
1781138870.344650,0.000998813,0,0,0.000000
1781138870.345646,0.000995644,0,0,0.000000
1781138870.346668,0.000999648,0,0,0.000000
1781138870.347698,0.001009225,0,0,0.000000
1781138870.348685,0.000991359,0,0,0.000000
1781138870.349655,0.001004404,0,0,0.000000
1781138870.350695,0.001007778,0,0,0.000000
1781138870.351708,0.000991228,0,0,0.000000
1781138870.352645,0.000995314,0,0,0.000000
1781138870.353656,0.001011280,0,0,0.000000
1781138870.354663,0.000988779,0,0,0.000000
1781138870.355664,0.001001569,0,0,0.000000
1781138870.356646,0.000999951,0,0,0.000000
1781138870.357657,0.001010493,0,0,0.000000
1781138870.358693,0.001002148,0,0,0.000000
1781138870.359652,0.000986032,0,0,0.000000
1781138870.360649,0.001002144,0,0,0.000000
1781138870.361661,0.000997604,0,0,0.000000
1781138870.362681,0.001007844,0,0,0.000000
1781138870.363676,0.000993058,0,0,0.000000
1781138870.364664,0.000999262,0,0,0.000000
1781138870.365651,0.001004437,0,0,0.000000
1781138870.366671,0.000995308,0,0,0.000000
1781138870.367715,0.001004701,0,0,0.000000
1781138870.368698,0.000996024,0,0,0.000000
1781138870.369709,0.001010261,0,0,0.000000
1781138870.370728,0.000990354,0,0,0.000000
1781138870.371665,0.000998500,0,0,0.000000
1781138870.372658,0.001012647,0,0,0.000000
1781138870.373648,0.000990848,0,0,0.000000
1781138870.374725,0.001005212,0,0,0.000000
1781138870.375676,0.001003621,0,0,0.000000
1781138870.376682,0.000995334,0,0,0.000000
1781138870.377673,0.000994060,0,0,0.000000
1781138870.378692,0.001003342,0,0,0.000000
1781138870.379699,0.001006443,0,0,0.000000
1781138870.380685,0.000992923,0,0,0.000000
1781138870.381649,0.000998696,0,0,0.000000
1781138870.382688,0.001003184,0,0,0.000000
1781138870.383699,0.001009021,0,0,0.000000
1781138870.384657,0.000989680,0,0,0.000000
1781138870.385686,0.001003712,0,0,0.000000
1781138870.386690,0.000997187,0,0,0.000000
1781138870.387738,0.001002773,0,0,0.000000
1781138870.388665,0.000994619,0,0,0.000000
1781138870.389669,0.001009020,0,0,0.000000
1781138870.390731,0.000988436,0,0,0.000000
1781138870.391723,0.000999464,0,0,0.000000
1781138870.392659,0.001002719,0,0,0.000000
1781138870.393661,0.000997732,0,0,0.000000
1781138870.394998,0.001007439,0,0,0.000000
1781138870.395651,0.000992469,0,0,0.000000
1781138870.396650,0.000999579,0,0,0.000000
1781138870.397696,0.001000401,0,0,0.000000
1781138870.398690,0.001000092,0,0,0.000000
1781138870.399649,0.001000696,0,0,0.000000
1781138870.400652,0.001004207,0,0,0.000000
1781138870.401660,0.000997141,0,0,0.000000
1781138870.402796,0.001000982,0,0,0.000000
1781138870.403725,0.000996864,0,0,0.000000
1781138870.404748,0.001002876,0,0,0.000000
1781138870.405750,0.001006587,0,0,0.000000
1781138870.406728,0.000995561,0,0,0.000000
1781138870.407687,0.000995230,0,0,0.000000
1781138870.408653,0.000999363,0,0,0.000000
1781138870.409693,0.001009082,0,0,0.000000
1781138870.410686,0.000991512,0,0,0.000000
1781138870.411674,0.001011273,0,0,0.000000
1781138870.412659,0.000989890,0,0,0.000000
1781138870.413702,0.000997920,0,0,0.000000
1781138870.414684,0.001001302,0,0,0.000000
1781138870.415672,0.001006193,0,0,0.000000
1781138870.416666,0.001001822,0,0,0.000000
1781138870.417684,0.001005524,0,0,0.000000
1781138870.418699,0.000985326,0,0,0.000000
1781138870.419678,0.001004480,0,0,0.000000
1781138870.420647,0.000995534,0,0,0.000000
1781138870.421645,0.001000468,0,0,0.000000
1781138870.422689,0.001010726,0,0,0.000000
1781138870.423690,0.000994966,0,0,0.000000
1781138870.424654,0.001002049,0,0,0.000000
1781138870.425663,0.000992687,0,0,0.000000
1781138870.426673,0.001008077,0,0,0.000000
1781138870.427688,0.000999461,0,0,0.000000
1781138870.428660,0.000993789,0,0,0.000000
1781138870.429703,0.001011067,0,0,0.000000
1781138870.430704,0.000987697,0,0,0.000000
1781138870.431664,0.001009404,0,0,0.000000
1781138870.432650,0.000991488,0,0,0.000000
1781138870.433643,0.001000003,0,0,0.000000
1781138870.434703,0.000999433,0,0,0.000000
1781138870.435670,0.000998597,0,0,0.000000
1781138870.436658,0.001005973,0,0,0.000000
1781138870.437667,0.001007769,0,0,0.000000
1781138870.438677,0.000986967,0,0,0.000000
1781138870.439682,0.001000813,0,0,0.000000
1781138870.440654,0.000999792,0,0,0.000000
1781138870.441654,0.001007286,0,0,0.000000
1781138870.442688,0.000994641,0,0,0.000000
1781138870.443686,0.001004591,0,0,0.000000
1781138870.444667,0.001003977,0,0,0.000000
1781138870.445669,0.000993163,0,0,0.000000
1781138870.446677,0.000995311,0,0,0.000000
1781138870.447685,0.001006087,0,0,0.000000
1781138870.448662,0.000993741,0,0,0.000000
1781138870.449665,0.001000755,0,0,0.000000
1781138870.450701,0.001000055,0,0,0.000000
1781138870.451695,0.001000901,0,0,0.000000
1781138870.452672,0.000999573,0,0,0.000000
1781138870.453666,0.000999554,0,0,0.000000
1781138870.454668,0.001007973,0,0,0.000000
1781138870.455744,0.000991802,0,0,0.000000
1781138870.456728,0.001008432,0,0,0.000000
1781138870.457762,0.000992393,0,0,0.000000
1781138870.458785,0.001010259,0,0,0.000000
1781138870.459706,0.000988376,0,0,0.000000
1781138870.460707,0.001004701,0,0,0.000000
1781138870.461874,0.001006300,0,0,0.000000
1781138870.462676,0.001001224,0,0,0.000000
1781138870.463767,0.000988388,0,0,0.000000
1781138870.464734,0.001012189,0,0,0.000000
1781138870.465665,0.000987501,0,0,0.000000
1781138870.466758,0.001005511,0,0,0.000000
1781138870.467721,0.000996957,0,0,0.000000
1781138870.468706,0.001002783,0,0,0.000000
1781138870.469737,0.001002259,0,0,0.000000
1781138870.470665,0.000992274,0,0,0.000000
1781138870.471739,0.001000733,0,0,0.000000
1781138870.472678,0.001004551,0,0,0.000000
1781138870.473662,0.000995968,0,0,0.000000
1781138870.474674,0.001008000,0,0,0.000000
1781138870.475725,0.000994836,0,0,0.000000
1781138870.476734,0.001005894,0,0,0.000000
1781138870.477667,0.000991938,0,0,0.000000
1781138870.478689,0.001005084,0,0,0.000000
1781138870.479668,0.000997675,0,0,0.000000
1781138870.480667,0.000996597,0,0,0.000000
1781138870.481652,0.001001071,0,0,0.000000
1781138870.482674,0.001006562,0,0,0.000000
1781138870.483724,0.001004633,0,0,0.000000
1781138870.484660,0.000987225,0,0,0.000000
1781138870.485679,0.001009898,0,0,0.000000
1781138870.486753,0.000989976,0,0,0.000000
1781138870.487742,0.000999876,0,0,0.000000
1781138870.488725,0.000999287,0,0,0.000000
1781138870.489654,0.001010353,0,0,0.000000
1781138870.490694,0.001003195,0,0,0.000000
1781138870.491682,0.000991362,0,0,0.000000
1781138870.492655,0.001003483,0,0,0.000000
1781138870.493653,0.001000689,0,0,0.000000
1781138870.494693,0.001003418,0,0,0.000000
1781138870.495667,0.000994246,0,0,0.000000
1781138870.496675,0.001008095,0,0,0.000000
1781138870.497663,0.000998592,0,0,0.000000
1781138870.498695,0.001000847,0,0,0.000000
1781138870.499678,0.000995744,0,0,0.000000
1781138870.500669,0.000998586,0,0,0.000000
1781138870.501646,0.000991369,0,0,0.000000
1781138870.502684,0.001000306,0,0,0.000000
1781138870.503675,0.001010362,0,0,0.000000
1781138870.504728,0.000992235,0,0,0.000000
1781138870.505648,0.000997011,0,0,0.000000
1781138870.506701,0.001000354,0,0,0.000000
1781138870.507714,0.001001148,0,0,0.000000
1781138870.508712,0.001007748,0,0,0.000000
1781138870.509701,0.000991885,0,0,0.000000
1781138870.510678,0.001015387,0,0,0.000000
1781138870.511674,0.000998629,0,0,0.000000
1781138870.512666,0.000992756,0,0,0.000000
1781138870.513680,0.000993863,0,0,0.000000
1781138870.514682,0.001008139,1514,1,12.014216
1781138870.515699,0.000994014,100440,8,808.358836
1781138870.516674,0.001000041,112156,10,897.211214
1781138870.517675,0.000998046,125254,11,1003.993804
1781138870.518712,0.000999019,123608,8,989.835028
1781138870.519753,0.001003063,117816,8,939.649853
1781138870.520723,0.000999490,127952,8,1024.138311
1781138870.521720,0.000997120,122160,8,980.102696
1781138870.522881,0.001008822,111958,7,887.831550
1781138870.523750,0.000996660,126438,7,1014.893745
1781138870.524693,0.001008910,127820,6,1013.529453
1781138870.525736,0.000992217,103402,9,833.704724
1781138870.526721,0.001006949,122160,8,970.535747
1781138870.527699,0.000997176,128084,10,1027.573869
1781138870.528668,0.000989218,125056,8,1011.352402
1781138870.529670,0.000999748,113406,7,907.476684
1781138870.530725,0.001000375,109062,7,872.168937
1781138870.531695,0.001000774,130848,8,1045.974416
1781138870.532687,0.001004298,119264,8,950.028776
1781138870.533689,0.001007240,126636,10,1005.805965
1781138870.534701,0.000989038,112090,9,906.658794
1781138870.535671,0.001001004,125122,9,999.972028
1781138870.536768,0.001003314,125056,8,997.143467
1781138870.537686,0.000998666,114854,7,920.059359
1781138870.538674,0.001002068,126504,8,1009.943437
1781138870.539690,0.000993694,87342,7,703.170191
1781138870.540682,0.001011050,101888,8,806.195539
1781138870.541671,0.000989528,88790,7,717.837191
1781138870.542795,0.001006330,101888,8,809.976847
1781138870.543864,0.000992884,125056,8,1007.618211
1781138870.544849,0.001013096,95964,6,757.788008
1781138870.545929,0.000997980,109392,12,876.907353
1781138870.547009,0.000990172,98992,8,799.796399
1781138870.547772,0.001002120,97412,6,777.647388
1781138870.548891,0.000999634,110510,7,884.403692
1781138870.549752,0.000998404,104718,7,839.083177
1781138870.551044,0.000999455,117882,9,943.570246
1781138870.552157,0.001007627,82998,7,658.958126
1781138870.552677,0.000993618,72796,6,586.108545
1781138870.553729,0.001002329,0,0,0.000000
1781138870.554736,0.001001992,0,0,0.000000
1781138870.555705,0.000998305,0,0,0.000000
1781138870.556684,0.000995190,0,0,0.000000
1781138870.557714,0.001001512,0,0,0.000000
1781138870.558716,0.001010301,31988,2,253.294810
1781138870.559686,0.000988617,114920,8,929.945570
1781138870.560684,0.001001604,111958,7,894.229656
1781138870.561693,0.001000785,101822,7,813.937059
1781138870.562966,0.000998121,87210,5,698.993409
1781138870.563721,0.001002675,0,0,0.000000
1781138870.564718,0.001001623,0,0,0.000000
1781138870.566113,0.001003929,0,0,0.000000
1781138870.566718,0.001000567,0,0,0.000000
1781138870.567846,0.000992068,0,0,0.000000
1781138870.568675,0.000998897,0,0,0.000000
1781138870.569692,0.001000778,0,0,0.000000
1781138870.570747,0.001004465,0,0,0.000000
1781138870.571716,0.000994747,0,0,0.000000
1781138870.572711,0.001002097,0,0,0.000000
1781138870.573692,0.000997323,0,0,0.000000
1781138870.574680,0.001012214,0,0,0.000000
1781138870.575661,0.000987467,0,0,0.000000
1781138870.577309,0.001001738,0,0,0.000000
1781138870.577665,0.001001770,0,0,0.000000
1781138870.578671,0.000996520,0,0,0.000000
1781138870.579666,0.001010447,0,0,0.000000
1781138870.580649,0.000990885,0,0,0.000000
1781138870.581656,0.001011322,0,0,0.000000
1781138870.582671,0.000988268,0,0,0.000000
1781138870.583660,0.001011509,0,0,0.000000
1781138870.584677,0.000995920,0,0,0.000000
1781138870.585672,0.000996428,0,0,0.000000
1781138870.586719,0.000997633,0,0,0.000000
1781138870.587674,0.001006243,0,0,0.000000
1781138870.588647,0.000991322,0,0,0.000000
1781138870.589674,0.001002276,0,0,0.000000
1781138870.590664,0.000998094,0,0,0.000000
1781138870.591653,0.000999666,0,0,0.000000
1781138870.592660,0.001000480,0,0,0.000000
1781138870.593788,0.000999858,0,0,0.000000
1781138870.594678,0.000999704,0,0,0.000000
1781138870.595671,0.001001046,0,0,0.000000
1781138870.597567,0.001006133,0,0,0.000000
1781138870.598033,0.000993719,0,0,0.000000
1781138870.598814,0.001010405,0,0,0.000000
1781138870.599763,0.000990756,0,0,0.000000
1781138870.609652,0.000999969,0,0,0.000000
1781138870.609692,0.000999315,0,0,0.000000
1781138870.609709,0.001004504,0,0,0.000000
1781138870.609724,0.000995249,0,0,0.000000
1781138870.609737,0.001013196,0,0,0.000000
1781138870.609751,0.000994561,0,0,0.000000
1781138870.609767,0.000995412,0,0,0.000000
1781138870.609784,0.000997251,0,0,0.000000
1781138870.609798,0.001010720,0,0,0.000000
1781138870.610098,0.000988437,0,0,0.000000
1781138870.611999,0.001010907,0,0,0.000000
1781138870.612269,0.000989902,0,0,0.000000
1781138870.612715,0.000999767,0,0,0.000000
1781138870.613746,0.001010204,0,0,0.000000
1781138870.614678,0.000991808,0,0,0.000000
1781138870.615688,0.000999602,0,0,0.000000
1781138870.616693,0.001009531,0,0,0.000000
1781138870.617703,0.000993614,0,0,0.000000
1781138870.618690,0.000994762,0,0,0.000000
1781138870.619683,0.001000427,0,0,0.000000
1781138870.620682,0.001007898,0,0,0.000000
1781138870.621692,0.001002994,0,0,0.000000
1781138870.622773,0.000994248,0,0,0.000000
1781138870.623677,0.000998603,0,0,0.000000
1781138870.624698,0.001003202,0,0,0.000000
1781138870.625745,0.000992539,0,0,0.000000
1781138870.626769,0.001000447,0,0,0.000000
1781138870.627824,0.001013254,0,0,0.000000
1781138870.628941,0.000993371,0,0,0.000000
1781138870.629682,0.000997800,0,0,0.000000
1781138870.630689,0.000994364,0,0,0.000000
1781138870.631692,0.001001065,0,0,0.000000
1781138870.632694,0.001011297,0,0,0.000000
1781138870.633690,0.001000013,0,0,0.000000
1781138870.634689,0.000988450,0,0,0.000000
1781138870.635675,0.001001557,0,0,0.000000
1781138870.636774,0.001006388,0,0,0.000000
1781138870.637672,0.000998563,0,0,0.000000
1781138870.638757,0.000994656,0,0,0.000000
1781138870.639780,0.001003531,0,0,0.000000
1781138870.640680,0.000998744,0,0,0.000000
1781138870.641800,0.000996957,0,0,0.000000
1781138870.642824,0.000999145,0,0,0.000000
1781138870.643675,0.001000388,0,0,0.000000
1781138870.644698,0.001014000,0,0,0.000000
1781138870.645708,0.000995627,0,0,0.000000
1781138870.646696,0.000992623,0,0,0.000000
1781138870.647708,0.001001484,0,0,0.000000
1781138870.648685,0.001004618,0,0,0.000000
1781138870.649680,0.001004143,0,0,0.000000
1781138870.650676,0.000987253,0,0,0.000000
1781138870.651674,0.001000125,0,0,0.000000
1781138870.652690,0.001012127,0,0,0.000000
1781138870.653692,0.000987325,0,0,0.000000
1781138870.654684,0.001001047,0,0,0.000000
1781138870.655717,0.001005892,0,0,0.000000
1781138870.656696,0.001006997,0,0,0.000000
1781138870.657683,0.000994538,0,0,0.000000
1781138870.658677,0.000992066,0,0,0.000000
1781138870.659683,0.001000119,0,0,0.000000
1781138870.660685,0.001005778,0,0,0.000000
1781138870.662421,0.001007815,0,0,0.000000
1781138870.663401,0.000993353,0,0,0.000000
1781138870.663740,0.001000122,0,0,0.000000
1781138870.665343,0.000993914,0,0,0.000000
1781138870.665714,0.000999501,0,0,0.000000
1781138870.666674,0.000999281,0,0,0.000000
1781138870.667688,0.001012027,0,0,0.000000
1781138870.668695,0.000989500,0,0,0.000000
1781138870.670461,0.001001194,0,0,0.000000
1781138870.670795,0.001006325,0,0,0.000000
1781138870.671690,0.000990875,0,0,0.000000
1781138870.672682,0.001000641,0,0,0.000000
1781138870.673670,0.001003211,0,0,0.000000
1781138870.674708,0.001009572,0,0,0.000000
1781138870.676207,0.000994250,0,0,0.000000
1781138870.676686,0.001002234,162,1,1.293111
1781138870.677689,0.000990370,0,0,0.000000
1781138870.678706,0.000999929,0,0,0.000000
1781138870.679682,0.001005260,0,0,0.000000
1781138870.680683,0.000998364,0,0,0.000000
1781138870.681660,0.000999956,0,0,0.000000
1781138870.683241,0.000995691,0,0,0.000000
1781138870.683717,0.001007472,0,0,0.000000
1781138870.685094,0.001002930,0,0,0.000000
1781138870.685760,0.000994642,0,0,0.000000
1781138870.686860,0.000996460,0,0,0.000000
1781138870.687695,0.000999411,0,0,0.000000
1781138870.688707,0.001002128,0,0,0.000000
1781138870.689831,0.000998373,0,0,0.000000
1781138870.691288,0.001010875,0,0,0.000000
1781138870.691839,0.000989140,0,0,0.000000
1781138870.693017,0.000999535,0,0,0.000000
1781138870.693663,0.001000586,0,0,0.000000
1781138870.694736,0.000999557,0,0,0.000000
1781138870.695836,0.001000035,0,0,0.000000
1781138870.696680,0.001007964,0,0,0.000000
1781138870.697705,0.001007340,0,0,0.000000
1781138870.698686,0.000990981,0,0,0.000000
1781138870.699816,0.000992762,0,0,0.000000
1781138870.700685,0.001001972,54,1,0.431150
1781138870.701736,0.001007215,0,0,0.000000
1781138870.702705,0.000997900,0,0,0.000000
1781138870.703686,0.000993767,0,0,0.000000
1781138870.704678,0.001000198,0,0,0.000000
1781138870.705686,0.000999114,0,0,0.000000
1781138870.706664,0.001007495,0,0,0.000000
1781138870.707663,0.000999792,0,0,0.000000
1781138870.709007,0.000996354,0,0,0.000000
1781138870.710495,0.001002963,210,1,1.675037
1781138870.710684,0.000998083,0,0,0.000000
1781138870.711670,0.000998168,0,0,0.000000
1781138870.712671,0.001002381,0,0,0.000000
1781138870.713717,0.001009265,0,0,0.000000
1781138870.714709,0.000997688,0,0,0.000000
1781138870.715659,0.000988809,0,0,0.000000
1781138870.717369,0.001006354,0,0,0.000000
1781138870.717665,0.000994020,0,0,0.000000
1781138870.718689,0.001013658,0,0,0.000000
1781138870.719822,0.000995066,0,0,0.000000
1781138870.720679,0.000992910,0,0,0.000000
1781138870.721959,0.001002472,0,0,0.000000
1781138870.723196,0.000995369,0,0,0.000000
1781138870.723677,0.001000328,0,0,0.000000
1781138870.724935,0.001009398,0,0,0.000000
1781138870.725698,0.001005075,0,0,0.000000
1781138870.726696,0.000991056,0,0,0.000000
1781138870.727708,0.001001179,0,0,0.000000
1781138870.728864,0.000996973,0,0,0.000000
1781138870.730526,0.000997588,0,0,0.000000
1781138870.732041,0.000999950,0,0,0.000000
1781138870.732113,0.000998914,0,0,0.000000
1781138870.732692,0.001007904,0,0,0.000000
1781138870.733720,0.000996446,0,0,0.000000
1781138870.735192,0.001005970,0,0,0.000000
1781138870.735724,0.000998565,0,0,0.000000
1781138870.736754,0.000992290,0,0,0.000000
1781138870.742200,0.001006035,0,0,0.000000
1781138870.742321,0.000992726,0,0,0.000000
1781138870.742401,0.000999181,0,0,0.000000
1781138870.742486,0.001004112,0,0,0.000000
1781138870.742540,0.000998551,0,0,0.000000
1781138870.742696,0.000997456,0,0,0.000000
1781138870.743722,0.001013249,0,0,0.000000
1781138870.744665,0.000990329,0,0,0.000000
1781138870.745663,0.000995784,0,0,0.000000
1781138870.747069,0.001001553,0,0,0.000000
1781138870.748756,0.000999058,0,0,0.000000
1781138870.748831,0.001005704,0,0,0.000000
1781138870.751886,0.001005954,0,0,0.000000
1781138870.751994,0.001001223,0,0,0.000000
1781138870.752048,0.000986693,0,0,0.000000
1781138870.753397,0.001000166,0,0,0.000000
1781138870.754123,0.001000421,0,0,0.000000
1781138870.754997,0.001006286,0,0,0.000000
1781138870.755831,0.001003343,0,0,0.000000
1781138870.761396,0.000993469,0,0,0.000000
1781138870.761481,0.001007458,0,0,0.000000
1781138870.761532,0.000991764,0,0,0.000000
1781138870.761582,0.001001301,0,0,0.000000
1781138870.761642,0.001003381,0,0,0.000000
1781138870.761775,0.000999970,0,0,0.000000
1781138870.764673,0.000994508,0,0,0.000000
1781138870.764745,0.000999307,0,0,0.000000
1781138870.765857,0.001004972,0,0,0.000000
1781138870.765917,0.001009178,0,0,0.000000
1781138870.767268,0.000985503,54,1,0.438355
1781138870.770158,0.001005256,0,0,0.000000
1781138870.770195,0.001009806,0,0,0.000000
1781138870.770213,0.000999439,0,0,0.000000
1781138870.770849,0.000987042,0,0,0.000000
1781138870.771822,0.000999777,0,0,0.000000
1781138870.772835,0.001001256,0,0,0.000000
1781138870.773734,0.000999975,0,0,0.000000
1781138870.774667,0.000996245,1514,1,12.157652
1781138870.775725,0.000999677,93266,9,746.369077
1781138870.776675,0.001003848,75758,7,603.740805
1781138870.777673,0.001002849,161652,7,1289.542095
1781138870.778698,0.000996493,87276,6,700.665233
1781138870.779704,0.001005173,71216,4,566.795964
1781138870.780674,0.000992282,88724,6,715.312784
1781138870.781691,0.001003897,85696,4,682.906713
1781138870.782736,0.000996788,65490,5,525.608254
1781138870.784039,0.001000672,78654,7,628.809440
1781138870.784706,0.000999406,69900,6,559.532362
1781138870.785737,0.001006273,78588,6,624.784725
1781138870.786730,0.001000019,81484,6,651.859615
1781138870.787673,0.000992757,78522,5,632.759074
1781138870.788689,0.000999416,62528,4,500.516302
1781138870.789655,0.001006759,68386,5,543.415058
1781138870.790680,0.001003604,70032,8,558.244088
1781138870.791684,0.000997285,75758,7,607.713943
1781138870.792671,0.000995275,74310,7,597.302253
1781138870.793660,0.001005694,65490,5,520.953690
1781138870.794691,0.000992079,87276,6,703.782662
1781138870.795702,0.001013231,88724,6,700.523375
1781138870.796720,0.000987214,84314,5,683.248009
1781138870.797663,0.001008123,63910,3,507.160337
1781138870.798666,0.000991563,0,0,0.000000
1781138870.799661,0.001002002,0,0,0.000000
1781138870.800686,0.001012160,0,0,0.000000
1781138870.801680,0.000985933,0,0,0.000000
1781138870.802672,0.000999589,0,0,0.000000
1781138870.803668,0.000999876,0,0,0.000000
1781138870.804646,0.001001202,0,0,0.000000
1781138870.805655,0.001009488,0,0,0.000000
1781138870.806680,0.000989879,0,0,0.000000
1781138870.807666,0.001001823,0,0,0.000000
1781138870.808664,0.001000926,0,0,0.000000
1781138870.809695,0.001002428,0,0,0.000000
1781138870.810690,0.001006010,0,0,0.000000
1781138870.811664,0.000991471,0,0,0.000000
1781138870.812655,0.001006553,0,0,0.000000
1781138870.813655,0.001000660,0,0,0.000000
1781138870.814687,0.000992892,0,0,0.000000
1781138870.815693,0.000996859,0,0,0.000000
1781138870.816664,0.000999905,0,0,0.000000
1781138870.817648,0.001000306,0,0,0.000000
1781138870.818674,0.001008752,0,0,0.000000
1781138870.819670,0.000993739,0,0,0.000000
1781138870.821700,0.000997633,0,0,0.000000
1781138870.821746,0.001005210,0,0,0.000000
1781138870.822703,0.000999770,0,0,0.000000
1781138870.823710,0.000994093,0,0,0.000000
1781138870.824665,0.001009941,0,0,0.000000
1781138870.825716,0.000995898,0,0,0.000000
1781138870.826705,0.000994662,0,0,0.000000
1781138870.827708,0.000999974,0,0,0.000000
1781138870.828665,0.001002740,0,0,0.000000
1781138870.829743,0.000997284,0,0,0.000000
1781138870.830765,0.001003698,0,0,0.000000
1781138870.831679,0.001006791,0,0,0.000000
1781138870.832670,0.000996203,0,0,0.000000
1781138870.833687,0.001001019,0,0,0.000000
1781138870.834682,0.000992502,0,0,0.000000
1781138870.835679,0.001012285,0,0,0.000000
1781138870.836717,0.001001287,0,0,0.000000
1781138870.837688,0.000987136,0,0,0.000000
1781138870.838739,0.000999853,0,0,0.000000
1781138870.839702,0.001010511,0,0,0.000000
1781138870.840744,0.000990728,0,0,0.000000
1781138870.841775,0.000998002,0,0,0.000000
1781138870.842734,0.000999412,0,0,0.000000
1781138870.843723,0.001002272,0,0,0.000000
1781138870.844698,0.001007157,0,0,0.000000
1781138870.845656,0.000999656,0,0,0.000000
1781138870.846811,0.001000249,0,0,0.000000
1781138870.847751,0.000991711,0,0,0.000000
1781138870.848691,0.001012050,0,0,0.000000
1781138870.849655,0.000992809,0,0,0.000000
1781138870.850673,0.000994198,0,0,0.000000
1781138870.851674,0.001007660,0,0,0.000000
1781138870.852651,0.000998044,0,0,0.000000
1781138870.853666,0.000995227,0,0,0.000000
1781138870.854694,0.000999673,0,0,0.000000
1781138870.855667,0.001010908,0,0,0.000000
1781138870.856652,0.000995070,0,0,0.000000
1781138870.857650,0.000998948,0,0,0.000000
1781138870.858678,0.000994467,0,0,0.000000
1781138870.859672,0.000999995,0,0,0.000000
1781138870.860667,0.001004611,0,0,0.000000
1781138870.861740,0.000998178,0,0,0.000000
1781138870.862762,0.001003894,0,0,0.000000
1781138870.863734,0.000997768,0,0,0.000000
1781138870.864726,0.001000629,0,0,0.000000
1781138870.865702,0.000994885,0,0,0.000000
1781138870.866684,0.001000510,0,0,0.000000
1781138870.867687,0.001003745,0,0,0.000000
1781138870.868761,0.000997072,0,0,0.000000
1781138870.869697,0.001009376,0,0,0.000000
1781138870.870819,0.000994839,0,0,0.000000
1781138870.871709,0.000996229,0,0,0.000000
1781138870.872808,0.001001005,0,0,0.000000
1781138870.873793,0.001012857,0,0,0.000000
1781138870.874715,0.000998971,0,0,0.000000
1781138870.875683,0.001001664,0,0,0.000000
1781138870.876655,0.000984838,0,0,0.000000
1781138870.877711,0.001002806,0,0,0.000000
1781138870.878695,0.001001822,0,0,0.000000
1781138870.879695,0.000995161,0,0,0.000000
1781138870.880689,0.001012895,0,0,0.000000
1781138870.881677,0.000986902,0,0,0.000000
1781138870.882675,0.000999891,0,0,0.000000
1781138870.883684,0.001013592,0,0,0.000000
1781138870.884665,0.000986664,0,0,0.000000
1781138870.885672,0.001000407,0,0,0.000000
1781138870.886696,0.001000022,0,0,0.000000
1781138870.887677,0.000999505,0,0,0.000000
1781138870.888670,0.001007809,0,0,0.000000
1781138870.889670,0.000999864,0,0,0.000000
1781138870.890752,0.000995379,0,0,0.000000
1781138870.891693,0.000999008,0,0,0.000000
1781138870.892676,0.001004500,0,0,0.000000
1781138870.893676,0.000999069,0,0,0.000000
1781138870.894700,0.001002308,0,0,0.000000
1781138870.895686,0.001002518,0,0,0.000000
1781138870.896685,0.000993597,0,0,0.000000
1781138870.897672,0.001005444,0,0,0.000000
1781138870.898668,0.000993161,0,0,0.000000
1781138870.899668,0.000997608,0,0,0.000000
1781138870.900665,0.001002169,0,0,0.000000
1781138870.901708,0.001006775,0,0,0.000000
1781138870.902688,0.000990707,0,0,0.000000
1781138870.903671,0.001008032,0,0,0.000000
1781138870.904671,0.001000953,0,0,0.000000
1781138870.905656,0.000990730,0,0,0.000000
1781138870.906648,0.001000081,0,0,0.000000
1781138870.907672,0.001004509,0,0,0.000000
1781138870.908659,0.000998214,0,0,0.000000
1781138870.909675,0.001000515,0,0,0.000000
1781138870.910695,0.000999915,0,0,0.000000
1781138870.911692,0.000999162,0,0,0.000000
1781138870.912666,0.001000207,0,0,0.000000
1781138870.913658,0.000997914,0,0,0.000000
1781138870.914695,0.001011976,0,0,0.000000
1781138870.915676,0.000996690,0,0,0.000000
1781138870.916665,0.000993154,0,0,0.000000
1781138870.917701,0.001008310,0,0,0.000000
1781138870.918777,0.001001337,0,0,0.000000
1781138870.919754,0.000989584,0,0,0.000000
1781138870.920676,0.001001579,0,0,0.000000
1781138870.921664,0.001005852,0,0,0.000000
1781138870.922651,0.000991350,0,0,0.000000
1781138870.923703,0.001010932,0,0,0.000000
1781138870.924700,0.000998194,0,0,0.000000
1781138870.925714,0.001000424,0,0,0.000000
1781138870.926714,0.001003028,0,0,0.000000
1781138870.927675,0.000990323,0,0,0.000000
1781138870.928744,0.001004139,0,0,0.000000
1781138870.929683,0.000993249,0,0,0.000000
1781138870.930717,0.001006593,0,0,0.000000
1781138870.931668,0.001004365,0,0,0.000000
1781138870.932751,0.000996870,0,0,0.000000
1781138870.933745,0.000992619,0,0,0.000000
1781138870.934681,0.001007339,0,0,0.000000
1781138870.935756,0.000998821,0,0,0.000000
1781138870.936727,0.000993800,0,0,0.000000
1781138870.937701,0.000999386,0,0,0.000000
1781138870.938771,0.001003091,0,0,0.000000
1781138870.940315,0.001006884,0,0,0.000000
1781138870.940729,0.000990337,138,1,1.114772
1781138870.941664,0.001012286,0,0,0.000000
1781138870.942756,0.000990474,0,0,0.000000
1781138870.943697,0.001004055,0,0,0.000000
1781138870.944680,0.001005358,0,0,0.000000
1781138870.945643,0.000986597,0,0,0.000000
1781138870.946684,0.001005852,0,0,0.000000
1781138870.947682,0.000996167,0,0,0.000000
1781138870.948726,0.000998944,0,0,0.000000
1781138870.949701,0.000999372,0,0,0.000000
1781138870.950731,0.001012352,0,0,0.000000
1781138870.951709,0.000988676,0,0,0.000000
1781138870.952734,0.000998813,0,0,0.000000
1781138870.953729,0.001001334,0,0,0.000000
1781138870.954718,0.000999445,0,0,0.000000
1781138870.955761,0.001002192,0,0,0.000000
1781138870.956712,0.000998386,0,0,0.000000
1781138870.957687,0.000998614,0,0,0.000000
1781138870.958731,0.001008627,0,0,0.000000
1781138870.959873,0.000997483,0,0,0.000000
1781138870.960733,0.001007727,0,0,0.000000
1781138870.961696,0.000987637,0,0,0.000000
1781138870.962685,0.001002326,0,0,0.000000
1781138870.963663,0.000996074,0,0,0.000000
1781138870.964664,0.001001785,0,0,0.000000
1781138870.965715,0.001003209,0,0,0.000000
1781138870.966725,0.001001615,0,0,0.000000
1781138870.967707,0.000996333,0,0,0.000000
1781138870.968725,0.001003036,0,0,0.000000
1781138870.969752,0.001003398,0,0,0.000000
1781138870.970762,0.000998256,0,0,0.000000
1781138870.971730,0.001005247,0,0,0.000000
1781138870.972665,0.000987275,0,0,0.000000
1781138870.973732,0.001001622,0,0,0.000000
1781138870.974729,0.000999797,0,0,0.000000
1781138870.975716,0.000999584,0,0,0.000000
1781138870.976722,0.001012360,0,0,0.000000
1781138870.977660,0.000993077,0,0,0.000000
1781138870.978666,0.000997335,0,0,0.000000
1781138870.979671,0.001007025,0,0,0.000000
1781138870.980655,0.000999516,0,0,0.000000
1781138870.981643,0.000991089,0,0,0.000000
1781138870.982694,0.001010617,0,0,0.000000
1781138870.983693,0.001000827,0,0,0.000000
1781138870.984662,0.000989125,0,0,0.000000
1781138870.985681,0.000998351,0,0,0.000000
1781138870.986671,0.001006486,0,0,0.000000
1781138870.987677,0.001008017,0,0,0.000000
1781138870.988653,0.000985399,0,0,0.000000
1781138870.989682,0.000999943,0,0,0.000000
1781138870.990681,0.001000034,0,0,0.000000
1781138870.991661,0.001003468,0,0,0.000000
1781138870.992684,0.001005379,0,0,0.000000
1781138870.993657,0.000999483,0,0,0.000000
1781138870.994742,0.000998326,0,0,0.000000
1781138870.995732,0.001003931,0,0,0.000000
1781138870.996717,0.001001981,0,0,0.000000
1781138870.997740,0.000987883,0,0,0.000000
1781138870.998771,0.001007352,0,0,0.000000
1781138870.999684,0.001005536,0,0,0.000000
1781138871.000661,0.000992005,0,0,0.000000
1781138871.001691,0.001004645,0,0,0.000000
1781138871.002681,0.000989687,1514,1,12.238213
1781138871.003677,0.001010336,81616,8,646.248377
1781138871.004658,0.000989867,53906,5,435.662569
1781138871.005672,0.001000377,88790,7,710.052310
1781138871.006728,0.001014088,61146,5,482.372338
1781138871.007675,0.000985391,69834,5,566.954640
1781138871.008673,0.001002124,101756,6,812.322627
1781138871.009674,0.001003939,94516,6,753.161298
1781138871.010697,0.000994354,72664,4,584.612723
1781138871.011670,0.001004903,69702,3,554.895348
1781138871.012656,0.001006595,0,0,0.000000
1781138871.013642,0.000988267,0,0,0.000000
1781138871.014682,0.001002621,0,0,0.000000
1781138871.015682,0.000997256,0,0,0.000000
1781138871.016664,0.001000637,0,0,0.000000
1781138871.017652,0.001001547,0,0,0.000000
1781138871.018670,0.000998290,0,0,0.000000
1781138871.019679,0.000999538,0,0,0.000000
1781138871.020685,0.001013541,0,0,0.000000
1781138871.021759,0.000986896,0,0,0.000000
1781138871.022694,0.001001135,0,0,0.000000
1781138871.023685,0.001000789,0,0,0.000000
1781138871.024646,0.000997563,0,0,0.000000
1781138871.025659,0.001014029,0,0,0.000000
1781138871.026726,0.000989654,0,0,0.000000
1781138871.027735,0.001007115,0,0,0.000000
1781138871.028649,0.000989944,0,0,0.000000
1781138871.029683,0.000999454,0,0,0.000000
1781138871.030692,0.001013501,0,0,0.000000
1781138871.031677,0.001001118,0,0,0.000000
1781138871.032671,0.000991118,0,0,0.000000
1781138871.033650,0.001001177,0,0,0.000000
1781138871.034692,0.001006715,0,0,0.000000
1781138871.035702,0.000991267,0,0,0.000000
1781138871.036676,0.001008446,0,0,0.000000
1781138871.037645,0.000987345,0,0,0.000000
1781138871.038662,0.000999728,0,0,0.000000
1781138871.039736,0.001010976,0,0,0.000000
1781138871.040666,0.000989134,0,0,0.000000
1781138871.041751,0.001005284,0,0,0.000000
1781138871.042753,0.000994629,0,0,0.000000
1781138871.043665,0.000999761,0,0,0.000000
1781138871.044645,0.001000358,0,0,0.000000
1781138871.045644,0.001001402,0,0,0.000000
1781138871.046688,0.001009818,0,0,0.000000
1781138871.047675,0.000995404,0,0,0.000000
1781138871.048716,0.000997454,0,0,0.000000
1781138871.049718,0.001008179,0,0,0.000000
1781138871.050735,0.000987131,0,0,0.000000
1781138871.051693,0.001011273,0,0,0.000000
1781138871.052654,0.000998066,0,0,0.000000
1781138871.053655,0.001000420,0,0,0.000000
1781138871.054684,0.000997926,0,0,0.000000
1781138871.055671,0.001003135,0,0,0.000000
1781138871.056664,0.000991450,0,0,0.000000
1781138871.057695,0.001002131,0,0,0.000000
1781138871.058703,0.001008611,0,0,0.000000
1781138871.059669,0.000993501,0,0,0.000000
1781138871.060720,0.001004047,0,0,0.000000
1781138871.061673,0.001003784,0,0,0.000000
1781138871.062669,0.000985662,0,0,0.000000
1781138871.063663,0.001002146,0,0,0.000000
1781138871.064666,0.001000028,0,0,0.000000
1781138871.065883,0.001005688,0,0,0.000000
1781138871.066715,0.001003985,0,0,0.000000
1781138871.067719,0.000996638,0,0,0.000000
1781138871.068698,0.000992655,0,0,0.000000
1781138871.069733,0.001004069,0,0,0.000000
1781138871.070766,0.001000657,0,0,0.000000
1781138871.071746,0.001005540,0,0,0.000000
1781138871.072684,0.000995614,0,0,0.000000
1781138871.073681,0.001000558,0,0,0.000000
1781138871.074685,0.001000017,0,0,0.000000
1781138871.075662,0.000992201,0,0,0.000000
1781138871.076652,0.001006450,0,0,0.000000
1781138871.077655,0.001003108,0,0,0.000000
1781138871.078693,0.001003566,0,0,0.000000
1781138871.079670,0.001000764,0,0,0.000000
1781138871.080648,0.000986801,0,0,0.000000
1781138871.081644,0.000999927,0,0,0.000000
1781138871.082688,0.001006594,0,0,0.000000
1781138871.083700,0.000993358,0,0,0.000000
1781138871.084687,0.001013639,0,0,0.000000
1781138871.085667,0.000987140,0,0,0.000000
1781138871.086661,0.000999517,0,0,0.000000
1781138871.087648,0.001002083,0,0,0.000000
1781138871.088670,0.001002838,0,0,0.000000
1781138871.089659,0.000994316,0,0,0.000000
1781138871.090672,0.001011384,0,0,0.000000
1781138871.091666,0.000993816,0,0,0.000000
1781138871.092662,0.000994845,0,0,0.000000
1781138871.093658,0.001013450,0,0,0.000000
1781138871.094678,0.000986830,0,0,0.000000
1781138871.095663,0.001001390,0,0,0.000000
1781138871.096653,0.001004802,0,0,0.000000
1781138871.097665,0.001001904,0,0,0.000000
1781138871.098664,0.001003114,0,0,0.000000
1781138871.099675,0.000996337,0,0,0.000000
1781138871.100667,0.000993616,0,0,0.000000
1781138871.101705,0.001002989,0,0,0.000000
1781138871.102690,0.000995672,0,0,0.000000
1781138871.103799,0.001006038,0,0,0.000000
1781138871.104656,0.000995962,0,0,0.000000
1781138871.105646,0.000998115,0,0,0.000000
1781138871.106663,0.001000282,0,0,0.000000
1781138871.107679,0.000999603,0,0,0.000000
1781138871.108673,0.001010785,0,0,0.000000
1781138871.109646,0.000991174,0,0,0.000000
1781138871.110678,0.000998298,0,0,0.000000
1781138871.111662,0.000999619,0,0,0.000000
1781138871.112662,0.001000102,0,0,0.000000
1781138871.113701,0.001000288,0,0,0.000000
1781138871.114743,0.000999500,0,0,0.000000
1781138871.115728,0.001000325,0,0,0.000000
1781138871.116672,0.001006449,0,0,0.000000
1781138871.117723,0.000995647,0,0,0.000000
1781138871.118689,0.000997746,0,0,0.000000
1781138871.119672,0.001002315,0,0,0.000000
1781138871.120712,0.001009588,0,0,0.000000
1781138871.121721,0.000989294,0,0,0.000000
1781138871.122766,0.001000468,0,0,0.000000
1781138871.123694,0.001002251,0,0,0.000000
1781138871.124665,0.000996236,0,0,0.000000
1781138871.125655,0.001014386,0,0,0.000000
1781138871.126688,0.000992893,0,0,0.000000
1781138871.127661,0.000992650,0,0,0.000000
1781138871.128728,0.001002839,0,0,0.000000
1781138871.129745,0.000998639,0,0,0.000000
1781138871.130728,0.001001903,0,0,0.000000
1781138871.131706,0.000996750,0,0,0.000000
1781138871.132716,0.001012831,0,0,0.000000
1781138871.133706,0.000991001,0,0,0.000000
1781138871.134799,0.001005424,0,0,0.000000
1781138871.135797,0.001004666,0,0,0.000000
1781138871.136692,0.000999535,0,0,0.000000
1781138871.137650,0.000986134,0,0,0.000000
1781138871.138759,0.001012374,0,0,0.000000
1781138871.139728,0.000988962,0,0,0.000000
1781138871.140708,0.001004540,0,0,0.000000
1781138871.141698,0.000997093,0,0,0.000000
1781138871.142686,0.000997174,0,0,0.000000
1781138871.143689,0.001005595,0,0,0.000000
1781138871.144758,0.000995206,0,0,0.000000
1781138871.145746,0.001000656,0,0,0.000000
1781138871.146722,0.001010126,0,0,0.000000
1781138871.147688,0.000989323,0,0,0.000000
1781138871.148705,0.001001299,0,0,0.000000
1781138871.149848,0.000998274,0,0,0.000000
1781138871.150776,0.001000249,0,0,0.000000
1781138871.151668,0.001000103,0,0,0.000000
1781138871.152709,0.000999830,0,0,0.000000
1781138871.153698,0.001004532,0,0,0.000000
1781138871.154711,0.000995570,0,0,0.000000
1781138871.155691,0.001002771,0,0,0.000000
1781138871.156732,0.001007504,0,0,0.000000
1781138871.157676,0.000990857,0,0,0.000000
1781138871.158690,0.001008235,0,0,0.000000
1781138871.159678,0.000990945,0,0,0.000000
1781138871.160669,0.001009904,0,0,0.000000
1781138871.161683,0.000990258,0,0,0.000000
1781138871.162673,0.001000827,0,0,0.000000
1781138871.163673,0.001006958,0,0,0.000000
1781138871.164654,0.000998995,0,0,0.000000
1781138871.165661,0.000994839,0,0,0.000000
1781138871.166661,0.000997163,0,0,0.000000
1781138871.167664,0.001001965,0,0,0.000000
1781138871.168751,0.001000406,0,0,0.000000
1781138871.169740,0.001010603,0,0,0.000000
1781138871.170721,0.001000450,0,0,0.000000
1781138871.171703,0.000989237,0,0,0.000000
1781138871.172655,0.001001467,0,0,0.000000
1781138871.173677,0.001008031,0,0,0.000000
1781138871.174703,0.000988146,0,0,0.000000
1781138871.175711,0.001000673,0,0,0.000000
1781138871.176670,0.001004133,170,1,1.354402
1781138871.177662,0.001009258,0,0,0.000000
1781138871.178682,0.000987013,0,0,0.000000
1781138871.179675,0.001010422,0,0,0.000000
1781138871.180649,0.000988858,0,0,0.000000
1781138871.181653,0.001001345,0,0,0.000000
1781138871.182680,0.000997676,0,0,0.000000
1781138871.183749,0.001000604,0,0,0.000000
1781138871.184674,0.001010700,0,0,0.000000
1781138871.185688,0.000999237,0,0,0.000000
1781138871.186697,0.000998016,0,0,0.000000
1781138871.187671,0.001004629,0,0,0.000000
1781138871.188715,0.000991778,0,0,0.000000
1781138871.189696,0.001007359,0,0,0.000000
1781138871.190704,0.000989757,0,0,0.000000
1781138871.191982,0.001005124,54,1,0.429798
1781138871.192719,0.001002400,0,0,0.000000
1781138871.193712,0.000994152,218,1,1.754259
1781138871.194681,0.000997340,0,0,0.000000
1781138871.195668,0.001000601,0,0,0.000000
1781138871.196690,0.001000232,0,0,0.000000
1781138871.197670,0.000999695,0,0,0.000000
1781138871.198689,0.000999253,0,0,0.000000
1781138871.199751,0.001004018,0,0,0.000000
1781138871.200718,0.000995971,0,0,0.000000
1781138871.201693,0.000999723,0,0,0.000000
1781138871.202721,0.001001682,0,0,0.000000
1781138871.203689,0.001008088,0,0,0.000000
1781138871.204699,0.000989769,0,0,0.000000
1781138871.205663,0.001008233,0,0,0.000000
1781138871.206736,0.000993333,0,0,0.000000
1781138871.207696,0.001000447,0,0,0.000000
1781138871.208729,0.001002957,0,0,0.000000
1781138871.209688,0.000999501,0,0,0.000000
1781138871.210702,0.000996686,0,0,0.000000
1781138871.211689,0.001012795,0,0,0.000000
1781138871.212654,0.000992897,0,0,0.000000
1781138871.213660,0.001007649,0,0,0.000000
1781138871.214681,0.000988634,0,0,0.000000
1781138871.215661,0.000997157,0,0,0.000000
1781138871.216681,0.001011227,0,0,0.000000
1781138871.217654,0.000997724,0,0,0.000000
1781138871.218679,0.000991394,0,0,0.000000
1781138871.219665,0.001000738,0,0,0.000000
1781138871.220678,0.001006562,0,0,0.000000
1781138871.221664,0.000995560,0,0,0.000000
1781138871.222703,0.001007774,1514,1,12.018568
1781138871.223655,0.000988941,71414,7,577.700793
1781138871.224661,0.001003949,66938,5,533.397613
1781138871.225689,0.001001064,61146,5,488.648078
1781138871.226674,0.000999411,101822,7,815.056068
1781138871.227658,0.000996438,65424,4,525.262987
1781138871.228652,0.001001914,80036,6,639.064830
1781138871.229655,0.000997051,74112,4,594.649622
1781138871.230700,0.001001137,78588,6,627.989975
1781138871.231669,0.001004724,80168,8,638.328536
1781138871.232697,0.001006659,81550,7,648.084406
1781138871.233691,0.000989487,55288,4,447.003346
1781138871.234708,0.000999686,81484,6,652.076752
1781138871.235681,0.001002759,81418,5,649.551886
1781138871.236674,0.000995797,82866,5,665.726047
1781138871.237686,0.001000370,85762,5,685.842238
1781138871.238705,0.001005198,46468,2,369.821667
1781138871.239664,0.000996198,0,0,0.000000
1781138871.240650,0.001003849,0,0,0.000000
1781138871.241649,0.001000217,0,0,0.000000
1781138871.242669,0.000998610,0,0,0.000000
1781138871.243660,0.000995344,0,0,0.000000
1781138871.244660,0.001000151,0,0,0.000000
1781138871.245653,0.001009419,0,0,0.000000
1781138871.246682,0.000990693,0,0,0.000000
1781138871.247648,0.000999874,0,0,0.000000
1781138871.248650,0.001001455,0,0,0.000000
1781138871.249651,0.001004456,0,0,0.000000
1781138871.250675,0.001007588,54,1,0.428747
1781138871.251671,0.000991024,0,0,0.000000
1781138871.252653,0.001003946,0,0,0.000000
1781138871.253652,0.000993607,0,0,0.000000
1781138871.254719,0.001007260,0,0,0.000000
1781138871.255650,0.000993182,0,0,0.000000
1781138871.256647,0.000997726,0,0,0.000000
1781138871.257656,0.001007965,0,0,0.000000
1781138871.258695,0.000994788,0,0,0.000000
1781138871.259673,0.001007737,0,0,0.000000
1781138871.260670,0.000999114,0,0,0.000000
1781138871.261655,0.000997403,0,0,0.000000
1781138871.262693,0.001006397,0,0,0.000000
1781138871.263695,0.000998063,0,0,0.000000
1781138871.264667,0.000995596,0,0,0.000000
1781138871.265674,0.001005690,0,0,0.000000
1781138871.266665,0.000991307,0,0,0.000000
1781138871.267684,0.001002428,0,0,0.000000
1781138871.268672,0.001001721,0,0,0.000000
1781138871.269672,0.000999928,0,0,0.000000
1781138871.270690,0.001004401,0,0,0.000000
1781138871.271662,0.000987283,0,0,0.000000
1781138871.272698,0.001007402,0,0,0.000000
1781138871.273699,0.001008552,0,0,0.000000
1781138871.274702,0.000984810,0,0,0.000000
1781138871.275693,0.001002609,0,0,0.000000
1781138871.276671,0.001002796,0,0,0.000000
1781138871.277845,0.001004821,0,0,0.000000
1781138871.278744,0.001003340,0,0,0.000000
1781138871.279684,0.000993819,0,0,0.000000
1781138871.280663,0.001006228,0,0,0.000000
1781138871.281647,0.000987157,0,0,0.000000
1781138871.282698,0.001007256,0,0,0.000000
1781138871.283669,0.000995020,0,0,0.000000
1781138871.284648,0.001001732,0,0,0.000000
1781138871.285764,0.001006729,0,0,0.000000
1781138871.286715,0.000988754,0,0,0.000000
1781138871.287709,0.001010385,0,0,0.000000
1781138871.288711,0.001000951,0,0,0.000000
1781138871.289661,0.000988428,0,0,0.000000
1781138871.290688,0.001009650,0,0,0.000000
1781138871.291707,0.001005386,0,0,0.000000
1781138871.292671,0.000991311,0,0,0.000000
1781138871.293664,0.000993482,0,0,0.000000
1781138871.294739,0.001011427,0,0,0.000000
1781138871.295736,0.000988488,0,0,0.000000
1781138871.296756,0.001003815,0,0,0.000000
1781138871.297739,0.000995824,0,0,0.000000
1781138871.298695,0.001002768,0,0,0.000000
1781138871.299663,0.000996843,0,0,0.000000
1781138871.300647,0.001003896,0,0,0.000000
1781138871.301666,0.001001709,0,0,0.000000
1781138871.302690,0.000995937,0,0,0.000000
1781138871.303664,0.000999230,0,0,0.000000
1781138871.304647,0.001000303,0,0,0.000000
1781138871.305660,0.000999570,0,0,0.000000
1781138871.306675,0.001006974,0,0,0.000000
1781138871.307711,0.000998063,0,0,0.000000
1781138871.308664,0.001003408,0,0,0.000000
1781138871.309648,0.000991603,0,0,0.000000
1781138871.310764,0.001001164,0,0,0.000000
1781138871.311667,0.000999147,0,0,0.000000
1781138871.312702,0.001000929,0,0,0.000000
1781138871.313702,0.001003770,0,0,0.000000
1781138871.314702,0.001008724,0,0,0.000000
1781138871.315675,0.000992130,0,0,0.000000
1781138871.316670,0.001001236,0,0,0.000000
1781138871.317662,0.000993583,0,0,0.000000
1781138871.318689,0.000999050,0,0,0.000000
1781138871.319767,0.001012745,0,0,0.000000
1781138871.320669,0.001000493,0,0,0.000000
1781138871.321651,0.000993001,0,0,0.000000
1781138871.322664,0.000994465,0,0,0.000000
1781138871.323678,0.000999094,0,0,0.000000
1781138871.324663,0.001000833,0,0,0.000000
1781138871.325654,0.001008606,0,0,0.000000
1781138871.326673,0.001002208,0,0,0.000000
1781138871.327660,0.000989052,0,0,0.000000
1781138871.328665,0.001001786,0,0,0.000000
1781138871.329652,0.001004367,0,0,0.000000
1781138871.330691,0.001006170,0,0,0.000000
1781138871.331666,0.000987104,0,0,0.000000
1781138871.332666,0.001000081,0,0,0.000000
1781138871.333663,0.001015179,0,0,0.000000
1781138871.334680,0.000985023,0,0,0.000000
1781138871.335718,0.001009297,0,0,0.000000
1781138871.336658,0.000991646,0,0,0.000000
1781138871.337663,0.001013257,0,0,0.000000
1781138871.338676,0.000997613,0,0,0.000000
1781138871.339680,0.000987631,0,0,0.000000
1781138871.340644,0.000999887,0,0,0.000000
1781138871.341646,0.001000433,0,0,0.000000
1781138871.342686,0.001007985,0,0,0.000000
1781138871.343664,0.000994479,0,0,0.000000
1781138871.344707,0.001001483,0,0,0.000000
1781138871.345733,0.001009121,0,0,0.000000
1781138871.346656,0.000986831,0,0,0.000000
1781138871.347706,0.001001476,0,0,0.000000
1781138871.348672,0.000999510,0,0,0.000000
1781138871.349664,0.001008230,0,0,0.000000
1781138871.350742,0.000991070,0,0,0.000000
1781138871.351741,0.001010189,0,0,0.000000
1781138871.352718,0.000990669,0,0,0.000000
1781138871.353712,0.001012389,0,0,0.000000
1781138871.354697,0.000999168,0,0,0.000000
1781138871.355671,0.000988308,0,0,0.000000
1781138871.356668,0.001002841,0,0,0.000000
1781138871.357704,0.001011193,0,0,0.000000
1781138871.358670,0.000989295,0,0,0.000000
1781138871.359645,0.000995667,0,0,0.000000
1781138871.360651,0.001007031,0,0,0.000000
1781138871.361683,0.000995138,0,0,0.000000
1781138871.362685,0.000997463,0,0,0.000000
1781138871.363733,0.001008851,0,0,0.000000
1781138871.364711,0.001004167,0,0,0.000000
1781138871.365739,0.000988003,0,0,0.000000
1781138871.366662,0.000999254,0,0,0.000000
1781138871.367665,0.000999970,0,0,0.000000
1781138871.368678,0.000999788,0,0,0.000000
1781138871.369667,0.001007846,0,0,0.000000
1781138871.370687,0.001000595,0,0,0.000000
1781138871.371681,0.000991864,0,0,0.000000
1781138871.372686,0.001001419,0,0,0.000000
1781138871.373688,0.000999303,0,0,0.000000
1781138871.374671,0.000999910,0,0,0.000000
1781138871.375690,0.001009932,0,0,0.000000
1781138871.376679,0.000994755,0,0,0.000000
1781138871.377678,0.000998654,0,0,0.000000
1781138871.378719,0.001007218,0,0,0.000000
1781138871.379720,0.001002724,0,0,0.000000
1781138871.380701,0.000991747,0,0,0.000000
1781138871.381817,0.000995698,0,0,0.000000
1781138871.382816,0.001000065,0,0,0.000000
1781138871.383755,0.000999282,0,0,0.000000
1781138871.384711,0.001005082,0,0,0.000000
1781138871.385664,0.000995713,0,0,0.000000
1781138871.386704,0.001011521,0,0,0.000000
1781138871.387665,0.000988725,0,0,0.000000
1781138871.388670,0.001009983,0,0,0.000000
1781138871.389699,0.000998882,0,0,0.000000
1781138871.390677,0.000993432,0,0,0.000000
1781138871.391668,0.000996547,0,0,0.000000
1781138871.392659,0.001013757,0,0,0.000000
1781138871.393645,0.000987246,0,0,0.000000
1781138871.394678,0.000999786,0,0,0.000000
1781138871.395678,0.001004753,0,0,0.000000
1781138871.396657,0.000994883,0,0,0.000000
1781138871.397664,0.001009044,0,0,0.000000
1781138871.398725,0.001000856,0,0,0.000000
1781138871.399680,0.000991560,0,0,0.000000
1781138871.400668,0.001003287,0,0,0.000000
1781138871.401682,0.000994311,0,0,0.000000
1781138871.402746,0.001007262,0,0,0.000000
1781138871.403746,0.001001444,0,0,0.000000
1781138871.404735,0.000991361,0,0,0.000000
1781138871.405663,0.001012396,0,0,0.000000
1781138871.406695,0.000993917,0,0,0.000000
1781138871.407690,0.000998302,0,0,0.000000
1781138871.408681,0.000996715,0,0,0.000000
1781138871.409645,0.000998682,0,0,0.000000
1781138871.410691,0.001011200,0,0,0.000000
1781138871.411679,0.000988896,0,0,0.000000
1781138871.412666,0.001003776,0,0,0.000000
1781138871.413656,0.001009550,0,0,0.000000
1781138871.414684,0.000993628,0,0,0.000000
1781138871.415677,0.001006810,0,0,0.000000
1781138871.416671,0.000995393,0,0,0.000000
1781138871.417658,0.001004642,0,0,0.000000
1781138871.418667,0.000985899,0,0,0.000000
1781138871.419687,0.001005803,0,0,0.000000
1781138871.420656,0.001002688,0,0,0.000000
1781138871.421647,0.000991908,0,0,0.000000
1781138871.422680,0.001010088,0,0,0.000000
1781138871.423645,0.000989295,0,0,0.000000
1781138871.424660,0.001014889,0,0,0.000000
1781138871.425650,0.000991538,0,0,0.000000
1781138871.426681,0.000994928,0,0,0.000000
1781138871.427732,0.001006667,0,0,0.000000
1781138871.428679,0.001006447,0,0,0.000000
1781138871.429673,0.000998889,0,0,0.000000
1781138871.430680,0.000986929,0,0,0.000000
1781138871.431671,0.001009336,0,0,0.000000
1781138871.432645,0.000990517,0,0,0.000000
1781138871.433647,0.001003694,0,0,0.000000
1781138871.434691,0.001010507,0,0,0.000000
1781138871.435684,0.000988553,0,0,0.000000
1781138871.436677,0.001012144,0,0,0.000000
1781138871.437644,0.000985152,0,0,0.000000
1781138871.438674,0.001011916,0,0,0.000000
1781138871.439670,0.000997054,0,0,0.000000
1781138871.440683,0.001004651,0,0,0.000000
1781138871.441658,0.000998731,0,0,0.000000
1781138871.442697,0.000987705,1514,1,12.262771
1781138871.443733,0.001011478,109260,10,864.161158
1781138871.444829,0.000990229,106364,10,859.308301
1781138871.445737,0.001013619,129532,10,1022.332849
1781138871.446708,0.000993813,91620,6,737.523055
1781138871.447799,0.000998725,125056,8,1001.725200
1781138871.448757,0.000994292,125056,8,1006.191340
1781138871.449675,0.000998696,120844,10,968.014291
1781138871.450696,0.001008060,106298,9,843.584707
1781138871.451699,0.001004599,125188,10,996.919169
1781138871.452651,0.000986805,125188,10,1014.895547
1781138871.453661,0.001007519,94516,6,750.485103
1781138871.454688,0.000998683,112090,9,897.902538
1781138871.455668,0.000993809,128282,13,1032.649131
1781138871.456676,0.001006644,110708,10,879.818486
1781138871.457651,0.000993802,125056,8,1006.687449
1781138871.458673,0.000999452,114854,7,919.335796
1781138871.459676,0.001002225,125056,8,998.226945
1781138871.460656,0.001001755,114854,7,917.222275
1781138871.461669,0.000996633,118014,11,947.301564
1781138871.462690,0.001007035,113604,10,902.483032
1781138871.463700,0.001003057,125188,10,998.451733
1781138871.464688,0.001002926,122226,9,974.955281
1781138871.465677,0.000996815,128018,9,1027.416321
1781138871.466710,0.000989742,122094,7,986.875368
1781138871.467691,0.001005105,122160,8,972.316325
1781138871.468663,0.001000535,106232,8,849.401570
1781138871.469670,0.001006058,123740,10,983.959175
1781138871.470704,0.000989858,113538,9,917.610405
1781138871.471669,0.001004665,128018,9,1019.388552
1781138871.472664,0.001001073,125056,8,999.375670
1781138871.473668,0.000993552,109062,7,878.158365
1781138871.474724,0.001007915,125056,8,992.591637
1781138871.475705,0.000992775,124990,7,1007.196998
1781138871.476660,0.001004744,110708,10,881.482248
1781138871.477676,0.000993670,125188,10,1007.883905
1781138871.478709,0.001010514,116434,9,921.780401
1781138871.479676,0.000989791,128018,9,1034.707327
1781138871.480666,0.001010204,146842,9,1162.870074
1781138871.481656,0.000996704,115184,12,924.519215
1781138871.482688,0.000999738,119462,11,955.946458
1781138871.483685,0.000992758,129532,10,1043.815310
1781138871.484650,0.001003539,114986,9,916.643997
1781138871.485671,0.000997069,132362,9,1062.008748
1781138871.486706,0.001012519,116698,13,922.040969
1781138871.487696,0.000987248,115052,10,932.304750
1781138871.488658,0.001005332,123740,10,984.669741
1781138871.489662,0.001008795,126702,11,1004.778969
1781138871.490683,0.000990373,125056,8,1010.172935
1781138871.491705,0.001003015,117750,7,939.168407
1781138871.492669,0.000995688,107614,7,864.640329
1781138871.493676,0.001009206,125056,8,991.321891
1781138871.494700,0.000988035,127886,7,1035.477488
1781138871.495700,0.001000753,126372,6,1010.215308
1781138871.496676,0.001009963,95964,6,760.138738
1781138871.497657,0.000995269,132428,10,1064.459960
1781138871.498712,0.001001801,113472,8,906.144035
1781138871.499693,0.000991522,128018,9,1032.900934
1781138871.500698,0.001007298,123608,8,981.699557
1781138871.501760,0.000997085,110510,7,886.664627
1781138871.502726,0.000995855,130848,8,1051.140979
1781138871.503873,0.001000213,101822,7,814.402532
1781138871.504754,0.001012873,126636,10,1000.212267
1781138871.505745,0.000989195,125188,10,1012.443451
1781138871.506704,0.000998117,97478,7,781.295179
1781138871.507766,0.000999714,133744,8,1070.258094
1781138871.509023,0.001000975,107614,7,860.073428
1781138871.509769,0.001006886,123608,8,982.101251
1781138871.510718,0.000993531,126504,8,1018.621462
1781138871.511669,0.001000093,106232,8,849.776971
1781138871.512665,0.001000670,122292,10,977.680954
1781138871.513670,0.001007582,116434,9,924.462724
1781138871.514680,0.000990700,129400,8,1044.917735
1781138871.515679,0.000999832,125056,8,1000.616104
1781138871.516739,0.000998891,127952,8,1024.752450
1781138871.517733,0.001011989,107614,7,850.712804
1781138871.518802,0.000989013,112090,9,906.681712
1781138871.519756,0.001000440,128150,11,1024.749110
1781138871.520736,0.001002719,125122,9,998.261726
1781138871.523175,0.001010095,107680,8,852.830674
1781138871.523297,0.000999131,111958,7,896.443009
1781138871.523910,0.000987600,109062,7,883.450790
1781138871.524670,0.001009222,136640,8,1083.131363
1781138871.525870,0.001000667,109260,10,873.497377
1781138871.526803,0.000992623,120910,11,974.468655
1781138871.527734,0.000998844,125122,9,1002.134467
1781138871.528860,0.000998161,94516,6,757.521081
1781138871.529724,0.001002945,125056,8,997.510332
1781138871.530799,0.001000166,125056,8,1000.281953
1781138871.531696,0.000998090,112222,11,899.494034
1781138871.532846,0.001005414,125254,11,996.636212
1781138871.533775,0.001000865,107680,8,860.695498
1781138871.534746,0.001002838,128018,9,1021.245705
1781138871.535793,0.001001537,135192,8,1079.876230
1781138871.536795,0.000988179,103204,6,835.508547
1781138871.537747,0.001012630,161652,14,1277.086399
1781138871.538872,0.000987663,113604,10,920.184314
1781138871.540091,0.001012417,113538,9,897.163916
1781138871.541915,0.000999495,125056,8,1000.953482
1781138871.542100,0.001000382,125122,9,1000.593773
1781138871.542837,0.000999749,125056,8,1000.699175
1781138871.543929,0.000988679,109128,8,883.020677
1781138871.544749,0.001000340,116566,11,932.211048
1781138871.545817,0.001001144,71348,6,570.131769
1781138871.546901,0.001006679,128084,10,1017.873622
1781138871.547780,0.000991526,116368,8,938.900241
1781138871.548813,0.001005166,123608,8,983.781783
1781138871.550506,0.001009788,127952,8,1013.693963
1781138871.550859,0.000998236,132296,8,1060.238260
1781138871.554560,0.001000692,109260,10,873.475555
1781138871.554729,0.000997949,136838,11,1096.953852
1781138871.554795,0.000986972,116434,9,943.767402
1781138871.555430,0.001010907,128084,10,1013.616485
1781138871.555780,0.000993842,110510,7,889.557898
1781138871.556813,0.001005322,129400,8,1029.719831
1781138871.557778,0.000991438,103270,7,833.294669
1781138871.558722,0.001007611,129532,10,1028.428630
1781138871.559796,0.000994123,123740,10,995.772153
1781138871.560887,0.001007401,104718,7,831.589407
1781138871.561767,0.000990856,107614,7,868.856827
1781138871.562844,0.001001070,117750,7,940.993137
1781138871.563750,0.000997575,127952,8,1026.104303
1781138871.564769,0.001007146,117882,9,936.364738
1781138871.570111,0.000999123,126702,11,1014.505722
1781138871.570253,0.001000804,113538,9,907.574310
1781138871.570379,0.001003028,125056,8,997.427789
1781138871.570472,0.000998434,126504,8,1013.619328
1781138871.570553,0.000993072,125056,8,1007.427457
1781138871.570725,0.000999219,98860,6,791.498160
1781138871.571689,0.000999887,133678,7,1069.544859
1781138871.572673,0.001001541,124990,7,998.381494
1781138871.573666,0.001002494,101888,8,813.076188
1781138871.574717,0.000998751,122226,9,979.030809
1781138871.575704,0.001006122,128084,10,1018.437128
1781138871.576697,0.001000411,127952,8,1023.195467
1781138871.577689,0.000991362,125056,8,1009.165169
1781138871.578693,0.000999778,107614,7,861.103165
1781138871.579699,0.001011464,113538,9,898.009222
1781138871.580714,0.000991939,126636,10,1021.320868
1781138871.581670,0.001000569,125188,10,1000.934468
1781138871.582706,0.000994954,116434,9,936.196045
1781138871.583707,0.001011203,122160,8,966.452829
1781138871.584680,0.000995172,127952,8,1028.581994
1781138871.585666,0.000998929,123608,8,989.924209
1781138871.586681,0.000995016,107680,8,865.754923
1781138871.587660,0.000999647,114986,9,920.212835
1781138871.588664,0.001007044,123740,10,982.995778
1781138871.589813,0.000994509,128018,9,1029.798624
1781138871.590820,0.000999429,116302,7,930.947571
1781138871.591701,0.001001489,120712,8,964.260217
1781138871.592669,0.000999344,130848,8,1047.471141
1781138871.593703,0.001009685,104850,9,830.754146
1781138871.594816,0.001000436,120910,11,966.858450
1781138871.595739,0.000988885,128084,10,1036.189243
1781138871.596733,0.001012050,114986,9,908.935329
1781138871.597711,0.000998697,129466,9,1037.079314
1781138871.598757,0.001000754,126504,8,1011.269503
1781138871.599758,0.000990239,109062,7,881.096382
1781138871.600743,0.001003793,117750,7,938.440495
1781138871.601718,0.000994439,116500,10,937.211835
1781138871.602809,0.001003714,113538,9,904.943042
1781138871.603691,0.001000566,120778,9,965.677427
1781138871.604902,0.000995695,129466,9,1040.206087
1781138871.605732,0.001003549,126504,8,1008.453000
1781138871.606712,0.000996138,110510,7,887.507554
1781138871.607752,0.001001026,132230,7,1056.755769
1781138871.608702,0.000998668,107746,9,863.117673
1781138871.609661,0.001000294,133942,11,1071.221061
1781138871.610803,0.001010737,112090,9,887.194196
1781138871.611892,0.000994376,130914,9,1053.235396
1781138871.612816,0.000995027,114854,7,923.424188
1781138871.613741,0.001009159,120712,8,956.931465
1781138871.614833,0.000992978,115118,11,927.456600
1781138871.615707,0.001006926,104850,9,833.030431
1781138871.616668,0.000990976,128018,9,1033.470034
1781138871.617649,0.001005284,132428,10,1053.855428
1781138871.618674,0.000995527,114854,7,922.960402
1781138871.619684,0.000998549,106364,10,852.148467
1781138871.620657,0.001008930,126768,12,1005.167851
1781138871.621675,0.001000229,110576,8,884.405471
1781138871.622698,0.000994607,132296,8,1064.106728
1781138871.623706,0.001002377,120712,8,963.405984
1781138871.624740,0.000994243,127952,8,1029.543080
1781138871.625771,0.001000465,104916,10,838.937894
1781138871.626763,0.001012896,116566,11,920.655230
1781138871.627715,0.000992263,125188,10,1009.313055
1781138871.628716,0.000999010,125122,9,1001.967948
1781138871.629746,0.000994961,125056,8,1005.514789
1781138871.630958,0.001015445,125056,8,985.231106
1781138871.631754,0.000987804,97412,6,788.917640
1781138871.632686,0.000997220,107680,8,863.841479
1781138871.633698,0.001015790,135522,13,1067.322970
1781138871.634669,0.000984359,114986,9,934.504586
1781138871.635681,0.001000246,127952,8,1023.364252
1781138871.636672,0.001004854,109062,7,868.281362
1781138871.637651,0.000996083,125056,8,1004.382165
1781138871.638708,0.001007015,124990,7,992.954425
1781138871.639704,0.000998289,113670,11,910.918582
1781138871.640652,0.000999023,125188,10,1002.483426
1781138871.641662,0.000999955,126636,10,1013.133591
1781138871.642695,0.000994817,119264,8,959.082927
1781138871.643697,0.001007195,122160,8,970.298701
1781138871.644651,0.000997229,116302,7,933.001347
1781138871.645665,0.000995032,120976,12,972.640076
1781138871.646691,0.001002722,120910,11,964.654211
1781138871.647672,0.001008926,133876,10,1061.532759
1781138871.648662,0.001001488,122226,9,976.355183
1781138871.649662,0.000993390,113472,8,913.816326
1781138871.650698,0.000994398,127952,8,1029.382601
1781138871.651688,0.001000994,109062,7,871.629600
1781138871.652667,0.000998498,126504,8,1013.554359
1781138871.653669,0.001013525,120844,10,953.851163
1781138871.654701,0.000990865,123740,10,999.046288
1781138871.655710,0.001008257,101888,8,808.428803
1781138871.656829,0.000999348,110510,7,884.656796
1781138871.657800,0.001000881,122160,8,976.419774
1781138871.658959,0.000988327,107878,11,873.217063
1781138871.659769,0.000998720,117948,10,944.793335
1781138871.662073,0.001000717,129532,10,1035.513537
1781138871.662205,0.000998895,93068,6,745.367631
1781138871.663122,0.001007391,125122,9,993.632065
1781138871.664054,0.000993935,125056,8,1006.552742
1781138871.664701,0.000998945,122094,7,977.783562
1781138871.665665,0.001008008,123608,8,981.008087
1781138871.666717,0.000998354,100440,8,804.844774
1781138871.667669,0.000995548,126636,10,1017.618437
1781138871.668789,0.000998111,88790,7,711.664334
1781138871.670066,0.001008418,101888,8,808.299733
1781138871.670794,0.000991330,74112,4,598.081365
1781138871.671730,0.001007418,130848,8,1039.076133
1781138871.672804,0.000992667,97676,10,787.180394
1781138871.673685,0.001002946,125320,12,999.615134
1781138871.674726,0.001005448,132428,10,1053.683532
1781138871.675692,0.000999154,116368,8,931.732245
1781138871.676751,0.001001390,125056,8,999.059308
1781138871.677744,0.000992512,110664,8,891.991230
1781138871.678767,0.000999704,123608,8,989.156790
1781138871.679732,0.001009099,126504,8,1002.906553
1781138871.680724,0.000989491,106166,7,858.348383
1781138871.681729,0.001003144,93134,7,742.736835
1781138871.682810,0.000997909,133942,11,1073.781277
1781138871.683717,0.000999310,113604,10,909.459527
1781138871.684754,0.001007496,119264,8,947.013189
1781138871.685701,0.000992865,122160,8,984.303002
1781138871.686841,0.001012711,115052,10,908.863437
1781138871.688308,0.000987110,100506,9,814.547518
1781138871.688696,0.000999363,116566,11,933.122399
1781138871.689707,0.001003440,91686,7,730.973451
1781138871.690761,0.000997271,117816,8,945.107198
1781138871.691853,0.001001236,106166,7,848.279527
1781138871.692770,0.001011569,110510,7,873.969052
1781138871.693738,0.000990944,113604,10,917.137598
1781138871.694697,0.000995337,116566,11,936.896750
1781138871.695708,0.001013352,128084,10,1011.170847
1781138871.697304,0.000987980,115040,10,931.516832
1781138871.698022,0.001000126,126636,10,1012.960367
1781138871.698721,0.001007847,116302,7,923.171870
1781138871.699739,0.000994272,118018,9,949.583213
1781138871.700665,0.000996799,104982,11,842.553012
1781138871.701671,0.001009325,118014,11,935.389493
1781138871.702725,0.001002926,100440,8,801.175760
1781138871.703672,0.000989957,122160,8,987.194393
1781138871.704710,0.000998772,110576,8,885.695634
1781138871.705718,0.001006950,125056,8,993.542877
1781138871.706825,0.000995889,122094,7,980.784003
1781138871.707684,0.001007599,122160,8,969.909657
1781138871.708653,0.000994760,123740,10,995.134505
1781138871.709707,0.001005376,125188,10,996.148705
1781138871.710689,0.000997169,128084,10,1027.581082
1781138871.711671,0.000992950,112024,8,902.555013
1781138871.712778,0.001010283,127886,7,1012.674666
1781138871.714110,0.000994995,111958,7,900.169348
1781138871.714687,0.001007362,112288,12,891.739017
1781138871.715689,0.000998460,93200,8,746.749995
1781138871.716671,0.000995940,125188,10,1005.586682
1781138871.719088,0.000993445,125122,9,1007.580691
1781138871.719161,0.001003654,94516,6,753.375167
1781138871.719747,0.000995792,145394,9,1168.067227
1781138871.720701,0.000999119,109194,9,874.322278
1781138871.721693,0.001004008,126768,12,1010.095537
1781138871.724148,0.001003243,126636,10,1009.813176
1781138871.724399,0.000997387,126636,10,1015.742134
1781138871.724746,0.001002350,109194,9,871.503966
1781138871.725735,0.000993110,125056,8,1007.388910
1781138871.727028,0.001005995,119198,7,947.901332
1781138871.727802,0.000995960,129400,8,1039.399173
1781138871.728766,0.000998767,129334,7,1035.949326
1781138871.729786,0.000999469,117948,10,944.085309
1781138871.730709,0.000999377,125188,10,1002.128326
1781138871.731683,0.001004393,103336,8,823.072244
1781138871.732726,0.001004860,116368,8,926.441494
1781138871.733735,0.000991626,127952,8,1032.260146
1781138871.734704,0.001008579,127952,8,1014.909095
1781138871.735707,0.000993737,113538,9,914.028561
1781138871.736766,0.001007625,125188,10,993.925319
1781138871.737693,0.001000822,125254,11,1001.209006
1781138871.739057,0.000997355,125122,9,1003.630603
1781138871.739712,0.001000019,96030,7,768.225404
1781138871.740844,0.000998835,113670,11,910.420640
1781138871.743159,0.001999679,189428,18,757.833632
1781138871.744250,0.000993660,78522,5,632.184047
1781138871.744730,0.000998753,123674,9,990.627312
1781138871.745722,0.001009649,127952,8,1013.833520
1781138871.746782,0.000992714,125056,8,1007.790764
1781138871.747721,0.000998312,93200,8,746.860701
1781138871.748675,0.001005957,219968,12,1749.323281
1781138871.749674,0.000993536,90238,7,726.600747
1781138871.750716,0.001006219,90238,7,717.442227
1781138871.751693,0.000995728,117816,8,946.571755
1781138871.752668,0.000997363,123608,8,991.478529
1781138871.753650,0.001006249,123608,8,982.722964
1781138871.754695,0.000994903,125110,9,1006.007621
1781138871.755681,0.001005381,100374,7,798.694226
1781138871.756680,0.001002298,109260,10,872.075969
1781138871.757682,0.000994150,110576,8,889.813408
1781138871.758705,0.001001922,106298,9,848.752697
1781138871.759688,0.001010931,128018,9,1013.070130
1781138871.760764,0.000998039,116368,8,932.773168
1781138871.761660,0.000995157,127952,8,1028.597498
1781138871.762713,0.000995060,109062,7,876.827528
1781138871.763699,0.001007456,125056,8,993.043865
1781138871.764978,0.000992832,124924,6,1006.607362
1781138871.765711,0.000996762,107548,6,863.178974
1781138871.766693,0.001008578,125188,10,992.986165
1781138871.767694,0.000994410,126636,10,1018.782997
1781138871.768700,0.001005482,112024,8,891.305861
1781138871.769737,0.000990559,126504,8,1021.677659
1781138871.770878,0.001000749,130848,8,1046.000546
1781138871.771852,0.000999509,104718,7,838.155534
1781138871.772668,0.001007151,127952,8,1016.348095
1781138871.773654,0.000993980,109194,9,878.842633
1781138871.774686,0.000999189,133942,11,1072.405721
1781138871.775762,0.001008286,119330,9,946.794858
1781138871.776678,0.000995489,128018,9,1028.784848
1781138871.777893,0.001004685,99058,9,788.768619
1781138871.778799,0.000992268,112156,10,904.239580
1781138871.779683,0.001013135,126702,11,1000.474764
1781138871.780658,0.000989749,109062,7,881.532591
1781138871.781767,0.000998370,120778,9,967.801516
1781138871.782895,0.001009168,113406,7,899.005914
1781138871.783798,0.000989340,125056,8,1011.227687
1781138871.784761,0.001002906,119528,12,953.453265
1781138871.785738,0.001008454,123872,12,982.668520
1781138871.786764,0.000996678,107680,8,864.311242
1781138871.787727,0.000991889,141050,9,1137.627295
1781138871.788731,0.001008498,110510,7,876.630395
1781138871.789749,0.000990439,127952,8,1033.497267
1781138871.791004,0.001006369,126504,8,1005.627161
1781138871.791809,0.000999945,114854,7,918.882539
1781138871.792803,0.001003360,116500,10,928.878967
1781138871.793938,0.000998098,117948,10,945.382117
1781138871.794987,0.001001047,122292,10,977.312754
1781138871.795754,0.001000511,125056,8,999.937032
1781138871.796788,0.000996794,114920,8,922.316948
1781138871.797718,0.001005063,130848,8,1041.510831
1781138871.798764,0.000993587,107746,9,867.531479
1781138871.799706,0.001005727,125320,12,996.851034
1781138871.800694,0.000996518,126702,11,1017.157743
1781138871.801677,0.001005767,122226,9,972.201315
1781138871.802699,0.000987308,116434,9,943.446219
1781138871.803691,0.001002356,126504,8,1009.653257
1781138871.804666,0.001007937,126504,8,1004.062754
1781138871.805670,0.000990038,123608,8,998.814187
1781138871.806680,0.001002090,106100,6,847.029708
1781138871.807660,0.000997671,124924,6,1001.725018
1781138871.808667,0.001010057,117882,9,933.666120
1781138871.809646,0.000988996,126570,9,1023.826183
1781138871.810715,0.001014632,123740,10,975.644372
1781138871.811662,0.000989432,110510,7,893.522748
1781138871.812860,0.000997265,126504,8,1014.807499
1781138871.813713,0.001011144,126504,8,1000.878213
1781138871.814799,0.000988880,106166,7,858.878731
1781138871.815709,0.001000415,133744,8,1069.508154
1781138871.816680,0.001003286,122292,10,975.131717
1781138871.817756,0.001002697,125188,10,998.810209
1781138871.819188,0.001003801,112090,9,893.324474
1781138871.819700,0.000991966,125056,8,1008.550696
1781138871.820674,0.001006449,82308,6,654.244775
1781138871.821699,0.001000005,93068,6,744.540277
1781138871.822672,0.000996295,123938,13,995.191183
1781138871.823697,0.001005840,115118,11,915.596914
1781138871.824680,0.000998408,123674,9,990.969624
1781138871.825678,0.001001419,122226,9,976.422457
1781138871.826697,0.000989563,126570,9,1023.239551
1781138871.827686,0.000999191,113406,7,907.982558
1781138871.828675,0.001009562,113538,9,899.701058
1781138871.829665,0.000994100,125254,11,1007.979077
1781138871.830691,0.000999510,125254,11,1002.523236
1781138871.831678,0.000996709,122226,9,981.036591
1781138871.832654,0.001000100,119330,9,954.544546
1781138871.833670,0.001000839,123608,8,988.035039
1781138871.834739,0.000999435,114854,7,919.351434
1781138871.835691,0.000999876,123608,8,988.986634
1781138871.836700,0.001000885,126438,7,1010.609610
1781138871.837703,0.001000307,123476,6,987.504836
1781138871.838701,0.001012356,107680,8,850.925959
1781138871.839714,0.000998804,125056,8,1001.645969
1781138871.840778,0.000996562,117882,9,946.309412
1781138871.841841,0.000993173,128084,10,1031.715522
1781138871.843018,0.001007342,122160,8,970.157107
1781138871.844293,0.000994646,106166,7,853.899779
1781138871.844686,0.000996949,128084,10,1027.807842
1781138871.845772,0.001004321,123806,11,986.186687
1781138871.846712,0.001006425,129598,11,1030.165189
1781138871.847682,0.000995330,123740,10,994.564617
1781138871.848767,0.000999661,110576,8,884.907984
1781138871.849715,0.001003193,125056,8,997.263737
1781138871.850692,0.000989946,117750,7,951.567055
1781138871.851677,0.001001224,129400,8,1033.934464
1781138871.852670,0.001003201,107614,7,858.165014
1781138871.853668,0.001006238,129334,7,1028.257728
1781138871.854697,0.000989964,116434,9,940.915023
1781138871.855714,0.001010230,125188,10,991.362363
1781138871.856668,0.000998798,126636,10,1014.307197
1781138871.857701,0.001005640,109128,8,868.127759
1781138871.858690,0.000984780,125056,8,1015.910153
1781138871.859683,0.001001447,120646,7,963.773420
1781138871.860654,0.001002623,127952,8,1020.938079
1781138871.861692,0.000995940,100374,7,806.265438
1781138871.862679,0.000999955,123740,10,989.964548
1781138871.863907,0.001005394,128084,10,1019.174572
1781138871.865337,0.001002147,126570,9,1010.390691
1781138871.865744,0.000994770,125056,8,1005.707852
1781138871.866732,0.001002124,91686,7,731.933374
1781138871.867661,0.000999302,103534,11,828.850538
1781138871.868649,0.000995990,106298,9,853.807769
1781138871.869650,0.001000737,120844,10,966.040028
1781138871.870705,0.001000673,103270,7,825.604368
1781138871.871667,0.001002123,125122,9,998.855430
1781138871.872890,0.000997544,59764,6,479.289134
1781138871.873701,0.000999820,113736,12,910.051809
1781138871.874717,0.001009020,97544,8,773.376147
1781138871.875692,0.000991787,123674,9,997.585167
1781138871.877021,0.001008425,98926,7,784.796093
1781138871.877661,0.000997007,130848,8,1049.926430
1781138871.878719,0.000994680,126504,8,1017.444806
1781138871.879651,0.000998176,126834,13,1016.526144
1781138871.880775,0.001012515,125320,12,990.168047
1781138871.881684,0.000994324,113538,9,913.488963
1781138871.882732,0.001009174,125188,10,992.399725
1781138871.883688,0.000990518,125056,8,1010.025058
1781138871.884691,0.000994091,117750,7,947.599365
1781138871.885707,0.001011990,126504,8,1000.041502
1781138871.886757,0.000989135,110510,7,893.791040
1781138871.887705,0.001000594,122160,8,976.699840
1781138871.888727,0.001010923,125188,10,990.682772
1781138871.889718,0.000988828,110576,8,894.602499
1781138871.890822,0.001003234,125056,8,997.222981
1781138871.891703,0.001010121,125056,8,990.423920
1781138871.892671,0.000990964,97412,6,786.401928
1781138871.893766,0.001002344,115118,11,918.790355
1781138871.894689,0.000992024,109260,10,881.107715
1781138871.895793,0.001003448,119462,11,952.412083
1781138871.896814,0.000998594,116368,8,932.254750
1781138871.897696,0.001001660,126570,9,1010.881936
1781138871.898929,0.001001315,93398,11,746.202743
1781138871.900327,0.000996158,118080,12,948.283304
1781138871.900923,0.001004454,131046,11,1043.719274
1781138871.901974,0.001000092,117882,9,942.969247
1781138871.902724,0.000996441,110576,8,887.767565
1781138871.903701,0.000997440,125056,8,1003.015720
1781138871.904689,0.001000281,125056,8,1000.166953
1781138871.905746,0.001005611,127886,7,1017.379484
1781138871.906768,0.001001295,104718,7,836.660525
1781138871.907714,0.001001627,124924,6,997.768630
1781138871.908718,0.000990950,120580,6,973.449720
1781138871.909706,0.001000948,117882,9,942.162830
1781138871.910740,0.001008726,128084,10,1015.808059
1781138871.911752,0.001002983,125188,10,998.525399
1781138871.912708,0.000989301,112024,8,905.884053
1781138871.913708,0.001009555,125056,8,990.979194
1781138871.914847,0.000988783,126504,8,1023.512742
1781138871.915720,0.001001995,125056,8,998.456080
1781138871.916716,0.001010909,106100,6,839.640363
1781138871.917721,0.000991855,123476,6,995.919766
1781138871.918912,0.000996824,115052,10,923.348555
1781138871.919760,0.000999785,125188,10,1001.719370
1781138871.920721,0.001000759,113538,9,907.615120
1781138871.921716,0.000997708,125056,8,1002.746295
1781138871.922760,0.001001056,126504,8,1010.964422
1781138871.923676,0.001002105,125056,8,998.346481
1781138871.924756,0.001007791,107746,9,855.304324
1781138871.925769,0.000998896,126636,10,1014.207685
1781138871.926763,0.000990444,130980,10,1057.949768
1781138871.927682,0.001003076,110576,8,881.895290
1781138871.928915,0.001007747,126504,8,1004.252059
1781138871.929749,0.000998465,129400,8,1036.791475
1781138871.930847,0.001001522,87276,6,697.146942
1781138871.931721,0.001000573,26130,1,208.920289
1781138871.932699,0.000996993,0,0,0.000000
1781138871.933690,0.000996340,0,0,0.000000
1781138871.934893,0.001013565,0,0,0.000000
1781138871.935731,0.000982619,0,0,0.000000
1781138871.936657,0.001003390,0,0,0.000000
1781138871.937655,0.000997956,0,0,0.000000
1781138871.938684,0.001004198,0,0,0.000000
1781138871.939658,0.000994370,0,0,0.000000
1781138871.940647,0.000998818,0,0,0.000000
1781138871.941654,0.001011737,0,0,0.000000
1781138871.942670,0.000996214,0,0,0.000000
1781138871.943671,0.000992213,0,0,0.000000
1781138871.944659,0.001005219,0,0,0.000000
1781138871.945701,0.001002377,0,0,0.000000
1781138871.946698,0.000997827,0,0,0.000000
1781138871.947653,0.000995547,0,0,0.000000
1781138871.948656,0.000999110,0,0,0.000000
1781138871.949662,0.001010082,0,0,0.000000
1781138871.950668,0.000997258,0,0,0.000000
1781138871.951664,0.000993011,0,0,0.000000
1781138871.952656,0.001003503,0,0,0.000000
1781138871.953661,0.001007442,0,0,0.000000
1781138871.954762,0.000999163,0,0,0.000000
1781138871.955758,0.000989670,0,0,0.000000
1781138871.956675,0.001003301,0,0,0.000000
1781138871.957671,0.000996089,0,0,0.000000
1781138871.958663,0.001003511,0,0,0.000000
1781138871.959678,0.000997136,0,0,0.000000
1781138871.960677,0.001012676,0,0,0.000000
1781138871.961652,0.000993453,0,0,0.000000
1781138871.962672,0.001003354,0,0,0.000000
1781138871.963677,0.001002794,0,0,0.000000
1781138871.964711,0.000988931,0,0,0.000000
1781138871.965710,0.001003874,0,0,0.000000
1781138871.966809,0.000994849,0,0,0.000000
1781138871.967722,0.001000740,0,0,0.000000
1781138871.968696,0.001011422,0,0,0.000000
1781138871.969696,0.000997939,0,0,0.000000
1781138871.970667,0.000991489,0,0,0.000000
1781138871.971663,0.000998306,0,0,0.000000
1781138871.972733,0.001013504,0,0,0.000000
1781138871.973659,0.000986255,0,0,0.000000
1781138871.974688,0.001004657,0,0,0.000000
1781138871.975727,0.000995834,0,0,0.000000
1781138871.976669,0.001001888,0,0,0.000000
1781138871.977672,0.000997790,0,0,0.000000
1781138871.978670,0.001004557,0,0,0.000000
1781138871.979711,0.001002401,0,0,0.000000
1781138871.980665,0.001002654,0,0,0.000000
1781138871.981663,0.000990243,0,0,0.000000
1781138871.982686,0.001005155,0,0,0.000000
1781138871.983653,0.000997310,0,0,0.000000
1781138871.984648,0.000997967,0,0,0.000000
1781138871.985667,0.001004634,0,0,0.000000
1781138871.986679,0.000994899,0,0,0.000000
1781138871.987668,0.001003577,0,0,0.000000
1781138871.988662,0.001008480,0,0,0.000000
1781138871.989647,0.000989127,0,0,0.000000
1781138871.990672,0.001008358,0,0,0.000000
1781138871.991677,0.001004232,0,0,0.000000
1781138871.992673,0.001000458,0,0,0.000000
1781138871.993644,0.000985890,0,0,0.000000
1781138871.994677,0.000999791,0,0,0.000000
1781138871.995663,0.001000319,0,0,0.000000
1781138871.996678,0.000999706,0,0,0.000000
1781138871.997643,0.000999901,0,0,0.000000
1781138871.998671,0.001003415,0,0,0.000000
1781138871.999684,0.000997324,0,0,0.000000
1781138872.000647,0.001001081,0,0,0.000000
1781138872.001674,0.001013434,0,0,0.000000
1781138872.002713,0.000995071,0,0,0.000000
1781138872.003651,0.000992360,0,0,0.000000
1781138872.004684,0.001013701,0,0,0.000000
1781138872.005674,0.000983744,0,0,0.000000
1781138872.006696,0.001011593,0,0,0.000000
1781138872.007667,0.000989208,0,0,0.000000
1781138872.008663,0.000999401,0,0,0.000000
1781138872.009656,0.001012329,0,0,0.000000
1781138872.010683,0.000993421,0,0,0.000000
1781138872.011672,0.001005052,0,0,0.000000
1781138872.012661,0.000989350,0,0,0.000000
1781138872.013660,0.001014095,0,0,0.000000
1781138872.014678,0.000985688,0,0,0.000000
1781138872.015670,0.001009257,0,0,0.000000
1781138872.016654,0.000991174,0,0,0.000000
1781138872.017646,0.001000793,0,0,0.000000
1781138872.018666,0.000999291,0,0,0.000000
1781138872.019694,0.001008593,0,0,0.000000
1781138872.020645,0.000992928,0,0,0.000000
1781138872.021644,0.000997665,0,0,0.000000
1781138872.022680,0.001001405,0,0,0.000000
1781138872.023678,0.000998806,0,0,0.000000
1781138872.024715,0.000999928,0,0,0.000000
1781138872.025659,0.001006537,0,0,0.000000
1781138872.026681,0.000994170,0,0,0.000000
1781138872.027670,0.001007350,0,0,0.000000
1781138872.028662,0.000992035,0,0,0.000000
1781138872.029663,0.001011666,0,0,0.000000
1781138872.030672,0.000997276,0,0,0.000000
1781138872.031671,0.001002050,0,0,0.000000
1781138872.032662,0.000990980,0,0,0.000000
1781138872.033659,0.000998211,0,0,0.000000
1781138872.034685,0.001008037,0,0,0.000000
1781138872.035739,0.000993549,0,0,0.000000
1781138872.036672,0.000998831,0,0,0.000000
1781138872.037659,0.001013159,0,0,0.000000
1781138872.038685,0.000986386,0,0,0.000000
1781138872.039675,0.001004163,0,0,0.000000
1781138872.040675,0.001009789,0,0,0.000000
1781138872.041644,0.000987009,0,0,0.000000
1781138872.042681,0.001000145,0,0,0.000000
1781138872.043678,0.001012124,0,0,0.000000
1781138872.044744,0.000987569,0,0,0.000000
1781138872.045727,0.001005402,0,0,0.000000
1781138872.046729,0.001002550,0,0,0.000000
1781138872.047718,0.001004924,0,0,0.000000
1781138872.048731,0.000991023,0,0,0.000000
1781138872.049719,0.000995841,0,0,0.000000
1781138872.050673,0.000999295,0,0,0.000000
1781138872.051656,0.001010294,0,0,0.000000
1781138872.052644,0.000989960,0,0,0.000000
1781138872.053680,0.000999835,0,0,0.000000
1781138872.054678,0.001000552,0,0,0.000000
1781138872.055680,0.000999539,0,0,0.000000
1781138872.056650,0.001000477,0,0,0.000000
1781138872.057669,0.001011724,0,0,0.000000
1781138872.058738,0.000987202,0,0,0.000000
1781138872.059691,0.001001401,0,0,0.000000
1781138872.060704,0.001004498,0,0,0.000000
1781138872.061716,0.001005054,0,0,0.000000
1781138872.062675,0.000989279,0,0,0.000000
1781138872.063662,0.001013391,0,0,0.000000
1781138872.064679,0.000997979,0,0,0.000000
1781138872.065663,0.000988879,0,0,0.000000
1781138872.066682,0.001002490,0,0,0.000000
1781138872.067669,0.000998021,0,0,0.000000
1781138872.068661,0.001001760,0,0,0.000000
1781138872.069680,0.000998225,0,0,0.000000
1781138872.070704,0.001009091,0,0,0.000000
1781138872.071683,0.000994843,0,0,0.000000
1781138872.072671,0.001006923,0,0,0.000000
1781138872.073649,0.000994816,0,0,0.000000
1781138872.074693,0.001008196,0,0,0.000000
1781138872.075680,0.000988910,0,0,0.000000
1781138872.076672,0.001007056,0,0,0.000000
1781138872.077644,0.000989684,0,0,0.000000
1781138872.078671,0.001005229,0,0,0.000000
1781138872.079680,0.001007960,0,0,0.000000
1781138872.080678,0.001000118,0,0,0.000000
1781138872.081667,0.000993016,0,0,0.000000
1781138872.082741,0.001006253,0,0,0.000000
1781138872.083670,0.000987688,0,0,0.000000
1781138872.084653,0.000999599,0,0,0.000000
1781138872.085682,0.001007640,0,0,0.000000
1781138872.086674,0.001004570,0,0,0.000000
1781138872.087673,0.000998774,0,0,0.000000
1781138872.088675,0.001000011,0,0,0.000000
1781138872.089650,0.000992614,0,0,0.000000
1781138872.090688,0.001004821,0,0,0.000000
1781138872.091668,0.001000071,0,0,0.000000
1781138872.092673,0.001000778,0,0,0.000000
1781138872.093647,0.000994124,0,0,0.000000
1781138872.094677,0.000996536,0,0,0.000000
1781138872.095693,0.001014140,0,0,0.000000
1781138872.096667,0.000990506,0,0,0.000000
1781138872.097652,0.001005320,0,0,0.000000
1781138872.098680,0.000992294,0,0,0.000000
1781138872.099671,0.000997908,0,0,0.000000
1781138872.100654,0.001004798,0,0,0.000000
1781138872.101672,0.001006218,0,0,0.000000
1781138872.102678,0.001002457,0,0,0.000000
1781138872.103848,0.000988550,0,0,0.000000
1781138872.104659,0.000998518,0,0,0.000000
1781138872.105685,0.001013097,0,0,0.000000
1781138872.106683,0.000986289,0,0,0.000000
1781138872.107659,0.001013488,0,0,0.000000
1781138872.108655,0.000999169,0,0,0.000000
1781138872.109645,0.000987651,0,0,0.000000
1781138872.110684,0.001000237,0,0,0.000000
1781138872.111646,0.000999517,0,0,0.000000
1781138872.112659,0.001012248,0,0,0.000000
1781138872.113643,0.000988351,0,0,0.000000
1781138872.114692,0.001012067,0,0,0.000000
1781138872.115662,0.000987167,0,0,0.000000
1781138872.116675,0.001012725,0,0,0.000000
1781138872.117658,0.001001666,0,0,0.000000
1781138872.118677,0.000985922,0,0,0.000000
1781138872.119678,0.000999709,0,0,0.000000
1781138872.120656,0.001000531,0,0,0.000000
1781138872.121650,0.001005099,0,0,0.000000
1781138872.122668,0.000998672,0,0,0.000000
1781138872.123716,0.000995604,0,0,0.000000
1781138872.124733,0.001008555,0,0,0.000000
1781138872.125660,0.000992910,0,0,0.000000
1781138872.126669,0.001001117,0,0,0.000000
1781138872.127654,0.000997930,0,0,0.000000
1781138872.128665,0.000999617,0,0,0.000000
1781138872.129666,0.001007147,0,0,0.000000
1781138872.130662,0.000994937,0,0,0.000000
1781138872.131663,0.000997871,0,0,0.000000
1781138872.132663,0.001000704,0,0,0.000000
1781138872.133659,0.001015249,0,0,0.000000
1781138872.134662,0.000984711,0,0,0.000000
1781138872.135665,0.000999454,0,0,0.000000
1781138872.136654,0.001007927,0,0,0.000000
1781138872.137646,0.000992419,0,0,0.000000
1781138872.138683,0.000999655,0,0,0.000000
1781138872.139665,0.001014659,0,0,0.000000
1781138872.140654,0.000991541,0,0,0.000000
1781138872.141643,0.000993811,0,0,0.000000
1781138872.142672,0.001012494,14612,2,115.453524
1781138872.143674,0.000998430,123806,11,992.005449
1781138872.144660,0.000993273,112156,10,903.324665
1781138872.145669,0.000996752,123674,9,992.616017
1781138872.146657,0.000999370,126636,10,1013.726648
1781138872.147681,0.001004545,125056,8,995.921537
1781138872.148741,0.000999045,117750,7,942.900470
1781138872.149656,0.000996798,107614,7,863.677495
1781138872.150687,0.001005946,127952,8,1017.565555
1781138872.151668,0.000993533,119198,7,959.790968
1781138872.152654,0.000999521,110642,9,885.560183
1781138872.153687,0.001000261,125188,10,1001.242676
1781138872.154688,0.000999796,117882,9,943.248423
1781138872.155676,0.001006403,120712,8,959.551989
1781138872.156668,0.001000486,130848,8,1046.275510
1781138872.157672,0.000994601,109062,7,877.232177
1781138872.158675,0.001002938,127952,8,1020.617426
1781138872.159672,0.000997980,127952,8,1025.687890
1781138872.160661,0.001010328,103138,5,816.669438
1781138872.161647,0.000987339,130782,7,1059.672514
1781138872.162703,0.001007560,110642,9,878.494581
1781138872.163689,0.001005094,133876,10,1065.579936
1781138872.164668,0.001000583,116368,8,930.401576
1781138872.165714,0.000986957,129400,8,1048.880549
1781138872.166689,0.001000408,110510,7,883.719442
1781138872.167665,0.000999858,126504,8,1012.175729
1781138872.168680,0.001012663,123674,9,977.019996
1781138872.169804,0.000998962,110642,9,886.055726
1781138872.170682,0.000994141,125188,10,1007.406394
1781138872.171684,0.000999874,125122,9,1001.102139
1781138872.172676,0.000995188,125056,8,1005.285434
1781138872.173855,0.001013343,120646,7,952.459335
1781138872.174685,0.000986234,126504,8,1026.158092
1781138872.175709,0.001005286,104718,7,833.338970
1781138872.176703,0.001003548,146974,11,1171.635039
1781138872.177727,0.000999272,110730,9,886.485361
1781138872.178690,0.001001725,110576,8,883.084679
1781138872.179663,0.000990822,123740,10,999.089645
1781138872.180673,0.001009609,130848,8,1036.821185
1781138872.181691,0.000989829,110510,7,893.164375
1781138872.182706,0.001006836,129400,8,1028.171420
1781138872.183652,0.000992165,123542,7,996.140763
1781138872.184668,0.001015392,126372,6,995.650941
1781138872.185648,0.000984940,129268,6,1049.956343
1781138872.186701,0.001010294,110576,8,875.594629
1781138872.187647,0.000990663,125188,10,1010.943176
1781138872.188653,0.001000623,117882,9,942.468842
1781138872.189658,0.001010013,128018,9,1013.990909
1781138872.190717,0.001001304,116500,10,930.786255
1781138872.191793,0.001001558,109260,10,872.720302
1781138872.192970,0.000995517,125308,12,1006.978284
1781138872.193763,0.001003604,113472,8,904.516124
1781138872.194703,0.000989889,119330,9,964.390957
1781138872.196279,0.000997530,129684,10,1040.040901
1781138872.196811,0.001012542,113406,7,896.010240
1781138872.197730,0.000988167,109062,7,882.943875
1781138872.198813,0.001005287,123542,7,983.138149
1781138872.199790,0.001002154,125056,8,998.297667
1781138872.200737,0.000993568,115052,10,926.374440
1781138872.201827,0.000997934,104784,8,840.007455
1781138872.203986,0.000999914,110576,8,884.684083
1781138872.204040,0.001013554,126570,9,999.019293
1781138872.205485,0.000998093,109062,7,874.163029
1781138872.205693,0.000992915,125056,8,1007.586752
1781138872.206850,0.000995329,126702,11,1018.372819
1781138872.207739,0.001000005,114986,9,919.883401
1781138872.208723,0.001000276,129532,10,1035.970072
1781138872.209697,0.001004065,110510,7,880.500764
1781138872.210927,0.001010367,125056,8,990.182775
1781138872.211802,0.000985615,123608,8,1003.296419
1781138872.212747,0.001010837,129400,8,1024.101809
1781138872.213717,0.000992145,123542,7,996.160843
1781138872.215622,0.001009781,104652,6,829.106509
1781138872.216479,0.000998815,107548,6,861.404765
1781138872.216680,0.000989529,115164,10,931.061141
1781138872.217681,0.001003388,125188,10,998.122361
1781138872.218681,0.001005225,128018,9,1018.820662
1781138872.219675,0.000992285,107614,7,867.605577
1781138872.220670,0.001012160,143946,9,1137.733165
1781138872.221667,0.000993924,106166,7,854.520064
1781138872.222696,0.000991968,125056,8,1008.548663
1781138872.223695,0.001008183,113604,10,901.455391
1781138872.224707,0.001000061,125254,11,1001.970880
1781138872.225693,0.001002388,125188,10,999.118106
1781138872.226665,0.000988404,113472,8,918.426069
1781138872.227679,0.001004814,126504,8,1007.183419
1781138872.228812,0.000997938,125056,8,1002.515186
1781138872.229735,0.001007276,116302,7,923.695194
1781138872.230689,0.000995196,116566,11,937.029490
1781138872.231926,0.000996989,128084,10,1027.766605
1781138872.232758,0.001005823,110642,9,880.011692
1781138872.233678,0.000992211,126504,8,1019.976598
1781138872.234821,0.001002540,142564,10,1137.622439
1781138872.235657,0.000997195,123872,12,993.763507
1781138872.236682,0.001003303,125320,12,999.259446
1781138872.237688,0.001003914,120844,10,962.982885
1781138872.238705,0.000998352,119330,9,956.215844
1781138872.239687,0.000999972,123608,8,988.891689
1781138872.240736,0.000995012,110510,7,888.511897
1781138872.241742,0.001005093,125056,8,995.378537
1781138872.242703,0.000995972,132296,8,1062.648348
1781138872.243710,0.001002127,123608,8,986.765151
1781138872.244719,0.001003560,107548,6,857.331898
1781138872.245797,0.000999607,109260,10,874.423648
1781138872.246790,0.000993402,138286,11,1113.635769
1781138872.247821,0.001000279,110576,8,884.361263
1781138872.248795,0.001004088,112024,8,892.543283
1781138872.249710,0.001002285,130848,8,1044.397552
1781138872.250810,0.000994457,125056,8,1006.024393
1781138872.251692,0.000998841,126504,8,1013.206306
1781138872.252773,0.001000267,103270,7,825.939474
1781138872.253751,0.001000484,117948,10,943.127526
1781138872.254787,0.000999773,100440,8,803.702440
1781138872.255715,0.001012288,132428,10,1046.563824
1781138872.256669,0.000996964,123608,8,991.875334
1781138872.257660,0.000990235,110510,7,892.798174
1781138872.258687,0.000999739,129400,8,1035.470258
1781138872.259698,0.001008773,123542,7,979.740735
1781138872.260654,0.000993795,94582,7,761.380365
1781138872.261682,0.001000009,123740,10,989.911091
1781138872.262969,0.001000113,100440,8,803.429212
1781138872.263815,0.001003325,107680,8,858.585204
1781138872.264882,0.001000090,114920,8,919.277265
1781138872.265878,0.000994172,125056,8,1006.312791
1781138872.266764,0.001012799,116302,7,918.658095
1781138872.267738,0.000996557,119462,11,958.997830
1781138872.268730,0.000990503,123806,11,999.944473
1781138872.269708,0.001011572,128084,10,1012.950141
1781138872.270799,0.000998419,110576,8,886.008780
1781138872.271795,0.000999464,125056,8,1000.984528
1781138872.272694,0.000993552,125056,8,1006.940754
1781138872.273689,0.000997688,120646,7,967.404640
1781138872.274684,0.001011390,111958,7,885.577275
1781138872.275676,0.001001761,104850,9,837.325470
1781138872.276682,0.000998416,90238,7,723.049310
1781138872.277684,0.000987881,113472,8,918.912298
1781138872.278726,0.001012437,128084,10,1012.084703
1781138872.279677,0.000987428,120712,8,977.991307
1781138872.280854,0.001001105,128018,9,1023.013570
1781138872.281760,0.001006938,116302,7,924.005252
1781138872.282712,0.001003730,126768,12,1010.375300
1781138872.283685,0.000988333,115118,11,931.815491
1781138872.284810,0.001013345,123608,8,975.841397
1781138872.286300,0.000988480,120712,8,976.950469
1781138872.287312,0.000999290,125056,8,1001.158823
1781138872.287964,0.001003976,139668,10,1112.919034
1781138872.289283,0.000995866,122424,12,983.457614
1781138872.290813,0.000999876,128150,11,1025.327141
1781138872.291038,0.001009169,93068,6,737.779302
1781138872.291738,0.001003468,127952,8,1020.078368
1781138872.292688,0.001001901,127952,8,1021.673798
1781138872.293709,0.000984276,107614,8,874.665236
1781138872.294679,0.000999968,84314,5,674.533585
1781138872.295690,0.001004441,106232,8,846.098477
1781138872.296670,0.000999421,112024,8,896.711196
1781138872.297683,0.001004830,139668,10,1111.973170
1781138872.298714,0.000993445,77140,6,621.191913
1781138872.299764,0.000998331,132296,8,1060.137369
1781138872.300697,0.001000751,125056,8,999.697227
1781138872.301914,0.001000189,123608,8,988.677140
1781138872.302709,0.000999898,87276,6,698.279224
1781138872.303720,0.001003134,122358,11,975.805825
1781138872.305074,0.000996570,117948,10,946.831632
1781138872.305759,0.001011675,117882,9,932.172882
1781138872.306776,0.000988236,123608,8,1000.635476
1781138872.307817,0.001000011,123608,8,988.853123
1781138872.308977,0.000999581,115184,12,921.858259
1781138872.309747,0.001003440,91752,8,731.499641
1781138872.310769,0.000996929,128084,10,1027.828461
1781138872.311680,0.000999231,126570,9,1013.339258
1781138872.312725,0.001008824,125056,8,991.697263
1781138872.313720,0.000993962,109062,7,877.796133
1781138872.314835,0.001001269,112090,9,895.583505
1781138872.315739,0.000996958,112222,11,900.515368
1781138872.316904,0.000999782,238858,10,1911.280659
1781138872.317724,0.001005595,126636,10,1007.451310
1781138872.318789,0.000993575,107680,8,867.010543
1781138872.319685,0.001001439,154346,13,1232.993722
1781138872.320716,0.001010551,119462,11,945.717732
1781138872.321683,0.000993125,126702,11,1020.632851
1781138872.322718,0.001002741,117816,8,939.951593
1781138872.323672,0.000992072,128018,9,1032.328299
1781138872.324682,0.001001444,125056,8,999.005436
1781138872.325904,0.001009019,91554,5,725.885241
1781138872.326745,0.000998183,162968,12,1306.117215
1781138872.327696,0.000999223,103402,9,827.859247
1781138872.328776,0.001004614,112090,9,892.601537
1781138872.329700,0.000995523,93068,6,747.892314
1781138872.331065,0.001005041,112024,8,891.696956
1781138872.331698,0.000988417,146842,9,1188.502424
1781138872.333035,0.001000103,110510,7,883.988949
1781138872.333951,0.000999753,125056,8,1000.695172
1781138872.336360,0.001009356,24748,2,196.148832
1781138872.336562,0.000989937,0,0,0.000000
1781138872.336940,0.001005165,81438,3,648.156273
1781138872.337680,0.000997021,0,0,0.000000
1781138872.338974,0.001004528,0,0,0.000000
1781138872.340519,0.000993868,0,0,0.000000
1781138872.340662,0.001009948,0,0,0.000000
1781138872.341646,0.000996376,0,0,0.000000
1781138872.342724,0.000992566,0,0,0.000000
1781138872.343680,0.000999707,0,0,0.000000
1781138872.344685,0.001001088,0,0,0.000000
1781138872.345649,0.001003514,0,0,0.000000
1781138872.346684,0.000999959,0,0,0.000000
1781138872.347719,0.001006004,0,0,0.000000
1781138872.348708,0.000991089,0,0,0.000000
1781138872.349723,0.001004850,0,0,0.000000
1781138872.350748,0.000994264,0,0,0.000000
1781138872.351698,0.001004188,0,0,0.000000
1781138872.352677,0.000997079,0,0,0.000000
1781138872.353670,0.001004257,0,0,0.000000
1781138872.354704,0.001006155,0,0,0.000000
1781138872.355685,0.000988056,0,0,0.000000
1781138872.356655,0.001003190,0,0,0.000000
1781138872.357666,0.000997767,0,0,0.000000
1781138872.358680,0.000999450,0,0,0.000000
1781138872.359889,0.001006621,0,0,0.000000
1781138872.360687,0.001005830,0,0,0.000000
1781138872.361689,0.000988459,0,0,0.000000
1781138872.362748,0.001001724,0,0,0.000000
1781138872.363679,0.000998486,0,0,0.000000
1781138872.364723,0.000998381,0,0,0.000000
1781138872.365711,0.001013405,0,0,0.000000
1781138872.366719,0.000986104,0,0,0.000000
1781138872.367731,0.001001232,0,0,0.000000
1781138872.368889,0.001007709,0,0,0.000000
1781138872.369728,0.000994494,0,0,0.000000
1781138872.370768,0.001008232,0,0,0.000000
1781138872.371716,0.000994856,0,0,0.000000
1781138872.372690,0.000999163,0,0,0.000000
1781138872.373692,0.000999500,0,0,0.000000
1781138872.374707,0.000999938,0,0,0.000000
1781138872.375758,0.001009357,0,0,0.000000
1781138872.376770,0.000987866,0,0,0.000000
1781138872.377722,0.000999526,0,0,0.000000
1781138872.378766,0.001000358,0,0,0.000000
1781138872.379703,0.001005654,0,0,0.000000
1781138872.380703,0.000994899,0,0,0.000000
1781138872.381705,0.000998610,0,0,0.000000
1781138872.382709,0.001001231,0,0,0.000000
1781138872.383689,0.001000353,0,0,0.000000
1781138872.384730,0.001007854,0,0,0.000000
1781138872.385742,0.000997705,0,0,0.000000
1781138872.386713,0.000999481,0,0,0.000000
1781138872.387702,0.000999747,0,0,0.000000
1781138872.388708,0.000997481,0,0,0.000000
1781138872.389706,0.001003882,0,0,0.000000
1781138872.390715,0.001006228,0,0,0.000000
1781138872.392018,0.000987525,0,0,0.000000
1781138872.393196,0.000999813,0,0,0.000000
1781138872.394095,0.001009238,0,0,0.000000
1781138872.394904,0.000999235,0,0,0.000000
1781138872.395686,0.000991007,0,0,0.000000
1781138872.396734,0.001005865,0,0,0.000000
1781138872.397711,0.001000200,0,0,0.000000
1781138872.398718,0.001007454,0,0,0.000000
1781138872.399891,0.000998122,0,0,0.000000
1781138872.400678,0.001000548,0,0,0.000000
1781138872.401710,0.000999474,0,0,0.000000
1781138872.402703,0.000994124,0,0,0.000000
1781138872.403696,0.001003147,0,0,0.000000
1781138872.404647,0.000990829,0,0,0.000000
1781138872.405649,0.001006397,0,0,0.000000
1781138872.406695,0.000997787,0,0,0.000000
1781138872.407671,0.001001342,0,0,0.000000
1781138872.408670,0.001001400,0,0,0.000000
1781138872.409653,0.000999584,0,0,0.000000
1781138872.410684,0.000999340,0,0,0.000000
1781138872.411694,0.000992477,0,0,0.000000
1781138872.412668,0.001004945,0,0,0.000000
1781138872.413661,0.000995064,0,0,0.000000
1781138872.414679,0.000999982,0,0,0.000000
1781138872.415679,0.001013438,0,0,0.000000
1781138872.416668,0.000987460,0,0,0.000000
1781138872.417648,0.000999568,0,0,0.000000
1781138872.418692,0.001008664,0,0,0.000000
1781138872.419690,0.000995487,0,0,0.000000
1781138872.420665,0.000999398,0,0,0.000000
1781138872.421657,0.001007328,0,0,0.000000
1781138872.422684,0.001001639,0,0,0.000000
1781138872.423668,0.000987400,0,0,0.000000
1781138872.424674,0.001011640,0,0,0.000000
1781138872.425673,0.000997579,0,0,0.000000
1781138872.426682,0.000995621,0,0,0.000000
1781138872.427663,0.000994775,0,0,0.000000
1781138872.428672,0.001009156,0,0,0.000000
1781138872.429662,0.000991338,0,0,0.000000
1781138872.430662,0.000999713,0,0,0.000000
1781138872.431660,0.000999802,0,0,0.000000
1781138872.432648,0.001003817,0,0,0.000000
1781138872.433645,0.000996184,0,0,0.000000
1781138872.434671,0.001005248,0,0,0.000000
1781138872.435688,0.001001517,0,0,0.000000
1781138872.436671,0.000998633,0,0,0.000000
1781138872.437648,0.000994723,0,0,0.000000
1781138872.438811,0.001006547,0,0,0.000000
1781138872.439694,0.000994709,0,0,0.000000
1781138872.440666,0.000999233,0,0,0.000000
1781138872.441684,0.001004970,0,0,0.000000
1781138872.442681,0.000997493,0,0,0.000000
1781138872.443677,0.000996772,0,0,0.000000
1781138872.444686,0.001000330,0,0,0.000000
1781138872.445645,0.000999807,0,0,0.000000
1781138872.446689,0.001011580,0,0,0.000000
1781138872.447657,0.001001045,0,0,0.000000
1781138872.448659,0.001000646,0,0,0.000000
1781138872.449650,0.000994390,0,0,0.000000
1781138872.450678,0.000992519,0,0,0.000000
1781138872.451678,0.000999803,0,0,0.000000
1781138872.452646,0.001000343,0,0,0.000000
1781138872.453647,0.000999784,0,0,0.000000
1781138872.454669,0.001007309,0,0,0.000000
1781138872.455659,0.001000628,0,0,0.000000
1781138872.456678,0.001004141,0,0,0.000000
1781138872.457644,0.000987872,0,0,0.000000
1781138872.458984,0.001005903,0,0,0.000000
1781138872.459726,0.000994153,0,0,0.000000
1781138872.460734,0.001006525,0,0,0.000000
1781138872.461742,0.000994421,0,0,0.000000
1781138872.462677,0.001009163,0,0,0.000000
1781138872.463647,0.000990365,0,0,0.000000
1781138872.464677,0.001011245,0,0,0.000000
1781138872.465645,0.000988811,0,0,0.000000
1781138872.466681,0.000999464,0,0,0.000000
1781138872.467666,0.000999929,0,0,0.000000
1781138872.468665,0.001001125,0,0,0.000000
1781138872.469657,0.001011040,0,0,0.000000
1781138872.470687,0.000996240,0,0,0.000000
1781138872.471665,0.000991955,0,0,0.000000
1781138872.472663,0.001013101,0,0,0.000000
1781138872.473652,0.000990595,0,0,0.000000
1781138872.474681,0.000997227,0,0,0.000000
1781138872.475685,0.001005514,0,0,0.000000
1781138872.476683,0.000993707,0,0,0.000000
1781138872.477688,0.001014273,0,0,0.000000
1781138872.478681,0.000996194,0,0,0.000000
1781138872.479659,0.000997203,0,0,0.000000
1781138872.480653,0.000999976,0,0,0.000000
1781138872.481642,0.000991713,0,0,0.000000
1781138872.482691,0.001007865,0,0,0.000000
1781138872.483680,0.000992484,0,0,0.000000
1781138872.484659,0.001013505,0,0,0.000000
1781138872.485647,0.000990432,0,0,0.000000
1781138872.486686,0.001004834,0,0,0.000000
1781138872.487670,0.000998680,0,0,0.000000
1781138872.488665,0.000995478,0,0,0.000000
1781138872.489645,0.000997003,0,0,0.000000
1781138872.490686,0.001007815,0,0,0.000000
1781138872.491678,0.000992120,0,0,0.000000
1781138872.492644,0.001000404,0,0,0.000000
1781138872.493670,0.001000970,0,0,0.000000
1781138872.494673,0.001006320,0,0,0.000000
1781138872.495675,0.001005705,0,0,0.000000
1781138872.496716,0.000987461,0,0,0.000000
1781138872.497755,0.001012516,0,0,0.000000
1781138872.498717,0.001000920,0,0,0.000000
1781138872.499681,0.000986006,0,0,0.000000
1781138872.500649,0.001000385,0,0,0.000000
1781138872.501644,0.001001377,0,0,0.000000
1781138872.502662,0.000997896,0,0,0.000000
1781138872.503684,0.001006317,0,0,0.000000
1781138872.504660,0.000994219,0,0,0.000000
1781138872.505651,0.001008187,0,0,0.000000
1781138872.506692,0.001005079,0,0,0.000000
1781138872.507683,0.000991248,0,0,0.000000
1781138872.508669,0.001000252,0,0,0.000000
1781138872.509651,0.001001280,0,0,0.000000
1781138872.510662,0.000993446,0,0,0.000000
1781138872.511660,0.001010635,0,0,0.000000
1781138872.512648,0.000990269,0,0,0.000000
1781138872.513651,0.001007222,0,0,0.000000
1781138872.514689,0.001000787,0,0,0.000000
1781138872.515706,0.000998618,0,0,0.000000
1781138872.516659,0.000995523,0,0,0.000000
1781138872.517692,0.001003219,0,0,0.000000
1781138872.518688,0.000998931,0,0,0.000000
1781138872.519681,0.000996734,0,0,0.000000
1781138872.520654,0.001005490,0,0,0.000000
1781138872.521646,0.000993145,0,0,0.000000
1781138872.522679,0.000999868,0,0,0.000000
1781138872.523678,0.001000493,0,0,0.000000
1781138872.524668,0.001003356,0,0,0.000000
1781138872.525646,0.000996445,0,0,0.000000
1781138872.526680,0.000999511,0,0,0.000000
1781138872.527664,0.001004227,0,0,0.000000
1781138872.528659,0.001003988,0,0,0.000000
1781138872.529666,0.000994230,0,0,0.000000
1781138872.530693,0.001010841,0,0,0.000000
1781138872.531670,0.000986794,0,0,0.000000
1781138872.532645,0.000999606,0,0,0.000000
1781138872.533652,0.001007366,0,0,0.000000
1781138872.534667,0.000997154,0,0,0.000000
1781138872.535674,0.001009176,0,0,0.000000
1781138872.536664,0.000986429,0,0,0.000000
1781138872.537655,0.001011349,0,0,0.000000
1781138872.538661,0.000988447,0,0,0.000000
1781138872.539675,0.001000515,0,0,0.000000
1781138872.540649,0.000999808,0,0,0.000000
1781138872.541668,0.001006613,0,0,0.000000
1781138872.542691,0.001001964,0,0,0.000000
1781138872.543658,0.000991561,0,0,0.000000
1781138872.544663,0.001001579,0,0,0.000000
1781138872.545662,0.001002872,0,0,0.000000
1781138872.546766,0.001000310,16060,2,128.440184
1781138872.547678,0.000996004,88790,7,713.169827
1781138872.548677,0.001002772,112090,9,894.241163
1781138872.549645,0.000996738,125188,10,1004.781598
1781138872.550705,0.001001561,119198,7,952.097775
1781138872.551688,0.001007530,103270,7,819.985509
1781138872.552670,0.000990007,115118,11,930.239887
1781138872.553650,0.001002566,125254,11,999.467367
1781138872.554712,0.001003045,107680,8,858.824878
1781138872.555702,0.001004217,113538,9,904.489767
1781138872.556655,0.000993605,88658,5,713.828936
1781138872.557851,0.001005030,123608,8,983.914908
1781138872.558862,0.000993722,125386,13,1009.425171
1781138872.559908,0.001012442,115052,10,909.104917
1781138872.560816,0.000997256,114986,9,922.419118
1781138872.561743,0.000997239,126636,10,1015.892880
1781138872.563016,0.000991845,109062,7,879.669706
1781138872.563730,0.000999757,124990,7,1000.163040
1781138872.564952,0.001012709,125056,8,987.892870
1781138872.565814,0.000993741,123608,8,995.092283
1781138872.566812,0.001004057,126636,10,1008.994509
1781138872.567782,0.000991077,117882,9,951.546651
1781138872.568777,0.000998728,128084,10,1025.977043
1781138872.569686,0.000999841,109062,7,872.634749
1781138872.570715,0.001000433,91686,7,733.170537
1781138872.571712,0.000999586,85960,8,687.964817
1781138872.572800,0.000999626,90370,9,723.230488
1781138872.573697,0.001000887,113472,8,906.971516
1781138872.574709,0.000999263,114854,7,919.509679
1781138872.575769,0.001006423,88724,6,705.262102
1781138872.576698,0.000993543,82866,5,667.236345
1781138872.577677,0.001000602,94780,10,757.783814
1781138872.578719,0.001010246,102020,10,807.882437
1781138872.579652,0.000988548,96096,8,777.673922
1781138872.580660,0.001001825,106166,7,847.780800
1781138872.581648,0.000999273,104718,7,838.353483
1781138872.582749,0.001009686,84314,5,668.041351
1781138872.583732,0.000997521,135258,9,1084.753103
1781138872.584733,0.000992255,113538,9,915.393724
1781138872.585801,0.001000643,123872,12,990.339212
1781138872.586758,0.000999472,128150,11,1025.741592
1781138872.587757,0.001013715,112090,9,884.587877
1781138872.588734,0.000996138,125056,8,1004.326710
1781138872.589734,0.000996114,125056,8,1004.350908
1781138872.590803,0.000998393,119198,7,955.118876
1781138872.591733,0.000999784,127952,8,1023.837149
1781138872.592746,0.000996555,106166,7,852.264050
1781138872.593749,0.001011915,127886,7,1011.041441
1781138872.595899,0.000987352,114788,6,930.067494
1781138872.595951,0.001000457,112090,9,896.310386
1781138872.596709,0.001004790,128150,11,1020.312702
1781138872.597744,0.000995164,107614,7,865.095602
1781138872.598719,0.001004222,112024,8,892.424185
1781138872.599674,0.001000333,129400,8,1034.855393
1781138872.600679,0.001003988,123608,8,984.936075
1781138872.601657,0.000990950,113538,9,916.599223
1781138872.602716,0.001005439,119330,9,949.475801
1781138872.603731,0.000998181,125188,10,1003.329056
1781138872.604660,0.001001653,130980,10,1046.110779
1781138872.605657,0.000994905,111958,7,900.250778
1781138872.606701,0.001012538,113406,7,896.013779
1781138872.607797,0.000990278,125056,8,1010.269843
1781138872.608726,0.000997463,122160,8,979.765665
1781138872.609709,0.001007123,125320,12,995.469272
1781138872.610703,0.000992748,113670,11,916.002853
1781138872.611689,0.000999336,125188,10,1002.169441
1781138872.612673,0.001008825,125056,8,991.696280
1781138872.613674,0.000993974,125056,8,1006.513249
1781138872.614692,0.001005425,125056,8,995.049855
1781138872.615676,0.000996157,120646,7,968.891450
1781138872.616661,0.000999476,109062,7,872.953428
1781138872.617655,0.001003825,123476,6,984.044032
1781138872.618676,0.000999499,107680,8,861.871798
1781138872.619686,0.000995443,125122,9,1005.558329
1781138872.620700,0.001009500,125188,10,992.079247
1781138872.621703,0.000994459,125122,9,1006.553312
1781138872.622679,0.000994518,125056,8,1005.962687
1781138872.623670,0.001008976,119198,7,945.100775
1781138872.624659,0.000991011,129400,8,1044.589818
1781138872.625766,0.000999545,104718,7,838.125347
1781138872.626821,0.001009059,126372,6,1001.899790
1781138872.627715,0.001003793,116236,6,926.374262
1781138872.628672,0.000993578,114920,8,925.302291
1781138872.629685,0.000993165,120778,9,972.873591
1781138872.630684,0.001000051,126636,10,1013.036335
1781138872.631672,0.001014117,128084,10,1010.408069
1781138872.632678,0.000986276,125056,8,1014.369203
1781138872.633667,0.001003506,98860,6,788.116862
1781138872.634718,0.001006075,127952,8,1017.435082
1781138872.635687,0.000995980,127952,8,1027.747545
1781138872.636652,0.000993842,124924,6,1005.584389
1781138872.637652,0.001000196,100374,7,802.834644
1781138872.638668,0.001002165,128018,9,1021.931518
1781138872.639690,0.000998853,120844,10,967.862138
1781138872.640692,0.001010745,117882,9,933.030586
1781138872.641654,0.000994102,127952,8,1029.689106
1781138872.642684,0.001001553,129400,8,1033.594827
1781138872.643672,0.000997684,111958,7,897.743173
1781138872.644651,0.000995029,123542,7,993.273563
1781138872.645658,0.001006373,126372,6,1004.573851
1781138872.647005,0.001004627,106034,5,844.365123
1781138872.647723,0.000992212,110642,9,892.083547
1781138872.648711,0.001002506,132428,10,1056.775720
1781138872.649745,0.001000933,114986,9,919.030545
1781138872.650768,0.000993743,113406,7,912.960393
1781138872.651734,0.001000112,129400,8,1035.084071
1781138872.652708,0.001003540,123608,8,985.375770
1781138872.653669,0.000995975,112156,10,900.874018
1781138872.654735,0.001000072,125188,10,1001.431897
1781138872.655664,0.001003257,125188,10,998.252691
1781138872.656679,0.001001332,125122,9,999.644474
1781138872.657676,0.001002776,125056,8,997.678445
1781138872.658681,0.000992336,116302,7,937.601780
1781138872.659796,0.001000403,127952,8,1023.203649
1781138872.661059,0.001005244,107614,7,856.420929
1781138872.661777,0.000994818,126438,7,1016.772917
1781138872.662751,0.001003204,106034,5,845.562817
1781138872.663692,0.001003476,120844,10,963.403210
1781138872.664711,0.001000799,126636,10,1012.279189
1781138872.665788,0.001002696,116434,9,928.967504
1781138872.666770,0.001001744,113472,8,906.195595
1781138872.667770,0.000987749,125056,8,1012.856505
1781138872.668710,0.001002434,126504,8,1009.574695
1781138872.669702,0.001001406,126504,8,1010.611081
1781138872.670745,0.001007469,109128,8,866.551725
1781138872.671698,0.001000960,123674,9,988.443095
1781138872.672755,0.000999287,119330,9,955.321144
1781138872.673760,0.000989418,130980,10,1059.046834
1781138872.674746,0.001009093,114986,9,911.598832
1781138872.677026,0.000993791,130848,8,1053.324089
1781138872.677185,0.001006219,107614,7,855.591079
1781138872.677727,0.000995081,123740,10,994.813488
1781138872.678880,0.000995966,110796,10,889.958091
1781138872.679718,0.000998685,125188,10,1002.822712
1781138872.681478,0.001005926,125122,9,995.079161
1781138872.681762,0.000994616,125056,8,1005.863569
1781138872.682771,0.001002826,114854,7,916.242698
1781138872.683726,0.000996660,111958,7,898.665543
1781138872.685182,0.001000298,125056,8,1000.149955
1781138872.685701,0.000999714,123740,10,990.203198
1781138872.686721,0.001012238,126636,10,1000.839723
1781138872.687711,0.000988403,122292,10,989.814883
1781138872.688663,0.001001117,111958,7,894.664660
1781138872.689662,0.001005421,125056,8,995.053813
1781138872.690701,0.000993145,119198,7,960.165938
1781138872.691685,0.001006093,126504,8,1005.903033
1781138872.692661,0.000993832,106166,7,854.599168
1781138872.693650,0.001000559,120778,9,965.684183
1781138872.694677,0.001000335,125188,10,1001.168609
1781138872.695673,0.001001067,126702,11,1012.535624
1781138872.696672,0.000997882,128018,9,1026.317741
1781138872.697680,0.001013487,109062,7,860.885241
1781138872.698722,0.000996659,125056,8,1003.801701
1781138872.699698,0.001000411,126570,9,1012.144009
1781138872.700675,0.000989430,109260,10,883.417725
1781138872.701708,0.001005551,129532,10,1030.535497
1781138872.706428,0.001000898,126636,10,1012.179063
1781138872.706466,0.000994450,112308,10,903.478305
1781138872.706483,0.001011145,125056,8,989.420904
1781138872.706497,0.000992212,127952,8,1031.650494
1781138872.706701,0.000999171,106166,7,850.032677
1781138872.707693,0.001005020,126504,8,1006.976976
1781138872.708663,0.000992661,126636,10,1020.578022
1781138872.709650,0.000999636,125188,10,1001.868680
1781138872.710805,0.001001755,112090,9,895.149013
1781138872.711746,0.001003183,128018,9,1020.894493
1781138872.712713,0.000994719,113406,7,912.064613
1781138872.713737,0.001007716,125056,8,992.787650
1781138872.714761,0.000993953,123608,8,994.880040
1781138872.715726,0.001008776,112024,8,888.395442
1781138872.716753,0.000993328,123740,10,996.569109
1781138872.717708,0.000996407,125188,10,1005.115380
1781138872.718720,0.001004734,126570,9,1007.789126
1781138872.719751,0.000994880,114920,8,924.091348
1781138872.720692,0.001006517,130848,8,1040.006279
1781138872.721726,0.001001300,125056,8,999.149106
1781138872.722711,0.000993319,104718,7,843.378613
1781138872.723708,0.000998986,126504,8,1013.059242
1781138872.724699,0.001000350,113340,6,906.402759
1781138872.725757,0.000999648,125122,9,1001.328468
1781138872.726774,0.001009807,120778,9,956.840267
1781138872.727810,0.000992522,113538,9,915.147473
1781138872.728686,0.001005603,128018,9,1018.437694
1781138872.729677,0.000992376,129400,8,1043.152998
1781138872.730707,0.001003355,106166,7,846.488033
1781138872.731671,0.000995958,119264,8,957.984172
1781138872.732692,0.001013087,125188,10,988.566629
1781138872.733655,0.000993863,116434,9,937.223742
1781138872.734723,0.000994249,117882,9,948.510886
1781138872.735679,0.001002178,128084,10,1022.445115
1781138872.736647,0.000999148,127952,8,1024.488865
1781138872.737644,0.000997936,110510,7,885.908515
1781138872.738767,0.001000639,126504,8,1011.385725
1781138872.739672,0.001000766,109128,8,872.355775
1781138872.740662,0.001004700,125188,10,996.818951
1781138872.741650,0.000997258,125188,10,1004.257675
1781138872.742844,0.001011427,123674,9,978.213949
1781138872.743716,0.000998910,126570,9,1013.664895
1781138872.744698,0.000985298,117750,7,956.055934
1781138872.745728,0.001005565,122292,10,972.921691
1781138872.747406,0.000997581,123806,11,992.849703
1781138872.747707,0.001004911,75692,6,602.576746
1781138872.748679,0.000999132,116434,9,932.281220
1781138872.749697,0.001001505,95964,6,766.558330
1781138872.751036,0.000997458,79970,5,641.390414
1781138872.751678,0.000998530,46534,3,372.820045
1781138872.752746,0.000997204,122226,9,980.549617
1781138872.753725,0.001004661,116566,11,928.201652
1781138872.754741,0.000994996,119396,10,959.971698
1781138872.755713,0.000999603,129532,10,1036.667557
1781138872.756748,0.001003403,97478,7,777.179259
1781138872.757702,0.000997414,139602,9,1119.711574
1781138872.758812,0.000999056,110564,8,885.347768
1781138872.759681,0.001004951,107548,6,856.145225
1781138872.760689,0.000994490,114986,9,924.984666
1781138872.761672,0.001007212,126702,11,1006.358145
1781138872.762688,0.000993993,98992,8,796.721909
1781138872.763675,0.000998707,91686,7,734.437628
1781138872.764661,0.001007848,130848,8,1038.632810
1781138872.765649,0.000991747,107614,7,868.076233
1781138872.766732,0.001001849,145394,9,1161.005301
1781138872.767668,0.000999346,98860,6,791.397574
1781138872.768679,0.000999916,94648,8,757.247609
1781138872.769687,0.001004333,104850,9,835.181160
1781138872.770720,0.000995512,125188,10,1006.019013
1781138872.771672,0.000999896,111958,7,895.757159
1781138872.772654,0.001000513,110510,7,883.626700
1781138872.773656,0.001005844,136970,13,1089.393584
1781138872.774707,0.000994140,125320,12,1008.469632
1781138872.775698,0.001004181,116500,10,928.119532
1781138872.776666,0.001008644,126636,10,1004.405915
1781138872.777674,0.000986838,109062,7,884.132958
1781138872.778708,0.001010403,125056,8,990.147496
1781138872.779669,0.000989475,123674,9,999.916117
1781138872.780682,0.001001272,123806,11,989.189751
1781138872.781652,0.000999020,128150,11,1026.205682
1781138872.782723,0.001007655,119330,9,947.387747
1781138872.783678,0.000994537,109128,8,877.819528
1781138872.784656,0.000997113,125056,8,1003.344656
1781138872.785655,0.001005239,125056,8,995.233969
1781138872.786714,0.001007714,129400,8,1027.275596
1781138872.787729,0.000987409,103204,6,836.160092
1781138872.788737,0.000999674,124924,6,999.717908
1781138872.789746,0.001000795,122094,7,975.976099
1781138872.790731,0.001016050,117882,9,928.159047
1781138872.791755,0.000995106,123674,9,994.257898
1781138872.792714,0.000988814,128018,9,1035.729672
1781138872.793792,0.000999735,110510,7,884.314343
1781138872.794768,0.001014060,126504,8,998.000118
1781138872.795800,0.000985799,123740,10,1004.180365
1781138872.796795,0.001000128,123806,11,990.321239
1781138872.797905,0.001001373,116434,9,930.194842
1781138872.798851,0.001014766,132428,10,1044.008175
1781138872.799764,0.000997691,110510,7,886.126065
1781138872.800700,0.000986584,127952,8,1037.535577
1781138872.801775,0.001001977,120844,10,964.844502
1781138872.802824,0.001007718,115052,10,913.366636
1781138872.803797,0.000990002,125188,10,1011.618158
1781138872.804732,0.001007605,120778,9,958.931327
1781138872.805811,0.001002968,113472,8,905.089694
1781138872.806835,0.000989861,129400,8,1045.803401
1781138872.807779,0.000999658,126504,8,1012.378233
1781138872.808702,0.001003197,113406,7,904.356771
1781138872.809699,0.001009239,127820,6,1013.199054
1781138872.810705,0.000998940,122028,6,977.259895
1781138872.812019,0.000989765,110510,7,893.222128
1781138872.812682,0.001011398,126636,10,1001.670954
1781138872.813796,0.000987665,120844,10,978.825816
1781138872.814710,0.001001967,116368,8,929.116428
1781138872.815789,0.000998972,110510,7,884.989769
1781138872.816719,0.001004381,126504,8,1007.617627
1781138872.817685,0.001004858,132296,8,1053.251305
1781138872.818958,0.000989357,119462,11,965.976892
1781138872.819718,0.001010013,97544,8,772.615798
1781138872.820678,0.000995695,117882,9,947.133409
1781138872.821681,0.001001372,129466,9,1034.308928
1781138872.822711,0.000993022,112024,8,902.489572
1781138872.823669,0.000999327,127952,8,1024.305358
1781138872.824666,0.001008732,110510,7,876.427039
1781138872.825672,0.000991842,125056,8,1008.676785
1781138872.826663,0.001000067,123674,9,989.325715
1781138872.827664,0.001012260,125188,10,989.374271
1781138872.828664,0.000999647,125188,10,1001.857656
1781138872.829729,0.001001362,114920,8,918.109535
1781138872.831254,0.000988482,111958,7,906.100465
1781138872.831752,0.000999295,126504,8,1012.745986
1781138872.833189,0.001013084,130848,8,1033.264764
1781138872.833831,0.000985644,106166,7,861.698544
1781138872.834937,0.001011911,125188,10,989.715499
1781138872.835812,0.000987937,125188,10,1013.732657
1781138872.836739,0.001000511,110576,8,884.156196
1781138872.837885,0.000999306,114854,7,919.470112
1781138872.838759,0.001003319,123608,8,985.592817
1781138872.839721,0.001003124,83130,9,662.968885
1781138872.840769,0.001006527,117948,10,937.465165
1781138872.841775,0.000991359,126702,11,1022.450999
1781138872.843189,0.000996571,129532,10,1039.821548
1781138872.844399,0.001005186,112024,8,891.568327
1781138872.845134,0.001007283,125056,8,993.214419
1781138872.846033,0.000988631,129400,8,1047.104531
1781138872.847483,0.001010088,122160,8,967.519662
1781138872.848148,0.000996977,110510,7,886.760678
1781138872.848731,0.001000266,122358,11,978.603691
1781138872.849671,0.000991190,128084,10,1033.779598
1781138872.850911,0.001008354,113472,8,900.255267
1781138872.851735,0.000991034,128018,9,1033.409550
1781138872.852830,0.001000242,125056,8,1000.205950
1781138872.853987,0.001000712,109062,7,871.875225
1781138872.854887,0.001012882,126504,8,999.160810
1781138872.856076,0.000995004,126438,7,1016.582848
1781138872.856888,0.001003223,104586,5,834.000018
1781138872.857693,0.000988628,119264,8,965.086969
1781138872.859112,0.001000459,130980,10,1047.359262
1781138872.859765,0.000999525,117882,9,943.504164
1781138872.860756,0.001000214,123608,8,988.652428
1781138872.861766,0.001006400,117882,9,937.058824
1781138872.862742,0.001005188,125320,12,997.385564
1781138872.863870,0.000997311,110642,9,887.522548
1781138872.865035,0.000991572,123608,8,997.268983
1781138872.865855,0.001000294,128018,9,1023.842990
1781138872.866768,0.001005787,125056,8,994.691719
1781138872.868061,0.000994171,129400,8,1041.269560
1781138872.883111,0.001007037,110510,7,877.902202
1781138872.883266,0.000991787,122292,10,986.437612
1781138872.883327,0.001000270,112090,9,896.477951
1781138872.883407,0.001011210,138286,11,1094.023991
1781138872.883472,0.000999619,111958,7,896.005378
1781138872.883533,0.000993500,125056,8,1006.993457
1781138872.883578,0.001001610,113406,7,905.789679
1781138872.883684,0.001000613,122358,11,978.264324
1781138872.883766,0.000993265,128150,11,1032.151541
1781138872.883879,0.001008053,113472,8,900.524080
1781138872.883924,0.000992120,109128,8,879.958070
1781138872.883983,0.000999501,116302,7,930.880509
1781138872.884048,0.001006429,127952,8,1017.077211
1781138872.884092,0.000998587,125056,8,1001.863633
1781138872.884170,0.001003964,125056,8,996.497882
1781138872.884286,0.000992241,110708,10,892.589603
1781138872.886686,0.001009292,123740,10,980.806347
1781138872.887145,0.000996465,110576,8,887.746183
1781138872.887271,0.000993841,109128,8,878.434277
1781138872.888034,0.001000002,125056,8,1000.445999
1781138872.889006,0.001005712,136772,10,1087.961564
1781138872.889714,0.000995135,122424,12,984.180036
1781138872.890981,0.001003179,81484,6,649.806266
1781138872.892111,0.000996355,113538,9,911.626880
1781138872.893877,0.001999590,221086,15,884.525328
1781138872.894734,0.001004407,125056,8,996.058371
1781138872.895705,0.000999450,117750,7,942.518385
1781138872.896712,0.001002985,97412,6,776.976724
1781138872.897702,0.001001739,160072,12,1278.352944
1781138872.898714,0.000992014,123740,10,997.889143
1781138872.899696,0.000999569,112024,8,896.578425
1781138872.900694,0.001005591,125122,9,995.410659
1781138872.901790,0.000998367,125056,8,1002.084404
1781138872.902917,0.001006239,117750,7,936.159302
1781138872.903677,0.000999516,0,0,0.000000
1781138872.904734,0.000998063,0,0,0.000000
1781138872.905840,0.000999101,78390,3,627.684288
1781138872.906709,0.001003394,0,0,0.000000
1781138872.907704,0.001003388,0,0,0.000000
1781138872.911334,0.000985994,0,0,0.000000
1781138872.911381,0.001009888,0,0,0.000000
1781138872.911399,0.000989961,0,0,0.000000
1781138872.911695,0.001007258,0,0,0.000000
1781138872.912703,0.001003850,0,0,0.000000
1781138872.913720,0.000988240,0,0,0.000000
1781138872.914706,0.001004789,0,0,0.000000
1781138872.916030,0.001009254,0,0,0.000000
1781138872.916666,0.000993861,0,0,0.000000
1781138872.917679,0.000992723,0,0,0.000000
1781138872.918692,0.001003310,0,0,0.000000
1781138872.919752,0.001001863,0,0,0.000000
1781138872.920748,0.000999571,0,0,0.000000
1781138872.921697,0.001001116,0,0,0.000000
1781138872.922701,0.000993211,0,0,0.000000
1781138872.923717,0.001004748,0,0,0.000000
1781138872.924771,0.000995817,0,0,0.000000
1781138872.925683,0.001000284,0,0,0.000000
1781138872.927347,0.001000326,0,0,0.000000
1781138872.927695,0.001005489,0,0,0.000000
1781138872.928650,0.000997656,0,0,0.000000
1781138872.929666,0.001000735,0,0,0.000000
1781138872.930905,0.000996733,0,0,0.000000
1781138872.931662,0.000999001,0,0,0.000000
1781138872.932658,0.001001591,0,0,0.000000
1781138872.933689,0.000998306,0,0,0.000000
1781138872.934768,0.001007525,0,0,0.000000
1781138872.935733,0.001003093,0,0,0.000000
1781138872.936724,0.000995133,0,0,0.000000
1781138872.938090,0.000993994,0,0,0.000000
1781138872.939295,0.001007096,0,0,0.000000
1781138872.939724,0.000993993,0,0,0.000000
1781138872.940717,0.000999641,0,0,0.000000
1781138872.941725,0.001000122,0,0,0.000000
1781138872.942744,0.001003203,0,0,0.000000
1781138872.943691,0.000998113,0,0,0.000000
1781138872.944699,0.001010597,0,0,0.000000
1781138872.945681,0.000988655,0,0,0.000000
1781138872.946708,0.001009448,0,0,0.000000
1781138872.947687,0.001000157,0,0,0.000000
1781138872.948663,0.000996600,0,0,0.000000
1781138872.949673,0.000996706,0,0,0.000000
1781138872.950688,0.000995324,0,0,0.000000
1781138872.951649,0.001001320,0,0,0.000000
1781138872.952655,0.001008067,0,0,0.000000
1781138872.953649,0.000993125,0,0,0.000000
1781138872.954664,0.001000398,0,0,0.000000
1781138872.955670,0.001008628,0,0,0.000000
1781138872.956656,0.000999418,0,0,0.000000
1781138872.957653,0.001000760,0,0,0.000000
1781138872.958678,0.000989086,0,0,0.000000
1781138872.959662,0.000999403,0,0,0.000000
1781138872.960675,0.001004404,0,0,0.000000
1781138872.961648,0.000995464,0,0,0.000000
1781138872.962695,0.001005271,0,0,0.000000
1781138872.963657,0.000995177,0,0,0.000000
1781138872.964664,0.001013483,0,0,0.000000
1781138872.965659,0.000997890,0,0,0.000000
1781138872.966659,0.000992199,0,0,0.000000
1781138872.967658,0.000997078,0,0,0.000000
1781138872.968657,0.001011364,0,0,0.000000
1781138872.969653,0.000997395,0,0,0.000000
1781138872.970673,0.000999543,0,0,0.000000
1781138872.971686,0.000996981,0,0,0.000000
1781138872.972661,0.000993557,0,0,0.000000
1781138872.973653,0.001000929,0,0,0.000000
1781138872.974695,0.001007121,0,0,0.000000
1781138872.975653,0.001001787,0,0,0.000000
1781138872.976649,0.000995427,0,0,0.000000
1781138872.977663,0.001008831,0,0,0.000000
1781138872.978690,0.000986943,0,0,0.000000
1781138872.979663,0.000999471,0,0,0.000000
1781138872.980663,0.001013908,0,0,0.000000
1781138872.981668,0.000986347,0,0,0.000000
1781138872.982708,0.001009904,0,0,0.000000
1781138872.983675,0.001001734,0,0,0.000000
1781138872.984705,0.000988628,0,0,0.000000
1781138872.985666,0.001009822,0,0,0.000000
1781138872.986683,0.001000445,0,0,0.000000
1781138872.987653,0.000995033,0,0,0.000000
1781138872.988843,0.001006175,0,0,0.000000
1781138872.989665,0.000999581,0,0,0.000000
1781138872.990714,0.000988322,0,0,0.000000
1781138872.991688,0.001006197,0,0,0.000000
1781138872.992650,0.000993602,0,0,0.000000
1781138872.993675,0.001000271,0,0,0.000000
1781138872.994712,0.001009960,0,0,0.000000
1781138872.995664,0.000989985,0,0,0.000000
1781138872.996645,0.000999795,0,0,0.000000
1781138872.997676,0.001002526,0,0,0.000000
1781138872.998695,0.001011182,0,0,0.000000
1781138872.999675,0.000987335,0,0,0.000000
1781138873.000658,0.001004064,0,0,0.000000
1781138873.001658,0.001003910,0,0,0.000000
1781138873.002700,0.001000798,0,0,0.000000
1781138873.003681,0.000990535,0,0,0.000000
1781138873.004646,0.001000196,0,0,0.000000
1781138873.005643,0.001000041,0,0,0.000000
1781138873.006691,0.001010809,0,0,0.000000
1781138873.007662,0.000989384,0,0,0.000000
1781138873.008665,0.001002644,0,0,0.000000
1781138873.009650,0.001001426,0,0,0.000000
1781138873.010698,0.001010539,0,0,0.000000
1781138873.011653,0.000991975,0,0,0.000000
1781138873.012655,0.001001315,0,0,0.000000
1781138873.013646,0.000992135,0,0,0.000000
1781138873.014674,0.001002498,0,0,0.000000
1781138873.015676,0.001007842,0,0,0.000000
1781138873.016661,0.000995255,0,0,0.000000
1781138873.017656,0.001007919,0,0,0.000000
1781138873.018667,0.000988522,0,0,0.000000
1781138873.019663,0.000997274,0,0,0.000000
1781138873.020644,0.000999829,0,0,0.000000
1781138873.021648,0.001005522,0,0,0.000000
1781138873.022667,0.000998567,0,0,0.000000
1781138873.023690,0.001008593,0,0,0.000000
1781138873.024659,0.000987995,0,0,0.000000
1781138873.025657,0.001009432,0,0,0.000000
1781138873.026691,0.001003065,0,0,0.000000
1781138873.027667,0.000993212,0,0,0.000000
1781138873.028662,0.000995870,0,0,0.000000
1781138873.029644,0.000997803,0,0,0.000000
1781138873.030670,0.001009116,0,0,0.000000
1781138873.031666,0.000996641,0,0,0.000000
1781138873.032675,0.001008075,0,0,0.000000
1781138873.033643,0.000986573,0,0,0.000000
1781138873.034684,0.001005909,0,0,0.000000
1781138873.035674,0.001003776,0,0,0.000000
1781138873.036669,0.000994836,0,0,0.000000
1781138873.037664,0.000995454,0,0,0.000000
1781138873.038667,0.001004826,0,0,0.000000
1781138873.039684,0.000996396,0,0,0.000000
1781138873.040665,0.001006700,0,0,0.000000
1781138873.041646,0.000991686,0,0,0.000000
1781138873.042693,0.001001515,0,0,0.000000
1781138873.043689,0.001004733,0,0,0.000000
1781138873.044658,0.001005941,0,0,0.000000
1781138873.045654,0.000997817,0,0,0.000000
1781138873.046664,0.000990072,0,0,0.000000
1781138873.047688,0.001007293,0,0,0.000000
1781138873.048669,0.001004761,0,0,0.000000
1781138873.049649,0.000990780,0,0,0.000000
1781138873.050760,0.000997098,0,0,0.000000
1781138873.051742,0.001000430,0,0,0.000000
1781138873.052699,0.001007343,0,0,0.000000
1781138873.053753,0.000993020,0,0,0.000000
1781138873.054695,0.001000495,0,0,0.000000
1781138873.055675,0.001009785,0,0,0.000000
1781138873.056659,0.001001001,0,0,0.000000
1781138873.057673,0.000988389,0,0,0.000000
1781138873.058671,0.000999881,0,0,0.000000
1781138873.059733,0.001001248,0,0,0.000000
1781138873.060701,0.000999461,0,0,0.000000
1781138873.061689,0.000999090,0,0,0.000000
1781138873.062677,0.001003238,0,0,0.000000
1781138873.063684,0.000997856,0,0,0.000000
1781138873.064672,0.001005415,0,0,0.000000
1781138873.065646,0.000993485,0,0,0.000000
1781138873.066674,0.001012358,0,0,0.000000
1781138873.067662,0.000987852,0,0,0.000000
1781138873.068676,0.001012371,0,0,0.000000
1781138873.069673,0.000996609,0,0,0.000000
1781138873.070678,0.000990673,0,0,0.000000
1781138873.071670,0.001007107,0,0,0.000000
1781138873.072672,0.000996239,0,0,0.000000
1781138873.073692,0.001006163,0,0,0.000000
1781138873.074681,0.000990465,0,0,0.000000
1781138873.075748,0.001000993,0,0,0.000000
1781138873.076713,0.000999895,0,0,0.000000
1781138873.077694,0.000999037,0,0,0.000000
1781138873.078648,0.001000051,0,0,0.000000
1781138873.079646,0.001000020,0,0,0.000000
1781138873.080645,0.001000203,0,0,0.000000
1781138873.081713,0.000999817,0,0,0.000000
1781138873.082718,0.001000214,0,0,0.000000
1781138873.083735,0.001015896,0,0,0.000000
1781138873.084718,0.000991460,0,0,0.000000
1781138873.085700,0.000993565,0,0,0.000000
1781138873.086740,0.001012215,0,0,0.000000
1781138873.087765,0.000993765,0,0,0.000000
1781138873.088730,0.000997520,0,0,0.000000
1781138873.089759,0.000998950,0,0,0.000000
1781138873.090756,0.001002249,0,0,0.000000
1781138873.091708,0.000994153,0,0,0.000000
1781138873.092707,0.001008542,0,0,0.000000
1781138873.093734,0.000992479,0,0,0.000000
1781138873.094675,0.001003700,0,0,0.000000
1781138873.095675,0.000995174,0,0,0.000000
1781138873.096775,0.001013565,0,0,0.000000
1781138873.097749,0.000998732,0,0,0.000000
1781138873.098713,0.000994055,0,0,0.000000
1781138873.099733,0.001000776,0,0,0.000000
1781138873.100671,0.001003314,0,0,0.000000
1781138873.101647,0.000990197,0,0,0.000000
1781138873.102741,0.000999812,0,0,0.000000
1781138873.103738,0.001008147,0,0,0.000000
1781138873.104755,0.001003719,0,0,0.000000
1781138873.105731,0.000999412,0,0,0.000000
1781138873.106722,0.000988922,0,0,0.000000
1781138873.107705,0.001000453,0,0,0.000000
1781138873.108707,0.000999109,0,0,0.000000
1781138873.109812,0.001004058,0,0,0.000000
1781138873.110955,0.000995923,0,0,0.000000
1781138873.111723,0.001000716,0,0,0.000000
1781138873.112674,0.001014429,0,0,0.000000
1781138873.113661,0.000991990,0,0,0.000000
1781138873.114736,0.000997219,1514,1,12.145777
1781138873.115757,0.001003712,125254,11,998.326213
1781138873.116777,0.000997731,126636,10,1015.391924
1781138873.118661,0.000994354,112090,9,901.811628
1781138873.118711,0.001007146,132362,9,1051.382818
1781138873.120214,0.001009839,109062,7,863.995152
1781138873.120665,0.000993849,125056,8,1006.639842
1781138873.121718,0.000994690,146908,10,1181.537967
1781138873.122705,0.000996795,119462,11,958.768854
1781138873.123679,0.001006437,117948,10,937.548997
1781138873.124662,0.000990991,133876,10,1080.744427
1781138873.125666,0.001000766,112024,8,895.506042
1781138873.126693,0.001008026,130848,8,1038.449405
1781138873.127684,0.001000924,120976,12,966.914571
1781138873.128661,0.001003632,123740,10,986.337622
1781138873.129646,0.000986416,128084,10,1038.782826
1781138873.130693,0.001008756,110642,9,877.453021
1781138873.131686,0.000992567,125056,8,1007.940018
1781138873.132682,0.001010778,125056,8,989.780150
1781138873.133694,0.000997556,101756,6,816.042408
1781138873.134728,0.001001870,72796,6,581.281005
1781138873.135688,0.000989346,78588,6,635.474344
1781138873.136688,0.001001642,82932,6,662.368391
1781138873.137717,0.001004158,100374,7,799.666985
1781138873.138718,0.000994151,87276,6,702.315845
1781138873.139674,0.000999722,106100,6,849.036032
1781138873.140655,0.001000624,126504,8,1011.400886
1781138873.141653,0.001003538,86026,9,685.781704
1781138873.142679,0.000995664,80102,7,643.606679
1781138873.143677,0.001001175,103336,8,825.717782
1781138873.144661,0.000998772,84380,6,675.869968
1781138873.145650,0.001000024,119198,7,953.561115
1781138873.146715,0.001001350,68386,5,546.350427
1781138873.147669,0.001003246,110576,8,881.745853
1781138873.148782,0.001002716,91860,10,732.889472
1781138873.149740,0.000993898,100506,9,808.984423
1781138873.150806,0.000999406,90238,7,722.333066
1781138873.151710,0.001006075,100374,7,798.143280
1781138873.152739,0.001006445,93068,6,739.776143
1781138873.153700,0.000986554,106100,6,860.368515
1781138873.154733,0.001004571,93200,8,742.207370
1781138873.155737,0.001003935,87408,8,696.523181
1781138873.156658,0.000992627,91686,7,738.936176
1781138873.157656,0.001005262,82998,7,660.508405
1781138873.158705,0.001009321,109062,7,864.438568
1781138873.159672,0.000990497,90172,6,728.297006
1781138873.160758,0.001003385,111892,6,892.116187
1781138873.161656,0.000995069,106232,8,854.067406
1781138873.162704,0.001003613,69966,7,557.712983
1781138873.163662,0.000991973,98992,8,798.344310
1781138873.164649,0.001000266,87342,7,698.550186
1781138873.165656,0.001004014,100374,7,799.781676
1781138873.166698,0.001006407,103204,6,820.375852
1781138873.167677,0.000995572,103204,6,829.304159
1781138873.168691,0.000993780,79904,4,643.232909
1781138873.169688,0.001000439,112354,13,898.437586
1781138873.170694,0.001003259,100440,8,800.909835
1781138873.171690,0.001000574,98992,8,791.481690
1781138873.172745,0.001001155,88724,6,708.973136
1781138873.173696,0.000994592,127952,8,1029.181815
1781138873.174918,0.001010396,106166,7,840.589234
1781138873.175717,0.001003477,23234,1,185.227962
1781138873.176686,0.000987940,0,0,0.000000
1781138873.177700,0.001004625,154,1,1.226328
1781138873.178714,0.001007597,0,0,0.000000
1781138873.179678,0.001000224,0,0,0.000000
1781138873.180646,0.000988316,0,0,0.000000
1781138873.181647,0.000998257,0,0,0.000000
1781138873.182689,0.001010550,0,0,0.000000
1781138873.183665,0.000995050,0,0,0.000000
1781138873.184652,0.001000431,0,0,0.000000
1781138873.185650,0.000997633,0,0,0.000000
1781138873.186686,0.001001360,0,0,0.000000
1781138873.187672,0.001000815,0,0,0.000000
1781138873.188679,0.001004271,0,0,0.000000
1781138873.189654,0.000996079,0,0,0.000000
1781138873.190672,0.001003703,0,0,0.000000
1781138873.191687,0.000993042,0,0,0.000000
1781138873.192681,0.001008193,54,1,0.428489
1781138873.193674,0.000998989,0,0,0.000000
1781138873.194647,0.000989254,0,0,0.000000
1781138873.195674,0.001004756,218,1,1.735745
1781138873.196669,0.001000788,0,0,0.000000
1781138873.197710,0.001005668,0,0,0.000000
1781138873.198722,0.000999481,0,0,0.000000
1781138873.199679,0.001003742,0,0,0.000000
1781138873.200675,0.000998534,0,0,0.000000
1781138873.201694,0.000996720,0,0,0.000000
1781138873.202683,0.000991991,0,0,0.000000
1781138873.203669,0.001002920,0,0,0.000000
1781138873.204670,0.001004631,0,0,0.000000
1781138873.205658,0.001002259,0,0,0.000000
1781138873.206685,0.000998809,0,0,0.000000
1781138873.207683,0.000989495,0,0,0.000000
1781138873.208676,0.001010946,0,0,0.000000
1781138873.209655,0.000989609,0,0,0.000000
1781138873.210692,0.001009113,0,0,0.000000
1781138873.211691,0.001002169,0,0,0.000000
1781138873.212667,0.000990575,0,0,0.000000
1781138873.213662,0.000998079,0,0,0.000000
1781138873.214666,0.001006014,0,0,0.000000
1781138873.215663,0.000993375,0,0,0.000000
1781138873.216674,0.001010963,0,0,0.000000
1781138873.217655,0.000999183,0,0,0.000000
1781138873.218671,0.000990246,0,0,0.000000
1781138873.219657,0.001010106,0,0,0.000000
1781138873.220643,0.000989705,0,0,0.000000
1781138873.221709,0.000999809,0,0,0.000000
1781138873.222763,0.001001294,0,0,0.000000
1781138873.223697,0.000998911,0,0,0.000000
1781138873.224672,0.001001478,0,0,0.000000
1781138873.225685,0.001003950,0,0,0.000000
1781138873.226697,0.001007679,0,0,0.000000
1781138873.227687,0.000986751,0,0,0.000000
1781138873.228651,0.001001697,0,0,0.000000
1781138873.229651,0.001004773,0,0,0.000000
1781138873.230673,0.001003326,0,0,0.000000
1781138873.231644,0.000990356,0,0,0.000000
1781138873.232658,0.001013147,0,0,0.000000
1781138873.233647,0.000990488,0,0,0.000000
1781138873.234669,0.001004860,0,0,0.000000
1781138873.235664,0.000991338,0,0,0.000000
1781138873.236665,0.001000579,0,0,0.000000
1781138873.237649,0.001001186,0,0,0.000000
1781138873.238689,0.001009367,0,0,0.000000
1781138873.239670,0.000990810,0,0,0.000000
1781138873.240658,0.001005120,0,0,0.000000
1781138873.241677,0.001006685,0,0,0.000000
1781138873.242679,0.000986560,0,0,0.000000
1781138873.243716,0.001003874,0,0,0.000000
1781138873.244656,0.000996100,0,0,0.000000
1781138873.245659,0.001012120,0,0,0.000000
1781138873.246701,0.000998553,0,0,0.000000
1781138873.247662,0.001000854,0,0,0.000000
1781138873.248645,0.000988402,0,0,0.000000
1781138873.249658,0.001014822,0,0,0.000000
1781138873.250663,0.000984817,54,1,0.438660
1781138873.251656,0.001010537,0,0,0.000000
1781138873.252657,0.001003867,0,0,0.000000
1781138873.253653,0.000996076,0,0,0.000000
1781138873.254683,0.000989671,0,0,0.000000
1781138873.255684,0.001004344,0,0,0.000000
1781138873.256664,0.000997714,0,0,0.000000
1781138873.257744,0.000998330,0,0,0.000000
1781138873.258696,0.001000022,0,0,0.000000
1781138873.259675,0.001009076,0,0,0.000000
1781138873.260886,0.000993191,0,0,0.000000
1781138873.261712,0.001009824,0,0,0.000000
1781138873.262700,0.000992546,0,0,0.000000
1781138873.263672,0.001008748,0,0,0.000000
1781138873.264652,0.000986606,0,0,0.000000
1781138873.265645,0.001000035,0,0,0.000000
1781138873.266679,0.000999874,0,0,0.000000
1781138873.267667,0.001003753,0,0,0.000000
1781138873.268647,0.000996535,0,0,0.000000
1781138873.269660,0.001011811,0,0,0.000000
1781138873.270693,0.000988545,0,0,0.000000
1781138873.271678,0.001009795,0,0,0.000000
1781138873.272659,0.001001974,0,0,0.000000
1781138873.273668,0.000999621,0,0,0.000000
1781138873.274674,0.000995241,0,0,0.000000
1781138873.275669,0.000995400,0,0,0.000000
1781138873.276675,0.001010294,0,0,0.000000
1781138873.277721,0.000992196,0,0,0.000000
1781138873.278693,0.001007555,0,0,0.000000
1781138873.279682,0.000996402,0,0,0.000000
1781138873.280647,0.000990478,0,0,0.000000
1781138873.281649,0.001007190,0,0,0.000000
1781138873.282680,0.000992812,0,0,0.000000
1781138873.283684,0.001000095,0,0,0.000000
1781138873.284667,0.001002550,0,0,0.000000
1781138873.285644,0.000997716,0,0,0.000000
1781138873.286692,0.001005869,0,0,0.000000
1781138873.287681,0.000996787,0,0,0.000000
1781138873.288664,0.000999246,0,0,0.000000
1781138873.289655,0.001010536,0,0,0.000000
1781138873.290681,0.000987278,0,0,0.000000
1781138873.291645,0.001000048,0,0,0.000000
1781138873.292664,0.001000211,0,0,0.000000
1781138873.293646,0.001001141,0,0,0.000000
1781138873.294689,0.001010425,0,0,0.000000
1781138873.295646,0.000988342,0,0,0.000000
1781138873.296648,0.000999847,0,0,0.000000
1781138873.297651,0.001006458,0,0,0.000000
1781138873.298719,0.001003651,0,0,0.000000
1781138873.299707,0.001001307,0,0,0.000000
1781138873.300680,0.001000496,0,0,0.000000
1781138873.301682,0.000993288,0,0,0.000000
1781138873.302685,0.000995425,0,0,0.000000
1781138873.303649,0.001002861,0,0,0.000000
1781138873.304646,0.000996951,0,0,0.000000
1781138873.305743,0.001004557,0,0,0.000000
1781138873.306678,0.000995888,0,0,0.000000
1781138873.307799,0.001000998,0,0,0.000000
1781138873.308751,0.000999447,0,0,0.000000
1781138873.309740,0.001004058,0,0,0.000000
1781138873.310678,0.000998680,0,0,0.000000
1781138873.311706,0.000999170,0,0,0.000000
1781138873.312716,0.001008276,0,0,0.000000
1781138873.313662,0.000994695,0,0,0.000000
1781138873.314698,0.001004911,0,0,0.000000
1781138873.315671,0.000997121,0,0,0.000000
1781138873.316659,0.000992642,0,0,0.000000
1781138873.317710,0.001000134,0,0,0.000000
1781138873.318869,0.001002190,0,0,0.000000
1781138873.319709,0.001004820,0,0,0.000000
1781138873.320665,0.000995788,0,0,0.000000
1781138873.321705,0.000997204,0,0,0.000000
1781138873.322711,0.000999690,0,0,0.000000
1781138873.323710,0.001001611,0,0,0.000000
1781138873.324703,0.000999390,0,0,0.000000
1781138873.325698,0.001000544,0,0,0.000000
1781138873.326691,0.001000134,0,0,0.000000
1781138873.327683,0.001008894,0,0,0.000000
1781138873.328670,0.000992997,0,0,0.000000
1781138873.329646,0.000995659,0,0,0.000000
1781138873.330706,0.001013928,0,0,0.000000
1781138873.331694,0.000985942,0,0,0.000000
1781138873.332646,0.001000393,0,0,0.000000
1781138873.333648,0.001004757,0,0,0.000000
1781138873.334683,0.000996137,0,0,0.000000
1781138873.335703,0.001007184,0,0,0.000000
1781138873.336656,0.001000689,0,0,0.000000
1781138873.337651,0.000997127,0,0,0.000000
1781138873.338683,0.000995630,0,0,0.000000
1781138873.339661,0.000998251,0,0,0.000000
1781138873.340667,0.001002302,0,0,0.000000
1781138873.341685,0.001012248,0,0,0.000000
1781138873.342650,0.000987797,0,0,0.000000
1781138873.343683,0.000997594,0,0,0.000000
1781138873.344664,0.001001397,0,0,0.000000
1781138873.345694,0.001005476,0,0,0.000000
1781138873.346695,0.000995764,0,0,0.000000
1781138873.347693,0.001007522,0,0,0.000000
1781138873.348654,0.000990914,0,0,0.000000
1781138873.349677,0.001011186,0,0,0.000000
1781138873.350663,0.000987441,0,0,0.000000
1781138873.351684,0.001000676,0,0,0.000000
1781138873.352655,0.001000198,0,0,0.000000
1781138873.353657,0.001000084,0,0,0.000000
1781138873.354692,0.001010971,0,0,0.000000
1781138873.355674,0.001001807,0,0,0.000000
1781138873.356663,0.000989738,0,0,0.000000
1781138873.357652,0.001007696,0,0,0.000000
1781138873.358672,0.001000671,0,0,0.000000
1781138873.359683,0.001000368,0,0,0.000000
1781138873.360688,0.000995127,0,0,0.000000
1781138873.361651,0.001000265,0,0,0.000000
1781138873.362687,0.001001885,0,0,0.000000
1781138873.363668,0.000993943,0,0,0.000000
1781138873.364660,0.000997213,0,0,0.000000
1781138873.365675,0.001012475,0,0,0.000000
1781138873.366671,0.000991280,0,0,0.000000
1781138873.367672,0.001001851,0,0,0.000000
1781138873.368672,0.001000299,0,0,0.000000
1781138873.369677,0.000994082,0,0,0.000000
1781138873.370674,0.000999678,0,0,0.000000
1781138873.371688,0.001001173,0,0,0.000000
1781138873.372669,0.001004452,0,0,0.000000
1781138873.373650,0.000999793,0,0,0.000000
1781138873.374670,0.000994803,0,0,0.000000
1781138873.375679,0.001007929,0,0,0.000000
1781138873.376647,0.000991914,0,0,0.000000
1781138873.377650,0.001004802,0,0,0.000000
1781138873.378661,0.000995022,0,0,0.000000
1781138873.379694,0.001014326,0,0,0.000000
1781138873.380662,0.000986487,0,0,0.000000
1781138873.381729,0.001000965,0,0,0.000000
1781138873.382763,0.001000934,0,0,0.000000
1781138873.383684,0.001001094,0,0,0.000000
1781138873.384647,0.000997694,0,0,0.000000
1781138873.385654,0.001008314,0,0,0.000000
1781138873.386679,0.000990638,1514,1,12.226464
1781138873.387689,0.001010366,83064,8,657.694340
1781138873.388647,0.000990217,81616,8,659.378702
1781138873.389648,0.001003068,78588,6,626.781036
1781138873.390876,0.001003065,81418,5,649.353731
1781138873.391721,0.001010626,84314,5,667.419995
1781138873.392671,0.000989739,88724,6,717.150683
1781138873.393673,0.000998101,58184,4,466.357613
1781138873.394753,0.001008149,74310,7,589.674741
1781138873.395664,0.000986985,71414,7,578.845676
1781138873.396894,0.001008030,90304,8,716.677083
1781138873.397742,0.000994941,58250,5,468.369481
1781138873.398875,0.001010309,88790,7,703.072030
1781138873.399724,0.000997626,81418,5,652.893970
1781138873.400650,0.000989879,82866,5,669.706095
1781138873.401651,0.001000266,66872,4,534.833734
1781138873.402682,0.001008033,63910,3,507.205617
1781138873.403664,0.000994395,0,0,0.000000
1781138873.404801,0.001000865,0,0,0.000000
1781138873.405712,0.000999859,0,0,0.000000
1781138873.406710,0.001001512,0,0,0.000000
1781138873.407660,0.000993601,0,0,0.000000
1781138873.408646,0.001000946,0,0,0.000000
1781138873.409643,0.000998988,0,0,0.000000
1781138873.410696,0.001004475,0,0,0.000000
1781138873.411715,0.001008771,0,0,0.000000
1781138873.412687,0.000990043,0,0,0.000000
1781138873.413696,0.000998961,0,0,0.000000
1781138873.414710,0.000998441,0,0,0.000000
1781138873.415665,0.000999985,0,0,0.000000
1781138873.416654,0.001006007,0,0,0.000000
1781138873.417642,0.000993602,0,0,0.000000
1781138873.418678,0.001000057,0,0,0.000000
1781138873.419648,0.001002044,0,0,0.000000
1781138873.420652,0.001004976,0,0,0.000000
1781138873.421669,0.001000436,0,0,0.000000
1781138873.422694,0.001006438,0,0,0.000000
1781138873.423651,0.000987111,0,0,0.000000
1781138873.424650,0.001003596,0,0,0.000000
1781138873.425662,0.000995279,0,0,0.000000
1781138873.426695,0.001011642,0,0,0.000000
1781138873.427687,0.000995869,0,0,0.000000
1781138873.428658,0.000999683,0,0,0.000000
1781138873.429650,0.000993984,0,0,0.000000
1781138873.430670,0.001010613,0,0,0.000000
1781138873.431698,0.000993895,0,0,0.000000
1781138873.432671,0.001000146,0,0,0.000000
1781138873.433662,0.000995221,0,0,0.000000
1781138873.434685,0.001006909,0,0,0.000000
1781138873.435673,0.001004030,0,0,0.000000
1781138873.436671,0.000993161,0,0,0.000000
1781138873.437641,0.000995004,0,0,0.000000
1781138873.438691,0.001010211,0,0,0.000000
1781138873.439679,0.000989627,0,0,0.000000
1781138873.440724,0.001001206,0,0,0.000000
1781138873.441756,0.001008511,0,0,0.000000
1781138873.442727,0.000990090,0,0,0.000000
1781138873.443705,0.001000041,0,0,0.000000
1781138873.444710,0.001010309,0,0,0.000000
1781138873.445761,0.001001564,0,0,0.000000
1781138873.446772,0.000988894,0,0,0.000000
1781138873.447662,0.000999999,0,0,0.000000
1781138873.448740,0.001005141,0,0,0.000000
1781138873.449730,0.001002005,0,0,0.000000
1781138873.450727,0.000992952,0,0,0.000000
1781138873.451723,0.001002584,0,0,0.000000
1781138873.452702,0.000996810,0,0,0.000000
1781138873.453661,0.001000515,0,0,0.000000
1781138873.454689,0.001005709,0,0,0.000000
1781138873.455670,0.001003712,0,0,0.000000
1781138873.456662,0.000994593,0,0,0.000000
1781138873.457646,0.000995631,0,0,0.000000
1781138873.458687,0.000999692,0,0,0.000000
1781138873.459679,0.001011845,0,0,0.000000
1781138873.460653,0.000994022,0,0,0.000000
1781138873.461651,0.001001963,0,0,0.000000
1781138873.462655,0.001003600,0,0,0.000000
1781138873.463654,0.000996664,0,0,0.000000
1781138873.464656,0.001000927,0,0,0.000000
1781138873.465646,0.000991763,0,0,0.000000
1781138873.466660,0.000999138,0,0,0.000000
1781138873.467676,0.001012765,0,0,0.000000
1781138873.468671,0.000994777,0,0,0.000000
1781138873.469644,0.000992545,0,0,0.000000
1781138873.470677,0.001012842,0,0,0.000000
1781138873.471653,0.000987358,0,0,0.000000
1781138873.472647,0.000999777,0,0,0.000000
1781138873.473656,0.001012558,0,0,0.000000
1781138873.474694,0.001002936,0,0,0.000000
1781138873.475743,0.000984725,0,0,0.000000
1781138873.476650,0.000999792,0,0,0.000000
1781138873.477744,0.001013725,0,0,0.000000
1781138873.478709,0.000997843,0,0,0.000000
1781138873.479664,0.000989348,0,0,0.000000
1781138873.480647,0.000999122,0,0,0.000000
1781138873.481643,0.000999946,0,0,0.000000
1781138873.482681,0.001002554,0,0,0.000000
1781138873.483688,0.001007901,0,0,0.000000
1781138873.484657,0.000998483,0,0,0.000000
1781138873.485652,0.000999777,0,0,0.000000
1781138873.486684,0.000998191,0,0,0.000000
1781138873.487645,0.000993153,0,0,0.000000
1781138873.488663,0.001012868,0,0,0.000000
1781138873.489656,0.000997426,0,0,0.000000
1781138873.490680,0.000990097,0,0,0.000000
1781138873.491756,0.001012643,0,0,0.000000
1781138873.492663,0.000987969,0,0,0.000000
1781138873.493693,0.001000087,0,0,0.000000
1781138873.494694,0.001010391,0,0,0.000000
1781138873.495658,0.000997381,0,0,0.000000
1781138873.496644,0.000991173,0,0,0.000000
1781138873.497677,0.001013893,0,0,0.000000
1781138873.498674,0.000997813,0,0,0.000000
1781138873.499661,0.000988672,0,0,0.000000
1781138873.500642,0.000999472,0,0,0.000000
1781138873.501672,0.001012860,0,0,0.000000
1781138873.502675,0.000999487,0,0,0.000000
1781138873.503656,0.000999742,0,0,0.000000
1781138873.504646,0.000988108,0,0,0.000000
1781138873.505672,0.001002896,0,0,0.000000
1781138873.506681,0.000997326,0,0,0.000000
1781138873.507674,0.001009723,0,0,0.000000
1781138873.508671,0.000994134,0,0,0.000000
1781138873.509671,0.000996462,0,0,0.000000
1781138873.510701,0.001008055,0,0,0.000000
1781138873.511699,0.001004566,0,0,0.000000
1781138873.512660,0.000986980,0,0,0.000000
1781138873.513660,0.001013743,0,0,0.000000
1781138873.514662,0.000985969,0,0,0.000000
1781138873.515670,0.001008892,0,0,0.000000
1781138873.516671,0.001000899,0,0,0.000000
1781138873.517659,0.001003901,0,0,0.000000
1781138873.518691,0.001000643,0,0,0.000000
1781138873.519691,0.000999721,0,0,0.000000
1781138873.520675,0.000999563,0,0,0.000000
1781138873.521671,0.000997956,0,0,0.000000
1781138873.522662,0.000989612,0,0,0.000000
1781138873.523662,0.001011893,0,0,0.000000
1781138873.524689,0.001000358,0,0,0.000000
1781138873.525690,0.000987891,0,0,0.000000
1781138873.526687,0.001000571,0,0,0.000000
1781138873.527684,0.001005385,0,0,0.000000
1781138873.528744,0.000998013,0,0,0.000000
1781138873.529685,0.000997622,0,0,0.000000
1781138873.530730,0.001010560,0,0,0.000000
1781138873.531731,0.000999859,0,0,0.000000
1781138873.532650,0.000986855,0,0,0.000000
1781138873.533647,0.000999826,0,0,0.000000
1781138873.534691,0.001000117,0,0,0.000000
1781138873.535652,0.001002207,0,0,0.000000
1781138873.536737,0.001006131,0,0,0.000000
1781138873.537725,0.000992870,0,0,0.000000
1781138873.538699,0.001000113,0,0,0.000000
1781138873.539723,0.001001284,0,0,0.000000
1781138873.540679,0.001013964,0,0,0.000000
1781138873.541659,0.000993367,0,0,0.000000
1781138873.542710,0.001000788,0,0,0.000000
1781138873.543760,0.000989323,0,0,0.000000
1781138873.544726,0.001000176,0,0,0.000000
1781138873.545727,0.001006948,0,0,0.000000
1781138873.546716,0.001003856,0,0,0.000000
1781138873.547735,0.000989675,0,0,0.000000
1781138873.548720,0.000999110,0,0,0.000000
1781138873.549734,0.001008970,0,0,0.000000
1781138873.550754,0.001001195,0,0,0.000000
1781138873.551666,0.000990352,0,0,0.000000
1781138873.552678,0.001012400,0,0,0.000000
1781138873.553743,0.000991518,0,0,0.000000
1781138873.554697,0.000996180,0,0,0.000000
1781138873.555646,0.001001396,0,0,0.000000
1781138873.556653,0.001006540,0,0,0.000000
1781138873.557647,0.000997572,0,0,0.000000
1781138873.558677,0.000994171,0,0,0.000000
1781138873.559683,0.001003941,0,0,0.000000
1781138873.560676,0.001010124,0,0,0.000000
1781138873.561685,0.000995668,0,0,0.000000
1781138873.562679,0.000990437,0,0,0.000000
1781138873.563666,0.001003920,0,0,0.000000
1781138873.564656,0.001006380,0,0,0.000000
1781138873.565653,0.000993594,0,0,0.000000
1781138873.566684,0.000995917,0,0,0.000000
1781138873.567693,0.001013908,0,0,0.000000
1781138873.568655,0.000986899,0,0,0.000000
1781138873.569685,0.001008894,0,0,0.000000
1781138873.570685,0.000990114,0,0,0.000000
1781138873.571687,0.001000806,0,0,0.000000
1781138873.572745,0.001004277,0,0,0.000000
1781138873.573709,0.001005424,0,0,0.000000
1781138873.574688,0.000990066,0,0,0.000000
1781138873.575673,0.001010257,0,0,0.000000
1781138873.576813,0.000992572,0,0,0.000000
1781138873.577799,0.001007977,0,0,0.000000
1781138873.578700,0.000993659,0,0,0.000000
1781138873.579669,0.001002228,0,0,0.000000
1781138873.580655,0.001003162,0,0,0.000000
1781138873.581642,0.000989828,0,0,0.000000
1781138873.582728,0.001000691,0,0,0.000000
1781138873.583728,0.001005750,0,0,0.000000
1781138873.584731,0.001004262,0,0,0.000000
1781138873.585767,0.001001940,0,0,0.000000
1781138873.586731,0.000994066,0,0,0.000000
1781138873.587725,0.000995334,0,0,0.000000
1781138873.588663,0.000998249,0,0,0.000000
1781138873.589646,0.001001540,0,0,0.000000
1781138873.590680,0.000998187,0,0,0.000000
1781138873.591661,0.001000273,0,0,0.000000
1781138873.592722,0.001001602,0,0,0.000000
1781138873.593719,0.000998946,0,0,0.000000
1781138873.594724,0.001005465,0,0,0.000000
1781138873.595722,0.000993723,0,0,0.000000
1781138873.596673,0.001009507,0,0,0.000000
1781138873.597701,0.000994349,0,0,0.000000
1781138873.598712,0.001010847,0,0,0.000000
1781138873.599737,0.000985206,0,0,0.000000
1781138873.600648,0.001002519,0,0,0.000000
1781138873.601647,0.000997352,0,0,0.000000
1781138873.602734,0.001000532,0,0,0.000000
1781138873.603710,0.001001384,0,0,0.000000
1781138873.604700,0.000998396,0,0,0.000000
1781138873.605736,0.001011292,0,0,0.000000
1781138873.606670,0.000994544,1514,1,12.178446
1781138873.607696,0.001004428,51010,5,406.280988
1781138873.608767,0.000997567,81616,8,654.520448
1781138873.609697,0.000992013,109194,9,880.585234
1781138873.610908,0.001010854,110642,9,875.631891
1781138873.611734,0.000990093,125056,8,1010.458613
1781138873.612701,0.001001059,125056,8,999.389646
1781138873.613737,0.000998530,116302,7,931.785725
1781138873.615276,0.001004526,126504,8,1007.472181
1781138873.615709,0.000994853,80102,7,644.131344
1781138873.617555,0.001000038,113604,10,908.797466
1781138873.617742,0.001000773,88724,6,709.243755
1781138873.618798,0.001007988,110576,8,877.597749
1781138873.619682,0.000999445,129400,8,1035.774855
1781138873.620663,0.000993754,113406,7,912.950287
1781138873.621662,0.000997748,91752,8,735.672735
1781138873.622707,0.001002449,94714,9,755.860897
1781138873.623703,0.001007679,125188,10,993.872056
1781138873.624686,0.001001721,110576,8,883.088205
1781138873.625663,0.001001030,125056,8,999.418599
1781138873.626722,0.000989112,103204,6,834.720436
1781138873.627694,0.000998629,87342,7,699.695282
1781138873.628747,0.001000487,119462,11,955.230803
1781138873.629739,0.001002077,125188,10,999.428188
1781138873.630855,0.001005848,112024,8,890.981540
1781138873.631669,0.000991952,125056,8,1008.564931
1781138873.632722,0.001005371,116302,7,925.445433
1781138873.633701,0.001004848,103204,6,821.648647
1781138873.634702,0.000999140,104586,5,837.408171
1781138873.635687,0.000992707,98992,8,797.754020
1781138873.636669,0.000999354,94582,7,757.145116
1781138873.637649,0.000997869,125188,10,1003.642763
1781138873.638713,0.001003986,93068,6,741.588030
1781138873.639681,0.000995767,111958,7,899.471463
1781138873.640668,0.001004533,78786,9,627.443797
1781138873.641771,0.001009738,115118,11,912.062337
1781138873.642768,0.000985749,91686,7,744.092056
1781138873.644317,0.001001200,112090,9,895.645226
1781138873.644756,0.001006269,94516,6,751.417365
1781138873.645814,0.001003925,110510,7,880.623553
1781138873.646951,0.000989515,61212,6,494.884868
1781138873.647678,0.001011538,102020,10,806.850558
1781138873.648770,0.000988275,104850,9,848.751613
1781138873.649696,0.001012950,135324,10,1068.751666
1781138873.650768,0.000999247,120778,9,966.952115
1781138873.651736,0.000987429,107614,7,871.872307
1781138873.652729,0.001004986,129400,8,1030.064100
1781138873.653776,0.000997853,127952,8,1025.818432
1781138873.654782,0.000999234,110708,10,886.342939
1781138873.655743,0.000998466,106232,8,851.161682
1781138873.656737,0.001012025,123674,9,977.635928
1781138873.657726,0.000994292,116368,8,936.288334
1781138873.658762,0.000999796,129400,8,1035.411224
1781138873.659714,0.000997333,80234,9,643.588450
1781138873.660753,0.001005475,107812,10,857.799547
1781138873.661785,0.001004105,125188,10,997.409633
1781138873.662810,0.000986799,113472,8,919.919862
1781138873.663740,0.001002558,122160,8,974.786496
1781138873.664664,0.001001409,126504,8,1010.608053
1781138873.665716,0.001006371,126504,8,1005.625162
1781138873.666715,0.000990274,97676,10,789.082618
1781138873.667780,0.001009621,122226,9,968.490156
1781138873.668728,0.000989311,110858,9,896.446112
1781138873.669939,0.001015270,39294,3,309.624041
1781138873.671126,0.000998725,39228,2,314.224636
1781138873.672191,0.000987543,85762,5,694.750507
1781138873.672685,0.000999871,106034,5,848.381441
1781138873.673763,0.001000116,112024,8,896.088054
1781138873.675124,0.001012434,100572,10,794.694765
1781138873.675783,0.000994651,100374,7,807.310303
1781138873.677128,0.000991963,93200,8,751.640938
1781138873.677740,0.001003634,113538,9,905.015175
1781138873.678883,0.000998200,109216,8,875.303546
1781138873.679720,0.001008294,43572,2,345.708692
1781138873.680662,0.000992322,87342,7,704.142405
1781138873.681672,0.000997073,103468,10,830.173919
1781138873.682715,0.001002528,93134,7,743.193208
1781138873.683994,0.000997453,104718,7,839.883182
1781138873.684710,0.001005954,126504,8,1006.042026
1781138873.685881,0.000996787,109062,7,875.308366
1781138873.686786,0.001001184,123608,8,987.694570
1781138873.687732,0.001001020,107614,7,860.034765
1781138873.688741,0.001004143,110510,7,880.432369
1781138873.689703,0.000992840,109260,10,880.383546
1781138873.690781,0.000998783,130980,10,1049.116775
1781138873.691735,0.001012806,109194,9,862.506739
1781138873.692712,0.000992133,125056,8,1008.380933
1781138873.693738,0.000994411,125056,8,1006.070930
1781138873.694778,0.001009037,122082,7,967.909006
1781138873.695810,0.001000372,114920,8,919.018125
1781138873.696674,0.000995353,100506,9,807.801855
1781138873.697712,0.000996212,120778,9,969.897974
1781138873.698719,0.000999422,115138,9,921.636706
1781138873.699764,0.001009434,127952,8,1014.049457
1781138873.700675,0.000992850,126504,8,1019.320139
1781138873.701760,0.001008763,110510,7,876.400106
1781138873.702667,0.000989644,127952,8,1034.327496
1781138873.703705,0.001005740,106100,6,843.955694
1781138873.704652,0.000993606,123740,10,996.290280
1781138873.705679,0.001008317,113604,10,901.335592
1781138873.706686,0.000999134,123608,8,989.721098
1781138873.707664,0.000992281,127952,8,1031.578756
1781138873.708663,0.000999773,117816,8,942.742002
1781138873.709649,0.000999187,106430,11,852.132784
1781138873.710706,0.001006087,125188,10,995.444728
1781138873.711700,0.000996054,125122,9,1004.941499
1781138873.712819,0.000998742,112024,8,897.320830
1781138873.713753,0.001008733,110510,7,876.426170
1781138873.714749,0.000994797,127952,8,1028.969730
1781138873.715767,0.000998704,123608,8,990.147231
1781138873.716694,0.000997597,130848,8,1049.305481
1781138873.717744,0.001007771,101822,7,808.294742
1781138873.718701,0.001003179,119396,10,952.141143
1781138873.719692,0.000989432,119330,9,964.836391
1781138873.720676,0.001007737,126570,9,1004.785971
1781138873.721674,0.000992224,111958,7,902.683265
1781138873.722733,0.001016318,130848,8,1029.976838
1781138873.723682,0.000993049,107944,12,869.596566
1781138873.724683,0.000997628,125188,10,1003.885216
1781138873.725681,0.001007880,125122,9,993.149978
1781138873.726667,0.000985865,111958,7,908.505728
1781138873.727680,0.000999482,133744,8,1070.506522
1781138873.728666,0.001007799,107614,7,854.249707
1781138873.729673,0.000995736,122160,8,981.464967
1781138873.731431,0.001000100,126504,8,1011.930807
1781138873.731705,0.001008561,122160,8,968.984523
1781138873.732661,0.000992100,110642,9,892.184256
1781138873.734115,0.000997249,132428,10,1062.346515
1781138873.734956,0.001000575,112024,8,895.676986
1781138873.735845,0.001003914,130848,8,1042.702861
1781138873.736723,0.000993166,106166,7,855.172247
1781138873.737730,0.001000813,148422,11,1186.411447
1781138873.738776,0.001009895,116500,10,922.868219
1781138873.739672,0.000996125,125188,10,1005.399925
1781138873.740664,0.001005528,123608,8,983.427612
1781138873.741772,0.000988097,113406,7,918.177062
1781138873.742937,0.001000223,94582,7,756.487303
1781138873.743926,0.000999981,102152,12,817.231527
1781138873.744925,0.001013202,129598,11,1023.274727
1781138873.745767,0.000986287,125188,10,1015.428572
1781138873.746689,0.001004794,116368,8,926.502348
1781138873.747677,0.000995471,123608,8,993.362941
1781138873.748665,0.000999943,109062,7,872.545735
1781138873.749657,0.000999585,125056,8,1000.863358
1781138873.750714,0.001004278,124990,7,995.660564
1781138873.751761,0.000996832,112156,10,900.099515
1781138873.752731,0.000999228,125320,12,1003.334574
1781138873.753716,0.001012198,114986,9,908.802428
1781138873.754777,0.000988163,128006,9,1036.314859
1781138873.755694,0.001000777,122160,8,976.521243
1781138873.756893,0.001001047,129400,8,1034.117279
1781138873.757732,0.001011451,104718,7,828.259599
1781138873.758714,0.000986829,152766,11,1238.439486
1781138873.759691,0.001002248,125254,11,999.784484
1781138873.760722,0.000999112,113538,9,909.111291
1781138873.761754,0.001006255,128084,10,1018.302518
1781138873.763019,0.001002939,129400,8,1032.166463
1781138873.763724,0.000999166,125056,8,1001.283070
1781138873.764704,0.000990551,111958,7,904.207860
1781138873.765739,0.000999883,109194,9,873.654218
1781138873.767796,0.001005334,115118,11,916.057748
1781138873.767842,0.001009467,129598,11,1027.060815
1781138873.768677,0.000985025,116368,8,945.096825
1781138873.769719,0.001010078,126504,8,1001.934504
1781138873.770789,0.000989750,111958,7,904.939631
1781138873.771779,0.001000240,123608,8,988.626730
1781138873.772741,0.001000129,120778,9,966.099373
1781138873.773821,0.001010288,115052,10,911.043188
1781138873.775421,0.001002246,122292,10,976.143582
1781138873.775693,0.000992469,116434,9,938.540146
1781138873.776736,0.001001954,129400,8,1033.181164
1781138873.777725,0.000993350,127952,8,1030.468616
1781138873.778711,0.001006679,123608,8,982.303197
1781138873.779692,0.000993074,107614,7,866.916262
1781138873.780759,0.001001041,109062,7,871.588676
1781138873.781741,0.001010946,133942,11,1059.933963
1781138873.782683,0.000993229,116434,9,937.821993
1781138873.784157,0.001002335,130914,9,1044.872223
1781138873.784688,0.000994004,110510,7,889.412920
1781138873.788078,0.001012946,127952,8,1010.533632
1781138873.788132,0.000998225,126504,8,1013.831551
1781138873.788150,0.000988139,110708,10,896.294954
1781138873.788703,0.001009765,112090,9,888.048209
1781138873.789668,0.000989734,133876,10,1082.117013
1781138873.790725,0.001001984,112024,8,894.417476
1781138873.791792,0.001009749,126702,11,1003.829665
1781138873.792722,0.000990305,123872,12,1000.677569
1781138873.793741,0.000999545,115052,10,920.834980
1781138873.797233,0.001007298,113472,8,901.199049
1781138873.797295,0.000995003,125188,10,1006.533649
1781138873.797314,0.000997031,125056,8,1003.427175
1781138873.797678,0.000998530,120646,7,966.588886
1781138873.798701,0.001002435,113604,10,906.624370
1781138873.799711,0.001003014,116566,11,929.725806
1781138873.800851,0.000998387,125188,10,1003.122036
1781138873.801811,0.000996450,113472,8,911.010086
1781138873.802696,0.001001898,97412,6,777.819698
1781138873.803759,0.001003744,126504,8,1008.257085
1781138873.806111,0.001006380,109062,7,866.964765
1781138873.806172,0.000999429,129400,8,1035.791437
1781138873.807252,0.000991435,104718,7,844.981265
1781138873.807731,0.000998355,109194,9,874.991361
1781138873.808713,0.000997492,119396,10,957.569585
1781138873.809729,0.001000335,112090,9,896.419699
1781138873.810734,0.001005046,145460,10,1157.837552
1781138873.811735,0.000998686,135324,10,1084.016398
1781138873.812733,0.001000032,123872,12,990.944290
1781138873.813723,0.000996572,115052,10,923.582039
1781138873.815303,0.001001003,91686,7,732.753049
1781138873.815693,0.001002305,74112,4,591.532518
1781138873.816754,0.001007116,122160,8,970.374813
1781138873.817849,0.000989107,120712,8,976.331175
1781138873.818790,0.001014389,128084,10,1010.137137
1781138873.819760,0.000988590,125320,12,1014.131237
1781138873.820765,0.000997950,91686,7,734.994739
1781138873.821722,0.001001117,126636,10,1011.957643
1781138873.822817,0.001004300,97412,6,775.959375
1781138873.823762,0.001003496,126504,8,1008.506262
1781138873.824735,0.000990490,109062,7,880.873103
1781138873.826054,0.000999811,125056,8,1000.637120
1781138873.827920,0.001002210,123542,7,986.156594
1781138873.827979,0.000999585,125056,8,1000.863358
1781138873.829471,0.000998871,143880,8,1152.340993
1781138873.829741,0.001000976,129598,11,1035.773085
1781138873.830716,0.001004476,58184,4,463.397831
1781138873.831698,0.001007292,113472,8,901.204417
1781138873.832839,0.000990975,103270,7,833.683998
1781138873.833792,0.001007420,132428,10,1051.620972
1781138873.834728,0.000992003,114854,7,926.239134
1781138873.835678,0.000996260,123608,8,992.576235
1781138873.836672,0.001000092,126504,8,1011.938902
1781138873.837655,0.001000131,107614,7,860.799235
1781138873.838720,0.001007710,127952,8,1015.784303
1781138873.839714,0.000999853,107614,7,861.038573
1781138873.840689,0.000993081,129532,10,1043.475809
1781138873.841684,0.001000319,122226,9,977.496179
1781138873.843617,0.001010862,123740,10,979.283028
1781138873.843707,0.000999404,128216,12,1026.339698
1781138873.844733,0.000988672,113604,10,919.245210
1781138873.845849,0.001002477,128084,10,1022.140159
1781138873.846816,0.000998202,126504,8,1013.854911
1781138873.847703,0.001006104,107614,7,855.688875
1781138873.848680,0.000994244,116302,7,935.802479
1781138873.849672,0.001002464,118014,11,941.791426
1781138873.850709,0.001001948,123806,11,988.522358
1781138873.851766,0.000998898,115052,10,921.431417
1781138873.852701,0.001008771,128018,9,1015.239336
1781138873.853667,0.000998413,113472,8,909.218930
1781138873.854691,0.000990171,125056,8,1010.379015
1781138873.855700,0.000998930,126504,8,1013.116034
1781138873.856693,0.001007021,125056,8,993.472827
1781138873.857728,0.001004549,104586,5,832.899142
1781138873.858690,0.001001290,125188,10,1000.213724
1781138873.859701,0.000999223,112090,9,897.417293
1781138873.860737,0.000986985,128084,10,1038.183964
1781138873.861682,0.001000817,129466,9,1034.882501
1781138873.862675,0.000999214,109062,7,873.182321
1781138873.863710,0.001011178,125056,8,989.388614
1781138873.864655,0.000989053,126504,8,1023.233335
1781138873.865668,0.000999770,106166,7,849.523390
1781138873.866695,0.001006342,251560,9,1999.797286
1781138873.867699,0.000996093,130980,10,1051.949969
1781138873.868649,0.000997392,112090,9,899.064761
1781138873.869665,0.001000442,128084,10,1024.219295
1781138873.870797,0.001010872,126504,8,1001.147524
1781138873.871737,0.000992542,127952,8,1031.307491
1781138873.872744,0.001005229,107614,7,856.433708
1781138873.873665,0.000991654,126504,8,1020.549506
1781138873.874715,0.000999585,114986,9,920.269912
1781138873.875704,0.001005565,119330,9,949.356829
1781138873.876672,0.001002082,122292,10,976.303336
1781138873.877657,0.000998729,132362,9,1060.243570
1781138873.878704,0.001000426,111958,7,895.282610
1781138873.879677,0.000994947,126504,8,1017.171769
1781138873.880739,0.001006905,109062,7,866.512730
1781138873.881749,0.001003095,125056,8,997.361167
1781138873.882772,0.001000238,126372,6,1010.735445
1781138873.883719,0.000988759,108996,6,881.881227
1781138873.884743,0.001007621,126570,9,1004.901645
1781138873.885727,0.000991814,120778,9,974.198791
1781138873.886697,0.001011896,129532,10,1024.073620
1781138873.887668,0.000995520,111958,7,899.694632
1781138873.888661,0.000993155,126504,8,1019.007104
1781138873.889677,0.001008458,129400,8,1026.517713
1781138873.890686,0.000997535,111958,7,897.877267
1781138873.891665,0.001001605,115052,10,918.941100
1781138873.892664,0.000994221,135390,11,1089.415734
1781138873.893667,0.000997336,120778,9,968.804896
1781138873.894725,0.001007694,114986,9,912.864421
1781138873.895673,0.000994486,127952,8,1029.291513
1781138873.896659,0.001002680,109194,9,871.217138
1781138873.897669,0.000999579,125188,10,1001.925811
1781138873.898684,0.000999230,128150,11,1025.990012
1781138873.899686,0.001002039,125188,10,999.466089
1781138873.900664,0.000994592,110642,9,889.948843
1781138873.901726,0.001002241,113604,10,906.799862
1781138873.902712,0.000998053,119462,11,957.560370
1781138873.903689,0.001003365,122358,11,975.581169
1781138873.904863,0.000997074,132428,10,1062.532971
1781138873.905799,0.001012278,114986,9,908.730606
1781138873.906800,0.000986954,127952,8,1037.146615
1781138873.907800,0.001000046,106166,7,849.288933
1781138873.908748,0.001000562,126504,8,1011.463557
1781138873.909732,0.000999264,125122,9,1001.713261
1781138873.910758,0.001000353,115052,10,920.091208
1781138873.911752,0.001011122,122292,10,967.574635
1781138873.912759,0.000995097,126636,10,1018.079644
1781138873.913760,0.001001807,113472,8,906.138608
1781138873.914693,0.000992229,126504,8,1019.958094
1781138873.915694,0.001000367,126504,8,1011.660721
1781138873.916708,0.000999865,107614,7,861.028239
1781138873.917957,0.001010657,145394,9,1150.886997
1781138873.918957,0.000990160,132494,11,1070.485578
1781138873.919944,0.001003614,114986,9,916.575496
1781138873.921002,0.000996256,132428,10,1063.405390
1781138873.921820,0.000999455,111958,7,896.152403
1781138873.922818,0.001011822,122424,12,967.948908
1781138873.923811,0.000987767,115118,11,932.349431
1781138873.924753,0.001012004,126768,12,1002.114616
1781138873.925914,0.001001767,125188,10,999.737464
1781138873.926743,0.000986545,106232,8,861.446766
1781138873.927770,0.000998947,164482,13,1317.243057
1781138873.928678,0.001007964,123872,12,983.146223
1781138873.929747,0.000998746,116500,10,933.170195
1781138873.930742,0.000999450,128084,10,1025.235880
1781138873.931742,0.001000110,113538,9,908.204098
1781138873.932720,0.000994123,123608,8,994.709910
1781138873.933699,0.001011566,126504,8,1000.460672
1781138873.934755,0.000988796,126504,8,1023.499286
1781138873.935722,0.001003231,106166,7,846.592659
1781138873.936740,0.001007998,124924,6,991.462285
1781138873.937739,0.000990521,116368,8,939.852865
1781138873.939101,0.000997798,122292,10,980.495050
1781138873.939681,0.001000041,113538,9,908.266761
1781138873.940654,0.000999673,126570,9,1012.891215
1781138873.941657,0.001000039,123608,8,988.825436
1781138873.942704,0.001000299,126504,8,1011.729493
1781138873.943657,0.001000689,107614,7,860.319240
1781138873.944739,0.001008008,125122,9,993.023865
1781138873.945726,0.000997823,113538,9,910.285692
1781138873.946672,0.000993785,123740,10,996.110829
1781138873.947660,0.000999551,130914,9,1047.782454
1781138873.948650,0.001000486,127952,8,1023.118764
1781138873.949659,0.001007749,109062,7,865.787016
1781138873.950689,0.000996345,123608,8,992.491557
1781138873.951678,0.001004740,127952,8,1018.786950
1781138873.952739,0.000996181,104652,6,840.425585
1781138873.953723,0.000996527,124924,6,1002.874985
1781138873.956764,0.000998013,113472,8,909.583342
1781138873.956918,0.001014039,138286,11,1090.971846
1781138873.957015,0.000991443,114986,9,927.827419
1781138873.957744,0.000994474,112090,9,901.702810
1781138873.958706,0.001000143,126504,8,1011.887300
1781138873.959716,0.001000298,123608,8,988.569406
1781138873.960710,0.001001312,126504,8,1010.705954
1781138873.961889,0.001003126,106166,7,846.681274
1781138873.962692,0.000995518,124924,6,1003.891441
1781138873.963676,0.001000070,117882,9,942.989991
1781138873.964672,0.000999545,120778,9,966.663832
1781138873.965726,0.001008496,129532,10,1027.526138
1781138873.967346,0.000993059,125176,10,1008.407355
1781138873.967681,0.001003209,109062,7,869.705116
1781138873.968690,0.001002505,128130,9,1022.478691
1781138873.969689,0.001002167,126504,8,1009.843669
1781138873.970699,0.000990358,104718,7,845.900169
1781138873.971696,0.001001884,84248,4,672.716602
1781138873.972655,0.001004982,0,0,0.000000
1781138873.973669,0.001000072,0,0,0.000000
1781138873.974680,0.001000407,30474,1,243.692817
1781138873.976739,0.000993646,0,0,0.000000
1781138873.976776,0.001006150,0,0,0.000000
1781138873.977692,0.001005512,0,0,0.000000
1781138873.978709,0.001001080,0,0,0.000000
1781138873.979647,0.000986517,0,0,0.000000
1781138873.980654,0.001009445,0,0,0.000000
1781138873.981664,0.000993923,0,0,0.000000
1781138873.982678,0.000996228,0,0,0.000000
1781138873.983669,0.001006845,0,0,0.000000
1781138873.984672,0.001004409,0,0,0.000000
1781138873.985662,0.000990500,0,0,0.000000
1781138873.986675,0.001013926,0,0,0.000000
1781138873.987671,0.000993971,0,0,0.000000
1781138873.988672,0.001000036,0,0,0.000000
1781138873.989648,0.000994517,0,0,0.000000
1781138873.990698,0.001008025,0,0,0.000000
1781138873.991671,0.000995356,0,0,0.000000
1781138873.992645,0.000992442,0,0,0.000000
1781138873.993767,0.001006394,0,0,0.000000
1781138873.994753,0.000996812,0,0,0.000000
1781138873.995749,0.001003217,0,0,0.000000
1781138873.996739,0.000997608,0,0,0.000000
1781138873.997678,0.000996970,0,0,0.000000
1781138873.998714,0.001009758,0,0,0.000000
1781138873.999702,0.000993929,0,0,0.000000
1781138874.000756,0.001004780,0,0,0.000000
1781138874.001765,0.000992473,0,0,0.000000
1781138874.002686,0.001003520,0,0,0.000000
1781138874.003749,0.001007150,0,0,0.000000
1781138874.004680,0.000988432,0,0,0.000000
1781138874.005644,0.000999015,0,0,0.000000
1781138874.006684,0.001004867,0,0,0.000000
1781138874.007679,0.000997369,0,0,0.000000
1781138874.008688,0.001008508,0,0,0.000000
1781138874.009645,0.000990195,0,0,0.000000
1781138874.010681,0.000999339,0,0,0.000000
1781138874.011686,0.001009463,0,0,0.000000
1781138874.012680,0.000991341,0,0,0.000000
1781138874.013648,0.001000048,0,0,0.000000
1781138874.014674,0.000998935,0,0,0.000000
1781138874.015805,0.001010797,0,0,0.000000
1781138874.016682,0.000994489,0,0,0.000000
1781138874.017668,0.000995493,0,0,0.000000
1781138874.018709,0.001010518,0,0,0.000000
1781138874.019670,0.000988736,0,0,0.000000
1781138874.020665,0.001000780,0,0,0.000000
1781138874.021663,0.000999077,0,0,0.000000
1781138874.022669,0.001000013,0,0,0.000000
1781138874.024079,0.001010126,0,0,0.000000
1781138874.024727,0.000991781,0,0,0.000000
1781138874.025695,0.001012336,0,0,0.000000
1781138874.026695,0.000996293,0,0,0.000000
1781138874.027643,0.000989308,0,0,0.000000
1781138874.028644,0.001000168,0,0,0.000000
1781138874.029673,0.001012596,0,0,0.000000
1781138874.030709,0.000994514,0,0,0.000000
1781138874.031692,0.000997806,0,0,0.000000
1781138874.032730,0.001002844,0,0,0.000000
1781138874.033715,0.001000151,0,0,0.000000
1781138874.034806,0.001007273,0,0,0.000000
1781138874.035670,0.000984825,0,0,0.000000
1781138874.036653,0.001000150,0,0,0.000000
1781138874.037667,0.000999668,0,0,0.000000
1781138874.038662,0.000999985,0,0,0.000000
1781138874.039656,0.001012102,0,0,0.000000
1781138874.040653,0.000989972,0,0,0.000000
1781138874.041644,0.000998836,0,0,0.000000
1781138874.042717,0.001001010,0,0,0.000000
1781138874.043753,0.001009440,0,0,0.000000
1781138874.044663,0.000989260,0,0,0.000000
1781138874.045697,0.001006550,0,0,0.000000
1781138874.046686,0.001005050,0,0,0.000000
1781138874.047665,0.000988110,0,0,0.000000
1781138874.048662,0.001000157,0,0,0.000000
1781138874.049680,0.001002019,0,0,0.000000
1781138874.050731,0.001000641,0,0,0.000000
1781138874.051672,0.001004692,0,0,0.000000
1781138874.052671,0.001001111,0,0,0.000000
1781138874.053660,0.000991252,0,0,0.000000
1781138874.054681,0.001000000,0,0,0.000000
1781138874.055665,0.001000649,0,0,0.000000
1781138874.056678,0.000999513,0,0,0.000000
1781138874.057655,0.001005325,0,0,0.000000
1781138874.058679,0.000995027,0,0,0.000000
1781138874.059691,0.001009796,0,0,0.000000
1781138874.060663,0.000990150,0,0,0.000000
1781138874.061644,0.000999498,0,0,0.000000
1781138874.062701,0.001014019,0,0,0.000000
1781138874.063697,0.000993837,0,0,0.000000
1781138874.064682,0.000992542,0,0,0.000000
1781138874.065761,0.001010177,0,0,0.000000
1781138874.066732,0.000989881,0,0,0.000000
1781138874.067694,0.001004920,0,0,0.000000
1781138874.068656,0.000997592,0,0,0.000000
1781138874.069671,0.000998761,0,0,0.000000
1781138874.070685,0.001003114,0,0,0.000000
1781138874.071666,0.001001886,0,0,0.000000
1781138874.072673,0.001003436,0,0,0.000000
1781138874.073646,0.000991685,0,0,0.000000
1781138874.074688,0.001010174,0,0,0.000000
1781138874.075652,0.000994651,0,0,0.000000
1781138874.076679,0.000996695,0,0,0.000000
1781138874.077644,0.000996965,0,0,0.000000
1781138874.078671,0.001010568,0,0,0.000000
1781138874.079663,0.000990072,0,0,0.000000
1781138874.080674,0.001007022,0,0,0.000000
1781138874.081674,0.001000433,0,0,0.000000
1781138874.082682,0.000992016,0,0,0.000000
1781138874.083688,0.001002640,0,0,0.000000
1781138874.084704,0.001010892,0,0,0.000000
1781138874.085679,0.000990047,0,0,0.000000
1781138874.086749,0.001002966,0,0,0.000000
1781138874.087687,0.000993795,0,0,0.000000
1781138874.088730,0.001004396,0,0,0.000000
1781138874.089706,0.000994912,0,0,0.000000
1781138874.090724,0.001002975,0,0,0.000000
1781138874.091715,0.000998744,0,0,0.000000
1781138874.092667,0.001010569,0,0,0.000000
1781138874.093675,0.000999907,0,0,0.000000
1781138874.094687,0.000993701,0,0,0.000000
1781138874.095684,0.000999546,0,0,0.000000
1781138874.096678,0.001008390,0,0,0.000000
1781138874.097653,0.000986823,0,0,0.000000
1781138874.098692,0.001007730,0,0,0.000000
1781138874.099698,0.000998860,0,0,0.000000
1781138874.100668,0.001000624,0,0,0.000000
1781138874.101674,0.001004044,0,0,0.000000
1781138874.102674,0.000998317,0,0,0.000000
1781138874.103688,0.001001307,0,0,0.000000
1781138874.104664,0.000989262,0,0,0.000000
1781138874.105665,0.001005485,0,0,0.000000
1781138874.106663,0.000995343,0,0,0.000000
1781138874.107667,0.001001446,0,0,0.000000
1781138874.108664,0.000999334,0,0,0.000000
1781138874.109690,0.001011053,0,0,0.000000
1781138874.110673,0.000993929,0,0,0.000000
1781138874.111748,0.000997618,0,0,0.000000
1781138874.112657,0.000995666,0,0,0.000000
1781138874.113671,0.001001776,0,0,0.000000
1781138874.114696,0.000997710,0,0,0.000000
1781138874.115665,0.001000274,0,0,0.000000
1781138874.116729,0.001008813,0,0,0.000000
1781138874.117649,0.000992092,0,0,0.000000
1781138874.118728,0.000999279,0,0,0.000000
1781138874.119697,0.001004959,0,0,0.000000
1781138874.120697,0.001002282,0,0,0.000000
1781138874.121680,0.000996382,0,0,0.000000
1781138874.122690,0.000998518,0,0,0.000000
1781138874.123698,0.000998536,0,0,0.000000
1781138874.124665,0.000999495,0,0,0.000000
1781138874.125663,0.001001187,0,0,0.000000
1781138874.126666,0.000999889,0,0,0.000000
1781138874.127667,0.001002006,0,0,0.000000
1781138874.128676,0.001005623,0,0,0.000000
1781138874.129666,0.001002165,0,0,0.000000
1781138874.130705,0.000988139,0,0,0.000000
1781138874.131693,0.001006161,0,0,0.000000
1781138874.132651,0.000996012,0,0,0.000000
1781138874.133646,0.000998687,0,0,0.000000
1781138874.134676,0.001000360,0,0,0.000000
1781138874.135674,0.000999146,0,0,0.000000
1781138874.136649,0.000999568,0,0,0.000000
1781138874.137646,0.001002554,0,0,0.000000
1781138874.138680,0.000999990,0,0,0.000000
1781138874.139681,0.000997502,0,0,0.000000
1781138874.140648,0.001000130,0,0,0.000000
1781138874.141668,0.001000151,0,0,0.000000
1781138874.142696,0.001000831,0,0,0.000000
1781138874.143674,0.001004334,0,0,0.000000
1781138874.144647,0.000995624,0,0,0.000000
1781138874.145653,0.001006736,0,0,0.000000
1781138874.146664,0.000993062,0,0,0.000000
1781138874.147675,0.001002045,0,0,0.000000
1781138874.148677,0.001006624,0,0,0.000000
1781138874.149661,0.000994818,0,0,0.000000
1781138874.150694,0.001000916,0,0,0.000000
1781138874.151694,0.001009303,0,0,0.000000
1781138874.152646,0.000986857,0,0,0.000000
1781138874.153659,0.001007980,0,0,0.000000
1781138874.154727,0.000992042,0,0,0.000000
1781138874.155706,0.001012183,0,0,0.000000
1781138874.156729,0.000988748,0,0,0.000000
1781138874.157663,0.000998150,0,0,0.000000
1781138874.158672,0.001009692,0,0,0.000000
1781138874.159662,0.000990076,0,0,0.000000
1781138874.160670,0.001002906,0,0,0.000000
1781138874.161646,0.000998984,0,0,0.000000
1781138874.162678,0.000997892,0,0,0.000000
1781138874.163672,0.001011235,0,0,0.000000
1781138874.164684,0.000991675,0,0,0.000000
1781138874.165705,0.001000530,0,0,0.000000
1781138874.166728,0.001005276,0,0,0.000000
1781138874.167746,0.000993260,0,0,0.000000
1781138874.168686,0.001009861,0,0,0.000000
1781138874.169684,0.000995562,0,0,0.000000
1781138874.170665,0.000996669,0,0,0.000000
1781138874.171665,0.000998570,0,0,0.000000
1781138874.172649,0.001001370,0,0,0.000000
1781138874.173743,0.000996338,0,0,0.000000
1781138874.174746,0.001007458,0,0,0.000000
1781138874.175723,0.000993240,0,0,0.000000
1781138874.176672,0.001012216,0,0,0.000000
1781138874.177665,0.000996086,0,0,0.000000
1781138874.178691,0.000998455,170,1,1.362104
1781138874.179668,0.001001607,0,0,0.000000
1781138874.180666,0.000990872,0,0,0.000000
1781138874.181651,0.001006159,0,0,0.000000
1781138874.182671,0.001001857,0,0,0.000000
1781138874.183685,0.000992466,0,0,0.000000
1781138874.184671,0.001007820,0,0,0.000000
1781138874.185657,0.000991641,0,0,0.000000
1781138874.186671,0.001003287,16060,2,128.059070
1781138874.187668,0.000996833,101888,8,817.693636
1781138874.188756,0.001009695,122292,10,968.942106
1781138874.189851,0.001000836,113472,8,907.017733
1781138874.190715,0.000989883,123674,9,999.503982
1781138874.191697,0.001008100,125056,8,992.409483
1781138874.194435,0.000991873,98860,6,797.360146
1781138874.194633,0.001005718,102020,10,811.519730
1781138874.194751,0.001002945,110774,11,883.589828
1781138874.196209,0.000991720,131190,11,1058.282580
1781138874.196658,0.000999556,128084,10,1025.127156
1781138874.197680,0.001011975,114986,9,909.002693
1781138874.198703,0.000988756,123608,8,1000.109228
1781138874.199681,0.001004110,126504,8,1007.889574
1781138874.200730,0.001006638,109062,7,866.742563
1781138874.201742,0.000988536,122226,9,989.147588
1781138874.202705,0.001000188,126636,10,1012.897575
1781138874.203677,0.001008662,123740,10,981.418949
1781138874.204659,0.000994781,114920,8,924.183313
1781138874.205709,0.001006948,132362,9,1051.589556
1781138874.206707,0.001002120,107614,7,859.090728
1781138874.207690,0.000996337,126504,8,1015.752702
1781138874.208652,0.000993459,126504,8,1018.695286
1781138874.210278,0.001005270,107548,6,855.873546
1781138874.210725,0.000998782,126372,6,1012.208870
1781138874.211689,0.001005314,126372,6,1005.632071
1781138874.212683,0.001000666,110576,8,884.019243
1781138874.213801,0.000987597,120712,8,977.823950
1781138874.214697,0.001011871,122292,10,966.858424
1781138874.215768,0.000990526,113472,8,916.458528
1781138874.216672,0.000997247,129466,9,1038.587231
1781138874.217684,0.000999809,109062,7,872.662679
1781138874.218694,0.000999703,125056,8,1000.745221
1781138874.219681,0.001002792,123740,10,987.163839
1781138874.220749,0.001004577,132494,11,1055.122703
1781138874.221717,0.001005045,120778,9,961.373869
1781138874.222753,0.000993397,126570,9,1019.290374
1781138874.223727,0.001000877,112156,10,896.461803
1781138874.224715,0.000995025,123872,12,995.930756
1781138874.225747,0.001000294,126768,12,1013.845929
1781138874.226807,0.001000321,115052,10,920.120641
1781138874.227740,0.000998581,129466,9,1037.199786
1781138874.228725,0.001002505,123608,8,986.393085
1781138874.229745,0.001002840,109062,7,870.025129
1781138874.230739,0.000994833,125056,8,1005.644163
1781138874.231707,0.001009679,123476,6,978.338660
1781138874.232734,0.000990742,124990,7,1009.263764
1781138874.233740,0.000998628,103402,9,828.352500
1781138874.234796,0.001000435,122226,9,977.382838
1781138874.235870,0.001000418,128084,10,1024.243866
1781138874.236716,0.001012093,125122,9,989.015832
1781138874.237738,0.000994165,126504,8,1017.971866
1781138874.239015,0.001004094,126504,8,1007.905634
1781138874.240062,0.000990535,106166,7,857.443705
1781138874.240704,0.000999705,123674,9,989.683957
1781138874.241736,0.000998784,114986,9,921.007946
1781138874.242767,0.001007673,126636,10,1005.373767
1781138874.243729,0.000992976,128018,9,1031.388473
1781138874.244707,0.000999020,110510,7,884.947248
1781138874.245748,0.001013597,125056,8,987.027389
1781138874.246849,0.000995962,129400,8,1039.397085
1781138874.247697,0.000992772,122160,8,984.395209
1781138874.248669,0.000998236,106166,7,850.828862
1781138874.249660,0.001001293,0,0,0.000000
1781138874.250710,0.001010989,0,0,0.000000
1781138874.251714,0.000989100,87078,3,704.300880
1781138874.254403,0.000998513,0,0,0.000000
1781138874.254436,0.000999668,0,0,0.000000
1781138874.254681,0.001000916,54,1,0.431605
1781138874.255675,0.001011251,0,0,0.000000
1781138874.256660,0.000993145,0,0,0.000000
1781138874.257654,0.000999779,0,0,0.000000
1781138874.258790,0.001011494,0,0,0.000000
1781138874.259671,0.000991500,0,0,0.000000
1781138874.260677,0.001000050,0,0,0.000000
1781138874.261668,0.000991993,0,0,0.000000
1781138874.262678,0.001000258,0,0,0.000000
1781138874.263663,0.001000558,0,0,0.000000
1781138874.264676,0.001011449,0,0,0.000000
1781138874.265642,0.000987432,0,0,0.000000
1781138874.266688,0.001011428,0,0,0.000000
1781138874.267693,0.000998499,0,0,0.000000
1781138874.268651,0.000995057,0,0,0.000000
1781138874.269644,0.000995604,0,0,0.000000
1781138874.270682,0.000999777,0,0,0.000000
1781138874.271676,0.001005005,0,0,0.000000
1781138874.272660,0.001007676,0,0,0.000000
1781138874.273651,0.000992629,0,0,0.000000
1781138874.274686,0.000995168,0,0,0.000000
1781138874.275683,0.001004398,0,0,0.000000
1781138874.276662,0.000994875,0,0,0.000000
1781138874.277643,0.001000224,0,0,0.000000
1781138874.278678,0.001000428,0,0,0.000000
1781138874.279661,0.000999578,0,0,0.000000
1781138874.280662,0.001000676,0,0,0.000000
1781138874.281671,0.001005308,0,0,0.000000
1781138874.282699,0.001008689,0,0,0.000000
1781138874.283682,0.000985512,0,0,0.000000
1781138874.284669,0.001002157,0,0,0.000000
1781138874.285692,0.001002875,0,0,0.000000
1781138874.286686,0.001005577,0,0,0.000000
1781138874.287684,0.000991125,0,0,0.000000
1781138874.288672,0.000999525,0,0,0.000000
1781138874.289668,0.001003135,0,0,0.000000
1781138874.290664,0.000998286,0,0,0.000000
1781138874.291758,0.001008089,0,0,0.000000
1781138874.292662,0.000991430,0,0,0.000000
1781138874.293643,0.000997386,0,0,0.000000
1781138874.294679,0.000999805,0,0,0.000000
1781138874.295680,0.001002560,0,0,0.000000
1781138874.296661,0.000997759,0,0,0.000000
1781138874.297657,0.001013923,0,0,0.000000
1781138874.298691,0.000986016,0,0,0.000000
1781138874.299686,0.001006670,0,0,0.000000
1781138874.300673,0.001004890,0,0,0.000000
1781138874.301644,0.000988437,0,0,0.000000
1781138874.302693,0.001006151,0,0,0.000000
1781138874.303680,0.000994457,0,0,0.000000
1781138874.304662,0.001001674,0,0,0.000000
1781138874.305651,0.001001835,0,0,0.000000
1781138874.306674,0.001007098,0,0,0.000000
1781138874.307674,0.001001536,0,0,0.000000
1781138874.308691,0.000988131,0,0,0.000000
1781138874.309655,0.001000496,0,0,0.000000
1781138874.310706,0.000999446,0,0,0.000000
1781138874.311705,0.001011354,0,0,0.000000
1781138874.312651,0.000993285,0,0,0.000000
1781138874.313646,0.000997482,0,0,0.000000
1781138874.314684,0.001001569,0,0,0.000000
1781138874.315732,0.001007089,0,0,0.000000
1781138874.316700,0.000990028,0,0,0.000000
1781138874.317681,0.001006635,0,0,0.000000
1781138874.318691,0.001000692,0,0,0.000000
1781138874.320015,0.000996329,0,0,0.000000
1781138874.320665,0.001005431,0,0,0.000000
1781138874.321697,0.000991077,0,0,0.000000
1781138874.322711,0.001009764,0,0,0.000000
1781138874.323660,0.001002107,0,0,0.000000
1781138874.324676,0.001000719,0,0,0.000000
1781138874.325647,0.000988996,0,0,0.000000
1781138874.326683,0.000997151,0,0,0.000000
1781138874.327686,0.001009941,0,0,0.000000
1781138874.328661,0.000989924,0,0,0.000000
1781138874.329656,0.001011944,0,0,0.000000
1781138874.330666,0.000987560,0,0,0.000000
1781138874.331671,0.001006332,0,0,0.000000
1781138874.332672,0.001002657,0,0,0.000000
1781138874.333674,0.000999675,0,0,0.000000
1781138874.334671,0.000991680,0,0,0.000000
1781138874.335709,0.001007899,0,0,0.000000
1781138874.336909,0.000997983,0,0,0.000000
1781138874.337706,0.001000540,0,0,0.000000
1781138874.338673,0.000998091,0,0,0.000000
1781138874.339696,0.000996366,0,0,0.000000
1781138874.340662,0.000999359,0,0,0.000000
1781138874.341665,0.001001915,0,0,0.000000
1781138874.342749,0.000998291,0,0,0.000000
1781138874.343722,0.001000814,0,0,0.000000
1781138874.344668,0.000999138,0,0,0.000000
1781138874.345756,0.001004719,0,0,0.000000
1781138874.346712,0.000996483,0,0,0.000000
1781138874.347693,0.000999856,0,0,0.000000
1781138874.348686,0.001006957,0,0,0.000000
1781138874.349800,0.001000007,0,0,0.000000
1781138874.350737,0.001001029,0,0,0.000000
1781138874.351709,0.000995649,0,0,0.000000
1781138874.352708,0.001000508,0,0,0.000000
1781138874.353715,0.001006274,0,0,0.000000
1781138874.354769,0.000991009,0,0,0.000000
1781138874.355687,0.001008886,0,0,0.000000
1781138874.356660,0.001002461,0,0,0.000000
1781138874.357643,0.000985610,0,0,0.000000
1781138874.358662,0.000999780,0,0,0.000000
1781138874.359668,0.001005064,0,0,0.000000
1781138874.360664,0.000995746,0,0,0.000000
1781138874.361660,0.001012280,0,0,0.000000
1781138874.362664,0.000989150,0,0,0.000000
1781138874.363679,0.001005373,0,0,0.000000
1781138874.364671,0.000998554,0,0,0.000000
1781138874.365710,0.000997850,0,0,0.000000
1781138874.366746,0.001010311,0,0,0.000000
1781138874.367855,0.001002340,0,0,0.000000
1781138874.368743,0.000984648,0,0,0.000000
1781138874.369756,0.001001000,0,0,0.000000
1781138874.370675,0.000997836,0,0,0.000000
1781138874.371645,0.000999788,0,0,0.000000
1781138874.372645,0.001001156,0,0,0.000000
1781138874.373656,0.001012014,0,0,0.000000
1781138874.374694,0.000999867,0,0,0.000000
1781138874.375648,0.000987344,0,0,0.000000
1781138874.376744,0.001000016,0,0,0.000000
1781138874.377672,0.001000556,0,0,0.000000
1781138874.378796,0.001011586,0,0,0.000000
1781138874.379737,0.000988299,0,0,0.000000
1781138874.380700,0.000999194,0,0,0.000000
1781138874.381685,0.001000341,0,0,0.000000
1781138874.382664,0.001001095,0,0,0.000000
1781138874.383683,0.001004839,0,0,0.000000
1781138874.384742,0.000995159,0,0,0.000000
1781138874.385771,0.001010006,0,0,0.000000
1781138874.386771,0.000989693,0,0,0.000000
1781138874.387668,0.000999198,0,0,0.000000
1781138874.388661,0.001000717,0,0,0.000000
1781138874.389643,0.001000330,0,0,0.000000
1781138874.390692,0.001011084,0,0,0.000000
1781138874.391694,0.001002476,0,0,0.000000
1781138874.392658,0.000999008,0,0,0.000000
1781138874.393681,0.001000837,0,0,0.000000
1781138874.394663,0.000986002,0,0,0.000000
1781138874.395658,0.001012374,0,0,0.000000
1781138874.396662,0.000998896,0,0,0.000000
1781138874.397667,0.000988371,0,0,0.000000
1781138874.398689,0.000999922,0,0,0.000000
1781138874.399673,0.001006823,0,0,0.000000
1781138874.400643,0.000993225,0,0,0.000000
1781138874.401644,0.000999717,0,0,0.000000
1781138874.402689,0.001010861,0,0,0.000000
1781138874.403679,0.000989198,0,0,0.000000
1781138874.404644,0.001000223,0,0,0.000000
1781138874.405780,0.001006023,0,0,0.000000
1781138874.406742,0.001000031,0,0,0.000000
1781138874.407716,0.001006542,0,0,0.000000
1781138874.408697,0.000994179,0,0,0.000000
1781138874.409690,0.001006524,0,0,0.000000
1781138874.410680,0.000998299,0,0,0.000000
1781138874.411745,0.000988820,0,0,0.000000
1781138874.412739,0.001000600,0,0,0.000000
1781138874.413651,0.000998958,0,0,0.000000
1781138874.414724,0.001000848,0,0,0.000000
1781138874.415692,0.000999337,0,0,0.000000
1781138874.416740,0.001012357,0,0,0.000000
1781138874.417704,0.000987494,0,0,0.000000
1781138874.418706,0.001000093,0,0,0.000000
1781138874.419744,0.001000102,0,0,0.000000
1781138874.420658,0.001002609,0,0,0.000000
1781138874.421662,0.000996915,0,0,0.000000
1781138874.422675,0.001001120,0,0,0.000000
1781138874.423701,0.001005011,0,0,0.000000
1781138874.424713,0.001001134,0,0,0.000000
1781138874.425896,0.000994928,0,0,0.000000
1781138874.426716,0.001001839,0,0,0.000000
1781138874.427686,0.000996003,0,0,0.000000
1781138874.428644,0.000999717,0,0,0.000000
1781138874.429646,0.001000419,0,0,0.000000
1781138874.430698,0.001005999,0,0,0.000000
1781138874.431665,0.000994053,0,0,0.000000
1781138874.432647,0.001000505,0,0,0.000000
1781138874.433671,0.001008333,0,0,0.000000
1781138874.434690,0.000997192,0,0,0.000000
1781138874.435676,0.000998686,0,0,0.000000
1781138874.436651,0.001003113,0,0,0.000000
1781138874.437655,0.001005171,0,0,0.000000
1781138874.438679,0.000987423,0,0,0.000000
1781138874.439676,0.000999265,0,0,0.000000
1781138874.440647,0.001000246,0,0,0.000000
1781138874.441651,0.001001054,0,0,0.000000
1781138874.442703,0.001000592,0,0,0.000000
1781138874.443685,0.001005373,0,0,0.000000
1781138874.444663,0.000993021,0,0,0.000000
1781138874.445662,0.000999899,0,0,0.000000
1781138874.446721,0.001000075,0,0,0.000000
1781138874.447682,0.001011923,0,0,0.000000
1781138874.448670,0.000996267,0,0,0.000000
1781138874.449691,0.001000967,0,0,0.000000
1781138874.450772,0.000997868,0,0,0.000000
1781138874.451727,0.000999185,0,0,0.000000
1781138874.452687,0.000993779,0,0,0.000000
1781138874.453700,0.001011183,0,0,0.000000
1781138874.454755,0.000994440,0,0,0.000000
1781138874.455842,0.000994558,0,0,0.000000
1781138874.456727,0.001011080,0,0,0.000000
1781138874.457667,0.001001509,0,0,0.000000
1781138874.458694,0.001000423,0,0,0.000000
1781138874.459668,0.000995543,0,0,0.000000
1781138874.460660,0.000990930,0,0,0.000000
1781138874.461674,0.001006093,0,0,0.000000
1781138874.462646,0.000994024,1514,1,12.184816
1781138874.463684,0.001004478,104850,9,835.060599
1781138874.464662,0.001005506,110642,9,880.289128
1781138874.465726,0.000994868,125122,9,1006.139508
1781138874.466709,0.000999122,124990,7,1000.798701
1781138874.467679,0.001002572,117750,7,939.583392
1781138874.468654,0.000995298,237146,10,1906.130626
1781138874.469710,0.000999054,112090,9,897.569100
1781138874.470716,0.001010005,106232,8,841.437419
1781138874.471683,0.000990818,112024,8,904.497092
1781138874.472776,0.001002779,81352,4,649.012395
1781138874.473797,0.001001262,85696,4,684.703904
1781138874.474752,0.000995188,62726,7,504.234376
1781138874.475798,0.001004824,78654,7,626.211157
1781138874.476715,0.000995232,77140,6,620.076525
1781138874.477708,0.001002870,84314,5,672.581691
1781138874.478682,0.001003299,72730,5,579.926821
1781138874.479647,0.000992979,79970,5,644.283515
1781138874.480681,0.001003200,84314,5,672.360447
1781138874.481676,0.000997425,68320,4,547.971025
1781138874.482673,0.001000253,0,0,0.000000
1781138874.483665,0.001002590,0,0,0.000000
1781138874.484647,0.000998325,0,0,0.000000
1781138874.485653,0.001007244,0,0,0.000000
1781138874.486689,0.001002005,0,0,0.000000
1781138874.487667,0.000996082,0,0,0.000000
1781138874.488679,0.001005722,0,0,0.000000
1781138874.489654,0.000998409,0,0,0.000000
1781138874.490701,0.000993492,0,0,0.000000
1781138874.491685,0.000997148,0,0,0.000000
1781138874.492752,0.000998618,0,0,0.000000
1781138874.493691,0.001005513,0,0,0.000000
1781138874.494722,0.000994300,0,0,0.000000
1781138874.495679,0.001002904,0,0,0.000000
1781138874.496675,0.001003104,0,0,0.000000
1781138874.497694,0.001006776,0,0,0.000000
1781138874.498688,0.000987673,0,0,0.000000
1781138874.499653,0.000999329,0,0,0.000000
1781138874.500763,0.001014109,0,0,0.000000
1781138874.501704,0.000989864,0,0,0.000000
1781138874.502707,0.000999792,0,0,0.000000
1781138874.503690,0.000997662,0,0,0.000000
1781138874.504736,0.001006717,0,0,0.000000
1781138874.505790,0.001005315,0,0,0.000000
1781138874.506745,0.000992434,0,0,0.000000
1781138874.507753,0.001004110,0,0,0.000000
1781138874.508689,0.000995038,0,0,0.000000
1781138874.509722,0.000996559,0,0,0.000000
1781138874.510755,0.000998928,0,0,0.000000
1781138874.511677,0.001009609,0,0,0.000000
1781138874.512656,0.000999816,0,0,0.000000
1781138874.513645,0.000990234,0,0,0.000000
1781138874.514663,0.001000617,0,0,0.000000
1781138874.515666,0.001004292,0,0,0.000000
1781138874.516657,0.000998797,0,0,0.000000
1781138874.517653,0.000996193,0,0,0.000000
1781138874.518756,0.001007932,0,0,0.000000
1781138874.519714,0.000996922,0,0,0.000000
1781138874.520702,0.000995424,0,0,0.000000
1781138874.521653,0.000999345,0,0,0.000000
1781138874.522710,0.001007486,0,0,0.000000
1781138874.523703,0.001004466,0,0,0.000000
1781138874.524686,0.000999821,0,0,0.000000
1781138874.525688,0.000988552,0,0,0.000000
1781138874.526680,0.001005729,0,0,0.000000
1781138874.527647,0.000995625,0,0,0.000000
1781138874.528650,0.001003389,0,0,0.000000
1781138874.529656,0.001006547,0,0,0.000000
1781138874.530671,0.000991919,0,0,0.000000
1781138874.531953,0.000997864,0,0,0.000000
1781138874.532700,0.001013553,0,0,0.000000
1781138874.533713,0.000991429,0,0,0.000000
1781138874.534712,0.001008085,0,0,0.000000
1781138874.535683,0.000997871,0,0,0.000000
1781138874.536644,0.000988157,0,0,0.000000
1781138874.537667,0.001006407,0,0,0.000000
1781138874.538659,0.000997350,0,0,0.000000
1781138874.539674,0.000996731,0,0,0.000000
1781138874.540673,0.001000396,0,0,0.000000
1781138874.541665,0.001006313,0,0,0.000000
1781138874.542686,0.000992770,0,0,0.000000
1781138874.543670,0.001013490,0,0,0.000000
1781138874.544643,0.000986156,0,0,0.000000
1781138874.545704,0.001012090,0,0,0.000000
1781138874.546724,0.000988959,0,0,0.000000
1781138874.547685,0.001004402,0,0,0.000000
1781138874.548682,0.000994914,0,0,0.000000
1781138874.549705,0.001002873,0,0,0.000000
1781138874.550700,0.001002472,0,0,0.000000
1781138874.551680,0.000997377,0,0,0.000000
1781138874.552647,0.000996867,0,0,0.000000
1781138874.553659,0.001014418,0,0,0.000000
1781138874.554688,0.000993263,0,0,0.000000
1781138874.555689,0.000993109,0,0,0.000000
1781138874.556657,0.001006983,0,0,0.000000
1781138874.557653,0.000999502,0,0,0.000000
1781138874.558685,0.000993115,0,0,0.000000
1781138874.559672,0.001009115,0,0,0.000000
1781138874.560699,0.001000798,0,0,0.000000
1781138874.561685,0.001001291,0,0,0.000000
1781138874.562669,0.000989121,0,0,0.000000
1781138874.563689,0.000999387,0,0,0.000000
1781138874.564662,0.001001218,0,0,0.000000
1781138874.565709,0.001005805,0,0,0.000000
1781138874.566724,0.000999637,0,0,0.000000
1781138874.567682,0.001006763,0,0,0.000000
1781138874.568693,0.000995249,0,0,0.000000
1781138874.569708,0.000992576,0,0,0.000000
1781138874.570683,0.000998631,0,0,0.000000
1781138874.571729,0.001000372,0,0,0.000000
1781138874.572711,0.001007158,0,0,0.000000
1781138874.573697,0.000993002,0,0,0.000000
1781138874.574730,0.001006213,0,0,0.000000
1781138874.575742,0.000993399,0,0,0.000000
1781138874.576730,0.001005178,0,0,0.000000
1781138874.577763,0.000995245,0,0,0.000000
1781138874.578735,0.001007198,0,0,0.000000
1781138874.579677,0.000995223,0,0,0.000000
1781138874.580747,0.001004623,0,0,0.000000
1781138874.581693,0.000999868,0,0,0.000000
1781138874.582706,0.000998458,0,0,0.000000
1781138874.583729,0.000999202,0,0,0.000000
1781138874.584892,0.000996781,0,0,0.000000
1781138874.585706,0.000999014,0,0,0.000000
1781138874.586842,0.001007607,0,0,0.000000
1781138874.587712,0.000991540,0,0,0.000000
1781138874.588686,0.000999994,0,0,0.000000
1781138874.589710,0.001010661,0,0,0.000000
1781138874.590730,0.001002569,0,0,0.000000
1781138874.591725,0.000993250,0,0,0.000000
1781138874.592701,0.000993380,0,0,0.000000
1781138874.593687,0.001000524,0,0,0.000000
1781138874.594736,0.000999506,0,0,0.000000
1781138874.595845,0.001007468,0,0,0.000000
1781138874.596921,0.001006470,0,0,0.000000
1781138874.597715,0.001001345,0,0,0.000000
1781138874.598695,0.000995425,0,0,0.000000
1781138874.599673,0.000995964,0,0,0.000000
1781138874.600656,0.000995761,0,0,0.000000
1781138874.601650,0.000997614,0,0,0.000000
1781138874.602746,0.000999766,0,0,0.000000
1781138874.603651,0.001001515,0,0,0.000000
1781138874.604709,0.001003234,0,0,0.000000
1781138874.605725,0.000996632,0,0,0.000000
1781138874.606880,0.001006156,0,0,0.000000
1781138874.607739,0.001003632,0,0,0.000000
1781138874.608731,0.000990553,0,0,0.000000
1781138874.609711,0.001002955,0,0,0.000000
1781138874.610798,0.000999304,0,0,0.000000
1781138874.611728,0.001000540,0,0,0.000000
1781138874.612696,0.000996484,0,0,0.000000
1781138874.613673,0.001010065,0,0,0.000000
1781138874.614672,0.000989166,0,0,0.000000
1781138874.615708,0.001003008,0,0,0.000000
1781138874.616675,0.001003241,0,0,0.000000
1781138874.617652,0.000993562,0,0,0.000000
1781138874.618678,0.001000272,0,0,0.000000
1781138874.619709,0.001011242,0,0,0.000000
1781138874.620649,0.000989247,0,0,0.000000
1781138874.621675,0.001011800,0,0,0.000000
1781138874.622688,0.000988549,0,0,0.000000
1781138874.623759,0.000999668,0,0,0.000000
1781138874.624677,0.001009595,0,0,0.000000
1781138874.625709,0.000996308,0,0,0.000000
1781138874.626766,0.000994808,0,0,0.000000
1781138874.627730,0.000999712,0,0,0.000000
1781138874.628686,0.000999607,0,0,0.000000
1781138874.629646,0.000999362,0,0,0.000000
1781138874.630681,0.001002074,0,0,0.000000
1781138874.631714,0.000999700,0,0,0.000000
1781138874.632670,0.001004982,0,0,0.000000
1781138874.633652,0.000996902,0,0,0.000000
1781138874.634689,0.001003867,0,0,0.000000
1781138874.635674,0.000995989,0,0,0.000000
1781138874.636645,0.000996378,0,0,0.000000
1781138874.637668,0.001003820,0,0,0.000000
1781138874.638669,0.000996312,0,0,0.000000
1781138874.639672,0.001001008,0,0,0.000000
1781138874.640681,0.001014383,0,0,0.000000
1781138874.641693,0.000997900,0,0,0.000000
1781138874.642668,0.000988179,0,0,0.000000
1781138874.643664,0.000998660,0,0,0.000000
1781138874.644656,0.001011525,0,0,0.000000
1781138874.645660,0.000988289,0,0,0.000000
1781138874.646696,0.001004615,0,0,0.000000
1781138874.647728,0.001001212,0,0,0.000000
1781138874.648698,0.001006013,0,0,0.000000
1781138874.649671,0.000990435,0,0,0.000000
1781138874.650693,0.001003468,0,0,0.000000
1781138874.651711,0.001006772,0,0,0.000000
1781138874.652739,0.000990399,0,0,0.000000
1781138874.653743,0.001008485,0,0,0.000000
1781138874.654696,0.000998822,0,0,0.000000
1781138874.655664,0.000991931,0,0,0.000000
1781138874.656666,0.000997955,0,0,0.000000
1781138874.657661,0.001000042,0,0,0.000000
1781138874.658661,0.001000233,0,0,0.000000
1781138874.659672,0.001010399,0,0,0.000000
1781138874.660678,0.001003618,0,0,0.000000
1781138874.661671,0.000994728,0,0,0.000000
1781138874.662663,0.000991491,0,0,0.000000
1781138874.663673,0.001009530,0,0,0.000000
1781138874.664678,0.001005204,0,0,0.000000
1781138874.665677,0.000989621,0,0,0.000000
1781138874.666677,0.001006279,0,0,0.000000
1781138874.667663,0.000989068,0,0,0.000000
1781138874.668742,0.001010223,0,0,0.000000
1781138874.669732,0.000990690,0,0,0.000000
1781138874.670707,0.001007531,0,0,0.000000
1781138874.671670,0.001001535,0,0,0.000000
1781138874.672672,0.000998463,0,0,0.000000
1781138874.673673,0.001003384,0,0,0.000000
1781138874.674684,0.000990815,0,0,0.000000
1781138874.675664,0.000997495,0,0,0.000000
1781138874.676670,0.000999600,0,0,0.000000
1781138874.677731,0.001009411,0,0,0.000000
1781138874.678751,0.000994961,162,1,1.302564
1781138874.679806,0.001007222,0,0,0.000000
1781138874.680809,0.000997462,0,0,0.000000
1781138874.681715,0.001004948,0,0,0.000000
1781138874.682770,0.000991264,0,0,0.000000
1781138874.683723,0.000995370,0,0,0.000000
1781138874.684700,0.000999285,0,0,0.000000
1781138874.685715,0.001007573,0,0,0.000000
1781138874.686664,0.001002663,0,0,0.000000
1781138874.687687,0.000991147,0,0,0.000000
1781138874.688798,0.001000575,0,0,0.000000
1781138874.689803,0.001000724,0,0,0.000000
1781138874.690839,0.000998641,1514,1,12.128483
1781138874.691730,0.000999741,74310,7,594.634010
1781138874.692795,0.001004221,64108,6,510.708300
1781138874.693977,0.001004380,80090,7,637.925885
1781138874.694866,0.000991706,56736,4,457.684031
1781138874.695795,0.001000814,77074,5,616.090502
1781138874.696754,0.001002687,72940,6,581.956283
1781138874.697727,0.000995990,93002,5,747.011516
1781138874.698755,0.000999295,65424,4,523.761252
1781138874.699669,0.001002672,63910,3,509.917500
1781138874.700656,0.001007367,0,0,0.000000
1781138874.701677,0.000997847,0,0,0.000000
1781138874.702674,0.000994579,0,0,0.000000
1781138874.703670,0.001003736,0,0,0.000000
1781138874.704672,0.001002116,0,0,0.000000
1781138874.705645,0.000991683,0,0,0.000000
1781138874.706688,0.001001920,0,0,0.000000
1781138874.707675,0.000997848,0,0,0.000000
1781138874.708722,0.001001344,0,0,0.000000
1781138874.709729,0.000999158,0,0,0.000000
1781138874.711087,0.001014634,0,0,0.000000
1781138874.711689,0.000986376,0,0,0.000000
1781138874.712684,0.001008136,0,0,0.000000
1781138874.713666,0.000992022,0,0,0.000000
1781138874.714748,0.001009373,0,0,0.000000
1781138874.715749,0.000999889,0,0,0.000000
1781138874.716702,0.000990523,0,0,0.000000
1781138874.717705,0.001000907,0,0,0.000000
1781138874.718704,0.000997589,0,0,0.000000
1781138874.719740,0.001004378,0,0,0.000000
1781138874.720761,0.001010128,0,0,0.000000
1781138874.721727,0.000987931,0,0,0.000000
1781138874.722801,0.001011225,0,0,0.000000
1781138874.723709,0.000988070,0,0,0.000000
1781138874.724697,0.001010670,0,0,0.000000
1781138874.725702,0.000988452,0,0,0.000000
1781138874.726753,0.001007390,0,0,0.000000
1781138874.727758,0.000999255,0,0,0.000000
1781138874.728754,0.001001560,0,0,0.000000
1781138874.729802,0.001002223,0,0,0.000000
1781138874.730749,0.000993492,0,0,0.000000
1781138874.731704,0.000996249,0,0,0.000000
1781138874.732712,0.001006313,0,0,0.000000
1781138874.734019,0.000993301,0,0,0.000000
1781138874.735165,0.001012101,0,0,0.000000
1781138874.735744,0.000988697,0,0,0.000000
1781138874.736687,0.001012277,0,0,0.000000
1781138874.737662,0.000998406,0,0,0.000000
1781138874.738736,0.000988294,0,0,0.000000
1781138874.739707,0.001006547,0,0,0.000000
1781138874.740708,0.000999671,0,0,0.000000
1781138874.741689,0.000994587,0,0,0.000000
1781138874.742800,0.000999493,0,0,0.000000
1781138874.743675,0.001005414,0,0,0.000000
1781138874.744747,0.001000939,0,0,0.000000
1781138874.745723,0.000993371,0,0,0.000000
1781138874.746812,0.001007013,0,0,0.000000
1781138874.747667,0.001003111,0,0,0.000000
1781138874.748657,0.001000317,0,0,0.000000
1781138874.749655,0.001000931,0,0,0.000000
1781138874.750692,0.001001008,0,0,0.000000
1781138874.751674,0.000991677,0,0,0.000000
1781138874.752648,0.000998614,0,0,0.000000
1781138874.753672,0.001004093,0,0,0.000000
1781138874.754663,0.000992972,54,1,0.435058
1781138874.755659,0.001013232,0,0,0.000000
1781138874.756672,0.000997322,0,0,0.000000
1781138874.757649,0.000998065,0,0,0.000000
1781138874.758685,0.000997622,0,0,0.000000
1781138874.759676,0.001005507,0,0,0.000000
1781138874.760697,0.000996438,0,0,0.000000
1781138874.761681,0.001006284,0,0,0.000000
1781138874.762670,0.000993482,0,0,0.000000
1781138874.763674,0.001003823,0,0,0.000000
1781138874.764647,0.000989920,0,0,0.000000
1781138874.765655,0.001008750,0,0,0.000000
1781138874.766682,0.000992759,0,0,0.000000
1781138874.767661,0.000997823,0,0,0.000000
1781138874.768665,0.001001733,0,0,0.000000
1781138874.769657,0.001011042,0,0,0.000000
1781138874.770678,0.000986465,0,0,0.000000
1781138874.771679,0.001000951,0,0,0.000000
1781138874.772673,0.001009400,0,0,0.000000
1781138874.773663,0.001003907,0,0,0.000000
1781138874.774680,0.000997499,0,0,0.000000
1781138874.775647,0.000990291,0,0,0.000000
1781138874.776684,0.000998311,0,0,0.000000
1781138874.777676,0.000999819,0,0,0.000000
1781138874.778684,0.000999559,0,0,0.000000
1781138874.779689,0.001000202,0,0,0.000000
1781138874.780663,0.001012899,0,0,0.000000
1781138874.781659,0.001000371,0,0,0.000000
1781138874.782678,0.001001901,0,0,0.000000
1781138874.783669,0.000989090,0,0,0.000000
1781138874.784650,0.000997662,0,0,0.000000
1781138874.785676,0.001002581,0,0,0.000000
1781138874.786669,0.000995302,0,0,0.000000
1781138874.787750,0.001005572,0,0,0.000000
1781138874.788725,0.000996852,0,0,0.000000
1781138874.789657,0.001001231,0,0,0.000000
1781138874.790673,0.000996467,0,0,0.000000
1781138874.791693,0.001000666,0,0,0.000000
1781138874.792734,0.001012981,0,0,0.000000
1781138874.793707,0.000994446,0,0,0.000000
1781138874.794728,0.000997969,0,0,0.000000
1781138874.795673,0.000995204,0,0,0.000000
1781138874.796668,0.001001813,0,0,0.000000
1781138874.797699,0.000997408,0,0,0.000000
1781138874.798697,0.001007568,0,0,0.000000
1781138874.799686,0.000992284,0,0,0.000000
1781138874.800659,0.001011067,0,0,0.000000
1781138874.801648,0.000991043,0,0,0.000000
1781138874.802703,0.001006785,0,0,0.000000
1781138874.803668,0.000990465,0,0,0.000000
1781138874.804666,0.001004498,0,0,0.000000
1781138874.805720,0.000997245,0,0,0.000000
1781138874.806690,0.000999185,0,0,0.000000
1781138874.807696,0.000999629,0,0,0.000000
1781138874.808854,0.001001622,0,0,0.000000
1781138874.809684,0.001003954,0,0,0.000000
1781138874.810756,0.001000836,0,0,0.000000
1781138874.811690,0.001004782,0,0,0.000000
1781138874.812646,0.000988555,0,0,0.000000
1781138874.813653,0.001008133,0,0,0.000000
1781138874.814688,0.000991586,0,0,0.000000
1781138874.815663,0.001000325,0,0,0.000000
1781138874.816665,0.001001872,0,0,0.000000
1781138874.817657,0.001010457,0,0,0.000000
1781138874.818668,0.000994706,0,0,0.000000
1781138874.819662,0.000992919,0,0,0.000000
1781138874.820649,0.001001832,0,0,0.000000
1781138874.821682,0.001012159,0,0,0.000000
1781138874.822885,0.000987645,0,0,0.000000
1781138874.823666,0.001003453,0,0,0.000000
1781138874.824654,0.000999375,0,0,0.000000
1781138874.825677,0.001000181,0,0,0.000000
1781138874.826685,0.000997145,0,0,0.000000
1781138874.827670,0.001005008,0,0,0.000000
1781138874.828665,0.000997592,0,0,0.000000
1781138874.829657,0.001007904,0,0,0.000000
1781138874.830672,0.000995475,0,0,0.000000
1781138874.831668,0.000998221,0,0,0.000000
1781138874.832685,0.001008646,0,0,0.000000
1781138874.833659,0.001000624,0,0,0.000000
1781138874.834679,0.000985241,0,0,0.000000
1781138874.835667,0.001004714,0,0,0.000000
1781138874.836671,0.001005873,0,0,0.000000
1781138874.837657,0.000996918,0,0,0.000000
1781138874.838682,0.000992141,0,0,0.000000
1781138874.839681,0.001003677,0,0,0.000000
1781138874.840748,0.000999664,0,0,0.000000
1781138874.841727,0.000998253,0,0,0.000000
1781138874.842691,0.000998346,0,0,0.000000
1781138874.843665,0.001012319,0,0,0.000000
1781138874.844651,0.000994075,0,0,0.000000
1781138874.845647,0.000999148,0,0,0.000000
1781138874.846700,0.000999618,0,0,0.000000
1781138874.847663,0.001003667,0,0,0.000000
1781138874.849090,0.001002053,0,0,0.000000
1781138874.850021,0.000996551,0,0,0.000000
1781138874.850963,0.000993663,0,0,0.000000
1781138874.852542,0.001003936,0,0,0.000000
1781138874.852786,0.001005669,0,0,0.000000
1781138874.853837,0.000998890,0,0,0.000000
1781138874.854724,0.000993788,0,0,0.000000
1781138874.855703,0.001010922,0,0,0.000000
1781138874.856642,0.000985411,0,0,0.000000
1781138874.857649,0.001006424,0,0,0.000000
1781138874.858756,0.001003346,0,0,0.000000
1781138874.859734,0.001001595,0,0,0.000000
1781138874.860687,0.000990409,0,0,0.000000
1781138874.861718,0.001005191,0,0,0.000000
1781138874.862695,0.001003669,0,0,0.000000
1781138874.863658,0.000990812,0,0,0.000000
1781138874.864666,0.000998984,0,0,0.000000
1781138874.865652,0.001000128,0,0,0.000000
1781138874.866692,0.001012951,0,0,0.000000
1781138874.867649,0.000986672,0,0,0.000000
1781138874.868653,0.001004272,0,0,0.000000
1781138874.869656,0.001008230,0,0,0.000000
1781138874.870680,0.000987550,0,0,0.000000
1781138874.871688,0.001010353,0,0,0.000000
1781138874.872653,0.000996554,0,0,0.000000
1781138874.873662,0.000999392,0,0,0.000000
1781138874.874671,0.000996138,0,0,0.000000
1781138874.875691,0.001010578,0,0,0.000000
1781138874.876684,0.000996420,0,0,0.000000
1781138874.877665,0.000992115,0,0,0.000000
1781138874.878781,0.001006228,0,0,0.000000
1781138874.879752,0.000994625,0,0,0.000000
1781138874.880657,0.001003779,0,0,0.000000
1781138874.881658,0.001008945,0,0,0.000000
1781138874.882689,0.000994992,0,0,0.000000
1781138874.883676,0.000989742,0,0,0.000000
1781138874.884673,0.001011121,0,0,0.000000
1781138874.885655,0.001000736,0,0,0.000000
1781138874.886669,0.000993276,0,0,0.000000
1781138874.887683,0.000999828,0,0,0.000000
1781138874.888655,0.001004540,0,0,0.000000
1781138874.889664,0.000990941,0,0,0.000000
1781138874.890662,0.000999666,0,0,0.000000
1781138874.891650,0.001000359,0,0,0.000000
1781138874.892655,0.001008062,0,0,0.000000
1781138874.893647,0.000994305,0,0,0.000000
1781138874.894706,0.001001956,0,0,0.000000
1781138874.895694,0.000997039,0,0,0.000000
1781138874.896653,0.000998339,0,0,0.000000
1781138874.897672,0.001001254,0,0,0.000000
1781138874.898685,0.001009323,0,0,0.000000
1781138874.899668,0.000989814,0,0,0.000000
1781138874.900652,0.001004882,0,0,0.000000
1781138874.901651,0.001002783,0,0,0.000000
1781138874.902688,0.001006468,0,0,0.000000
1781138874.903680,0.000998576,0,0,0.000000
1781138874.904672,0.000986974,0,0,0.000000
1781138874.905695,0.001002209,0,0,0.000000
1781138874.906696,0.001007268,1514,1,12.024605
1781138874.907723,0.000991205,62660,6,505.727877
1781138874.908818,0.001008041,122424,12,971.579529
1781138874.909754,0.001000491,116500,10,931.542613
1781138874.910687,0.001001071,113472,8,906.804812
1781138874.911748,0.000989977,125056,8,1010.577013
1781138874.912734,0.001000015,125056,8,1000.432994
1781138874.913752,0.001003923,124990,7,996.012642
1781138874.914831,0.000996076,110576,8,888.092876
1781138874.915904,0.001011462,126702,11,1002.129591
1781138874.916801,0.000993834,125188,10,1007.717587
1781138874.917762,0.000996075,112090,9,900.253495
1781138874.918890,0.001006221,128018,9,1017.812190
1781138874.919825,0.001003690,139668,10,1113.236159
1781138874.920744,0.001001100,126768,12,1013.029667
1781138874.921674,0.000991989,113670,11,916.703713
1781138874.922885,0.001003231,117882,9,940.018799
1781138874.923799,0.000993766,113472,8,913.470576
1781138874.924788,0.001003884,127952,8,1019.655657
1781138874.925701,0.001002090,111958,7,893.795966
1781138874.926895,0.001001907,123608,8,986.981826
1781138874.927689,0.000990947,120778,9,975.051138
1781138874.928694,0.001009674,123740,10,980.435269
1781138874.929670,0.000995868,129532,10,1040.555576
1781138874.930702,0.000999149,112024,8,896.955309
1781138874.931680,0.000995105,117816,8,947.164370
1781138874.932668,0.001001882,126504,8,1010.130934
1781138874.933715,0.001011753,126504,8,1000.275759
1781138874.934741,0.000999332,122160,8,977.933259
1781138874.935694,0.000995488,109128,8,876.980938
1781138874.936651,0.000993437,129598,11,1043.633366
1781138874.937654,0.001005659,120778,9,960.786907
1781138874.938721,0.000992868,129466,9,1043.167873
1781138874.939672,0.000999682,114854,7,919.124282
1781138874.940696,0.001010224,117816,8,932.989119
1781138874.941673,0.000989039,94714,9,766.109324
1781138874.942696,0.001000418,100440,8,803.184269
1781138874.943685,0.001007672,123740,10,982.383156
1781138874.944737,0.001001388,98926,7,790.311048
1781138874.945713,0.000991521,125056,8,1009.003339
1781138874.947003,0.001011557,125056,8,989.017920
1781138874.948219,0.000998468,100308,6,803.695261
1781138874.948756,0.000998468,135390,11,1084.781886
1781138874.949720,0.000994666,128150,11,1030.697742
1781138874.950697,0.000996602,112090,9,899.777444
1781138874.951677,0.001010889,112024,8,886.538482
1781138874.952741,0.000989311,110510,7,893.632033
1781138874.953687,0.001003532,118014,11,940.789133
1781138874.954715,0.000997642,93266,9,747.891528
1781138874.956173,0.001004944,88856,8,707.350857
1781138874.956771,0.001006679,113538,9,902.277687
1781138874.957954,0.000997604,110510,7,886.203343
1781138874.958694,0.000995046,125122,9,1005.959523
1781138874.959852,0.000994307,125056,8,1006.176161
1781138874.960890,0.001000494,104652,6,836.802620
1781138874.961729,0.001009203,142696,12,1131.157953
1781138874.962719,0.000999331,116500,10,932.623925
1781138874.963665,0.000991376,126636,10,1021.900873
1781138874.964672,0.000999094,113472,8,908.599191
1781138874.965683,0.001005852,126504,8,1006.144045
1781138874.966729,0.000997863,126504,8,1014.199344
1781138874.967690,0.001003411,107614,7,857.985412
1781138874.968689,0.001006081,98926,7,786.624536
1781138874.969667,0.000989847,112090,9,905.917783
1781138874.970821,0.001001714,116434,9,929.878189
1781138874.971722,0.000995618,71282,5,572.765860
1781138874.972650,0.000999506,96030,7,768.619698
1781138874.973653,0.001007033,130848,8,1039.473384
1781138874.974683,0.001005435,109128,8,868.304764
1781138874.975669,0.000991897,112222,11,905.110107
1781138874.976665,0.000997863,101888,8,816.849608
1781138874.977710,0.000998868,114986,9,920.930493
1781138874.978703,0.000999547,125122,9,1001.429648
1781138874.979665,0.001005867,128018,9,1018.170394
1781138874.980652,0.000998423,107614,7,862.271803
1781138874.981652,0.000995407,124990,7,1004.533824
1781138874.982674,0.001000263,123542,7,988.076136
1781138874.983676,0.001001307,119330,9,953.393914
1781138874.984664,0.001008222,122358,11,970.881413
1781138874.985687,0.000998771,114986,9,921.019933
1781138874.986709,0.000993750,126570,9,1018.928302
1781138874.987755,0.000998104,110642,9,886.817406
1781138874.990157,0.002004709,233066,21,930.074140
1781138874.990793,0.000995221,97544,8,784.099210
1781138874.992119,0.001005690,112090,9,891.646531
1781138874.992743,0.001001969,112024,8,894.430866
1781138874.993714,0.001000018,126570,9,1012.541774
1781138874.994677,0.000992289,23234,1,187.316397
1781138874.995665,0.000999918,0,0,0.000000
1781138874.996672,0.001008758,0,0,0.000000
1781138874.997653,0.001000485,0,0,0.000000
1781138874.998672,0.001003847,0,0,0.000000
1781138874.999666,0.000991170,0,0,0.000000
1781138875.000660,0.000995429,0,0,0.000000
1781138875.001663,0.000999828,0,0,0.000000
1781138875.002709,0.001000404,0,0,0.000000
1781138875.003691,0.001010595,0,0,0.000000
1781138875.004660,0.001001982,0,0,0.000000
1781138875.005665,0.000987355,0,0,0.000000
1781138875.006672,0.001006772,0,0,0.000000
1781138875.007668,0.000993490,0,0,0.000000
1781138875.008685,0.001003441,0,0,0.000000
1781138875.009675,0.001011804,0,0,0.000000
1781138875.010697,0.000987193,0,0,0.000000
1781138875.011685,0.001000194,0,0,0.000000
1781138875.012709,0.001008187,0,0,0.000000
1781138875.013649,0.000994446,0,0,0.000000
1781138875.014689,0.001003955,0,0,0.000000
1781138875.015688,0.001000960,0,0,0.000000
1781138875.016681,0.000992570,0,0,0.000000
1781138875.017664,0.001000301,0,0,0.000000
1781138875.018693,0.001008781,0,0,0.000000
1781138875.019689,0.000999652,0,0,0.000000
1781138875.020663,0.000988350,0,0,0.000000
1781138875.021652,0.001007379,0,0,0.000000
1781138875.022677,0.000992464,0,0,0.000000
1781138875.023687,0.001007199,0,0,0.000000
1781138875.024662,0.000993925,0,0,0.000000
1781138875.025666,0.001012572,0,0,0.000000
1781138875.026687,0.000988623,0,0,0.000000
1781138875.027667,0.001002808,0,0,0.000000
1781138875.028672,0.000995842,0,0,0.000000
1781138875.029737,0.000998876,0,0,0.000000
1781138875.030686,0.000999960,0,0,0.000000
1781138875.031723,0.001014501,0,0,0.000000
1781138875.032722,0.000988525,0,0,0.000000
1781138875.033716,0.001009672,0,0,0.000000
1781138875.034683,0.000987204,0,0,0.000000
1781138875.035654,0.000999955,0,0,0.000000
1781138875.036665,0.001001012,0,0,0.000000
1781138875.037702,0.001006081,0,0,0.000000
1781138875.038688,0.000993136,0,0,0.000000
1781138875.039688,0.001002824,0,0,0.000000
1781138875.040658,0.000997670,0,0,0.000000
1781138875.041650,0.001004888,0,0,0.000000
1781138875.042668,0.001000814,0,0,0.000000
1781138875.043730,0.001000045,0,0,0.000000
1781138875.044726,0.000994099,0,0,0.000000
1781138875.045815,0.001006089,0,0,0.000000
1781138875.046768,0.000999685,0,0,0.000000
1781138875.047695,0.000999412,0,0,0.000000
1781138875.048647,0.000994814,0,0,0.000000
1781138875.049651,0.001009951,0,0,0.000000
1781138875.050678,0.000989516,0,0,0.000000
1781138875.051734,0.001009206,0,0,0.000000
1781138875.052679,0.001005300,0,0,0.000000
1781138875.053673,0.000985965,54,1,0.438149
1781138875.054678,0.000999538,0,0,0.000000
1781138875.055661,0.000999909,0,0,0.000000
1781138875.056663,0.001000176,0,0,0.000000
1781138875.057647,0.001003433,0,0,0.000000
1781138875.058687,0.001006695,0,0,0.000000
1781138875.059684,0.000995858,0,0,0.000000
1781138875.060671,0.001000484,0,0,0.000000
1781138875.061673,0.000997811,0,0,0.000000
1781138875.062675,0.001004904,0,0,0.000000
1781138875.063682,0.001005184,0,0,0.000000
1781138875.064670,0.000990535,0,0,0.000000
1781138875.065658,0.001003396,0,0,0.000000
1781138875.066683,0.000993734,0,0,0.000000
1781138875.067661,0.000998587,0,0,0.000000
1781138875.068674,0.001011734,0,0,0.000000
1781138875.069647,0.000991374,0,0,0.000000
1781138875.070713,0.001009526,54,1,0.427924
1781138875.071704,0.000988755,0,0,0.000000
1781138875.072671,0.000999000,0,0,0.000000
1781138875.073646,0.000999667,0,0,0.000000
1781138875.074692,0.001009028,0,0,0.000000
1781138875.075675,0.001002626,0,0,0.000000
1781138875.076673,0.000995122,0,0,0.000000
1781138875.077693,0.001001247,0,0,0.000000
1781138875.078696,0.001003691,0,0,0.000000
1781138875.079653,0.000987418,0,0,0.000000
1781138875.080667,0.001010380,0,0,0.000000
1781138875.081650,0.000990252,0,0,0.000000
1781138875.082669,0.001003514,0,0,0.000000
1781138875.083683,0.001001980,0,0,0.000000
1781138875.084665,0.000998449,0,0,0.000000
1781138875.085670,0.001004134,0,0,0.000000
1781138875.086695,0.001003891,0,0,0.000000
1781138875.087670,0.000995643,0,0,0.000000
1781138875.088660,0.000992017,0,0,0.000000
1781138875.089653,0.001006290,0,0,0.000000
1781138875.090694,0.000997775,0,0,0.000000
1781138875.091688,0.001000855,0,0,0.000000
1781138875.092664,0.000994883,0,0,0.000000
1781138875.093704,0.001001432,0,0,0.000000
1781138875.094674,0.001010923,0,0,0.000000
1781138875.095665,0.000998812,0,0,0.000000
1781138875.096645,0.000988803,0,0,0.000000
1781138875.097653,0.001009611,0,0,0.000000
1781138875.098691,0.001001724,0,0,0.000000
1781138875.099662,0.000988891,0,0,0.000000
1781138875.100645,0.001000230,0,0,0.000000
1781138875.101643,0.000999584,0,0,0.000000
1781138875.102665,0.001000030,0,0,0.000000
1781138875.103670,0.001007782,0,0,0.000000
1781138875.104663,0.000994379,0,0,0.000000
1781138875.105655,0.001009656,0,0,0.000000
1781138875.106681,0.000988761,0,0,0.000000
1781138875.107688,0.001009384,0,0,0.000000
1781138875.108661,0.000989946,0,0,0.000000
1781138875.109658,0.001012450,0,0,0.000000
1781138875.110688,0.000994214,0,0,0.000000
1781138875.111682,0.000993727,0,0,0.000000
1781138875.112650,0.001001779,0,0,0.000000
1781138875.113648,0.001000529,0,0,0.000000
1781138875.114713,0.001002061,0,0,0.000000
1781138875.115708,0.001010045,0,0,0.000000
1781138875.116654,0.000985629,0,0,0.000000
1781138875.117653,0.000999422,0,0,0.000000
1781138875.118662,0.001000280,0,0,0.000000
1781138875.119678,0.001000208,0,0,0.000000
1781138875.120676,0.001011804,0,0,0.000000
1781138875.121654,0.000998519,0,0,0.000000
1781138875.122662,0.000990280,0,0,0.000000
1781138875.123654,0.001009586,0,0,0.000000
1781138875.124644,0.000989463,0,0,0.000000
1781138875.125653,0.001012091,0,0,0.000000
1781138875.126676,0.000988281,0,0,0.000000
1781138875.127680,0.001003081,0,0,0.000000
1781138875.128669,0.001002402,0,0,0.000000
1781138875.129705,0.000994730,0,0,0.000000
1781138875.130762,0.000999811,0,0,0.000000
1781138875.131778,0.001000791,0,0,0.000000
1781138875.132664,0.000999345,0,0,0.000000
1781138875.133656,0.001004754,0,0,0.000000
1781138875.134693,0.000995227,0,0,0.000000
1781138875.135723,0.001003922,0,0,0.000000
1781138875.136699,0.000996100,0,0,0.000000
1781138875.137654,0.001007767,0,0,0.000000
1781138875.138668,0.000992973,0,0,0.000000
1781138875.139661,0.000999140,0,0,0.000000
1781138875.140652,0.001005448,0,0,0.000000
1781138875.141654,0.001000865,0,0,0.000000
1781138875.142686,0.000993630,0,0,0.000000
1781138875.143672,0.001009102,0,0,0.000000
1781138875.144662,0.001002710,0,0,0.000000
1781138875.145699,0.000996677,0,0,0.000000
1781138875.146724,0.000993320,0,0,0.000000
1781138875.147768,0.001007326,0,0,0.000000
1781138875.148649,0.000991432,0,0,0.000000
1781138875.149648,0.001004193,0,0,0.000000
1781138875.150686,0.000998299,0,0,0.000000
1781138875.151684,0.001003437,0,0,0.000000
1781138875.152648,0.000995194,0,0,0.000000
1781138875.153657,0.001011314,0,0,0.000000
1781138875.154687,0.000995376,0,0,0.000000
1781138875.155657,0.001001533,0,0,0.000000
1781138875.156650,0.000994887,0,0,0.000000
1781138875.157660,0.000994854,0,0,0.000000
1781138875.158689,0.001011469,0,0,0.000000
1781138875.159676,0.000995870,0,0,0.000000
1781138875.160681,0.001006276,0,0,0.000000
1781138875.161648,0.000988658,0,0,0.000000
1781138875.162691,0.001003485,0,0,0.000000
1781138875.163669,0.001008694,0,0,0.000000
1781138875.164755,0.000987827,0,0,0.000000
1781138875.165680,0.001004481,0,0,0.000000
1781138875.166683,0.000994214,0,0,0.000000
1781138875.167646,0.000999168,0,0,0.000000
1781138875.168658,0.001012258,0,0,0.000000
1781138875.169641,0.000987556,0,0,0.000000
1781138875.170683,0.001005768,0,0,0.000000
1781138875.171662,0.000995963,0,0,0.000000
1781138875.172645,0.000998409,0,0,0.000000
1781138875.173644,0.001000037,0,0,0.000000
1781138875.174687,0.001007365,0,0,0.000000
1781138875.175672,0.001001666,0,0,0.000000
1781138875.176654,0.000993381,0,0,0.000000
1781138875.177683,0.001012129,0,0,0.000000
1781138875.178689,0.001002721,0,0,0.000000
1781138875.179679,0.000992469,162,1,1.305834
1781138875.180672,0.001002957,0,0,0.000000
1781138875.181669,0.000987516,0,0,0.000000
1781138875.182754,0.001012397,0,0,0.000000
1781138875.183675,0.001001879,0,0,0.000000
1781138875.184662,0.001000729,0,0,0.000000
1781138875.185656,0.000997745,0,0,0.000000
1781138875.186676,0.000991902,0,0,0.000000
1781138875.187682,0.000999094,0,0,0.000000
1781138875.188669,0.000999017,0,0,0.000000
1781138875.189658,0.000998300,0,0,0.000000
1781138875.190698,0.000999546,0,0,0.000000
1781138875.191673,0.001003193,0,0,0.000000
1781138875.192656,0.001005327,0,0,0.000000
1781138875.193686,0.000998077,0,0,0.000000
1781138875.194770,0.001000649,0,0,0.000000
1781138875.195711,0.000999066,0,0,0.000000
1781138875.196758,0.000994193,54,1,0.434523
1781138875.197895,0.001015715,0,0,0.000000
1781138875.198743,0.000992197,1514,1,12.207253
1781138875.199964,0.001004524,61422,7,489.163026
1781138875.200666,0.000990956,103468,10,835.298439
1781138875.201770,0.001006276,98926,7,786.472101
1781138875.202779,0.000989500,109128,8,882.288024
1781138875.203721,0.001010063,114920,8,910.200651
1781138875.204765,0.000998435,104718,7,839.057124
1781138875.205684,0.000994450,109194,9,878.427271
1781138875.206721,0.001005677,113670,11,904.226705
1781138875.207684,0.000997292,129598,11,1039.599235
1781138875.208701,0.001004343,123740,10,985.639368
1781138875.209715,0.001001040,80036,6,639.622792
1781138875.210908,0.001001045,130848,8,1045.691253
1781138875.212240,0.000996877,103270,7,828.748181
1781138875.212658,0.000994305,113736,12,915.099492
1781138875.213702,0.000996698,109260,10,876.975774
1781138875.214694,0.001003348,128084,10,1021.252845
1781138875.215674,0.000995871,126570,9,1016.758195
1781138875.216667,0.001012636,110510,7,873.048163
1781138875.217685,0.000999126,155728,12,1246.913803
1781138875.218763,0.000988524,117948,10,954.538281
1781138875.219823,0.001003750,110642,9,881.829141
1781138875.220890,0.000997831,129532,10,1038.508525
1781138875.221748,0.001013092,113472,8,896.044979
1781138875.222758,0.000985649,125056,8,1015.014473
1781138875.223740,0.001000449,130848,8,1046.314205
1781138875.224688,0.001004450,109062,7,868.630594
1781138875.225891,0.000994494,110642,9,890.036541
1781138875.226806,0.001007411,130980,10,1040.131585
1781138875.227690,0.000993053,123740,10,996.845083
1781138875.228758,0.001000881,110510,7,883.301811
1781138875.229815,0.000999327,129400,8,1035.897159
1781138875.231243,0.001003015,106166,7,846.774973
1781138875.232522,0.001010234,106232,8,841.246681
1781138875.233320,0.000993200,125188,10,1008.360854
1781138875.234393,0.000995817,128150,11,1029.506425
1781138875.234704,0.001002560,114986,9,917.539100
1781138875.235681,0.000997831,126504,8,1014.231869
1781138875.236902,0.001004505,100440,8,799.916377
1781138875.237709,0.001005055,110774,11,881.734830
1781138875.238700,0.000996312,129598,11,1040.621813
1781138875.239681,0.000995587,116434,9,935.600806
1781138875.240661,0.001004790,128018,9,1019.261736
1781138875.241653,0.000990223,111958,7,904.507369
1781138875.242695,0.001000545,124990,7,999.375340
1781138875.243766,0.001010912,126504,8,1001.107910
1781138875.244717,0.000989712,106232,8,858.690205
1781138875.245731,0.001005849,128084,10,1018.713544
1781138875.246703,0.001002802,130980,10,1044.912156
1781138875.247665,0.000990665,110576,8,892.943629
1781138875.248680,0.001009222,110510,7,876.001514
1781138875.249668,0.000997938,106166,7,851.082933
1781138875.250796,0.000997211,103600,12,831.117988
1781138875.251719,0.001005936,123740,10,984.078510
1781138875.252667,0.000995151,110510,7,888.387792
1781138875.253667,0.000996213,101756,6,817.142519
1781138875.254683,0.001007488,106166,7,843.015500
1781138875.255690,0.000991267,107614,7,868.496581
1781138875.257722,0.002006376,202460,18,807.266435
1781138875.258710,0.000993299,113526,9,914.334959
1781138875.259702,0.001005884,94516,6,751.704968
1781138875.260658,0.000996841,126504,8,1015.239140
1781138875.261684,0.001004233,91620,6,729.870458
1781138875.262746,0.000998047,96294,11,771.859441
1781138875.263756,0.000996014,129664,12,1041.463273
1781138875.264721,0.000999891,101888,8,815.192856
1781138875.265982,0.000999440,112090,9,897.222445
1781138875.266890,0.001009383,133810,9,1060.529056
1781138875.268032,0.000993580,123608,8,995.253528
1781138875.268805,0.000998301,114854,7,920.395752
1781138875.270738,0.001005583,129400,8,1029.452566
1781138875.271107,0.000996356,104586,5,839.748042
1781138875.271689,0.001002921,123476,6,984.931017
1781138875.272734,0.001003704,106232,8,846.719750
1781138875.273699,0.000990097,129532,10,1046.620685
1781138875.274744,0.001005134,126636,10,1007.913373
1781138875.275765,0.001003707,110576,8,881.340869
1781138875.276740,0.000991743,129400,8,1043.818812
1781138875.278767,0.000998863,110510,7,885.086343
1781138875.278975,0.001008692,101888,8,808.080167
1781138875.279672,0.000991382,116566,11,940.634387
1781138875.280759,0.001000587,98992,8,791.471406
1781138875.282096,0.001003858,101822,7,811.445443
1781138875.282691,0.001001016,117816,8,941.571363
1781138875.283670,0.001000923,127952,8,1022.672074
1781138875.284664,0.000999408,107614,7,861.421962
1781138875.285659,0.000996950,116368,8,933.792066
1781138875.286685,0.001001576,118014,11,942.626421
1781138875.287688,0.000995801,123740,10,994.094202
1781138875.288687,0.001006929,106166,7,843.483503
1781138875.289654,0.000992703,120712,8,972.794481
1781138875.290846,0.001000803,91884,10,734.482211
1781138875.291716,0.000999429,118014,11,944.651396
1781138875.292729,0.001003846,122358,11,975.113713
1781138875.293680,0.001001922,128018,9,1022.179371
1781138875.294727,0.000999337,110510,7,884.666534
1781138875.295760,0.000996560,125056,8,1003.901421
1781138875.296719,0.000998572,120844,10,968.134496
1781138875.297875,0.001004271,110774,11,882.423171
1781138875.299178,0.000997361,103336,8,828.875402
1781138875.299729,0.001005810,106232,8,844.946859
1781138875.300686,0.000992287,114920,8,926.506142
1781138875.301765,0.001000667,129400,8,1034.509982
1781138875.302887,0.001000175,123608,8,988.690979
1781138875.303764,0.001007179,106364,10,844.846845
1781138875.304723,0.000992285,123740,10,997.616612
1781138875.305734,0.001000655,128084,10,1024.001279
1781138875.307422,0.001011528,120778,9,955.212312
1781138875.307746,0.001000874,90172,6,720.746068
1781138875.308767,0.000988259,126504,8,1024.055435
1781138875.310021,0.000999221,104850,9,839.453935
1781138875.311144,0.001013062,123872,12,978.198768
1781138875.314944,0.000996487,133942,11,1075.313577
1781138875.315097,0.000989551,110576,8,893.948872
1781138875.315157,0.001009894,130914,9,1037.051413
1781138875.315221,0.001001797,114854,7,917.183821
1781138875.315745,0.000995446,116566,11,936.794161
1781138875.316696,0.000992682,125254,11,1009.418928
1781138875.317759,0.001008141,113538,9,900.969210
1781138875.318743,0.000992552,114920,8,926.258775
1781138875.319733,0.001004195,125056,8,996.268653
1781138875.320717,0.001001678,109194,9,872.088635
1781138875.321836,0.001005172,116632,12,928.255065
1781138875.322965,0.000989403,91752,8,741.877678
1781138875.324036,0.001001537,126636,10,1011.533273
1781138875.324806,0.000999593,125188,10,1001.911778
1781138875.325666,0.000998269,98926,7,792.780303
1781138875.326691,0.001004297,127952,8,1019.236341
1781138875.327665,0.000999207,90172,6,721.948505
1781138875.328670,0.001009609,112288,12,889.754350
1781138875.329705,0.000990689,75692,6,611.227136
1781138875.330681,0.001002198,116434,9,929.429115
1781138875.331684,0.000995015,122372,10,983.880645
1781138875.332659,0.001000509,117882,9,942.576229
1781138875.333661,0.001006389,120712,8,959.565337
1781138875.334690,0.000992850,127952,8,1030.987561
1781138875.335667,0.000999679,127952,8,1023.944686
1781138875.336674,0.001006809,109062,7,866.595352
1781138875.337674,0.000998832,119330,9,955.756323
1781138875.338704,0.000997386,116434,9,933.913249
1781138875.339682,0.001002290,120778,9,964.016402
1781138875.340656,0.000998600,114920,8,920.648908
1781138875.341657,0.001007379,127952,8,1016.118065
1781138875.342798,0.000994136,117750,7,947.556471
1781138875.343750,0.000998253,120910,11,968.972795
1781138875.344671,0.001002076,123806,11,988.396090
1781138875.345678,0.000997017,112090,9,899.402919
1781138875.346781,0.000997701,125122,9,1003.282547
1781138875.347675,0.001001010,119198,7,952.621852
1781138875.348656,0.000998523,125056,8,1001.927847
1781138875.349657,0.001002794,127952,8,1020.763985
1781138875.350708,0.001009409,110510,7,875.839229
1781138875.351787,0.000990034,128150,11,1035.519992
1781138875.352668,0.001009228,112156,10,889.043903
1781138875.353716,0.001001290,128084,10,1023.351876
1781138875.354695,0.000988230,94516,6,765.133623
1781138875.355847,0.001002571,0,0,0.000000
1781138875.356741,0.001003453,37846,3,301.726140
1781138875.357676,0.000993138,23234,1,187.156266
1781138875.358745,0.001005875,0,0,0.000000
1781138875.359708,0.000993594,0,0,0.000000
1781138875.360696,0.001013949,0,0,0.000000
1781138875.361658,0.000987399,0,0,0.000000
1781138875.362770,0.000999605,0,0,0.000000
1781138875.363769,0.001000155,0,0,0.000000
1781138875.364811,0.001000336,0,0,0.000000
1781138875.365886,0.000998416,0,0,0.000000
1781138875.366716,0.001009090,0,0,0.000000
1781138875.368903,0.000999936,0,0,0.000000
1781138875.369044,0.000991961,0,0,0.000000
1781138875.369736,0.001002881,0,0,0.000000
1781138875.370986,0.001005724,0,0,0.000000
1781138875.371756,0.001003135,0,0,0.000000
1781138875.372729,0.000998108,0,0,0.000000
1781138875.373690,0.000992365,0,0,0.000000
1781138875.376131,0.001008476,0,0,0.000000
1781138875.376238,0.001000113,0,0,0.000000
1781138875.376670,0.000995072,0,0,0.000000
1781138875.377654,0.000993069,0,0,0.000000
1781138875.378683,0.000999639,0,0,0.000000
1781138875.379689,0.001012492,0,0,0.000000
1781138875.380652,0.000995499,0,0,0.000000
1781138875.381725,0.000992181,0,0,0.000000
1781138875.382707,0.001000697,0,0,0.000000
1781138875.383713,0.001007272,0,0,0.000000
1781138875.386475,0.000999227,0,0,0.000000
1781138875.386636,0.000997608,0,0,0.000000
1781138875.387051,0.001004205,0,0,0.000000
1781138875.387665,0.000998214,0,0,0.000000
1781138875.388649,0.000993789,0,0,0.000000
1781138875.389675,0.000999325,0,0,0.000000
1781138875.390708,0.001006626,0,0,0.000000
1781138875.391715,0.001004343,0,0,0.000000
1781138875.392702,0.000989242,0,0,0.000000
1781138875.395113,0.001004464,0,0,0.000000
1781138875.395253,0.000995345,0,0,0.000000
1781138875.395696,0.001005290,0,0,0.000000
1781138875.396744,0.001006538,0,0,0.000000
1781138875.397717,0.001000701,0,0,0.000000
1781138875.398752,0.000987006,0,0,0.000000
1781138875.399708,0.001000568,0,0,0.000000
1781138875.400732,0.001012187,0,0,0.000000
1781138875.401700,0.000991373,0,0,0.000000
1781138875.402739,0.001008147,0,0,0.000000
1781138875.403743,0.000988077,0,0,0.000000
1781138875.404808,0.001007860,0,0,0.000000
1781138875.405675,0.000993061,0,0,0.000000
1781138875.406669,0.000998716,0,0,0.000000
1781138875.407687,0.001000509,0,0,0.000000
1781138875.408692,0.001001107,0,0,0.000000
1781138875.409659,0.000999358,0,0,0.000000
1781138875.410769,0.000999650,0,0,0.000000
1781138875.412016,0.001000315,0,0,0.000000
1781138875.412705,0.001000936,0,0,0.000000
1781138875.413696,0.001010184,0,0,0.000000
1781138875.414759,0.000987980,0,0,0.000000
1781138875.415687,0.001000317,0,0,0.000000
1781138875.416671,0.000999712,0,0,0.000000
1781138875.417687,0.001002273,0,0,0.000000
1781138875.418693,0.001000012,0,0,0.000000
1781138875.419676,0.001010800,0,0,0.000000
1781138875.420644,0.000986919,0,0,0.000000
1781138875.421654,0.001002126,0,0,0.000000
1781138875.422692,0.001006647,0,0,0.000000
1781138875.423656,0.000999595,0,0,0.000000
1781138875.424675,0.001004104,0,0,0.000000
1781138875.425669,0.000992276,0,0,0.000000
1781138875.426649,0.000998532,0,0,0.000000
1781138875.427651,0.001003742,0,0,0.000000
1781138875.428746,0.001001764,0,0,0.000000
1781138875.429724,0.001003671,0,0,0.000000
1781138875.430775,0.001002949,0,0,0.000000
1781138875.431679,0.000984934,0,0,0.000000
1781138875.432685,0.001000605,0,0,0.000000
1781138875.433668,0.001012717,0,0,0.000000
1781138875.434681,0.000986841,0,0,0.000000
1781138875.435664,0.001004683,0,0,0.000000
1781138875.436651,0.000999416,0,0,0.000000
1781138875.437660,0.000995186,0,0,0.000000
1781138875.438764,0.001000458,0,0,0.000000
1781138875.439667,0.001000313,0,0,0.000000
1781138875.440692,0.001017137,0,0,0.000000
1781138875.441705,0.000984021,0,0,0.000000
1781138875.442712,0.001007833,0,0,0.000000
1781138875.444084,0.001003237,0,0,0.000000
1781138875.444701,0.001004680,0,0,0.000000
1781138875.445663,0.000998450,0,0,0.000000
1781138875.446663,0.000984628,0,0,0.000000
1781138875.447676,0.000999728,0,0,0.000000
1781138875.448651,0.001005459,0,0,0.000000
1781138875.449659,0.001007732,0,0,0.000000
1781138875.450735,0.000990697,0,0,0.000000
1781138875.451698,0.000997302,0,0,0.000000
1781138875.452672,0.000998996,0,0,0.000000
1781138875.453684,0.001001116,0,0,0.000000
1781138875.454704,0.001012270,0,0,0.000000
1781138875.455665,0.000987901,0,0,0.000000
1781138875.456657,0.001010343,0,0,0.000000
1781138875.457683,0.000994032,0,0,0.000000
1781138875.458718,0.000999250,0,0,0.000000
1781138875.459677,0.000995232,0,0,0.000000
1781138875.460668,0.001008968,0,0,0.000000
1781138875.461653,0.000990803,0,0,0.000000
1781138875.462701,0.001009786,0,0,0.000000
1781138875.463708,0.000993922,0,0,0.000000
1781138875.464658,0.001005755,0,0,0.000000
1781138875.465773,0.000991090,0,0,0.000000
1781138875.466719,0.000999854,0,0,0.000000
1781138875.467662,0.001002464,0,0,0.000000
1781138875.468668,0.001002120,0,0,0.000000
1781138875.469662,0.000995696,0,0,0.000000
1781138875.470756,0.001011581,0,0,0.000000
1781138875.471723,0.000987940,0,0,0.000000
1781138875.472677,0.001011851,0,0,0.000000
1781138875.473682,0.000993071,0,0,0.000000
1781138875.474867,0.001003662,0,0,0.000000
1781138875.475666,0.000991511,0,0,0.000000
1781138875.476709,0.000999233,0,0,0.000000
1781138875.477669,0.001011079,0,0,0.000000
1781138875.478675,0.000990740,0,0,0.000000
1781138875.479713,0.001006995,0,0,0.000000
1781138875.480692,0.000997711,0,0,0.000000
1781138875.481649,0.000993679,0,0,0.000000
1781138875.482683,0.001003481,0,0,0.000000
1781138875.483681,0.001004647,0,0,0.000000
1781138875.484663,0.000995410,0,0,0.000000
1781138875.485660,0.001004956,0,0,0.000000
1781138875.486693,0.000994768,0,0,0.000000
1781138875.487648,0.000997790,0,0,0.000000
1781138875.488662,0.001000574,0,0,0.000000
1781138875.489650,0.001003027,0,0,0.000000
1781138875.490682,0.001004343,0,0,0.000000
1781138875.491712,0.000993346,0,0,0.000000
1781138875.492679,0.001011041,0,0,0.000000
1781138875.493654,0.000992597,0,0,0.000000
1781138875.494682,0.000997135,0,0,0.000000
1781138875.495665,0.001009943,0,0,0.000000
1781138875.496663,0.000987103,0,0,0.000000
1781138875.497680,0.000999769,0,0,0.000000
1781138875.498689,0.001000579,0,0,0.000000
1781138875.499697,0.001010905,0,0,0.000000
1781138875.500679,0.000997989,0,0,0.000000
1781138875.501653,0.000991667,0,0,0.000000
1781138875.502687,0.001000015,0,0,0.000000
1781138875.503694,0.001000362,0,0,0.000000
1781138875.504672,0.001006888,0,0,0.000000
1781138875.505655,0.001003427,0,0,0.000000
1781138875.506681,0.000992023,0,0,0.000000
1781138875.507670,0.001002394,0,0,0.000000
1781138875.508646,0.000994594,0,0,0.000000
1781138875.509645,0.000999610,0,0,0.000000
1781138875.510678,0.000999821,0,0,0.000000
1781138875.511678,0.000999646,0,0,0.000000
1781138875.512667,0.001002541,0,0,0.000000
1781138875.513650,0.001003284,0,0,0.000000
1781138875.514689,0.001005653,0,0,0.000000
1781138875.515682,0.001003075,0,0,0.000000
1781138875.516654,0.000993340,0,0,0.000000
1781138875.517660,0.001005187,0,0,0.000000
1781138875.518751,0.000986926,0,0,0.000000
1781138875.519689,0.001000352,0,0,0.000000
1781138875.520652,0.001004371,0,0,0.000000
1781138875.521645,0.000998059,0,0,0.000000
1781138875.522679,0.000997929,0,0,0.000000
1781138875.523694,0.001014509,0,0,0.000000
1781138875.524660,0.000997653,0,0,0.000000
1781138875.525680,0.001001849,0,0,0.000000
1781138875.526698,0.000997717,0,0,0.000000
1781138875.527678,0.000987584,0,0,0.000000
1781138875.528652,0.001008509,0,0,0.000000
1781138875.529657,0.001000337,0,0,0.000000
1781138875.530689,0.001002348,0,0,0.000000
1781138875.531665,0.000989051,0,0,0.000000
1781138875.532682,0.001000242,0,0,0.000000
1781138875.533655,0.001008581,0,0,0.000000
1781138875.534687,0.001001403,0,0,0.000000
1781138875.535687,0.000997871,0,0,0.000000
1781138875.536646,0.000992567,0,0,0.000000
1781138875.537667,0.001002264,0,0,0.000000
1781138875.538685,0.001003454,0,0,0.000000
1781138875.539673,0.001004567,0,0,0.000000
1781138875.540649,0.000989055,0,0,0.000000
1781138875.541662,0.000999850,0,0,0.000000
1781138875.542682,0.001000064,0,0,0.000000
1781138875.543759,0.001000895,0,0,0.000000
1781138875.544695,0.001003104,0,0,0.000000
1781138875.545758,0.001008779,0,0,0.000000
1781138875.546766,0.000988024,0,0,0.000000
1781138875.547699,0.001006065,0,0,0.000000
1781138875.548664,0.000994054,0,0,0.000000
1781138875.549655,0.001009745,0,0,0.000000
1781138875.550676,0.000994049,0,0,0.000000
1781138875.551668,0.001002494,0,0,0.000000
1781138875.552652,0.000993059,0,0,0.000000
1781138875.553646,0.000999869,0,0,0.000000
1781138875.554678,0.000999642,0,0,0.000000
1781138875.555751,0.001005967,0,0,0.000000
1781138875.556724,0.001002311,0,0,0.000000
1781138875.557678,0.000992063,0,0,0.000000
1781138875.558674,0.001011207,0,0,0.000000
1781138875.559655,0.000999197,0,0,0.000000
1781138875.560646,0.000990543,0,0,0.000000
1781138875.561734,0.001005371,0,0,0.000000
1781138875.562726,0.000998553,0,0,0.000000
1781138875.563720,0.000995888,0,0,0.000000
1781138875.564759,0.000999214,0,0,0.000000
1781138875.565849,0.001011922,0,0,0.000000
1781138875.566848,0.000988635,1514,1,12.251235
1781138875.567683,0.000999672,51010,5,408.213894
1781138875.568679,0.001002904,72862,7,581.208171
1781138875.569683,0.001002118,103402,9,825.467659
1781138875.570765,0.000995523,97478,7,783.330973
1781138875.571886,0.000999676,90172,6,721.609802
1781138875.572740,0.000999606,77074,5,616.835033
1781138875.573795,0.000999439,110510,7,884.576247
1781138875.574699,0.001003091,85762,5,683.981812
1781138875.575667,0.000997067,0,0,0.000000
1781138875.576671,0.001010905,0,0,0.000000
1781138875.577658,0.000992031,0,0,0.000000
1781138875.578724,0.001001324,0,0,0.000000
1781138875.579686,0.001003262,0,0,0.000000
1781138875.580652,0.000996427,0,0,0.000000
1781138875.581648,0.000999640,0,0,0.000000
1781138875.582690,0.001009920,0,0,0.000000
1781138875.583692,0.000998029,0,0,0.000000
1781138875.584664,0.000993376,0,0,0.000000
1781138875.585650,0.001003779,0,0,0.000000
1781138875.586679,0.000991280,0,0,0.000000
1781138875.587688,0.001010846,0,0,0.000000
1781138875.588663,0.000989369,0,0,0.000000
1781138875.589655,0.001006884,0,0,0.000000
1781138875.590699,0.001007086,0,0,0.000000
1781138875.591681,0.000994847,0,0,0.000000
1781138875.592651,0.000997318,0,0,0.000000
1781138875.593643,0.000994172,0,0,0.000000
1781138875.594679,0.000999909,0,0,0.000000
1781138875.595690,0.001012519,0,0,0.000000
1781138875.596673,0.000995806,0,0,0.000000
1781138875.597677,0.000999394,0,0,0.000000
1781138875.598724,0.001006515,0,0,0.000000
1781138875.599694,0.000993195,0,0,0.000000
1781138875.600651,0.000997184,0,0,0.000000
1781138875.601674,0.001005973,0,0,0.000000
1781138875.602686,0.001001628,0,0,0.000000
1781138875.603664,0.000990726,0,0,0.000000
1781138875.604666,0.000999400,0,0,0.000000
1781138875.605666,0.000997622,0,0,0.000000
1781138875.606684,0.001006020,0,0,0.000000
1781138875.607653,0.000994055,0,0,0.000000
1781138875.608646,0.000999478,0,0,0.000000
1781138875.609653,0.001007167,0,0,0.000000
1781138875.610669,0.001003332,0,0,0.000000
1781138875.611667,0.000995716,0,0,0.000000
1781138875.612677,0.001003641,0,0,0.000000
1781138875.613674,0.000990804,0,0,0.000000
1781138875.614700,0.001010049,0,0,0.000000
1781138875.615689,0.000992194,0,0,0.000000
1781138875.616650,0.000997698,0,0,0.000000
1781138875.617709,0.001007122,0,0,0.000000
1781138875.618730,0.001000300,0,0,0.000000
1781138875.619732,0.000993014,0,0,0.000000
1781138875.620665,0.001005973,0,0,0.000000
1781138875.621700,0.000994691,0,0,0.000000
1781138875.622689,0.001000863,0,0,0.000000
1781138875.623669,0.001001559,0,0,0.000000
1781138875.624672,0.001005543,0,0,0.000000
1781138875.625685,0.000993443,0,0,0.000000
1781138875.626688,0.000997670,0,0,0.000000
1781138875.627692,0.001007648,0,0,0.000000
1781138875.628647,0.000992390,0,0,0.000000
1781138875.629648,0.001003896,0,0,0.000000
1781138875.630659,0.000995864,0,0,0.000000
1781138875.631666,0.000999652,0,0,0.000000
1781138875.632661,0.001007739,0,0,0.000000
1781138875.633666,0.001005436,0,0,0.000000
1781138875.634688,0.000987743,0,0,0.000000
1781138875.635707,0.001000932,0,0,0.000000
1781138875.636684,0.001006025,0,0,0.000000
1781138875.637659,0.001006249,0,0,0.000000
1781138875.638691,0.000998009,0,0,0.000000
1781138875.639665,0.000991505,0,0,0.000000
1781138875.640676,0.001009010,0,0,0.000000
1781138875.641677,0.000987372,0,0,0.000000
1781138875.642703,0.001000065,0,0,0.000000
1781138875.643689,0.001008391,0,0,0.000000
1781138875.644673,0.000999417,0,0,0.000000
1781138875.645653,0.001001241,0,0,0.000000
1781138875.646748,0.000995423,0,0,0.000000
1781138875.647685,0.001001469,0,0,0.000000
1781138875.648709,0.000998097,0,0,0.000000
1781138875.649728,0.001001201,0,0,0.000000
1781138875.650750,0.000995228,0,0,0.000000
1781138875.651755,0.001002845,0,0,0.000000
1781138875.652728,0.000997369,0,0,0.000000
1781138875.653770,0.001004559,0,0,0.000000
1781138875.654755,0.001008299,0,0,0.000000
1781138875.655698,0.000998034,0,0,0.000000
1781138875.656729,0.000999178,0,0,0.000000
1781138875.657745,0.000996719,0,0,0.000000
1781138875.658675,0.000998778,0,0,0.000000
1781138875.659725,0.000993918,0,0,0.000000
1781138875.660754,0.001010004,0,0,0.000000
1781138875.661740,0.000989977,0,0,0.000000
1781138875.662742,0.001012563,0,0,0.000000
1781138875.663727,0.000993275,0,0,0.000000
1781138875.664694,0.001000565,0,0,0.000000
1781138875.665721,0.001000472,0,0,0.000000
1781138875.666686,0.000998806,0,0,0.000000
1781138875.667664,0.001004477,0,0,0.000000
1781138875.668652,0.000997518,0,0,0.000000
1781138875.669644,0.000992295,0,0,0.000000
1781138875.670686,0.001006246,0,0,0.000000
1781138875.671674,0.000995788,0,0,0.000000
1781138875.672678,0.001010671,0,0,0.000000
1781138875.673710,0.000998862,0,0,0.000000
1781138875.674743,0.000988807,0,0,0.000000
1781138875.675706,0.001004948,0,0,0.000000
1781138875.676714,0.001002505,0,0,0.000000
1781138875.677719,0.001000252,0,0,0.000000
1781138875.678905,0.001004327,0,0,0.000000
1781138875.679699,0.000994437,154,1,1.238892
1781138875.680689,0.001004305,0,0,0.000000
1781138875.681850,0.000989599,0,0,0.000000
1781138875.682742,0.001012623,0,0,0.000000
1781138875.683727,0.000987914,0,0,0.000000
1781138875.684708,0.001005168,0,0,0.000000
1781138875.685655,0.000999159,0,0,0.000000
1781138875.686671,0.001004287,0,0,0.000000
1781138875.687684,0.000995385,0,0,0.000000
1781138875.688668,0.000998208,0,0,0.000000
1781138875.689658,0.001004938,0,0,0.000000
1781138875.690690,0.000996254,0,0,0.000000
1781138875.691678,0.001000567,0,0,0.000000
1781138875.692662,0.000994592,0,0,0.000000
1781138875.693697,0.001000052,54,1,0.431978
1781138875.694698,0.001006736,0,0,0.000000
1781138875.695684,0.001002859,202,1,1.611393
1781138875.696646,0.000992061,0,0,0.000000
1781138875.697643,0.000997890,0,0,0.000000
1781138875.698681,0.001001865,0,0,0.000000
1781138875.699699,0.001010729,0,0,0.000000
1781138875.700654,0.000989218,0,0,0.000000
1781138875.701643,0.000998387,0,0,0.000000
1781138875.702693,0.001003011,0,0,0.000000
1781138875.703683,0.001001557,0,0,0.000000
1781138875.704677,0.000996983,0,0,0.000000
1781138875.705712,0.001011234,0,0,0.000000
1781138875.706669,0.000987380,0,0,0.000000
1781138875.707835,0.001005701,0,0,0.000000
1781138875.708762,0.000997534,0,0,0.000000
1781138875.709708,0.000998290,0,0,0.000000
1781138875.710721,0.001001862,0,0,0.000000
1781138875.711711,0.000997964,0,0,0.000000
1781138875.712669,0.001000812,0,0,0.000000
1781138875.713789,0.001004173,0,0,0.000000
1781138875.714789,0.001002801,0,0,0.000000
1781138875.715737,0.000992308,0,0,0.000000
1781138875.716723,0.001011972,0,0,0.000000
1781138875.717710,0.000998520,0,0,0.000000
1781138875.718722,0.000988900,0,0,0.000000
1781138875.719730,0.000999759,0,0,0.000000
1781138875.720663,0.001001887,0,0,0.000000
1781138875.721647,0.000997361,0,0,0.000000
1781138875.722687,0.001008201,0,0,0.000000
1781138875.723678,0.000991715,0,0,0.000000
1781138875.724664,0.000999880,0,0,0.000000
1781138875.725708,0.001000421,0,0,0.000000
1781138875.726696,0.001010147,0,0,0.000000
1781138875.727674,0.001000538,0,0,0.000000
1781138875.728665,0.000992904,0,0,0.000000
1781138875.729649,0.000997824,0,0,0.000000
1781138875.730760,0.001010468,0,0,0.000000
1781138875.731703,0.000988481,0,0,0.000000
1781138875.732715,0.001011250,0,0,0.000000
1781138875.733738,0.000995033,0,0,0.000000
1781138875.734831,0.001004947,0,0,0.000000
1781138875.735720,0.000993042,0,0,0.000000
1781138875.736655,0.000995433,0,0,0.000000
1781138875.737691,0.001011633,0,0,0.000000
1781138875.738683,0.000992335,0,0,0.000000
1781138875.739667,0.000996117,0,0,0.000000
1781138875.740715,0.001006399,0,0,0.000000
1781138875.741681,0.001006892,0,0,0.000000
1781138875.742703,0.000986049,0,0,0.000000
1781138875.743684,0.001004468,0,0,0.000000
1781138875.744658,0.000996092,0,0,0.000000
1781138875.745828,0.001011350,0,0,0.000000
1781138875.746689,0.000989680,0,0,0.000000
1781138875.747728,0.000999789,0,0,0.000000
1781138875.748659,0.000999033,0,0,0.000000
1781138875.749686,0.001013746,0,0,0.000000
1781138875.750673,0.000998293,54,1,0.432739
1781138875.751653,0.000993179,0,0,0.000000
1781138875.752665,0.001001262,0,0,0.000000
1781138875.753656,0.000996791,0,0,0.000000
1781138875.754681,0.000997345,0,0,0.000000
1781138875.755684,0.001005987,0,0,0.000000
1781138875.756692,0.001006572,0,0,0.000000
1781138875.757885,0.001002940,0,0,0.000000
1781138875.758726,0.000984714,0,0,0.000000
1781138875.759759,0.001006645,0,0,0.000000
1781138875.760743,0.000996517,0,0,0.000000
1781138875.761725,0.000996092,0,0,0.000000
1781138875.762959,0.001013887,0,0,0.000000
1781138875.763708,0.000989744,0,0,0.000000
1781138875.764724,0.000996597,0,0,0.000000
1781138875.765737,0.001000053,0,0,0.000000
1781138875.766721,0.001012560,0,0,0.000000
1781138875.767743,0.000988642,0,0,0.000000
1781138875.768734,0.001004452,0,0,0.000000
1781138875.769690,0.000994537,0,0,0.000000
1781138875.770721,0.000999432,0,0,0.000000
1781138875.772087,0.001013877,0,0,0.000000
1781138875.772742,0.000993403,0,0,0.000000
1781138875.773737,0.000992869,0,0,0.000000
1781138875.774751,0.001001245,0,0,0.000000
1781138875.775758,0.001004639,0,0,0.000000
1781138875.776727,0.000994853,0,0,0.000000
1781138875.777702,0.000999147,0,0,0.000000
1781138875.778711,0.000999399,0,0,0.000000
1781138875.779740,0.001010676,0,0,0.000000
1781138875.780658,0.000990305,0,0,0.000000
1781138875.781676,0.001012273,0,0,0.000000
1781138875.782688,0.000996553,1514,1,12.153894
1781138875.783715,0.001003095,106364,10,848.286553
1781138875.784710,0.001000270,107746,9,861.735331
1781138875.785805,0.000995532,114986,9,924.016506
1781138875.786806,0.000992702,127952,8,1031.141269
1781138875.787765,0.001011997,120712,8,954.247888
1781138875.788747,0.000994971,116368,8,935.649381
1781138875.789741,0.000997529,115118,11,923.225290
1781138875.790771,0.000996016,117948,10,947.358275
1781138875.791864,0.001013414,112024,8,884.329603
1781138875.792800,0.000993148,126504,8,1019.014286
1781138875.793770,0.000999801,125056,8,1000.647129
1781138875.794748,0.001000194,129400,8,1034.999210
1781138875.795724,0.000993520,103204,6,831.016990
1781138875.796751,0.001005870,125122,9,995.134560
1781138875.797750,0.000995509,126636,10,1017.658303
1781138875.798786,0.001004785,116434,9,927.036132
1781138875.799747,0.000992684,122160,8,984.482474
1781138875.800669,0.001003667,114854,7,915.474953
1781138875.801693,0.000999977,123608,8,988.886744
1781138875.802712,0.001003542,129400,8,1031.546263
1781138875.803696,0.000993523,104784,8,843.736884
1781138875.804654,0.000999149,126636,10,1013.950872
1781138875.805686,0.001000405,113472,8,907.408500
1781138875.806697,0.001006719,129466,9,1028.815389
1781138875.807858,0.000998147,125056,8,1002.305272
1781138875.808745,0.000994660,111958,7,900.472523
1781138875.809735,0.001006416,100506,9,798.922116
1781138875.810757,0.001002279,219968,11,1755.742662
1781138875.811756,0.000997569,109194,9,875.680780
1781138875.812778,0.001007453,132362,9,1051.062432
1781138875.813754,0.000992913,109062,7,878.723514
1781138875.814782,0.000993935,126504,8,1018.207428
1781138875.815728,0.001000714,125056,8,999.734190
1781138875.816742,0.001006607,101888,8,809.753956
1781138875.817728,0.001006640,115118,11,914.869268
1781138875.818815,0.000996915,114986,9,922.734636
1781138875.819773,0.000991641,127952,8,1032.244532
1781138875.820730,0.001000347,122160,8,976.941001
1781138875.821734,0.001008252,109062,7,865.355090
1781138875.822763,0.000991031,124990,7,1008.969447
1781138875.823703,0.000997371,120712,8,968.241507
1781138875.824725,0.001003477,119330,9,951.332218
1781138875.825695,0.000996541,112090,9,899.832521
1781138875.826799,0.001009013,129400,8,1025.953085
1781138875.827759,0.000996420,122160,8,980.791233
1781138875.828700,0.000998731,107614,7,862.005885
1781138875.829709,0.000996500,130848,8,1050.460612
1781138875.830928,0.000999407,104850,9,839.297704
1781138875.831697,0.001001117,128084,10,1023.528718
1781138875.832752,0.001000488,113538,9,907.860964
1781138875.833714,0.000998368,126504,8,1013.686336
1781138875.834984,0.001010874,112090,9,887.073958
1781138875.835841,0.000996049,109326,11,878.077283
1781138875.836723,0.000998575,122292,10,979.732118
1781138875.837716,0.000998634,116368,8,932.217409
1781138875.838710,0.000997295,111958,7,898.093342
1781138875.839673,0.001001462,107614,7,859.655184
1781138875.840689,0.001009607,109326,11,866.285594
1781138875.841651,0.000987441,84380,6,683.625655
1781138875.842756,0.001004627,110642,9,881.059338
1781138875.843672,0.000995778,130848,8,1051.222260
1781138875.844674,0.001002670,106166,7,847.066333
1781138875.845692,0.000999690,126504,8,1012.345827
1781138875.846702,0.001006545,71546,9,568.646211
1781138875.847651,0.000990739,94648,8,764.261829
1781138875.848666,0.001012967,103336,8,816.105559
1781138875.849703,0.000987356,111958,7,907.133800
1781138875.850695,0.000999899,78522,5,628.239452
1781138875.851729,0.001007280,107614,7,854.689858
1781138875.852812,0.001000518,129400,8,1034.664044
1781138875.853785,0.000999926,104916,10,839.390115
1781138875.854842,0.000999915,101954,9,815.701335
1781138875.856005,0.000994248,123740,10,995.646961
1781138875.856728,0.000999126,130914,9,1048.228151
1781138875.857738,0.001010340,109062,7,863.566720
1781138875.858679,0.000995475,94714,9,761.156232
1781138875.859661,0.000996257,129598,11,1040.679262
1781138875.860661,0.001008555,125122,9,992.485288
1781138875.861850,0.000987932,109062,7,883.153901
1781138875.864101,0.001003279,117750,7,938.921277
1781138875.864140,0.001010392,122160,8,967.228561
1781138875.864778,0.000994870,144078,11,1158.567451
1781138875.865719,0.000993070,100440,8,809.127252
1781138875.866795,0.001006481,125188,10,995.055048
1781138875.867717,0.001005469,125122,9,995.531439
1781138875.868721,0.000991097,125056,8,1009.435000
1781138875.869719,0.001003365,117750,7,938.840801
1781138875.870822,0.000993923,126504,8,1018.219721
1781138875.871715,0.001004198,110510,7,880.384147
1781138875.872903,0.000996623,110576,8,887.605444
1781138875.873676,0.001005225,125188,10,996.298341
1781138875.874716,0.000993680,120778,9,972.369374
1781138875.875724,0.001005457,129466,9,1030.106708
1781138875.876694,0.001003189,116302,7,927.458335
1781138875.877678,0.000992297,129400,8,1043.236047
1781138875.879880,0.001003075,106166,7,846.724323
1781138875.879923,0.000995543,109194,9,877.462852
1781138875.880699,0.001012252,122226,9,965.972900
1781138875.881718,0.000998694,119330,9,955.888390
1781138875.882680,0.000987756,119264,8,965.938957
1781138875.883702,0.001006608,122160,8,970.864527
1781138875.884712,0.001006206,53972,6,429.112925
1781138875.885691,0.000995146,125320,12,1007.450163
1781138875.886717,0.000992489,122226,9,985.207897
1781138875.887675,0.001000407,117882,9,942.672332
1781138875.888705,0.001004453,120778,9,961.940479
1781138875.889741,0.001006548,132296,8,1051.482890
1781138875.890799,0.000997944,109062,7,874.293548
1781138875.891744,0.000990211,123740,10,999.706123
1781138875.892720,0.001000223,110642,9,884.938659
1781138875.893673,0.001008213,125122,9,992.821953
1781138875.894758,0.000992210,125056,8,1008.302678
1781138875.895721,0.001014460,127952,8,1009.025491
1781138875.896724,0.000985036,94780,10,769.758669
1781138875.897715,0.001000187,128150,11,1025.008323
1781138875.899292,0.001003795,125188,10,997.717661
1781138875.899800,0.000996157,110576,8,888.020663
1781138875.900755,0.001008185,125056,8,992.325813
1781138875.901723,0.001004952,125056,8,995.518194
1781138875.903819,0.000997795,120646,7,967.300898
1781138875.903855,0.000989607,123608,8,999.249197
1781138875.905740,0.002010685,202328,16,805.011228
1781138875.907740,0.000989048,123674,9,1000.347809
1781138875.907781,0.001013254,112090,9,884.990338
1781138875.908660,0.000986717,130848,8,1060.875611
1781138875.909653,0.000999805,123608,8,989.056866
1781138875.910726,0.001005180,125056,8,995.292385
1781138875.911682,0.001002858,104916,10,836.936037
1781138875.912673,0.000995361,120844,10,971.257664
1781138875.913650,0.000996481,120778,9,969.636150
1781138875.914700,0.000999984,130914,9,1047.328757
1781138875.915662,0.001008830,109062,7,864.859292
1781138875.916651,0.000991065,123806,11,999.377437
1781138875.917672,0.001000173,115118,11,920.784704
1781138875.918778,0.001001766,109194,9,872.012027
1781138875.919868,0.000998265,125188,10,1003.244629
1781138875.920772,0.001015445,116302,7,916.264298
1781138875.921658,0.000985345,126504,8,1027.083915
1781138875.923739,0.001005052,123608,8,983.893371
1781138875.923776,0.000998356,110510,7,885.535821
1781138875.924751,0.001003887,103402,9,824.013061
1781138875.925740,0.000999002,128084,10,1025.695644
1781138875.926705,0.000994812,123740,10,995.082488
1781138875.927697,0.000998332,112024,8,897.689346
1781138875.928663,0.001007102,125056,8,993.392923
1781138875.929656,0.000996628,125056,8,1003.832925
1781138875.930702,0.000996705,98860,6,793.494565
1781138875.931810,0.001003266,104784,8,835.543116
1781138875.932807,0.001001037,125188,10,1000.466516
1781138875.933745,0.000997788,130980,10,1050.162960
1781138875.934814,0.000998430,112090,9,898.130064
1781138875.935660,0.000998320,117816,8,944.114112
1781138875.936654,0.001006592,120712,8,959.371821
1781138875.937684,0.000994669,72862,7,586.020073
1781138875.938763,0.001005731,131112,12,1042.919031
1781138875.939683,0.000996518,126636,10,1016.627898
1781138875.940692,0.001009071,113610,9,900.709663
1781138875.941803,0.000987814,126570,9,1025.051275
1781138875.943154,0.001009423,93266,9,739.162868
1781138875.943701,0.000997126,128216,12,1028.684439
1781138875.944735,0.001002553,122292,10,975.844669
1781138875.946224,0.000993850,116434,9,937.236001
1781138875.947556,0.001001514,125056,8,998.935611
1781138875.949353,0.000999616,126504,8,1012.420770
1781138875.949528,0.001005237,126504,8,1006.759600
1781138875.949870,0.001002676,109062,7,870.167432
1781138875.950675,0.000993922,123872,12,997.035985
1781138875.951705,0.001007125,123740,10,982.916718
1781138875.952659,0.000999171,117882,9,943.838442
1781138875.953676,0.000987779,126636,10,1025.622128
1781138875.954714,0.001008860,116434,9,923.291636
1781138875.955678,0.000994736,122358,11,984.044008
1781138875.956675,0.000996310,117948,10,947.078720
1781138875.957670,0.001003949,117882,9,939.346521
1781138875.958684,0.001007379,128018,9,1016.642197
1781138875.959698,0.000988936,111958,7,905.684493
1781138875.960688,0.000999823,127952,8,1023.797212
1781138875.961720,0.001000295,126504,8,1011.733539
1781138875.963756,0.001000594,106166,7,848.823799
1781138875.964131,0.000999306,125320,12,1003.256260
1781138875.964720,0.001000531,119396,10,954.661075
1781138875.966469,0.001006475,129532,10,1029.589409
1781138875.966692,0.000996386,114920,8,922.694618
1781138875.967680,0.000997451,127952,8,1026.231865
1781138875.968689,0.000999485,110510,7,884.535536
1781138875.969840,0.001010307,127952,8,1013.173224
1781138875.970765,0.000997301,107614,7,863.241890
1781138875.971745,0.001000700,125188,10,1000.803438
1781138875.972713,0.000995848,116434,9,935.355596
1781138875.973724,0.000995867,126636,10,1017.292470
1781138875.974700,0.000999282,116434,9,932.141277
1781138875.975664,0.001001167,129400,8,1033.993330
1781138875.976686,0.001006895,109062,7,866.521335
1781138875.977707,0.000998460,129466,9,1037.325481
1781138875.978691,0.000993939,104916,10,844.446188
1781138875.979682,0.001011638,117948,10,932.728901
1781138875.980654,0.000990239,129532,10,1046.470600
1781138875.981665,0.001010203,126504,8,1001.810527
1781138875.982692,0.000993920,107614,7,866.178364
1781138875.983686,0.001008445,127952,8,1015.043954
1781138875.984677,0.000996114,122226,9,981.622585
1781138875.985658,0.000996983,116434,9,934.290755
1781138875.986720,0.001005137,125188,10,996.385567
1781138875.987691,0.000987530,113472,8,919.238909
1781138875.988680,0.001009452,126504,8,1002.555842
1781138875.989654,0.000990034,127952,8,1033.920047
1781138875.990695,0.001008339,113472,8,900.268660
1781138875.991663,0.000993975,125188,10,1007.574637
1781138875.992662,0.001008014,125188,10,993.541756
1781138875.993685,0.000992342,110576,8,891.434606
1781138875.994685,0.000997506,126504,8,1014.562318
1781138875.995910,0.001008393,126504,8,1003.608712
1781138875.996771,0.001001525,111958,7,894.300192
1781138875.997687,0.000989961,125188,10,1011.660055
1781138875.998673,0.001000060,123806,11,990.388577
1781138875.999846,0.001003219,113538,9,905.389551
1781138876.000694,0.000997211,125122,9,1003.775530
1781138876.001660,0.001005168,143880,8,1145.122009
1781138876.002693,0.000998960,126834,13,1015.728357
1781138876.004439,0.000996537,88922,9,713.848056
1781138876.004649,0.000999324,120778,9,966.877609
1781138876.005672,0.001002117,129532,10,1034.066880
1781138876.006701,0.001002096,97478,7,778.192908
1781138876.007657,0.000995918,113670,11,913.087222
1781138876.008656,0.001007952,120976,12,960.172707
1781138876.009655,0.000997912,123740,10,991.991278
1781138876.010713,0.000994501,98992,8,796.314936
1781138876.011709,0.001002431,139602,9,1114.107604
1781138876.012691,0.001013860,130848,8,1032.473912
1781138876.013813,0.000985497,111958,7,908.844979
1781138876.014715,0.000997783,126504,8,1014.280660
1781138876.015675,0.001013297,107614,7,849.614674
1781138876.016668,0.000986139,126702,11,1027.863212
1781138876.017677,0.001004754,125188,10,996.765377
1781138876.018678,0.001007669,107680,8,854.883895
1781138876.019668,0.000999350,107680,8,862.000300
1781138876.020648,0.000988460,127952,8,1035.566437
1781138876.021731,0.001000792,113406,7,906.530028
1781138876.022696,0.000999146,127952,8,1024.490915
1781138876.023870,0.000999946,126504,8,1012.086653
1781138876.024729,0.001014259,126438,7,997.283731
1781138876.025779,0.000985625,98860,6,802.414711
1781138876.026868,0.000999729,126636,10,1013.362621
1781138876.027807,0.001012817,131046,11,1035.101109
1781138876.028732,0.000993785,109062,7,877.952475
1781138876.029721,0.000999655,110510,7,884.385113
1781138876.030691,0.000995035,91818,9,738.209209
1781138876.031699,0.001009930,120976,12,958.292159
1781138876.032686,0.000994428,131112,12,1054.773196
1781138876.033705,0.001000782,117882,9,942.319106
1781138876.034744,0.001006368,126636,10,1006.677478
1781138876.035836,0.000988785,23234,1,187.980198
1781138876.036741,0.001004117,0,0,0.000000
1781138876.037701,0.001008025,0,0,0.000000
1781138876.038701,0.000986097,0,0,0.000000
1781138876.039723,0.001006159,0,0,0.000000
1781138876.040662,0.000994285,0,0,0.000000
1781138876.041656,0.001010332,0,0,0.000000
1781138876.042671,0.000998026,0,0,0.000000
1781138876.043668,0.000998913,0,0,0.000000
1781138876.044665,0.000997792,0,0,0.000000
1781138876.045690,0.001000209,0,0,0.000000
1781138876.046681,0.000994454,0,0,0.000000
1781138876.047663,0.001000710,0,0,0.000000
1781138876.048714,0.001012864,0,0,0.000000
1781138876.049714,0.000998362,0,0,0.000000
1781138876.050735,0.000990307,0,0,0.000000
1781138876.051686,0.001005438,0,0,0.000000
1781138876.052671,0.000993972,0,0,0.000000
1781138876.053660,0.001004049,0,0,0.000000
1781138876.054731,0.001002898,0,0,0.000000
1781138876.055734,0.000991607,0,0,0.000000
1781138876.056719,0.000999630,0,0,0.000000
1781138876.057703,0.001002054,0,0,0.000000
1781138876.058693,0.000998287,0,0,0.000000
1781138876.059670,0.001004004,0,0,0.000000
1781138876.060652,0.001004295,0,0,0.000000
1781138876.061649,0.000995896,0,0,0.000000
1781138876.062680,0.000996742,0,0,0.000000
1781138876.063678,0.000998962,0,0,0.000000
1781138876.064670,0.001002139,0,0,0.000000
1781138876.065652,0.000998055,0,0,0.000000
1781138876.066712,0.001011328,0,0,0.000000
1781138876.067704,0.000990267,0,0,0.000000
1781138876.068674,0.001010194,0,0,0.000000
1781138876.069655,0.000990624,0,0,0.000000
1781138876.070685,0.001002334,0,0,0.000000
1781138876.071667,0.000996510,0,0,0.000000
1781138876.072690,0.001007629,0,0,0.000000
1781138876.073686,0.000993453,0,0,0.000000
1781138876.074667,0.000997428,0,0,0.000000
1781138876.075656,0.001003043,0,0,0.000000
1781138876.076650,0.000998394,0,0,0.000000
1781138876.077679,0.001012885,0,0,0.000000
1781138876.078721,0.000986879,0,0,0.000000
1781138876.079682,0.001007359,0,0,0.000000
1781138876.080679,0.000991987,0,0,0.000000
1781138876.081711,0.001003295,0,0,0.000000
1781138876.082690,0.000996637,0,0,0.000000
1781138876.083664,0.001005825,0,0,0.000000
1781138876.084663,0.001005685,0,0,0.000000
1781138876.085676,0.000997039,0,0,0.000000
1781138876.086700,0.000990551,0,0,0.000000
1781138876.087696,0.001000700,0,0,0.000000
1781138876.088686,0.001012588,0,0,0.000000
1781138876.089675,0.000987903,0,0,0.000000
1781138876.090683,0.001001798,0,0,0.000000
1781138876.091674,0.001003436,0,0,0.000000
1781138876.092647,0.000994132,0,0,0.000000
1781138876.093643,0.000999701,0,0,0.000000
1781138876.094687,0.001008816,0,0,0.000000
1781138876.095753,0.001005486,0,0,0.000000
1781138876.096701,0.000987970,0,0,0.000000
1781138876.097701,0.000998377,0,0,0.000000
1781138876.098682,0.001000254,0,0,0.000000
1781138876.099689,0.001000193,0,0,0.000000
1781138876.100718,0.001014257,0,0,0.000000
1781138876.101656,0.000985840,0,0,0.000000
1781138876.102768,0.001000288,0,0,0.000000
1781138876.103748,0.000999087,0,0,0.000000
1781138876.104705,0.001000301,0,0,0.000000
1781138876.105709,0.001005182,0,0,0.000000
1781138876.106691,0.000994954,0,0,0.000000
1781138876.107678,0.001013597,0,0,0.000000
1781138876.108722,0.000986609,0,0,0.000000
1781138876.109714,0.001001364,0,0,0.000000
1781138876.110696,0.001009563,0,0,0.000000
1781138876.111665,0.000990795,0,0,0.000000
1781138876.112660,0.001010127,0,0,0.000000
1781138876.113656,0.001000372,0,0,0.000000
1781138876.114697,0.000986500,0,0,0.000000
1781138876.115649,0.001004132,0,0,0.000000
1781138876.116660,0.001009583,0,0,0.000000
1781138876.117685,0.000999813,0,0,0.000000
1781138876.118724,0.000987196,0,0,0.000000
1781138876.119693,0.001004390,0,0,0.000000
1781138876.120659,0.000995412,0,0,0.000000
1781138876.121689,0.001008893,0,0,0.000000
1781138876.122670,0.000999976,0,0,0.000000
1781138876.123675,0.001005239,0,0,0.000000
1781138876.124657,0.000987269,0,0,0.000000
1781138876.125644,0.000997785,0,0,0.000000
1781138876.126654,0.001009601,0,0,0.000000
1781138876.127670,0.000997706,0,0,0.000000
1781138876.128678,0.000999966,0,0,0.000000
1781138876.129860,0.001001148,0,0,0.000000
1781138876.130712,0.001002102,0,0,0.000000
1781138876.131667,0.000990550,0,0,0.000000
1781138876.132654,0.000999576,0,0,0.000000
1781138876.133657,0.001007975,0,0,0.000000
1781138876.134674,0.001003285,0,0,0.000000
1781138876.135665,0.000989734,0,0,0.000000
1781138876.136800,0.001008390,0,0,0.000000
1781138876.137758,0.000991178,0,0,0.000000
1781138876.138681,0.000999912,0,0,0.000000
1781138876.139666,0.001002602,0,0,0.000000
1781138876.140655,0.000998970,0,0,0.000000
1781138876.141709,0.000998585,0,0,0.000000
1781138876.142729,0.001007062,0,0,0.000000
1781138876.143668,0.000994210,0,0,0.000000
1781138876.144676,0.001011993,0,0,0.000000
1781138876.145652,0.000991727,0,0,0.000000
1781138876.146678,0.000994507,0,0,0.000000
1781138876.147652,0.001000318,0,0,0.000000
1781138876.148669,0.001002755,0,0,0.000000
1781138876.149650,0.001003207,0,0,0.000000
1781138876.150697,0.001007219,0,0,0.000000
1781138876.151708,0.000987232,0,0,0.000000
1781138876.152662,0.001003427,0,0,0.000000
1781138876.153656,0.000995840,0,0,0.000000
1781138876.154681,0.000999663,0,0,0.000000
1781138876.155669,0.001009837,0,0,0.000000
1781138876.156644,0.000990270,0,0,0.000000
1781138876.157658,0.001011990,0,0,0.000000
1781138876.158679,0.000988460,0,0,0.000000
1781138876.159688,0.000999396,0,0,0.000000
1781138876.160728,0.001004532,0,0,0.000000
1781138876.161700,0.001007980,0,0,0.000000
1781138876.162649,0.000987709,0,0,0.000000
1781138876.163682,0.001010840,0,0,0.000000
1781138876.164648,0.000989737,0,0,0.000000
1781138876.165655,0.001010933,0,0,0.000000
1781138876.166653,0.000988633,0,0,0.000000
1781138876.167644,0.001000031,0,0,0.000000
1781138876.168649,0.001004108,0,0,0.000000
1781138876.169660,0.000995724,0,0,0.000000
1781138876.170684,0.001005095,0,0,0.000000
1781138876.171691,0.001008228,0,0,0.000000
1781138876.172652,0.000987394,0,0,0.000000
1781138876.173693,0.001010589,0,0,0.000000
1781138876.174685,0.000993415,0,0,0.000000
1781138876.175662,0.000996127,0,0,0.000000
1781138876.176652,0.001000120,0,0,0.000000
1781138876.177686,0.001012302,0,0,0.000000
1781138876.178683,0.000987665,0,0,0.000000
1781138876.179669,0.001010558,154,1,1.219128
1781138876.180744,0.000992307,0,0,0.000000
1781138876.181673,0.000996358,0,0,0.000000
1781138876.182699,0.001001103,0,0,0.000000
1781138876.183660,0.000998892,0,0,0.000000
1781138876.184655,0.001008233,0,0,0.000000
1781138876.185703,0.001004416,0,0,0.000000
1781138876.186730,0.000987886,0,0,0.000000
1781138876.187700,0.001000233,0,0,0.000000
1781138876.188711,0.001010530,0,0,0.000000
1781138876.189689,0.000991361,0,0,0.000000
1781138876.190695,0.000997492,0,0,0.000000
1781138876.191714,0.001009718,0,0,0.000000
1781138876.192676,0.000991776,54,1,0.435582
1781138876.193690,0.000999387,0,0,0.000000
1781138876.194697,0.001004087,0,0,0.000000
1781138876.195703,0.001006383,0,0,0.000000
1781138876.196740,0.001000449,218,1,1.743217
1781138876.197703,0.000988006,0,0,0.000000
1781138876.198693,0.001001526,0,0,0.000000
1781138876.199682,0.001005959,0,0,0.000000
1781138876.200708,0.001002339,0,0,0.000000
1781138876.201903,0.000992406,0,0,0.000000
1781138876.202901,0.000998373,0,0,0.000000
1781138876.203769,0.001008116,0,0,0.000000
1781138876.204685,0.001006164,0,0,0.000000
1781138876.205751,0.000992399,0,0,0.000000
1781138876.206754,0.001003395,0,0,0.000000
1781138876.207679,0.000998841,0,0,0.000000
1781138876.208678,0.000992536,0,0,0.000000
1781138876.209681,0.001002801,0,0,0.000000
1781138876.210756,0.001010981,0,0,0.000000
1781138876.211725,0.000985975,0,0,0.000000
1781138876.213030,0.001000424,0,0,0.000000
1781138876.213677,0.001002610,0,0,0.000000
1781138876.214680,0.000995392,0,0,0.000000
1781138876.215672,0.001007329,0,0,0.000000
1781138876.216677,0.001003976,0,0,0.000000
1781138876.217653,0.000995125,0,0,0.000000
1781138876.218684,0.000999185,0,0,0.000000
1781138876.219686,0.001001888,0,0,0.000000
1781138876.220664,0.000993670,0,0,0.000000
1781138876.221643,0.000998458,0,0,0.000000
1781138876.222681,0.001000521,0,0,0.000000
1781138876.223680,0.001001843,0,0,0.000000
1781138876.224673,0.001002701,0,0,0.000000
1781138876.225659,0.001002947,0,0,0.000000
1781138876.226671,0.000992315,0,0,0.000000
1781138876.227664,0.001002580,0,0,0.000000
1781138876.228704,0.001012505,0,0,0.000000
1781138876.229694,0.000999555,0,0,0.000000
1781138876.230673,0.000990306,0,0,0.000000
1781138876.231678,0.001002071,0,0,0.000000
1781138876.232653,0.000996649,0,0,0.000000
1781138876.233660,0.001010897,0,0,0.000000
1781138876.234684,0.000988108,0,0,0.000000
1781138876.235662,0.000997405,0,0,0.000000
1781138876.236669,0.001006602,0,0,0.000000
1781138876.237642,0.000992940,0,0,0.000000
1781138876.238673,0.001013504,0,0,0.000000
1781138876.239661,0.000986496,0,0,0.000000
1781138876.240656,0.001011980,0,0,0.000000
1781138876.241643,0.000988081,0,0,0.000000
1781138876.242676,0.001014517,1514,1,11.938686
1781138876.243669,0.000991520,83064,8,670.195256
1781138876.244679,0.001003910,129664,12,1033.271907
1781138876.245694,0.001003595,116500,11,928.661462
1781138876.246703,0.000989927,109062,7,881.374081
1781138876.247666,0.000997308,126570,9,1015.293169
1781138876.248680,0.001013072,110510,7,872.672426
1781138876.249998,0.000997517,130848,8,1049.389634
1781138876.250746,0.000992380,125056,8,1008.129950
1781138876.251740,0.001002035,109194,9,871.777932
1781138876.252675,0.001003683,125188,10,997.828996
1781138876.253654,0.000990490,125188,10,1011.119749
1781138876.254720,0.001006882,107668,8,855.456747
1781138876.255669,0.000998593,113472,8,909.055040
1781138876.256685,0.000995179,129400,8,1040.214876
1781138876.257679,0.001002011,129466,9,1033.649331
1781138876.258982,0.001006276,126636,10,1006.769515
1781138876.259673,0.000991736,126636,10,1021.529923
1781138876.260746,0.001006563,110642,9,879.364729
1781138876.261746,0.000993661,125122,9,1007.361666
1781138876.262700,0.001008447,125056,8,992.068002
1781138876.263677,0.000995233,114854,7,923.233052
1781138876.264671,0.001000085,98992,8,791.868691
1781138876.265674,0.001005266,109326,11,870.026441
1781138876.266691,0.000993430,120844,10,973.145566
1781138876.267687,0.000997273,132428,10,1062.320949
1781138876.268709,0.001000427,107614,7,860.544547
1781138876.269671,0.000999579,126504,8,1012.458245
1781138876.270742,0.001006277,129400,8,1028.742583
1781138876.271675,0.000993585,106166,7,854.811617
1781138876.272684,0.001001568,127886,7,1021.486309
1781138876.273669,0.001011296,116500,10,921.589722
1781138876.274667,0.000991697,133876,10,1079.975033
1781138876.275664,0.000995582,110576,8,888.533541
1781138876.276669,0.001005789,130848,8,1040.759046
1781138876.277740,0.000999903,123608,8,988.959929
1781138876.278861,0.000994466,109062,7,877.351262
1781138876.279760,0.001011006,132296,8,1046.846408
1781138876.280706,0.000994699,94648,8,761.219223
1781138876.281649,0.000993448,103336,8,832.140182
1781138876.282701,0.001010291,126570,9,1002.245888
1781138876.283675,0.000999764,112024,8,896.403551
1781138876.284666,0.001002620,62528,4,498.916838
1781138876.285647,0.000988849,33436,2,270.504395
1781138876.286665,0.000998496,34884,2,279.492357
1781138876.287677,0.001013614,0,0,0.000000
1781138876.288670,0.000995163,5858,1,47.091783
1781138876.289661,0.001005527,68518,7,545.131061
1781138876.290683,0.000999677,113736,12,910.181989
1781138876.291707,0.000996646,125254,11,1005.404125
1781138876.292674,0.001003126,125188,10,998.383055
1781138876.293653,0.000987095,110576,8,896.173114
1781138876.294694,0.001000208,125056,8,1000.239950
1781138876.295673,0.001005547,132296,8,1052.529618
1781138876.296694,0.000994335,106166,7,854.166855
1781138876.297679,0.001008673,123674,9,980.884786
1781138876.298701,0.000990544,126636,10,1022.759211
1781138876.299702,0.001000661,126636,10,1012.418791
1781138876.300753,0.000999687,110576,8,884.884969
1781138876.301713,0.001001388,125056,8,999.061303
1781138876.302899,0.001001475,120646,7,963.746474
1781138876.303855,0.001009975,129466,9,1025.498651
1781138876.304762,0.000990760,139668,10,1127.764544
1781138876.305742,0.001000362,100440,8,803.229231
1781138876.306699,0.000995628,125188,10,1005.901803
1781138876.307749,0.001001239,120778,9,965.028330
1781138876.308721,0.001002070,117816,8,940.580997
1781138876.309729,0.001005239,126504,8,1006.757597
1781138876.310713,0.000992577,110510,7,890.691604
1781138876.311837,0.001007365,126504,8,1004.632879
1781138876.312680,0.001003801,127952,8,1019.739968
1781138876.313713,0.000994398,104586,5,841.401531
1781138876.314704,0.001001316,123542,7,987.037059
1781138876.315699,0.000996089,117948,10,947.288847
1781138876.316687,0.000996844,114986,9,922.800358
1781138876.317667,0.001008633,129532,10,1027.386572
1781138876.318714,0.000990555,122094,7,986.065388
1781138876.319682,0.001012381,120646,7,953.364395
1781138876.320668,0.001000791,106166,7,848.656713
1781138876.321671,0.000988556,126438,7,1023.213657
1781138876.322706,0.001010733,117948,10,933.564057
1781138876.323685,0.001000273,123740,10,989.649826
1781138876.324661,0.000992131,119330,9,962.211643
1781138876.325672,0.000995156,128084,10,1029.659671
1781138876.326703,0.001012114,126504,8,999.918981
1781138876.327666,0.000994863,109326,11,879.124060
1781138876.328818,0.000995446,85960,8,690.826022
1781138876.329762,0.001005359,118014,11,939.079473
1781138876.330796,0.000998232,120778,9,967.935310
1781138876.331784,0.000996549,91620,6,735.498204
1781138876.332678,0.001000894,125056,8,999.554398
1781138876.333695,0.000997381,125056,8,1003.075054
1781138876.334703,0.001012790,117750,7,930.103970
1781138876.335693,0.000999007,109062,7,873.363250
1781138876.336665,0.000996567,132296,8,1062.013894
1781138876.337646,0.000990667,114986,9,928.554196
1781138876.338698,0.001014609,125188,10,987.083694
1781138876.339693,0.000988405,97478,7,788.972132
1781138876.340655,0.001000611,94516,6,755.666288
1781138876.341651,0.000996074,125056,8,1004.391240
1781138876.342814,0.001013417,80168,8,632.853011
1781138876.343740,0.000988733,88856,8,718.948392
1781138876.344712,0.000999761,98992,8,792.125318
1781138876.345701,0.001000849,129532,10,1035.376965
1781138876.346860,0.000999178,79970,5,640.286315
1781138876.347728,0.001000332,128018,9,1023.804097
1781138876.348880,0.001000506,94648,8,756.801059
1781138876.349850,0.001011482,116632,12,922.464265
1781138876.350735,0.000985894,134008,12,1087.402905
1781138876.351735,0.001000763,104718,7,837.105289
1781138876.352676,0.001005532,129400,8,1029.504780
1781138876.353805,0.000998301,100308,6,803.829707
1781138876.355726,0.000999024,97412,6,780.057336
1781138876.355948,0.000997586,119330,9,956.950077
1781138876.358980,0.001009323,125320,12,993.299469
1781138876.359135,0.000995040,125188,10,1006.496221
1781138876.359200,0.000995556,120778,9,970.537067
1781138876.359677,0.000999487,117816,8,943.011765
1781138876.360702,0.001007179,133744,8,1062.325565
1781138876.361674,0.000999908,117816,8,942.614721
1781138876.362702,0.000993552,114920,8,925.326505
1781138876.363693,0.001002724,116500,10,929.468129
1781138876.364691,0.000996722,115052,10,923.443046
1781138876.365665,0.001009263,122226,9,968.833693
1781138876.366715,0.001004160,128084,10,1020.427024
1781138876.367692,0.000986722,114854,7,931.196426
1781138876.368796,0.001011579,130848,8,1034.802027
1781138876.369755,0.000990263,107614,7,869.377125
1781138876.370813,0.001009066,126372,6,1001.892840
1781138876.371861,0.001002545,116566,11,930.160741
1781138876.372771,0.000989974,115052,10,929.737549
1781138876.374686,0.001001496,125122,9,999.480777
1781138876.374985,0.000995982,125122,9,1005.014147
1781138876.375697,0.001009769,109062,7,864.055046
1781138876.376712,0.000996569,123938,13,994.917562
1781138876.377737,0.000992993,116500,10,938.576606
1781138876.378855,0.001004121,125188,10,997.393740
1781138876.379725,0.001006079,126570,9,1006.441840
1781138876.380739,0.000998630,110576,8,885.821576
1781138876.381682,0.000991866,123542,7,996.441052
1781138876.383077,0.001010117,125056,8,990.427842
1781138876.383736,0.000989234,100374,7,811.731097
1781138876.384878,0.000999666,123740,10,990.250744
1781138876.385687,0.001010033,113538,9,899.281509
1781138876.386699,0.000993274,110576,8,890.598163
1781138876.387682,0.000996840,125122,9,1004.149111
1781138876.388674,0.001013650,112288,12,886.207271
1781138876.389708,0.000986149,113604,10,921.597041
1781138876.390891,0.001012956,125188,10,988.694474
1781138876.391896,0.000998342,107680,8,862.870640
1781138876.392870,0.000997957,133744,8,1072.142387
1781138876.393823,0.001004813,117882,9,938.538813
1781138876.394718,0.000989414,115118,11,930.797422
1781138876.395897,0.000999964,75692,6,605.557800
1781138876.396878,0.001005330,117948,10,938.581361
1781138876.397793,0.000990701,47982,3,387.458981
1781138876.398782,0.001000872,132428,10,1058.500987
1781138876.400052,0.001006872,75626,5,600.878761
1781138876.400723,0.000994929,109062,7,876.942978
1781138876.401755,0.001010408,92936,4,735.829487
1781138876.402735,0.000995405,0,0,0.000000
1781138876.403666,0.000994022,0,0,0.000000
1781138876.404647,0.000999349,0,0,0.000000
1781138876.405666,0.000999789,0,0,0.000000
1781138876.406828,0.001000834,0,0,0.000000
1781138876.407740,0.000997787,0,0,0.000000
1781138876.408670,0.001010760,0,0,0.000000
1781138876.409708,0.000993093,0,0,0.000000
1781138876.410695,0.000995765,0,0,0.000000
1781138876.411726,0.001000088,0,0,0.000000
1781138876.412672,0.001005330,0,0,0.000000
1781138876.413666,0.000994346,0,0,0.000000
1781138876.414763,0.001017026,0,0,0.000000
1781138876.415684,0.000990655,0,0,0.000000
1781138876.416657,0.001006956,0,0,0.000000
1781138876.417646,0.000990028,0,0,0.000000
1781138876.418691,0.001009434,0,0,0.000000
1781138876.419654,0.000995942,0,0,0.000000
1781138876.420648,0.000994275,0,0,0.000000
1781138876.421654,0.001000102,0,0,0.000000
1781138876.422676,0.001008985,0,0,0.000000
1781138876.423646,0.000986822,0,0,0.000000
1781138876.424659,0.001010761,0,0,0.000000
1781138876.425663,0.000989118,0,0,0.000000
1781138876.426652,0.001003564,0,0,0.000000
1781138876.427735,0.001004798,0,0,0.000000
1781138876.428864,0.000992370,0,0,0.000000
1781138876.429751,0.001006350,0,0,0.000000
1781138876.430666,0.000993887,0,0,0.000000
1781138876.431688,0.001007763,0,0,0.000000
1781138876.432652,0.001000778,0,0,0.000000
1781138876.433694,0.001005413,0,0,0.000000
1781138876.434669,0.000991797,0,0,0.000000
1781138876.435765,0.001007051,0,0,0.000000
1781138876.436756,0.000995586,0,0,0.000000
1781138876.437736,0.001003250,0,0,0.000000
1781138876.438707,0.000987579,0,0,0.000000
1781138876.439721,0.001000108,0,0,0.000000
1781138876.440672,0.001012501,0,0,0.000000
1781138876.441653,0.000990545,0,0,0.000000
1781138876.442681,0.000996549,0,0,0.000000
1781138876.443682,0.001000356,0,0,0.000000
1781138876.444647,0.001003687,0,0,0.000000
1781138876.445671,0.001003367,0,0,0.000000
1781138876.446667,0.000997513,0,0,0.000000
1781138876.447749,0.001001742,0,0,0.000000
1781138876.448662,0.001004844,0,0,0.000000
1781138876.449655,0.000998465,0,0,0.000000
1781138876.450699,0.000997036,0,0,0.000000
1781138876.451902,0.001005181,0,0,0.000000
1781138876.452796,0.000991804,0,0,0.000000
1781138876.453880,0.001005386,0,0,0.000000
1781138876.454746,0.000991328,0,0,0.000000
1781138876.455703,0.001001054,0,0,0.000000
1781138876.456735,0.001009381,0,0,0.000000
1781138876.457770,0.000991774,0,0,0.000000
1781138876.458688,0.001008548,0,0,0.000000
1781138876.459654,0.000989125,0,0,0.000000
1781138876.460663,0.000999482,0,0,0.000000
1781138876.461643,0.000999918,0,0,0.000000
1781138876.462683,0.001005635,0,0,0.000000
1781138876.463663,0.000994656,0,0,0.000000
1781138876.464661,0.001000082,0,0,0.000000
1781138876.465662,0.001000275,0,0,0.000000
1781138876.466673,0.001012086,0,0,0.000000
1781138876.467674,0.000998996,0,0,0.000000
1781138876.468662,0.000988414,0,0,0.000000
1781138876.469653,0.001010578,0,0,0.000000
1781138876.470665,0.000993000,0,0,0.000000
1781138876.471675,0.001009088,0,0,0.000000
1781138876.472655,0.000996568,0,0,0.000000
1781138876.473647,0.000995514,0,0,0.000000
1781138876.474681,0.001008310,0,0,0.000000
1781138876.475692,0.000996724,0,0,0.000000
1781138876.476651,0.000990725,0,0,0.000000
1781138876.477648,0.001003785,0,0,0.000000
1781138876.478684,0.000997880,0,0,0.000000
1781138876.479676,0.000998174,0,0,0.000000
1781138876.480662,0.001008093,0,0,0.000000
1781138876.481664,0.000993778,0,0,0.000000
1781138876.482671,0.001006788,0,0,0.000000
1781138876.483682,0.000991025,0,0,0.000000
1781138876.484650,0.001002006,0,0,0.000000
1781138876.485648,0.001002779,0,0,0.000000
1781138876.486682,0.001000731,0,0,0.000000
1781138876.487700,0.001006856,0,0,0.000000
1781138876.488642,0.000987629,0,0,0.000000
1781138876.489642,0.001000076,0,0,0.000000
1781138876.490676,0.000999979,0,0,0.000000
1781138876.491672,0.001009998,0,0,0.000000
1781138876.492670,0.000998462,0,0,0.000000
1781138876.493645,0.000991558,0,0,0.000000
1781138876.494674,0.001010317,0,0,0.000000
1781138876.495650,0.000989941,0,0,0.000000
1781138876.496665,0.000999980,0,0,0.000000
1781138876.497771,0.001006611,0,0,0.000000
1781138876.498738,0.000993484,0,0,0.000000
1781138876.499679,0.001004311,0,0,0.000000
1781138876.500735,0.001004357,0,0,0.000000
1781138876.501716,0.000991848,0,0,0.000000
1781138876.502738,0.001013183,0,0,0.000000
1781138876.503701,0.000987284,0,0,0.000000
1781138876.504718,0.000999289,0,0,0.000000
1781138876.505705,0.001004460,0,0,0.000000
1781138876.506686,0.001000273,0,0,0.000000
1781138876.507672,0.000997302,0,0,0.000000
1781138876.508654,0.001006560,0,0,0.000000
1781138876.509655,0.001003797,0,0,0.000000
1781138876.510679,0.000987232,0,0,0.000000
1781138876.511678,0.001001117,0,0,0.000000
1781138876.512669,0.000999542,0,0,0.000000
1781138876.513653,0.001007276,0,0,0.000000
1781138876.514686,0.000998591,0,0,0.000000
1781138876.515678,0.000993277,0,0,0.000000
1781138876.516666,0.000999688,0,0,0.000000
1781138876.517653,0.001008823,0,0,0.000000
1781138876.518684,0.000995431,0,0,0.000000
1781138876.519672,0.001004668,0,0,0.000000
1781138876.520654,0.001000355,0,0,0.000000
1781138876.521643,0.000991233,0,0,0.000000
1781138876.522761,0.001011020,0,0,0.000000
1781138876.523680,0.000999723,0,0,0.000000
1781138876.524678,0.000993090,0,0,0.000000
1781138876.525666,0.000996720,0,0,0.000000
1781138876.526718,0.001011976,0,0,0.000000
1781138876.527693,0.000989303,0,0,0.000000
1781138876.528670,0.001005282,0,0,0.000000
1781138876.529662,0.000994124,0,0,0.000000
1781138876.531690,0.000999497,0,0,0.000000
1781138876.531782,0.001001628,0,0,0.000000
1781138876.532797,0.001002527,0,0,0.000000
1781138876.533755,0.001001054,0,0,0.000000
1781138876.534706,0.000996251,0,0,0.000000
1781138876.536969,0.000999075,0,0,0.000000
1781138876.537039,0.001011115,0,0,0.000000
1781138876.538121,0.000988739,0,0,0.000000
1781138876.538773,0.001013294,0,0,0.000000
1781138876.539768,0.000985844,0,0,0.000000
1781138876.541045,0.001007840,0,0,0.000000
1781138876.542867,0.001008254,0,0,0.000000
1781138876.542911,0.000991074,0,0,0.000000
1781138876.543681,0.000992945,0,0,0.000000
1781138876.544655,0.000999634,0,0,0.000000
1781138876.545721,0.001009276,0,0,0.000000
1781138876.548584,0.000991784,0,0,0.000000
1781138876.548644,0.001003969,0,0,0.000000
1781138876.548673,0.000995210,0,0,0.000000
1781138876.549664,0.001011886,0,0,0.000000
1781138876.550772,0.000991206,0,0,0.000000
1781138876.551739,0.000996956,0,0,0.000000
1781138876.552667,0.001010216,0,0,0.000000
1781138876.553711,0.000991091,0,0,0.000000
1781138876.554727,0.000998016,0,0,0.000000
1781138876.556443,0.001005113,0,0,0.000000
1781138876.556761,0.000998266,0,0,0.000000
1781138876.557730,0.001002363,0,0,0.000000
1781138876.558809,0.001006179,0,0,0.000000
1781138876.559705,0.000996387,0,0,0.000000
1781138876.561406,0.001004402,0,0,0.000000
1781138876.561757,0.000996065,0,0,0.000000
1781138876.562740,0.000996576,0,0,0.000000
1781138876.563721,0.001005481,0,0,0.000000
1781138876.564725,0.000989603,0,0,0.000000
1781138876.565707,0.001005329,0,0,0.000000
1781138876.566772,0.000996923,0,0,0.000000
1781138876.567722,0.001010081,0,0,0.000000
1781138876.568682,0.000995150,0,0,0.000000
1781138876.569719,0.001001199,0,0,0.000000
1781138876.570710,0.000992130,0,0,0.000000
1781138876.571675,0.000999713,0,0,0.000000
1781138876.572675,0.001001044,0,0,0.000000
1781138876.573693,0.000998717,0,0,0.000000
1781138876.574694,0.001013710,0,0,0.000000
1781138876.575795,0.000987141,0,0,0.000000
1781138876.576742,0.001002219,0,0,0.000000
1781138876.577792,0.001000770,0,0,0.000000
1781138876.578706,0.000999639,0,0,0.000000
1781138876.579703,0.001001628,0,0,0.000000
1781138876.580766,0.000996306,0,0,0.000000
1781138876.582234,0.001007102,0,0,0.000000
1781138876.582866,0.001002628,0,0,0.000000
1781138876.583761,0.000990015,0,0,0.000000
1781138876.584739,0.000998377,0,0,0.000000
1781138876.585749,0.001001149,0,0,0.000000
1781138876.586700,0.001004704,0,0,0.000000
1781138876.587702,0.000995054,0,0,0.000000
1781138876.588675,0.001005088,0,0,0.000000
1781138876.589668,0.000994607,0,0,0.000000
1781138876.590682,0.001001271,0,0,0.000000
1781138876.591670,0.001000524,0,0,0.000000
1781138876.592664,0.001006803,0,0,0.000000
1781138876.593684,0.000994643,0,0,0.000000
1781138876.594730,0.001009645,0,0,0.000000
1781138876.595668,0.000987379,0,0,0.000000
1781138876.596675,0.001007232,0,0,0.000000
1781138876.597660,0.000993322,0,0,0.000000
1781138876.598661,0.000999672,0,0,0.000000
1781138876.599657,0.000999202,0,0,0.000000
1781138876.600671,0.001000518,0,0,0.000000
1781138876.601682,0.001008394,0,0,0.000000
1781138876.602701,0.001003054,0,0,0.000000
1781138876.603688,0.000995585,0,0,0.000000
1781138876.604673,0.000994984,0,0,0.000000
1781138876.605654,0.000999026,0,0,0.000000
1781138876.606657,0.000999708,1514,1,12.115538
1781138876.607752,0.000998846,112288,12,899.341840
1781138876.608828,0.001000912,112156,10,896.430455
1781138876.609863,0.001001583,128084,10,1023.052508
1781138876.610702,0.000998080,47982,3,384.594421
1781138876.611799,0.001000226,139602,9,1116.563657
1781138876.612770,0.001000365,110510,7,883.757429
1781138876.613677,0.001005535,24682,1,196.369097
1781138876.614698,0.001002902,0,0,0.000000
1781138876.615656,0.000991801,0,0,0.000000
1781138876.616668,0.001006542,0,0,0.000000
1781138876.617668,0.000992576,0,0,0.000000
1781138876.618681,0.001009540,0,0,0.000000
1781138876.619662,0.000996847,0,0,0.000000
1781138876.620670,0.000993266,0,0,0.000000
1781138876.621667,0.001004995,0,0,0.000000
1781138876.622711,0.000995176,0,0,0.000000
1781138876.623693,0.001011062,0,0,0.000000
1781138876.624662,0.000988706,0,0,0.000000
1781138876.625674,0.001000610,0,0,0.000000
1781138876.626710,0.001002670,0,0,0.000000
1781138876.627684,0.001001908,0,0,0.000000
1781138876.628678,0.001005121,0,0,0.000000
1781138876.629675,0.000989516,0,0,0.000000
1781138876.630705,0.001009139,0,0,0.000000
1781138876.631681,0.000999156,0,0,0.000000
1781138876.632654,0.000991665,0,0,0.000000
1781138876.633668,0.000999599,0,0,0.000000
1781138876.634678,0.001001094,0,0,0.000000
1781138876.635678,0.001010394,0,0,0.000000
1781138876.636656,0.000988937,0,0,0.000000
1781138876.637682,0.001007358,0,0,0.000000
1781138876.638738,0.001003308,0,0,0.000000
1781138876.639718,0.000994925,0,0,0.000000
1781138876.640793,0.000994884,0,0,0.000000
1781138876.642130,0.001002781,0,0,0.000000
1781138876.642681,0.000999178,0,0,0.000000
1781138876.643747,0.000997605,0,0,0.000000
1781138876.644676,0.001005572,0,0,0.000000
1781138876.645882,0.000998693,0,0,0.000000
1781138876.646699,0.001007427,0,0,0.000000
1781138876.647901,0.001001882,0,0,0.000000
1781138876.648695,0.000997972,0,0,0.000000
1781138876.649692,0.000991942,0,0,0.000000
1781138876.652046,0.001006079,0,0,0.000000
1781138876.652090,0.000999411,0,0,0.000000
1781138876.652681,0.000992672,0,0,0.000000
1781138876.653733,0.001008109,0,0,0.000000
1781138876.654688,0.000996734,0,0,0.000000
1781138876.655684,0.000994177,0,0,0.000000
1781138876.657050,0.001006789,0,0,0.000000
1781138876.657723,0.000995215,0,0,0.000000
1781138876.659148,0.001007705,0,0,0.000000
1781138876.659663,0.000990063,0,0,0.000000
1781138876.660712,0.001007700,0,0,0.000000
1781138876.661702,0.000994461,0,0,0.000000
1781138876.662716,0.000997693,0,0,0.000000
1781138876.663688,0.001009817,0,0,0.000000
1781138876.664688,0.000990914,0,0,0.000000
1781138876.665958,0.001009801,0,0,0.000000
1781138876.666682,0.000989332,0,0,0.000000
1781138876.667903,0.001015965,0,0,0.000000
1781138876.668720,0.000999529,0,0,0.000000
1781138876.669898,0.000985972,0,0,0.000000
1781138876.670757,0.000998943,0,0,0.000000
1781138876.671781,0.001012123,0,0,0.000000
1781138876.673155,0.000987340,0,0,0.000000
1781138876.673849,0.001001700,0,0,0.000000
1781138876.674689,0.000998642,0,0,0.000000
1781138876.675974,0.001003343,0,0,0.000000
1781138876.676811,0.000997611,0,0,0.000000
1781138876.679554,0.001006242,0,0,0.000000
1781138876.679605,0.000993134,0,0,0.000000
1781138876.679651,0.001000202,0,0,0.000000
1781138876.680922,0.001008585,0,0,0.000000
1781138876.681765,0.000990930,154,1,1.243277
1781138876.682708,0.001008059,0,0,0.000000
1781138876.683957,0.001003942,0,0,0.000000
1781138876.684716,0.000991381,0,0,0.000000
1781138876.685719,0.000995995,0,0,0.000000
1781138876.686826,0.001009161,0,0,0.000000
1781138876.687758,0.000991674,0,0,0.000000
1781138876.688784,0.001005757,0,0,0.000000
1781138876.690511,0.001001279,0,0,0.000000
1781138876.691212,0.000999192,0,0,0.000000
1781138876.691715,0.000992824,0,0,0.000000
1781138876.692708,0.001003508,0,0,0.000000
1781138876.693726,0.001000726,0,0,0.000000
1781138876.696075,0.001001950,54,1,0.431159
1781138876.696122,0.000996766,0,0,0.000000
1781138876.696950,0.001011886,0,0,0.000000
1781138876.697916,0.000990768,218,1,1.760251
1781138876.698961,0.001007346,0,0,0.000000
1781138876.700034,0.001002903,0,0,0.000000
1781138876.701016,0.000985687,0,0,0.000000
1781138876.701785,0.001013287,0,0,0.000000
1781138876.702795,0.000990376,0,0,0.000000
1781138876.703786,0.000995977,0,0,0.000000
1781138876.704749,0.001011257,0,0,0.000000
1781138876.705750,0.000987994,0,0,0.000000
1781138876.706778,0.001001270,0,0,0.000000
1781138876.707771,0.000999265,0,0,0.000000
1781138876.709519,0.001012732,0,0,0.000000
1781138876.709830,0.000993448,0,0,0.000000
1781138876.711463,0.001002033,0,0,0.000000
1781138876.711785,0.000999603,0,0,0.000000
1781138876.712790,0.000994193,0,0,0.000000
1781138876.713753,0.000997715,0,0,0.000000
1781138876.714759,0.001004061,0,0,0.000000
1781138876.715821,0.000996943,0,0,0.000000
1781138876.716918,0.001005196,0,0,0.000000
1781138876.717777,0.001001069,0,0,0.000000
1781138876.718895,0.000993534,0,0,0.000000
1781138876.719674,0.001010266,0,0,0.000000
1781138876.720658,0.000993882,0,0,0.000000
1781138876.721648,0.000997774,0,0,0.000000
1781138876.722717,0.000997016,0,0,0.000000
1781138876.723661,0.000999728,0,0,0.000000
1781138876.724654,0.001011339,0,0,0.000000
1781138876.725644,0.000988723,0,0,0.000000
1781138876.726679,0.001001401,0,0,0.000000
1781138876.727665,0.001000957,0,0,0.000000
1781138876.728643,0.000997253,0,0,0.000000
1781138876.729650,0.001005644,0,0,0.000000
1781138876.730665,0.000997695,0,0,0.000000
1781138876.731659,0.000997093,0,0,0.000000
1781138876.732677,0.001012829,0,0,0.000000
1781138876.733670,0.000993586,0,0,0.000000
1781138876.734694,0.000998137,0,0,0.000000
1781138876.735688,0.000999687,0,0,0.000000
1781138876.736673,0.000995557,0,0,0.000000
1781138876.737748,0.001001491,0,0,0.000000
1781138876.738758,0.001003128,0,0,0.000000
1781138876.739697,0.001004564,0,0,0.000000
1781138876.740708,0.000998805,0,0,0.000000
1781138876.741719,0.000992534,0,0,0.000000
1781138876.742781,0.001004645,0,0,0.000000
1781138876.743747,0.000994918,0,0,0.000000
1781138876.744660,0.000999793,0,0,0.000000
1781138876.745674,0.001001114,0,0,0.000000
1781138876.746701,0.001008740,0,0,0.000000
1781138876.747665,0.000990628,0,0,0.000000
1781138876.748661,0.000999633,0,0,0.000000
1781138876.749967,0.001000179,0,0,0.000000
1781138876.750693,0.001004881,0,0,0.000000
1781138876.751657,0.000996833,0,0,0.000000
1781138876.752688,0.001010601,0,0,0.000000
1781138876.753726,0.000995574,0,0,0.000000
1781138876.754691,0.000997703,54,1,0.432995
1781138876.755663,0.000994709,0,0,0.000000
1781138876.756672,0.001005203,0,0,0.000000
1781138876.757671,0.001002868,0,0,0.000000
1781138876.758678,0.000991185,0,0,0.000000
1781138876.759664,0.001001185,0,0,0.000000
1781138876.760667,0.001003419,0,0,0.000000
1781138876.761653,0.001004171,0,0,0.000000
1781138876.762681,0.000994687,0,0,0.000000
1781138876.763665,0.000999194,0,0,0.000000
1781138876.764670,0.001004364,0,0,0.000000
1781138876.765651,0.000993832,0,0,0.000000
1781138876.766689,0.001006916,0,0,0.000000
1781138876.767686,0.000997614,0,0,0.000000
1781138876.768657,0.000995769,0,0,0.000000
1781138876.769734,0.000999335,0,0,0.000000
1781138876.770808,0.001003977,0,0,0.000000
1781138876.771690,0.001001304,0,0,0.000000
1781138876.772648,0.000995428,0,0,0.000000
1781138876.773654,0.001009374,0,0,0.000000
1781138876.774679,0.000990253,0,0,0.000000
1781138876.775662,0.000999156,0,0,0.000000
1781138876.776644,0.001000339,0,0,0.000000
1781138876.777643,0.000999955,0,0,0.000000
1781138876.778684,0.000999695,0,0,0.000000
1781138876.779650,0.001002338,0,0,0.000000
1781138876.780662,0.000998026,0,0,0.000000
1781138876.781646,0.001000163,0,0,0.000000
1781138876.782677,0.001008873,0,0,0.000000
1781138876.783694,0.001002469,0,0,0.000000
1781138876.784669,0.000992261,0,0,0.000000
1781138876.785645,0.000996589,0,0,0.000000
1781138876.786721,0.001007699,0,0,0.000000
1781138876.787669,0.001001493,0,0,0.000000
1781138876.788669,0.000998670,0,0,0.000000
1781138876.789714,0.001005214,0,0,0.000000
1781138876.790691,0.000995281,0,0,0.000000
1781138876.791667,0.000997382,0,0,0.000000
1781138876.792666,0.000995073,0,0,0.000000
1781138876.793671,0.001009034,0,0,0.000000
1781138876.794672,0.000989874,0,0,0.000000
1781138876.795663,0.001013514,0,0,0.000000
1781138876.796662,0.000987447,0,0,0.000000
1781138876.797750,0.001002528,0,0,0.000000
1781138876.798799,0.001007049,0,0,0.000000
1781138876.799745,0.000991374,0,0,0.000000
1781138876.800712,0.001008632,0,0,0.000000
1781138876.801701,0.000989658,0,0,0.000000
1781138876.802716,0.001009237,0,0,0.000000
1781138876.803682,0.001004648,0,0,0.000000
1781138876.804679,0.000995458,0,0,0.000000
1781138876.805689,0.001000509,0,0,0.000000
1781138876.806672,0.000990937,0,0,0.000000
1781138876.807663,0.000999116,0,0,0.000000
1781138876.808642,0.000999390,0,0,0.000000
1781138876.809677,0.001011331,0,0,0.000000
1781138876.810664,0.000989268,0,0,0.000000
1781138876.811671,0.001005063,0,0,0.000000
1781138876.812724,0.001004336,0,0,0.000000
1781138876.813677,0.001002222,0,0,0.000000
1781138876.814705,0.000991628,0,0,0.000000
1781138876.815666,0.000999253,0,0,0.000000
1781138876.816651,0.000998805,0,0,0.000000
1781138876.817643,0.000998951,0,0,0.000000
1781138876.818688,0.001008033,1514,1,12.015480
1781138876.819699,0.001001930,90304,8,721.040392
1781138876.820669,0.001002292,78654,7,627.793098
1781138876.821742,0.000987142,94582,7,766.511809
1781138876.822767,0.001011538,93068,6,736.051439
1781138876.823723,0.000988125,93068,6,753.491714
1781138876.824711,0.001007288,93002,5,738.632844
1781138876.825701,0.000993204,56736,4,456.993729
1781138876.826754,0.001007029,0,0,0.000000
1781138876.827695,0.001005093,0,0,0.000000
1781138876.828664,0.000990086,0,0,0.000000
1781138876.829660,0.000997580,0,0,0.000000
1781138876.830673,0.001001890,0,0,0.000000
1781138876.831667,0.001004089,0,0,0.000000
1781138876.832679,0.001009295,0,0,0.000000
1781138876.833758,0.000984830,0,0,0.000000
1781138876.834704,0.001000566,0,0,0.000000
1781138876.835704,0.001005017,0,0,0.000000
1781138876.836673,0.001010955,0,0,0.000000
1781138876.837662,0.000983407,0,0,0.000000
1781138876.838699,0.001000634,0,0,0.000000
1781138876.839692,0.001013055,0,0,0.000000
1781138876.840665,0.000986430,0,0,0.000000
1781138876.841658,0.001013666,0,0,0.000000
1781138876.842678,0.000986285,0,0,0.000000
1781138876.843666,0.001006177,0,0,0.000000
1781138876.844727,0.001001726,0,0,0.000000
1781138876.845707,0.000993704,0,0,0.000000
1781138876.846720,0.000999565,0,0,0.000000
1781138876.847809,0.001008138,0,0,0.000000
1781138876.848871,0.001003145,0,0,0.000000
1781138876.849734,0.000988494,0,0,0.000000
1781138876.850703,0.000999405,0,0,0.000000
1781138876.851747,0.001005186,0,0,0.000000
1781138876.852671,0.001007028,0,0,0.000000
1781138876.853724,0.000991921,0,0,0.000000
1781138876.854721,0.001001062,0,0,0.000000
1781138876.855717,0.000996792,0,0,0.000000
1781138876.856723,0.000997709,0,0,0.000000
1781138876.857807,0.001001211,0,0,0.000000
1781138876.858738,0.001012344,0,0,0.000000
1781138876.859742,0.000987127,0,0,0.000000
1781138876.860708,0.001005571,0,0,0.000000
1781138876.861691,0.001003794,0,0,0.000000
1781138876.862717,0.000989573,0,0,0.000000
1781138876.863743,0.001000022,0,0,0.000000
1781138876.864728,0.001007344,0,0,0.000000
1781138876.865704,0.000999579,0,0,0.000000
1781138876.866714,0.000994185,0,0,0.000000
1781138876.867748,0.001006693,0,0,0.000000
1781138876.868704,0.000993172,0,0,0.000000
1781138876.869723,0.001001449,0,0,0.000000
1781138876.870682,0.001003700,0,0,0.000000
1781138876.871669,0.000994166,0,0,0.000000
1781138876.872672,0.001010244,0,0,0.000000
1781138876.873644,0.000991553,0,0,0.000000
1781138876.874663,0.000999685,0,0,0.000000
1781138876.875725,0.001002708,0,0,0.000000
1781138876.876716,0.001005626,0,0,0.000000
1781138876.877697,0.001001353,0,0,0.000000
1781138876.878748,0.000996460,0,0,0.000000
1781138876.879681,0.000992475,0,0,0.000000
1781138876.880673,0.001013292,0,0,0.000000
1781138876.881686,0.000991116,0,0,0.000000
1781138876.882667,0.001004164,0,0,0.000000
1781138876.883663,0.000991118,0,0,0.000000
1781138876.884644,0.001000507,0,0,0.000000
1781138876.885702,0.001001694,0,0,0.000000
1781138876.886667,0.001002120,0,0,0.000000
1781138876.887667,0.000996952,0,0,0.000000
1781138876.888679,0.001009058,0,0,0.000000
1781138876.889696,0.000999928,0,0,0.000000
1781138876.890715,0.001004225,0,0,0.000000
1781138876.891805,0.000993995,0,0,0.000000
1781138876.892915,0.000995817,0,0,0.000000
1781138876.893808,0.001000981,0,0,0.000000
1781138876.894722,0.001005897,0,0,0.000000
1781138876.895700,0.000990527,0,0,0.000000
1781138876.896709,0.001007153,0,0,0.000000
1781138876.897678,0.000991562,0,0,0.000000
1781138876.898704,0.001003539,0,0,0.000000
1781138876.899664,0.000997713,0,0,0.000000
1781138876.901611,0.000999061,0,0,0.000000
1781138876.901658,0.001001062,0,0,0.000000
1781138876.902711,0.001003166,0,0,0.000000
1781138876.903655,0.000995249,0,0,0.000000
1781138876.904664,0.001005533,0,0,0.000000
1781138876.905657,0.000994311,0,0,0.000000
1781138876.906679,0.001013431,0,0,0.000000
1781138876.907662,0.000987166,0,0,0.000000
1781138876.908645,0.001000058,0,0,0.000000
1781138876.909644,0.001000978,0,0,0.000000
1781138876.910681,0.000998456,0,0,0.000000
1781138876.911678,0.001000278,0,0,0.000000
1781138876.912676,0.001012719,0,0,0.000000
1781138876.913651,0.000995063,0,0,0.000000
1781138876.914716,0.001000475,0,0,0.000000
1781138876.915675,0.000997935,0,0,0.000000
1781138876.916666,0.000993876,0,0,0.000000
1781138876.917647,0.000999748,0,0,0.000000
1781138876.918714,0.001002035,0,0,0.000000
1781138876.919696,0.001003481,0,0,0.000000
1781138876.920701,0.001008621,0,0,0.000000
1781138876.921740,0.000986608,0,0,0.000000
1781138876.922723,0.000999562,0,0,0.000000
1781138876.923709,0.001003138,0,0,0.000000
1781138876.924662,0.001011273,0,0,0.000000
1781138876.925767,0.000987328,0,0,0.000000
1781138876.926783,0.001009292,0,0,0.000000
1781138876.927689,0.000990917,0,0,0.000000
1781138876.928653,0.000999125,0,0,0.000000
1781138876.929682,0.001003181,0,0,0.000000
1781138876.930665,0.001007760,0,0,0.000000
1781138876.931646,0.000988018,0,0,0.000000
1781138876.932701,0.000999501,0,0,0.000000
1781138876.933731,0.001000373,0,0,0.000000
1781138876.934711,0.001000892,0,0,0.000000
1781138876.935739,0.001001403,0,0,0.000000
1781138876.936711,0.000998606,0,0,0.000000
1781138876.937747,0.001001110,0,0,0.000000
1781138876.938744,0.001007752,0,0,0.000000
1781138876.939685,0.000990035,0,0,0.000000
1781138876.940673,0.001007816,0,0,0.000000
1781138876.941659,0.001003377,0,0,0.000000
1781138876.942792,0.000989511,0,0,0.000000
1781138876.943703,0.001008141,0,0,0.000000
1781138876.944672,0.000993915,0,0,0.000000
1781138876.945784,0.001005224,0,0,0.000000
1781138876.946673,0.000995862,0,0,0.000000
1781138876.947770,0.000997781,0,0,0.000000
1781138876.948730,0.001008730,0,0,0.000000
1781138876.949811,0.001000076,0,0,0.000000
1781138876.951000,0.000992831,0,0,0.000000
1781138876.951748,0.000997656,0,0,0.000000
1781138876.952968,0.001012197,0,0,0.000000
1781138876.953709,0.000987641,0,0,0.000000
1781138876.954744,0.001009792,0,0,0.000000
1781138876.957280,0.000990208,0,0,0.000000
1781138876.957467,0.001013227,0,0,0.000000
1781138876.958074,0.000987882,0,0,0.000000
1781138876.958701,0.000998997,0,0,0.000000
1781138876.959815,0.001010486,0,0,0.000000
1781138876.960762,0.000991058,0,0,0.000000
1781138876.961718,0.001011150,0,0,0.000000
1781138876.962682,0.000990079,0,0,0.000000
1781138876.963865,0.001004548,0,0,0.000000
1781138876.964681,0.001002053,0,0,0.000000
1781138876.965726,0.001003183,0,0,0.000000
1781138876.966686,0.000999093,0,0,0.000000
1781138876.967801,0.000989135,0,0,0.000000
1781138876.968708,0.001002161,0,0,0.000000
1781138876.969703,0.000999351,0,0,0.000000
1781138876.970706,0.000999245,0,0,0.000000
1781138876.972061,0.000997821,0,0,0.000000
1781138876.972656,0.001001863,0,0,0.000000
1781138876.973691,0.001006697,0,0,0.000000
1781138876.974667,0.000996883,0,0,0.000000
1781138876.975663,0.000994288,0,0,0.000000
1781138876.976647,0.001001836,0,0,0.000000
1781138876.977669,0.000997752,0,0,0.000000
1781138876.978702,0.001011994,0,0,0.000000
1781138876.979657,0.000999164,0,0,0.000000
1781138876.980654,0.000999441,0,0,0.000000
1781138876.981670,0.000996975,0,0,0.000000
1781138876.982674,0.001003836,0,0,0.000000
1781138876.983652,0.000994116,0,0,0.000000
1781138876.984646,0.000995457,0,0,0.000000
1781138876.985743,0.001012793,0,0,0.000000
1781138876.986655,0.000994113,0,0,0.000000
1781138876.987669,0.000992136,0,0,0.000000
1781138876.988693,0.001013037,0,0,0.000000
1781138876.989655,0.000989129,0,0,0.000000
1781138876.990740,0.000997985,0,0,0.000000
1781138876.991730,0.001000043,0,0,0.000000
1781138876.992702,0.001003470,0,0,0.000000
1781138876.993692,0.001003701,0,0,0.000000
1781138876.994741,0.001009059,0,0,0.000000
1781138876.995680,0.000987625,0,0,0.000000
1781138876.996746,0.001006654,0,0,0.000000
1781138876.997659,0.000993326,0,0,0.000000
1781138876.999270,0.000999158,0,0,0.000000
1781138876.999719,0.001002514,0,0,0.000000
1781138877.000701,0.000994545,0,0,0.000000
1781138877.001705,0.001001713,0,0,0.000000
1781138877.002763,0.001000801,0,0,0.000000
1781138877.003682,0.001000407,0,0,0.000000
1781138877.004660,0.001001231,0,0,0.000000
1781138877.006062,0.000996040,0,0,0.000000
1781138877.006704,0.001008603,0,0,0.000000
1781138877.007676,0.000994845,0,0,0.000000
1781138877.008645,0.000996199,0,0,0.000000
1781138877.009643,0.001000013,0,0,0.000000
1781138877.010679,0.001000017,0,0,0.000000
1781138877.011725,0.001012820,0,0,0.000000
1781138877.012688,0.000990201,0,0,0.000000
1781138877.013805,0.001005469,0,0,0.000000
1781138877.014792,0.001002426,0,0,0.000000
1781138877.015738,0.000990298,0,0,0.000000
1781138877.016718,0.001011559,0,0,0.000000
1781138877.017691,0.000992958,0,0,0.000000
1781138877.018688,0.000995809,0,0,0.000000
1781138877.019701,0.001011809,0,0,0.000000
1781138877.020669,0.000987177,0,0,0.000000
1781138877.021658,0.001004180,0,0,0.000000
1781138877.022734,0.000999013,0,0,0.000000
1781138877.023746,0.001001467,0,0,0.000000
1781138877.024702,0.000995728,0,0,0.000000
1781138877.025698,0.000999538,0,0,0.000000
1781138877.026700,0.001009719,0,0,0.000000
1781138877.027739,0.000991120,0,0,0.000000
1781138877.028972,0.000999355,0,0,0.000000
1781138877.029754,0.001014039,0,0,0.000000
1781138877.030852,0.000986704,1514,1,12.275211
1781138877.031708,0.001000966,64108,6,512.369051
1781138877.032659,0.001001975,75758,7,604.869383
1781138877.033701,0.001000697,74178,5,593.010672
1781138877.034748,0.000997948,81550,7,653.741478
1781138877.035750,0.001011352,65424,4,517.517145
1781138877.036752,0.000997254,82866,5,664.753413
1781138877.037754,0.000995760,84314,5,677.384109
1781138877.038693,0.001003484,63976,4,510.031052
1781138877.039693,0.000992288,46468,2,374.633171
1781138877.040655,0.000998243,0,0,0.000000
1781138877.041649,0.000999373,0,0,0.000000
1781138877.042687,0.001011088,0,0,0.000000
1781138877.043658,0.000996456,0,0,0.000000
1781138877.044709,0.000994569,0,0,0.000000
1781138877.045726,0.001003810,0,0,0.000000
1781138877.046777,0.000993985,0,0,0.000000
1781138877.047660,0.001002803,0,0,0.000000
1781138877.048654,0.001001398,0,0,0.000000
1781138877.049649,0.000999379,0,0,0.000000
1781138877.050653,0.000996101,0,0,0.000000
1781138877.051675,0.001011367,0,0,0.000000
1781138877.052683,0.001003708,0,0,0.000000
1781138877.053715,0.000989376,0,0,0.000000
1781138877.054692,0.000997274,0,0,0.000000
1781138877.055673,0.001008509,0,0,0.000000
1781138877.056648,0.000989888,0,0,0.000000
1781138877.057653,0.001010710,0,0,0.000000
1781138877.058679,0.000989278,0,0,0.000000
1781138877.059677,0.001000006,0,0,0.000000
1781138877.060670,0.001008556,0,0,0.000000
1781138877.061670,0.001000895,0,0,0.000000
1781138877.062668,0.000998730,0,0,0.000000
1781138877.063666,0.000991440,0,0,0.000000
1781138877.064675,0.001005062,0,0,0.000000
1781138877.065666,0.000995534,0,0,0.000000
1781138877.066692,0.001012216,0,0,0.000000
1781138877.067670,0.000987586,0,0,0.000000
1781138877.068654,0.001011001,0,0,0.000000
1781138877.069650,0.000996352,0,0,0.000000
1781138877.070664,0.000992594,0,0,0.000000
1781138877.071662,0.000999648,0,0,0.000000
1781138877.072668,0.001006116,0,0,0.000000
1781138877.073676,0.000994248,0,0,0.000000
1781138877.074708,0.001006347,0,0,0.000000
1781138877.075652,0.000996383,0,0,0.000000
1781138877.076659,0.001010155,0,0,0.000000
1781138877.077644,0.000986709,0,0,0.000000
1781138877.078667,0.001006367,0,0,0.000000
1781138877.079669,0.001002309,0,0,0.000000
1781138877.080662,0.000991514,0,0,0.000000
1781138877.081645,0.000999939,0,0,0.000000
1781138877.082661,0.000999991,0,0,0.000000
1781138877.083684,0.001006005,0,0,0.000000
1781138877.084651,0.000994403,0,0,0.000000
1781138877.085683,0.001002197,0,0,0.000000
1781138877.086662,0.000997832,0,0,0.000000
1781138877.087669,0.001005589,0,0,0.000000
1781138877.088687,0.000998372,0,0,0.000000
1781138877.089663,0.000997876,0,0,0.000000
1781138877.090681,0.000997601,0,0,0.000000
1781138877.091673,0.001000449,0,0,0.000000
1781138877.092668,0.001012345,0,0,0.000000
1781138877.093646,0.000987931,0,0,0.000000
1781138877.094677,0.001011711,0,0,0.000000
1781138877.095654,0.000988922,0,0,0.000000
1781138877.096685,0.001008202,0,0,0.000000
1781138877.097802,0.000993974,0,0,0.000000
1781138877.098708,0.001008111,0,0,0.000000
1781138877.099671,0.000997847,0,0,0.000000
1781138877.100645,0.000990525,0,0,0.000000
1781138877.101660,0.001000454,0,0,0.000000
1781138877.102798,0.001008877,0,0,0.000000
1781138877.103704,0.000992122,0,0,0.000000
1781138877.104726,0.001003003,0,0,0.000000
1781138877.105748,0.000998849,0,0,0.000000
1781138877.106679,0.001000701,0,0,0.000000
1781138877.107655,0.000999398,0,0,0.000000
1781138877.108652,0.001007757,0,0,0.000000
1781138877.109652,0.000999982,0,0,0.000000
1781138877.110667,0.000993852,0,0,0.000000
1781138877.111698,0.001006434,0,0,0.000000
1781138877.112678,0.001003702,0,0,0.000000
1781138877.113701,0.000997735,0,0,0.000000
1781138877.114731,0.000987956,0,0,0.000000
1781138877.115716,0.001000152,0,0,0.000000
1781138877.116716,0.001012545,0,0,0.000000
1781138877.117742,0.000987676,0,0,0.000000
1781138877.119105,0.000999213,0,0,0.000000
1781138877.119707,0.001001778,0,0,0.000000
1781138877.120749,0.001003547,0,0,0.000000
1781138877.121672,0.001006517,0,0,0.000000
1781138877.122689,0.000992494,0,0,0.000000
1781138877.123676,0.001008181,0,0,0.000000
1781138877.124658,0.000996017,0,0,0.000000
1781138877.125674,0.000992036,0,0,0.000000
1781138877.126680,0.001007758,0,0,0.000000
1781138877.127670,0.001004445,0,0,0.000000
1781138877.128670,0.001002768,0,0,0.000000
1781138877.129670,0.000985315,0,0,0.000000
1781138877.130708,0.001012323,0,0,0.000000
1781138877.131677,0.000999330,0,0,0.000000
1781138877.132646,0.000988120,0,0,0.000000
1781138877.133662,0.000999782,0,0,0.000000
1781138877.134667,0.001002770,0,0,0.000000
1781138877.135677,0.001002339,0,0,0.000000
1781138877.136745,0.000995409,0,0,0.000000
1781138877.137653,0.000998909,0,0,0.000000
1781138877.138781,0.001011699,0,0,0.000000
1781138877.139745,0.000988632,0,0,0.000000
1781138877.140720,0.001013345,0,0,0.000000
1781138877.141704,0.000986109,0,0,0.000000
1781138877.142679,0.001012941,0,0,0.000000
1781138877.143668,0.000999623,0,0,0.000000
1781138877.144651,0.000989206,0,0,0.000000
1781138877.145647,0.000998809,0,0,0.000000
1781138877.146690,0.001010948,0,0,0.000000
1781138877.147662,0.000988665,0,0,0.000000
1781138877.148674,0.001012130,0,0,0.000000
1781138877.149703,0.000987697,0,0,0.000000
1781138877.150688,0.001000563,0,0,0.000000
1781138877.151651,0.001003077,0,0,0.000000
1781138877.152646,0.001000238,0,0,0.000000
1781138877.153672,0.000998310,0,0,0.000000
1781138877.154777,0.001002299,0,0,0.000000
1781138877.155751,0.001002929,0,0,0.000000
1781138877.156667,0.001003704,0,0,0.000000
1781138877.157758,0.001002234,0,0,0.000000
1781138877.158699,0.000998274,0,0,0.000000
1781138877.159667,0.000990105,0,0,0.000000
1781138877.160648,0.000999739,0,0,0.000000
1781138877.161650,0.001005036,0,0,0.000000
1781138877.162689,0.001001879,0,0,0.000000
1781138877.163683,0.001003297,0,0,0.000000
1781138877.164692,0.000989011,0,0,0.000000
1781138877.165712,0.001001200,0,0,0.000000
1781138877.166698,0.001010800,0,0,0.000000
1781138877.167693,0.000990669,0,0,0.000000
1781138877.168653,0.000999506,0,0,0.000000
1781138877.169647,0.000998299,0,0,0.000000
1781138877.170687,0.001006078,0,0,0.000000
1781138877.171661,0.001002388,0,0,0.000000
1781138877.172689,0.001001644,0,0,0.000000
1781138877.173709,0.000990146,0,0,0.000000
1781138877.174703,0.001008306,0,0,0.000000
1781138877.175740,0.000991022,0,0,0.000000
1781138877.176728,0.001004279,0,0,0.000000
1781138877.177680,0.001000063,0,0,0.000000
1781138877.178726,0.000999308,0,0,0.000000
1781138877.179677,0.001007823,0,0,0.000000
1781138877.180687,0.000996856,154,1,1.235886
1781138877.181777,0.000991744,0,0,0.000000
1781138877.182717,0.001010680,0,0,0.000000
1781138877.183736,0.000989594,0,0,0.000000
1781138877.184741,0.001003716,0,0,0.000000
1781138877.185723,0.001005389,0,0,0.000000
1781138877.186721,0.000990437,0,0,0.000000
1781138877.187725,0.000999940,0,0,0.000000
1781138877.188743,0.001008817,0,0,0.000000
1781138877.189763,0.000991989,0,0,0.000000
1781138877.190674,0.001003397,0,0,0.000000
1781138877.191672,0.000998362,0,0,0.000000
1781138877.192662,0.001004946,0,0,0.000000
1781138877.193650,0.000992565,0,0,0.000000
1781138877.194666,0.001001134,0,0,0.000000
1781138877.195716,0.001003836,54,1,0.430349
1781138877.197061,0.000999244,0,0,0.000000
1781138877.197703,0.001001842,0,0,0.000000
1781138877.198900,0.000999633,202,1,1.616593
1781138877.199732,0.001005348,0,0,0.000000
1781138877.200758,0.000997290,0,0,0.000000
1781138877.201753,0.001001326,0,0,0.000000
1781138877.202724,0.000989950,0,0,0.000000
1781138877.203686,0.001000405,0,0,0.000000
1781138877.204650,0.001001256,0,0,0.000000
1781138877.205688,0.001011295,0,0,0.000000
1781138877.206695,0.000994624,0,0,0.000000
1781138877.207679,0.000992285,0,0,0.000000
1781138877.208671,0.001004742,0,0,0.000000
1781138877.209674,0.000995656,0,0,0.000000
1781138877.210683,0.001010940,0,0,0.000000
1781138877.211715,0.000991196,0,0,0.000000
1781138877.212847,0.001012346,0,0,0.000000
1781138877.213664,0.000992929,0,0,0.000000
1781138877.214678,0.000992437,0,0,0.000000
1781138877.215684,0.001007561,0,0,0.000000
1781138877.216672,0.000999823,0,0,0.000000
1781138877.217652,0.000993872,0,0,0.000000
1781138877.218702,0.001005724,0,0,0.000000
1781138877.219687,0.000996730,0,0,0.000000
1781138877.220680,0.001011228,0,0,0.000000
1781138877.221673,0.000995638,0,0,0.000000
1781138877.222692,0.001003383,0,0,0.000000
1781138877.223675,0.000997896,0,0,0.000000
1781138877.224663,0.000987801,0,0,0.000000
1781138877.225649,0.001002151,0,0,0.000000
1781138877.226680,0.000998897,0,0,0.000000
1781138877.227678,0.000998939,0,0,0.000000
1781138877.228650,0.001005444,0,0,0.000000
1781138877.229652,0.001001991,0,0,0.000000
1781138877.230673,0.000993128,0,0,0.000000
1781138877.231655,0.001005491,0,0,0.000000
1781138877.232655,0.000994208,0,0,0.000000
1781138877.233747,0.001004982,0,0,0.000000
1781138877.234694,0.000995614,0,0,0.000000
1781138877.235703,0.001006535,0,0,0.000000
1781138877.236674,0.001005399,0,0,0.000000
1781138877.237650,0.000992865,0,0,0.000000
1781138877.238683,0.001000236,0,0,0.000000
1781138877.239682,0.000995604,0,0,0.000000
1781138877.240717,0.000998974,0,0,0.000000
1781138877.241667,0.001007882,0,0,0.000000
1781138877.242710,0.001000548,0,0,0.000000
1781138877.243681,0.000996288,0,0,0.000000
1781138877.244675,0.001002717,0,0,0.000000
1781138877.245743,0.000993540,0,0,0.000000
1781138877.246727,0.000998708,0,0,0.000000
1781138877.247707,0.001008358,0,0,0.000000
1781138877.248728,0.000993386,0,0,0.000000
1781138877.249669,0.001010100,0,0,0.000000
1781138877.250700,0.001000058,1514,1,12.111298
1781138877.251730,0.000999314,93266,9,746.640195
1781138877.252714,0.000996322,106364,10,854.053208
1781138877.253695,0.001002915,129532,10,1033.244093
1781138877.254718,0.000993217,107614,7,866.791446
1781138877.255741,0.001001308,125056,8,999.141123
1781138877.257486,0.000995362,122094,7,981.303285
1781138877.258270,0.001008433,223916,7,1776.348057
1781138877.258704,0.000991399,87462,9,705.766296
1781138877.259875,0.001008767,101954,9,808.543499
1781138877.260742,0.000991822,128084,10,1033.120862
1781138877.261685,0.001004699,125122,9,996.294413
1781138877.262715,0.000994296,109128,8,878.032296
1781138877.263740,0.001011607,122094,7,965.544920
1781138877.264741,0.000993052,90370,9,728.018271
1781138877.265724,0.000996752,113604,10,911.793505
1781138877.266761,0.000999294,80036,6,640.740363
1781138877.267722,0.001000077,125122,9,1000.898931
1781138877.268705,0.001008080,125056,8,992.429172
1781138877.269709,0.000991776,107614,7,868.050850
1781138877.270689,0.001002444,125056,8,998.008866
1781138877.271835,0.000998618,119462,11,957.018600
1781138877.272688,0.000998760,117882,9,944.226841
1781138877.273734,0.001006611,125188,10,994.926541
1781138877.274742,0.000999970,116368,8,930.971929
1781138877.275712,0.001005386,123608,8,983.566511
1781138877.276737,0.000987894,110642,9,895.982767
1781138877.277715,0.001000136,113670,11,909.236344
1781138877.278798,0.001012433,129532,10,1023.530446
1781138877.279937,0.000995885,122160,8,981.318124
1781138877.280821,0.000991953,112024,8,903.462160
1781138877.281717,0.001005981,126504,8,1006.015024
1781138877.282720,0.001006552,125056,8,993.935733
1781138877.283741,0.000992609,106100,6,855.120193
1781138877.284662,0.000996684,111958,7,898.643903
1781138877.285687,0.001007135,125254,11,994.933152
1781138877.286710,0.001002799,112090,9,894.217086
1781138877.287689,0.000987706,130914,9,1060.347917
1781138877.288663,0.001012611,122160,8,965.109010
1781138877.289656,0.000990061,109062,7,881.254791
1781138877.290707,0.001008656,124990,7,991.338970
1781138877.291686,0.000990171,113406,7,916.253859
1781138877.292656,0.001004415,126702,11,1009.160556
1781138877.293649,0.000996199,113538,9,911.769636
1781138877.294680,0.001006657,126570,9,1005.863964
1781138877.295709,0.000992183,123608,8,996.654851
1781138877.296765,0.001008866,109062,7,864.828431
1781138877.297736,0.000995903,124990,7,1004.033525
1781138877.298715,0.001003424,107680,8,858.500494
1781138877.299772,0.001003536,126768,12,1010.570622
1781138877.300708,0.000994756,117882,9,948.027456
1781138877.301774,0.000993096,125122,9,1007.934782
1781138877.302845,0.001007416,126504,8,1004.582020
1781138877.303863,0.000996046,107614,7,864.329559
1781138877.304693,0.001001103,125056,8,999.345722
1781138877.305801,0.001006781,124990,7,993.185211
1781138877.306803,0.000994214,112024,8,901.407544
1781138877.307681,0.000994748,123806,11,995.677297
1781138877.308895,0.001000631,116434,9,930.884612
1781138877.309849,0.000999463,125122,9,1001.513813
1781138877.311021,0.001012434,127952,8,1011.044671
1781138877.311705,0.000988749,106166,7,858.992525
1781138877.314962,0.001003497,125056,8,996.961625
1781138877.315141,0.001006714,125056,8,993.775789
1781138877.318229,0.000988410,112090,9,907.234852
1781138877.318458,0.001005254,129532,10,1030.839967
1781138877.318566,0.001002367,126636,10,1010.695683
1781138877.318629,0.000999177,113406,7,907.995280
1781138877.318734,0.000996725,129400,8,1038.601420
1781138877.319788,0.001002193,116632,12,931.014286
1781138877.320813,0.001005173,123806,11,985.350780
1781138877.321828,0.000992177,113538,9,915.465688
1781138877.322928,0.000997126,117816,8,945.244633
1781138877.323768,0.001003695,125056,8,996.764953
1781138877.324728,0.001004611,126636,10,1008.438092
1781138877.325759,0.000991755,123806,11,998.682134
1781138877.326791,0.001000069,115052,10,920.352496
1781138877.327800,0.001000503,125188,10,1001.000497
1781138877.328744,0.001006474,125056,8,994.012761
1781138877.329732,0.000997410,114854,7,921.217955
1781138877.330764,0.001001371,132296,8,1056.918964
1781138877.331718,0.000993778,109392,12,880.615188
1781138877.332769,0.001005484,117948,10,938.437608
1781138877.333726,0.001004447,125188,10,997.070030
1781138877.334799,0.000990902,112024,8,904.420417
1781138877.335760,0.000999245,125056,8,1001.203909
1781138877.336773,0.001012699,125056,8,987.902625
1781138877.337828,0.001002652,112024,8,893.821585
1781138877.338706,0.000996236,109326,11,877.912463
1781138877.339717,0.000997640,117882,9,945.286877
1781138877.340664,0.000995517,126570,9,1017.119748
1781138877.341652,0.000994581,127952,8,1029.193198
1781138877.342725,0.001007086,106166,7,843.352008
1781138877.344386,0.001000592,107548,6,859.874954
1781138877.344671,0.000997811,107812,10,864.388146
1781138877.345705,0.000995572,133942,11,1076.301865
1781138877.346853,0.001001953,109194,9,871.849278
1781138877.347716,0.001004212,125122,9,996.777573
1781138877.348692,0.001003286,128018,9,1020.789685
1781138877.349670,0.000990230,107614,7,869.406098
1781138877.350722,0.001013233,125056,8,987.381974
1781138877.351689,0.000987259,125056,8,1013.359210
1781138877.352701,0.001005311,123476,6,982.589467
1781138877.353710,0.001004904,113472,8,903.345991
1781138877.354779,0.000996348,112024,8,899.476890
1781138877.355822,0.001002127,129532,10,1034.056562
1781138877.356694,0.000999073,125188,10,1002.433256
1781138877.357691,0.000996384,109062,7,875.662395
1781138877.358869,0.001006279,119396,10,949.207923
1781138877.359717,0.001000736,115118,11,920.266684
1781138877.360686,0.000989104,106364,10,860.285673
1781138877.361683,0.000998546,126636,10,1014.563175
1781138877.362727,0.001007694,129400,8,1027.295985
1781138877.363693,0.001003135,122160,8,974.225802
1781138877.364668,0.000998107,109062,7,874.150767
1781138877.365644,0.000991482,62528,4,504.521514
1781138877.366712,0.001010620,78390,3,620.529972
1781138877.367664,0.000990941,0,0,0.000000
1781138877.369222,0.001012334,0,0,0.000000
1781138877.369724,0.000989591,0,0,0.000000
1781138877.370759,0.001000855,0,0,0.000000
1781138877.371673,0.001004860,0,0,0.000000
1781138877.372732,0.000990545,0,0,0.000000
1781138877.373745,0.001000589,0,0,0.000000
1781138877.374732,0.001011478,0,0,0.000000
1781138877.375720,0.000991285,0,0,0.000000
1781138877.376693,0.001010536,0,0,0.000000
1781138877.377729,0.000986586,0,0,0.000000
1781138877.378723,0.001000935,0,0,0.000000
1781138877.379800,0.001014217,0,0,0.000000
1781138877.380769,0.000986156,0,0,0.000000
1781138877.381722,0.000998859,0,0,0.000000
1781138877.382725,0.001004524,0,0,0.000000
1781138877.383711,0.001004253,0,0,0.000000
1781138877.384670,0.000995538,0,0,0.000000
1781138877.385727,0.000995819,0,0,0.000000
1781138877.386806,0.000999612,0,0,0.000000
1781138877.387760,0.001000465,0,0,0.000000
1781138877.388682,0.000999629,0,0,0.000000
1781138877.389690,0.001001518,0,0,0.000000
1781138877.390704,0.001009586,0,0,0.000000
1781138877.391719,0.000988131,0,0,0.000000
1781138877.392656,0.001010610,0,0,0.000000
1781138877.393704,0.000990261,0,0,0.000000
1781138877.394765,0.001007911,0,0,0.000000
1781138877.395832,0.001005982,0,0,0.000000
1781138877.396700,0.000987133,0,0,0.000000
1781138877.397919,0.001008896,0,0,0.000000
1781138877.398869,0.000992396,0,0,0.000000
1781138877.399796,0.001002784,0,0,0.000000
1781138877.400704,0.000993877,0,0,0.000000
1781138877.401723,0.001007842,0,0,0.000000
1781138877.402721,0.000993298,0,0,0.000000
1781138877.403708,0.001009531,0,0,0.000000
1781138877.404672,0.000990046,0,0,0.000000
1781138877.405976,0.001006652,0,0,0.000000
1781138877.406707,0.000993528,0,0,0.000000
1781138877.407707,0.001000248,0,0,0.000000
1781138877.408665,0.001004544,0,0,0.000000
1781138877.409662,0.001000399,0,0,0.000000
1781138877.411014,0.000994589,0,0,0.000000
1781138877.411997,0.001001502,0,0,0.000000
1781138877.412689,0.001005217,0,0,0.000000
1781138877.413680,0.000993621,0,0,0.000000
1781138877.414679,0.001013266,0,0,0.000000
1781138877.415665,0.000988768,0,0,0.000000
1781138877.416667,0.001003557,0,0,0.000000
1781138877.417683,0.000996181,0,0,0.000000
1781138877.418684,0.001002438,0,0,0.000000
1781138877.419671,0.000994814,0,0,0.000000
1781138877.420675,0.001010530,0,0,0.000000
1781138877.421678,0.001005364,0,0,0.000000
1781138877.422690,0.000995235,0,0,0.000000
1781138877.423715,0.000995134,0,0,0.000000
1781138877.424712,0.001004909,0,0,0.000000
1781138877.425717,0.000989313,0,0,0.000000
1781138877.426686,0.001004481,0,0,0.000000
1781138877.427702,0.000996633,0,0,0.000000
1781138877.428676,0.000999307,0,0,0.000000
1781138877.429676,0.001010037,0,0,0.000000
1781138877.430751,0.001001768,0,0,0.000000
1781138877.431673,0.000987367,0,0,0.000000
1781138877.432661,0.001014092,0,0,0.000000
1781138877.433645,0.000986084,0,0,0.000000
1781138877.434687,0.001003945,0,0,0.000000
1781138877.435659,0.000996237,0,0,0.000000
1781138877.436674,0.001013406,0,0,0.000000
1781138877.437662,0.000988418,0,0,0.000000
1781138877.438670,0.001005516,0,0,0.000000
1781138877.439672,0.000994158,0,0,0.000000
1781138877.440662,0.001000717,0,0,0.000000
1781138877.441664,0.001010358,0,0,0.000000
1781138877.442687,0.000991763,0,0,0.000000
1781138877.443682,0.000999915,0,0,0.000000
1781138877.444660,0.000998072,0,0,0.000000
1781138877.445698,0.000999013,0,0,0.000000
1781138877.446684,0.000998474,0,0,0.000000
1781138877.447673,0.001005053,0,0,0.000000
1781138877.448658,0.001000444,0,0,0.000000
1781138877.449682,0.001001199,0,0,0.000000
1781138877.450676,0.001007043,0,0,0.000000
1781138877.451679,0.000986845,0,0,0.000000
1781138877.452649,0.001002457,0,0,0.000000
1781138877.453645,0.000997776,0,0,0.000000
1781138877.454711,0.001008593,0,0,0.000000
1781138877.455683,0.000998008,0,0,0.000000
1781138877.456650,0.000992657,0,0,0.000000
1781138877.457678,0.001008217,0,0,0.000000
1781138877.458685,0.000993042,0,0,0.000000
1781138877.459682,0.001003262,0,0,0.000000
1781138877.460682,0.000999096,0,0,0.000000
1781138877.462231,0.001001435,0,0,0.000000
1781138877.462791,0.001007009,0,0,0.000000
1781138877.463715,0.001001488,0,0,0.000000
1781138877.464764,0.001001351,0,0,0.000000
1781138877.465686,0.000987567,0,0,0.000000
1781138877.466695,0.000999778,0,0,0.000000
1781138877.467683,0.000998527,0,0,0.000000
1781138877.468666,0.001002183,0,0,0.000000
1781138877.469662,0.001003101,0,0,0.000000
1781138877.470650,0.000995148,0,0,0.000000
1781138877.471666,0.000999661,0,0,0.000000
1781138877.472666,0.001009622,0,0,0.000000
1781138877.473705,0.001002449,0,0,0.000000
1781138877.474700,0.000990756,0,0,0.000000
1781138877.475664,0.000999577,0,0,0.000000
1781138877.476648,0.000997471,0,0,0.000000
1781138877.477656,0.001012137,0,0,0.000000
1781138877.478673,0.000994237,0,0,0.000000
1781138877.479690,0.001002067,0,0,0.000000
1781138877.480646,0.000991122,0,0,0.000000
1781138877.481673,0.001010841,0,0,0.000000
1781138877.482666,0.000990773,0,0,0.000000
1781138877.483685,0.001008219,0,0,0.000000
1781138877.484691,0.000998214,0,0,0.000000
1781138877.485677,0.000999993,0,0,0.000000
1781138877.486685,0.000993006,0,0,0.000000
1781138877.487699,0.001010855,0,0,0.000000
1781138877.488653,0.000988856,0,0,0.000000
1781138877.489672,0.001006703,0,0,0.000000
1781138877.490680,0.001005114,0,0,0.000000
1781138877.491665,0.000990901,0,0,0.000000
1781138877.492661,0.000996652,0,0,0.000000
1781138877.493661,0.001000742,0,0,0.000000
1781138877.494661,0.000998671,0,0,0.000000
1781138877.495658,0.001012025,0,0,0.000000
1781138877.496672,0.000998397,0,0,0.000000
1781138877.497647,0.000989817,0,0,0.000000
1781138877.498697,0.001011342,0,0,0.000000
1781138877.499692,0.001000175,0,0,0.000000
1781138877.500645,0.000988270,0,0,0.000000
1781138877.501771,0.001005135,0,0,0.000000
1781138877.502757,0.001003921,0,0,0.000000
1781138877.503695,0.000991755,0,0,0.000000
1781138877.504670,0.001001496,0,0,0.000000
1781138877.505674,0.001003439,0,0,0.000000
1781138877.506681,0.001005217,0,0,0.000000
1781138877.507662,0.000989203,0,0,0.000000
1781138877.508672,0.001014252,0,0,0.000000
1781138877.509680,0.000985851,0,0,0.000000
1781138877.510700,0.001010265,0,0,0.000000
1781138877.511667,0.000997894,0,0,0.000000
1781138877.512720,0.000998997,0,0,0.000000
1781138877.513689,0.001003094,0,0,0.000000
1781138877.514693,0.000992530,0,0,0.000000
1781138877.515648,0.000999718,0,0,0.000000
1781138877.516663,0.000998871,0,0,0.000000
1781138877.517659,0.000998492,0,0,0.000000
1781138877.518687,0.001003601,0,0,0.000000
1781138877.519658,0.000996655,0,0,0.000000
1781138877.520659,0.001008765,0,0,0.000000
1781138877.521706,0.000998967,0,0,0.000000
1781138877.522690,0.000998496,0,0,0.000000
1781138877.523673,0.001004666,0,0,0.000000
1781138877.524648,0.000992076,0,0,0.000000
1781138877.525660,0.001004493,0,0,0.000000
1781138877.526671,0.000993259,0,0,0.000000
1781138877.527758,0.001000204,0,0,0.000000
1781138877.528665,0.001009401,0,0,0.000000
1781138877.529660,0.000989491,0,0,0.000000
1781138877.530696,0.001000141,0,0,0.000000
1781138877.531668,0.000999916,0,0,0.000000
1781138877.532665,0.000999550,0,0,0.000000
1781138877.533643,0.000999972,0,0,0.000000
1781138877.534681,0.001000329,0,0,0.000000
1781138877.535761,0.001011370,0,0,0.000000
1781138877.536671,0.001001374,0,0,0.000000
1781138877.537662,0.000986871,0,0,0.000000
1781138877.538680,0.001000115,0,0,0.000000
1781138877.539678,0.001000267,0,0,0.000000
1781138877.540674,0.001013873,0,0,0.000000
1781138877.541671,0.000992232,0,0,0.000000
1781138877.542696,0.001006102,0,0,0.000000
1781138877.543678,0.000987426,0,0,0.000000
1781138877.544645,0.001000672,0,0,0.000000
1781138877.545659,0.000999362,0,0,0.000000
1781138877.546680,0.001006751,0,0,0.000000
1781138877.547650,0.000994435,0,0,0.000000
1781138877.548648,0.001000091,0,0,0.000000
1781138877.549667,0.001006759,0,0,0.000000
1781138877.550801,0.001004066,0,0,0.000000
1781138877.551663,0.000989069,0,0,0.000000
1781138877.552667,0.000999990,0,0,0.000000
1781138877.553684,0.001000375,0,0,0.000000
1781138877.554667,0.000999409,0,0,0.000000
1781138877.555680,0.001012141,0,0,0.000000
1781138877.556672,0.000999484,0,0,0.000000
1781138877.557667,0.000996154,0,0,0.000000
1781138877.558667,0.000994976,0,0,0.000000
1781138877.559663,0.000996734,0,0,0.000000
1781138877.560646,0.000999935,0,0,0.000000
1781138877.561644,0.000999766,0,0,0.000000
1781138877.562679,0.001000552,0,0,0.000000
1781138877.563669,0.001002887,0,0,0.000000
1781138877.564724,0.000998542,0,0,0.000000
1781138877.565702,0.001003139,0,0,0.000000
1781138877.566741,0.001000437,0,0,0.000000
1781138877.567722,0.001001189,0,0,0.000000
1781138877.568760,0.001004395,0,0,0.000000
1781138877.569751,0.000999398,0,0,0.000000
1781138877.570688,0.000989624,0,0,0.000000
1781138877.571692,0.001011550,0,0,0.000000
1781138877.572670,0.000998542,0,0,0.000000
1781138877.573661,0.000989531,0,0,0.000000
1781138877.574689,0.001000820,1514,1,12.102076
1781138877.575699,0.000999664,87342,7,698.970854
1781138877.576653,0.001004547,109260,10,870.123548
1781138877.577652,0.001004962,109128,8,868.713444
1781138877.578683,0.000989996,94582,7,764.302078
1781138877.579656,0.001001062,142498,9,1138.774621
1781138877.580668,0.001012260,107614,7,850.485053
1781138877.581653,0.000987400,123542,7,1000.947944
1781138877.582700,0.001005014,113604,10,904.297851
1781138877.583706,0.000999846,113604,10,908.971982
1781138877.584652,0.000996829,128150,11,1028.461251
1781138877.585683,0.001011682,110510,7,873.871434
1781138877.586852,0.000994849,125056,8,1005.627990
1781138877.587894,0.000995585,117750,7,946.177373
1781138877.588723,0.001002446,123608,8,986.451141
1781138877.589734,0.000993511,107812,10,868.129291
1781138877.590740,0.001003579,123740,10,986.389711
1781138877.591711,0.001011737,129532,10,1024.234559
1781138877.592675,0.000985439,109062,7,885.388137
1781138877.593652,0.000998683,125056,8,1001.767328
1781138877.594689,0.001001106,125056,8,999.342727
1781138877.595718,0.001004354,123542,7,984.051440
1781138877.596678,0.000995318,87342,7,702.022871
1781138877.597740,0.001008623,112090,9,889.053690
1781138877.598690,0.001003451,120778,9,962.901029
1781138877.599726,0.000988584,132428,10,1071.658048
1781138877.600723,0.001005185,111958,7,891.043937
1781138877.601686,0.000994326,125056,8,1006.156934
1781138877.602776,0.001005327,126504,8,1006.669472
1781138877.603697,0.000994403,106232,8,854.639417
1781138877.604655,0.001000306,128150,11,1024.886385
1781138877.605692,0.001014080,122226,9,964.231619
1781138877.606727,0.001000109,120778,9,966.118693
1781138877.607675,0.000997679,106166,7,851.303876
1781138877.608649,0.000987621,112288,12,909.563486
1781138877.609704,0.001003443,115052,10,917.257881
1781138877.610707,0.001006533,103336,8,821.322301
1781138877.611668,0.000998254,133810,9,1072.352327
1781138877.612654,0.000993146,111958,7,901.845247
1781138877.613708,0.001017356,72994,9,573.989832
1781138877.614697,0.000982306,101954,9,830.323748
1781138877.615810,0.001010980,87342,7,691.147204
1781138877.616733,0.000988916,116368,8,941.378236
1781138877.617677,0.000999444,125056,8,1001.004559
1781138877.618718,0.001011260,126504,8,1000.763404
1781138877.619696,0.001000668,125056,8,999.780147
1781138877.620667,0.000995664,107548,6,864.130871
1781138877.621681,0.001004420,122094,7,972.453754
1781138877.622669,0.000987731,114986,9,931.314295
1781138877.623673,0.001000237,112090,9,896.507528
1781138877.624671,0.001003147,130914,9,1044.026449
1781138877.625657,0.001004839,122160,8,972.573716
1781138877.626705,0.000994233,109062,7,877.556870
1781138877.627676,0.001008753,122160,8,968.800093
1781138877.628699,0.000993076,81550,7,656.948713
1781138877.629690,0.001005098,129598,11,1031.525284
1781138877.630718,0.000991677,110642,9,892.564817
1781138877.631722,0.000999745,126570,9,1012.818269
1781138877.632682,0.001003009,114854,7,916.075529
1781138877.633758,0.000996172,129400,8,1039.177973
1781138877.634863,0.001013254,106166,7,838.218255
1781138877.635736,0.000986869,123806,11,1003.626621
1781138877.636726,0.001007006,119396,10,948.522650
1781138877.637726,0.000993254,116434,9,937.798388
1781138877.638729,0.001005267,98926,7,787.261494
1781138877.639903,0.001007499,126438,7,1003.975190
1781138877.640695,0.000992730,116302,7,937.229660
1781138877.641746,0.000994745,77272,8,621.441676
1781138877.642882,0.001007573,125254,11,994.500647
1781138877.643722,0.000997836,125122,9,1003.146810
1781138877.644692,0.001001166,114854,7,917.761890
1781138877.645758,0.001003951,127952,8,1019.587609
1781138877.646844,0.000995993,125056,8,1004.472923
1781138877.647798,0.001005217,106298,9,845.970572
1781138877.648755,0.000993621,113670,11,915.198048
1781138877.649744,0.000995571,125254,11,1006.489743
1781138877.650729,0.001009177,122160,8,968.393057
1781138877.651754,0.000993854,116368,8,936.700964
1781138877.652734,0.000995441,123608,8,993.392878
1781138877.653762,0.001001839,113406,7,905.582634
1781138877.654762,0.001000183,123608,8,988.683071
1781138877.655782,0.000999214,112156,10,897.953792
1781138877.656720,0.001008930,125188,10,992.639727
1781138877.657727,0.000991652,120778,9,974.357940
1781138877.658808,0.001011135,97478,7,771.236284
1781138877.659983,0.000998782,129400,8,1036.462411
1781138877.660904,0.000994110,127952,8,1029.680820
1781138877.661736,0.000995397,103468,10,831.571725
1781138877.663001,0.000999331,125254,11,1002.702808
1781138877.663753,0.001006433,128084,10,1018.122418
1781138877.664757,0.000998183,117816,8,944.243691
1781138877.665722,0.001008309,125056,8,992.203779
1781138877.668545,0.000986631,113406,7,919.541348
1781138877.668646,0.001008080,122160,8,969.446869
1781138877.668795,0.001003134,103402,9,824.631605
1781138877.669958,0.000991668,128084,10,1033.281300
1781138877.670794,0.001005421,101888,8,810.709146
1781138877.671708,0.000993079,109128,8,879.108309
1781138877.673056,0.000999904,127952,8,1023.714277
1781138877.673723,0.000999105,125056,8,1001.344203
1781138877.674756,0.001005746,125056,8,994.732268
1781138877.675712,0.000995549,107614,7,864.761051
1781138877.676730,0.000998688,125254,11,1003.348393
1781138877.680165,0.001007072,114920,8,912.903943
1781138877.680321,0.001002693,135324,10,1079.684410
1781138877.680397,0.000994325,109208,8,878.650341
1781138877.680992,0.001003280,109128,8,870.169843
1781138877.681887,0.000993060,119462,11,962.374882
1781138877.683050,0.001006107,126636,10,1006.938626
1781138877.685380,0.001003036,122226,9,974.848360
1781138877.685517,0.000990087,123608,8,998.764755
1781138877.685900,0.001005595,110510,7,879.161094
1781138877.686806,0.000997976,126504,8,1014.084507
1781138877.687746,0.001008082,120976,12,960.048885
1781138877.688670,0.000999161,122292,10,979.157513
1781138877.689764,0.000989114,116434,9,941.723603
1781138877.693702,0.001000938,110576,8,883.779015
1781138877.694425,0.000999312,126504,8,1012.728757
1781138877.694455,0.000999937,128084,10,1024.736558
1781138877.694471,0.001001190,113724,12,908.710634
1781138877.694708,0.001001790,103336,8,825.210873
1781138877.695850,0.000998299,112090,9,898.247920
1781138877.697169,0.000998848,129668,10,1038.540399
1781138877.697688,0.001011807,130848,8,1034.568846
1781138877.698710,0.000991989,123608,8,996.849763
1781138877.699688,0.000996237,100506,9,807.085061
1781138877.700667,0.000999369,122358,11,979.482053
1781138877.701644,0.001000008,120844,10,966.744266
1781138877.702715,0.001012818,132428,10,1046.016165
1781138877.703684,0.000992024,111958,7,902.865253
1781138877.704696,0.001006565,122424,12,973.004227
1781138877.705666,0.000992691,115052,10,927.192853
1781138877.706673,0.000995939,120778,9,970.163835
1781138877.707697,0.001000810,122226,9,977.016617
1781138877.708678,0.001005951,117816,8,936.952197
1781138877.709679,0.001005168,132296,8,1052.926476
1781138877.710936,0.001002153,128018,9,1021.943755
1781138877.711696,0.000987097,126702,11,1026.865647
1781138877.712674,0.000999379,125188,10,1002.126320
1781138877.713685,0.001010722,126636,10,1002.340901
1781138877.714695,0.000999262,110576,8,885.261323
1781138877.715685,0.000994513,125056,8,1005.967745
1781138877.716770,0.001006926,124990,7,993.042190
1781138877.718843,0.000988098,112156,10,908.055679
1781138877.719257,0.001000627,125254,11,1001.404120
1781138877.722501,0.001000065,113538,9,908.244964
1781138877.722628,0.001004242,113472,8,903.941480
1781138877.723280,0.001002686,109062,7,870.158754
1781138877.723710,0.001006879,90370,9,718.020735
1781138877.723867,0.000987056,115118,11,933.021024
1781138877.724770,0.001001771,126636,10,1011.296993
1781138877.725991,0.001010218,90172,6,714.079535
1781138877.727869,0.000991713,125188,10,1009.872816
1781138877.728043,0.000999307,120712,8,966.365691
1781138877.728747,0.000995290,107812,10,866.577580
1781138877.729795,0.001001842,94648,8,755.791831
1781138877.732453,0.001002865,128084,10,1021.744701
1781138877.732629,0.001001198,112024,8,895.119647
1781138877.732728,0.001003924,98860,6,787.788717
1781138877.734046,0.000990294,109062,7,881.047447
1781138877.734687,0.001001214,99058,9,791.503115
1781138877.735693,0.001006468,101954,9,810.390395
1781138877.736699,0.000993095,114986,9,926.283991
1781138877.737668,0.001009621,110576,8,876.178289
1781138877.738709,0.000997418,114854,7,921.210566
1781138877.739686,0.000999375,126504,8,1012.664916
1781138877.740673,0.000993636,81550,7,656.578465
1781138877.741864,0.000999846,65556,6,524.528777
1781138877.742884,0.001012693,112090,9,885.480595
1781138877.743735,0.000992854,116434,9,938.176207
1781138877.744828,0.001003818,123608,8,985.102877
1781138877.746444,0.000989987,128018,9,1034.502473
1781138877.747098,0.001001058,109260,10,873.156201
1781138877.747776,0.000998948,120910,11,968.298650
1781138877.748720,0.001004908,125188,10,996.612625
1781138877.749731,0.001003391,103270,7,823.367959
1781138877.750741,0.000992232,113460,8,914.786058
1781138877.751754,0.001010756,126504,8,1001.262421
1781138877.752748,0.000990624,129400,8,1044.997900
1781138877.753698,0.001010876,116500,10,921.972626
1781138877.754667,0.000992403,114986,9,926.929886
1781138877.755699,0.001010882,129532,10,1025.100853
1781138877.756667,0.000996277,110576,8,887.913703
1781138877.758021,0.000989636,127952,8,1034.335857
1781138877.759729,0.000998937,125056,8,1001.512608
1781138877.759941,0.000999622,112156,10,897.587288
1781138877.760742,0.001006273,125320,12,996.310146
1781138877.761697,0.000998648,120844,10,968.060818
1781138877.763225,0.000995088,112090,9,901.146431
1781138877.763769,0.001012987,136706,9,1079.626886
1781138877.764735,0.000999001,109062,7,873.368495
1781138877.765766,0.000991104,122160,8,986.051918
1781138877.766731,0.001006498,127952,8,1017.007485
1781138877.767733,0.000999652,119264,8,954.444147
1781138877.768702,0.000991907,110642,9,892.357852
1781138877.769706,0.001002989,129598,11,1033.694288
1781138877.770784,0.000995662,112024,8,900.096619
1781138877.771688,0.001002551,123608,8,986.347827
1781138877.772673,0.001001951,130848,8,1044.745701
1781138877.773667,0.001003791,107614,7,857.660609
1781138877.774934,0.001000353,133810,9,1070.102254
1781138877.775776,0.000991673,103402,9,834.162068
1781138877.776771,0.001005998,125188,10,995.532794
1781138877.777737,0.001002151,125188,10,999.354389
1781138877.778802,0.000995722,125056,8,1004.746305
1781138877.779760,0.001000443,119198,7,953.161749
1781138877.780723,0.000999145,112288,12,899.072707
1781138877.781708,0.000997615,117948,10,945.839828
1781138877.782695,0.000998337,128084,10,1026.378868
1781138877.783758,0.001005941,123674,9,983.548737
1781138877.784675,0.000996333,81484,6,654.271213
1781138877.785657,0.001002919,127952,8,1020.636761
1781138877.786723,0.001003344,101822,7,811.861136
1781138877.787690,0.000993427,96228,10,774.917533
1781138877.788683,0.001011879,103468,10,818.026661
1781138877.789647,0.000988051,125188,10,1013.615694
1781138877.790747,0.001006627,93134,7,740.166914
1781138877.791685,0.000991242,127952,8,1032.660037
1781138877.792674,0.001003673,109062,7,869.303050
1781138877.793655,0.000997166,126504,8,1014.908250
1781138877.794768,0.001000909,123674,9,988.493459
1781138877.795676,0.000998530,119396,10,956.574164
1781138877.796658,0.001009212,126636,10,1003.840620
1781138877.797662,0.001000803,117882,9,942.299334
1781138877.798714,0.000991855,110510,7,891.339964
1781138877.799672,0.000998307,126504,8,1013.748276
1781138877.800672,0.001003509,130848,8,1043.123679
1781138877.801650,0.000995829,109062,7,876.150423
1781138877.802715,0.001005598,124990,7,994.353608
1781138877.803685,0.001003135,106100,6,846.147328
1781138877.804754,0.000991631,123806,11,998.807016
1781138877.805774,0.001000504,126636,10,1012.577661
1781138877.806734,0.001009785,114920,8,910.451235
1781138877.807675,0.000993788,127952,8,1030.014450
1781138877.808662,0.000997354,126504,8,1014.716941
1781138877.809665,0.001008565,126504,8,1003.437557
1781138877.810702,0.000991554,107614,7,868.245199
1781138877.811683,0.001006003,124990,7,993.953298
1781138877.812654,0.000992191,126438,7,1019.465002
1781138877.813678,0.000999936,95964,6,767.761137
1781138877.814692,0.001001259,112090,9,895.592449
1781138877.815700,0.001005860,97412,6,774.755930
1781138877.816680,0.001006261,135258,9,1075.331350
1781138877.817658,0.000991305,110510,7,891.834501
1781138877.818686,0.000996750,117750,7,945.071482
1781138877.819655,0.001004266,125056,8,996.198218
1781138877.820661,0.001007835,125056,8,992.670427
1781138877.821669,0.000992947,107680,8,867.558893
1781138877.822805,0.000994475,125188,10,1007.068051
1781138877.824716,0.001002105,91686,7,731.947251
1781138877.825130,0.000998335,113406,7,908.761087
1781138877.825689,0.001004295,125056,8,996.169452
1781138877.826769,0.001001860,126504,8,1010.153115
1781138877.827731,0.001000050,127952,8,1023.564822
1781138877.828725,0.000993507,122160,8,983.666950
1781138877.829701,0.000998837,106100,6,849.788304
1781138877.830705,0.001006482,117882,9,936.982480
1781138877.831732,0.001008009,122358,11,971.086568
1781138877.832742,0.000988233,98926,7,800.831383
1781138877.834085,0.000997995,125122,9,1002.986989
1781138877.834801,0.001001618,111958,7,894.217157
1781138877.835746,0.001008535,129400,8,1026.439340
1781138877.836715,0.000989798,109062,7,881.488950
1781138877.837736,0.001000630,125122,9,1000.345782
1781138877.839142,0.001013778,126636,10,999.319378
1781138877.839667,0.000985867,103336,8,838.539073
1781138877.840690,0.001008149,100440,8,797.025043
1781138877.841661,0.000992049,112024,8,903.374732
1781138877.842703,0.001014936,93068,6,733.587142
1781138877.843668,0.000984393,144012,10,1170.361837
1781138877.844671,0.001008646,129664,12,1028.420278
1781138877.845660,0.000992291,119396,10,962.588595
1781138877.846678,0.000999518,122226,9,978.279531
1781138877.847689,0.001008738,123674,9,980.821581
1781138877.848657,0.000991629,110510,7,891.543107
1781138877.849667,0.001011401,127952,8,1012.077307
1781138877.850712,0.001000065,127952,8,1023.549469
1781138877.851772,0.000999580,106100,6,849.156646
1781138877.852696,0.000988372,123476,6,999.429365
1781138877.853727,0.001010501,136640,8,1081.760434
1781138877.854748,0.000990077,133876,10,1081.742127
1781138877.855718,0.001000209,112090,9,896.532625
1781138877.856694,0.001000976,117816,8,941.608990
1781138877.857684,0.001000500,123608,8,988.369815
1781138877.858763,0.000999054,109062,7,873.322163
1781138877.859712,0.001004782,125056,8,995.686627
1781138877.860719,0.000998006,127886,7,1025.132113
1781138877.861722,0.000995722,123542,7,992.582267
1781138877.862701,0.000999783,97544,8,780.521373
1781138877.863691,0.001000353,122358,11,978.518583
1781138877.864670,0.001000826,128084,10,1023.826319
1781138877.865703,0.000999509,126504,8,1012.529152
1781138877.866699,0.001006171,111958,7,890.170756
1781138877.867711,0.001000190,125056,8,1000.257951
1781138877.868665,0.001001605,124990,7,998.317700
1781138877.869656,0.000991187,104718,7,845.192683
1781138877.871924,0.001005271,104586,5,832.300942
1781138877.871972,0.000997785,116368,8,933.010619
1781138877.872700,0.001004420,126570,9,1008.104180
1781138877.873684,0.000996150,125122,9,1004.844652
1781138877.874699,0.001003606,93068,6,741.868821
1781138877.875660,0.000995919,97412,6,782.489339
1781138877.876668,0.001004513,106364,10,847.089087
1781138877.877649,0.000992009,119528,12,963.926739
1781138877.878709,0.001009322,130980,10,1038.162251
1781138877.879710,0.000995396,113538,9,912.505174
1781138877.880700,0.000995692,120778,9,970.404503
1781138877.881705,0.001000691,128084,10,1023.964441
1781138877.882696,0.001001149,121042,13,967.224659
1781138877.883728,0.000999394,82998,7,664.386618
1781138877.884662,0.000999187,126636,10,1013.912311
1781138877.886662,0.001000319,126570,9,1012.237096
1781138877.886705,0.001001428,110510,7,882.819334
1781138877.887685,0.001014712,63910,3,503.867107
1781138877.888728,0.000992862,0,0,0.000000
1781138877.889698,0.000991743,0,0,0.000000
1781138877.890746,0.001003337,0,0,0.000000
1781138877.891737,0.000996393,0,0,0.000000
1781138877.892714,0.001009045,0,0,0.000000
1781138877.893758,0.000991459,0,0,0.000000
1781138877.894727,0.001006226,0,0,0.000000
1781138877.895684,0.000994140,0,0,0.000000
1781138877.896675,0.001001896,0,0,0.000000
1781138877.897682,0.000998094,0,0,0.000000
1781138877.898662,0.001009107,0,0,0.000000
1781138877.899945,0.000995260,0,0,0.000000
1781138877.900766,0.001006626,0,0,0.000000
1781138877.901738,0.000990003,0,0,0.000000
1781138877.902702,0.001001091,0,0,0.000000
1781138877.903681,0.000996561,0,0,0.000000
1781138877.904680,0.001010413,0,0,0.000000
1781138877.905700,0.000990961,0,0,0.000000
1781138877.906700,0.001008203,0,0,0.000000
1781138877.907675,0.000998205,0,0,0.000000
1781138877.908674,0.001006466,0,0,0.000000
1781138877.909770,0.000985635,0,0,0.000000
1781138877.910672,0.001010755,0,0,0.000000
1781138877.911736,0.000994847,0,0,0.000000
1781138877.912684,0.000994125,0,0,0.000000
1781138877.913707,0.001009393,0,0,0.000000
1781138877.914696,0.000998660,0,0,0.000000
1781138877.915922,0.000997278,0,0,0.000000
1781138877.916688,0.000999270,0,0,0.000000
1781138877.917906,0.001004045,0,0,0.000000
1781138877.918799,0.001002907,0,0,0.000000
1781138877.919774,0.000989179,0,0,0.000000
1781138877.920768,0.001005519,0,0,0.000000
1781138877.922007,0.001007409,0,0,0.000000
1781138877.922715,0.000990218,0,0,0.000000
1781138877.923938,0.001009715,0,0,0.000000
1781138877.924821,0.001002103,0,0,0.000000
1781138877.925739,0.000984783,0,0,0.000000
1781138877.926784,0.001000034,0,0,0.000000
1781138877.927670,0.000999769,0,0,0.000000
1781138877.928731,0.001013137,0,0,0.000000
1781138877.929693,0.000999173,0,0,0.000000
1781138877.930748,0.000988857,0,0,0.000000
1781138877.931705,0.000998964,0,0,0.000000
1781138877.932703,0.001000684,0,0,0.000000
1781138877.933665,0.001013287,0,0,0.000000
1781138877.934668,0.000985886,0,0,0.000000
1781138877.935647,0.000999894,0,0,0.000000
1781138877.936655,0.001009887,0,0,0.000000
1781138877.937716,0.000990525,0,0,0.000000
1781138877.938740,0.001008635,0,0,0.000000
1781138877.939696,0.000990660,0,0,0.000000
1781138877.940669,0.001000730,0,0,0.000000
1781138877.941687,0.001000006,0,0,0.000000
1781138877.942683,0.000999889,0,0,0.000000
1781138877.943685,0.001006898,0,0,0.000000
1781138877.944663,0.000993622,0,0,0.000000
1781138877.945791,0.001012686,0,0,0.000000
1781138877.946687,0.000995012,0,0,0.000000
1781138877.947681,0.000994166,0,0,0.000000
1781138877.948667,0.000996717,0,0,0.000000
1781138877.949655,0.001011941,0,0,0.000000
1781138877.950677,0.000988305,0,0,0.000000
1781138877.951671,0.001008582,0,0,0.000000
1781138877.952675,0.001002980,0,0,0.000000
1781138877.953657,0.000996159,0,0,0.000000
1781138877.954683,0.000991933,0,0,0.000000
1781138877.955678,0.001000173,0,0,0.000000
1781138877.956721,0.001001153,0,0,0.000000
1781138877.957725,0.000998952,0,0,0.000000
1781138877.958702,0.001006866,0,0,0.000000
1781138877.959658,0.001004265,0,0,0.000000
1781138877.960678,0.001002502,0,0,0.000000
1781138877.961653,0.000997205,0,0,0.000000
1781138877.962741,0.001000838,0,0,0.000000
1781138877.963688,0.000988966,0,0,0.000000
1781138877.964709,0.001005656,0,0,0.000000
1781138877.965656,0.000996161,0,0,0.000000
1781138877.966710,0.001004914,0,0,0.000000
1781138877.967831,0.000996677,0,0,0.000000
1781138877.968702,0.001006106,0,0,0.000000
1781138877.969697,0.000998167,0,0,0.000000
1781138877.970664,0.000992509,0,0,0.000000
1781138877.971730,0.001001505,0,0,0.000000
1781138877.972726,0.000998701,0,0,0.000000
1781138877.973740,0.001011765,0,0,0.000000
1781138877.974743,0.000986970,0,0,0.000000
1781138877.975713,0.001008020,0,0,0.000000
1781138877.976696,0.001002802,0,0,0.000000
1781138877.977698,0.000998307,0,0,0.000000
1781138877.978682,0.000998663,0,0,0.000000
1781138877.979671,0.000996885,0,0,0.000000
1781138877.980668,0.000998920,0,0,0.000000
1781138877.981659,0.000996412,0,0,0.000000
1781138877.982704,0.001003887,0,0,0.000000
1781138877.983657,0.000998627,0,0,0.000000
1781138877.984669,0.001002932,0,0,0.000000
1781138877.985670,0.001001080,0,0,0.000000
1781138877.986712,0.001010263,0,0,0.000000
1781138877.987682,0.000983552,0,0,0.000000
1781138877.988661,0.001008354,0,0,0.000000
1781138877.989678,0.001006246,0,0,0.000000
1781138877.990678,0.000985525,0,0,0.000000
1781138877.991644,0.000999596,0,0,0.000000
1781138877.992645,0.000999835,0,0,0.000000
1781138877.993737,0.001010625,0,0,0.000000
1781138877.994697,0.000994956,0,0,0.000000
1781138877.995682,0.000997110,0,0,0.000000
1781138877.996645,0.000997724,0,0,0.000000
1781138877.997643,0.000999435,0,0,0.000000
1781138877.998660,0.001005749,0,0,0.000000
1781138877.999673,0.001002129,0,0,0.000000
1781138878.000716,0.000999984,0,0,0.000000
1781138878.001746,0.000994569,0,0,0.000000
1781138878.002812,0.001001182,0,0,0.000000
1781138878.003734,0.001011241,0,0,0.000000
1781138878.004661,0.000989238,0,0,0.000000
1781138878.005691,0.001003958,0,0,0.000000
1781138878.006683,0.000996872,0,0,0.000000
1781138878.007690,0.001004093,0,0,0.000000
1781138878.008671,0.000994590,0,0,0.000000
1781138878.009661,0.000996591,0,0,0.000000
1781138878.010694,0.001002993,0,0,0.000000
1781138878.011694,0.001005846,0,0,0.000000
1781138878.012656,0.000991191,0,0,0.000000
1781138878.013684,0.001002254,0,0,0.000000
1781138878.014766,0.000998203,0,0,0.000000
1781138878.015769,0.001005385,0,0,0.000000
1781138878.016723,0.001008702,0,0,0.000000
1781138878.017684,0.000985727,0,0,0.000000
1781138878.018728,0.001007151,0,0,0.000000
1781138878.019732,0.000998582,0,0,0.000000
1781138878.020688,0.001007698,0,0,0.000000
1781138878.021663,0.000987115,0,0,0.000000
1781138878.022690,0.001011154,0,0,0.000000
1781138878.023726,0.001000136,0,0,0.000000
1781138878.024667,0.000992958,0,0,0.000000
1781138878.025656,0.000994791,0,0,0.000000
1781138878.026693,0.001009356,0,0,0.000000
1781138878.027684,0.000995815,0,0,0.000000
1781138878.028652,0.001002882,0,0,0.000000
1781138878.029647,0.000994386,0,0,0.000000
1781138878.030670,0.001002654,0,0,0.000000
1781138878.031678,0.001008414,0,0,0.000000
1781138878.032669,0.000996005,0,0,0.000000
1781138878.033643,0.000991211,0,0,0.000000
1781138878.034685,0.001012175,0,0,0.000000
1781138878.035662,0.000990793,0,0,0.000000
1781138878.036671,0.001004931,0,0,0.000000
1781138878.037662,0.000996865,0,0,0.000000
1781138878.038703,0.001007749,0,0,0.000000
1781138878.039670,0.000995709,0,0,0.000000
1781138878.040646,0.000991234,0,0,0.000000
1781138878.041670,0.001000773,0,0,0.000000
1781138878.042664,0.000998938,0,0,0.000000
1781138878.043690,0.001005393,0,0,0.000000
1781138878.044668,0.001008307,0,0,0.000000
1781138878.045666,0.000990794,0,0,0.000000
1781138878.046673,0.001005495,0,0,0.000000
1781138878.047689,0.000990856,0,0,0.000000
1781138878.048749,0.000999897,0,0,0.000000
1781138878.049705,0.001000817,0,0,0.000000
1781138878.050735,0.001010030,0,0,0.000000
1781138878.051741,0.000993305,0,0,0.000000
1781138878.052665,0.001003199,0,0,0.000000
1781138878.053759,0.000995601,0,0,0.000000
1781138878.054785,0.001009237,0,0,0.000000
1781138878.055734,0.000995498,0,0,0.000000
1781138878.056716,0.001002084,0,0,0.000000
1781138878.057695,0.001003783,0,0,0.000000
1781138878.058666,0.000986295,0,0,0.000000
1781138878.059645,0.000999705,0,0,0.000000
1781138878.060654,0.001007826,0,0,0.000000
1781138878.061656,0.001003337,0,0,0.000000
1781138878.062671,0.000991383,0,0,0.000000
1781138878.063687,0.000999478,0,0,0.000000
1781138878.064652,0.001000285,0,0,0.000000
1781138878.065725,0.001007893,0,0,0.000000
1781138878.066753,0.000989766,0,0,0.000000
1781138878.067757,0.001013160,0,0,0.000000
1781138878.068741,0.000991067,0,0,0.000000
1781138878.069664,0.001008467,0,0,0.000000
1781138878.070692,0.001000638,0,0,0.000000
1781138878.071695,0.000993858,0,0,0.000000
1781138878.072675,0.001003714,0,0,0.000000
1781138878.073660,0.000989257,0,0,0.000000
1781138878.074688,0.001010671,0,0,0.000000
1781138878.075688,0.000999803,0,0,0.000000
1781138878.076666,0.000993420,0,0,0.000000
1781138878.077670,0.001005433,0,0,0.000000
1781138878.078690,0.001003704,0,0,0.000000
1781138878.079675,0.000996843,0,0,0.000000
1781138878.080668,0.000990037,0,0,0.000000
1781138878.081656,0.001009670,0,0,0.000000
1781138878.082687,0.000997655,0,0,0.000000
1781138878.083758,0.001002807,0,0,0.000000
1781138878.084720,0.000998446,0,0,0.000000
1781138878.085688,0.001000281,0,0,0.000000
1781138878.086682,0.001003614,0,0,0.000000
1781138878.087646,0.000988440,0,0,0.000000
1781138878.088664,0.000999114,0,0,0.000000
1781138878.089747,0.001003965,0,0,0.000000
1781138878.090724,0.001000407,0,0,0.000000
1781138878.091706,0.000996520,0,0,0.000000
1781138878.092663,0.001010886,0,0,0.000000
1781138878.093671,0.000989540,0,0,0.000000
1781138878.094704,0.001013031,1514,1,11.956199
1781138878.095795,0.000986613,96162,9,779.734303
1781138878.096754,0.001005503,118014,11,938.944986
1781138878.097793,0.001001584,126636,10,1011.485806
1781138878.098718,0.000992322,116368,8,938.147093
1781138878.099676,0.001010240,0,0,0.000000
1781138878.100648,0.000989451,0,0,0.000000
1781138878.101646,0.000999820,42190,3,337.580765
1781138878.102661,0.001014058,43572,2,343.743652
1781138878.103735,0.000997649,0,0,0.000000
1781138878.104697,0.000998432,0,0,0.000000
1781138878.105689,0.000990319,23300,2,188.222179
1781138878.106734,0.001001383,62462,3,499.005875
1781138878.107687,0.001011784,63910,3,505.325247
1781138878.108754,0.000993759,0,0,0.000000
1781138878.109668,0.000999843,23366,3,186.957352
1781138878.110744,0.001002988,20404,2,162.745716
1781138878.111667,0.000990655,0,0,0.000000
1781138878.112671,0.001011456,18956,2,149.930397
1781138878.113728,0.000994512,5858,1,47.122609
1781138878.114670,0.001001284,0,0,0.000000
1781138878.115805,0.001007186,0,0,0.000000
1781138878.116738,0.000990451,0,0,0.000000
1781138878.117744,0.001004065,0,0,0.000000
1781138878.118757,0.000997985,1514,1,12.136455
1781138878.119714,0.001004467,26196,2,208.636023
1781138878.120714,0.000987859,42256,4,342.202683
1781138878.121655,0.001005512,112090,9,891.804374
1781138878.122694,0.000998600,125188,10,1002.908071
1781138878.123661,0.001006853,123674,9,982.657846
1781138878.124672,0.000998626,126570,9,1013.953172
1781138878.125685,0.000991303,85762,5,692.115327
1781138878.126700,0.001006515,0,0,0.000000
1781138878.127657,0.000995339,0,0,0.000000
1781138878.128645,0.000998717,0,0,0.000000
1781138878.129652,0.001008655,0,0,0.000000
1781138878.130682,0.000992355,0,0,0.000000
1781138878.131673,0.001008235,0,0,0.000000
1781138878.132656,0.001001994,0,0,0.000000
1781138878.133663,0.000994243,0,0,0.000000
1781138878.134693,0.001004599,0,0,0.000000
1781138878.135671,0.000998302,0,0,0.000000
1781138878.136649,0.000990360,0,0,0.000000
1781138878.137668,0.001001100,0,0,0.000000
1781138878.138675,0.001008618,0,0,0.000000
1781138878.139666,0.000991131,0,0,0.000000
1781138878.140662,0.000999418,0,0,0.000000
1781138878.141664,0.000999907,0,0,0.000000
1781138878.142689,0.001010298,0,0,0.000000
1781138878.143670,0.000994418,0,0,0.000000
1781138878.144771,0.001005736,0,0,0.000000
1781138878.145708,0.000989668,0,0,0.000000
1781138878.146727,0.001005483,0,0,0.000000
1781138878.147748,0.001001114,0,0,0.000000
1781138878.148659,0.000993230,0,0,0.000000
1781138878.149746,0.001000798,0,0,0.000000
1781138878.150694,0.001009658,0,0,0.000000
1781138878.151720,0.000990497,0,0,0.000000
1781138878.152657,0.000999713,0,0,0.000000
1781138878.153734,0.001012854,0,0,0.000000
1781138878.154708,0.000988744,0,0,0.000000
1781138878.155706,0.001000233,0,0,0.000000
1781138878.156734,0.001007565,0,0,0.000000
1781138878.157748,0.000989979,0,0,0.000000
1781138878.158746,0.001001234,0,0,0.000000
1781138878.159692,0.001005508,0,0,0.000000
1781138878.160687,0.001002482,0,0,0.000000
1781138878.161671,0.000990444,0,0,0.000000
1781138878.162675,0.001007133,0,0,0.000000
1781138878.163665,0.000999067,0,0,0.000000
1781138878.164667,0.000994418,0,0,0.000000
1781138878.165669,0.001002567,0,0,0.000000
1781138878.166770,0.000997481,0,0,0.000000
1781138878.167697,0.001005523,0,0,0.000000
1781138878.168684,0.000994365,0,0,0.000000
1781138878.169652,0.001000185,0,0,0.000000
1781138878.170675,0.001003256,0,0,0.000000
1781138878.171672,0.001003867,0,0,0.000000
1781138878.172664,0.000993056,0,0,0.000000
1781138878.173707,0.001002128,0,0,0.000000
1781138878.174679,0.000996810,0,0,0.000000
1781138878.175678,0.001000434,0,0,0.000000
1781138878.176677,0.001000453,0,0,0.000000
1781138878.177659,0.001007308,0,0,0.000000
1781138878.178751,0.000992101,0,0,0.000000
1781138878.179656,0.001000338,0,0,0.000000
1781138878.180689,0.001000666,162,1,1.295137
1781138878.181668,0.000999612,0,0,0.000000
1781138878.182709,0.001008977,0,0,0.000000
1781138878.183678,0.000990936,0,0,0.000000
1781138878.184674,0.001002835,0,0,0.000000
1781138878.185652,0.000996710,0,0,0.000000
1781138878.186668,0.000999553,0,0,0.000000
1781138878.187659,0.001009395,0,0,0.000000
1781138878.188687,0.001000655,0,0,0.000000
1781138878.189686,0.000993503,0,0,0.000000
1781138878.190684,0.000996810,0,0,0.000000
1781138878.191687,0.001014795,0,0,0.000000
1781138878.192670,0.000989591,0,0,0.000000
1781138878.193666,0.001009295,0,0,0.000000
1781138878.194664,0.000986281,0,0,0.000000
1781138878.195644,0.000999856,0,0,0.000000
1781138878.196659,0.001000168,0,0,0.000000
1781138878.197693,0.001000896,0,0,0.000000
1781138878.198688,0.000999181,0,0,0.000000
1781138878.199678,0.001009485,0,0,0.000000
1781138878.200679,0.001000421,0,0,0.000000
1781138878.201692,0.001002600,0,0,0.000000
1781138878.202684,0.000997592,0,0,0.000000
1781138878.203679,0.000990107,0,0,0.000000
1781138878.204695,0.001001575,54,1,0.431321
1781138878.205688,0.000998639,0,0,0.000000
1781138878.206762,0.000999232,0,0,0.000000
1781138878.207803,0.001006701,210,1,1.668817
1781138878.208746,0.000998334,0,0,0.000000
1781138878.209772,0.001002916,0,0,0.000000
1781138878.210720,0.000993206,0,0,0.000000
1781138878.211707,0.001004932,0,0,0.000000
1781138878.212698,0.000994407,0,0,0.000000
1781138878.213741,0.001013436,0,0,0.000000
1781138878.214801,0.001000132,0,0,0.000000
1781138878.215729,0.000991973,0,0,0.000000
1781138878.216666,0.000994360,0,0,0.000000
1781138878.217690,0.001005381,0,0,0.000000
1781138878.218683,0.000994179,0,0,0.000000
1781138878.219679,0.001000234,0,0,0.000000
1781138878.220665,0.001000923,0,0,0.000000
1781138878.221667,0.000999340,0,0,0.000000
1781138878.222666,0.001000176,0,0,0.000000
1781138878.223668,0.001006077,0,0,0.000000
1781138878.224672,0.001003768,0,0,0.000000
1781138878.225643,0.000989661,0,0,0.000000
1781138878.226691,0.001012655,0,0,0.000000
1781138878.227661,0.000987105,0,0,0.000000
1781138878.228663,0.001000116,0,0,0.000000
1781138878.229644,0.000999962,0,0,0.000000
1781138878.230662,0.001000108,0,0,0.000000
1781138878.231677,0.001014121,0,0,0.000000
1781138878.232670,0.000987330,0,0,0.000000
1781138878.233651,0.001002553,0,0,0.000000
1781138878.234680,0.000995980,0,0,0.000000
1781138878.235679,0.001001604,0,0,0.000000
1781138878.236663,0.001013031,0,0,0.000000
1781138878.237673,0.000987062,0,0,0.000000
1781138878.238687,0.000998280,0,0,0.000000
1781138878.239647,0.000999803,0,0,0.000000
1781138878.240651,0.001005996,0,0,0.000000
1781138878.241678,0.000994233,0,0,0.000000
1781138878.242681,0.001000406,0,0,0.000000
1781138878.243667,0.001011577,0,0,0.000000
1781138878.244652,0.000996284,0,0,0.000000
1781138878.245650,0.000999572,0,0,0.000000
1781138878.246669,0.001000097,0,0,0.000000
1781138878.247673,0.001003546,0,0,0.000000
1781138878.248661,0.000988335,0,0,0.000000
1781138878.249644,0.001000363,0,0,0.000000
1781138878.250694,0.001012944,0,0,0.000000
1781138878.251651,0.000986806,0,0,0.000000
1781138878.252687,0.001006099,0,0,0.000000
1781138878.253668,0.000999003,0,0,0.000000
1781138878.254682,0.000997944,0,0,0.000000
1781138878.255702,0.001012074,0,0,0.000000
1781138878.256674,0.000998152,0,0,0.000000
1781138878.257656,0.000997643,0,0,0.000000
1781138878.258689,0.000989319,0,0,0.000000
1781138878.259645,0.000999613,0,0,0.000000
1781138878.260660,0.001000271,0,0,0.000000
1781138878.261697,0.001014276,0,0,0.000000
1781138878.262678,0.000985791,54,1,0.438227
1781138878.263686,0.001005170,0,0,0.000000
1781138878.264645,0.000994809,0,0,0.000000
1781138878.265644,0.000999944,0,0,0.000000
1781138878.266687,0.001009856,0,0,0.000000
1781138878.267689,0.001000197,0,0,0.000000
1781138878.268679,0.000991770,0,0,0.000000
1781138878.269644,0.000998320,0,0,0.000000
1781138878.270684,0.000999953,0,0,0.000000
1781138878.271684,0.001006359,0,0,0.000000
1781138878.272671,0.001001410,0,0,0.000000
1781138878.273682,0.000992585,0,0,0.000000
1781138878.274661,0.001012926,0,0,0.000000
1781138878.275675,0.000997396,0,0,0.000000
1781138878.276746,0.000996760,0,0,0.000000
1781138878.277760,0.000994043,0,0,0.000000
1781138878.278760,0.001010942,0,0,0.000000
1781138878.279762,0.000988990,0,0,0.000000
1781138878.280705,0.000999020,0,0,0.000000
1781138878.281715,0.001011609,0,0,0.000000
1781138878.282708,0.000990085,0,0,0.000000
1781138878.283667,0.001005421,0,0,0.000000
1781138878.284666,0.000992244,0,0,0.000000
1781138878.285747,0.001000128,0,0,0.000000
1781138878.286754,0.001007529,0,0,0.000000
1781138878.287707,0.000994678,0,0,0.000000
1781138878.288713,0.001008829,0,0,0.000000
1781138878.289696,0.001001533,0,0,0.000000
1781138878.290726,0.000992050,0,0,0.000000
1781138878.291723,0.001001878,0,0,0.000000
1781138878.292799,0.001005005,0,0,0.000000
1781138878.293697,0.000991612,0,0,0.000000
1781138878.294693,0.001005549,0,0,0.000000
1781138878.295669,0.001002852,0,0,0.000000
1781138878.296656,0.000990379,0,0,0.000000
1781138878.297704,0.001000205,0,0,0.000000
1781138878.298714,0.001006784,0,0,0.000000
1781138878.299655,0.000991552,0,0,0.000000
1781138878.300673,0.001009963,0,0,0.000000
1781138878.301733,0.000993133,0,0,0.000000
1781138878.302757,0.001009963,0,0,0.000000
1781138878.303713,0.000993272,0,0,0.000000
1781138878.304687,0.000993231,0,0,0.000000
1781138878.305687,0.001005188,0,0,0.000000
1781138878.306722,0.000995303,0,0,0.000000
1781138878.307681,0.001012913,0,0,0.000000
1781138878.308653,0.000993978,0,0,0.000000
1781138878.309646,0.000992820,0,0,0.000000
1781138878.310679,0.000999577,0,0,0.000000
1781138878.311687,0.001010864,0,0,0.000000
1781138878.312657,0.000998274,0,0,0.000000
1781138878.313667,0.001000254,0,0,0.000000
1781138878.314684,0.000990812,0,0,0.000000
1781138878.315688,0.001007077,0,0,0.000000
1781138878.316649,0.000995895,0,0,0.000000
1781138878.317650,0.001000601,0,0,0.000000
1781138878.318681,0.000997903,0,0,0.000000
1781138878.319678,0.000998538,0,0,0.000000
1781138878.320672,0.001010598,0,0,0.000000
1781138878.321650,0.000996205,0,0,0.000000
1781138878.322660,0.000993725,0,0,0.000000
1781138878.323679,0.001000931,0,0,0.000000
1781138878.324672,0.001008738,0,0,0.000000
1781138878.325649,0.000990066,0,0,0.000000
1781138878.326693,0.001010475,0,0,0.000000
1781138878.327716,0.001000763,0,0,0.000000
1781138878.328665,0.000997034,0,0,0.000000
1781138878.329644,0.000991065,0,0,0.000000
1781138878.330757,0.001000714,1514,1,12.103358
1781138878.331792,0.000999722,112222,11,898.025651
1781138878.332674,0.001003458,120910,11,963.946672
1781138878.333678,0.001006114,120910,11,961.401988
1781138878.334694,0.000990488,128084,10,1034.512281
1781138878.335701,0.001001211,114986,9,918.775363
1781138878.336755,0.001005162,125056,8,995.310209
1781138878.337767,0.001002123,128150,11,1023.028111
1781138878.338706,0.000992902,112090,9,903.130420
1781138878.339656,0.000998499,113538,9,909.669414
1781138878.340664,0.001009079,125056,8,991.446656
1781138878.341688,0.000998007,125122,9,1002.974929
1781138878.342697,0.000998946,114854,7,919.801471
1781138878.343749,0.001002817,129400,8,1032.292033
1781138878.344800,0.000994960,108996,6,876.384980
1781138878.345705,0.000999701,123740,10,990.216075
1781138878.346991,0.001000093,122292,10,978.245023
1781138878.347752,0.001006379,128084,10,1018.177049
1781138878.348717,0.000990059,125188,10,1011.559917
1781138878.349798,0.001013726,110510,7,872.109426
1781138878.350698,0.000986583,125056,8,1014.053557
1781138878.351659,0.000999773,114986,9,920.096862
1781138878.352733,0.001011824,128084,10,1012.697860
1781138878.353850,0.001001927,122292,10,976.454372
1781138878.354864,0.000987276,130914,9,1060.809743
1781138878.355715,0.001010354,110510,7,875.020042
1781138878.356672,0.000997206,125056,8,1003.251084
1781138878.357693,0.000992973,126504,8,1019.193875
1781138878.358715,0.000998604,126504,8,1013.446772
1781138878.359700,0.001001038,103270,7,825.303335
1781138878.360655,0.000998995,116434,9,932.409071
1781138878.361673,0.001006726,120844,10,960.293069
1781138878.362686,0.001000009,114986,9,919.879721
1781138878.363726,0.001006222,129466,9,1029.323549
1781138878.364715,0.000993997,110510,7,889.419183
1781138878.365747,0.001004269,123608,8,984.660484
1781138878.366730,0.000993921,126504,8,1018.221770
1781138878.367734,0.001009172,127952,8,1014.312724
1781138878.368740,0.000986230,103138,5,836.624317
1781138878.369730,0.001010313,117882,9,933.429541
1781138878.370768,0.000994248,125188,10,1007.297978
1781138878.371738,0.001003578,126570,9,1008.949977
1781138878.372724,0.000997914,109062,7,874.319831
1781138878.373725,0.000999385,110510,7,884.624044
1781138878.374702,0.000994451,123608,8,994.381825
1781138878.375760,0.000999845,126438,7,1011.660807
1781138878.376729,0.001000267,104586,5,836.464664
1781138878.377762,0.001007404,130980,10,1040.138812
1781138878.378968,0.000993857,122292,10,984.383065
1781138878.379781,0.001009542,123608,8,979.517445
1781138878.380795,0.001000388,114920,8,919.003427
1781138878.381714,0.000987962,130848,8,1059.538727
1781138878.382753,0.000999859,109062,7,872.619039
1781138878.383727,0.001005976,126504,8,1006.020024
1781138878.384717,0.000994107,124990,7,1005.847459
1781138878.385700,0.001000300,107548,6,860.125962
1781138878.386875,0.000999863,128150,11,1025.340472
1781138878.387772,0.001000930,107746,9,861.167115
1781138878.388873,0.001001468,129466,9,1034.209780
1781138878.389776,0.001003885,126504,8,1008.115471
1781138878.390711,0.000997463,127952,8,1026.219519
1781138878.391786,0.001000914,107614,7,860.125845
1781138878.392817,0.001004220,126504,8,1007.779172
1781138878.393707,0.000991847,111958,7,903.026374
1781138878.394807,0.000999504,126570,9,1013.062479
1781138878.395847,0.001007284,120778,9,959.236918
1781138878.396684,0.001004700,126636,10,1008.348761
1781138878.397732,0.000988897,113472,8,917.968201
1781138878.398737,0.001016238,127952,8,1007.260110
1781138878.399680,0.000984950,86026,9,698.723793
1781138878.400658,0.000997967,112222,11,899.604897
1781138878.401908,0.001004782,100440,8,799.695854
1781138878.402718,0.000995086,123740,10,994.808489
1781138878.403899,0.001000886,97478,7,779.133688
1781138878.404709,0.001006440,126570,9,1006.080839
1781138878.405734,0.001005860,77272,8,614.574593
1781138878.406748,0.000992981,126768,12,1021.312593
1781138878.407961,0.001005028,77140,6,614.032644
1781138878.408700,0.000995563,116434,9,935.623361
1781138878.409682,0.001004141,126570,9,1008.384281
1781138878.410703,0.000993029,127952,8,1030.801719
1781138878.411783,0.000997782,109062,7,874.435498
1781138878.412702,0.000998006,106100,6,850.495889
1781138878.413733,0.001000982,113538,9,907.412921
1781138878.414902,0.000999993,125320,12,1002.567018
1781138878.415718,0.001000152,114986,9,919.748198
1781138878.416716,0.001000038,126570,9,1012.521524
1781138878.417722,0.001002948,109062,7,869.931442
1781138878.418696,0.001002883,125056,8,997.572000
1781138878.419817,0.001002823,125056,8,997.631686
1781138878.420959,0.000996029,123542,7,992.276329
1781138878.423135,0.000995563,126504,8,1016.542399
1781138878.423245,0.001011471,124990,7,988.579999
1781138878.424023,0.000991333,98794,5,797.261869
1781138878.424900,0.001012402,128018,9,1011.598160
1781138878.426488,0.000988849,122226,9,988.834493
1781138878.426936,0.001003979,112024,8,892.640185
1781138878.427836,0.000999861,125056,8,1000.587082
1781138878.428722,0.001003687,116302,7,926.998158
1781138878.429864,0.000996553,106430,11,854.385065
1781138878.430769,0.000990863,128216,12,1035.186499
1781138878.431868,0.001002608,116434,9,929.049040
1781138878.432884,0.001007556,125122,9,993.469346
1781138878.433681,0.001001152,126504,8,1010.867481
1781138878.434730,0.000999077,107614,7,861.707356
1781138878.435699,0.001000485,125056,8,999.963018
1781138878.436675,0.000994287,124990,7,1005.665366
1781138878.437682,0.001004929,124924,6,994.490158
1781138878.438717,0.001000171,106034,5,848.126970
1781138878.439754,0.001000341,120844,10,966.422450
1781138878.441177,0.000994914,126636,10,1018.266905
1781138878.441665,0.000997943,123740,10,991.960463
1781138878.442813,0.000999225,109128,8,873.701118
1781138878.443685,0.001009644,109062,7,864.162021
1781138878.444681,0.000987641,119198,7,965.516822
1781138878.445664,0.001011273,141116,10,1116.343460
1781138878.446707,0.000996939,129598,11,1039.967340
1781138878.447654,0.000991317,110642,9,892.888955
1781138878.448659,0.001008049,126570,9,1004.474981
1781138878.449654,0.000998044,110510,7,885.812650
1781138878.450697,0.000994655,125056,8,1005.824130
1781138878.451698,0.001007715,125056,8,992.788636
1781138878.452688,0.000996671,125056,8,1003.789616
1781138878.453661,0.000995326,113406,7,911.508390
1781138878.454783,0.001011552,128084,10,1012.970169
1781138878.455663,0.000998118,123740,10,991.786542
1781138878.456683,0.000998851,113472,8,908.820234
1781138878.457652,0.000993679,126504,8,1018.469747
1781138878.458705,0.001009785,123608,8,979.281728
1781138878.459661,0.000995180,109062,7,876.721799
1781138878.460673,0.000995618,123476,6,992.155626
1781138878.461750,0.001007459,126438,7,1004.015052
1781138878.462696,0.000990108,104586,5,845.047207
1781138878.463676,0.001005087,129334,7,1029.435263
1781138878.464660,0.000999620,114986,9,920.237690
1781138878.465646,0.000995263,112090,9,900.987980
1781138878.466943,0.001002213,125122,9,998.765731
1781138878.467767,0.001006336,125056,8,994.149071
1781138878.468817,0.001001825,125056,8,998.625508
1781138878.469727,0.000997292,113472,8,910.240932
1781138878.471179,0.000992687,91752,8,739.423403
1781138878.471776,0.001010696,132494,11,1048.734733
1781138878.473575,0.000993362,119330,9,961.019246
1781138878.474199,0.000996712,114986,9,922.922569
1781138878.479637,0.001009111,129400,8,1025.853449
1781138878.479821,0.000999834,111958,7,895.812705
1781138878.480166,0.000988996,127952,8,1035.005197
1781138878.480249,0.001001485,123608,8,987.397714
1781138878.480316,0.001013316,109128,8,861.551579
1781138878.480412,0.000996774,125188,10,1004.745308
1781138878.480723,0.000996017,110576,8,888.145483
1781138878.481786,0.000993618,129400,8,1041.849081
1781138878.482820,0.000999789,93134,7,745.229243
1781138878.483808,0.001002582,125320,12,999.978057
1781138878.484679,0.000999016,115118,11,921.851101
1781138878.485808,0.000998562,101888,8,816.277807
1781138878.487001,0.000999147,132428,10,1060.328460
1781138878.487876,0.001003186,109062,7,869.725056
1781138878.488720,0.001006240,114854,7,913.134044
1781138878.489762,0.000990727,93332,10,753.644546
1781138878.490715,0.001007625,112090,9,889.934251
1781138878.491654,0.000992952,103336,8,832.555854
1781138878.492735,0.001000574,119330,9,954.092351
1781138878.493713,0.001004242,122160,8,973.151890
1781138878.494826,0.000997354,130848,8,1049.561139
1781138878.495744,0.001002457,120844,10,964.382512
1781138878.496707,0.000995570,115052,10,924.511586
1781138878.497716,0.000999008,122226,9,978.778949
1781138878.499078,0.001008996,109194,9,865.763591
1781138878.499719,0.000991318,111958,7,903.508259
1781138878.501473,0.001007348,109062,7,866.131665
1781138878.501718,0.000993386,102086,11,822.125538
1781138878.502725,0.000999560,106298,9,850.758334
1781138878.503703,0.001005186,113604,10,904.143114
1781138878.504734,0.000994572,123674,9,994.791730
1781138878.505732,0.001008525,117750,7,934.037332
1781138878.506771,0.000992908,120712,8,972.593634
1781138878.507760,0.001008883,129400,8,1026.085284
1781138878.508900,0.001003268,111958,7,892.746504
1781138878.509911,0.000986872,124990,7,1013.221573
1781138878.512113,0.001000906,127820,6,1021.634399
1781138878.512247,0.001005844,104916,10,834.451466
1781138878.512676,0.000999249,125188,10,1002.256695
1781138878.513745,0.000994429,117816,8,947.808240
1781138878.515250,0.001005201,132362,9,1053.417177
1781138878.515689,0.000997837,117750,7,944.041963
1781138878.516865,0.001007339,104850,9,832.688896
1781138878.517709,0.000994352,123938,13,997.135823
1781138878.518682,0.000994376,126702,11,1019.348818
1781138878.519675,0.001004431,113538,9,904.297060
1781138878.520658,0.000995656,125056,8,1004.812907
1781138878.521688,0.001006899,125056,8,993.593201
1781138878.522697,0.000992788,116302,7,937.174905
1781138878.523698,0.001009320,113406,7,898.870527
1781138878.524748,0.000999151,120646,7,965.988124
1781138878.525708,0.000992543,128084,10,1032.370386
1781138878.526716,0.001006739,122292,10,971.787127
1781138878.527713,0.001003013,128084,10,1021.593937
1781138878.528671,0.000999589,109062,7,872.854743
1781138878.529678,0.000993385,125056,8,1007.110033
1781138878.530706,0.001004904,122160,8,972.510807
1781138878.531689,0.000991612,125320,12,1011.040609
1781138878.532744,0.001002038,113670,11,907.510494
1781138878.533685,0.000997431,126636,10,1015.697326
1781138878.534701,0.001002544,128018,9,1021.545189
1781138878.535669,0.001005029,112024,8,891.707602
1781138878.536762,0.001003750,126504,8,1008.251059
1781138878.537893,0.000990861,106100,6,856.628730
1781138878.538765,0.000999340,113604,10,909.432225
1781138878.540040,0.000999553,125188,10,1001.951872
1781138878.540758,0.001001965,126636,10,1011.101186
1781138878.541712,0.000999879,113472,8,907.885854
1781138878.542705,0.001004303,127952,8,1019.230252
1781138878.543689,0.001003223,125056,8,997.233915
1781138878.544651,0.000989555,120844,10,976.956309
1781138878.545660,0.001004116,126702,11,1009.461058
1781138878.546697,0.001008370,126636,10,1004.678838
1781138878.547704,0.000990674,116368,8,939.707714
1781138878.548714,0.001005958,113472,8,902.399504
1781138878.549688,0.001005231,125056,8,995.241890
1781138878.550703,0.000990915,116368,8,939.479168
1781138878.551689,0.001000070,123740,10,989.850710
1781138878.552677,0.000994896,126702,11,1018.816037
1781138878.553689,0.001005528,122226,9,972.432394
1781138878.554692,0.000994371,128084,10,1030.472530
1781138878.555869,0.001013553,114854,7,906.545588
1781138878.556682,0.000987671,107614,7,871.658680
1781138878.557951,0.001005382,142696,12,1135.456971
1781138878.559961,0.000993218,109194,9,879.516884
1781138878.560086,0.000999856,101822,7,814.693316
1781138878.560651,0.001002833,122226,9,975.045696
1781138878.561657,0.000998994,110510,7,884.970280
1781138878.562998,0.000998724,126504,8,1013.325003
1781138878.563719,0.001006911,129400,8,1028.094837
1781138878.564780,0.000997628,109062,7,874.570481
1781138878.565785,0.001010406,126702,11,1003.176941
1781138878.566763,0.000985391,116434,9,945.281619
1781138878.567709,0.000999663,117882,9,943.373917
1781138878.568879,0.001000256,128084,10,1024.409751
1781138878.569760,0.001006150,145526,11,1157.091885
1781138878.570789,0.000994359,123872,12,996.597808
1781138878.571711,0.001003331,116500,10,928.905815
1781138878.572718,0.000999303,97478,7,780.367916
1781138878.573835,0.000997287,125056,8,1003.169599
1781138878.574704,0.001005740,129400,8,1029.291865
1781138878.575679,0.001001084,126504,8,1010.936145
1781138878.576745,0.000992297,110510,7,890.942933
1781138878.577700,0.001000104,124990,7,999.816019
1781138878.578766,0.001008785,119198,7,945.279718
1781138878.579725,0.000995269,112090,9,900.982548
1781138878.580776,0.001008985,123740,10,981.104774
1781138878.581708,0.000998481,112090,9,898.084190
1781138878.582794,0.001002293,130848,8,1044.389216
1781138878.583810,0.000993834,125056,8,1006.655035
1781138878.584728,0.001003748,111958,7,892.319586
1781138878.585711,0.000999883,126504,8,1012.150422
1781138878.587155,0.000997396,120712,8,968.217238
1781138878.587871,0.000998620,104784,8,839.430414
1781138878.588783,0.001006392,126636,10,1006.653471
1781138878.589770,0.000986806,129532,10,1050.111167
1781138878.590837,0.001005024,116368,8,926.290317
1781138878.591717,0.000996048,111958,7,899.217708
1781138878.592675,0.000998297,126504,8,1013.758431
1781138878.593672,0.001011738,125056,8,988.840985
1781138878.594777,0.000988651,129334,7,1046.549288
1781138878.595688,0.000999705,98992,8,792.169690
1781138878.596682,0.001008969,131046,11,1039.048772
1781138878.597692,0.000999076,120778,9,967.117617
1781138878.598688,0.000997817,119264,8,956.199383
1781138878.599914,0.000995342,123608,8,993.491684
1781138878.600696,0.001003928,109194,9,870.134113
1781138878.601784,0.001008416,126768,12,1005.680195
1781138878.603497,0.000999898,126702,11,1013.719399
1781138878.603793,0.000994483,125122,9,1006.529021
1781138878.604774,0.000999003,110642,9,886.019361
1781138878.606665,0.000993516,125056,8,1006.977240
1781138878.606982,0.001000223,119198,7,953.371398
1781138878.607927,0.001010104,127952,8,1013.376840
1781138878.608876,0.000990844,106166,7,857.176306
1781138878.609804,0.001000595,124924,6,998.797715
1781138878.611399,0.001005578,84248,4,670.245371
1781138878.611770,0.000998370,75626,5,605.995773
1781138878.614523,0.000994752,117882,9,948.031268
1781138878.615500,0.001008726,112090,9,888.962910
1781138878.615940,0.000997556,114986,9,922.141714
1781138878.616021,0.001008248,127952,8,1015.242282
1781138878.616962,0.000997590,120712,8,968.028950
1781138878.618743,0.000997736,98926,7,793.203813
1781138878.619246,0.000990713,90304,8,729.204119
1781138878.619699,0.000999429,128216,12,1026.314025
1781138878.620726,0.001005029,125188,10,996.492639
1781138878.621707,0.000996168,48048,4,385.862626
1781138878.622808,0.001000184,0,0,0.000000
1781138878.623709,0.001006448,100308,6,797.322862
1781138878.624665,0.000999701,123608,8,989.159759
1781138878.625706,0.000995141,104850,9,842.895630
1781138878.626699,0.000996440,136970,13,1099.674842
1781138878.627691,0.000999793,122292,10,978.538557
1781138878.628661,0.001007154,110642,9,878.848716
1781138878.629654,0.000996513,128084,10,1028.257534
1781138878.630693,0.001006789,127952,8,1016.713532
1781138878.631716,0.000995381,111958,7,899.820270
1781138878.632685,0.001001414,110840,12,885.467948
1781138878.633688,0.001004669,112090,9,892.552672
1781138878.634684,0.000988494,106232,8,859.748264
1781138878.635670,0.001003698,104718,7,834.657437
1781138878.636686,0.001001638,126570,9,1010.904139
1781138878.637725,0.001009045,122160,8,968.519739
1781138878.638696,0.000986410,107614,7,872.772985
1781138878.639676,0.000999824,123806,11,990.622350
1781138878.640671,0.001001034,126702,11,1012.569004
1781138878.641666,0.001008519,126636,10,1004.530405
1781138878.642776,0.001003983,109062,7,869.034635
1781138878.643707,0.000998092,122160,8,979.148215
1781138878.644707,0.000994659,155728,12,1252.513676
1781138878.645679,0.000993330,125188,10,1008.228887
1781138878.646731,0.001006691,114986,9,913.773939
1781138878.647708,0.000996187,130980,10,1051.850707
1781138878.648661,0.001001327,107680,8,860.298384
1781138878.649758,0.001005136,125056,8,995.335955
1781138878.650805,0.000989870,142432,8,1151.116813
1781138878.651697,0.001006946,99190,11,788.046231
1781138878.652736,0.001005561,104916,10,834.686309
1781138878.653713,0.000988782,123674,9,1000.616921
1781138878.655305,0.001000899,126636,10,1012.178052
1781138878.655805,0.001005039,110510,7,879.647456
1781138878.656693,0.000993380,127952,8,1030.437496
1781138878.657743,0.000999662,127952,8,1023.962099
1781138878.658859,0.001001215,111958,7,894.577089
1781138878.659679,0.000999914,107548,6,860.457999
1781138878.660665,0.001004647,104850,9,834.920126
1781138878.661700,0.000994774,122292,10,983.475644
1781138878.662680,0.001007471,84380,6,670.034175
1781138878.663671,0.000992567,125056,8,1007.940018
1781138878.664656,0.001005144,126570,9,1007.378047
1781138878.665647,0.000994406,119198,7,958.948357
1781138878.666681,0.001001634,93332,10,745.437954
1781138878.667672,0.001000872,125188,10,1000.631449
1781138878.668749,0.001001291,125188,10,1000.212725
1781138878.669776,0.000996497,125056,8,1003.964889
1781138878.670818,0.001000045,113406,7,907.207176
1781138878.671769,0.001014378,118080,12,931.250481
1781138878.672776,0.000985552,115052,10,933.909119
1781138878.673704,0.001001824,115052,10,918.740218
1781138878.674789,0.000998461,125188,10,1003.047690
1781138878.675857,0.001007456,125056,8,993.043865
1781138878.676805,0.000992996,125056,8,1007.504562
1781138878.677858,0.001001679,120646,7,963.550199
1781138878.678808,0.001007608,129400,8,1027.383665
1781138878.679765,0.000991413,120844,10,975.125402
1781138878.681581,0.001008772,126768,12,1005.325287
1781138878.681712,0.000990293,112090,9,905.509783
1781138878.683247,0.001008459,125056,8,992.056197
1781138878.683700,0.000990859,125210,9,1010.920827
1781138878.685240,0.001013823,122292,10,964.996849
1781138878.686312,0.000986782,113670,11,921.540928
1781138878.686766,0.001011816,132428,10,1047.052033
1781138878.687728,0.000990566,110642,9,893.565901
1781138878.688944,0.000996897,127952,8,1026.802167
1781138878.689705,0.001000015,123608,8,988.849167
1781138878.690816,0.001010653,125056,8,989.902568
1781138878.691730,0.000995345,107746,9,865.999226
1781138878.692776,0.001004477,114986,9,915.788017
1781138878.693759,0.000991902,117816,8,950.222905
1781138878.694796,0.001005046,110510,7,879.641330
1781138878.695769,0.000993299,108996,6,877.850476
1781138878.696718,0.000999345,150002,13,1200.802526
1781138878.697974,0.001007214,119528,12,949.375207
1781138878.700312,0.000999070,119384,10,955.961044
1781138878.700453,0.001001864,90172,6,720.033857
1781138878.700794,0.001002253,101822,7,812.744886
1781138878.701798,0.000990571,148290,9,1197.612286
1781138878.702713,0.001003869,90456,8,720.858997
1781138878.703718,0.000995861,122358,11,982.932357
1781138878.704701,0.001008626,116500,10,924.029323
1781138878.705676,0.000990312,103336,8,834.775303
1781138878.706681,0.001000193,110642,9,884.965202
1781138878.707748,0.001005872,126570,9,1006.648957
1781138878.708707,0.000994773,126504,8,1017.349687
1781138878.709711,0.001006536,107614,7,855.321618
1781138878.710696,0.000993521,135192,8,1088.588968
1781138878.711675,0.001010859,106298,9,841.248878
1781138878.712672,0.000996065,135390,11,1087.398915
1781138878.713721,0.001002286,113538,9,906.232353
1781138878.714706,0.000999858,119330,9,954.775578
1781138878.715680,0.000991642,104718,7,844.804879
1781138878.716663,0.000998712,127952,8,1024.936118
1781138878.717691,0.001001492,126558,9,1010.955654
1781138878.718712,0.001007147,126504,8,1004.850335
1781138878.719754,0.000992486,101756,6,820.211066
1781138878.720705,0.001013782,113538,9,895.955935
1781138878.721812,0.000987721,115052,10,931.858288
1781138878.723341,0.001011420,130980,10,1036.008780
1781138878.723722,0.000988365,109062,7,882.766994
1781138878.724727,0.001010571,125056,8,989.982891
1781138878.725724,0.000997516,126504,8,1014.552148
1781138878.726731,0.000989993,106166,7,857.913137
1781138878.727681,0.000999316,125056,8,1001.132775
1781138878.728681,0.001003433,124990,7,996.499019
1781138878.729668,0.000999419,113472,8,908.303724
1781138878.731030,0.001012273,126636,10,1000.805119
1781138878.731968,0.000986423,113538,9,920.805780
1781138878.732702,0.001005447,123608,8,983.506838
1781138878.733759,0.000994922,125056,8,1005.554204
1781138878.735243,0.001003486,126504,8,1008.516312
1781138878.736033,0.001005481,122292,10,973.002971
1781138878.736735,0.000993388,120844,10,973.186711
1781138878.737789,0.000999132,104784,8,839.000252
1781138878.738798,0.001006389,145460,10,1156.292448
1781138878.739819,0.000990324,111958,7,904.415121
1781138878.740684,0.001012439,125056,8,988.156323
1781138878.741735,0.000995186,114920,8,923.807208
1781138878.742806,0.000995271,126702,11,1018.432166
1781138878.743749,0.001008229,125188,10,993.329888
1781138878.744724,0.000994089,116434,9,937.010670
1781138878.745720,0.001008049,125188,10,993.507260
1781138878.746800,0.000987033,111958,7,907.430653
1781138878.747732,0.000999836,125056,8,1000.612100
1781138878.748725,0.001003598,117750,7,938.622835
1781138878.749708,0.000996956,119528,12,959.143633
1781138878.750790,0.001006515,123740,10,983.512417
1781138878.751737,0.001004627,112090,9,892.589986
1781138878.752698,0.000994393,130914,9,1053.217390
1781138878.753650,0.000993568,123608,8,995.265548
1781138878.754717,0.001013432,141248,12,1115.007223
1781138878.755674,0.000987191,123806,11,1003.299260
1781138878.756678,0.000999771,117948,10,943.800130
1781138878.757703,0.001005854,117882,9,937.567480
1781138878.758725,0.000994579,133744,8,1075.783824
1781138878.759694,0.001012330,120712,8,953.933994
1781138878.760687,0.000999895,109194,9,873.643733
1781138878.761649,0.000986951,128150,11,1038.754710
1781138878.762691,0.001000797,123740,10,989.131662
1781138878.763691,0.000999551,128084,10,1025.132284
1781138878.764661,0.001009466,109062,7,864.314400
1781138878.765653,0.000990348,125056,8,1010.198435
1781138878.766855,0.001001157,120646,7,964.052591
1781138878.767751,0.001007068,125056,8,993.426462
1781138878.768678,0.000992541,106298,9,856.774682
1781138878.769652,0.000999311,122292,10,979.010538
1781138878.770708,0.001003484,126636,10,1009.570656
1781138878.771697,0.001000563,129466,9,1035.145213
1781138878.772657,0.000999508,123608,8,989.350761
1781138878.773677,0.001004364,104850,9,835.155382
1781138878.774689,0.000999301,118014,11,944.772396
1781138878.775684,0.000996243,123740,10,993.653155
1781138878.776657,0.001000776,132428,10,1058.602524
1781138878.777652,0.000996428,116368,8,934.281253
1781138878.778702,0.000999633,109062,7,872.816324
1781138878.779673,0.001000021,125056,8,1000.426991
1781138878.780649,0.001000179,125056,8,1000.268952
1781138878.781661,0.001011989,109128,8,862.681314
1781138878.782699,0.000988354,109194,9,883.845262
1781138878.783714,0.000999081,114986,9,920.734155
1781138878.784759,0.001009854,129466,9,1025.621525
1781138878.785754,0.000994573,110576,8,889.434964
1781138878.787341,0.000996230,127952,8,1027.489636
1781138878.787749,0.001000440,109062,7,872.112271
1781138878.788762,0.001010866,106166,7,840.198404
1781138878.789803,0.000996045,120778,9,970.060590
1781138878.791050,0.000992624,113538,9,915.053434
1781138878.791766,0.001005364,122292,10,973.116205
1781138878.792791,0.000998713,129466,9,1037.062700
1781138878.793750,0.000996172,113472,8,911.264320
1781138878.794774,0.001005612,125320,12,996.965032
1781138878.796069,0.000995312,128216,12,1030.559262
1781138878.797393,0.000998803,100440,8,804.482966
1781138878.798105,0.001000553,126570,9,1012.000364
1781138878.798898,0.001004916,119264,8,949.444531
1781138878.799689,0.000999366,111958,7,896.232211
1781138878.800702,0.000999065,126636,10,1014.036124
1781138878.801965,0.000995075,125254,11,1006.991433
1781138878.802714,0.001002982,114986,9,917.153050
1781138878.803764,0.001011492,125188,10,990.125478
1781138878.804693,0.000987593,125056,8,1013.016496
1781138878.805743,0.001009248,110510,7,875.978947
1781138878.806757,0.000993159,123608,8,995.675416
1781138878.807737,0.001007778,113670,11,902.341587
1781138878.808739,0.000988277,113670,11,920.146882
1781138878.809742,0.001000612,125188,10,1000.891454
1781138878.811882,0.001011094,125056,8,989.470811
1781138878.812109,0.000996754,143880,8,1154.788443
1781138878.812926,0.000991558,122490,13,988.262916
1781138878.813720,0.001003814,120910,11,963.604811
1781138878.814705,0.000996120,112090,9,900.212826
1781138878.815698,0.001001282,125188,10,1000.221716
1781138878.816666,0.001008884,126570,9,1003.643630
1781138878.817655,0.000990026,126504,8,1022.227699
1781138878.818686,0.001000308,107614,7,860.646921
1781138878.819712,0.001005701,123542,7,982.733437
1781138878.820668,0.000993717,126504,8,1018.430801
1781138878.821755,0.001003189,107482,5,857.122636
1781138878.822698,0.000997729,119396,10,957.342124
1781138878.823756,0.001012361,125122,9,988.754012
1781138878.824744,0.000988404,123740,10,1001.533786
1781138878.825674,0.000999931,126570,9,1012.629871
1781138878.826706,0.001007003,103402,9,821.463293
1781138878.827676,0.000992692,116566,11,939.393085
1781138878.828669,0.000998768,125254,11,1003.268026
1781138878.829725,0.001013933,126636,10,999.166612
1781138878.830706,0.000996484,114986,9,923.133738
1781138878.831684,0.000989583,171590,11,1387.170151
1781138878.832658,0.001003746,123872,12,987.277658
1781138878.833893,0.000997326,122358,11,981.488500
1781138878.835611,0.001004665,116434,9,927.146860
1781138878.835801,0.000997748,125122,9,1003.235286
1781138878.836835,0.000996403,120580,6,968.122336
1781138878.837751,0.001000126,120712,8,965.574338
1781138878.840937,0.001015538,126504,8,996.547643
1781138878.841135,0.000994642,113604,10,913.727753
1781138878.841299,0.000991999,94648,8,763.291092
1781138878.841686,0.001007897,122292,10,970.670614
1781138878.842715,0.000990338,112024,8,904.935487
1781138878.843890,0.001000869,125056,8,999.579366
1781138878.844924,0.001010425,125056,8,990.125937
1781138878.845759,0.000997119,125056,8,1003.338619
1781138878.846796,0.000995141,123542,7,993.161773
1781138878.847795,0.001007785,114920,8,912.258071
1781138878.849074,0.000988486,110642,9,895.446167
1781138878.851083,0.001005898,126636,10,1007.147842
1781138878.851264,0.001003102,110576,8,881.872432
1781138878.851911,0.000998671,124924,6,1000.721959
1781138878.853175,0.001003065,125056,8,997.390997
1781138878.853790,0.000994398,125056,8,1006.084083
1781138878.856004,0.001004500,120580,6,960.318566
1781138878.856207,0.000998993,123740,10,990.917854
1781138878.856697,0.001004132,119396,10,951.237487
1781138878.857803,0.000998232,116500,10,933.650694
1781138878.859128,0.000988651,125122,9,1012.466482
1781138878.861186,0.001000508,126504,8,1011.518149
1781138878.861400,0.001012936,120778,9,953.884549
1781138878.862483,0.000996579,110708,10,888.704257
1781138878.862950,0.000990539,123872,12,1000.441174
1781138878.864178,0.001005330,119330,9,949.578745
1781138878.865024,0.000996441,112024,8,899.392939
1781138878.865939,0.001003574,126504,8,1008.427879
1781138878.866954,0.001000900,127952,8,1022.695574
1781138878.868055,0.000993524,123608,8,995.309625
1781138878.869000,0.001011536,119264,8,943.230888
1781138878.869874,0.000988256,110708,10,896.188842
1781138878.871302,0.001000705,135390,11,1082.356938
1781138878.871955,0.001000266,122292,10,978.075832
1781138878.872815,0.000999592,113472,8,908.146524
1781138878.873688,0.001011738,100374,7,793.675833
1781138878.875036,0.000999885,104982,11,839.952595
1781138878.875770,0.000992269,112156,10,904.238669
1781138878.876803,0.001006631,126636,10,1006.414466
1781138878.877850,0.000994562,126636,10,1018.627295
1781138878.878727,0.000994750,110510,7,888.745916
1781138878.879657,0.000999855,125056,8,1000.593086
1781138878.880742,0.001004775,114986,9,915.516409
1781138878.881703,0.000996124,129598,11,1040.818211
1781138878.882858,0.001002338,125254,11,999.694714
1781138878.883743,0.000997099,126570,9,1015.505983
1781138878.884811,0.001009787,109128,8,864.562527
1781138878.885801,0.000990057,144144,12,1164.732940
1781138878.886895,0.001001905,119462,11,953.878861
1781138878.887700,0.000997515,132494,11,1062.592542
1781138878.888705,0.001000991,116434,9,930.549825
1781138878.889719,0.000999809,113472,8,907.949418
1781138878.891020,0.001008800,127952,8,1014.686757
1781138878.891729,0.001001661,126504,8,1010.353802
1781138878.892724,0.000991169,110510,7,891.956871
1781138878.893741,0.001000327,125056,8,1000.120960
1781138878.894859,0.000998676,124924,6,1000.716949
1781138878.895719,0.001003776,107548,6,857.147411
1781138878.896723,0.000995122,126702,11,1018.584656
1781138878.897726,0.001000347,112090,9,896.408946
1781138878.898710,0.001011520,129400,8,1023.410313
1781138878.899695,0.000988965,123608,8,999.897873
1781138878.900673,0.001006429,126504,8,1005.567208
1781138878.901671,0.000999037,109062,7,873.337024
1781138878.902788,0.000993896,130848,8,1053.212811
1781138878.903716,0.001005679,106298,9,845.581940
1781138878.904743,0.000996344,133942,11,1075.467911
1781138878.905724,0.000998760,112090,9,897.833313
1781138878.906735,0.001000115,122226,9,977.695565
1781138878.907740,0.000998721,122160,8,978.531542
1781138878.908784,0.000999952,127952,8,1023.665136
1781138878.909778,0.001008193,126504,8,1003.807803
1781138878.911538,0.000992514,117750,7,949.105000
1781138878.911721,0.001010593,116566,11,922.753275
1781138878.912705,0.000989121,119396,10,965.673563
1781138878.913739,0.001002683,117882,9,940.532551
1781138878.914749,0.000999068,128084,10,1025.627885
1781138878.915745,0.000997617,126504,8,1014.449433
1781138878.916758,0.001011780,111958,7,885.235921
1781138878.917722,0.000992813,125254,11,1009.285737
1781138878.918754,0.000999038,123740,10,990.873220
1781138878.919748,0.001008874,126636,10,1004.176934
1781138878.920710,0.000992297,110576,8,891.475032
1781138878.921750,0.001003996,125122,9,996.992020
1781138878.922740,0.001002055,125056,8,998.396296
1781138878.923726,0.000989378,122094,7,987.238447
1781138878.924743,0.001002698,122160,8,974.650393
1781138878.925728,0.001005634,113406,7,902.165201
1781138878.926944,0.001001143,116500,10,930.935940
1781138878.927809,0.000991805,128084,10,1033.138571
1781138878.928727,0.000998996,123740,10,990.914879
1781138878.929752,0.001011094,110576,8,874.901839
1781138878.930702,0.000989767,125056,8,1010.791429
1781138878.931690,0.000999860,125056,8,1000.588082
1781138878.933446,0.001010580,120646,7,955.063429
1781138878.933798,0.000996597,107614,7,863.851687
1781138878.934802,0.001006109,127886,7,1016.875905
1781138878.935683,0.000988087,120712,8,977.339040
1781138878.937095,0.001003742,122292,10,974.688715
1781138878.937657,0.000993813,126636,10,1019.394997
1781138878.938717,0.001006212,110510,7,878.622000
1781138878.939700,0.000994153,125056,8,1006.332023
1781138878.940679,0.001000645,125056,8,999.803127
1781138878.941669,0.000999210,124990,7,1000.710561
1781138878.944725,0.001000637,116302,7,929.823702
1781138878.944823,0.001006481,110642,9,879.436373
1781138878.944904,0.000995090,122292,10,983.163332
1781138878.945669,0.000999750,126636,10,1013.341335
1781138878.946778,0.001004682,110576,8,880.485567
1781138878.947711,0.000994713,125056,8,1005.765482
1781138878.948684,0.001008651,125056,8,991.867356
1781138878.949668,0.000992717,149870,11,1207.756088
1781138878.950683,0.000997818,116500,10,934.038071
1781138878.951701,0.001013416,96162,9,759.111757
1781138878.952682,0.000991414,109128,8,880.584700
1781138878.953671,0.000995217,109062,7,876.689204
1781138878.954877,0.001008681,127952,8,1014.806465
1781138878.955697,0.000991107,110510,7,892.012669
1781138878.956737,0.000999414,126702,11,1014.210327
1781138878.957747,0.001012112,128216,12,1013.453057
1781138878.958741,0.000988942,117882,9,953.600919
1781138878.960384,0.001008581,117882,9,935.032486
1781138878.961591,0.000999352,127952,8,1024.279733
1781138878.961810,0.000992406,116302,7,937.535646
1781138878.962867,0.001012390,119528,12,944.521380
1781138878.963912,0.000998431,106232,8,851.191519
1781138878.965065,0.000988875,110708,10,895.627860
1781138878.965903,0.001007382,129466,9,1028.138283
1781138878.966756,0.000994518,113406,7,912.248949
1781138878.967748,0.001007161,129400,8,1027.839640
1781138878.968730,0.000995556,122160,8,981.642419
1781138878.969699,0.000993968,110510,7,889.445133
1781138878.970765,0.001007858,126570,9,1004.665340
1781138878.971673,0.000992564,96096,8,774.527386
1781138878.972670,0.001004514,122292,10,973.939636
1781138878.973724,0.000996872,112090,9,899.533742
1781138878.974781,0.000999527,127952,8,1024.100399
1781138878.975820,0.001000138,126504,8,1011.892359
1781138878.977034,0.001009985,120910,11,957.717194
1781138878.977685,0.000998836,126702,11,1014.797224
1781138878.978693,0.000992758,119330,9,961.603936
1781138878.979682,0.001008813,127952,8,1014.673681
1781138878.980703,0.000989041,123608,8,999.821039
1781138878.981691,0.001000964,109062,7,871.655724
1781138878.982744,0.001003602,114986,9,916.586456
1781138878.983680,0.000995434,123872,12,995.521551
1781138878.984667,0.001006090,128084,10,1018.469521
1781138878.985715,0.001007356,126636,10,1005.690143
1781138878.986701,0.000994698,116302,7,935.375360
1781138878.987816,0.000991818,88724,6,715.647427
1781138878.988958,0.000999929,112288,12,898.367784
1781138878.989737,0.001013552,115052,10,908.109303
1781138878.990703,0.000992463,126570,9,1020.249621
1781138878.991689,0.000994488,112024,8,901.159189
1781138878.992693,0.001001475,109062,7,871.210964
1781138878.993913,0.000998151,125056,8,1002.301255
1781138878.995455,0.001001390,120844,10,965.410080
1781138878.995998,0.001010835,116500,10,922.010021
1781138878.996708,0.000988960,125188,10,1012.684032
1781138878.997720,0.000999129,114986,9,920.689921
1781138878.998735,0.000999187,125056,8,1001.262026
1781138878.999711,0.001006646,126504,8,1005.350441
1781138879.000716,0.001004499,126504,8,1007.499261
1781138879.001698,0.000990730,106100,6,856.741998
1781138879.002866,0.001000532,120712,8,965.182523
1781138879.003737,0.001010315,116434,9,921.961962
1781138879.004695,0.000992100,126636,10,1021.155125
1781138879.005716,0.000995980,126570,9,1016.646921
1781138879.006751,0.001007571,128084,10,1016.972501
1781138879.007743,0.001001680,110510,7,882.597237
1781138879.008722,0.000990537,126504,8,1021.700350
1781138879.009696,0.001000621,125056,8,999.827107
1781138879.010717,0.001008632,109062,7,865.029069
1781138879.011796,0.001005546,120910,11,961.945053
1781138879.012731,0.000993790,117882,9,948.948973
1781138879.013682,0.000997020,126636,10,1016.116026
1781138879.014712,0.000996656,111958,7,898.669150
1781138879.015699,0.001003929,91818,9,731.669271
1781138879.016723,0.001004480,126768,12,1009.620898
1781138879.017675,0.000999751,85894,7,687.323143
1781138879.018844,0.000990029,122226,9,987.655917
1781138879.019714,0.001006099,125122,9,994.908056
1781138879.020852,0.000993139,116368,8,937.375332
1781138879.021657,0.001001753,123608,8,987.133555
1781138879.022700,0.001005450,129400,8,1029.588741
1781138879.023717,0.001005604,126504,8,1006.392178
1781138879.024745,0.001000261,104652,6,836.997544
1781138879.025756,0.000989533,127820,6,1033.376350
1781138879.026815,0.000999384,107746,9,862.499300
1781138879.027847,0.001001993,138286,11,1104.087554
1781138879.028880,0.001007516,114920,8,912.501638
1781138879.029712,0.000993529,110510,7,889.838143
1781138879.030700,0.000995211,94714,9,761.358144
1781138879.031779,0.001001684,126834,13,1012.966165
1781138879.032663,0.001006994,107746,9,855.981267
1781138879.033653,0.000991293,130980,10,1057.043679
1781138879.034667,0.001004600,125056,8,995.867012
1781138879.035703,0.001006458,110510,7,878.407246
1781138879.036669,0.001001406,125056,8,999.043345
1781138879.037755,0.000986671,126504,8,1025.703603
1781138879.038691,0.001000257,106166,7,849.109779
1781138879.039713,0.001005319,124924,6,994.104359
1781138879.040705,0.000996213,123542,7,992.093056
1781138879.041884,0.001000032,119330,9,954.609452
1781138879.043029,0.000998887,126504,8,1013.159647
1781138879.044144,0.001011729,122160,8,965.950368
1781138879.044940,0.000993749,104718,7,843.013679
1781138879.046192,0.000999990,120976,12,967.817678
1781138879.046766,0.001002843,134008,12,1069.024763
1781138879.047771,0.000991283,122226,9,986.406506
1781138879.048735,0.001015109,120712,8,951.322469
1781138879.049763,0.000989643,111958,7,905.037473
1781138879.051083,0.000995047,130848,8,1051.994529
1781138879.051740,0.001008624,112090,9,889.052809
1781138879.052736,0.001004439,123740,10,985.545165
1781138879.053755,0.000999736,126702,11,1013.883665
1781138879.054746,0.000996486,125056,8,1003.975972
1781138879.056245,0.000993356,95964,6,772.846794
1781138879.056953,0.001003759,106364,10,847.725400
1781138879.058569,0.001007102,103468,10,821.906818
1781138879.058877,0.000996296,119396,10,958.719096
1781138879.059801,0.000997895,125188,10,1003.616613
1781138879.060656,0.000992841,114986,9,926.520964
1781138879.061957,0.001007226,126504,8,1004.771521
1781138879.062858,0.000994115,107614,7,866.008460
1781138879.063766,0.000998564,149738,9,1199.626664
1781138879.064750,0.001014048,117948,10,930.512165
1781138879.065740,0.000985414,116566,11,946.331187
1781138879.066778,0.001013464,129532,10,1022.489205
1781138879.068201,0.000997630,129466,9,1038.188507
1781138879.068746,0.000992528,109062,7,879.064369
1781138879.069820,0.001009984,125056,8,990.558266
1781138879.071033,0.001001659,85762,5,684.959652
1781138879.071780,0.000994950,126636,10,1018.230062
1781138879.072722,0.001000983,122292,10,977.375240
1781138879.073744,0.001000809,126636,10,1012.269074
1781138879.074806,0.001003656,112024,8,892.927457
1781138879.076340,0.000998562,97478,7,780.947002
1781138879.077200,0.000993927,113736,12,915.447513
1781138879.077710,0.000997464,99058,9,794.478798
1781138879.080224,0.000995016,117882,9,947.779734
1781138879.080389,0.001008154,126636,10,1004.894094
1781138879.080780,0.000992825,113472,8,914.336363
1781138879.081829,0.001001003,125056,8,999.445556
1781138879.083231,0.001005249,129796,14,1032.946066
1781138879.083754,0.001000756,123806,11,989.699787
1781138879.084704,0.000992324,110642,9,891.982860
1781138879.086002,0.001000775,125056,8,999.673253
1781138879.086695,0.000999208,129466,9,1036.548947
1781138879.087715,0.001006707,118080,12,938.346510
1781138879.088696,0.001001659,119462,11,954.113126
1781138879.089660,0.000997746,123740,10,992.156320
1781138879.090716,0.001006112,112024,8,890.747750
1781138879.091732,0.000996693,125056,8,1003.767459
1781138879.092673,0.000997473,125056,8,1002.982537
1781138879.093711,0.001000428,125056,8,1000.019991
1781138879.098710,0.001000327,96030,7,767.988868
1781138879.098768,0.000998902,129532,10,1037.395060
1781138879.098788,0.000997765,123740,10,992.137427
1781138879.098804,0.000996350,112024,8,899.475084
1781138879.098874,0.001010467,125056,8,990.084783
1781138879.099705,0.000989531,120844,10,976.980004
1781138879.100685,0.001009487,120976,12,958.712693
1781138879.101702,0.001000498,118014,11,943.642066
1781138879.102865,0.001003692,122226,9,974.211212
1781138879.103982,0.000988329,135258,9,1094.841900
1781138879.105293,0.000999142,111958,7,896.433140
1781138879.105779,0.001005184,126504,8,1006.812683
1781138879.106899,0.000994056,126504,8,1018.083488
1781138879.108201,0.001000458,104652,6,836.832731
1781138879.108793,0.000999582,123608,8,989.277518
1781138879.109789,0.000998969,114986,9,920.837383
1781138879.110703,0.001012210,129532,10,1023.755940
1781138879.111653,0.000988033,122226,9,989.651155
1781138879.112653,0.001005212,112024,8,891.545266
1781138879.113682,0.000994346,109062,7,877.457143
1781138879.114809,0.001000328,136838,11,1094.345055
1781138879.115713,0.001003605,115118,11,917.635922
1781138879.116680,0.001002168,126768,12,1011.950092
1781138879.117706,0.001000725,123674,9,988.675210
1781138879.118710,0.000993409,110576,8,890.477135
1781138879.119658,0.001003351,130848,8,1043.287942
1781138879.120667,0.001010054,111958,7,886.748629
1781138879.121737,0.000996574,126504,8,1015.511141
1781138879.122767,0.000998667,126504,8,1013.382839
1781138879.123724,0.000995322,123476,6,992.450684
1781138879.124719,0.001001214,97412,6,778.351082
1781138879.128348,0.000995526,122292,10,982.732746
1781138879.128409,0.000999386,131046,11,1049.012093
1781138879.128428,0.001000839,122160,8,976.460749
1781138879.128678,0.001001305,107614,7,859.789974
1781138879.129689,0.001001374,129400,8,1033.779587
1781138879.130723,0.001009082,126504,8,1002.923449
1781138879.131649,0.000987237,123608,8,1001.648034
1781138879.132651,0.000999612,103336,8,827.008879
1781138879.133766,0.001001537,130980,10,1046.231942
1781138879.135101,0.000999295,119330,9,955.313496
1781138879.135676,0.001006686,130914,9,1040.356179
1781138879.136649,0.000993513,116302,7,936.491017
1781138879.137767,0.001004714,114920,8,915.046471
1781138879.139175,0.001001093,132560,12,1059.322161
1781138879.140084,0.000997811,110642,9,887.077813
1781138879.141554,0.000996129,113538,9,911.833708
1781138879.141800,0.001011156,139668,10,1105.016437
1781138879.144008,0.000989215,110510,7,893.718757
1781138879.144159,0.001003860,125056,8,996.601120
1781138879.144679,0.000995507,114920,8,923.509327
1781138879.145746,0.001000439,109326,11,874.224216
1781138879.146914,0.000999239,97544,8,780.946300
1781138879.147751,0.001005842,122226,9,972.128823
1781138879.148811,0.001003114,129532,10,1033.039116
1781138879.149770,0.000992373,113406,7,914.220762
1781138879.151184,0.001009844,52326,3,414.527392
1781138879.151710,0.000994619,49364,2,397.048518
1781138879.152767,0.000995174,0,0,0.000000
1781138879.153721,0.000999796,0,0,0.000000
1781138879.154708,0.001001699,0,0,0.000000
1781138879.155698,0.001010889,0,0,0.000000
1781138879.156698,0.000987225,0,0,0.000000
1781138879.157749,0.001011640,0,0,0.000000
1781138879.158784,0.000987636,0,0,0.000000
1781138879.159751,0.001000223,0,0,0.000000
1781138879.161196,0.001008323,0,0,0.000000
1781138879.161702,0.000992171,0,0,0.000000
1781138879.162732,0.001003493,0,0,0.000000
1781138879.163731,0.001007297,0,0,0.000000
1781138879.164689,0.000989772,0,0,0.000000
1781138879.165702,0.000999892,0,0,0.000000
1781138879.166729,0.001000406,0,0,0.000000
1781138879.168081,0.001011641,0,0,0.000000
1781138879.168703,0.000987784,0,0,0.000000
1781138879.170138,0.001010078,0,0,0.000000
1781138879.170745,0.000993253,0,0,0.000000
1781138879.171716,0.001005663,0,0,0.000000
1781138879.172766,0.000994563,0,0,0.000000
1781138879.173705,0.000995485,0,0,0.000000
1781138879.174710,0.001008073,0,0,0.000000
1781138879.175710,0.000996264,0,0,0.000000
1781138879.176724,0.001005723,0,0,0.000000
1781138879.177784,0.001004742,0,0,0.000000
1781138879.178694,0.000987187,0,0,0.000000
1781138879.179676,0.001008550,0,0,0.000000
1781138879.180819,0.000991565,0,0,0.000000
1781138879.181875,0.000997919,0,0,0.000000
1781138879.182673,0.000999838,154,1,1.232200
1781138879.183665,0.001001234,0,0,0.000000
1781138879.184656,0.001011440,0,0,0.000000
1781138879.185709,0.000990296,0,0,0.000000
1781138879.186993,0.000998274,0,0,0.000000
1781138879.188011,0.001001640,0,0,0.000000
1781138879.188756,0.001007493,0,0,0.000000
1781138879.189689,0.000990353,0,0,0.000000
1781138879.190694,0.001010039,0,0,0.000000
1781138879.191669,0.000995304,0,0,0.000000
1781138879.192660,0.001007730,0,0,0.000000
1781138879.194009,0.000990822,0,0,0.000000
1781138879.194671,0.001005717,0,0,0.000000
1781138879.195656,0.000990679,0,0,0.000000
1781138879.196768,0.001004018,0,0,0.000000
1781138879.197682,0.001005037,0,0,0.000000
1781138879.198699,0.000990360,0,0,0.000000
1781138879.199682,0.001006382,218,1,1.732940
1781138879.200655,0.001003962,0,0,0.000000
1781138879.201675,0.000990206,0,0,0.000000
1781138879.202675,0.001011543,0,0,0.000000
1781138879.203646,0.000988035,0,0,0.000000
1781138879.204645,0.000999579,0,0,0.000000
1781138879.205646,0.001001240,0,0,0.000000
1781138879.206660,0.000999250,0,0,0.000000
1781138879.207673,0.001012785,0,0,0.000000
1781138879.208646,0.000986755,0,0,0.000000
1781138879.209672,0.001011372,0,0,0.000000
1781138879.210687,0.000998201,0,0,0.000000
1781138879.211683,0.000995991,0,0,0.000000
1781138879.212666,0.001008217,0,0,0.000000
1781138879.213731,0.001002709,0,0,0.000000
1781138879.214692,0.000983872,0,0,0.000000
1781138879.215657,0.001012666,0,0,0.000000
1781138879.216661,0.000998507,0,0,0.000000
1781138879.217647,0.000990784,0,0,0.000000
1781138879.218662,0.000997668,0,0,0.000000
1781138879.219661,0.000999987,0,0,0.000000
1781138879.220650,0.001005287,0,0,0.000000
1781138879.221758,0.001006952,0,0,0.000000
1781138879.222756,0.000996273,0,0,0.000000
1781138879.223797,0.001001597,0,0,0.000000
1781138879.224720,0.001002630,0,0,0.000000
1781138879.225708,0.000996599,0,0,0.000000
1781138879.226664,0.000991082,0,0,0.000000
1781138879.227666,0.001003064,0,0,0.000000
1781138879.228657,0.001003119,0,0,0.000000
1781138879.229656,0.001002159,0,0,0.000000
1781138879.230667,0.000994130,0,0,0.000000
1781138879.231665,0.001000344,0,0,0.000000
1781138879.232675,0.000998577,0,0,0.000000
1781138879.233681,0.001004969,0,0,0.000000
1781138879.234689,0.000995027,0,0,0.000000
1781138879.235682,0.001009218,0,0,0.000000
1781138879.236657,0.000994736,0,0,0.000000
1781138879.237658,0.001007642,0,0,0.000000
1781138879.238671,0.000994836,0,0,0.000000
1781138879.239666,0.000991808,0,0,0.000000
1781138879.240664,0.001000006,0,0,0.000000
1781138879.241661,0.001000922,0,0,0.000000
1781138879.242677,0.000999325,0,0,0.000000
1781138879.243661,0.000999708,0,0,0.000000
1781138879.244675,0.001013562,0,0,0.000000
1781138879.245668,0.000990071,0,0,0.000000
1781138879.246682,0.001001439,0,0,0.000000
1781138879.247694,0.001006024,0,0,0.000000
1781138879.248662,0.001003878,0,0,0.000000
1781138879.249650,0.000989349,0,0,0.000000
1781138879.250685,0.000997570,0,0,0.000000
1781138879.251696,0.001004594,0,0,0.000000
1781138879.252661,0.001006975,0,0,0.000000
1781138879.253645,0.000986753,0,0,0.000000
1781138879.254689,0.001004534,54,1,0.430050
1781138879.255642,0.000995198,0,0,0.000000
1781138879.256757,0.001007331,0,0,0.000000
1781138879.257761,0.000993534,0,0,0.000000
1781138879.258740,0.000999217,0,0,0.000000
1781138879.259731,0.001010384,0,0,0.000000
1781138879.260707,0.000990274,0,0,0.000000
1781138879.261845,0.001003990,0,0,0.000000
1781138879.262674,0.001004925,0,0,0.000000
1781138879.263677,0.000991520,0,0,0.000000
1781138879.264664,0.001006935,0,0,0.000000
1781138879.265669,0.000992142,0,0,0.000000
1781138879.266729,0.001000657,0,0,0.000000
1781138879.267692,0.001004480,0,0,0.000000
1781138879.268663,0.000996350,0,0,0.000000
1781138879.269644,0.000998216,0,0,0.000000
1781138879.270730,0.001006202,0,0,0.000000
1781138879.271678,0.000998649,0,0,0.000000
1781138879.272679,0.001008111,0,0,0.000000
1781138879.273682,0.000999330,0,0,0.000000
1781138879.274667,0.000988124,0,0,0.000000
1781138879.275662,0.001001009,0,0,0.000000
1781138879.276657,0.001012533,0,0,0.000000
1781138879.277673,0.000997929,0,0,0.000000
1781138879.278761,0.000995503,0,0,0.000000
1781138879.279725,0.000998197,0,0,0.000000
1781138879.280705,0.000995881,0,0,0.000000
1781138879.281742,0.000999342,0,0,0.000000
1781138879.282697,0.000999734,0,0,0.000000
1781138879.283682,0.001000741,0,0,0.000000
1781138879.284662,0.000999280,0,0,0.000000
1781138879.285653,0.000999679,0,0,0.000000
1781138879.286663,0.001000104,0,0,0.000000
1781138879.287669,0.001007744,0,0,0.000000
1781138879.288655,0.000998885,0,0,0.000000
1781138879.289651,0.000998834,0,0,0.000000
1781138879.290681,0.000994505,0,0,0.000000
1781138879.291658,0.001001675,0,0,0.000000
1781138879.292674,0.001003318,0,0,0.000000
1781138879.293694,0.001008749,0,0,0.000000
1781138879.294704,0.000990147,0,0,0.000000
1781138879.295670,0.001002188,0,0,0.000000
1781138879.296653,0.001002714,0,0,0.000000
1781138879.297673,0.001004561,0,0,0.000000
1781138879.298754,0.000986618,0,0,0.000000
1781138879.299714,0.001013728,0,0,0.000000
1781138879.300710,0.000995935,0,0,0.000000
1781138879.301658,0.000991773,0,0,0.000000
1781138879.302670,0.000998542,0,0,0.000000
1781138879.303666,0.001005512,0,0,0.000000
1781138879.304675,0.000999468,0,0,0.000000
1781138879.305673,0.001008633,0,0,0.000000
1781138879.306687,0.000999337,0,0,0.000000
1781138879.307665,0.000987877,0,0,0.000000
1781138879.308723,0.001004875,0,0,0.000000
1781138879.309669,0.000998500,0,0,0.000000
1781138879.310735,0.000998564,0,0,0.000000
1781138879.311737,0.001004621,0,0,0.000000
1781138879.312715,0.000993557,0,0,0.000000
1781138879.313708,0.001004392,0,0,0.000000
1781138879.314697,0.001005296,0,0,0.000000
1781138879.315719,0.000989628,0,0,0.000000
1781138879.316720,0.001008124,0,0,0.000000
1781138879.317724,0.000991785,0,0,0.000000
1781138879.318763,0.001001008,0,0,0.000000
1781138879.319737,0.001004499,0,0,0.000000
1781138879.320739,0.001002995,0,0,0.000000
1781138879.321687,0.001003643,0,0,0.000000
1781138879.322734,0.000993489,0,0,0.000000
1781138879.323690,0.001001934,0,0,0.000000
1781138879.324676,0.001005380,0,0,0.000000
1781138879.325644,0.000986963,0,0,0.000000
1781138879.326683,0.001005647,0,0,0.000000
1781138879.327671,0.001004532,0,0,0.000000
1781138879.328653,0.000997830,0,0,0.000000
1781138879.329652,0.000998661,0,0,0.000000
1781138879.330678,0.000993145,0,0,0.000000
1781138879.331668,0.001003260,0,0,0.000000
1781138879.332671,0.001005974,0,0,0.000000
1781138879.333662,0.000991380,0,0,0.000000
1781138879.334704,0.000999244,0,0,0.000000
1781138879.335772,0.001015775,0,0,0.000000
1781138879.336688,0.000996549,0,0,0.000000
1781138879.337722,0.000987563,0,0,0.000000
1781138879.338696,0.001000302,0,0,0.000000
1781138879.339677,0.001004669,0,0,0.000000
1781138879.340673,0.001007609,0,0,0.000000
1781138879.341646,0.000988732,0,0,0.000000
1781138879.342686,0.001011211,0,0,0.000000
1781138879.343662,0.001002234,0,0,0.000000
1781138879.344648,0.000985588,0,0,0.000000
1781138879.345642,0.000999976,0,0,0.000000
1781138879.346664,0.000999861,0,0,0.000000
1781138879.347672,0.001010391,0,0,0.000000
1781138879.348663,0.000992596,0,0,0.000000
1781138879.349672,0.000997777,0,0,0.000000
1781138879.350710,0.001007308,0,0,0.000000
1781138879.351681,0.000992996,0,0,0.000000
1781138879.352664,0.000998954,0,0,0.000000
1781138879.353645,0.001000331,0,0,0.000000
1781138879.354662,0.000999669,0,0,0.000000
1781138879.355679,0.000999948,0,0,0.000000
1781138879.356664,0.001000015,0,0,0.000000
1781138879.357654,0.001010661,0,0,0.000000
1781138879.358661,0.000997337,1514,1,12.144340
1781138879.359699,0.000992297,96162,9,775.267889
1781138879.360699,0.001003042,115052,10,917.624586
1781138879.361712,0.000997115,125188,10,1004.401699
1781138879.362724,0.001012188,125056,8,988.401364
1781138879.363671,0.000999939,111958,7,895.718639
1781138879.364658,0.000988858,132230,7,1069.759258
1781138879.365657,0.001000951,123608,8,987.924484
1781138879.366708,0.001008299,103204,6,818.836476
1781138879.367687,0.000989580,115052,10,930.107722
1781138879.368716,0.001010294,125122,9,990.776942
1781138879.369883,0.000990939,94516,6,763.041923
1781138879.370724,0.000999762,111958,7,895.877219
1781138879.371686,0.001009439,139536,8,1105.849883
1781138879.372659,0.000996262,114920,8,922.809462
1781138879.373676,0.001006797,113670,11,903.220808
1781138879.374697,0.000993959,104784,8,843.366779
1781138879.375662,0.001004375,125188,10,997.141506
1781138879.376662,0.001001108,125056,8,999.340730
1781138879.377646,0.000989269,114920,8,929.332669
1781138879.378771,0.000998160,126504,8,1013.897572
1781138879.379718,0.001010368,106232,8,841.135111
1781138879.380669,0.001000246,114986,9,919.661763
1781138879.381651,0.000992068,112024,8,903.357431
1781138879.382669,0.001000871,110576,8,883.838177
1781138879.383663,0.000998590,111958,7,896.928669
1781138879.384681,0.001010323,152832,12,1210.163482
1781138879.385738,0.000992365,109260,10,880.804946
1781138879.386687,0.000995270,122292,10,982.985522
1781138879.387752,0.000999403,127952,8,1024.227464
1781138879.388764,0.001007027,125056,8,993.466908
1781138879.389812,0.001001056,108996,6,871.048173
1781138879.390729,0.001003562,126570,9,1008.966063
1781138879.392109,0.000996458,103204,6,828.566784
1781138879.392676,0.000992904,130848,8,1054.265065
1781138879.393653,0.001000024,112090,9,896.698479
1781138879.394699,0.001002578,94582,7,754.710357
1781138879.395676,0.000996447,101822,7,817.480508
1781138879.396653,0.001002668,126504,8,1009.339083
1781138879.397653,0.000998090,97412,6,780.787304
1781138879.398709,0.001011189,151318,11,1197.149099
1781138879.399675,0.000991667,115052,10,928.150276
1781138879.400702,0.001001023,128084,10,1023.624832
1781138879.401686,0.000996422,109062,7,875.629001
1781138879.402701,0.000999577,125056,8,1000.871369
1781138879.403761,0.001013748,120844,10,953.641339
1781138879.404671,0.000987366,118014,11,956.192537
1781138879.405654,0.001005760,123740,10,984.250716
1781138879.406711,0.000993867,117816,8,948.344195
1781138879.407682,0.001004327,127952,8,1019.205896
1781138879.408670,0.001005449,119264,8,948.941219
1781138879.409677,0.000989174,108996,6,881.511241
1781138879.410738,0.001010427,117882,9,933.324228
1781138879.411777,0.001004175,125188,10,997.340105
1781138879.412810,0.000985692,125188,10,1016.041522
1781138879.413749,0.000999949,117816,8,942.576071
1781138879.414905,0.001006623,143946,9,1143.991345
1781138879.415747,0.001003242,113670,11,906.421382
1781138879.416724,0.000991819,123740,10,998.085336
1781138879.417722,0.001005732,126570,9,1006.789085
1781138879.418698,0.000997043,113472,8,910.468255
1781138879.419692,0.000995473,127952,8,1028.270983
1781138879.420680,0.001007220,127952,8,1016.278469
1781138879.421955,0.000998165,109194,9,875.157915
1781138879.422864,0.000998401,114986,9,921.361257
1781138879.423756,0.001007147,126636,10,1005.898841
1781138879.424962,0.000993735,106166,7,854.682586
1781138879.425701,0.000999506,123608,8,989.352740
1781138879.426759,0.001000957,91620,6,732.259228
1781138879.427758,0.000995070,124990,7,1004.874029
1781138879.428711,0.001002574,122094,7,974.244295
1781138879.429722,0.001008473,110576,8,877.175690
1781138879.430686,0.000988656,115052,10,930.977003
1781138879.431798,0.001006097,126636,10,1006.948634
1781138879.432683,0.001001688,126570,9,1010.853679
1781138879.433650,0.000991958,110510,7,891.247412
1781138879.434690,0.001009639,120778,9,956.999482
1781138879.436044,0.000997032,112222,11,900.448531
1781138879.436690,0.000998523,129598,11,1038.317595
1781138879.437675,0.000995820,114986,9,923.749272
1781138879.438735,0.001002119,125056,8,998.332533
1781138879.439717,0.000997650,109062,7,874.551195
1781138879.440812,0.001084800,142498,9,1050.870206
1781138879.441826,0.001078180,117750,7,873.694559
1781138879.442703,0.000839535,93266,9,888.739600
1781138879.444031,0.000997798,125188,10,1003.714179
1781138879.444666,0.001012706,110510,7,872.987817
1781138879.445684,0.000986023,119198,7,967.101173
1781138879.446696,0.001002591,130914,9,1044.605427
1781138879.447701,0.001007975,120646,7,957.531685
1781138879.448698,0.000995141,110510,7,888.396720
1781138879.449718,0.001000707,120844,10,966.068989
1781138879.450819,0.000994073,110642,9,890.413481
1781138879.452780,0.001001193,125056,8,999.255888
1781138879.452831,0.001011637,125122,9,989.461635
1781138879.454518,0.000999123,109062,7,873.261851
1781138879.455088,0.000996600,90304,8,724.896649
1781138879.455686,0.000992944,125254,11,1009.152581
1781138879.456753,0.001014417,117816,8,929.132694
1781138879.457726,0.000984829,110576,8,898.235125
1781138879.458779,0.001000224,95964,6,767.540071
1781138879.459715,0.001007874,104718,7,831.199138
1781138879.460680,0.000991289,125320,12,1011.370044
1781138879.461730,0.001002331,126636,10,1010.731984
1781138879.462740,0.001006609,112024,8,890.307955
1781138879.463684,0.000997628,125056,8,1002.826705
1781138879.464660,0.000999526,116302,7,930.857226
1781138879.465666,0.000994184,78456,4,631.319756
1781138879.466683,0.001004303,0,0,0.000000
1781138879.467675,0.001000043,0,0,0.000000
1781138879.468647,0.000995688,0,0,0.000000
1781138879.469677,0.000999543,0,0,0.000000
1781138879.470716,0.001009894,0,0,0.000000
1781138879.471661,0.000990770,0,0,0.000000
1781138879.472655,0.001002633,0,0,0.000000
1781138879.473683,0.000999222,0,0,0.000000
1781138879.474686,0.000997436,0,0,0.000000
1781138879.475646,0.001000530,0,0,0.000000
1781138879.476650,0.001006271,0,0,0.000000
1781138879.477660,0.000994166,0,0,0.000000
1781138879.478725,0.000999052,0,0,0.000000
1781138879.479765,0.001000209,0,0,0.000000
1781138879.480660,0.001008563,0,0,0.000000
1781138879.481693,0.001001690,0,0,0.000000
1781138879.482681,0.000988924,0,0,0.000000
1781138879.483708,0.001011874,0,0,0.000000
1781138879.484679,0.000990089,0,0,0.000000
1781138879.485909,0.001001977,0,0,0.000000
1781138879.486932,0.001007242,0,0,0.000000
1781138879.487755,0.001000434,0,0,0.000000
1781138879.488666,0.000989005,0,0,0.000000
1781138879.489655,0.001009108,0,0,0.000000
1781138879.490673,0.000998217,0,0,0.000000
1781138879.491693,0.001002113,0,0,0.000000
1781138879.492679,0.001002676,0,0,0.000000
1781138879.493645,0.000987485,0,0,0.000000
1781138879.494812,0.001000455,0,0,0.000000
1781138879.495731,0.001005045,0,0,0.000000
1781138879.496696,0.001002350,0,0,0.000000
1781138879.497680,0.001002175,0,0,0.000000
1781138879.498722,0.000990021,0,0,0.000000
1781138879.499713,0.001014005,0,0,0.000000
1781138879.500669,0.001002558,0,0,0.000000
1781138879.501646,0.000983113,0,0,0.000000
1781138879.502671,0.001007516,0,0,0.000000
1781138879.503646,0.000992566,0,0,0.000000
1781138879.504649,0.001001819,0,0,0.000000
1781138879.505692,0.001000592,0,0,0.000000
1781138879.506689,0.001005030,0,0,0.000000
1781138879.507643,0.000992705,0,0,0.000000
1781138879.508647,0.001001658,0,0,0.000000
1781138879.509652,0.001008989,0,0,0.000000
1781138879.510678,0.000997311,0,0,0.000000
1781138879.511683,0.000993363,0,0,0.000000
1781138879.512672,0.001010258,0,0,0.000000
1781138879.513696,0.000997122,0,0,0.000000
1781138879.514694,0.001000355,0,0,0.000000
1781138879.515664,0.000991466,0,0,0.000000
1781138879.516661,0.001014211,0,0,0.000000
1781138879.517643,0.000984968,0,0,0.000000
1781138879.518692,0.001013729,0,0,0.000000
1781138879.519678,0.001001088,0,0,0.000000
1781138879.520654,0.000992446,0,0,0.000000
1781138879.521658,0.001006842,0,0,0.000000
1781138879.522682,0.000987743,0,0,0.000000
1781138879.523743,0.001000815,0,0,0.000000
1781138879.524739,0.001007773,0,0,0.000000
1781138879.525658,0.001001899,0,0,0.000000
1781138879.526682,0.000991437,0,0,0.000000
1781138879.527663,0.000996565,0,0,0.000000
1781138879.528671,0.001008404,0,0,0.000000
1781138879.529676,0.001003557,0,0,0.000000
1781138879.530686,0.000991100,0,0,0.000000
1781138879.531687,0.001000933,0,0,0.000000
1781138879.532680,0.001003450,0,0,0.000000
1781138879.533672,0.000997069,0,0,0.000000
1781138879.534667,0.000999710,0,0,0.000000
1781138879.535667,0.001002440,0,0,0.000000
1781138879.536655,0.000993933,0,0,0.000000
1781138879.537847,0.001012964,0,0,0.000000
1781138879.538723,0.000988026,0,0,0.000000
1781138879.539653,0.000998341,0,0,0.000000
1781138879.540732,0.001000901,0,0,0.000000
1781138879.541663,0.001012930,0,0,0.000000
1781138879.542668,0.000986191,0,0,0.000000
1781138879.543685,0.001014345,0,0,0.000000
1781138879.544661,0.000985624,0,0,0.000000
1781138879.545651,0.001008196,0,0,0.000000
1781138879.546679,0.000992870,0,0,0.000000
1781138879.547660,0.000999415,0,0,0.000000
1781138879.548651,0.001003894,0,0,0.000000
1781138879.549648,0.001002128,0,0,0.000000
1781138879.550678,0.000994355,0,0,0.000000
1781138879.551660,0.000999216,0,0,0.000000
1781138879.552699,0.001012311,0,0,0.000000
1781138879.553649,0.000990471,0,0,0.000000
1781138879.554674,0.001007125,0,0,0.000000
1781138879.555663,0.000990103,0,0,0.000000
1781138879.556666,0.001001718,0,0,0.000000
1781138879.557653,0.000998429,0,0,0.000000
1781138879.558693,0.001004377,0,0,0.000000
1781138879.559675,0.000999301,0,0,0.000000
1781138879.560647,0.000996883,0,0,0.000000
1781138879.561656,0.001012113,0,0,0.000000
1781138879.562679,0.000989575,0,0,0.000000
1781138879.563643,0.000997291,0,0,0.000000
1781138879.564676,0.001009816,0,0,0.000000
1781138879.565649,0.000995990,0,0,0.000000
1781138879.566661,0.000995385,0,0,0.000000
1781138879.567668,0.001005470,0,0,0.000000
1781138879.568661,0.000993768,0,0,0.000000
1781138879.569651,0.001004514,0,0,0.000000
1781138879.570654,0.001000594,0,0,0.000000
1781138879.571687,0.001002202,0,0,0.000000
1781138879.572657,0.001002718,0,0,0.000000
1781138879.573701,0.000997443,0,0,0.000000
1781138879.574679,0.000992981,0,0,0.000000
1781138879.575692,0.001009595,0,0,0.000000
1781138879.576664,0.000994246,0,0,0.000000
1781138879.577685,0.000997780,0,0,0.000000
1781138879.578695,0.001011222,0,0,0.000000
1781138879.579664,0.000987974,0,0,0.000000
1781138879.580647,0.000998328,0,0,0.000000
1781138879.581749,0.001013349,0,0,0.000000
1781138879.582684,0.000989496,0,0,0.000000
1781138879.583698,0.000997435,0,0,0.000000
1781138879.584669,0.001005152,0,0,0.000000
1781138879.585658,0.001008290,0,0,0.000000
1781138879.586672,0.000992248,0,0,0.000000
1781138879.587677,0.000994044,0,0,0.000000
1781138879.588664,0.001001684,0,0,0.000000
1781138879.589645,0.000998843,0,0,0.000000
1781138879.590681,0.001003012,0,0,0.000000
1781138879.591681,0.000999109,0,0,0.000000
1781138879.592659,0.001006105,0,0,0.000000
1781138879.593724,0.000995935,0,0,0.000000
1781138879.594799,0.001003266,0,0,0.000000
1781138879.595712,0.000993389,0,0,0.000000
1781138879.596657,0.001005484,0,0,0.000000
1781138879.597651,0.000997745,0,0,0.000000
1781138879.598686,0.001002344,0,0,0.000000
1781138879.599662,0.000993976,0,0,0.000000
1781138879.600662,0.001011436,0,0,0.000000
1781138879.601655,0.000996927,0,0,0.000000
1781138879.602733,0.000991058,0,0,0.000000
1781138879.603697,0.001001044,0,0,0.000000
1781138879.604665,0.000998777,0,0,0.000000
1781138879.605712,0.001002472,0,0,0.000000
1781138879.606763,0.000999743,0,0,0.000000
1781138879.607769,0.001004965,0,0,0.000000
1781138879.608653,0.000993331,0,0,0.000000
1781138879.609644,0.000999666,0,0,0.000000
1781138879.610692,0.001012075,0,0,0.000000
1781138879.611685,0.000992260,0,0,0.000000
1781138879.612654,0.001002354,0,0,0.000000
1781138879.613641,0.000992957,0,0,0.000000
1781138879.614667,0.001004698,0,0,0.000000
1781138879.615676,0.001009556,0,0,0.000000
1781138879.616661,0.000985898,0,0,0.000000
1781138879.617656,0.001011342,0,0,0.000000
1781138879.618664,0.000988652,0,0,0.000000
1781138879.619674,0.001007669,0,0,0.000000
1781138879.620649,0.000995633,0,0,0.000000
1781138879.621663,0.000998548,0,0,0.000000
1781138879.622688,0.000998687,0,0,0.000000
1781138879.623691,0.000999635,0,0,0.000000
1781138879.624671,0.001003077,0,0,0.000000
1781138879.625770,0.000996921,0,0,0.000000
1781138879.626694,0.001002554,0,0,0.000000
1781138879.627661,0.000997648,0,0,0.000000
1781138879.628645,0.001001380,0,0,0.000000
1781138879.629680,0.001013429,0,0,0.000000
1781138879.630678,0.000985056,0,0,0.000000
1781138879.631664,0.001001435,0,0,0.000000
1781138879.632672,0.001006361,0,0,0.000000
1781138879.633654,0.001000826,0,0,0.000000
1781138879.634678,0.000991296,0,0,0.000000
1781138879.635654,0.001009723,0,0,0.000000
1781138879.636652,0.000996910,0,0,0.000000
1781138879.637661,0.000995306,0,0,0.000000
1781138879.638687,0.000998170,0,0,0.000000
1781138879.639679,0.000999959,0,0,0.000000
1781138879.640743,0.001009127,0,0,0.000000
1781138879.641646,0.000990677,0,0,0.000000
1781138879.642680,0.001001015,0,0,0.000000
1781138879.643670,0.001010620,0,0,0.000000
1781138879.644644,0.000988483,0,0,0.000000
1781138879.645651,0.001009558,0,0,0.000000
1781138879.646736,0.000996808,0,0,0.000000
1781138879.647752,0.001005808,0,0,0.000000
1781138879.648665,0.001000937,0,0,0.000000
1781138879.649648,0.000991576,0,0,0.000000
1781138879.650679,0.001011303,0,0,0.000000
1781138879.651662,0.000985214,0,0,0.000000
1781138879.652646,0.000998710,0,0,0.000000
1781138879.653647,0.001003486,0,0,0.000000
1781138879.654679,0.000996953,0,0,0.000000
1781138879.655679,0.000999732,0,0,0.000000
1781138879.656677,0.001013331,0,0,0.000000
1781138879.657645,0.000987089,0,0,0.000000
1781138879.658742,0.001000025,0,0,0.000000
1781138879.659655,0.001006394,0,0,0.000000
1781138879.660666,0.000993022,0,0,0.000000
1781138879.661704,0.001005803,0,0,0.000000
1781138879.662712,0.001004013,0,0,0.000000
1781138879.663665,0.000991886,0,0,0.000000
1781138879.664654,0.001005461,0,0,0.000000
1781138879.665647,0.000993322,0,0,0.000000
1781138879.666684,0.001000352,0,0,0.000000
1781138879.667655,0.000999339,0,0,0.000000
1781138879.668649,0.001002381,0,0,0.000000
1781138879.669667,0.001002704,0,0,0.000000
1781138879.670757,0.000997091,1514,1,12.147337
1781138879.671677,0.001002535,104916,10,837.205684
1781138879.672658,0.000995144,120844,10,971.469456
1781138879.673755,0.001000343,123740,10,989.580574
1781138879.674755,0.001007536,110576,8,877.991456
1781138879.675752,0.000992233,125056,8,1008.279305
1781138879.676678,0.001001154,125056,8,999.294814
1781138879.677701,0.001009589,125056,8,990.945821
1781138879.678721,0.000990547,103204,6,833.511181
1781138879.679695,0.001011268,127886,7,1011.688296
1781138879.680718,0.000997690,119462,11,957.908769
1781138879.681684,0.000990812,123674,9,998.566832
1781138879.682737,0.001007845,112024,8,889.216100
1781138879.683701,0.000991110,125210,9,1010.664810
1781138879.684702,0.001000163,125056,8,1000.284954
1781138879.685749,0.000999760,120646,7,965.399696
1781138879.686845,0.001000717,112090,9,896.077512
1781138879.687802,0.001006193,80036,6,636.347102
1781138879.688685,0.000999680,98992,8,792.189501
1781138879.689676,0.000995252,66872,4,537.528184
1781138879.690697,0.001000696,107614,7,860.313222
1781138879.691764,0.000997462,125056,8,1002.993598
1781138879.692680,0.001002237,125056,8,998.214993
1781138879.693730,0.000997585,120778,9,968.563080
1781138879.694668,0.001001090,119462,11,954.655426
1781138879.695740,0.000999550,125188,10,1001.954880
1781138879.696688,0.001007329,129532,10,1028.716537
1781138879.697807,0.001006410,126504,8,1005.586193
1781138879.698756,0.000986951,107614,7,872.294572
1781138879.699922,0.001012132,125056,8,988.456051
1781138879.706655,0.000998994,123728,10,990.820766
1781138879.706688,0.000989154,119396,10,965.641346
1781138879.706705,0.000999718,117882,9,943.322017
1781138879.706720,0.001002684,113538,9,905.872638
1781138879.706735,0.001004198,241556,9,1924.369497
1781138879.706750,0.000996190,114986,9,923.406178
1781138879.706775,0.001000558,125254,11,1001.473178
1781138879.707912,0.001009700,125472,12,994.132911
1781138879.708798,0.000987578,125122,9,1013.566523
1781138879.709749,0.001002249,110510,7,882.096166
1781138879.710763,0.000996653,132296,8,1061.922254
1781138879.711749,0.000999620,106430,11,851.763670
1781138879.712808,0.001001193,97544,8,779.422149
1781138879.713790,0.001003211,114986,9,916.943694
1781138879.714807,0.001002816,125188,10,998.691684
1781138879.715682,0.000999583,126570,9,1012.982414
1781138879.716739,0.000992404,127952,8,1031.450901
1781138879.717737,0.001003346,106166,7,846.495626
1781138879.718724,0.000998912,119198,7,954.622629
1781138879.719740,0.001002858,116500,10,929.343935
1781138879.720772,0.000995583,112156,10,901.228727
1781138879.721939,0.001004136,128084,10,1020.451413
1781138879.722898,0.000997112,126636,10,1016.022272
1781138879.723856,0.001006049,109062,7,867.250005
1781138879.724701,0.000993797,125056,8,1006.692514
1781138879.725745,0.001003524,122094,7,973.322013
1781138879.726736,0.001009060,127952,8,1014.425307
1781138879.727706,0.000991664,124924,6,1007.792962
1781138879.728768,0.000994265,106232,8,854.758037
1781138879.729663,0.001011278,123608,8,977.835966
1781138879.730682,0.000992119,125188,10,1009.459551
1781138879.731690,0.000998392,110510,7,885.503890
1781138879.732690,0.000999403,120844,10,967.329496
1781138879.733662,0.000998836,113670,11,910.419729
1781138879.734672,0.001000292,128150,11,1024.900729
1781138879.735682,0.001000008,125188,10,1001.495988
1781138879.736686,0.001005168,129532,10,1030.928163
1781138879.737719,0.001003834,111958,7,892.243140
1781138879.738828,0.000999685,125056,8,1000.763240
1781138879.739800,0.001004601,127952,8,1018.927913
1781138879.740737,0.000990156,104718,7,846.072740
1781138879.741707,0.001004310,124924,6,995.103106
1781138879.744570,0.000998736,111892,6,896.268884
1781138879.744721,0.000995676,66938,5,537.829575
1781138879.744899,0.001010345,85894,7,680.116198
1781138879.745735,0.000987011,125188,10,1014.683727
1781138879.746720,0.001010369,95964,6,759.833289
1781138879.747674,0.000994505,125056,8,1005.975837
1781138879.748660,0.000995323,64240,8,516.334898
1781138879.749673,0.001000318,125320,12,1002.241287
1781138879.750698,0.000999557,85894,7,687.456543
1781138879.751692,0.001008293,125188,10,993.266838
1781138879.752667,0.000999153,120712,8,966.514638
1781138879.753647,0.000992849,112024,8,902.646827
1781138879.754696,0.001009070,91752,8,727.418316
1781138879.755663,0.001001322,113670,11,908.159413
1781138879.756699,0.000989764,80036,6,646.909768
1781138879.757688,0.001000707,122292,10,977.644805
1781138879.759084,0.001004232,98926,7,788.072876
1781138879.759671,0.000994908,93068,6,748.354622
1781138879.760650,0.001002193,126702,11,1011.398004
1781138879.761648,0.000997078,116566,11,935.260832
1781138879.762700,0.001001097,113592,10,907.740209
1781138879.764462,0.000999870,100440,8,803.624471
1781138879.764677,0.001006512,82866,5,658.638943
1781138879.765664,0.001003844,130848,8,1042.775571
1781138879.766701,0.000999187,110510,7,884.799342
1781138879.767766,0.000990500,125056,8,1010.043412
1781138879.768739,0.000999310,129400,8,1035.914781
1781138879.769759,0.001007838,103204,6,819.211024
1781138879.770785,0.000997621,120712,8,967.998869
1781138879.772186,0.001000709,125188,10,1000.794437
1781138879.772777,0.001002176,130980,10,1045.564851
1781138879.773962,0.001002325,112024,9,894.113187
1781138879.774813,0.000990302,117684,6,950.691809
1781138879.775792,0.001001933,119396,10,953.325222
1781138879.776749,0.001006426,123806,11,984.124019
1781138879.777749,0.000991194,129532,10,1045.462341
1781138879.778792,0.000999984,113538,9,908.318533
1781138879.779744,0.001005011,126504,8,1006.985993
1781138879.780751,0.000996804,125056,8,1003.655684
1781138879.781718,0.001003611,114854,7,915.526035
1781138879.782780,0.001003402,113670,11,906.276846
1781138879.783751,0.000991094,106298,9,858.025576
1781138879.784751,0.000999984,125188,10,1001.520024
1781138879.785730,0.001000041,113472,8,907.738783
1781138879.786727,0.001002603,126570,9,1009.931149
1781138879.788011,0.001000361,122424,12,979.038567
1781138879.788699,0.001008702,120910,11,958.935345
1781138879.789717,0.001000948,120778,9,965.308887
1781138879.790865,0.000998830,125122,9,1002.148514
1781138879.791911,0.000999810,114920,8,919.534712
1781138879.792919,0.000990006,127952,8,1033.949289
1781138879.793705,0.000998861,106166,7,850.296488
1781138879.794796,0.001010414,152634,9,1208.486818
1781138879.795777,0.000999865,116566,11,932.653908
1781138879.796698,0.000990572,116434,9,940.337502
1781138879.797705,0.001000005,126636,10,1013.082935
1781138879.799024,0.001006757,123608,8,982.227092
1781138879.799667,0.000999661,113406,7,907.555661
1781138879.800663,0.001005629,116368,8,925.733049
1781138879.801646,0.000986462,125320,12,1016.318926
1781138879.802724,0.001005617,125188,10,995.909974
1781138879.803686,0.000994252,109128,8,878.071153
1781138879.804707,0.001011005,128084,10,1013.518232
1781138879.805663,0.000996345,125056,8,1004.118051
1781138879.806703,0.000993302,111958,7,901.703611
1781138879.807886,0.001000047,126504,8,1011.984437
1781138879.808779,0.001007319,122226,9,970.703422
1781138879.810042,0.001001851,113604,10,907.152860
1781138879.810909,0.001000459,125188,10,1001.044521
1781138879.811852,0.000992864,123674,9,996.503046
1781138879.812763,0.000998335,126636,10,1014.777605
1781138879.813828,0.001012114,117750,7,930.725195
1781138879.814839,0.000999414,87276,6,698.617390
1781138879.815762,0.000987771,0,0,0.000000
1781138879.816745,0.001000587,80036,6,639.912371
1781138879.817733,0.001011678,116500,10,921.241739
1781138879.818698,0.000991811,117882,9,950.842449
1781138879.819687,0.000995601,125188,10,1005.929082
1781138879.821066,0.001003253,120712,8,962.564777
1781138879.821749,0.000996632,127952,8,1027.075189
1781138879.822875,0.001004388,107614,7,857.150822
1781138879.823790,0.000997006,130848,8,1049.927483
1781138879.824916,0.000999590,122094,7,977.152633
1781138879.825791,0.001009011,126504,8,1002.994021
1781138879.826699,0.001002199,106034,5,846.410743
1781138879.827679,0.001000278,123674,9,989.117025
1781138879.828660,0.000989815,123674,9,999.572647
1781138879.829661,0.001008306,113538,9,900.821774
1781138879.830688,0.000990982,111958,7,903.814600
1781138879.831675,0.001009381,129400,8,1025.579043
1781138879.832683,0.000989004,120910,11,978.034467
1781138879.833671,0.001001550,126702,11,1012.047327
1781138879.834687,0.000998695,128084,10,1026.010944
1781138879.835714,0.001012663,125188,10,988.980539
1781138879.836652,0.000988071,110576,8,895.287889
1781138879.837651,0.000999198,125056,8,1001.251003
1781138879.838701,0.001010039,125056,8,990.504327
1781138879.839669,0.000992045,104652,6,843.929459
1781138879.840659,0.001003638,126438,7,1007.837487
1781138879.841771,0.000999126,126372,6,1011.860366
1781138879.842700,0.000995020,119330,9,959.417901
1781138879.843692,0.001001468,109194,9,872.271505
1781138879.845810,0.002004749,226878,15,905.362217
1781138879.846828,0.000998615,145592,12,1166.351397
1781138879.847810,0.001002714,101954,9,813.424366
1781138879.848748,0.001003953,134008,12,1067.842817
1781138879.849763,0.000995553,119396,10,959.434606
1781138879.850750,0.000999173,103270,7,826.843800
1781138879.851721,0.001001354,142498,9,1138.442549
1781138879.852804,0.001002298,111958,7,893.610483
1781138879.853881,0.001003567,129400,8,1031.520566
1781138879.854798,0.000986795,104652,6,848.419378
1781138879.855763,0.001004850,123476,6,983.040255
1781138879.856725,0.000994920,113472,8,912.411048
1781138879.857653,0.001001693,129532,10,1034.504584
1781138879.858738,0.001007844,116434,9,924.222399
1781138879.859678,0.001001655,129532,10,1034.543830
1781138879.860656,0.000998536,109062,7,873.775207
1781138879.861647,0.000991481,130848,8,1055.778174
1781138879.862695,0.001011650,112090,9,886.393516
1781138879.863683,0.000989101,125254,11,1013.073488
1781138879.867119,0.001005506,125188,10,996.019914
1781138879.867161,0.000992997,125122,9,1008.035271
1781138879.867190,0.001007432,112024,8,889.580637
1781138879.867659,0.000993285,82800,4,666.878086
1781138879.868651,0.000998612,0,0,0.000000
1781138879.869673,0.001004722,0,0,0.000000
1781138879.870686,0.000995601,0,0,0.000000
1781138879.871663,0.001000052,0,0,0.000000
1781138879.872656,0.001009918,0,0,0.000000
1781138879.873665,0.000990751,0,0,0.000000
1781138879.874798,0.000999251,0,0,0.000000
1781138879.875736,0.001000324,0,0,0.000000
1781138879.876670,0.001001793,0,0,0.000000
1781138879.877651,0.000999063,0,0,0.000000
1781138879.878701,0.001000091,0,0,0.000000
1781138879.879692,0.001007283,0,0,0.000000
1781138879.880665,0.000995901,0,0,0.000000
1781138879.881653,0.001003108,0,0,0.000000
1781138879.882683,0.000995763,0,0,0.000000
1781138879.883713,0.000996924,0,0,0.000000
1781138879.884691,0.001010800,0,0,0.000000
1781138879.885711,0.000997226,0,0,0.000000
1781138879.886716,0.000998955,0,0,0.000000
1781138879.887671,0.000997926,0,0,0.000000
1781138879.888651,0.000996408,0,0,0.000000
1781138879.889647,0.000998634,0,0,0.000000
1781138879.890692,0.001010760,0,0,0.000000
1781138879.891664,0.000990374,0,0,0.000000
1781138879.892840,0.001003958,0,0,0.000000
1781138879.893700,0.000995039,0,0,0.000000
1781138879.894716,0.001005344,0,0,0.000000
1781138879.895670,0.000997674,0,0,0.000000
1781138879.896665,0.001006139,0,0,0.000000
1781138879.897668,0.001002367,0,0,0.000000
1781138879.898672,0.000995793,0,0,0.000000
1781138879.899672,0.001001266,0,0,0.000000
1781138879.900666,0.001003267,0,0,0.000000
1781138879.901700,0.000993482,0,0,0.000000
1781138879.902702,0.000994390,0,0,0.000000
1781138879.903665,0.001003434,0,0,0.000000
1781138879.904651,0.000999357,0,0,0.000000
1781138879.905650,0.001003030,0,0,0.000000
1781138879.906680,0.000993600,0,0,0.000000
1781138879.907683,0.000999951,0,0,0.000000
1781138879.908669,0.001006698,0,0,0.000000
1781138879.909657,0.001005338,0,0,0.000000
1781138879.910681,0.000992644,0,0,0.000000
1781138879.911666,0.001001743,0,0,0.000000
1781138879.912665,0.000998728,0,0,0.000000
1781138879.913667,0.001003882,0,0,0.000000
1781138879.914681,0.000994049,0,0,0.000000
1781138879.915686,0.000999435,0,0,0.000000
1781138879.916672,0.001008397,0,0,0.000000
1781138879.917645,0.000990454,0,0,0.000000
1781138879.918664,0.000999131,0,0,0.000000
1781138879.919668,0.001000777,0,0,0.000000
1781138879.920651,0.001002727,0,0,0.000000
1781138879.921665,0.000997922,0,0,0.000000
1781138879.922681,0.001004386,0,0,0.000000
1781138879.923692,0.000994327,0,0,0.000000
1781138879.924653,0.000999759,0,0,0.000000
1781138879.925660,0.001013615,0,0,0.000000
1781138879.926696,0.000992557,0,0,0.000000
1781138879.927669,0.000994184,0,0,0.000000
1781138879.928656,0.001008900,0,0,0.000000
1781138879.929662,0.000990621,0,0,0.000000
1781138879.930702,0.001007454,0,0,0.000000
1781138879.931654,0.000995757,0,0,0.000000
1781138879.932682,0.000999785,0,0,0.000000
1781138879.933657,0.001000991,0,0,0.000000
1781138879.934692,0.001007821,0,0,0.000000
1781138879.935687,0.000996476,0,0,0.000000
1781138879.936657,0.001000240,0,0,0.000000
1781138879.937656,0.001005117,0,0,0.000000
1781138879.938696,0.000997790,0,0,0.000000
1781138879.939722,0.000989698,0,0,0.000000
1781138879.940724,0.000998877,0,0,0.000000
1781138879.941723,0.001000764,0,0,0.000000
1781138879.942705,0.001008455,0,0,0.000000
1781138879.943797,0.000994339,0,0,0.000000
1781138879.944724,0.000997725,0,0,0.000000
1781138879.945704,0.001000659,0,0,0.000000
1781138879.946716,0.001007466,0,0,0.000000
1781138879.947666,0.000993121,0,0,0.000000
1781138879.948643,0.000997683,0,0,0.000000
1781138879.949682,0.001000762,0,0,0.000000
1781138879.950679,0.001010121,0,0,0.000000
1781138879.951671,0.000992936,0,0,0.000000
1781138879.952677,0.001010530,0,0,0.000000
1781138879.953653,0.000991648,0,0,0.000000
1781138879.954680,0.000994833,0,0,0.000000
1781138879.955677,0.000998784,0,0,0.000000
1781138879.956681,0.001002968,0,0,0.000000
1781138879.957646,0.000997003,0,0,0.000000
1781138879.958686,0.001000512,0,0,0.000000
1781138879.959735,0.001007045,0,0,0.000000
1781138879.960701,0.000998209,0,0,0.000000
1781138879.961677,0.000998091,0,0,0.000000
1781138879.962709,0.001003001,0,0,0.000000
1781138879.963697,0.000997251,0,0,0.000000
1781138879.964690,0.000997364,0,0,0.000000
1781138879.965710,0.001009133,0,0,0.000000
1781138879.966707,0.000990540,0,0,0.000000
1781138879.967913,0.001005172,0,0,0.000000
1781138879.968674,0.001003976,0,0,0.000000
1781138879.969662,0.000993029,0,0,0.000000
1781138879.970681,0.000999997,0,0,0.000000
1781138879.971676,0.001009853,0,0,0.000000
1781138879.972664,0.000987274,0,0,0.000000
1781138879.973687,0.001008120,0,0,0.000000
1781138879.974678,0.000991973,0,0,0.000000
1781138879.975668,0.000999597,0,0,0.000000
1781138879.976649,0.001000906,0,0,0.000000
1781138879.977662,0.001000010,0,0,0.000000
1781138879.978702,0.001001931,0,0,0.000000
1781138879.979724,0.000997138,0,0,0.000000
1781138879.980686,0.001011139,0,0,0.000000
1781138879.981653,0.000998058,0,0,0.000000
1781138879.982679,0.000990642,0,0,0.000000
1781138879.983683,0.001005919,0,0,0.000000
1781138879.984649,0.000996929,0,0,0.000000
1781138879.985648,0.001000503,0,0,0.000000
1781138879.986683,0.001001020,0,0,0.000000
1781138879.987663,0.000998911,0,0,0.000000
1781138879.988668,0.000998970,0,0,0.000000
1781138879.989707,0.001009336,0,0,0.000000
1781138879.990698,0.000990801,0,0,0.000000
1781138879.991696,0.001005735,0,0,0.000000
1781138879.992672,0.000999205,0,0,0.000000
1781138879.993654,0.001000062,0,0,0.000000
1781138879.994691,0.001004545,0,0,0.000000
1781138879.995686,0.000995933,0,0,0.000000
1781138879.996664,0.000992541,0,0,0.000000
1781138879.997655,0.001003583,0,0,0.000000
1781138879.998696,0.001002458,0,0,0.000000
1781138879.999662,0.000993880,0,0,0.000000
1781138880.000657,0.000999959,0,0,0.000000
1781138880.001743,0.001009298,0,0,0.000000
1781138880.002695,0.001000798,0,0,0.000000
1781138880.003808,0.001001673,0,0,0.000000
1781138880.004681,0.000997160,0,0,0.000000
1781138880.005671,0.000991228,0,0,0.000000
1781138880.006693,0.001002102,0,0,0.000000
1781138880.007705,0.000998318,0,0,0.000000
1781138880.008668,0.001006916,0,0,0.000000
1781138880.009675,0.000992812,0,0,0.000000
1781138880.010678,0.001008017,0,0,0.000000
1781138880.011750,0.000992145,0,0,0.000000
1781138880.012661,0.001007311,0,0,0.000000
1781138880.013644,0.000992312,0,0,0.000000
1781138880.014685,0.001006736,0,0,0.000000
1781138880.015654,0.000993502,0,0,0.000000
1781138880.016666,0.000999512,0,0,0.000000
1781138880.017649,0.001005333,0,0,0.000000
1781138880.018840,0.001003591,0,0,0.000000
1781138880.019725,0.000992338,0,0,0.000000
1781138880.020668,0.001000554,0,0,0.000000
1781138880.021647,0.001001424,0,0,0.000000
1781138880.022670,0.001003849,0,0,0.000000
1781138880.023666,0.000997457,0,0,0.000000
1781138880.024673,0.001006324,0,0,0.000000
1781138880.025644,0.000989207,0,0,0.000000
1781138880.026695,0.001013540,0,0,0.000000
1781138880.027666,0.000991877,0,0,0.000000
1781138880.028671,0.000994929,0,0,0.000000
1781138880.029646,0.000999564,0,0,0.000000
1781138880.030667,0.001000048,0,0,0.000000
1781138880.031658,0.001012663,0,0,0.000000
1781138880.032646,0.000987215,0,0,0.000000
1781138880.033654,0.001011015,0,0,0.000000
1781138880.034664,0.000988894,0,0,0.000000
1781138880.035644,0.001000102,0,0,0.000000
1781138880.036757,0.001013966,0,0,0.000000
1781138880.037711,0.000996709,0,0,0.000000
1781138880.038684,0.000992290,0,0,0.000000
1781138880.039657,0.001007350,0,0,0.000000
1781138880.040644,0.000990939,0,0,0.000000
1781138880.041656,0.001013185,0,0,0.000000
1781138880.042662,0.000985939,0,0,0.000000
1781138880.043651,0.001006282,0,0,0.000000
1781138880.044649,0.000998756,0,0,0.000000
1781138880.045657,0.001010229,0,0,0.000000
1781138880.046644,0.000984412,0,0,0.000000
1781138880.047650,0.001006665,0,0,0.000000
1781138880.048756,0.001006502,0,0,0.000000
1781138880.049685,0.000998439,54,1,0.432675
1781138880.050685,0.000989036,0,0,0.000000
1781138880.051662,0.000999874,0,0,0.000000
1781138880.052711,0.001001772,0,0,0.000000
1781138880.053730,0.000999746,0,0,0.000000
1781138880.054696,0.000998233,0,0,0.000000
1781138880.055672,0.000999825,0,0,0.000000
1781138880.056659,0.001014835,0,0,0.000000
1781138880.057649,0.000992318,0,0,0.000000
1781138880.058687,0.001001323,0,0,0.000000
1781138880.059682,0.000991757,0,0,0.000000
1781138880.060662,0.001014904,0,0,0.000000
1781138880.061647,0.000987510,0,0,0.000000
1781138880.062685,0.000999382,0,0,0.000000
1781138880.063689,0.001008489,0,0,0.000000
1781138880.064669,0.000996781,0,0,0.000000
1781138880.065645,0.000992842,0,0,0.000000
1781138880.066682,0.001004439,0,0,0.000000
1781138880.067661,0.000995842,0,0,0.000000
1781138880.068661,0.000999596,0,0,0.000000
1781138880.069643,0.001000128,0,0,0.000000
1781138880.070714,0.001014072,0,0,0.000000
1781138880.071645,0.000985954,0,0,0.000000
1781138880.072657,0.001012134,0,0,0.000000
1781138880.073731,0.000997126,0,0,0.000000
1781138880.074801,0.000999974,1514,1,12.112315
1781138880.075866,0.000990845,93266,9,753.021916
1781138880.076948,0.001000261,131046,11,1048.094447
1781138880.077775,0.001012670,123794,11,977.961231
1781138880.078810,0.001003144,112090,9,893.909548
1781138880.079681,0.000985827,125056,8,1014.831203
1781138880.080675,0.000998330,125056,8,1002.121543
1781138880.081690,0.001012449,109128,8,862.289360
1781138880.082805,0.000993748,126768,12,1020.524318
1781138880.083780,0.001002388,128084,10,1022.230913
1781138880.084685,0.000991599,113538,9,915.999310
1781138880.085723,0.001006181,129466,9,1029.365492
1781138880.086768,0.000994670,123608,8,994.162888
1781138880.087668,0.001001942,106166,7,847.681802
1781138880.088674,0.000996950,231222,8,1855.435077
1781138880.089694,0.001003591,124990,7,996.342135
1781138880.090713,0.000997354,113538,9,910.713749
1781138880.091818,0.001009552,125188,10,992.028147
1781138880.092938,0.001003874,97478,7,776.814620
1781138880.093744,0.000987028,125056,8,1013.596372
1781138880.094997,0.000999788,96096,8,768.931013
1781138880.095749,0.000999755,104982,11,840.061815
1781138880.096753,0.001011592,100506,9,794.834281
1781138880.097714,0.000988056,112090,9,907.559895
1781138880.098760,0.001014474,125122,9,986.694583
1781138880.099849,0.000991547,112024,8,903.832093
1781138880.100857,0.001003252,127952,8,1020.297991
1781138880.101838,0.000990979,109128,8,880.971242
1781138880.102880,0.001010346,122358,11,968.840377
1781138880.103687,0.000989719,123740,10,1000.203088
1781138880.104868,0.001006739,117816,8,936.218821
1781138880.106158,0.001002533,129466,9,1033.111130
1781138880.106885,0.000997909,110510,7,885.932485
1781138880.107666,0.000992512,126504,8,1019.667269
1781138880.109004,0.001011725,125056,8,988.853690
1781138880.109761,0.000998844,127952,8,1024.800670
1781138880.110713,0.000991861,84248,4,679.514569
1781138880.111742,0.000996960,139536,8,1119.691863
1781138880.114003,0.002010350,216940,18,863.292462
1781138880.115011,0.000996644,84380,6,677.313063
1781138880.115711,0.000993076,125056,8,1007.423400
1781138880.116738,0.001000194,116302,7,930.235534
1781138880.117729,0.001002547,129400,8,1032.570044
1781138880.118743,0.000997078,107614,7,863.434957
1781138880.119770,0.001010059,126438,7,1001.430609
1781138880.120673,0.000994815,124924,6,1004.600855
1781138880.121667,0.000996702,126372,6,1014.321231
1781138880.123388,0.000998399,63910,3,512.099872
1781138880.123713,0.001013365,116500,10,919.708101
1781138880.124691,0.000993568,98926,7,796.531289
1781138880.125733,0.001001388,125122,9,999.588571
1781138880.126873,0.001003141,113406,7,904.407257
1781138880.127773,0.000992208,123608,8,996.629739
1781138880.128781,0.001010256,127952,8,1013.224371
1781138880.130128,0.000987074,107548,6,871.650960
1781138880.130782,0.001010664,126372,6,1000.308708
1781138880.131797,0.000999073,122292,10,979.243759
1781138880.132745,0.000988891,120844,10,977.612295
1781138880.133777,0.001005059,116434,9,926.783403
1781138880.134731,0.001005315,129400,8,1029.727001
1781138880.135768,0.000996979,109062,7,875.139797
1781138880.136732,0.000992748,126504,8,1019.424869
1781138880.137740,0.001000956,129400,8,1034.211294
1781138880.138697,0.000999655,107548,6,860.680935
1781138880.139725,0.001013776,107746,9,850.254889
1781138880.140678,0.000992998,125188,10,1008.565979
1781138880.141726,0.000998336,113538,9,909.817937
1781138880.142710,0.001009217,132362,9,1049.225290
1781138880.143668,0.000985091,109062,7,885.700915
1781138880.144649,0.001000758,127952,8,1022.840687
1781138880.145657,0.001007491,126504,8,1004.507236
1781138880.146691,0.000992319,106166,7,855.902185
1781138880.147699,0.000999747,106298,9,850.599202
1781138880.148687,0.001004477,112090,9,892.723278
1781138880.149662,0.000995219,144078,11,1158.161169
1781138880.150717,0.001006652,110510,7,878.237961
1781138880.151655,0.000993307,129400,8,1042.175279
1781138880.152660,0.001005422,125056,8,995.052824
1781138880.153712,0.000995240,107614,7,865.029541
1781138880.154690,0.001011186,127952,8,1012.292496
1781138880.155697,0.000991280,124924,6,1008.183359
1781138880.156668,0.001009752,101822,7,806.708974
1781138880.157707,0.000994631,117882,9,948.146599
1781138880.158781,0.000993252,125188,10,1008.308063
1781138880.159672,0.000999747,125122,9,1001.229311
1781138880.160681,0.001004722,129400,8,1030.334759
1781138880.161800,0.001007421,110510,7,877.567571
1781138880.162706,0.000995920,126504,8,1016.178006
1781138880.163800,0.000994080,116368,8,936.488009
1781138880.164707,0.001000990,113538,9,907.405668
1781138880.165707,0.001006803,128084,10,1017.748259
1781138880.166725,0.000998711,129532,10,1037.593458
1781138880.167693,0.001004444,110510,7,880.168531
1781138880.168675,0.000988104,130848,8,1059.386461
1781138880.169660,0.000998735,123608,8,990.116497
1781138880.170991,0.001000240,109062,7,872.286651
1781138880.171763,0.001009297,142498,9,1129.483195
1781138880.172734,0.001002037,126636,10,1011.028535
1781138880.173759,0.001002862,130980,10,1044.849640
1781138880.174707,0.000997262,97544,8,782.494470
1781138880.175760,0.000989759,125056,8,1010.799599
1781138880.176694,0.001006038,101822,7,809.687109
1781138880.177676,0.001002588,113670,11,907.012651
1781138880.179028,0.000990727,115118,11,929.563846
1781138880.179705,0.001002389,126636,10,1010.673501
1781138880.180713,0.001006226,116368,8,925.183806
1781138880.181709,0.000998118,123608,8,990.728551
1781138880.183634,0.000994768,127952,8,1028.999727
1781138880.183872,0.001002475,125218,9,999.270805
1781138880.184872,0.000994973,106166,7,853.619143
1781138880.185851,0.001013221,120646,7,952.574019
1781138880.186769,0.000986966,117948,10,956.045092
1781138880.187832,0.001000521,243136,10,1944.075137
1781138880.189296,0.000999821,126636,10,1013.269375
1781138880.189798,0.001000607,129466,9,1035.099694
1781138880.190792,0.001000012,111958,7,895.653252
1781138880.191795,0.001009402,123608,8,979.653300
1781138880.192687,0.000994853,126504,8,1017.267878
1781138880.193747,0.000994141,104652,6,842.150158
1781138880.194700,0.001009360,124924,6,990.124435
1781138880.195715,0.000996465,117882,9,946.401529
1781138880.198432,0.001003287,122280,10,975.035060
1781138880.198472,0.001006122,125188,10,995.410099
1781138880.198677,0.000985860,114986,9,933.081776
1781138880.199713,0.001012457,123608,8,976.697282
1781138880.200694,0.000992358,91884,10,740.732679
1781138880.201705,0.001006402,123938,13,985.196770
1781138880.202711,0.000992773,96030,7,773.832487
1781138880.203699,0.000995805,116636,10,937.018794
1781138880.204681,0.001009560,123740,10,980.545980
1781138880.205682,0.000991481,114920,8,927.259322
1781138880.206868,0.000999160,127952,8,1024.476560
1781138880.208334,0.001005931,129400,8,1029.096429
1781138880.209166,0.000997813,106166,7,851.189552
1781138880.209705,0.000996950,128018,9,1027.277195
1781138880.210865,0.000998839,106298,9,851.372443
1781138880.211692,0.001004071,112090,9,893.084254
1781138880.212703,0.001006141,126636,10,1006.904599
1781138880.213697,0.000992835,113472,8,914.327154
1781138880.214701,0.001004127,129400,8,1030.945289
1781138880.215686,0.000993297,109062,7,878.383807
1781138880.216772,0.001007435,123608,8,981.566056
1781138880.217676,0.000993235,72664,4,585.271361
1781138880.218691,0.001002989,58052,2,463.031997
1781138880.219666,0.001002946,0,0,0.000000
1781138880.220657,0.000994727,0,0,0.000000
1781138880.221779,0.001013648,0,0,0.000000
1781138880.223184,0.000987330,0,0,0.000000
1781138880.223685,0.001003685,0,0,0.000000
1781138880.224652,0.000993474,0,0,0.000000
1781138880.225674,0.001001045,0,0,0.000000
1781138880.226690,0.001013363,0,0,0.000000
1781138880.227680,0.000990199,0,0,0.000000
1781138880.228659,0.000995382,0,0,0.000000
1781138880.229693,0.001010823,0,0,0.000000
1781138880.230666,0.000989916,0,0,0.000000
1781138880.231730,0.001008616,0,0,0.000000
1781138880.232744,0.000991787,0,0,0.000000
1781138880.233770,0.001005574,0,0,0.000000
1781138880.234710,0.001001006,0,0,0.000000
1781138880.235675,0.000991980,0,0,0.000000
1781138880.236659,0.001000195,0,0,0.000000
1781138880.237739,0.001011362,0,0,0.000000
1781138880.238656,0.000995543,0,0,0.000000
1781138880.239665,0.000995124,0,0,0.000000
1781138880.240653,0.001006577,0,0,0.000000
1781138880.241660,0.000991154,0,0,0.000000
1781138880.242666,0.001006256,0,0,0.000000
1781138880.243680,0.001005468,0,0,0.000000
1781138880.244647,0.000988605,0,0,0.000000
1781138880.245668,0.001007265,0,0,0.000000
1781138880.246675,0.001002189,0,0,0.000000
1781138880.247703,0.000990719,0,0,0.000000
1781138880.248652,0.000999880,0,0,0.000000
1781138880.249689,0.000999753,0,0,0.000000
1781138880.250696,0.001005018,0,0,0.000000
1781138880.251678,0.000995169,0,0,0.000000
1781138880.252667,0.001006044,0,0,0.000000
1781138880.253658,0.001007138,0,0,0.000000
1781138880.254693,0.001000339,0,0,0.000000
1781138880.255669,0.000992136,0,0,0.000000
1781138880.256672,0.001004777,0,0,0.000000
1781138880.257653,0.000996394,0,0,0.000000
1781138880.258665,0.000993367,54,1,0.434885
1781138880.259674,0.001010119,0,0,0.000000
1781138880.260667,0.000991704,0,0,0.000000
1781138880.261680,0.001004543,0,0,0.000000
1781138880.262671,0.000998579,0,0,0.000000
1781138880.263680,0.000998371,0,0,0.000000
1781138880.264666,0.001002589,0,0,0.000000
1781138880.265648,0.000993799,0,0,0.000000
1781138880.266692,0.000999828,0,0,0.000000
1781138880.267673,0.001000045,0,0,0.000000
1781138880.268646,0.001000360,0,0,0.000000
1781138880.269654,0.001012803,0,0,0.000000
1781138880.270694,0.000995368,0,0,0.000000
1781138880.271667,0.000995889,0,0,0.000000
1781138880.272657,0.001006739,0,0,0.000000
1781138880.273645,0.000991818,0,0,0.000000
1781138880.274691,0.001011466,0,0,0.000000
1781138880.275675,0.000997980,0,0,0.000000
1781138880.276671,0.000995977,0,0,0.000000
1781138880.277657,0.001003437,0,0,0.000000
1781138880.278670,0.000993923,0,0,0.000000
1781138880.279672,0.000999079,0,0,0.000000
1781138880.280652,0.001001649,0,0,0.000000
1781138880.281653,0.001003621,0,0,0.000000
1781138880.282707,0.000998114,0,0,0.000000
1781138880.283677,0.000993009,0,0,0.000000
1781138880.284658,0.000998818,0,0,0.000000
1781138880.285644,0.001001274,0,0,0.000000
1781138880.286693,0.001012575,0,0,0.000000
1781138880.287681,0.000988172,0,0,0.000000
1781138880.288671,0.001007787,0,0,0.000000
1781138880.289659,0.001001130,0,0,0.000000
1781138880.290691,0.001000822,0,0,0.000000
1781138880.291662,0.000988446,0,0,0.000000
1781138880.292674,0.001012584,0,0,0.000000
1781138880.293665,0.000988425,0,0,0.000000
1781138880.294682,0.001001276,0,0,0.000000
1781138880.295669,0.001002279,0,0,0.000000
1781138880.296675,0.001008858,0,0,0.000000
1781138880.297648,0.000989584,0,0,0.000000
1781138880.298681,0.001000395,0,0,0.000000
1781138880.299678,0.000996324,0,0,0.000000
1781138880.300655,0.001003200,0,0,0.000000
1781138880.301675,0.001002379,0,0,0.000000
1781138880.302685,0.001002351,0,0,0.000000
1781138880.303669,0.000993473,0,0,0.000000
1781138880.304661,0.001001332,0,0,0.000000
1781138880.305685,0.001009387,0,0,0.000000
1781138880.306669,0.000987620,0,0,0.000000
1781138880.307665,0.001003548,0,0,0.000000
1781138880.308654,0.001007274,0,0,0.000000
1781138880.309671,0.000993779,0,0,0.000000
1781138880.310667,0.000997174,0,0,0.000000
1781138880.311736,0.001011636,0,0,0.000000
1781138880.312728,0.000997202,0,0,0.000000
1781138880.313673,0.000996103,0,0,0.000000
1781138880.314851,0.001006711,0,0,0.000000
1781138880.315695,0.000990212,0,0,0.000000
1781138880.316662,0.000996506,0,0,0.000000
1781138880.317725,0.001005110,0,0,0.000000
1781138880.318727,0.001001056,0,0,0.000000
1781138880.319714,0.001006460,0,0,0.000000
1781138880.320722,0.000988934,0,0,0.000000
1781138880.321717,0.001013749,0,0,0.000000
1781138880.322764,0.000986217,0,0,0.000000
1781138880.323678,0.000999044,0,0,0.000000
1781138880.324658,0.001010962,0,0,0.000000
1781138880.325652,0.000997693,0,0,0.000000
1781138880.326688,0.000999841,0,0,0.000000
1781138880.327759,0.000995327,0,0,0.000000
1781138880.328713,0.001008621,0,0,0.000000
1781138880.329724,0.000990405,0,0,0.000000
1781138880.330864,0.000997366,0,0,0.000000
1781138880.331702,0.001012977,0,0,0.000000
1781138880.332802,0.000992762,146,1,1.176516
1781138880.333663,0.001000237,0,0,0.000000
1781138880.334726,0.000994625,0,0,0.000000
1781138880.335724,0.000998800,0,0,0.000000
1781138880.336702,0.001000470,0,0,0.000000
1781138880.337683,0.000999988,0,0,0.000000
1781138880.338717,0.001011266,0,0,0.000000
1781138880.339756,0.000988504,0,0,0.000000
1781138880.340672,0.001007660,0,0,0.000000
1781138880.341744,0.000992963,0,0,0.000000
1781138880.342701,0.001013150,0,0,0.000000
1781138880.343693,0.000988017,0,0,0.000000
1781138880.344672,0.001008572,0,0,0.000000
1781138880.345645,0.000989627,0,0,0.000000
1781138880.346680,0.001000707,0,0,0.000000
1781138880.347688,0.001006189,0,0,0.000000
1781138880.348754,0.000999281,0,0,0.000000
1781138880.350015,0.001002894,0,0,0.000000
1781138880.350708,0.001004568,0,0,0.000000
1781138880.351676,0.000991649,0,0,0.000000
1781138880.352665,0.000995500,0,0,0.000000
1781138880.353654,0.001002585,0,0,0.000000
1781138880.354666,0.000998868,0,0,0.000000
1781138880.355664,0.000999312,0,0,0.000000
1781138880.356647,0.001001090,0,0,0.000000
1781138880.357647,0.001003296,0,0,0.000000
1781138880.358677,0.000993674,0,0,0.000000
1781138880.359675,0.001010246,0,0,0.000000
1781138880.360648,0.000990842,0,0,0.000000
1781138880.361661,0.000999116,0,0,0.000000
1781138880.362706,0.001009953,0,0,0.000000
1781138880.363678,0.000991333,0,0,0.000000
1781138880.364691,0.000998971,0,0,0.000000
1781138880.365679,0.001000728,0,0,0.000000
1781138880.366680,0.001006334,0,0,0.000000
1781138880.367656,0.001004137,0,0,0.000000
1781138880.368653,0.000996396,0,0,0.000000
1781138880.369668,0.000999535,0,0,0.000000
1781138880.370671,0.000999828,0,0,0.000000
1781138880.371662,0.000992648,0,0,0.000000
1781138880.372645,0.000999878,0,0,0.000000
1781138880.373653,0.001007247,0,0,0.000000
1781138880.374697,0.001008283,0,0,0.000000
1781138880.375685,0.000990798,0,0,0.000000
1781138880.376664,0.000994716,0,0,0.000000
1781138880.377801,0.001003015,0,0,0.000000
1781138880.378705,0.001009609,0,0,0.000000
1781138880.379682,0.001001163,0,0,0.000000
1781138880.380644,0.000985246,0,0,0.000000
1781138880.381656,0.001012920,0,0,0.000000
1781138880.382680,0.000987223,0,0,0.000000
1781138880.383681,0.001000222,0,0,0.000000
1781138880.384666,0.001002784,0,0,0.000000
1781138880.385650,0.000997968,0,0,0.000000
1781138880.386673,0.001007068,0,0,0.000000
1781138880.387674,0.001004073,0,0,0.000000
1781138880.388672,0.000997367,0,0,0.000000
1781138880.389652,0.000997725,0,0,0.000000
1781138880.390666,0.000998515,0,0,0.000000
1781138880.391663,0.000994127,0,0,0.000000
1781138880.392667,0.001003396,0,0,0.000000
1781138880.393654,0.001007253,0,0,0.000000
1781138880.394676,0.000989651,0,0,0.000000
1781138880.395691,0.001001196,0,0,0.000000
1781138880.396677,0.001008995,0,0,0.000000
1781138880.397684,0.001003356,0,0,0.000000
1781138880.398747,0.000987333,0,0,0.000000
1781138880.399743,0.001012215,0,0,0.000000
1781138880.400683,0.000997559,0,0,0.000000
1781138880.401702,0.000991708,0,0,0.000000
1781138880.402686,0.001003226,0,0,0.000000
1781138880.403669,0.001000881,0,0,0.000000
1781138880.404647,0.000995377,0,0,0.000000
1781138880.405663,0.000997942,0,0,0.000000
1781138880.406783,0.001012079,0,0,0.000000
1781138880.407895,0.000989257,0,0,0.000000
1781138880.408732,0.001001443,0,0,0.000000
1781138880.409667,0.000997640,0,0,0.000000
1781138880.410700,0.001000342,0,0,0.000000
1781138880.411711,0.001004874,0,0,0.000000
1781138880.412699,0.001001287,0,0,0.000000
1781138880.413716,0.000993405,0,0,0.000000
1781138880.414682,0.000999733,0,0,0.000000
1781138880.415689,0.001010672,0,0,0.000000
1781138880.416677,0.001003267,0,0,0.000000
1781138880.417658,0.000996270,0,0,0.000000
1781138880.418692,0.001002435,0,0,0.000000
1781138880.419682,0.000990301,0,0,0.000000
1781138880.420717,0.000996714,0,0,0.000000
1781138880.421667,0.001001446,0,0,0.000000
1781138880.422691,0.001008948,0,0,0.000000
1781138880.423691,0.000998358,0,0,0.000000
1781138880.424653,0.000994157,0,0,0.000000
1781138880.425668,0.000997605,0,0,0.000000
1781138880.426782,0.001012355,1514,1,11.964183
1781138880.427691,0.000987376,117882,9,955.113351
1781138880.428725,0.001000168,125188,10,1001.335776
1781138880.429819,0.001002341,113538,9,906.182626
1781138880.430701,0.001003069,125122,10,997.913404
1781138880.431661,0.000994750,109062,7,877.100779
1781138880.432676,0.001005295,126504,8,1006.701515
1781138880.433783,0.001008657,127886,7,1014.307143
1781138880.434701,0.000985971,104652,6,849.128423
1781138880.435664,0.001004499,124924,6,994.915873
1781138880.436784,0.001007352,116368,8,924.149652
1781138880.437758,0.001001582,123740,10,988.356420
1781138880.438695,0.000998822,125188,10,1002.685163
1781138880.439708,0.000997933,126570,9,1014.657297
1781138880.440674,0.000996484,111958,7,898.824266
1781138880.441691,0.000993720,125056,8,1006.770519
1781138880.442734,0.001010743,126504,8,1001.275299
1781138880.443725,0.000994614,106166,7,853.927252
1781138880.444696,0.000995330,124924,6,1004.081059
1781138880.445681,0.001000605,117882,9,942.485796
1781138880.446702,0.001003355,125056,8,997.102720
1781138880.447689,0.000996029,123740,10,993.866644
1781138880.448763,0.001004039,128084,10,1020.549999
1781138880.449671,0.000994685,109062,7,877.158095
1781138880.450688,0.001001006,125056,8,999.442561
1781138880.451676,0.001001795,127952,8,1021.781901
1781138880.452657,0.000997866,104652,6,839.006440
1781138880.453684,0.001006812,122094,7,970.143383
1781138880.454700,0.000992652,116434,9,938.367122
1781138880.455669,0.001005675,125188,10,995.852537
1781138880.456685,0.000994179,126636,10,1019.019714
1781138880.457693,0.001002716,112024,8,893.764536
1781138880.458707,0.000998126,127952,8,1025.537858
1781138880.459679,0.001006579,126504,8,1005.417359
1781138880.460655,0.000992896,126570,9,1019.804693
1781138880.461649,0.001000213,129532,10,1036.035324
1781138880.462675,0.001011715,135390,11,1070.578177
1781138880.463696,0.000989855,116368,8,940.485223
1781138880.464712,0.001007764,116368,8,923.771835
1781138880.466126,0.000995607,127952,8,1028.132586
1781138880.466688,0.001002420,108996,6,869.862932
1781138880.467680,0.000992785,123608,8,996.050504
1781138880.468740,0.001001576,104784,8,836.952962
1781138880.469719,0.001000665,129598,11,1036.094997
1781138880.470804,0.001007545,122292,10,971.009732
1781138880.471738,0.000996140,116434,9,935.081414
1781138880.472690,0.001006283,126570,9,1006.237808
1781138880.473667,0.000987810,127952,8,1036.247861
1781138880.474820,0.001000122,106166,7,849.224395
1781138880.475812,0.001002360,126504,8,1009.649228
1781138880.476706,0.000998878,109062,7,873.476040
1781138880.477688,0.001007881,125188,10,993.672864
1781138880.478736,0.000990329,123740,10,999.587006
1781138880.479690,0.001000736,132428,10,1058.644837
1781138880.480681,0.001007290,110510,7,877.681700
1781138880.481659,0.000997730,126504,8,1014.334539
1781138880.482728,0.000998203,130848,8,1048.668457
1781138880.483684,0.000995543,109062,7,876.402124
1781138880.484679,0.001000456,113604,10,908.417762
1781138880.485681,0.001010781,126636,10,1002.282394
1781138880.486689,0.000989414,129532,10,1047.343175
1781138880.487704,0.001013051,114920,8,907.516009
1781138880.488673,0.000991393,129400,8,1044.187320
1781138880.489662,0.001004354,113406,7,903.314967
1781138880.490699,0.001000485,126504,8,1011.541402
1781138880.491666,0.000991304,126504,8,1020.909832
1781138880.492817,0.001010308,104586,5,828.151415
1781138880.493726,0.000990132,108996,6,880.658336
1781138880.494742,0.001007521,128018,9,1016.498912
1781138880.495715,0.000993046,120712,8,972.458476
1781138880.496713,0.001004836,113538,9,903.932582
1781138880.497926,0.000994948,126504,8,1017.170747
1781138880.498865,0.000998683,126504,8,1013.366604
1781138880.499709,0.001008702,130848,8,1037.753469
1781138880.500743,0.001001386,104652,6,836.057225
1781138880.501767,0.000995888,129466,9,1040.004498
1781138880.502816,0.001009122,110642,9,877.134777
1781138880.503724,0.000984871,135324,10,1099.222132
1781138880.504866,0.001001463,116434,9,930.111247
1781138880.505822,0.001005824,143880,8,1144.375159
1781138880.506696,0.001005747,125386,13,997.356194
1781138880.507672,0.000997693,116566,11,934.684317
1781138880.508733,0.000988624,126636,10,1024.745505
1781138880.509727,0.001000062,126636,10,1013.025192
1781138880.510766,0.001014252,108996,6,859.715337
1781138880.511738,0.000988540,126570,9,1024.298460
1781138880.512682,0.001005950,120646,7,959.459218
1781138880.513790,0.000991661,123542,7,996.647040
1781138880.514788,0.001001995,109062,7,870.758836
1781138880.515746,0.001001919,126768,12,1012.201585
1781138880.516724,0.000998309,116500,10,933.578682
1781138880.517865,0.001001203,125122,9,999.773273
1781138880.518696,0.001010786,126504,8,1001.232704
1781138880.519783,0.000995305,109062,7,876.611692
1781138880.520684,0.000990426,125056,8,1010.118878
1781138880.521709,0.001003045,109128,8,870.373712
1781138880.522834,0.001010543,126636,10,1002.518448
1781138880.523742,0.000994040,128084,10,1030.815661
1781138880.524854,0.001004501,113472,8,903.708408
1781138880.525703,0.000987384,126504,8,1024.962932
1781138880.526720,0.001015055,125056,8,985.609647
1781138880.527767,0.000987462,107614,7,871.843170
1781138880.528758,0.000998872,126570,9,1013.703458
1781138880.529727,0.000999588,116434,9,931.855925
1781138880.530799,0.001011767,135390,11,1070.523154
1781138880.531924,0.001000692,113472,8,907.148253
1781138880.533293,0.000997919,129400,8,1037.358744
1781138880.533761,0.000994480,119396,10,960.469793
1781138880.534810,0.000994574,128216,12,1031.323964
1781138880.535808,0.001006641,115052,10,914.343843
1781138880.536681,0.000993492,117882,9,949.233612
1781138880.537665,0.000999494,129400,8,1035.724076
1781138880.538790,0.001010789,136772,10,1082.496941
1781138880.539791,0.000999736,125320,12,1002.824746
1781138880.540731,0.000997371,125254,11,1004.673286
1781138880.541787,0.000994072,120778,9,971.985933
1781138880.542838,0.001002713,114920,8,916.872525
1781138880.543832,0.000995581,126504,8,1016.524020
1781138880.545179,0.001008630,114854,7,910.970326
1781138880.545744,0.000991444,125056,8,1009.081703
1781138880.546841,0.001000503,106166,7,848.901003
1781138880.547752,0.001002768,131046,11,1045.474128
1781138880.548747,0.001006804,125188,10,994.735817
1781138880.549772,0.000992797,125122,9,1008.238341
1781138880.550806,0.001001566,125122,9,999.410922
1781138880.551770,0.000996671,125056,8,1003.789616
1781138880.552709,0.001000350,119198,7,953.250362
1781138880.553825,0.001007273,117882,9,936.246678
1781138880.555022,0.001004481,126636,10,1008.568604
1781138880.555693,0.000997784,110642,9,887.101818
1781138880.556668,0.000991048,129466,9,1045.083588
1781138880.557833,0.000999064,125056,8,1001.385297
1781138880.558750,0.000999102,110510,7,884.874617
1781138880.559973,0.001000263,123872,12,990.715442
1781138880.560778,0.001004985,110642,9,880.745484
1781138880.561960,0.001007172,128084,10,1017.375384
1781138880.562774,0.000988996,129532,10,1047.785835
1781138880.563776,0.000999101,110510,7,884.875503
1781138880.565090,0.001000734,127952,8,1022.865217
1781138880.569473,0.001003188,90238,7,719.609884
1781138880.569618,0.000999620,112222,11,898.117285
1781138880.569709,0.001008933,94648,8,750.479962
1781138880.569768,0.000989133,110642,9,894.860448
1781138880.569888,0.001000346,114920,8,919.042011
1781138880.570719,0.000999969,125056,8,1000.479015
1781138880.571671,0.000998098,107614,7,862.552575
1781138880.572684,0.001001680,125056,8,998.770066
1781138880.573670,0.000997473,122226,9,980.285181
1781138880.574718,0.001008070,133876,10,1062.434156
1781138880.575677,0.000991757,120844,10,974.787171
1781138880.576827,0.001005731,114986,9,914.646163
1781138880.577703,0.001001304,130848,8,1045.420771
1781138880.578800,0.001003220,106166,7,846.601942
1781138880.579761,0.000990962,126504,8,1021.262167
1781138880.580714,0.001005814,109062,7,867.452630
1781138880.581788,0.001002081,107746,9,860.177970
1781138880.582964,0.000996919,129664,12,1040.517835
1781138880.583810,0.001003899,114986,9,916.315287
1781138880.584756,0.000993012,128084,10,1031.882797
1781138880.585944,0.001002274,119264,8,951.947272
1781138880.586843,0.001005607,116632,12,927.853525
1781138880.587726,0.000998271,234580,10,1879.890330
1781138880.589655,0.000991112,106364,10,858.542728
1781138880.589817,0.001011827,126570,9,1000.724432
1781138880.590703,0.000999509,112024,8,896.632246
1781138880.591704,0.000989080,91752,8,742.119950
1781138880.592684,0.001014149,115184,12,908.615992
1781138880.593733,0.000996072,100440,8,806.688673
1781138880.594752,0.000989282,130980,10,1059.192424
1781138880.595722,0.001000647,113538,9,907.716707
1781138880.596702,0.001000196,130914,9,1047.106767
1781138880.597705,0.001000689,110510,7,883.471288
1781138880.598707,0.001009808,129400,8,1025.145374
1781138880.599710,0.001000533,123608,8,988.337216
1781138880.600655,0.000988053,107548,6,870.787296
1781138880.601700,0.001001302,126372,6,1009.661421
1781138880.602705,0.000999192,110576,8,885.323341
1781138880.603688,0.001003324,120778,9,963.022912
1781138880.604662,0.000997049,129532,10,1039.323042
1781138880.605670,0.000999593,129466,9,1036.149713
1781138880.607008,0.001010025,109062,7,863.836044
1781138880.607983,0.000990338,126504,8,1021.905652
1781138880.608723,0.001000816,126504,8,1011.206855
1781138880.609898,0.001002518,106166,7,847.194764
1781138880.611269,0.001001995,126438,7,1009.490067
1781138880.611722,0.000997198,124924,6,1002.200165
1781138880.612750,0.001008623,112024,8,888.530204
1781138880.613743,0.000989145,125056,8,1011.427041
1781138880.614710,0.001008260,120712,8,957.784698
1781138880.615811,0.000996676,113538,9,911.333272
1781138880.616682,0.000994821,126504,8,1017.300600
1781138880.617710,0.001010762,126504,8,1001.256478
1781138880.618691,0.000999449,90106,5,721.245406
1781138880.619675,0.001001085,123542,7,987.264818
1781138880.620658,0.000996070,101954,9,818.850081
1781138880.621661,0.000995845,110708,10,889.359288
1781138880.622722,0.000996362,107680,8,864.585362
1781138880.623700,0.000999699,126570,9,1012.864872
1781138880.624664,0.001011266,114920,8,909.117878
1781138880.625664,0.000996106,125056,8,1004.358974
1781138880.626708,0.001005662,109062,7,867.583741
1781138880.627689,0.000987075,123542,7,1001.277512
1781138880.628680,0.001013203,127886,7,1009.756189
1781138880.629661,0.000991188,126372,6,1019.963922
1781138880.630689,0.001010177,94648,8,749.555771
1781138880.631852,0.000990301,205158,7,1657.338526
1781138880.633315,0.000996577,72730,5,583.838479
1781138880.633898,0.000999230,113538,9,909.003933
1781138880.634792,0.000999504,90106,5,721.205718
1781138880.635869,0.001012606,133810,9,1057.153523
1781138880.637567,0.000987644,109062,7,883.411432
1781138880.637875,0.001000013,104916,10,839.317089
1781138880.638752,0.001012563,72796,6,575.142485
1781138880.639723,0.000987310,125188,10,1014.376437
1781138880.640731,0.001003411,125188,10,998.099483
1781138880.641738,0.001006472,125056,8,994.014737
1781138880.642773,0.000995262,114854,7,923.206151
1781138880.643696,0.000995416,127952,8,1028.329864
1781138880.644685,0.001008015,110510,7,877.050441
1781138880.645677,0.000995626,126504,8,1016.478075
1781138880.646697,0.000998191,126372,6,1012.808170
1781138880.647683,0.001004424,106034,5,844.535774
1781138880.648654,0.000992831,110576,8,890.995547
1781138880.649677,0.001012779,122160,8,964.948918
1781138880.650659,0.000988351,107614,7,871.058966
1781138880.651658,0.001000322,114920,8,919.064061
1781138880.652653,0.000998540,125056,8,1001.910790
1781138880.653759,0.001000218,109062,7,872.305837
1781138880.654717,0.001015038,133678,7,1053.580260
1781138880.655721,0.000985528,119528,12,970.265685
1781138880.656768,0.001011610,119396,10,944.205771
1781138880.657794,0.000987487,110576,8,895.817363
1781138880.658766,0.001002450,122226,9,975.418225
1781138880.659890,0.001000949,98926,7,790.657666
1781138880.660743,0.001004835,121042,13,963.676624
1781138880.661676,0.000993256,119462,11,962.184975
1781138880.662711,0.001002586,122292,10,975.812549
1781138880.663769,0.001003841,128084,10,1020.751294
1781138880.664766,0.000993022,111958,7,901.957862
1781138880.665740,0.000999883,127952,8,1023.735777
1781138880.666703,0.000999276,127952,8,1024.357635
1781138880.667661,0.001000163,123608,8,988.702841
1781138880.668664,0.001005727,109194,9,868.577656
1781138880.669665,0.000994211,117882,9,948.547139
1781138880.670684,0.000999787,126636,10,1013.303834
1781138880.671663,0.001000112,116434,9,931.367687
1781138880.672674,0.001012325,127952,8,1011.153533
1781138880.673675,0.000991103,126504,8,1021.116877
1781138880.674710,0.001006900,111958,7,889.526269
1781138880.675704,0.001004283,122094,7,972.586412
1781138880.676650,0.000985252,112090,10,910.142786
1781138880.677675,0.001000163,110642,9,884.991746
1781138880.678683,0.001000596,125188,10,1000.907459
1781138880.679671,0.001012915,125056,8,987.691958
1781138880.680659,0.000989571,125056,8,1010.991632
1781138880.681713,0.001005436,123542,7,982.992453
1781138880.682770,0.001002626,112222,11,895.424615
1781138880.683697,0.000995193,125408,12,1008.109985
1781138880.684763,0.001008157,130980,10,1039.361925
1781138880.685680,0.000991418,110576,8,892.265422
1781138880.686710,0.001005050,126504,8,1006.946918
1781138880.687677,0.000996086,126504,8,1016.008658
1781138880.688671,0.000993554,107614,7,866.497443
1781138880.689697,0.001006939,124990,7,993.029369
1781138880.690710,0.001003216,120712,8,962.600278
1781138880.691673,0.000993510,119330,9,960.876086
1781138880.692876,0.001004152,125188,10,997.362949
1781138880.693713,0.000994486,125188,10,1007.056912
1781138880.694715,0.000999307,112024,8,896.813492
1781138880.695720,0.000998412,126504,8,1013.641663
1781138880.696871,0.001003247,127952,8,1020.303076
1781138880.698236,0.000997030,101756,6,816.472925
1781138880.698691,0.001003941,103456,10,824.399043
1781138880.699713,0.001010317,126702,11,1003.265312
1781138880.700673,0.000992408,113538,9,915.252598
1781138880.701654,0.000992481,123674,9,996.887598
1781138880.702691,0.001014893,1514,1,11.934263
1781138880.703665,0.000985275,0,0,0.000000
1781138880.704803,0.001000311,0,0,0.000000
1781138880.706288,0.001000178,84532,6,676.135648
1781138880.707152,0.001002128,119396,10,953.139719
1781138880.707728,0.001001661,125320,12,1000.897509
1781138880.708799,0.001003483,117948,10,940.308904
1781138880.709671,0.001001019,129532,10,1035.201130
1781138880.710732,0.001003664,110576,8,881.378629
1781138880.711706,0.000997479,125056,8,1002.976504
1781138880.712660,0.001000836,126504,8,1011.186648
1781138880.713696,0.000989822,107614,7,869.764463
1781138880.714720,0.001008193,122094,7,968.814503
1781138880.715672,0.000991360,128084,10,1033.602324
1781138880.716667,0.000999533,113538,9,908.728376
1781138880.717727,0.001003720,129532,10,1032.415415
1781138880.718708,0.001003233,127952,8,1020.317314
1781138880.719887,0.000997815,107614,7,862.797212
1781138880.720699,0.000996840,126504,8,1015.240159
1781138880.721702,0.000999476,125056,8,1000.972510
1781138880.722710,0.001000443,106100,6,848.424148
1781138880.723698,0.001003953,130980,10,1043.714198
1781138880.724681,0.000996037,120844,10,970.598482
1781138880.726289,0.001001102,113538,9,907.304151
1781138880.726840,0.001000226,132362,9,1058.656744
1781138880.727784,0.001011117,148290,9,1173.276683
1781138880.730479,0.000986698,110774,11,898.139046
1781138880.730516,0.001000311,122358,11,978.559668
1781138880.730653,0.000999641,123806,11,990.803699
1781138880.731708,0.001013081,129532,10,1022.875762
1781138880.732671,0.000989437,117816,8,952.590210
1781138880.733679,0.000999004,109062,7,873.365872
1781138880.734850,0.001007837,125056,8,992.668457
1781138880.735846,0.001001474,127886,7,1021.582188
1781138880.736701,0.000990215,112024,8,905.047894
1781138880.737886,0.000999087,126702,11,1014.542277
1781138880.738701,0.000999404,116368,8,931.499174
1781138880.739661,0.001005135,120778,9,961.287787
1781138880.740670,0.001007472,109062,7,866.025061
1781138880.741646,0.000987149,126504,8,1025.206934
1781138880.742718,0.001011549,84512,8,668.376915
1781138880.743713,0.000995468,113736,12,914.030386
1781138880.744762,0.000993482,104850,9,844.303168
1781138880.746711,0.001999766,222600,16,890.504189
1781138880.747926,0.001012855,123608,8,976.313490
1781138880.748676,0.001000278,52524,6,420.075219
1781138880.749651,0.000991605,104850,9,845.901342
1781138880.750702,0.000999567,120844,10,967.170785
1781138880.751699,0.001007883,122226,9,970.160227
1781138880.752664,0.001000524,120778,9,965.717964
1781138880.753677,0.000994874,126504,8,1017.246405
1781138880.754712,0.001000597,110510,7,883.552519
1781138880.755664,0.000992835,109062,7,878.792549
1781138880.756874,0.001011526,109128,8,863.076184
1781138880.757713,0.000988139,122292,10,990.079331
1781138880.758715,0.001007018,103270,7,820.402416
1781138880.759670,0.000999690,109128,8,873.294721
1781138880.760664,0.000998668,106232,8,850.989518
1781138880.761681,0.000996717,132362,9,1062.383806
1781138880.762732,0.001005789,110564,8,879.421032
1781138880.763703,0.000998153,93200,8,746.979671
1781138880.764709,0.001005360,109260,10,869.419909
1781138880.765703,0.000998288,100440,8,804.897985
1781138880.766939,0.000989421,110576,8,894.066328
1781138880.767751,0.001000518,55222,3,441.547279
1781138880.768765,0.001006103,84314,5,670.420424
1781138880.769725,0.001006321,114854,7,913.060544
1781138880.770766,0.000993692,129400,8,1041.771495
1781138880.771666,0.000993996,106166,7,854.458167
1781138880.772660,0.001008326,125188,10,993.234331
1781138880.773657,0.000999926,123740,10,989.993260
1781138880.774740,0.000993196,129532,10,1043.354987
1781138880.775685,0.001008856,95964,6,760.972825
1781138880.776678,0.000995038,126504,8,1017.078745
1781138880.777657,0.000994479,111958,7,900.636414
1781138880.778701,0.001007212,126504,8,1004.785487
1781138880.779695,0.001005824,122292,10,972.671163
1781138880.780694,0.000996511,125188,10,1005.010482
1781138880.781999,0.001001473,112090,9,895.401074
1781138880.782718,0.000995062,125122,9,1005.943348
1781138880.783703,0.000993706,125056,8,1006.784703
1781138880.784662,0.001000482,125056,8,999.966016
1781138880.785669,0.001005599,122094,7,971.313615
1781138880.786703,0.000994658,104718,7,842.243264
1781138880.787750,0.001011788,129334,7,1022.617386
1781138880.788669,0.000997886,114788,6,920.249407
1781138880.789657,0.000993069,114920,8,925.776557
1781138880.790705,0.001006881,125188,10,994.659746
1781138880.791692,0.000990182,125122,9,1010.901026
1781138880.792720,0.001005240,125056,8,995.232979
1781138880.793748,0.000995053,120646,7,969.966424
1781138880.794949,0.000999489,116500,10,932.476495
1781138880.795759,0.001003152,122358,11,975.788315
1781138880.796888,0.000996878,114986,9,922.768884
1781138880.797796,0.001010890,129466,9,1024.570428
1781138880.798769,0.000993532,109128,8,878.707480
1781138880.800422,0.000995640,125056,8,1004.829055
1781138880.800690,0.000999666,123542,7,988.666215
1781138880.801708,0.001005159,122160,8,972.264090
1781138880.802794,0.000996507,106100,6,851.775251
1781138880.803658,0.000997920,123674,9,991.454225
1781138880.804758,0.001000302,90172,6,721.158210
1781138880.805768,0.001012439,125188,10,989.199349
1781138880.806813,0.000992311,101822,7,820.887806
1781138880.807737,0.000995505,125056,8,1004.965319
1781138880.808678,0.000999695,77272,8,618.364601
1781138880.809720,0.001000506,115118,11,920.478238
1781138880.810796,0.001006891,125320,12,995.698641
1781138880.811722,0.000995130,125188,10,1006.405193
1781138880.812711,0.001008884,125122,9,992.161636
1781138880.813737,0.000991542,125056,8,1008.981969
1781138880.814707,0.000997647,101756,6,815.967973
1781138880.815711,0.001009327,126504,8,1002.680004
1781138880.816714,0.001002218,123608,8,986.675554
1781138880.817825,0.000992083,127886,7,1031.252425
1781138880.818714,0.000995729,104586,5,840.276822
1781138880.819930,0.001000270,126570,9,1012.286683
1781138880.820719,0.001003538,120778,9,962.817552
1781138880.821721,0.000997168,110642,9,887.649824
1781138880.822951,0.000999778,126636,10,1013.312955
1781138880.823684,0.000999846,116302,7,930.559306
1781138880.824701,0.001004549,125122,9,996.443180
1781138880.826008,0.001007383,125320,12,995.212347
1781138880.827361,0.000988107,125320,12,1014.626958
1781138880.827737,0.001002034,113538,9,906.460260
1781138880.828751,0.001006372,125122,9,994.638166
1781138880.829993,0.001005906,125056,8,994.574046
1781138880.830754,0.000990545,117750,7,950.991626
1781138880.831680,0.001001980,126504,8,1010.032136
1781138880.832674,0.000993043,114920,8,925.800796
1781138880.833771,0.001000218,116500,10,931.796868
1781138880.834780,0.001007522,123740,10,982.529414
1781138880.835692,0.000994389,128018,9,1029.922897
1781138880.836783,0.001004150,125056,8,996.313300
1781138880.837681,0.000998880,109062,7,873.474291
1781138880.838785,0.000995853,124990,7,1004.083936
1781138880.839692,0.001002219,112156,10,895.261415
1781138880.840685,0.000996889,126636,10,1016.249552
1781138880.841655,0.000999499,123740,10,990.416199
1781138880.842685,0.001000354,114986,9,919.562475
1781138880.843676,0.000999447,127952,8,1024.182373
1781138880.844687,0.001013443,123608,8,975.747033
1781138880.845691,0.000988318,82932,6,671.298104
1781138880.846771,0.001008394,122424,12,971.239416
1781138880.847778,0.001000613,114986,9,919.324454
1781138880.848661,0.000994208,119330,9,960.201487
1781138880.849726,0.001008444,114920,8,911.661927
1781138880.850815,0.000987564,130848,8,1059.965734
1781138880.851979,0.001009150,88790,7,703.879503
1781138880.852723,0.000995502,116566,11,936.741463
1781138880.853673,0.000994813,128150,11,1030.545439
1781138880.854717,0.001003902,120844,10,962.994396
1781138880.855788,0.001008295,113472,8,900.307946
1781138880.856772,0.000988503,127952,8,1035.521389
1781138880.857720,0.000999662,127952,8,1023.962099
1781138880.858705,0.001011600,109062,7,862.491103
1781138880.859694,0.000989407,122094,7,987.209510
1781138880.860652,0.000998962,127952,8,1024.679617
1781138880.861686,0.001014143,113604,10,896.157642
1781138880.862700,0.000996919,120844,10,969.739768
1781138880.863662,0.000995653,114986,9,923.904212
1781138880.864650,0.000992868,125056,8,1007.634449
1781138880.865734,0.001012971,130848,8,1033.380028
1781138880.866681,0.000987338,104718,7,848.487549
1781138880.867658,0.001000186,126504,8,1011.843797
1781138880.868668,0.000999686,124924,6,999.705908
1781138880.869658,0.001005436,109128,8,868.303900
1781138880.871850,0.000998394,125188,10,1003.115003
1781138880.871895,0.000996073,125188,10,1005.452412
1781138880.872747,0.001003325,126570,9,1009.204395
1781138880.873752,0.000996575,114854,7,921.989815
1781138880.874751,0.001007888,129400,8,1027.098249
1781138880.875680,0.000995330,106166,7,853.312972
1781138880.876724,0.000996383,104850,9,841.844953
1781138880.877839,0.001001182,113538,9,907.231652
1781138880.878714,0.001004433,98926,7,787.915172
1781138880.879712,0.000997824,107680,8,863.318581
1781138880.880663,0.000997615,136640,8,1095.733324
1781138880.881713,0.001012463,104718,7,827.431718
1781138880.882717,0.000995447,126504,8,1016.660857
1781138880.883704,0.000999258,127952,8,1024.376087
1781138880.884653,0.000993726,126438,7,1017.890243
1781138880.885660,0.001004559,106232,8,845.999090
1781138880.886693,0.000994824,120778,9,971.251196
1781138880.887672,0.000999408,125188,10,1002.097242
1781138880.888696,0.001006510,129466,9,1029.029021
1781138880.889681,0.000994555,110510,7,888.920170
1781138880.890673,0.001007097,130848,8,1039.407326
1781138880.891669,0.001001871,129400,8,1033.266758
1781138880.892691,0.001001440,106166,7,848.106726
1781138880.893649,0.000991403,123740,10,998.504140
1781138880.894715,0.001007149,125188,10,994.395070
1781138880.895692,0.000992278,123740,10,997.623650
1781138880.896679,0.000997527,112024,8,898.413777
1781138880.897700,0.001008360,125122,9,992.677218
1781138880.898701,0.000995254,120646,7,969.770531
1781138880.899694,0.001009428,125056,8,991.103873
1781138880.900658,0.000989575,109062,7,881.687593
1781138880.901675,0.000997377,124924,6,1002.020299
1781138880.902688,0.000999886,117684,6,941.579340
1781138880.904003,0.000999766,113472,8,907.988469
1781138880.904658,0.001000040,125188,10,1001.463941
1781138880.905664,0.001002510,125056,8,997.943163
1781138880.906683,0.000997709,125056,8,1002.745289
1781138880.907677,0.001010461,125056,8,990.090662
1781138880.908676,0.000994800,119198,7,958.568556
1781138880.909671,0.000995276,127952,8,1028.474514
1781138880.910678,0.000999036,107548,6,861.214210
1781138880.911753,0.001001438,117684,6,940.120107
1781138880.912659,0.000998895,113538,9,909.308786
1781138880.913678,0.001007317,125188,10,994.229225
1781138880.914694,0.001006423,125188,10,995.112393
1781138880.915655,0.000985903,125056,8,1014.752973
1781138880.916710,0.001009135,125056,8,991.391637
1781138880.917668,0.000992936,123542,7,995.367274
1781138880.918718,0.001009348,109062,7,864.415444
1781138880.919771,0.000989202,131046,11,1059.811848
1781138880.920728,0.000999697,110642,9,885.404277
1781138880.921769,0.001003717,129532,10,1032.418500
1781138880.923060,0.000996215,125122,9,1004.779089
1781138880.923687,0.001003431,107614,7,857.968311
1781138880.924679,0.001003664,125056,8,996.795740
1781138880.925705,0.000995301,122094,8,981.363427
1781138880.926724,0.001012486,123542,7,976.147818
1781138880.927692,0.000995074,102020,10,820.200307
1781138880.928648,0.000989911,125188,10,1011.711154
1781138880.929706,0.001002245,126570,9,1010.291895
1781138880.931889,0.000998412,126504,8,1013.641663
1781138880.931924,0.001004113,107614,7,857.385573
1781138880.932809,0.001003373,125056,8,997.084833
1781138880.933688,0.001004036,125056,8,996.426423
1781138880.934912,0.000988189,111958,7,906.369126
1781138880.935751,0.001008878,128084,10,1015.655015
1781138880.936854,0.000995345,112090,9,900.913754
1781138880.937830,0.000999605,125122,9,1001.371542
1781138880.938928,0.001008064,125122,9,992.968700
1781138880.940187,0.000997900,127952,8,1025.770117
1781138880.940720,0.000992550,106304,8,856.815274
1781138880.941741,0.001001080,125056,8,999.368682
1781138880.942933,0.000997019,98926,7,793.774241
1781138880.943760,0.001006054,64042,5,509.252982
1781138880.944752,0.000993561,123740,10,996.335404
1781138880.945992,0.001023550,112090,10,876.088125
1781138880.946991,0.000983490,100308,6,815.935088
1781138880.947754,0.001005761,117816,8,937.129199
1781138880.949044,0.000996032,91620,6,735.879972
1781138880.950237,0.001000269,97742,11,781.725716
1781138880.952217,0.000998901,113604,10,909.831905
1781138880.952353,0.000999976,74244,6,593.966255
1781138880.954931,0.000995298,113538,9,912.595022
1781138880.954993,0.001006890,125122,9,994.126469
1781138880.955013,0.000989408,97412,6,787.638669
1781138880.955675,0.001002114,125320,12,1000.445059
1781138880.956665,0.001011938,126768,12,1002.179975
1781138880.957648,0.000986780,126636,10,1026.660451
1781138880.958693,0.001001838,110642,9,883.512105
1781138880.959688,0.001005518,125188,10,996.008028
1781138880.960655,0.000995470,125056,8,1005.000653
1781138880.961657,0.001000614,125056,8,999.834102
1781138880.962681,0.000995907,123542,7,992.397885
1781138880.963667,0.000999590,107614,7,861.265119
1781138880.964661,0.001012498,119330,9,942.856183
1781138880.965653,0.000994271,125188,10,1007.274677
1781138880.966685,0.000993614,123740,10,996.282259
1781138880.967689,0.001004765,112090,9,892.467393
1781138880.968677,0.001002919,125056,8,997.536192
1781138880.969685,0.001004095,125056,8,996.367874
1781138880.970712,0.000995744,120646,7,969.293312
1781138880.971714,0.001000078,123608,8,988.786875
1781138880.972709,0.000993821,116500,10,937.794633
1781138880.973712,0.001009982,113538,9,899.326919
1781138880.974729,0.000996369,126636,10,1016.779928
1781138880.975681,0.000992722,127952,8,1031.120495
1781138880.976806,0.001000023,107614,7,860.892199
1781138880.977865,0.001003950,110642,9,881.653469
1781138880.979036,0.000996730,123872,12,994.227123
1781138880.980955,0.000999515,120844,10,967.221102
1781138880.981906,0.001012913,120778,9,953.906209
1781138880.982046,0.000989341,127952,8,1034.644273
1781138880.982768,0.001000571,101756,6,813.583444
1781138880.986422,0.001008324,161586,13,1282.016495
1781138880.986465,0.000988619,115118,11,931.545924
1781138880.986484,0.001008758,132428,10,1050.226120
1781138880.988373,0.000991567,39294,3,317.025476
1781138880.988420,0.000999881,91620,6,733.047233
1781138880.988931,0.001000299,130980,10,1047.526789
1781138880.989808,0.000998933,110510,7,885.024321
1781138880.990770,0.001014080,122160,8,963.710950
1781138880.991775,0.000987070,126504,8,1025.288987
1781138880.992722,0.001000226,119462,11,955.480062
1781138880.993734,0.001002435,114986,9,917.653514
1781138880.994787,0.000998797,130980,10,1049.102070
1781138880.996597,0.000998953,125122,9,1002.025120
1781138880.996841,0.000999603,110510,7,884.431119
1781138880.997678,0.001010381,126504,8,1001.634037
1781138880.999403,0.000992984,129400,8,1042.514280
1781138880.999691,0.000995895,106166,7,852.828862
1781138881.000811,0.001001503,126438,7,1009.985991
1781138881.001868,0.001009533,124924,6,989.954761
1781138881.002803,0.000999034,108996,6,872.811136
1781138881.003802,0.001002573,110576,8,882.337745
1781138881.004675,0.000987564,135390,10,1096.759299
1781138881.006354,0.001002932,122160,19,974.422992
1781138881.006709,0.001011042,122160,8,966.606729
1781138881.007714,0.000985860,110510,7,896.760189
1781138881.008779,0.001008202,126504,8,1003.798842
1781138881.009706,0.001001340,122094,7,975.444904
1781138881.010751,0.000995114,126438,7,1016.470475
1781138881.011700,0.000995066,107746,9,866.242038
1781138881.012698,0.001006684,126636,10,1006.361480
1781138881.014523,0.000994475,110576,8,889.522612
1781138881.014660,0.001001309,95964,6,766.708379
1781138881.015717,0.001000321,95964,6,767.465644
1781138881.016755,0.000999182,104916,10,840.015132
1781138881.018428,0.001007820,99058,9,786.315017
1781138881.018670,0.001001181,117948,10,942.470942
1781138881.019704,0.001001102,125188,10,1000.401557
1781138881.020801,0.000999313,113538,9,908.928434
1781138881.023810,0.000997657,80102,7,642.320958
1781138881.023974,0.000994873,113670,11,914.046315
1781138881.024092,0.000999187,125188,10,1002.318885
1781138881.025402,0.001001743,120778,9,964.542802
1781138881.025719,0.000996167,113472,8,911.268894
1781138881.027308,0.001003264,112024,8,893.276346
1781138881.028411,0.001003568,109062,7,869.394002
1781138881.028702,0.000993063,99058,9,797.999724
1781138881.030134,0.001007118,120976,12,960.967831
1781138881.030730,0.000998823,100440,8,804.466857
1781138881.032330,0.001003903,104784,8,835.012944
1781138881.033428,0.000990055,116368,8,940.295236
1781138881.033751,0.001007326,109062,7,866.150581
1781138881.035393,0.001002983,116302,7,927.648824
1781138881.035743,0.001001884,99190,11,792.027820
1781138881.037645,0.000998154,131112,12,1050.835843
1781138881.038226,0.000988726,112090,9,906.944897
1781138881.039349,0.001000262,126636,10,1012.822640
1781138881.039704,0.001004390,126504,8,1007.608598
1781138881.040715,0.001003094,109062,7,869.804824
1781138881.041736,0.000992341,106166,7,855.883210
1781138881.042806,0.001000641,124924,6,998.751800
1781138881.043909,0.001005801,124924,6,993.627964
1781138881.045139,0.000994360,100374,7,807.546563
1781138881.045784,0.001003597,122292,10,974.829538
1781138881.047439,0.001002446,128084,10,1022.171768
1781138881.047718,0.000993596,110576,8,890.309542
1781138881.048766,0.001001953,141050,9,1126.200530
1781138881.049712,0.000998316,109062,7,873.967762
1781138881.050838,0.001011591,125188,10,990.028579
1781138881.053796,0.001000472,116500,10,931.560304
1781138881.054031,0.000998311,112090,9,898.237122
1781138881.054140,0.000990234,126570,9,1022.546186
1781138881.055456,0.001006941,114854,7,912.498349
1781138881.056633,0.000991961,123608,8,996.877901
1781138881.056764,0.001001704,125056,8,998.746137
1781138881.057748,0.000998183,107614,7,862.479125
1781138881.059359,0.001000036,103138,5,825.074297
1781138881.059750,0.001000109,124924,6,999.283078
1781138881.060724,0.000999564,114986,9,920.289246
1781138881.061720,0.001001838,126636,10,1011.229360
1781138881.062830,0.000998471,125188,10,1003.037645
1781138881.063728,0.001010198,111958,7,886.622227
1781138881.065201,0.000991881,123608,8,996.958304
1781138881.065754,0.001012929,126504,8,999.114449
1781138881.066828,0.000986150,126504,8,1026.245500
1781138881.067775,0.001003254,106100,6,846.046963
1781138881.068871,0.000997290,123740,10,992.609973
1781138881.069665,0.000997906,126636,10,1015.213858
1781138881.071416,0.000999785,116434,9,931.672310
1781138881.071677,0.001000270,127952,8,1023.339698
1781138881.072730,0.000999703,109062,7,872.755208
1781138881.073754,0.001000366,127952,8,1023.241494
1781138881.075178,0.001000187,126504,8,1011.842785
1781138881.075700,0.001005717,113406,7,902.090747
1781138881.076757,0.000999712,119396,10,955.443168
1781138881.078034,0.000998333,123740,10,991.572952
1781138881.078974,0.001004329,113538,9,904.388900
1781138881.079726,0.000993748,94516,6,760.885053
1781138881.080721,0.000997682,125056,8,1002.772426
1781138881.081800,0.001002878,122094,7,973.948975
1781138881.082717,0.001012154,125056,8,988.434566
1781138881.083855,0.000986527,109062,7,884.411679
1781138881.084827,0.001008470,123476,6,979.511537
1781138881.085771,0.000990783,80036,6,646.244435
1781138881.087571,0.001000045,58184,4,465.451055
1781138881.087778,0.001009542,120712,8,956.568424
1781138881.088827,0.000996209,120844,10,970.430904
1781138881.089692,0.000993499,116368,8,937.035669
1781138881.091719,0.001000508,128018,9,1023.623999
1781138881.092170,0.001002932,109062,7,869.945320
1781138881.093340,0.001004445,126504,8,1007.553425
1781138881.093881,0.000993484,116434,9,937.581280
1781138881.095103,0.001010673,132428,10,1048.236175
1781138881.095735,0.000997944,112090,9,898.567455
1781138881.097506,0.001003254,128018,9,1020.822244
1781138881.098769,0.000997159,113538,9,910.891844
1781138881.099056,0.000999090,69966,7,560.237816
1781138881.099735,0.000990294,118014,11,953.365364
1781138881.100755,0.001000687,112090,9,896.104376
1781138881.101748,0.001000943,122292,10,977.414298
1781138881.105037,0.001001194,88724,6,708.945519
1781138881.105175,0.001007181,123608,8,981.813597
1781138881.105284,0.000992990,123608,8,995.844873
1781138881.105813,0.001004897,125056,8,995.572681
1781138881.106753,0.001004958,94516,6,752.397613
1781138881.107709,0.000987298,96096,8,778.658521
1781138881.108671,0.001003244,116434,9,928.460076
1781138881.109665,0.000999696,93068,6,744.770410
1781138881.110889,0.001010716,111958,7,886.167826
1781138881.111784,0.000995138,113406,7,911.680591
1781138881.112725,0.001000135,122160,8,977.148085
1781138881.113698,0.000991089,112288,12,906.380759
1781138881.114773,0.001011546,129598,11,1024.949928
1781138881.115816,0.000994722,110642,9,889.832536
1781138881.116711,0.001000322,119198,7,953.277045
1781138881.117665,0.000993869,126504,8,1018.275044
1781138881.118756,0.001011343,113670,11,899.160819
1781138881.119690,0.000989355,113538,9,918.076929
1781138881.120801,0.001012306,93134,7,736.014604
1781138881.122037,0.000994122,114986,9,925.327073
1781138881.122808,0.000994983,126504,8,1017.134966
1781138881.123827,0.000998373,109062,7,873.917864
1781138881.124778,0.001008453,128084,10,1016.083050
1781138881.125763,0.000997999,122292,10,980.297575
1781138881.126757,0.000996073,119330,9,958.403651
1781138881.127708,0.000997789,120712,8,967.835885
1781138881.128742,0.001002163,113406,7,905.289858
1781138881.129691,0.001000254,113604,10,908.601215
1781138881.130800,0.001009161,100506,9,796.748983
1781138881.131703,0.000987177,122358,11,991.579018
1781138881.132752,0.001011203,126636,10,1001.864116
1781138881.134407,0.000988861,96030,7,776.893820
1781138881.134697,0.001000333,116368,8,930.634099
1781138881.135694,0.001005864,120712,8,960.066172
1781138881.136681,0.001002981,177316,10,1414.311936
1781138881.137670,0.000997865,91818,9,736.115607
1781138881.138659,0.000998599,117882,9,944.379075
1781138881.139685,0.001003162,29092,2,232.002408
1781138881.140777,0.000992957,136706,9,1101.405197
1781138881.142040,0.001009388,106166,7,841.428668
1781138881.142805,0.001004044,120910,11,963.384075
1781138881.143675,0.000996134,123872,12,994.821982
1781138881.144679,0.000998049,114986,9,921.686210
1781138881.145664,0.001005706,125122,9,995.296836
1781138881.147323,0.000993780,101756,6,819.143070
1781138881.147738,0.000991948,125056,8,1008.568998
1781138881.148728,0.001000119,106298,9,850.282816
1781138881.149847,0.001000676,110708,10,885.065696
1781138881.151027,0.001002149,128084,10,1022.474702
1781138881.151800,0.001010369,130848,8,1036.041288
1781138881.152687,0.000991173,110510,7,891.953272
1781138881.153659,0.000994960,128216,12,1030.923856
1781138881.154699,0.001012270,106364,10,840.597864
1781138881.155657,0.000989246,138286,11,1118.314353
1781138881.156668,0.001008857,128084,10,1015.676156
1781138881.157682,0.000996910,109062,7,875.200369
1781138881.158686,0.000997902,120646,7,967.197180
1781138881.161218,0.001001780,104982,11,838.363713
1781138881.161377,0.000993594,128150,11,1031.809773
1781138881.161709,0.001006969,123740,10,983.068992
1781138881.162790,0.001000684,110576,8,884.003342
1781138881.163735,0.001003892,125056,8,996.569352
1781138881.164702,0.000988740,125056,8,1011.841333
1781138881.165704,0.001003384,120580,6,961.386668
1781138881.166756,0.000998628,4410,1,35.328471
1781138881.167756,0.001003691,0,0,0.000000
1781138881.168741,0.000993596,78390,3,631.161961
1781138881.169651,0.001000051,0,0,0.000000
1781138881.170668,0.001006168,0,0,0.000000
1781138881.171673,0.001000905,0,0,0.000000
1781138881.172653,0.001000664,0,0,0.000000
1781138881.173666,0.000994724,0,0,0.000000
1781138881.174699,0.001002640,0,0,0.000000
1781138881.175657,0.000999477,0,0,0.000000
1781138881.176652,0.000997384,0,0,0.000000
1781138881.177747,0.001012967,0,0,0.000000
1781138881.178658,0.000984967,0,0,0.000000
1781138881.179648,0.001001048,0,0,0.000000
1781138881.180661,0.001012635,0,0,0.000000
1781138881.181668,0.000993961,0,0,0.000000
1781138881.182686,0.000991959,0,0,0.000000
1781138881.183666,0.000999958,154,1,1.232052
1781138881.184658,0.001000472,0,0,0.000000
1781138881.185653,0.001006063,0,0,0.000000
1781138881.186670,0.000996522,0,0,0.000000
1781138881.187663,0.000998665,0,0,0.000000
1781138881.188677,0.001012975,0,0,0.000000
1781138881.189652,0.000990193,0,0,0.000000
1781138881.190745,0.001000820,0,0,0.000000
1781138881.191721,0.000994724,0,0,0.000000
1781138881.192802,0.001011175,0,0,0.000000
1781138881.193665,0.000988851,0,0,0.000000
1781138881.194767,0.000999773,0,0,0.000000
1781138881.195768,0.001014381,0,0,0.000000
1781138881.198389,0.000989230,0,0,0.000000
1781138881.198444,0.000996590,54,1,0.433478
1781138881.198666,0.001000076,0,0,0.000000
1781138881.199677,0.001006499,0,0,0.000000
1781138881.200661,0.001002361,0,0,0.000000
1781138881.201671,0.000993974,0,0,0.000000
1781138881.202716,0.001007731,0,0,0.000000
1781138881.203739,0.000999306,0,0,0.000000
1781138881.204680,0.000991666,218,1,1.758657
1781138881.205667,0.000998304,0,0,0.000000
1781138881.206666,0.001001393,0,0,0.000000
1781138881.207661,0.001005522,0,0,0.000000
1781138881.208646,0.000993756,0,0,0.000000
1781138881.209644,0.000999831,0,0,0.000000
1781138881.210669,0.001006904,0,0,0.000000
1781138881.211675,0.001006740,0,0,0.000000
1781138881.212661,0.000985489,0,0,0.000000
1781138881.213659,0.001010671,0,0,0.000000
1781138881.214685,0.000996422,0,0,0.000000
1781138881.215679,0.001007447,0,0,0.000000
1781138881.216782,0.000996642,0,0,0.000000
1781138881.217661,0.000999560,0,0,0.000000
1781138881.218670,0.000989765,0,0,0.000000
1781138881.219901,0.001000704,0,0,0.000000
1781138881.220695,0.001010452,0,0,0.000000
1781138881.221684,0.000989891,0,0,0.000000
1781138881.222729,0.001006306,0,0,0.000000
1781138881.223868,0.001005408,0,0,0.000000
1781138881.224703,0.000990677,0,0,0.000000
1781138881.225683,0.000996122,0,0,0.000000
1781138881.226673,0.001000812,0,0,0.000000
1781138881.227701,0.001004583,0,0,0.000000
1781138881.228669,0.001006910,0,0,0.000000
1781138881.229693,0.000988364,0,0,0.000000
1781138881.230677,0.001011135,0,0,0.000000
1781138881.231664,0.000988463,0,0,0.000000
1781138881.232664,0.001001832,0,0,0.000000
1781138881.233669,0.000999298,0,0,0.000000
1781138881.234676,0.001011480,0,0,0.000000
1781138881.235662,0.000987908,0,0,0.000000
1781138881.236671,0.001007671,0,0,0.000000
1781138881.238125,0.000997262,0,0,0.000000
1781138881.238673,0.000994466,0,0,0.000000
1781138881.239672,0.001000840,0,0,0.000000
1781138881.240741,0.001003527,0,0,0.000000
1781138881.241650,0.001000935,0,0,0.000000
1781138881.242691,0.001004956,0,0,0.000000
1781138881.243735,0.000995538,0,0,0.000000
1781138881.244723,0.000995163,0,0,0.000000
1781138881.245651,0.001005849,0,0,0.000000
1781138881.246679,0.000994201,0,0,0.000000
1781138881.247687,0.001009687,0,0,0.000000
1781138881.248665,0.000992049,0,0,0.000000
1781138881.249662,0.000998455,0,0,0.000000
1781138881.250680,0.000998629,0,0,0.000000
1781138881.251664,0.001004408,0,0,0.000000
1781138881.252658,0.000995497,0,0,0.000000
1781138881.253664,0.001004810,0,0,0.000000
1781138881.254679,0.000996563,0,0,0.000000
1781138881.255675,0.001012148,0,0,0.000000
1781138881.256686,0.001000890,0,0,0.000000
1781138881.257713,0.000990219,0,0,0.000000
1781138881.258701,0.000996089,54,1,0.433696
1781138881.259676,0.001011607,0,0,0.000000
1781138881.260664,0.000987838,0,0,0.000000
1781138881.261648,0.001004474,0,0,0.000000
1781138881.262686,0.001002869,0,0,0.000000
1781138881.263691,0.000996021,0,0,0.000000
1781138881.264669,0.000997220,0,0,0.000000
1781138881.265675,0.001010458,0,0,0.000000
1781138881.266679,0.000988824,0,0,0.000000
1781138881.267689,0.001011042,0,0,0.000000
1781138881.268669,0.000994155,0,0,0.000000
1781138881.269656,0.001004696,0,0,0.000000
1781138881.270679,0.000992169,0,0,0.000000
1781138881.271670,0.001005991,0,0,0.000000
1781138881.272688,0.001002860,0,0,0.000000
1781138881.273670,0.000996051,0,0,0.000000
1781138881.274662,0.000993088,0,0,0.000000
1781138881.275682,0.001010430,0,0,0.000000
1781138881.276677,0.000991065,0,0,0.000000
1781138881.277648,0.001001963,0,0,0.000000
1781138881.278688,0.001002243,0,0,0.000000
1781138881.279683,0.000998590,0,0,0.000000
1781138881.280668,0.001001872,0,0,0.000000
1781138881.281648,0.000994845,0,0,0.000000
1781138881.282698,0.001003139,0,0,0.000000
1781138881.283700,0.001007579,0,0,0.000000
1781138881.284671,0.000994801,0,0,0.000000
1781138881.285657,0.001005336,0,0,0.000000
1781138881.286685,0.000987918,0,0,0.000000
1781138881.287686,0.001005183,0,0,0.000000
1781138881.288661,0.001008117,0,0,0.000000
1781138881.289709,0.000989189,0,0,0.000000
1781138881.290679,0.000997999,0,0,0.000000
1781138881.291682,0.001005072,0,0,0.000000
1781138881.292651,0.001003029,0,0,0.000000
1781138881.293656,0.001006004,0,0,0.000000
1781138881.294685,0.000992208,0,0,0.000000
1781138881.295679,0.000993390,0,0,0.000000
1781138881.296647,0.001002329,0,0,0.000000
1781138881.297710,0.001002440,0,0,0.000000
1781138881.298697,0.000996511,0,0,0.000000
1781138881.299664,0.000999050,0,0,0.000000
1781138881.300648,0.001000013,0,0,0.000000
1781138881.301647,0.001000136,0,0,0.000000
1781138881.302680,0.000999837,0,0,0.000000
1781138881.303679,0.001007097,0,0,0.000000
1781138881.304650,0.000992875,0,0,0.000000
1781138881.305655,0.001007821,0,0,0.000000
1781138881.306667,0.000997044,0,0,0.000000
1781138881.307707,0.000996761,0,0,0.000000
1781138881.308658,0.000998881,0,0,0.000000
1781138881.309654,0.000999898,0,0,0.000000
1781138881.310681,0.000999723,0,0,0.000000
1781138881.311667,0.001005760,0,0,0.000000
1781138881.312648,0.000999365,0,0,0.000000
1781138881.313648,0.000994808,0,0,0.000000
1781138881.314663,0.000999690,0,0,0.000000
1781138881.315666,0.001005450,0,0,0.000000
1781138881.316678,0.000994472,0,0,0.000000
1781138881.317646,0.001000538,0,0,0.000000
1781138881.318677,0.001001469,0,0,0.000000
1781138881.319673,0.001009273,0,0,0.000000
1781138881.320665,0.000988591,0,0,0.000000
1781138881.321730,0.001000865,0,0,0.000000
1781138881.322753,0.001001364,0,0,0.000000
1781138881.323663,0.001002152,0,0,0.000000
1781138881.324657,0.001004037,0,0,0.000000
1781138881.325661,0.001002627,0,0,0.000000
1781138881.326671,0.001003067,0,0,0.000000
1781138881.327668,0.000991210,0,0,0.000000
1781138881.328646,0.000994959,0,0,0.000000
1781138881.329674,0.001012380,0,0,0.000000
1781138881.330687,0.000993234,0,0,0.000000
1781138881.331659,0.001006353,0,0,0.000000
1781138881.332660,0.001001777,0,0,0.000000
1781138881.333691,0.000998792,0,0,0.000000
1781138881.334683,0.000991603,0,0,0.000000
1781138881.335685,0.001001913,0,0,0.000000
1781138881.336661,0.000993994,0,0,0.000000
1781138881.337644,0.000999915,0,0,0.000000
1781138881.338678,0.001009427,0,0,0.000000
1781138881.339683,0.000990686,0,0,0.000000
1781138881.340666,0.001007789,0,0,0.000000
1781138881.341817,0.001002049,0,0,0.000000
1781138881.342751,0.000990957,0,0,0.000000
1781138881.343685,0.000999440,0,0,0.000000
1781138881.344726,0.000999481,0,0,0.000000
1781138881.345738,0.001012319,0,0,0.000000
1781138881.346718,0.001002872,0,0,0.000000
1781138881.347714,0.000996845,0,0,0.000000
1781138881.348665,0.001000509,0,0,0.000000
1781138881.349656,0.000988024,0,0,0.000000
1781138881.350893,0.001002126,0,0,0.000000
1781138881.351682,0.001003375,0,0,0.000000
1781138881.352700,0.000999439,0,0,0.000000
1781138881.353722,0.000995869,0,0,0.000000
1781138881.354719,0.000999844,0,0,0.000000
1781138881.355708,0.001003438,0,0,0.000000
1781138881.356703,0.000996245,0,0,0.000000
1781138881.357671,0.001012811,0,0,0.000000
1781138881.358678,0.000986484,0,0,0.000000
1781138881.359671,0.001010295,0,0,0.000000
1781138881.360668,0.001004001,0,0,0.000000
1781138881.361750,0.000986625,0,0,0.000000
1781138881.362751,0.001004482,0,0,0.000000
1781138881.363705,0.000999990,0,0,0.000000
1781138881.364716,0.001006159,0,0,0.000000
1781138881.365721,0.000989518,0,0,0.000000
1781138881.366683,0.000999229,0,0,0.000000
1781138881.367724,0.000999876,0,0,0.000000
1781138881.368665,0.001013300,0,0,0.000000
1781138881.369694,0.000991272,0,0,0.000000
1781138881.370735,0.001002819,0,0,0.000000
1781138881.371709,0.000999397,0,0,0.000000
1781138881.372689,0.000995156,0,0,0.000000
1781138881.373715,0.000998778,0,0,0.000000
1781138881.374811,0.000999435,0,0,0.000000
1781138881.375722,0.001002202,0,0,0.000000
1781138881.376745,0.001008978,0,0,0.000000
1781138881.377744,0.001001356,0,0,0.000000
1781138881.378729,0.000991236,1514,1,12.219088
1781138881.379829,0.000996362,87342,7,701.287283
1781138881.380905,0.001006467,125254,11,995.593497
1781138881.381807,0.001006262,125188,10,995.271609
1781138881.382849,0.000987975,93068,6,753.606114
1781138881.383797,0.001000248,132362,9,1058.633459
1781138881.384686,0.000999481,94780,10,758.633731
1781138881.385771,0.000999388,87408,8,699.692212
1781138881.386822,0.001005897,77140,6,613.502178
1781138881.387692,0.000995622,94582,7,759.983206
1781138881.388721,0.000998662,93068,6,745.541535
1781138881.390064,0.001007755,106100,6,842.268210
1781138881.390692,0.000993016,81418,5,655.924980
1781138881.391794,0.001010678,81550,7,645.507273
1781138881.392739,0.000991257,81616,8,658.686900
1781138881.393703,0.001005805,90238,7,717.737534
1781138881.394697,0.000991027,100374,7,810.262485
1781138881.395736,0.001000888,95964,6,767.030877
1781138881.396685,0.001000346,74178,5,593.218746
1781138881.397739,0.000998670,85762,5,687.009723
1781138881.398736,0.001009526,0,0,0.000000
1781138881.399703,0.000993536,0,0,0.000000
1781138881.400706,0.001004265,0,0,0.000000
1781138881.401757,0.001003653,0,0,0.000000
1781138881.402668,0.000989306,0,0,0.000000
1781138881.403681,0.001000477,0,0,0.000000
1781138881.404653,0.001000518,0,0,0.000000
1781138881.405701,0.001002641,0,0,0.000000
1781138881.406740,0.001001554,0,0,0.000000
1781138881.407683,0.000994642,0,0,0.000000
1781138881.408644,0.001000222,0,0,0.000000
1781138881.409654,0.001010825,0,0,0.000000
1781138881.410686,0.000997450,0,0,0.000000
1781138881.411661,0.000991234,0,0,0.000000
1781138881.412678,0.001012760,0,0,0.000000
1781138881.413648,0.000989522,0,0,0.000000
1781138881.414662,0.000997879,0,0,0.000000
1781138881.415680,0.001001130,0,0,0.000000
1781138881.416652,0.000999492,0,0,0.000000
1781138881.417651,0.001007396,0,0,0.000000
1781138881.418644,0.000992441,0,0,0.000000
1781138881.419799,0.001008579,0,0,0.000000
1781138881.420712,0.000997893,0,0,0.000000
1781138881.421694,0.000997086,0,0,0.000000
1781138881.422746,0.000997672,0,0,0.000000
1781138881.423726,0.000998153,0,0,0.000000
1781138881.424716,0.001010031,0,0,0.000000
1781138881.425705,0.000992801,0,0,0.000000
1781138881.426677,0.001003866,0,0,0.000000
1781138881.427757,0.000996151,0,0,0.000000
1781138881.428674,0.001008299,0,0,0.000000
1781138881.429710,0.001001035,0,0,0.000000
1781138881.430735,0.000994553,0,0,0.000000
1781138881.431730,0.001005880,0,0,0.000000
1781138881.432698,0.000995782,0,0,0.000000
1781138881.433727,0.001001852,0,0,0.000000
1781138881.434664,0.000991070,0,0,0.000000
1781138881.435655,0.001010445,0,0,0.000000
1781138881.436647,0.000988770,0,0,0.000000
1781138881.437654,0.001008663,0,0,0.000000
1781138881.438680,0.000990912,0,0,0.000000
1781138881.439672,0.001002633,0,0,0.000000
1781138881.440683,0.001009938,0,0,0.000000
1781138881.441694,0.000994761,0,0,0.000000
1781138881.442680,0.001002323,0,0,0.000000
1781138881.443650,0.000991477,0,0,0.000000
1781138881.444658,0.001011730,0,0,0.000000
1781138881.445648,0.000989316,0,0,0.000000
1781138881.446756,0.001008684,0,0,0.000000
1781138881.447726,0.000990060,0,0,0.000000
1781138881.448682,0.001000381,0,0,0.000000
1781138881.449653,0.001004547,0,0,0.000000
1781138881.450704,0.000997644,0,0,0.000000
1781138881.451723,0.000997330,0,0,0.000000
1781138881.452690,0.001005260,0,0,0.000000
1781138881.453732,0.001007222,0,0,0.000000
1781138881.454735,0.000986987,0,0,0.000000
1781138881.455803,0.001014866,0,0,0.000000
1781138881.456743,0.000997946,0,0,0.000000
1781138881.457844,0.001000085,0,0,0.000000
1781138881.458754,0.000998014,0,0,0.000000
1781138881.459701,0.000993032,0,0,0.000000
1781138881.460693,0.001000261,0,0,0.000000
1781138881.461740,0.000997009,0,0,0.000000
1781138881.462685,0.000998810,0,0,0.000000
1781138881.463669,0.001006628,0,0,0.000000
1781138881.464674,0.001006002,0,0,0.000000
1781138881.465686,0.000989884,0,0,0.000000
1781138881.466682,0.000997311,0,0,0.000000
1781138881.467683,0.000999955,0,0,0.000000
1781138881.468650,0.000999903,0,0,0.000000
1781138881.469656,0.001009906,0,0,0.000000
1781138881.470683,0.000990669,0,0,0.000000
1781138881.471741,0.001008323,0,0,0.000000
1781138881.472663,0.000991519,0,0,0.000000
1781138881.473699,0.001001216,0,0,0.000000
1781138881.474688,0.000998381,0,0,0.000000
1781138881.475754,0.001005695,0,0,0.000000
1781138881.476659,0.000996294,0,0,0.000000
1781138881.477718,0.001011572,0,0,0.000000
1781138881.478732,0.000986949,0,0,0.000000
1781138881.479730,0.001010206,0,0,0.000000
1781138881.480667,0.000991129,0,0,0.000000
1781138881.481711,0.001001203,0,0,0.000000
1781138881.482729,0.001007267,0,0,0.000000
1781138881.483727,0.000996138,0,0,0.000000
1781138881.485053,0.000994667,0,0,0.000000
1781138881.485704,0.001001525,0,0,0.000000
1781138881.486812,0.000998239,0,0,0.000000
1781138881.487680,0.001002561,0,0,0.000000
1781138881.488661,0.000997349,0,0,0.000000
1781138881.489716,0.001007902,0,0,0.000000
1781138881.490753,0.001003077,0,0,0.000000
1781138881.491777,0.000999189,0,0,0.000000
1781138881.492676,0.001000125,0,0,0.000000
1781138881.493694,0.000996526,0,0,0.000000
1781138881.494670,0.001006007,0,0,0.000000
1781138881.495684,0.000987005,0,0,0.000000
1781138881.496695,0.001010139,0,0,0.000000
1781138881.497706,0.001002783,0,0,0.000000
1781138881.498730,0.000998534,0,0,0.000000
1781138881.499678,0.000988683,0,0,0.000000
1781138881.500685,0.001007587,0,0,0.000000
1781138881.501664,0.000991755,0,0,0.000000
1781138881.502669,0.001000404,0,0,0.000000
1781138881.503721,0.001000123,0,0,0.000000
1781138881.504662,0.001000901,0,0,0.000000
1781138881.505663,0.001011089,0,0,0.000000
1781138881.506697,0.000987886,0,0,0.000000
1781138881.507663,0.001008339,0,0,0.000000
1781138881.508668,0.001000924,0,0,0.000000
1781138881.509680,0.000995039,0,0,0.000000
1781138881.510690,0.001004007,0,0,0.000000
1781138881.511693,0.001006651,0,0,0.000000
1781138881.512650,0.000989017,0,0,0.000000
1781138881.513643,0.000995638,0,0,0.000000
1781138881.514679,0.001000208,0,0,0.000000
1781138881.515661,0.000999697,0,0,0.000000
1781138881.516678,0.001012146,0,0,0.000000
1781138881.517692,0.000990504,0,0,0.000000
1781138881.519633,0.001002197,0,0,0.000000
1781138881.519924,0.001002648,0,0,0.000000
1781138881.520767,0.000995565,0,0,0.000000
1781138881.521655,0.000997402,0,0,0.000000
1781138881.522682,0.000999982,0,0,0.000000
1781138881.523673,0.001004195,0,0,0.000000
1781138881.524655,0.000995573,0,0,0.000000
1781138881.525758,0.001014742,0,0,0.000000
1781138881.526686,0.000996185,0,0,0.000000
1781138881.527663,0.000989360,0,0,0.000000
1781138881.528723,0.001000225,0,0,0.000000
1781138881.529683,0.001001638,0,0,0.000000
1781138881.530746,0.001001730,0,0,0.000000
1781138881.531719,0.000998494,0,0,0.000000
1781138881.532661,0.001005341,0,0,0.000000
1781138881.534355,0.000993637,0,0,0.000000
1781138881.534695,0.001012397,0,0,0.000000
1781138881.535662,0.000987399,0,0,0.000000
1781138881.536693,0.001013336,0,0,0.000000
1781138881.537654,0.000990559,0,0,0.000000
1781138881.538671,0.001001719,0,0,0.000000
1781138881.539673,0.001002379,0,0,0.000000
1781138881.540740,0.001003404,0,0,0.000000
1781138881.541703,0.001001271,0,0,0.000000
1781138881.542721,0.000987809,0,0,0.000000
1781138881.543719,0.000998280,0,0,0.000000
1781138881.544721,0.001000889,0,0,0.000000
1781138881.545810,0.001003116,0,0,0.000000
1781138881.546711,0.001008427,0,0,0.000000
1781138881.547669,0.000987405,0,0,0.000000
1781138881.548665,0.001003593,0,0,0.000000
1781138881.549733,0.001007441,0,0,0.000000
1781138881.550724,0.000995412,0,0,0.000000
1781138881.551710,0.000997703,0,0,0.000000
1781138881.552684,0.001000352,0,0,0.000000
1781138881.553648,0.000995439,0,0,0.000000
1781138881.554694,0.001010468,0,0,0.000000
1781138881.555690,0.000990064,0,0,0.000000
1781138881.556683,0.001008621,0,0,0.000000
1781138881.557663,0.000991365,0,0,0.000000
1781138881.558690,0.001005259,0,0,0.000000
1781138881.559652,0.001002300,0,0,0.000000
1781138881.560642,0.000992256,0,0,0.000000
1781138881.561653,0.001011219,0,0,0.000000
1781138881.562684,0.000995235,0,0,0.000000
1781138881.563643,0.000993287,0,0,0.000000
1781138881.564684,0.001003586,0,0,0.000000
1781138881.565672,0.001009235,0,0,0.000000
1781138881.566649,0.000991713,0,0,0.000000
1781138881.567671,0.001006623,0,0,0.000000
1781138881.568650,0.000991005,0,0,0.000000
1781138881.569674,0.001008316,0,0,0.000000
1781138881.570661,0.000989694,0,0,0.000000
1781138881.571725,0.001012487,0,0,0.000000
1781138881.572725,0.000988449,0,0,0.000000
1781138881.573732,0.000999879,0,0,0.000000
1781138881.574774,0.001003054,0,0,0.000000
1781138881.575700,0.001008857,0,0,0.000000
1781138881.576653,0.000995025,0,0,0.000000
1781138881.577648,0.000996548,0,0,0.000000
1781138881.578663,0.000997354,0,0,0.000000
1781138881.579671,0.001006723,0,0,0.000000
1781138881.580647,0.000991390,0,0,0.000000
1781138881.581654,0.001011937,0,0,0.000000
1781138881.582676,0.000988476,0,0,0.000000
1781138881.583645,0.000999745,0,0,0.000000
1781138881.584652,0.001006315,0,0,0.000000
1781138881.585649,0.000999911,0,0,0.000000
1781138881.586654,0.000994294,0,0,0.000000
1781138881.587646,0.000999297,0,0,0.000000
1781138881.588659,0.001012234,0,0,0.000000
1781138881.589714,0.000989328,0,0,0.000000
1781138881.590744,0.000999512,0,0,0.000000
1781138881.591689,0.000999241,0,0,0.000000
1781138881.592658,0.000999960,0,0,0.000000
1781138881.593678,0.001005974,0,0,0.000000
1781138881.594725,0.000993983,0,0,0.000000
1781138881.595712,0.001003600,0,0,0.000000
1781138881.596698,0.000996444,0,0,0.000000
1781138881.597729,0.000999888,0,0,0.000000
1781138881.598692,0.001013064,0,0,0.000000
1781138881.599673,0.000997509,0,0,0.000000
1781138881.600655,0.000997856,0,0,0.000000
1781138881.601656,0.001004527,0,0,0.000000
1781138881.602693,0.001000538,1514,1,12.105487
1781138881.603739,0.000988657,113670,11,919.793214
1781138881.604768,0.001001027,119462,11,954.715507
1781138881.605817,0.000999411,120910,11,967.850064
1781138881.606698,0.000999223,112090,9,897.417293
1781138881.607782,0.001011300,117882,9,932.518540
1781138881.608706,0.000986688,120712,8,978.724784
1781138881.609795,0.001011157,109062,7,862.868971
1781138881.610812,0.000993218,119396,10,961.690183
1781138881.611747,0.001007837,125254,11,994.240140
1781138881.612728,0.000993376,85894,7,691.734046
1781138881.613705,0.000996355,37780,2,303.345695
1781138881.614724,0.000997932,0,0,0.000000
1781138881.615757,0.001006161,0,0,0.000000
1781138881.616742,0.001004874,113406,7,902.847521
1781138881.617711,0.000995352,133810,9,1075.478826
1781138881.618836,0.001003834,116302,7,926.862410
1781138881.619808,0.000998042,127952,8,1025.624172
1781138881.620793,0.001005020,124990,7,994.925474
1781138881.621734,0.000999127,104652,6,837.947528
1781138881.622851,0.000988412,125122,9,1012.711299
1781138881.623804,0.001000313,119396,10,954.869126
1781138881.624681,0.001006588,103336,8,821.277424
1781138881.625649,0.000993104,111958,7,901.883388
1781138881.626688,0.001000451,125056,8,999.997001
1781138881.627675,0.001011381,114986,9,909.536564
1781138881.628669,0.000999408,119462,11,956.262107
1781138881.629649,0.000989293,112090,9,906.425093
1781138881.630742,0.001002630,130980,10,1045.091410
1781138881.631739,0.001000446,110642,9,884.741405
1781138881.632716,0.000997659,126504,8,1014.406726
1781138881.633727,0.001005856,129400,8,1029.173162
1781138881.634766,0.001002169,112222,11,895.832938
1781138881.635742,0.000991212,129664,12,1046.508719
1781138881.636699,0.001001550,113538,9,906.898308
1781138881.637722,0.001001429,130914,9,1045.817527
1781138881.638698,0.000995850,110510,7,887.764222
1781138881.639724,0.001002960,75758,7,604.275345
1781138881.640690,0.000998337,113670,11,910.874785
1781138881.641742,0.001011167,87342,7,691.019387
1781138881.642723,0.000988179,117882,9,954.337220
1781138881.643870,0.001000177,125122,9,1000.798859
1781138881.644661,0.000999352,132362,9,1059.582610
1781138881.645665,0.001000113,123608,8,988.752271
1781138881.646715,0.001000874,116302,7,929.603527
1781138881.647701,0.001002238,84446,7,674.059455
1781138881.648682,0.001006759,103402,9,821.662384
1781138881.649667,0.000989699,125254,11,1012.461365
1781138881.650675,0.001010924,125188,10,990.681792
1781138881.651679,0.000996500,95964,6,770.408430
1781138881.652675,0.000998096,126504,8,1013.962585
1781138881.653662,0.000995424,91818,9,737.920725
1781138881.654691,0.001009770,110774,11,877.617675
1781138881.655695,0.001001952,84380,6,673.724889
1781138881.656698,0.000997948,122160,8,979.289502
1781138881.657735,0.000997244,114986,9,922.430218
1781138881.658723,0.001005219,107614,7,856.442228
1781138881.659686,0.000998989,140984,8,1129.013433
1781138881.660798,0.000989545,116632,12,942.914168
1781138881.661856,0.001005158,126702,11,1008.414598
1781138881.662809,0.001003405,116434,9,928.311101
1781138881.663716,0.001003469,126504,8,1008.533398
1781138881.664796,0.000999004,107614,7,861.770323
1781138881.665769,0.000995123,103600,12,832.861867
1781138881.667009,0.000993351,120910,11,973.754494
1781138881.667795,0.001000611,113538,9,907.749365
1781138881.668931,0.001000136,129466,9,1035.587160
1781138881.670502,0.000999285,125056,8,1001.163832
1781138881.670708,0.000999763,123608,8,989.098416
1781138881.671759,0.001000739,107614,7,860.276256
1781138881.672781,0.001002947,125056,8,997.508343
1781138881.673753,0.001008522,124990,7,991.470687
1781138881.674926,0.000988143,112090,9,907.479990
1781138881.675690,0.001000177,125188,10,1001.326765
1781138881.676719,0.001009839,130980,10,1037.630751
1781138881.677915,0.000995563,110510,7,888.020145
1781138881.678820,0.001003071,123608,8,985.836496
1781138881.679811,0.000991805,126504,8,1020.394130
1781138881.680738,0.001012033,107614,7,850.675818
1781138881.681763,0.000994755,135258,9,1087.769350
1781138881.684611,0.000992674,125254,11,1009.427063
1781138881.684659,0.001001545,125188,10,999.959063
1781138881.684732,0.001000720,98992,8,791.366216
1781138881.685976,0.001000297,106254,7,849.779615
1781138881.687046,0.000998360,138418,13,1109.163027
1781138881.687724,0.001001166,113604,10,907.773536
1781138881.688677,0.000997707,125188,10,1003.805727
1781138881.689696,0.000999117,125122,9,1001.860643
1781138881.690708,0.001007580,98860,6,784.930229
1781138881.691747,0.000994165,112222,11,903.045269
1781138881.692762,0.000998785,109260,11,875.143299
1781138881.693759,0.001008639,117948,10,935.502197
1781138881.694877,0.000997345,85894,7,688.981245
1781138881.695939,0.001004702,129400,8,1030.355270
1781138881.696757,0.000989493,106166,7,858.346648
1781138881.697753,0.000999861,125056,8,1000.587082
1781138881.698734,0.001012519,112024,8,885.111292
1781138881.699674,0.000992974,113538,9,914.730899
1781138881.700677,0.000995364,87396,8,702.424440
1781138881.701655,0.001001057,113538,9,907.344936
1781138881.702693,0.001005395,130848,8,1041.166905
1781138881.703654,0.000992747,125056,8,1007.757263
1781138881.704671,0.001012933,111958,7,884.228276
1781138881.705657,0.000991478,103534,11,835.391204
1781138881.706707,0.000996327,125188,10,1005.196085
1781138881.707663,0.001001519,117882,9,941.625671
1781138881.708668,0.001003263,129466,9,1032.359411
1781138881.709714,0.000994453,123608,8,994.379825
1781138881.710739,0.001000543,91822,7,734.177342
1781138881.711713,0.001006413,132560,12,1053.722478
1781138881.712693,0.001001822,119462,11,953.957889
1781138881.713678,0.000990780,126636,10,1022.515594
1781138881.714690,0.001003519,117882,9,939.749023
1781138881.715700,0.000997517,126504,8,1014.551130
1781138881.716862,0.001006528,127952,8,1016.977173
1781138881.718401,0.000994101,106166,7,854.367916
1781138881.718683,0.000998619,125056,8,1001.831529
1781138881.719680,0.001005597,126438,7,1005.874123
1781138881.720693,0.000994334,111892,6,900.236741
1781138881.721720,0.001007764,125254,11,994.312160
1781138881.722682,0.000996914,122226,9,980.834856
1781138881.723707,0.000998594,113472,8,909.054130
1781138881.724829,0.000996572,128018,9,1027.666842
1781138881.725785,0.001005381,110510,7,879.348227
1781138881.726776,0.000995516,125056,8,1004.954215
1781138881.727808,0.000999460,154082,9,1233.321994
1781138881.728776,0.001005105,123740,10,984.892126
1781138881.729788,0.000996114,113538,9,911.847439
1781138881.730807,0.000999517,90238,7,722.252848
1781138881.731748,0.000999696,126504,8,1012.339751
1781138881.732889,0.000999316,106166,7,849.909338
1781138881.733728,0.001008109,109392,12,868.096605
1781138881.734744,0.000997328,131112,12,1051.706159
1781138881.735695,0.001001106,114986,9,918.871728
1781138881.736671,0.000997840,110576,8,886.522889
1781138881.737660,0.001006351,110576,8,879.025310
1781138881.738699,0.000992859,125056,8,1007.643583
1781138881.739670,0.000995871,117750,7,945.905644
1781138881.740674,0.001010810,107614,7,851.705068
1781138881.741925,0.000990303,107614,7,869.342009
1781138881.742692,0.001003660,115052,10,917.059562
1781138881.743690,0.000996392,106298,9,853.463296
1781138881.744656,0.001007526,128084,10,1017.017923
1781138881.745662,0.001002468,93068,6,742.710989
1781138881.746705,0.000991629,125056,8,1008.893447
1781138881.747769,0.001003297,84512,8,673.874237
1781138881.748669,0.001006214,119594,13,950.843459
1781138881.749664,0.000990977,112090,9,904.884775
1781138881.750915,0.001009409,128084,10,1015.120729
1781138881.751896,0.000995901,112024,8,899.880611
1781138881.752810,0.001006694,127952,8,1016.809477
1781138881.753656,0.000984967,132494,11,1076.129454
1781138881.754717,0.001014301,131112,12,1034.107232
1781138881.755771,0.000986346,125254,11,1015.903141
1781138881.756795,0.001013200,120778,9,953.636005
1781138881.757732,0.000987265,116434,9,943.487311
1781138881.759111,0.001000399,82800,4,662.135808
1781138881.759722,0.001006799,0,0,0.000000
1781138881.761320,0.000998325,0,0,0.000000
1781138881.762578,0.000997581,0,0,0.000000
1781138881.762735,0.001000082,0,0,0.000000
1781138881.763663,0.000997160,0,0,0.000000
1781138881.764765,0.001000673,0,0,0.000000
1781138881.765692,0.001007289,0,0,0.000000
1781138881.767108,0.001002600,54,1,0.430880
1781138881.767708,0.000993456,0,0,0.000000
1781138881.768707,0.000998176,0,0,0.000000
1781138881.769696,0.000998278,0,0,0.000000
1781138881.770780,0.001010349,0,0,0.000000
1781138881.771717,0.000990991,0,0,0.000000
1781138881.772663,0.001002163,0,0,0.000000
1781138881.773677,0.001009553,0,0,0.000000
1781138881.774678,0.000985000,0,0,0.000000
1781138881.775672,0.001011543,0,0,0.000000
1781138881.776649,0.000988545,0,0,0.000000
1781138881.777649,0.001007916,0,0,0.000000
1781138881.778730,0.000995735,0,0,0.000000
1781138881.779733,0.001001049,0,0,0.000000
1781138881.780659,0.000995541,0,0,0.000000
1781138881.781677,0.001012589,0,0,0.000000
1781138881.782668,0.000994294,0,0,0.000000
1781138881.783662,0.000992736,0,0,0.000000
1781138881.784666,0.001002769,0,0,0.000000
1781138881.785725,0.000997867,0,0,0.000000
1781138881.786694,0.001009013,0,0,0.000000
1781138881.787683,0.000993616,0,0,0.000000
1781138881.788673,0.001006860,0,0,0.000000
1781138881.789732,0.000999975,0,0,0.000000
1781138881.790723,0.000990910,0,0,0.000000
1781138881.791710,0.001011868,0,0,0.000000
1781138881.792702,0.000988494,0,0,0.000000
1781138881.793671,0.000999096,0,0,0.000000
1781138881.794816,0.001004912,0,0,0.000000
1781138881.795770,0.000996000,0,0,0.000000
1781138881.796663,0.001005296,0,0,0.000000
1781138881.797662,0.000993368,0,0,0.000000
1781138881.798687,0.001008317,0,0,0.000000
1781138881.799683,0.000995402,0,0,0.000000
1781138881.800649,0.000996466,0,0,0.000000
1781138881.801653,0.001008265,0,0,0.000000
1781138881.802662,0.000991850,0,0,0.000000
1781138881.803667,0.001000090,0,0,0.000000
1781138881.804678,0.001006139,0,0,0.000000
1781138881.805701,0.001003307,0,0,0.000000
1781138881.806692,0.000990804,0,0,0.000000
1781138881.807709,0.000999510,0,0,0.000000
1781138881.808706,0.001000135,0,0,0.000000
1781138881.809731,0.001005488,0,0,0.000000
1781138881.810698,0.001004558,0,0,0.000000
1781138881.811704,0.000991297,0,0,0.000000
1781138881.812655,0.001002417,0,0,0.000000
1781138881.813830,0.000996885,0,0,0.000000
1781138881.814776,0.001000883,0,0,0.000000
1781138881.815850,0.000999475,0,0,0.000000
1781138881.816738,0.001001110,0,0,0.000000
1781138881.817690,0.000997806,0,0,0.000000
1781138881.818703,0.001001651,0,0,0.000000
1781138881.819673,0.001000284,0,0,0.000000
1781138881.820682,0.001005713,0,0,0.000000
1781138881.821713,0.000996262,0,0,0.000000
1781138881.822695,0.001004231,0,0,0.000000
1781138881.823661,0.000992678,0,0,0.000000
1781138881.824657,0.001000310,0,0,0.000000
1781138881.825661,0.001014800,0,0,0.000000
1781138881.826687,0.000990766,0,0,0.000000
1781138881.827672,0.001002625,0,0,0.000000
1781138881.828665,0.001001998,0,0,0.000000
1781138881.829674,0.000989906,0,0,0.000000
1781138881.830689,0.000999377,0,0,0.000000
1781138881.831668,0.001010091,0,0,0.000000
1781138881.832652,0.000989976,0,0,0.000000
1781138881.833650,0.000999150,0,0,0.000000
1781138881.834678,0.001010565,0,0,0.000000
1781138881.835645,0.000989676,0,0,0.000000
1781138881.836715,0.001008044,0,0,0.000000
1781138881.837730,0.000997720,0,0,0.000000
1781138881.838807,0.000994328,0,0,0.000000
1781138881.839725,0.001006653,0,0,0.000000
1781138881.840740,0.001007479,0,0,0.000000
1781138881.841709,0.000987865,0,0,0.000000
1781138881.842724,0.000997829,0,0,0.000000
1781138881.843685,0.001000979,0,0,0.000000
1781138881.844701,0.001003465,0,0,0.000000
1781138881.845706,0.000996177,0,0,0.000000
1781138881.846695,0.001003770,0,0,0.000000
1781138881.847743,0.001008618,0,0,0.000000
1781138881.848740,0.001000696,0,0,0.000000
1781138881.849716,0.000987262,0,0,0.000000
1781138881.850720,0.000999609,0,0,0.000000
1781138881.851731,0.001008040,0,0,0.000000
1781138881.853050,0.000991982,0,0,0.000000
1781138881.853687,0.001007720,0,0,0.000000
1781138881.854659,0.001004403,0,0,0.000000
1781138881.855649,0.000991063,0,0,0.000000
1781138881.856657,0.001010570,0,0,0.000000
1781138881.857655,0.000997709,0,0,0.000000
1781138881.858687,0.000996441,0,0,0.000000
1781138881.859725,0.001004656,0,0,0.000000
1781138881.860736,0.000997481,0,0,0.000000
1781138881.861682,0.000989976,0,0,0.000000
1781138881.862665,0.000999608,0,0,0.000000
1781138881.863650,0.001005042,0,0,0.000000
1781138881.864655,0.001005655,0,0,0.000000
1781138881.865640,0.000989118,0,0,0.000000
1781138881.866690,0.001007456,0,0,0.000000
1781138881.867662,0.000993039,0,0,0.000000
1781138881.868646,0.000999518,0,0,0.000000
1781138881.869645,0.001000241,0,0,0.000000
1781138881.870669,0.000999923,0,0,0.000000
1781138881.871666,0.001000311,0,0,0.000000
1781138881.872675,0.001008404,0,0,0.000000
1781138881.873648,0.000993708,0,0,0.000000
1781138881.874713,0.001007284,0,0,0.000000
1781138881.875703,0.000998770,0,0,0.000000
1781138881.876668,0.000991246,0,0,0.000000
1781138881.877656,0.001000351,0,0,0.000000
1781138881.878747,0.001011477,0,0,0.000000
1781138881.879702,0.000991651,0,0,0.000000
1781138881.880709,0.000999220,0,0,0.000000
1781138881.881752,0.001003750,0,0,0.000000
1781138881.882758,0.000999819,0,0,0.000000
1781138881.883717,0.000997676,0,0,0.000000
1781138881.884657,0.000996511,0,0,0.000000
1781138881.885691,0.001008850,0,0,0.000000
1781138881.886683,0.000992237,0,0,0.000000
1781138881.887667,0.001003595,0,0,0.000000
1781138881.888657,0.001003754,0,0,0.000000
1781138881.889651,0.000999273,0,0,0.000000
1781138881.890688,0.000994989,0,0,0.000000
1781138881.891681,0.000999243,0,0,0.000000
1781138881.892664,0.001005430,0,0,0.000000
1781138881.893807,0.000997398,0,0,0.000000
1781138881.894762,0.000998247,0,0,0.000000
1781138881.895664,0.001004766,0,0,0.000000
1781138881.896685,0.001000008,0,0,0.000000
1781138881.897698,0.000998541,0,0,0.000000
1781138881.898664,0.000993037,0,0,0.000000
1781138881.899667,0.001005463,0,0,0.000000
1781138881.900656,0.000995468,0,0,0.000000
1781138881.901723,0.001016467,0,0,0.000000
1781138881.902799,0.000992377,0,0,0.000000
1781138881.903678,0.000991807,0,0,0.000000
1781138881.904744,0.000999335,0,0,0.000000
1781138881.905714,0.001004137,0,0,0.000000
1781138881.906738,0.001001859,0,0,0.000000
1781138881.907699,0.000994737,0,0,0.000000
1781138881.908728,0.001009522,0,0,0.000000
1781138881.909691,0.000998089,0,0,0.000000
1781138881.910707,0.000995431,0,0,0.000000
1781138881.911673,0.000997142,0,0,0.000000
1781138881.912646,0.000999733,0,0,0.000000
1781138881.913648,0.001003639,0,0,0.000000
1781138881.914682,0.000995164,0,0,0.000000
1781138881.915663,0.001000512,0,0,0.000000
1781138881.916647,0.000999655,0,0,0.000000
1781138881.917665,0.000999826,0,0,0.000000
1781138881.918663,0.000999820,0,0,0.000000
1781138881.919664,0.001000583,0,0,0.000000
1781138881.920664,0.001000711,0,0,0.000000
1781138881.921665,0.001003346,0,0,0.000000
1781138881.922695,0.001008100,0,0,0.000000
1781138881.923662,0.000987406,0,0,0.000000
1781138881.924644,0.001000020,0,0,0.000000
1781138881.925646,0.000999986,0,0,0.000000
1781138881.926672,0.001004088,0,0,0.000000
1781138881.927684,0.001000238,0,0,0.000000
1781138881.928644,0.000995788,0,0,0.000000
1781138881.929690,0.001001725,0,0,0.000000
1781138881.930682,0.000998735,0,0,0.000000
1781138881.931668,0.001012999,0,0,0.000000
1781138881.932658,0.000987322,0,0,0.000000
1781138881.933685,0.000999609,0,0,0.000000
1781138881.934667,0.000999680,0,0,0.000000
1781138881.935674,0.001008475,0,0,0.000000
1781138881.936737,0.001000522,0,0,0.000000
1781138881.937662,0.000991397,0,0,0.000000
1781138881.938664,0.000999494,0,0,0.000000
1781138881.939687,0.001000199,0,0,0.000000
1781138881.940675,0.001013683,0,0,0.000000
1781138881.941677,0.000996478,0,0,0.000000
1781138881.942666,0.000993199,0,0,0.000000
1781138881.943707,0.000997213,0,0,0.000000
1781138881.944657,0.000999689,0,0,0.000000
1781138881.945659,0.001014253,0,0,0.000000
1781138881.946687,0.000986093,0,0,0.000000
1781138881.947668,0.001006154,0,0,0.000000
1781138881.948651,0.001001345,0,0,0.000000
1781138881.949640,0.000991730,0,0,0.000000
1781138881.950687,0.001009283,0,0,0.000000
1781138881.951677,0.000990217,0,0,0.000000
1781138881.952671,0.001010078,0,0,0.000000
1781138881.953646,0.000990144,0,0,0.000000
1781138881.954690,0.001006844,0,0,0.000000
1781138881.955691,0.001006333,0,0,0.000000
1781138881.956646,0.000988902,0,0,0.000000
1781138881.957651,0.001004420,0,0,0.000000
1781138881.958667,0.000998811,0,0,0.000000
1781138881.959644,0.000994892,0,0,0.000000
1781138881.960644,0.001000218,0,0,0.000000
1781138881.961643,0.000999645,0,0,0.000000
1781138881.962677,0.001000011,0,0,0.000000
1781138881.963670,0.001008667,0,0,0.000000
1781138881.964654,0.001000786,0,0,0.000000
1781138881.965657,0.001001524,0,0,0.000000
1781138881.966666,0.000994154,1514,1,12.183223
1781138881.967745,0.001006610,97610,9,775.752277
1781138881.968770,0.000994737,112222,11,902.525994
1781138881.969705,0.000994499,125188,10,1007.043748
1781138881.970804,0.001000444,123674,9,988.952905
1781138881.971707,0.000999047,126570,9,1013.525890
1781138881.972921,0.001003024,122094,7,973.807207
1781138881.973798,0.000997162,100572,10,806.865885
1781138881.974782,0.001000792,113604,10,908.112775
1781138881.975685,0.000999284,125122,9,1001.693212
1781138881.976655,0.001000394,125056,8,1000.053979
1781138881.977690,0.000998861,119198,7,954.671371
1781138881.978717,0.001000612,103336,8,826.182376
1781138881.979670,0.000999533,113670,10,909.784870
1781138881.980662,0.001009503,125188,11,992.076299
1781138881.981676,0.000998247,100374,7,804.402117
1781138881.982686,0.000994546,122160,8,982.639315
1781138881.983654,0.000998645,126504,8,1013.405164
1781138881.984743,0.001000019,126504,8,1012.012772
1781138881.985730,0.001007497,106166,7,843.007969
1781138881.986736,0.000992940,130782,7,1053.695087
1781138881.987764,0.001005425,112090,9,891.881543
1781138881.988711,0.000994716,115052,10,925.305313
1781138881.989846,0.001007524,125056,8,992.976842
1781138881.991956,0.001005415,119264,8,948.973310
1781138881.992534,0.000993463,130848,8,1053.671853
1781138881.993126,0.000992847,107548,6,866.582666
1781138881.993813,0.001007891,107680,8,854.695597
1781138881.994734,0.000996744,120844,10,969.910027
1781138881.995670,0.001002673,117882,9,940.541931
1781138881.996679,0.000994375,96030,7,772.585795
1781138881.997725,0.000998042,125056,8,1002.410720
1781138881.998817,0.001012430,135192,8,1068.257559
1781138881.999746,0.000993990,102086,11,821.625972
1781138882.000706,0.000999727,116434,9,931.726361
1781138882.002131,0.001001545,125122,9,999.431878
1781138882.003559,0.000995654,123608,8,993.180362
1781138882.005160,0.000998491,110510,7,885.416093
1781138882.005455,0.001006151,125056,8,994.331865
1781138882.005770,0.000995861,120646,7,969.179434
1781138882.007127,0.000996445,126438,7,1015.112726
1781138882.007725,0.001014775,110510,7,871.207903
1781138882.008701,0.000985070,103402,9,839.753520
1781138882.010393,0.000999227,125188,10,1002.278761
1781138882.010696,0.001008188,93134,7,739.020897
1781138882.011683,0.000992964,129400,8,1042.535278
1781138882.012673,0.001005992,122160,8,971.459018
1781138882.013683,0.001001242,116236,6,928.734512
1781138882.014806,0.000992181,100506,9,810.384396
1781138882.015767,0.001004416,117948,10,939.435453
1781138882.016762,0.001004301,123740,10,985.680588
1781138882.017708,0.001004644,127952,8,1018.884301
1781138882.018763,0.000990788,113406,7,915.683274
1781138882.019675,0.001008488,126504,8,1003.514172
1781138882.020662,0.000991887,125056,8,1008.631023
1781138882.021687,0.000995556,107548,6,864.224614
1781138882.022743,0.001007740,33568,4,266.481434
1781138882.023691,0.000996165,45152,4,362.606596
1781138882.024681,0.001002727,65490,5,522.495156
1781138882.025683,0.000996835,119264,8,957.141352
1781138882.026717,0.000996722,122160,8,980.494060
1781138882.027698,0.001008438,126570,9,1004.087510
1781138882.028682,0.000992592,120712,8,972.903267
1781138882.029682,0.000998793,111892,6,896.217735
1781138882.030732,0.001014703,125056,8,985.951554
1781138882.031684,0.000989928,129334,7,1045.199247
1781138882.032697,0.000994843,101954,9,819.860018
1781138882.033674,0.001000550,120778,9,965.692869
1781138882.034704,0.000999794,128084,10,1024.883126
1781138882.035764,0.001006986,110444,6,877.422328
1781138882.036705,0.000994402,125056,8,1006.080036
1781138882.038693,0.001007269,109062,7,866.199595
1781138882.039047,0.000992050,125056,8,1008.465299
1781138882.039742,0.001000625,106232,8,849.325172
1781138882.040765,0.001005180,123806,11,985.343919
1781138882.041736,0.001006202,117816,8,936.718472
1781138882.042881,0.000998852,130914,9,1048.515696
1781138882.043721,0.000990664,122160,8,986.489869
1781138882.044718,0.001010977,110510,7,874.480824
1781138882.045763,0.000994270,125056,8,1006.213604
1781138882.046919,0.001005910,112222,11,892.501317
1781138882.047839,0.000987478,120844,10,979.011178
1781138882.048713,0.001011937,117882,9,931.931533
1781138882.049731,0.000995207,130848,8,1051.825399
1781138882.050758,0.000994441,109062,7,877.373318
1781138882.051729,0.000998545,123608,8,990.304894
1781138882.052722,0.001001781,127952,8,1021.796181
1781138882.053698,0.000996584,111958,7,898.734076
1781138882.054699,0.001002486,107878,11,860.883843
1781138882.055707,0.001001392,125188,10,1000.111844
1781138882.056727,0.000996617,129532,10,1039.773554
1781138882.057658,0.001007388,109062,7,866.097273
1781138882.059125,0.000992964,117948,10,950.270100
1781138882.059968,0.001010465,118014,11,934.334193
1781138882.060678,0.000988741,116434,9,942.078866
1781138882.061724,0.001000497,126570,9,1012.057008
1781138882.062700,0.001013746,111958,7,883.519146
1781138882.063686,0.000992402,122160,8,984.762223
1781138882.064997,0.001005996,129400,8,1029.029937
1781138882.066296,0.000989520,75758,7,612.482820
1781138882.066694,0.001002450,126702,11,1011.138710
1781138882.067751,0.000998233,80036,6,641.421392
1781138882.068702,0.000997506,107680,8,863.593803
1781138882.069733,0.000999456,113406,7,907.741812
1781138882.072008,0.001010140,133744,8,1059.211594
1781138882.072212,0.000991564,55420,6,447.132006
1781138882.073248,0.000999608,115118,11,921.305152
1781138882.073681,0.000999165,80036,6,640.823087
1781138882.074906,0.001001580,129532,10,1034.621298
1781138882.075700,0.001004487,117882,9,938.843410
1781138882.076710,0.001007874,120712,8,958.151515
1781138882.077735,0.000988614,127952,8,1035.405123
1781138882.078808,0.000998964,109062,7,873.400843
1781138882.079707,0.001000084,126504,8,1011.946996
1781138882.080700,0.000998562,119198,7,954.957228
1781138882.081686,0.001004106,120844,10,962.798748
1781138882.082766,0.001002568,117882,9,940.640435
1781138882.083744,0.001001879,119264,8,952.322586
1781138882.084693,0.000996505,120712,8,969.082945
1781138882.085799,0.000999209,127952,8,1024.426321
1781138882.086896,0.001002333,127952,8,1021.233462
1781138882.087798,0.001001349,106100,6,847.656511
1781138882.088761,0.000992551,122094,7,984.082430
1781138882.089796,0.001013223,119396,10,942.702643
1781138882.090716,0.000994083,101888,8,819.955678
1781138882.091758,0.000991751,142564,10,1149.998336
1781138882.092763,0.001013025,96030,7,758.362331
1781138882.093731,0.000987620,127952,8,1036.447217
1781138882.094716,0.001013645,123608,8,975.552585
1781138882.095799,0.000991465,107614,7,868.323138
1781138882.096714,0.000994395,124924,6,1005.025166
1781138882.097734,0.001004074,114986,9,916.155582
1781138882.098788,0.001002873,125188,10,998.634922
1781138882.099723,0.000993102,125188,10,1008.460360
1781138882.100719,0.001004904,128018,9,1019.146107
1781138882.101709,0.001004733,110510,7,879.915361
1781138882.102731,0.000990885,125056,8,1009.650969
1781138882.103671,0.000999418,107614,7,861.413343
1781138882.104678,0.001012179,125056,8,988.410153
1781138882.105650,0.000988571,114920,8,929.988842
1781138882.106776,0.001000782,120844,10,965.996591
1781138882.107697,0.000998920,126636,10,1014.183318
1781138882.108686,0.001012149,129532,10,1023.817639
1781138882.109784,0.001002082,113406,7,905.363034
1781138882.110712,0.000989439,123608,8,999.418863
1781138882.111723,0.001008257,127952,8,1015.233219
1781138882.112655,0.000991835,127886,7,1031.510281
1781138882.113676,0.001001878,106298,9,848.789972
1781138882.114712,0.001003401,123740,10,986.564693
1781138882.115853,0.000993067,128084,10,1031.825647
1781138882.116764,0.000998761,113472,8,908.902130
1781138882.117739,0.001001777,127952,8,1021.800261
1781138882.118713,0.001003549,107614,7,857.867428
1781138882.119682,0.000993680,110510,7,889.702922
1781138882.120704,0.000999485,115118,11,921.418531
1781138882.121783,0.001006902,129532,10,1029.152787
1781138882.122710,0.000999124,101888,8,815.818657
1781138882.123688,0.001006889,112024,8,890.060374
1781138882.124746,0.000998859,122160,8,978.396350
1781138882.125710,0.000994362,129400,8,1041.069550
1781138882.126705,0.001001678,104652,6,835.813505
1781138882.127666,0.000992695,125056,8,1007.810052
1781138882.128669,0.001009825,116434,9,922.409328
1781138882.129702,0.001002635,138286,11,1103.380592
1781138882.130711,0.000996604,101888,8,817.881526
1781138882.131690,0.001005037,136706,9,1088.166903
1781138882.132716,0.000999436,129400,8,1035.784182
1781138882.133808,0.000986653,109062,7,884.298735
1781138882.134882,0.001006597,94582,7,751.697055
1781138882.135756,0.001004110,113538,9,904.586151
1781138882.136760,0.000996941,110576,8,887.322319
1781138882.137744,0.001003454,122160,8,973.916094
1781138882.138712,0.000988844,112024,8,906.302713
1781138882.139707,0.001006434,133744,8,1063.111938
1781138882.140668,0.001006934,106166,7,843.479314
1781138882.141728,0.000989689,129334,7,1045.451652
1781138882.142690,0.001007937,127886,7,1015.031693
1781138882.143687,0.000989139,103204,6,834.697651
1781138882.144683,0.000999769,120646,7,965.391005
1781138882.145643,0.000999975,126570,9,1012.585315
1781138882.146819,0.001010514,112090,9,887.389982
1781138882.147785,0.001003766,130914,9,1043.382621
1781138882.148840,0.000986764,110510,7,895.938644
1781138882.149940,0.001008488,125056,8,992.027669
1781138882.150852,0.001001897,127952,8,1021.677877
1781138882.151764,0.000988676,85894,7,695.022434
1781138882.153576,0.001000724,113604,10,908.174482
1781138882.153760,0.000999152,98926,7,792.079684
1781138882.154747,0.001011935,126636,10,1001.139401
1781138882.155687,0.000992886,100308,6,808.213632
1781138882.156659,0.000994959,119264,8,958.946047
1781138882.157678,0.001004303,90172,6,718.285219
1781138882.158765,0.000996482,120976,12,971.224769
1781138882.159756,0.000999262,119396,10,955.873435
1781138882.160722,0.001012701,128084,10,1011.820863
1781138882.161725,0.000987778,125188,10,1013.895835
1781138882.163320,0.001000650,114920,8,918.762804
1781138882.164431,0.001000017,126504,8,1012.014796
1781138882.164925,0.000999756,109260,10,874.293328
1781138882.165762,0.001006713,118014,11,937.816438
1781138882.166730,0.001003250,136838,11,1091.157737
1781138882.167703,0.001000661,113538,9,907.704008
1781138882.168694,0.000992338,125122,9,1008.704695
1781138882.169783,0.000997327,110510,7,886.449479
1781138882.170687,0.001006886,126504,8,1005.110807
1781138882.171735,0.000991921,123608,8,996.918101
1781138882.172700,0.001012379,112090,9,885.755236
1781138882.173678,0.000987713,123872,12,1003.303591
1781138882.174676,0.000999526,126636,10,1013.568431
1781138882.175739,0.001000565,126636,10,1012.515929
1781138882.176724,0.001000941,110510,7,883.248863
1781138882.177734,0.000998900,130848,8,1047.936730
1781138882.178685,0.001000200,110510,7,883.903219
1781138882.179799,0.001010368,123674,9,979.239247
1781138882.180744,0.000997067,126636,10,1016.068128
1781138882.181751,0.000995269,123740,10,994.625574
1781138882.182682,0.001005041,110576,8,880.171058
1781138882.183692,0.000992218,125056,8,1008.294548
1781138882.184678,0.001005025,125056,8,995.445884
1781138882.185699,0.000995560,122248,8,982.345615
1781138882.186703,0.000999270,126504,8,1012.771323
1781138882.187685,0.001003134,106100,6,846.148172
1781138882.188815,0.001009073,106166,7,841.691335
1781138882.189700,0.000993010,90172,6,726.453913
1781138882.190701,0.000996291,116434,9,934.939691
1781138882.191685,0.001005974,106232,8,844.809110
1781138882.192660,0.001004714,125122,9,996.279538
1781138882.193666,0.001001421,125056,8,999.028381
1781138882.194688,0.000986672,125056,8,1013.962087
1781138882.195708,0.001011178,119198,7,943.042669
1781138882.196676,0.000988624,68386,5,553.383288
1781138882.197767,0.001011458,87078,3,688.732503
1781138882.198771,0.000991402,0,0,0.000000
1781138882.200045,0.001010228,0,0,0.000000
1781138882.200765,0.000987763,54,1,0.437352
1781138882.201808,0.001014058,218,1,1.719823
1781138882.202675,0.000992732,0,0,0.000000
1781138882.203710,0.001007072,0,0,0.000000
1781138882.204704,0.000997879,0,0,0.000000
1781138882.205711,0.001002051,0,0,0.000000
1781138882.206708,0.000998553,0,0,0.000000
1781138882.207682,0.000993781,0,0,0.000000
1781138882.208664,0.000995938,0,0,0.000000
1781138882.209650,0.001001267,0,0,0.000000
1781138882.210678,0.000995415,0,0,0.000000
1781138882.211662,0.001000172,0,0,0.000000
1781138882.212663,0.001002147,0,0,0.000000
1781138882.213762,0.001008114,0,0,0.000000
1781138882.214784,0.000990677,0,0,0.000000
1781138882.215673,0.000999472,0,0,0.000000
1781138882.216648,0.001000226,0,0,0.000000
1781138882.217654,0.001009762,0,0,0.000000
1781138882.218674,0.000995460,0,0,0.000000
1781138882.219708,0.000996443,0,0,0.000000
1781138882.220685,0.001006401,0,0,0.000000
1781138882.221654,0.000993801,0,0,0.000000
1781138882.222682,0.000997339,0,0,0.000000
1781138882.223685,0.001005659,0,0,0.000000
1781138882.224694,0.001009499,0,0,0.000000
1781138882.225648,0.000985054,0,0,0.000000
1781138882.226683,0.001003986,0,0,0.000000
1781138882.227692,0.001007406,0,0,0.000000
1781138882.228673,0.001001476,0,0,0.000000
1781138882.229656,0.000998400,0,0,0.000000
1781138882.230681,0.000989773,0,0,0.000000
1781138882.231676,0.000998739,0,0,0.000000
1781138882.232654,0.001008897,0,0,0.000000
1781138882.233655,0.001001074,0,0,0.000000
1781138882.234661,0.000990508,0,0,0.000000
1781138882.235677,0.000999878,0,0,0.000000
1781138882.236702,0.001014329,0,0,0.000000
1781138882.237660,0.000997627,0,0,0.000000
1781138882.238679,0.001000202,0,0,0.000000
1781138882.239681,0.000989244,0,0,0.000000
1781138882.240689,0.001005782,0,0,0.000000
1781138882.241659,0.000998097,0,0,0.000000
1781138882.242707,0.000998996,0,0,0.000000
1781138882.243704,0.001008496,0,0,0.000000
1781138882.244655,0.000994703,0,0,0.000000
1781138882.245673,0.001004443,0,0,0.000000
1781138882.246685,0.000990686,0,0,0.000000
1781138882.247683,0.000997921,0,0,0.000000
1781138882.248660,0.001001130,0,0,0.000000
1781138882.249663,0.001001210,0,0,0.000000
1781138882.250692,0.001005423,0,0,0.000000
1781138882.251683,0.000996588,0,0,0.000000
1781138882.252671,0.001003179,0,0,0.000000
1781138882.253655,0.001002792,0,0,0.000000
1781138882.254754,0.000988793,0,0,0.000000
1781138882.255681,0.001009141,0,0,0.000000
1781138882.256667,0.000993933,0,0,0.000000
1781138882.257695,0.001009510,0,0,0.000000
1781138882.258693,0.000991629,54,1,0.435647
1781138882.259680,0.000996425,0,0,0.000000
1781138882.260663,0.001000193,0,0,0.000000
1781138882.261666,0.001003982,0,0,0.000000
1781138882.262677,0.001005724,0,0,0.000000
1781138882.263683,0.000992085,0,0,0.000000
1781138882.264666,0.001001368,0,0,0.000000
1781138882.265662,0.000998054,0,0,0.000000
1781138882.266683,0.001002278,0,0,0.000000
1781138882.267663,0.000995790,0,0,0.000000
1781138882.268664,0.000999978,0,0,0.000000
1781138882.269669,0.001010462,0,0,0.000000
1781138882.270673,0.001001814,0,0,0.000000
1781138882.271677,0.000996599,0,0,0.000000
1781138882.272658,0.000998103,0,0,0.000000
1781138882.273649,0.000995552,0,0,0.000000
1781138882.274690,0.001006594,0,0,0.000000
1781138882.275683,0.000998472,0,0,0.000000
1781138882.276663,0.001002949,0,0,0.000000
1781138882.277734,0.000991990,0,0,0.000000
1781138882.278701,0.001005425,0,0,0.000000
1781138882.279697,0.001005276,0,0,0.000000
1781138882.280739,0.000990329,0,0,0.000000
1781138882.281700,0.000996712,0,0,0.000000
1781138882.282735,0.001010152,0,0,0.000000
1781138882.283675,0.001001033,0,0,0.000000
1781138882.284740,0.000988638,0,0,0.000000
1781138882.285678,0.001012818,0,0,0.000000
1781138882.286686,0.000991824,0,0,0.000000
1781138882.287664,0.000998759,0,0,0.000000
1781138882.288642,0.000996290,0,0,0.000000
1781138882.289728,0.001010506,0,0,0.000000
1781138882.290695,0.001002229,0,0,0.000000
1781138882.291679,0.000989988,0,0,0.000000
1781138882.292663,0.000998212,0,0,0.000000
1781138882.293656,0.001012411,0,0,0.000000
1781138882.294724,0.000986872,0,0,0.000000
1781138882.295707,0.001000807,0,0,0.000000
1781138882.296666,0.001010896,0,0,0.000000
1781138882.297719,0.000991804,0,0,0.000000
1781138882.298676,0.000996680,0,0,0.000000
1781138882.299667,0.001012247,0,0,0.000000
1781138882.300656,0.000997446,0,0,0.000000
1781138882.301648,0.000996054,0,0,0.000000
1781138882.302665,0.000997727,0,0,0.000000
1781138882.303665,0.000996373,0,0,0.000000
1781138882.304649,0.001000583,0,0,0.000000
1781138882.305660,0.001000272,0,0,0.000000
1781138882.306704,0.001004862,0,0,0.000000
1781138882.307697,0.001006473,0,0,0.000000
1781138882.308685,0.000999083,0,0,0.000000
1781138882.309661,0.000989992,0,0,0.000000
1781138882.310692,0.000999354,0,0,0.000000
1781138882.311671,0.000999843,0,0,0.000000
1781138882.312652,0.001005902,0,0,0.000000
1781138882.313647,0.000998284,0,0,0.000000
1781138882.314696,0.001008611,0,0,0.000000
1781138882.315675,0.000992533,0,0,0.000000
1781138882.316682,0.001004562,0,0,0.000000
1781138882.317686,0.001004212,0,0,0.000000
1781138882.318676,0.000996771,0,0,0.000000
1781138882.319665,0.000991352,0,0,0.000000
1781138882.320647,0.000997340,0,0,0.000000
1781138882.321645,0.000999824,0,0,0.000000
1781138882.322690,0.001008887,0,0,0.000000
1781138882.323683,0.001003962,0,0,0.000000
1781138882.324664,0.000988569,0,0,0.000000
1781138882.325645,0.000999250,0,0,0.000000
1781138882.326699,0.001012245,0,0,0.000000
1781138882.327688,0.000988006,0,0,0.000000
1781138882.328666,0.000999571,0,0,0.000000
1781138882.329672,0.001012229,0,0,0.000000
1781138882.330674,0.000987539,0,0,0.000000
1781138882.331676,0.001007753,0,0,0.000000
1781138882.332645,0.000993504,0,0,0.000000
1781138882.333663,0.000999896,0,0,0.000000
1781138882.334675,0.001010223,0,0,0.000000
1781138882.335680,0.001000628,0,0,0.000000
1781138882.336672,0.000988808,0,0,0.000000
1781138882.337663,0.000999827,0,0,0.000000
1781138882.338697,0.001007307,0,0,0.000000
1781138882.339664,0.001000764,0,0,0.000000
1781138882.340671,0.000991994,0,0,0.000000
1781138882.341655,0.001008357,0,0,0.000000
1781138882.342688,0.000998317,0,0,0.000000
1781138882.343667,0.000992641,0,0,0.000000
1781138882.344672,0.001001856,0,0,0.000000
1781138882.345690,0.000998769,0,0,0.000000
1781138882.346701,0.001009369,0,0,0.000000
1781138882.347664,0.000993537,0,0,0.000000
1781138882.348662,0.000998481,0,0,0.000000
1781138882.349653,0.001001315,0,0,0.000000
1781138882.350655,0.001004762,0,0,0.000000
1781138882.351667,0.000995137,0,0,0.000000
1781138882.352682,0.001004372,0,0,0.000000
1781138882.353685,0.000998646,0,0,0.000000
1781138882.354693,0.001004289,0,0,0.000000
1781138882.355687,0.001002590,0,0,0.000000
1781138882.356664,0.000996386,0,0,0.000000
1781138882.357664,0.001004623,0,0,0.000000
1781138882.358662,0.000985959,0,0,0.000000
1781138882.359691,0.001005236,0,0,0.000000
1781138882.360677,0.001007100,0,0,0.000000
1781138882.361651,0.000996695,0,0,0.000000
1781138882.362687,0.000994090,0,0,0.000000
1781138882.363667,0.001008720,0,0,0.000000
1781138882.364650,0.000987826,0,0,0.000000
1781138882.365653,0.001009084,0,0,0.000000
1781138882.366688,0.001000143,0,0,0.000000
1781138882.367682,0.000990729,0,0,0.000000
1781138882.368667,0.001002755,0,0,0.000000
1781138882.369700,0.000998831,0,0,0.000000
1781138882.370665,0.000999863,0,0,0.000000
1781138882.371665,0.000998518,0,0,0.000000
1781138882.372654,0.001006546,0,0,0.000000
1781138882.373647,0.000996289,0,0,0.000000
1781138882.374690,0.001007577,0,0,0.000000
1781138882.375676,0.001002813,0,0,0.000000
1781138882.376669,0.000990814,0,0,0.000000
1781138882.377666,0.000998688,0,0,0.000000
1781138882.378664,0.000997429,0,0,0.000000
1781138882.379704,0.001011974,0,0,0.000000
1781138882.380654,0.000988504,0,0,0.000000
1781138882.381650,0.000999486,0,0,0.000000
1781138882.382704,0.000999551,0,0,0.000000
1781138882.383671,0.001004458,0,0,0.000000
1781138882.384673,0.001008653,0,0,0.000000
1781138882.385694,0.000987382,0,0,0.000000
1781138882.386689,0.001009447,0,0,0.000000
1781138882.387665,0.000992846,0,0,0.000000
1781138882.388660,0.000997564,0,0,0.000000
1781138882.389645,0.001003378,0,0,0.000000
1781138882.390685,0.001003909,0,0,0.000000
1781138882.391681,0.000996749,0,0,0.000000
1781138882.392680,0.000996812,0,0,0.000000
1781138882.393657,0.001011381,0,0,0.000000
1781138882.394680,0.000996214,0,0,0.000000
1781138882.395671,0.000997748,0,0,0.000000
1781138882.396665,0.000996114,0,0,0.000000
1781138882.397665,0.001003859,0,0,0.000000
1781138882.398668,0.001001050,0,0,0.000000
1781138882.399697,0.001001515,0,0,0.000000
1781138882.400672,0.000998698,0,0,0.000000
1781138882.401665,0.001006933,0,0,0.000000
1781138882.402668,0.000988569,0,0,0.000000
1781138882.403668,0.001004526,0,0,0.000000
1781138882.404653,0.000993152,0,0,0.000000
1781138882.405683,0.001001404,0,0,0.000000
1781138882.406688,0.001001691,1514,1,12.091553
1781138882.407768,0.000997821,100440,8,805.274694
1781138882.408719,0.001002122,114986,9,917.940131
1781138882.409723,0.000997816,110510,7,886.015057
1781138882.410881,0.001001145,109062,7,871.498135
1781138882.411736,0.001002211,111958,7,893.688056
1781138882.414088,0.000998800,65622,7,525.606728
1781138882.414152,0.001011094,112090,9,886.880943
1781138882.414678,0.000987258,80036,6,648.551848
1781138882.415650,0.001000956,122226,9,976.874108
1781138882.416660,0.001001710,126504,8,1010.304380
1781138882.417684,0.001007265,126504,8,1004.732618
1781138882.418671,0.000988179,107614,7,871.210580
1781138882.419674,0.001000115,122292,10,978.223504
1781138882.420685,0.001011479,119330,9,943.806050
1781138882.421675,0.000988488,110642,9,895.444355
1781138882.422697,0.001009034,127952,8,1014.451446
1781138882.423669,0.000991383,126504,8,1020.828479
1781138882.424659,0.001005384,123608,8,983.568467
1781138882.425680,0.001000225,100506,9,803.867130
1781138882.426695,0.001006835,85960,8,683.011616
1781138882.427696,0.000992095,5858,1,47.237412
1781138882.428666,0.001006078,62528,4,497.202006
1781138882.429807,0.000999329,125056,8,1001.119751
1781138882.430846,0.001001310,123608,8,987.570283
1781138882.431723,0.000989298,116368,8,941.014740
1781138882.432735,0.000999854,107746,9,862.093866
1781138882.433732,0.001012917,106364,10,840.060933
1781138882.434807,0.000986933,120844,10,979.551803
1781138882.435724,0.001011475,107680,8,851.667120
1781138882.436973,0.000988938,111958,7,905.682662
1781138882.437768,0.001001936,122160,8,975.391642
1781138882.438737,0.001009947,126504,8,1002.064465
1781138882.439732,0.000987230,98992,8,802.179837
1781138882.440777,0.001010061,120910,11,957.645132
1781138882.441829,0.000993498,113538,9,914.248443
1781138882.442920,0.000997191,129400,8,1038.116068
1781138882.443904,0.001012436,120712,8,953.834119
1781138882.444761,0.000992989,126504,8,1019.177453
1781138882.445763,0.000994309,107614,7,865.839493
1781138882.446761,0.001011884,125056,8,988.698309
1781138882.447695,0.000990987,128084,10,1033.991364
1781138882.448750,0.000997657,109194,9,875.603539
1781138882.449744,0.000999175,128084,10,1025.518052
1781138882.450706,0.001000748,126570,9,1011.803171
1781138882.451871,0.000999384,110510,7,884.624929
1781138882.453193,0.001009870,127952,8,1013.611653
1781138882.453735,0.000990943,106166,7,857.090670
1781138882.454704,0.001006805,145262,7,1154.241387
1781138882.456094,0.000992178,104586,5,843.284169
1781138882.456900,0.001005940,124924,6,993.490665
1781138882.457932,0.001008314,116368,8,923.267950
1781138882.458758,0.000987191,123608,8,1001.694708
1781138882.459713,0.001000823,125188,10,1000.680440
1781138882.460714,0.000998405,113472,8,909.226216
1781138882.461694,0.001001264,125056,8,999.185030
1781138882.462708,0.000998161,126504,8,1013.896556
1781138882.463746,0.001004355,106166,7,845.645215
1781138882.464666,0.000995284,124990,7,1004.657967
1781138882.465695,0.001006944,124924,6,992.500079
1781138882.466687,0.001003126,114920,8,916.495037
1781138882.467669,0.000989353,110642,9,894.661461
1781138882.468654,0.001004349,141182,11,1124.565266
1781138882.469675,0.001007208,110576,8,878.277377
1781138882.470876,0.000991307,126504,8,1020.906742
1781138882.471709,0.000998074,126504,8,1013.984935
1781138882.472694,0.000999840,106232,8,849.991999
1781138882.473925,0.001008528,131046,11,1039.503117
1781138882.475364,0.000991814,120844,10,974.731149
1781138882.475802,0.001010292,120778,9,956.380927
1781138882.476770,0.000990089,122226,9,987.596065
1781138882.477748,0.001000256,110510,7,883.853733
1781138882.478840,0.001001358,235566,8,1881.972282
1781138882.480145,0.000998041,126504,8,1014.018462
1781138882.481064,0.001007801,110576,8,877.760590
1781138882.482088,0.000992128,123740,10,997.774481
1781138882.483195,0.001001316,129598,11,1035.421385
1781138882.484290,0.001009984,94582,7,749.176225
1781138882.486417,0.000989556,0,0,0.000000
1781138882.486540,0.001001412,0,0,0.000000
1781138882.487206,0.001001006,108996,6,871.091682
1781138882.489236,0.001003614,114854,7,915.523299
1781138882.489438,0.001002161,109062,7,870.614602
1781138882.490148,0.000992510,136772,10,1102.433225
1781138882.491321,0.000999078,125320,12,1003.485213
1781138882.491754,0.001003421,116500,10,928.822498
1781138882.492720,0.001006787,74244,6,589.948023
1781138882.495990,0.001001823,132296,8,1056.442106
1781138882.496185,0.000988366,129400,8,1047.385280
1781138882.496249,0.001005205,96096,8,764.787282
1781138882.496916,0.000995480,125320,12,1007.112147
1781138882.498059,0.001004474,125188,10,997.043229
1781138882.499264,0.001002975,90238,7,719.762706
1781138882.499722,0.001005249,33436,2,266.091287
1781138882.500691,0.000989847,104718,7,846.336858
1781138882.501713,0.001005006,120712,8,960.885806
1781138882.502718,0.000998882,123608,8,989.970787
1781138882.503706,0.000992547,127952,8,1031.302296
1781138882.504749,0.001002855,113472,8,905.191678
1781138882.505695,0.001003000,116434,9,928.685942
1781138882.507355,0.001001714,113538,9,906.749831
1781138882.507689,0.001001678,100440,8,802.173952
1781138882.508949,0.000993864,129466,9,1042.122463
1781138882.509718,0.001005772,129532,10,1030.309056
1781138882.512167,0.000990571,113670,11,918.015973
1781138882.512435,0.001000040,125188,10,1001.463941
1781138882.512846,0.001001312,91686,7,732.526925
1781138882.513781,0.000998824,90172,6,722.225337
1781138882.515369,0.001000363,123608,8,988.505173
1781138882.516322,0.001002834,132362,9,1055.903569
1781138882.518428,0.000998144,116302,7,932.146063
1781138882.520226,0.000999496,107614,7,861.346118
1781138882.520541,0.001006722,122424,12,972.852486
1781138882.522421,0.000997176,116500,10,934.639422
1781138882.524187,0.001001025,125188,10,1000.478510
1781138882.524326,0.000996120,123608,8,992.715737
1781138882.524401,0.000999017,116368,8,931.860018
1781138882.524463,0.001006161,135258,9,1075.438225
1781138882.526067,0.001002247,109128,8,871.066713
1781138882.526184,0.001000402,116500,10,931.625487
1781138882.526947,0.000994977,128084,10,1029.844911
1781138882.527822,0.000996117,120844,10,970.520531
1781138882.529246,0.001000611,128084,10,1024.046308
1781138882.530304,0.000998662,109062,7,873.664964
1781138882.531322,0.001001560,107614,7,859.571069
1781138882.536547,0.001000384,125056,8,1000.063975
1781138882.537400,0.000998797,122028,6,977.399812
1781138882.537548,0.000999606,127886,7,1023.491256
1781138882.538619,0.001002073,100374,7,801.330841
1781138882.538661,0.001011421,119264,8,943.338135
1781138882.538679,0.000994756,119396,10,960.203306
1781138882.538713,0.001004330,114920,8,915.396334
1781138882.538803,0.001000963,93134,7,744.355186
1781138882.539706,0.000986070,106298,9,862.397193
1781138882.542263,0.000999410,128282,13,1026.861848
1781138882.542479,0.001002063,116434,9,929.554329
1781138882.543013,0.001010746,96030,7,760.072263
1781138882.544233,0.000988291,109062,7,882.833093
1781138882.545149,0.000999099,125056,8,1001.350217
1781138882.546133,0.001001109,110510,7,883.100641
1781138882.547412,0.000999537,107614,7,861.310787
1781138882.548195,0.000999355,138286,11,1107.002016
1781138882.550288,0.001000314,122424,12,979.084567
1781138882.550495,0.001011890,123740,10,978.288154
1781138882.552253,0.000989442,78654,7,635.946321
1781138882.552373,0.001010170,142498,9,1128.507083
1781138882.553362,0.001000641,107614,7,860.360509
1781138882.555386,0.000988864,125056,8,1011.714452
1781138882.555549,0.000999097,87276,6,698.839052
1781138882.557303,0.000999919,120778,9,966.302270
1781138882.557475,0.001009463,116500,10,923.263161
1781138882.559485,0.001004608,123740,10,985.379372
1781138882.561306,0.000992059,123740,10,997.843878
1781138882.561508,0.000999426,112024,8,896.706710
1781138882.561583,0.000995492,126504,8,1016.614900
1781138882.564117,0.001006877,129400,8,1028.129553
1781138882.564231,0.000994640,85762,5,689.793292
1781138882.564329,0.000997196,178896,12,1435.192279
1781138882.566246,0.001005750,122292,10,972.742729
1781138882.566431,0.000995783,119330,9,958.682765
1781138882.568344,0.001013879,90238,7,712.021849
1781138882.568442,0.000985847,126636,10,1027.632077
1781138882.569210,0.001001404,123872,12,989.586620
1781138882.570226,0.001009569,119396,10,946.114629
1781138882.571307,0.001001909,27710,3,221.257619
1781138882.572421,0.000999170,93068,6,745.162485
1781138882.574565,0.000998401,130914,9,1048.989334
1781138882.577111,0.000994074,119198,7,959.268626
1781138882.577255,0.001000646,123608,8,988.225606
1781138882.577355,0.001001879,113670,11,907.654517
1781138882.577433,0.000991390,118014,11,952.311401
1781138882.578520,0.001004955,126636,10,1008.092900
1781138882.579443,0.000996169,112024,8,899.638515
1781138882.580218,0.000999033,109128,8,873.869031
1781138882.581410,0.001001079,125056,8,999.369680
1781138882.583562,0.001011527,125056,8,989.047252
1781138882.584236,0.000993119,52458,5,422.571716
1781138882.584386,0.001003186,125254,11,998.849665
1781138882.585536,0.000997476,114986,9,922.215672
1781138882.586164,0.000993450,133876,10,1078.069354
1781138882.587271,0.001004128,96096,8,765.607572
1781138882.588320,0.001003712,132230,7,1053.927820
1781138882.589248,0.000996205,122160,8,981.002906
1781138882.590313,0.001005538,125320,12,997.038401
1781138882.591351,0.001002535,90238,7,720.078601
1781138882.592279,0.000988819,113538,9,918.574582
1781138882.593316,0.001004316,128084,10,1020.268521
1781138882.594218,0.000995147,112090,9,901.093004
1781138882.595232,0.001000285,91752,8,733.806865
1781138882.596211,0.001011921,125320,12,990.749278
1781138882.597271,0.000987770,125254,11,1014.438584
1781138882.598282,0.001004935,116368,8,926.372352
1781138882.599353,0.001003398,128018,9,1020.675744
1781138882.601454,0.000992493,123608,8,996.343551
1781138882.602237,0.000999191,109062,7,873.202421
1781138882.602443,0.001007924,125056,8,992.582774
1781138882.604090,0.000998003,84314,5,675.861696
1781138882.604190,0.000997044,93200,8,747.810528
1781138882.605181,0.001004611,120844,10,962.314767
1781138882.606297,0.001004493,113604,10,904.766882
1781138882.607251,0.000995287,130848,8,1051.740855
1781138882.608423,0.001002938,123608,8,985.967228
1781138882.609294,0.000989635,107614,7,869.928812
1781138882.611377,0.001000184,125056,8,1000.263951
1781138882.611537,0.000999711,120646,7,965.447014
1781138882.613298,0.001007588,154214,11,1224.421093
1781138882.613417,0.000992722,122292,10,985.508531
1781138882.614133,0.001009741,129532,10,1026.259209
1781138882.615291,0.000990980,84314,5,680.651476
1781138882.616238,0.001005579,66872,4,532.007928
1781138882.617269,0.000994524,64240,8,516.749721
1781138882.618270,0.001000741,113670,11,908.686663
1781138882.619314,0.000998740,101954,9,816.660993
1781138882.620251,0.001010508,138286,11,1094.784010
1781138882.621177,0.000999601,112024,8,896.549723
1781138882.622120,0.000988957,125122,9,1012.153208
1781138882.623385,0.001002671,116302,7,927.937479
1781138882.624225,0.000998173,120778,9,967.992522
1781138882.625311,0.000999717,123740,10,990.200227
1781138882.626274,0.001008506,116434,9,923.615725
1781138882.627405,0.000996578,128018,9,1027.660655
1781138882.627769,0.000997475,123608,8,991.367202
1781138882.628754,0.001005961,126504,8,1006.035025
1781138882.629771,0.001000251,107614,7,860.695965
1781138882.631358,0.000993326,125056,8,1007.169852
1781138882.632267,0.001010450,106100,6,840.021772
1781138882.633121,0.000995918,143814,7,1155.227639
1781138882.634226,0.000991368,106034,5,855.658040
1781138882.635256,0.001009484,120712,8,956.623384
1781138882.636190,0.000990839,120778,9,975.157417
1781138882.637519,0.001001451,113538,9,906.987960
1781138882.638411,0.000999772,98860,6,791.060362
1781138882.640331,0.000998882,125056,8,1001.567753
1781138882.640440,0.001000034,126504,8,1011.997592
1781138882.641227,0.001004779,107614,7,856.817270
1781138882.642087,0.001002883,125056,8,997.572000
1781138882.643341,0.001003472,124924,6,995.934117
1781138882.644244,0.000996059,100374,7,806.169112
1781138882.645208,0.000993032,125188,10,1008.531447
1781138882.646208,0.001007838,126570,9,1004.685277
1781138882.647359,0.000995353,126570,9,1017.287334
1781138882.648295,0.000996005,126504,8,1016.091285
1781138882.649300,0.001005194,103402,9,822.941641
1781138882.650254,0.000994937,118014,11,948.916364
1781138882.651241,0.001007208,85894,7,682.234454
1781138882.652203,0.000997231,100308,6,804.692193
1781138882.653193,0.000996481,123608,8,992.356101
1781138882.653777,0.001000112,122160,8,977.170557
1781138882.654825,0.001000396,109062,7,872.150628
1781138882.655774,0.000998491,129598,11,1038.350871
1781138882.658714,0.001004944,118014,11,939.467274
1781138882.658754,0.000996593,126636,10,1016.551391
1781138882.659460,0.000998427,132362,9,1060.564268
1781138882.659923,0.001000036,113538,9,908.271302
1781138882.661408,0.001005783,113406,7,902.031552
1781138882.662483,0.000994744,123608,8,994.088931
1781138882.663370,0.001008337,126438,7,1003.140815
1781138882.665341,0.000993759,129334,7,1041.169942
1781138882.665517,0.000997856,104586,5,838.485713
1781138882.667392,0.001003550,123542,7,984.839819
1781138882.667531,0.001001814,112156,10,895.623339
1781138882.669325,0.001002681,122292,10,975.720094
1781138882.669440,0.000991471,112024,8,903.901375
1781138882.670558,0.001008641,110510,7,876.506111
1781138882.671402,0.000991673,126504,8,1020.529953
1781138882.673241,0.001000677,111958,7,895.058046
1781138882.673419,0.001003168,122028,6,973.141089
1781138882.675385,0.000996798,110576,8,887.449614
1781138882.675517,0.000999339,93200,8,746.093168
1781138882.677315,0.001006551,128084,10,1018.003062
1781138882.677421,0.001001579,125122,9,999.397951
1781138882.679236,0.001003928,110576,8,881.146855
1781138882.679353,0.000987994,85894,7,695.502199
1781138882.680182,0.001010304,125320,12,992.334980
1781138882.681163,0.001000253,122358,11,978.616410
1781138882.682226,0.000994927,112090,9,901.292256
1781138882.683473,0.000998904,129532,10,1037.392983
1781138882.685310,0.001004440,126504,8,1007.558441
1781138882.685470,0.000991547,109062,7,879.934083
1781138882.687366,0.000999186,126504,8,1012.856465
1781138882.687524,0.001003179,91620,6,730.637304
1781138882.688588,0.001003459,125188,10,998.051739
1781138882.689549,0.001006046,119396,10,949.427760
1781138882.691332,0.001000237,117882,9,942.832549
1781138882.691468,0.000998176,128172,10,1027.249703
1781138882.691679,0.000993690,114986,9,925.729352
1781138882.692801,0.000996395,123806,11,994.031483
1781138882.693743,0.001009425,126768,12,1004.674939
1781138882.694724,0.000999962,119330,9,954.676278
1781138882.695687,0.000989416,117816,8,952.610429
1781138882.696672,0.001002210,126504,8,1009.800341
1781138882.697668,0.000999384,127952,8,1024.246936
1781138882.698926,0.001012367,110510,7,873.280144
1781138882.699789,0.000988281,126504,8,1024.032638
1781138882.701095,0.000997682,126372,6,1013.324887
1781138882.701751,0.001003601,106034,5,845.228333
1781138882.703012,0.000997253,120778,9,968.885529
1781138882.703750,0.001006980,126570,9,1005.541322
1781138882.704972,0.000993402,128084,10,1031.477690
1781138882.706024,0.001000453,113472,8,907.364964
1781138882.706702,0.001001590,117750,7,940.504598
1781138882.707709,0.000999808,120976,12,967.993855
1781138882.708802,0.001001149,123806,11,989.311281
1781138882.709692,0.001002527,126636,10,1010.534380
1781138882.710735,0.000993687,110630,9,890.662754
1781138882.711739,0.001014037,125056,8,986.599108
1781138882.712825,0.000987907,120864,8,978.748000
1781138882.713695,0.000997475,125056,8,1002.980526
1781138882.715124,0.001009293,127952,8,1014.191122
1781138882.715699,0.000991910,110510,7,891.290540
1781138882.716888,0.001005979,117882,9,937.450981
1781138882.717765,0.000994367,122292,10,983.878186
1781138882.718868,0.001010414,109128,8,864.026033
1781138882.719764,0.000990328,125056,8,1010.218837
1781138882.720755,0.001006123,136772,10,1087.517133
1781138882.721767,0.000993493,126768,12,1020.786256
1781138882.722900,0.001002959,117948,10,940.800172
1781138882.723708,0.001007125,112024,8,889.851806
1781138882.726467,0.000988834,129466,9,1047.423531
1781138882.727548,0.000998715,127952,8,1024.933039
1781138882.727717,0.001012187,135258,9,1069.035662
1781138882.728325,0.000996562,125254,11,1005.488871
1781138882.728726,0.000992866,115118,11,927.561222
1781138882.729727,0.001003190,130980,10,1044.508019
1781138882.730732,0.001005645,82932,6,659.731814
1781138882.731702,0.001002375,110444,6,881.458536
1781138882.733329,0.000989410,164416,12,1329.406414
1781138882.734228,0.001006338,125386,13,996.770469
1781138882.736175,0.000994134,106298,9,855.401787
1781138882.736315,0.001003974,123674,9,985.475719
1781138882.736675,0.000995598,126504,8,1016.506662
1781138882.737805,0.001005003,126504,8,1006.994009
1781138882.741253,0.000998299,107614,7,862.378907
1781138882.741466,0.001001269,125188,10,1000.234702
1781138882.741636,0.001004960,128084,10,1019.614711
1781138882.741768,0.000998406,113538,9,909.754148
1781138882.745275,0.000995564,117816,8,946.727684
1781138882.745366,0.001010041,125056,8,990.502366
1781138882.745545,0.000993824,136904,12,1102.038188
1781138882.745722,0.001003464,125320,12,999.099121
1781138882.746702,0.000987403,125188,10,1014.280896
1781138882.747709,0.001000400,122226,9,977.417033
1781138882.748805,0.001006145,114920,8,913.745037
1781138882.749714,0.001007737,129400,8,1027.252150
1781138882.750990,0.000989756,113406,7,916.638040
1781138882.751782,0.000997023,117948,10,946.401437
1781138882.752772,0.000999615,113538,9,908.653832
1781138882.753774,0.001000610,125254,11,1001.421133
1781138882.754715,0.001004966,125056,8,995.504326
1781138882.755712,0.001000060,125122,9,1000.915945
1781138882.756711,0.000995065,119198,7,958.313276
1781138882.757711,0.001003445,142564,10,1136.596425
1781138882.758746,0.001002677,112090,9,894.325890
1781138882.759713,0.000998440,128084,10,1026.272986
1781138882.760710,0.000994791,125122,9,1006.217386
1781138882.761884,0.001000294,127952,8,1023.315145
1781138882.762726,0.001007995,125188,10,993.560484
1781138882.763784,0.001005371,135522,13,1078.384000
1781138882.764778,0.000985991,122292,10,992.236237
1781138882.765727,0.001013946,119330,9,941.509706
1781138882.766701,0.000986306,112012,8,908.537513
1781138882.767714,0.001012584,149870,11,1184.059792
1781138882.768654,0.000987861,125254,11,1014.345136
1781138882.769652,0.001002257,125254,11,999.775507
1781138882.770712,0.000996959,110576,8,887.306298
1781138882.771697,0.001000587,129466,9,1035.120384
1781138882.772708,0.001013072,107614,7,849.803370
1781138882.773724,0.000986903,125056,8,1013.724753
1781138882.774753,0.000999958,109062,7,872.532646
1781138882.775976,0.001001488,128150,11,1023.676769
1781138882.776766,0.000998192,118014,11,945.822046
1781138882.778257,0.001000524,128084,10,1024.135353
1781138882.778785,0.001006348,116368,8,925.071645
1781138882.780125,0.001005632,114920,8,914.211163
1781138882.782138,0.001000786,125056,8,999.662265
1781138882.782444,0.000995229,126570,9,1017.414083
1781138882.784200,0.000991736,88790,7,716.238999
1781138882.784336,0.001000076,114986,9,919.818094
1781138882.785088,0.000999588,123740,10,990.328015
1781138882.786069,0.001012732,117816,8,930.678600
1781138882.787087,0.000988315,104718,7,847.648776
1781138882.787760,0.000999414,125386,13,1003.676154
1781138882.789098,0.001007898,113670,11,902.234155
1781138882.789698,0.000996509,62594,5,502.506249
1781138882.792175,0.001004543,125188,10,996.974744
1781138882.792223,0.000999977,113538,9,908.324891
1781138882.792735,0.000999965,127952,8,1023.651828
1781138882.793732,0.000996758,135390,11,1086.642896
1781138882.794725,0.000994157,116566,11,938.008785
1781138882.795717,0.001008167,128150,11,1016.895018
1781138882.796657,0.000994161,114986,9,925.290773
1781138882.797700,0.001002847,113406,7,904.672398
1781138882.799720,0.000994450,119264,8,959.436875
1781138882.799766,0.001010233,122490,13,969.994051
1781138882.800697,0.001002127,123872,12,988.872668
1781138882.801681,0.000987837,116434,9,942.940991
1781138882.802732,0.001009591,112024,8,887.678278
1781138882.803717,0.000999568,126504,8,1012.469387
1781138882.804712,0.001002992,112156,10,894.571442
1781138882.805702,0.000996234,104916,10,842.500858
1781138882.807011,0.000991679,126702,11,1022.121069
1781138882.807726,0.001008096,100374,7,796.543186
1781138882.808691,0.000991919,139602,9,1125.914515
1781138882.809808,0.000999975,110576,8,884.630116
1781138882.810727,0.001000436,135192,8,1081.064656
1781138882.811791,0.000999477,112222,11,898.245783
1781138882.813263,0.001005605,115052,10,915.285823
1781138882.814087,0.000997578,113538,9,910.509253
1781138882.816037,0.000997080,81484,6,653.781041
1781138882.816249,0.001011498,128018,9,1012.502249
1781138882.816745,0.000988937,125056,8,1011.639771
1781138882.823488,0.000999110,109062,7,873.273213
1781138882.823966,0.001003115,106100,6,846.164199
1781138882.824064,0.000997203,110708,10,888.148150
1781138882.824144,0.001007039,126702,11,1006.531028
1781138882.824210,0.000992614,128084,10,1032.296542
1781138882.824269,0.001000321,81484,6,651.662816
1781138882.824396,0.001014559,132296,8,1043.180337
1781138882.826002,0.000996335,122160,8,980.874907
1781138882.826139,0.000998613,111958,7,896.908011
1781138882.829005,0.000994199,87210,5,701.750857
1781138882.829154,0.001008956,37912,4,300.603792
1781138882.829260,0.000986600,101954,9,826.709913
1781138882.830061,0.001013817,133942,11,1056.932366
1781138882.831030,0.000995454,113538,9,912.452007
1781138882.831985,0.000994243,123608,8,994.589854
1781138882.832928,0.000997719,129400,8,1037.566690
1781138882.837014,0.001008595,126504,8,1003.407711
1781138882.837158,0.001001932,110510,7,882.375251
1781138882.837233,0.000990737,124990,7,1009.268857
1781138882.837374,0.000999550,106100,6,849.182132
1781138882.840209,0.001008656,123740,10,981.424787
1781138882.840424,0.000998470,93200,8,746.742516
1781138882.840506,0.000997169,91620,6,735.040901
1781138882.841049,0.001000283,132362,9,1058.596417
1781138882.841973,0.000998080,125056,8,1002.372555
1781138882.843510,0.000997023,117750,7,944.812707
1781138882.843692,0.001012935,122160,8,964.800308
1781138882.844844,0.000995514,129400,8,1039.864834
1781138882.845695,0.000990607,109062,7,880.769064
1781138882.846722,0.001000365,106034,5,847.962494
1781138882.847702,0.001011597,145526,11,1150.861460
1781138882.848713,0.000998650,113538,9,909.531868
1781138882.849709,0.000989071,125122,9,1012.036547
1781138882.850857,0.001002218,125056,8,998.233917
1781138882.851695,0.001002163,114854,7,916.848856
1781138882.852688,0.000998572,112090,9,898.002347
1781138882.853759,0.001008535,126768,12,1005.561532
1781138882.856149,0.000989430,123740,10,1000.495235
1781138882.856288,0.001007238,112024,8,889.751975
1781138882.857026,0.000991754,125122,9,1009.298677
1781138882.857800,0.001013446,144012,10,1136.810447
1781138882.859107,0.000987589,103468,10,838.146233
1781138882.859684,0.001007979,125188,10,993.576255
1781138882.860701,0.000991595,112090,9,904.320816
1781138882.861688,0.001006253,125188,10,995.280511
1781138882.862712,0.000993823,97412,6,784.139630
1781138882.863695,0.001008217,126438,7,1003.260211
1781138882.866140,0.000996183,125056,8,1004.281342
1781138882.866304,0.000995121,126504,8,1016.993913
1781138882.868105,0.001000172,113472,8,907.619889
1781138882.868282,0.001005723,120778,9,960.725766
1781138882.869028,0.001000939,125188,10,1000.564470
1781138882.870100,0.000997614,122292,10,980.675893
1781138882.871138,0.001009297,128018,9,1014.710239
1781138882.872046,0.000987029,113472,8,919.705500
1781138882.873187,0.000999128,126504,8,1012.915262
1781138882.874561,0.001000616,126504,8,1011.408972
1781138882.875256,0.001000659,104718,7,837.192290
1781138882.876103,0.000999816,87078,3,696.752202
1781138882.876996,0.001007554,0,0,0.000000
1781138882.878010,0.000994474,0,0,0.000000
1781138882.878676,0.000996748,0,0,0.000000
1781138882.879672,0.001002670,0,0,0.000000
1781138882.880701,0.001012780,0,0,0.000000
1781138882.881681,0.000995110,0,0,0.000000
1781138882.882748,0.000990153,0,0,0.000000
1781138882.883668,0.001007217,0,0,0.000000
1781138882.884663,0.000992019,0,0,0.000000
1781138882.885737,0.001003858,0,0,0.000000
1781138882.887007,0.000997131,0,0,0.000000
1781138882.888781,0.000999495,0,0,0.000000
1781138882.888983,0.001008828,0,0,0.000000
1781138882.890434,0.001003964,0,0,0.000000
1781138882.890715,0.000996984,0,0,0.000000
1781138882.891752,0.000991895,0,0,0.000000
1781138882.892718,0.001008176,0,0,0.000000
1781138882.893783,0.000990156,0,0,0.000000
1781138882.894706,0.001002944,0,0,0.000000
1781138882.895677,0.001005575,0,0,0.000000
1781138882.896801,0.000991108,0,0,0.000000
1781138882.899058,0.001012580,0,0,0.000000
1781138882.899284,0.001002567,0,0,0.000000
1781138882.899790,0.000997405,0,0,0.000000
1781138882.901001,0.000989304,0,0,0.000000
1781138882.902093,0.000998920,0,0,0.000000
1781138882.902818,0.001005733,0,0,0.000000
1781138882.903681,0.001002868,0,0,0.000000
1781138882.904661,0.000990676,0,0,0.000000
1781138882.905675,0.001000568,0,0,0.000000
1781138882.906676,0.001004450,0,0,0.000000
1781138882.907658,0.000995154,0,0,0.000000
1781138882.908670,0.001005261,0,0,0.000000
1781138882.909661,0.000994279,0,0,0.000000
1781138882.910684,0.001000863,0,0,0.000000
1781138882.911683,0.001009092,0,0,0.000000
1781138882.912664,0.000995162,0,0,0.000000
1781138882.913662,0.000999792,0,0,0.000000
1781138882.914692,0.001009201,0,0,0.000000
1781138882.915693,0.000997236,0,0,0.000000
1781138882.916670,0.000992835,0,0,0.000000
1781138882.917664,0.000999391,0,0,0.000000
1781138882.918685,0.001003195,0,0,0.000000
1781138882.919728,0.001002650,0,0,0.000000
1781138882.920679,0.000996367,0,0,0.000000
1781138882.921701,0.001008779,0,0,0.000000
1781138882.922687,0.000992638,0,0,0.000000
1781138882.923684,0.000992881,0,0,0.000000
1781138882.924671,0.001010273,0,0,0.000000
1781138882.925691,0.000993372,0,0,0.000000
1781138882.926712,0.001005624,0,0,0.000000
1781138882.927715,0.000998704,0,0,0.000000
1781138882.928705,0.001004195,0,0,0.000000
1781138882.929683,0.000991715,0,0,0.000000
1781138882.930712,0.001004654,0,0,0.000000
1781138882.931689,0.000995287,0,0,0.000000
1781138882.933006,0.000996842,0,0,0.000000
1781138882.933865,0.001005409,0,0,0.000000
1781138882.934896,0.000994856,0,0,0.000000
1781138882.936065,0.001011853,0,0,0.000000
1781138882.936893,0.000992603,0,0,0.000000
1781138882.938637,0.000995000,0,0,0.000000
1781138882.938714,0.001014811,0,0,0.000000
1781138882.939656,0.000984579,0,0,0.000000
1781138882.940670,0.001001841,0,0,0.000000
1781138882.941661,0.000997882,0,0,0.000000
1781138882.942683,0.001002374,0,0,0.000000
1781138882.943684,0.001003664,0,0,0.000000
1781138882.944673,0.001003733,0,0,0.000000
1781138882.946118,0.000993223,0,0,0.000000
1781138882.946708,0.001005588,0,0,0.000000
1781138882.947685,0.000991842,0,0,0.000000
1781138882.948680,0.001004203,0,0,0.000000
1781138882.949686,0.000996712,0,0,0.000000
1781138882.950690,0.001000904,0,0,0.000000
1781138882.951686,0.001000421,0,0,0.000000
1781138882.952703,0.000998985,0,0,0.000000
1781138882.953648,0.000998795,0,0,0.000000
1781138882.954724,0.001003027,0,0,0.000000
1781138882.955721,0.000997598,0,0,0.000000
1781138882.957121,0.000999694,0,0,0.000000
1781138882.957706,0.001004209,0,0,0.000000
1781138882.958717,0.001001221,0,0,0.000000
1781138882.959744,0.000996561,0,0,0.000000
1781138882.960693,0.001001803,0,0,0.000000
1781138882.961713,0.001007978,0,0,0.000000
1781138882.962739,0.000988338,0,0,0.000000
1781138882.963753,0.001007387,0,0,0.000000
1781138882.964668,0.000997651,0,0,0.000000
1781138882.965683,0.001004595,0,0,0.000000
1781138882.966742,0.000995647,0,0,0.000000
1781138882.967754,0.000999088,0,0,0.000000
1781138882.968662,0.000995808,0,0,0.000000
1781138882.969737,0.001006965,0,0,0.000000
1781138882.970770,0.000994280,0,0,0.000000
1781138882.971657,0.000997732,0,0,0.000000
1781138882.972653,0.001002242,0,0,0.000000
1781138882.973672,0.000997588,0,0,0.000000
1781138882.974691,0.001007531,0,0,0.000000
1781138882.975688,0.001006054,0,0,0.000000
1781138882.976662,0.000986526,0,0,0.000000
1781138882.977685,0.001008382,0,0,0.000000
1781138882.978692,0.000993070,0,0,0.000000
1781138882.979652,0.000998796,0,0,0.000000
1781138882.980664,0.001014822,0,0,0.000000
1781138882.981728,0.000985033,0,0,0.000000
1781138882.982767,0.001007084,0,0,0.000000
1781138882.983685,0.000996479,0,0,0.000000
1781138882.984716,0.000999670,0,0,0.000000
1781138882.985672,0.001002858,0,0,0.000000
1781138882.986690,0.000999309,0,0,0.000000
1781138882.987674,0.000999699,0,0,0.000000
1781138882.988670,0.000996207,0,0,0.000000
1781138882.989687,0.001006000,0,0,0.000000
1781138882.990687,0.001002348,0,0,0.000000
1781138882.991689,0.001000994,0,0,0.000000
1781138882.992857,0.001001098,0,0,0.000000
1781138882.993664,0.000991085,0,0,0.000000
1781138882.994688,0.000997742,0,0,0.000000
1781138882.995677,0.000999646,0,0,0.000000
1781138882.996669,0.000999924,0,0,0.000000
1781138882.997718,0.001005536,0,0,0.000000
1781138882.998784,0.000994671,0,0,0.000000
1781138882.999662,0.001000378,0,0,0.000000
1781138883.000684,0.001002051,0,0,0.000000
1781138883.002253,0.001007415,0,0,0.000000
1781138883.002683,0.000998518,0,0,0.000000
1781138883.003668,0.000991148,0,0,0.000000
1781138883.004668,0.001000135,0,0,0.000000
1781138883.005706,0.001008056,0,0,0.000000
1781138883.006788,0.000992369,0,0,0.000000
1781138883.007690,0.001009320,0,0,0.000000
1781138883.008683,0.000996194,0,0,0.000000
1781138883.009703,0.000994733,0,0,0.000000
1781138883.010725,0.001013669,0,0,0.000000
1781138883.011678,0.000985954,0,0,0.000000
1781138883.012678,0.001009192,0,0,0.000000
1781138883.013687,0.000992070,0,0,0.000000
1781138883.014705,0.001004529,0,0,0.000000
1781138883.015690,0.001007966,0,0,0.000000
1781138883.016712,0.000998068,0,0,0.000000
1781138883.017673,0.000998649,0,0,0.000000
1781138883.018840,0.000991533,0,0,0.000000
1781138883.019814,0.000999036,0,0,0.000000
1781138883.020693,0.001006029,0,0,0.000000
1781138883.021684,0.001002996,0,0,0.000000
1781138883.022701,0.000998812,0,0,0.000000
1781138883.024026,0.000994707,0,0,0.000000
1781138883.024758,0.001010536,0,0,0.000000
1781138883.025707,0.000987359,0,0,0.000000
1781138883.026718,0.000998982,0,0,0.000000
1781138883.027705,0.001000144,0,0,0.000000
1781138883.028675,0.001003354,0,0,0.000000
1781138883.029687,0.001000847,0,0,0.000000
1781138883.031030,0.000995842,0,0,0.000000
1781138883.031698,0.001012873,0,0,0.000000
1781138883.032703,0.000996725,0,0,0.000000
1781138883.033652,0.000989545,0,0,0.000000
1781138883.034700,0.001011953,0,0,0.000000
1781138883.035657,0.000997983,0,0,0.000000
1781138883.036690,0.000991041,0,0,0.000000
1781138883.037725,0.001001127,0,0,0.000000
1781138883.038722,0.000998573,0,0,0.000000
1781138883.039704,0.001008066,0,0,0.000000
1781138883.040724,0.001003558,0,0,0.000000
1781138883.041726,0.000993515,0,0,0.000000
1781138883.042703,0.000998637,0,0,0.000000
1781138883.043695,0.001004393,0,0,0.000000
1781138883.044683,0.000991583,0,0,0.000000
1781138883.045698,0.001010465,0,0,0.000000
1781138883.046703,0.000995967,0,0,0.000000
1781138883.047707,0.001006817,0,0,0.000000
1781138883.048667,0.000986462,0,0,0.000000
1781138883.049725,0.001012375,0,0,0.000000
1781138883.050667,0.000987856,0,0,0.000000
1781138883.051696,0.001008830,0,0,0.000000
1781138883.052671,0.000990720,0,0,0.000000
1781138883.053647,0.000999824,0,0,0.000000
1781138883.054681,0.001010457,0,0,0.000000
1781138883.055678,0.000990388,0,0,0.000000
1781138883.056668,0.001008694,0,0,0.000000
1781138883.057690,0.000991140,0,0,0.000000
1781138883.058699,0.001007473,0,0,0.000000
1781138883.059712,0.000996987,0,0,0.000000
1781138883.060692,0.001001520,0,0,0.000000
1781138883.061654,0.000994675,0,0,0.000000
1781138883.062671,0.000998471,0,0,0.000000
1781138883.063682,0.001012901,0,0,0.000000
1781138883.064688,0.001000052,0,0,0.000000
1781138883.065692,0.001001955,0,0,0.000000
1781138883.066695,0.000989695,0,0,0.000000
1781138883.067684,0.000999673,0,0,0.000000
1781138883.068672,0.000996216,0,0,0.000000
1781138883.069698,0.001001146,0,0,0.000000
1781138883.070675,0.001004975,0,0,0.000000
1781138883.071679,0.000997581,0,0,0.000000
1781138883.072680,0.001006164,0,0,0.000000
1781138883.073683,0.000990288,0,0,0.000000
1781138883.074730,0.001004747,0,0,0.000000
1781138883.075727,0.001006622,0,0,0.000000
1781138883.076674,0.000993869,0,0,0.000000
1781138883.077668,0.000994755,0,0,0.000000
1781138883.078718,0.001005261,0,0,0.000000
1781138883.079688,0.000995104,0,0,0.000000
1781138883.080647,0.001001593,0,0,0.000000
1781138883.081644,0.000997875,0,0,0.000000
1781138883.082698,0.001000160,0,0,0.000000
1781138883.083733,0.000999788,0,0,0.000000
1781138883.084690,0.001001068,0,0,0.000000
1781138883.085689,0.001005084,0,0,0.000000
1781138883.086698,0.000994116,1514,1,12.183689
1781138883.087695,0.001011767,90238,7,713.508150
1781138883.088698,0.000988695,119330,9,965.555606
1781138883.089665,0.001002261,130980,10,1045.476178
1781138883.090936,0.001002775,125122,9,998.205978
1781138883.091858,0.000995980,113406,7,910.909858
1781138883.092687,0.000999093,111958,7,896.477105
1781138883.094052,0.000999738,127952,8,1023.884258
1781138883.095029,0.001011643,126504,8,1000.384523
1781138883.095756,0.000997662,123476,6,990.122907
1781138883.096767,0.000991749,94582,7,762.951110
1781138883.097741,0.000998716,125122,9,1002.262906
1781138883.098856,0.001004194,120778,9,962.188581
1781138883.099690,0.000997256,110576,8,887.042043
1781138883.100812,0.001012474,55222,3,436.333180
1781138883.101737,0.000986273,0,0,0.000000
1781138883.102677,0.000999801,0,0,0.000000
1781138883.107019,0.001007510,0,0,0.000000
1781138883.107063,0.000992501,0,0,0.000000
1781138883.107080,0.001001458,0,0,0.000000
1781138883.107096,0.001002924,0,0,0.000000
1781138883.107725,0.000999444,0,0,0.000000
1781138883.108731,0.000997339,0,0,0.000000
1781138883.109747,0.001000225,0,0,0.000000
1781138883.111509,0.001000286,0,0,0.000000
1781138883.111657,0.000998759,0,0,0.000000
1781138883.112874,0.001013434,0,0,0.000000
1781138883.113727,0.000999108,0,0,0.000000
1781138883.115095,0.000989222,0,0,0.000000
1781138883.115768,0.001003688,0,0,0.000000
1781138883.116769,0.001005845,0,0,0.000000
1781138883.117732,0.000994266,0,0,0.000000
1781138883.118736,0.001005180,0,0,0.000000
1781138883.120177,0.001005344,0,0,0.000000
1781138883.121138,0.000987911,0,0,0.000000
1781138883.121967,0.000996455,0,0,0.000000
1781138883.123451,0.001001612,0,0,0.000000
1781138883.124163,0.001010857,0,0,0.000000
1781138883.125014,0.000988283,0,0,0.000000
1781138883.125965,0.001004041,0,0,0.000000
1781138883.126727,0.000995175,0,0,0.000000
1781138883.128358,0.001006144,0,0,0.000000
1781138883.128715,0.000993868,0,0,0.000000
1781138883.129742,0.001002226,0,0,0.000000
1781138883.130928,0.000996845,0,0,0.000000
1781138883.131816,0.001007371,0,0,0.000000
1781138883.133085,0.001005839,0,0,0.000000
1781138883.134000,0.001001333,0,0,0.000000
1781138883.134950,0.000985903,0,0,0.000000
1781138883.135763,0.001009909,0,0,0.000000
1781138883.137267,0.000993035,0,0,0.000000
1781138883.138304,0.001011802,0,0,0.000000
1781138883.139138,0.000986071,0,0,0.000000
1781138883.141181,0.001010205,0,0,0.000000
1781138883.141346,0.000998483,0,0,0.000000
1781138883.141986,0.000996639,0,0,0.000000
1781138883.142938,0.000996996,0,0,0.000000
1781138883.143760,0.001003433,0,0,0.000000
1781138883.145390,0.000993628,0,0,0.000000
1781138883.145669,0.001004496,0,0,0.000000
1781138883.146844,0.000997594,0,0,0.000000
1781138883.147692,0.001009911,0,0,0.000000
1781138883.148760,0.000991598,0,0,0.000000
1781138883.149748,0.000998807,0,0,0.000000
1781138883.150747,0.001006225,0,0,0.000000
1781138883.151715,0.000991277,0,0,0.000000
1781138883.152716,0.001007551,0,0,0.000000
1781138883.154154,0.000991774,0,0,0.000000
1781138883.154963,0.001008088,0,0,0.000000
1781138883.156126,0.000993068,0,0,0.000000
1781138883.157462,0.001009903,0,0,0.000000
1781138883.158261,0.001001391,0,0,0.000000
1781138883.158978,0.000999510,0,0,0.000000
1781138883.159939,0.000993632,0,0,0.000000
1781138883.160914,0.000995798,0,0,0.000000
1781138883.161917,0.000999266,0,0,0.000000
1781138883.163766,0.000999802,0,0,0.000000
1781138883.163820,0.001012548,148,2,1.169327
1781138883.164667,0.000987029,0,0,0.000000
1781138883.165663,0.001004251,0,0,0.000000
1781138883.166702,0.001000922,0,0,0.000000
1781138883.167724,0.000997114,74,1,0.593713
1781138883.168664,0.000998467,0,0,0.000000
1781138883.169652,0.001005615,0,0,0.000000
1781138883.170702,0.001005517,0,0,0.000000
1781138883.171674,0.001001996,0,0,0.000000
1781138883.172664,0.000986116,0,0,0.000000
1781138883.173686,0.001000567,0,0,0.000000
1781138883.174705,0.001013173,0,0,0.000000
1781138883.175666,0.000986321,0,0,0.000000
1781138883.177017,0.001005441,66,1,0.525143
1781138883.177698,0.000994882,1736,1,13.959444
1781138883.178685,0.001002732,0,0,0.000000
1781138883.179694,0.000996405,0,0,0.000000
1781138883.180685,0.001010680,0,0,0.000000
1781138883.182505,0.001004087,0,0,0.000000
1781138883.182719,0.000986233,0,0,0.000000
1781138883.183933,0.001009905,0,0,0.000000
1781138883.184732,0.000990930,0,0,0.000000
1781138883.185712,0.001005124,0,0,0.000000
1781138883.186688,0.000993593,0,0,0.000000
1781138883.189767,0.001010157,198,3,1.568073
1781138883.189826,0.000989687,0,0,0.000000
1781138883.189845,0.001014759,0,0,0.000000
1781138883.191170,0.000993252,170,1,1.369240
1781138883.192302,0.001001630,0,0,0.000000
1781138883.192767,0.000992600,1165,1,9.389482
1781138883.194039,0.001005279,0,0,0.000000
1781138883.195099,0.001000466,0,0,0.000000
1781138883.196322,0.000992415,0,0,0.000000
1781138883.197115,0.000999458,0,0,0.000000
1781138883.198061,0.001005502,0,0,0.000000
1781138883.198920,0.001003017,0,0,0.000000
1781138883.199699,0.000993373,0,0,0.000000
1781138883.200679,0.001008989,0,0,0.000000
1781138883.201722,0.000990452,66,1,0.533090
1781138883.202752,0.000998541,0,0,0.000000
1781138883.203713,0.001000324,0,0,0.000000
1781138883.204767,0.001009222,0,0,0.000000
1781138883.205750,0.000991782,54,1,0.435580
1781138883.206703,0.000999144,0,0,0.000000
1781138883.207683,0.001007581,210,1,1.667360
1781138883.208649,0.001000641,0,0,0.000000
1781138883.209654,0.000998079,0,0,0.000000
1781138883.210689,0.001004119,0,0,0.000000
1781138883.211644,0.000989385,0,0,0.000000
1781138883.212644,0.000999953,0,0,0.000000
1781138883.213640,0.000999815,0,0,0.000000
1781138883.214690,0.001013100,0,0,0.000000
1781138883.215672,0.000999584,0,0,0.000000
1781138883.216655,0.000998046,0,0,0.000000
1781138883.217647,0.000989265,0,0,0.000000
1781138883.218680,0.001005192,0,0,0.000000
1781138883.219650,0.000996607,0,0,0.000000
1781138883.220649,0.001002249,0,0,0.000000
1781138883.221673,0.001001806,0,0,0.000000
1781138883.222668,0.001000792,0,0,0.000000
1781138883.223699,0.000993414,0,0,0.000000
1781138883.224693,0.001011812,0,0,0.000000
1781138883.225652,0.000988487,0,0,0.000000
1781138883.226681,0.000999409,0,0,0.000000
1781138883.227675,0.001003652,0,0,0.000000
1781138883.228673,0.001008787,0,0,0.000000
1781138883.229653,0.000996556,0,0,0.000000
1781138883.230694,0.000991208,0,0,0.000000
1781138883.231663,0.001001663,0,0,0.000000
1781138883.232652,0.001005041,0,0,0.000000
1781138883.233654,0.001005790,0,0,0.000000
1781138883.234663,0.000990147,0,0,0.000000
1781138883.235662,0.000998619,0,0,0.000000
1781138883.236680,0.001012567,0,0,0.000000
1781138883.237657,0.000997807,0,0,0.000000
1781138883.238668,0.000994620,0,0,0.000000
1781138883.239679,0.000993726,0,0,0.000000
1781138883.240662,0.001000288,0,0,0.000000
1781138883.241656,0.001010395,0,0,0.000000
1781138883.242730,0.001001358,0,0,0.000000
1781138883.243676,0.000999353,0,0,0.000000
1781138883.244673,0.000997567,0,0,0.000000
1781138883.245710,0.000994397,0,0,0.000000
1781138883.246767,0.000999582,0,0,0.000000
1781138883.247679,0.001004594,0,0,0.000000
1781138883.248654,0.000992853,0,0,0.000000
1781138883.249676,0.001012098,0,0,0.000000
1781138883.250651,0.000993021,0,0,0.000000
1781138883.251661,0.000994503,0,0,0.000000
1781138883.252650,0.001002895,0,0,0.000000
1781138883.253649,0.001003766,0,0,0.000000
1781138883.254653,0.001001034,0,0,0.000000
1781138883.255647,0.000995563,0,0,0.000000
1781138883.256655,0.001007473,0,0,0.000000
1781138883.257655,0.000999943,0,0,0.000000
1781138883.258682,0.001002510,0,0,0.000000
1781138883.259676,0.000996391,0,0,0.000000
1781138883.260659,0.001007688,0,0,0.000000
1781138883.261656,0.000995903,0,0,0.000000
1781138883.262646,0.000988531,0,0,0.000000
1781138883.263654,0.001002564,0,0,0.000000
1781138883.264658,0.001009478,0,0,0.000000
1781138883.265647,0.000990607,0,0,0.000000
1781138883.266725,0.001005877,54,1,0.429476
1781138883.267735,0.000999076,0,0,0.000000
1781138883.268718,0.000994536,0,0,0.000000
1781138883.269761,0.001004300,0,0,0.000000
1781138883.270731,0.000996283,0,0,0.000000
1781138883.271659,0.001006087,0,0,0.000000
1781138883.272678,0.001002893,0,0,0.000000
1781138883.273651,0.000994827,0,0,0.000000
1781138883.274709,0.001001996,0,0,0.000000
1781138883.275668,0.000992244,0,0,0.000000
1781138883.276663,0.000999394,0,0,0.000000
1781138883.277660,0.001003319,0,0,0.000000
1781138883.278689,0.000997425,0,0,0.000000
1781138883.279674,0.000998000,0,0,0.000000
1781138883.280661,0.001000496,0,0,0.000000
1781138883.281647,0.000999551,0,0,0.000000
1781138883.282668,0.001004493,0,0,0.000000
1781138883.283669,0.001002876,0,0,0.000000
1781138883.284700,0.001006046,0,0,0.000000
1781138883.285717,0.001002061,0,0,0.000000
1781138883.286710,0.000985877,0,0,0.000000
1781138883.287667,0.001005795,0,0,0.000000
1781138883.288659,0.001002146,0,0,0.000000
1781138883.289709,0.000990062,0,0,0.000000
1781138883.290673,0.001006691,0,0,0.000000
1781138883.291675,0.001004248,0,0,0.000000
1781138883.292678,0.000989554,0,0,0.000000
1781138883.293671,0.001000713,0,0,0.000000
1781138883.294701,0.000999157,0,0,0.000000
1781138883.295657,0.001004735,0,0,0.000000
1781138883.296666,0.001008092,0,0,0.000000
1781138883.297650,0.000988229,0,0,0.000000
1781138883.298669,0.001002624,0,0,0.000000
1781138883.299648,0.000998784,0,0,0.000000
1781138883.300655,0.001007023,0,0,0.000000
1781138883.301645,0.000991853,0,0,0.000000
1781138883.302665,0.001000534,0,0,0.000000
1781138883.303685,0.001000068,0,0,0.000000
1781138883.304649,0.000998467,0,0,0.000000
1781138883.305670,0.001006961,0,0,0.000000
1781138883.306773,0.001001699,1514,1,12.091457
1781138883.307786,0.000997348,96162,9,771.341598
1781138883.308677,0.000993552,51010,5,410.728377
1781138883.309679,0.000999586,82932,6,663.730785
1781138883.310670,0.001004364,90304,8,719.293005
1781138883.311667,0.001006937,72730,5,577.831582
1781138883.312657,0.000997492,78522,5,629.755427
1781138883.313755,0.000998765,85762,5,686.944376
1781138883.314732,0.000993187,90106,5,725.792827
1781138883.315771,0.000999527,71414,7,571.582358
1781138883.316780,0.001011621,78654,7,622.003695
1781138883.317674,0.000999980,81484,6,651.885038
1781138883.318864,0.001001410,81484,6,650.954155
1781138883.319680,0.001001528,81418,5,650.350265
1781138883.320760,0.000988761,81418,5,658.747665
1781138883.321732,0.001004594,63976,4,509.467506
1781138883.322673,0.000997777,91686,7,735.122177
1781138883.323761,0.001001262,80102,7,640.008310
1781138883.324680,0.000995738,62594,5,502.895340
1781138883.325655,0.000999348,64042,5,512.670261
1781138883.326718,0.001003191,95964,6,765.270023
1781138883.327675,0.000998435,68320,4,547.416707
1781138883.328653,0.000996390,90172,6,723.989602
1781138883.329684,0.001005268,85696,4,681.975354
1781138883.330696,0.000995737,62528,4,502.365584
1781138883.331702,0.000999246,81616,8,653.420679
1781138883.332677,0.001011214,66938,5,529.565453
1781138883.333666,0.000992141,75692,6,610.332604
1781138883.334698,0.000997472,68386,5,548.474544
1781138883.335699,0.001010389,97412,6,771.283139
1781138883.336663,0.000989506,68320,4,552.356428
1781138883.337993,0.001011753,84248,4,666.154684
1781138883.338832,0.000989377,78720,8,636.521771
1781138883.339825,0.001005720,69900,6,556.019568
1781138883.340705,0.000992836,78588,6,633.240535
1781138883.341699,0.001009874,77074,5,610.563298
1781138883.342697,0.000996737,88658,5,711.585905
1781138883.343695,0.000996428,80036,6,642.583308
1781138883.344702,0.000996960,72664,4,583.084577
1781138883.345721,0.001001150,110378,5,882.009689
1781138883.346721,0.001007065,0,0,0.000000
1781138883.347691,0.000999592,0,0,0.000000
1781138883.348756,0.000992017,0,0,0.000000
1781138883.349713,0.001008044,0,0,0.000000
1781138883.350721,0.000991372,0,0,0.000000
1781138883.351672,0.001009147,0,0,0.000000
1781138883.352677,0.001002779,0,0,0.000000
1781138883.353668,0.000988205,0,0,0.000000
1781138883.354663,0.001011926,0,0,0.000000
1781138883.355653,0.000991731,0,0,0.000000
1781138883.356645,0.000996419,0,0,0.000000
1781138883.357743,0.001013547,0,0,0.000000
1781138883.358734,0.000985918,0,0,0.000000
1781138883.359737,0.001006655,0,0,0.000000
1781138883.360735,0.001005689,0,0,0.000000
1781138883.361710,0.000988109,0,0,0.000000
1781138883.362683,0.001001538,0,0,0.000000
1781138883.363678,0.000998293,0,0,0.000000
1781138883.364645,0.000999646,0,0,0.000000
1781138883.365647,0.001001030,0,0,0.000000
1781138883.366683,0.001003240,0,0,0.000000
1781138883.367665,0.000995898,0,0,0.000000
1781138883.368667,0.001000552,0,0,0.000000
1781138883.369707,0.001012232,0,0,0.000000
1781138883.370700,0.000992650,0,0,0.000000
1781138883.371680,0.000997704,0,0,0.000000
1781138883.372674,0.001005767,0,0,0.000000
1781138883.373654,0.001000903,0,0,0.000000
1781138883.374687,0.001002537,0,0,0.000000
1781138883.375680,0.000988193,0,0,0.000000
1781138883.376662,0.000999910,0,0,0.000000
1781138883.377659,0.001011181,0,0,0.000000
1781138883.378684,0.000988559,0,0,0.000000
1781138883.379687,0.001007251,0,0,0.000000
1781138883.380685,0.000992814,0,0,0.000000
1781138883.381646,0.000999706,0,0,0.000000
1781138883.382804,0.001013989,0,0,0.000000
1781138883.383750,0.000986882,0,0,0.000000
1781138883.384694,0.001010628,0,0,0.000000
1781138883.385687,0.000990569,0,0,0.000000
1781138883.386698,0.001001905,0,0,0.000000
1781138883.387668,0.000999641,0,0,0.000000
1781138883.388731,0.000997592,0,0,0.000000
1781138883.389710,0.001003656,0,0,0.000000
1781138883.390663,0.001000453,0,0,0.000000
1781138883.391849,0.001001779,0,0,0.000000
1781138883.392759,0.000993616,0,0,0.000000
1781138883.393663,0.001009349,0,0,0.000000
1781138883.394751,0.000990679,0,0,0.000000
1781138883.395715,0.000999543,0,0,0.000000
1781138883.396683,0.001001634,0,0,0.000000
1781138883.397659,0.001012814,0,0,0.000000
1781138883.398671,0.000993386,0,0,0.000000
1781138883.399672,0.001000321,0,0,0.000000
1781138883.400676,0.001004046,0,0,0.000000
1781138883.401656,0.000997906,0,0,0.000000
1781138883.402660,0.000989754,0,0,0.000000
1781138883.403653,0.001007625,0,0,0.000000
1781138883.404647,0.000995707,0,0,0.000000
1781138883.405647,0.000999368,0,0,0.000000
1781138883.406684,0.001008927,0,0,0.000000
1781138883.407681,0.000988899,0,0,0.000000
1781138883.408664,0.000999772,0,0,0.000000
1781138883.409693,0.001000587,0,0,0.000000
1781138883.410673,0.000999554,0,0,0.000000
1781138883.411761,0.001006548,0,0,0.000000
1781138883.412722,0.000994040,0,0,0.000000
1781138883.413738,0.001008269,0,0,0.000000
1781138883.414706,0.000991910,0,0,0.000000
1781138883.415731,0.001008843,0,0,0.000000
1781138883.416682,0.001003611,0,0,0.000000
1781138883.417729,0.001002227,0,0,0.000000
1781138883.418716,0.000985002,0,0,0.000000
1781138883.419656,0.001002101,0,0,0.000000
1781138883.420644,0.000997098,0,0,0.000000
1781138883.421648,0.001005037,0,0,0.000000
1781138883.422692,0.001003069,0,0,0.000000
1781138883.423750,0.000998824,66,1,0.528622
1781138883.424788,0.000996453,156,2,1.252442
1781138883.425801,0.001012420,0,0,0.000000
1781138883.426730,0.000985518,0,0,0.000000
1781138883.427811,0.000999326,0,0,0.000000
1781138883.428702,0.001011509,0,0,0.000000
1781138883.429725,0.001001467,0,0,0.000000
1781138883.430714,0.000987184,0,0,0.000000
1781138883.431711,0.001013758,0,0,0.000000
1781138883.432691,0.000993551,0,0,0.000000
1781138883.433696,0.000993555,0,0,0.000000
1781138883.434668,0.001008719,0,0,0.000000
1781138883.435655,0.000990389,0,0,0.000000
1781138883.436776,0.001000683,0,0,0.000000
1781138883.437705,0.001006128,0,0,0.000000
1781138883.438695,0.000992668,0,0,0.000000
1781138883.439773,0.001001078,0,0,0.000000
1781138883.440670,0.000999969,0,0,0.000000
1781138883.441700,0.001005918,0,0,0.000000
1781138883.442679,0.001001801,0,0,0.000000
1781138883.443670,0.000991184,0,0,0.000000
1781138883.444675,0.001008784,0,0,0.000000
1781138883.445792,0.000999080,0,0,0.000000
1781138883.446724,0.000992489,0,0,0.000000
1781138883.447775,0.001000916,0,0,0.000000
1781138883.448691,0.001014184,0,0,0.000000
1781138883.449671,0.000998795,0,0,0.000000
1781138883.450672,0.000988719,0,0,0.000000
1781138883.451666,0.001009074,0,0,0.000000
1781138883.452686,0.000988792,0,0,0.000000
1781138883.453686,0.001003073,0,0,0.000000
1781138883.454788,0.000996929,0,0,0.000000
1781138883.455703,0.001012729,0,0,0.000000
1781138883.456669,0.000986684,0,0,0.000000
1781138883.457654,0.001000647,0,0,0.000000
1781138883.458687,0.001009132,0,0,0.000000
1781138883.459663,0.001001010,0,0,0.000000
1781138883.460689,0.001001238,0,0,0.000000
1781138883.461712,0.000988753,0,0,0.000000
1781138883.462686,0.001008343,0,0,0.000000
1781138883.463683,0.001003207,0,0,0.000000
1781138883.464715,0.000989187,0,0,0.000000
1781138883.465676,0.000998505,0,0,0.000000
1781138883.466673,0.001011357,0,0,0.000000
1781138883.467662,0.000999533,0,0,0.000000
1781138883.468673,0.000996741,0,0,0.000000
1781138883.469789,0.000995677,0,0,0.000000
1781138883.470710,0.001008850,0,0,0.000000
1781138883.471689,0.000988561,0,0,0.000000
1781138883.472692,0.001012291,0,0,0.000000
1781138883.473667,0.000989196,0,0,0.000000
1781138883.474653,0.000997508,0,0,0.000000
1781138883.475653,0.001000106,0,0,0.000000
1781138883.476731,0.001000387,0,0,0.000000
1781138883.477721,0.001004695,0,0,0.000000
1781138883.478691,0.000994959,0,0,0.000000
1781138883.479698,0.001000354,0,0,0.000000
1781138883.480675,0.001003601,0,0,0.000000
1781138883.481694,0.000998014,0,0,0.000000
1781138883.482682,0.001006233,0,0,0.000000
1781138883.483679,0.001003930,0,0,0.000000
1781138883.484670,0.000988765,0,0,0.000000
1781138883.485690,0.001000277,0,0,0.000000
1781138883.486677,0.001003578,0,0,0.000000
1781138883.487697,0.001010206,0,0,0.000000
1781138883.488694,0.000998309,0,0,0.000000
1781138883.489661,0.000986549,0,0,0.000000
1781138883.490659,0.001006347,0,0,0.000000
1781138883.491658,0.000995503,0,0,0.000000
1781138883.492792,0.001012925,0,0,0.000000
1781138883.493678,0.000994661,0,0,0.000000
1781138883.494709,0.000990666,0,0,0.000000
1781138883.495707,0.001010831,0,0,0.000000
1781138883.496683,0.000993035,0,0,0.000000
1781138883.497663,0.001003528,0,0,0.000000
1781138883.498670,0.000992363,0,0,0.000000
1781138883.499677,0.001010940,0,0,0.000000
1781138883.500680,0.000989788,0,0,0.000000
1781138883.501711,0.001003089,0,0,0.000000
1781138883.502687,0.000996341,0,0,0.000000
1781138883.503691,0.001009094,0,0,0.000000
1781138883.504678,0.001005093,0,0,0.000000
1781138883.505665,0.000986295,0,0,0.000000
1781138883.506673,0.001002801,0,0,0.000000
1781138883.507671,0.000996811,0,0,0.000000
1781138883.508667,0.001012967,0,0,0.000000
1781138883.509683,0.000989415,0,0,0.000000
1781138883.510698,0.000999132,0,0,0.000000
1781138883.511682,0.000998545,0,0,0.000000
1781138883.512696,0.001013283,0,0,0.000000
1781138883.513678,0.000990402,0,0,0.000000
1781138883.514696,0.001000691,0,0,0.000000
1781138883.515657,0.000995616,0,0,0.000000
1781138883.516682,0.001012128,0,0,0.000000
1781138883.517648,0.000988062,0,0,0.000000
1781138883.518701,0.001003400,0,0,0.000000
1781138883.519678,0.000996686,0,0,0.000000
1781138883.520673,0.001000982,0,0,0.000000
1781138883.521722,0.001009604,0,0,0.000000
1781138883.522703,0.001001971,0,0,0.000000
1781138883.523686,0.000987625,0,0,0.000000
1781138883.524659,0.001004015,0,0,0.000000
1781138883.525654,0.000998942,0,0,0.000000
1781138883.526675,0.000999588,0,0,0.000000
1781138883.527685,0.001003001,0,0,0.000000
1781138883.528728,0.001005749,0,0,0.000000
1781138883.529716,0.000998144,0,0,0.000000
1781138883.531285,0.000992226,0,0,0.000000
1781138883.531713,0.001010695,0,0,0.000000
1781138883.532717,0.000991198,0,0,0.000000
1781138883.534480,0.000997905,0,0,0.000000
1781138883.535292,0.001012067,0,0,0.000000
1781138883.535683,0.000990759,0,0,0.000000
1781138883.536661,0.001002067,0,0,0.000000
1781138883.537664,0.001007460,0,0,0.000000
1781138883.538667,0.000986131,0,0,0.000000
1781138883.539665,0.000999142,0,0,0.000000
1781138883.540650,0.001000511,0,0,0.000000
1781138883.541651,0.001002538,0,0,0.000000
1781138883.542706,0.001009076,0,0,0.000000
1781138883.543703,0.000989541,0,0,0.000000
1781138883.545111,0.001002745,0,0,0.000000
1781138883.546401,0.000998570,0,0,0.000000
1781138883.547257,0.001006338,0,0,0.000000
1781138883.548442,0.000993167,0,0,0.000000
1781138883.549407,0.001010603,0,0,0.000000
1781138883.549769,0.000988418,0,0,0.000000
1781138883.552323,0.000999383,1514,1,12.119478
1781138883.553759,0.001000511,61212,6,489.445893
1781138883.554436,0.001008445,46600,4,369.678069
1781138883.555551,0.001003272,78654,7,627.179867
1781138883.556227,0.000987862,78588,6,636.428975
1781138883.556452,0.001013762,63976,4,504.860115
1781138883.556937,0.000987564,72730,5,589.166879
1781138883.557941,0.001010727,93002,5,736.119645
1781138883.559209,0.000998775,66938,5,536.160797
1781138883.559955,0.000992146,84248,4,679.319374
1781138883.560868,0.001002366,64174,7,512.180182
1781138883.562085,0.000994455,72862,7,586.146181
1781138883.563040,0.001000926,81484,6,651.268925
1781138883.566408,0.001004630,49496,4,394.143117
1781138883.566523,0.000995528,31988,2,257.053543
1781138883.566591,0.001005825,66872,4,531.877812
1781138883.567193,0.000997160,113406,7,909.831923
1781138883.567755,0.001008854,63976,4,507.316222
1781138883.568771,0.000993721,63910,3,514.510612
1781138883.572093,0.000996482,85894,7,689.577935
1781138883.572579,0.000997882,68452,6,548.778312
1781138883.573344,0.001004816,88864,8,707.504658
1781138883.573768,0.000996545,66938,5,537.360581
1781138883.574627,0.001004144,82866,5,660.192164
1781138883.574947,0.000998795,84388,6,675.918482
1781138883.575702,0.000998270,87276,6,699.417993
1781138883.576712,0.001004925,87210,5,694.260766
1781138883.577765,0.000991365,0,0,0.000000
1781138883.579047,0.000999626,0,0,0.000000
1781138883.579666,0.001002869,0,0,0.000000
1781138883.580998,0.000997387,0,0,0.000000
1781138883.581735,0.001000897,0,0,0.000000
1781138883.582726,0.001004751,0,0,0.000000
1781138883.583732,0.000996163,66,1,0.530034
1781138883.585211,0.001007299,1736,1,13.787366
1781138883.585728,0.000991412,0,0,0.000000
1781138883.586754,0.000999988,0,0,0.000000
1781138883.588665,0.000999095,0,0,0.000000
1781138883.588701,0.001004925,0,0,0.000000
1781138883.589736,0.001000426,0,0,0.000000
1781138883.590724,0.000996386,0,0,0.000000
1781138883.591665,0.000998585,0,0,0.000000
1781138883.592666,0.001004488,0,0,0.000000
1781138883.593646,0.000995513,0,0,0.000000
1781138883.594687,0.001005587,132,2,1.050133
1781138883.595673,0.001001728,0,0,0.000000
1781138883.596696,0.000999862,0,0,0.000000
1781138883.597660,0.000993576,0,0,0.000000
1781138883.598718,0.000999915,1160,1,9.280789
1781138883.599664,0.000999328,0,0,0.000000
1781138883.600682,0.001002379,0,0,0.000000
1781138883.601649,0.001003290,0,0,0.000000
1781138883.602693,0.001005344,0,0,0.000000
1781138883.603678,0.000988386,0,0,0.000000
1781138883.604689,0.001013015,0,0,0.000000
1781138883.605646,0.000987293,0,0,0.000000
1781138883.606692,0.001013094,0,0,0.000000
1781138883.607702,0.000987219,66,1,0.534836
1781138883.608665,0.000999735,0,0,0.000000
1781138883.609656,0.001011244,0,0,0.000000
1781138883.610690,0.000999868,0,0,0.000000
1781138883.611663,0.000989243,0,0,0.000000
1781138883.612664,0.001000256,0,0,0.000000
1781138883.613664,0.001001549,0,0,0.000000
1781138883.614684,0.000999959,0,0,0.000000
1781138883.615689,0.001007461,0,0,0.000000
1781138883.616679,0.000990112,0,0,0.000000
1781138883.617718,0.001001228,0,0,0.000000
1781138883.618704,0.001007023,0,0,0.000000
1781138883.619666,0.000995139,0,0,0.000000
1781138883.620671,0.001009432,0,0,0.000000
1781138883.621671,0.000988766,0,0,0.000000
1781138883.622752,0.000998732,0,0,0.000000
1781138883.623716,0.001012612,0,0,0.000000
1781138883.624709,0.000993467,0,0,0.000000
1781138883.625768,0.000994029,0,0,0.000000
1781138883.626691,0.001002534,0,0,0.000000
1781138883.627741,0.000997475,0,0,0.000000
1781138883.628669,0.001012328,0,0,0.000000
1781138883.629678,0.000988067,0,0,0.000000
1781138883.630684,0.000999309,0,0,0.000000
1781138883.631678,0.000999988,0,0,0.000000
1781138883.632648,0.001000961,0,0,0.000000
1781138883.633655,0.001011438,0,0,0.000000
1781138883.634670,0.000997677,0,0,0.000000
1781138883.635682,0.000999023,0,0,0.000000
1781138883.636654,0.000990948,0,0,0.000000
1781138883.637671,0.001013164,0,0,0.000000
1781138883.638692,0.000988290,0,0,0.000000
1781138883.639678,0.001002412,0,0,0.000000
1781138883.640670,0.001001163,0,0,0.000000
1781138883.641647,0.000996060,0,0,0.000000
1781138883.642698,0.001014130,0,0,0.000000
1781138883.643659,0.000984986,0,0,0.000000
1781138883.644671,0.001007506,0,0,0.000000
1781138883.645694,0.000994334,0,0,0.000000
1781138883.646687,0.000999234,0,0,0.000000
1781138883.647667,0.001000859,0,0,0.000000
1781138883.648662,0.000997766,0,0,0.000000
1781138883.649681,0.001003086,0,0,0.000000
1781138883.650671,0.001001019,0,0,0.000000
1781138883.651721,0.000996537,0,0,0.000000
1781138883.652703,0.001011799,0,0,0.000000
1781138883.653661,0.000987687,0,0,0.000000
1781138883.654956,0.001000185,0,0,0.000000
1781138883.655699,0.001013804,0,0,0.000000
1781138883.656648,0.000991049,0,0,0.000000
1781138883.657690,0.000997135,0,0,0.000000
1781138883.658985,0.001001969,0,0,0.000000
1781138883.659750,0.000999184,0,0,0.000000
1781138883.660733,0.001003061,0,0,0.000000
1781138883.661691,0.000994081,0,0,0.000000
1781138883.662727,0.001004667,0,0,0.000000
1781138883.663956,0.000995287,0,0,0.000000
1781138883.664767,0.001001873,0,0,0.000000
1781138883.665749,0.000998909,0,0,0.000000
1781138883.666680,0.001004409,0,0,0.000000
1781138883.667674,0.000994603,0,0,0.000000
1781138883.668739,0.001000720,0,0,0.000000
1781138883.669707,0.000999427,0,0,0.000000
1781138883.670731,0.001008910,0,0,0.000000
1781138883.671920,0.001002574,0,0,0.000000
1781138883.672732,0.000999448,0,0,0.000000
1781138883.673751,0.000990514,0,0,0.000000
1781138883.674694,0.001002191,0,0,0.000000
1781138883.675731,0.001002035,0,0,0.000000
1781138883.676662,0.000997864,0,0,0.000000
1781138883.677731,0.001003831,0,0,0.000000
1781138883.678703,0.000991984,0,0,0.000000
1781138883.679724,0.001004882,0,0,0.000000
1781138883.680732,0.000995612,0,0,0.000000
1781138883.681675,0.001011469,0,0,0.000000
1781138883.682682,0.000989374,0,0,0.000000
1781138883.683663,0.001005039,0,0,0.000000
1781138883.684738,0.001002161,0,0,0.000000
1781138883.685719,0.000992813,0,0,0.000000
1781138883.686712,0.000999404,0,0,0.000000
1781138883.687717,0.001000101,0,0,0.000000
1781138883.689013,0.000999527,0,0,0.000000
1781138883.689695,0.001001610,0,0,0.000000
1781138883.690852,0.000998247,0,0,0.000000
1781138883.691679,0.001010372,154,1,1.219353
1781138883.692650,0.000994295,0,0,0.000000
1781138883.693644,0.000995738,0,0,0.000000
1781138883.694680,0.001002619,0,0,0.000000
1781138883.695666,0.000998333,0,0,0.000000
1781138883.696731,0.001010552,0,0,0.000000
1781138883.697716,0.001000016,0,0,0.000000
1781138883.698703,0.000987799,0,0,0.000000
1781138883.699732,0.001002908,0,0,0.000000
1781138883.700675,0.001009056,0,0,0.000000
1781138883.701695,0.000988917,0,0,0.000000
1781138883.702689,0.001000041,0,0,0.000000
1781138883.703781,0.001000413,0,0,0.000000
1781138883.704733,0.001009343,0,0,0.000000
1781138883.705714,0.000999521,0,0,0.000000
1781138883.706780,0.000989950,54,1,0.436386
1781138883.707772,0.001001358,0,0,0.000000
1781138883.708691,0.001000157,194,1,1.551756
1781138883.709784,0.001012302,0,0,0.000000
1781138883.710701,0.000988316,0,0,0.000000
1781138883.711720,0.000999644,0,0,0.000000
1781138883.712669,0.001002019,0,0,0.000000
1781138883.713651,0.001002442,0,0,0.000000
1781138883.714689,0.001004268,0,0,0.000000
1781138883.715661,0.000989840,0,0,0.000000
1781138883.716657,0.001010150,0,0,0.000000
1781138883.717663,0.001006815,0,0,0.000000
1781138883.718661,0.000983265,0,0,0.000000
1781138883.719662,0.000999744,0,0,0.000000
1781138883.720654,0.001008472,0,0,0.000000
1781138883.721652,0.001001300,0,0,0.000000
1781138883.722704,0.000990790,0,0,0.000000
1781138883.723682,0.001012004,0,0,0.000000
1781138883.724657,0.000989991,0,0,0.000000
1781138883.725657,0.001007626,0,0,0.000000
1781138883.726667,0.000989671,0,0,0.000000
1781138883.727713,0.001004288,0,0,0.000000
1781138883.728689,0.001003758,0,0,0.000000
1781138883.729718,0.001000929,0,0,0.000000
1781138883.730715,0.000991242,0,0,0.000000
1781138883.731683,0.001011763,0,0,0.000000
1781138883.732723,0.001000111,0,0,0.000000
1781138883.733685,0.000993557,0,0,0.000000
1781138883.734726,0.001000571,0,0,0.000000
1781138883.735723,0.001002462,0,0,0.000000
1781138883.736678,0.000997007,0,0,0.000000
1781138883.737726,0.000994509,0,0,0.000000
1781138883.738723,0.000999698,0,0,0.000000
1781138883.739844,0.001008743,0,0,0.000000
1781138883.743439,0.000996919,0,0,0.000000
1781138883.743587,0.000998157,0,0,0.000000
1781138883.744014,0.000999296,0,0,0.000000
1781138883.744137,0.001009648,0,0,0.000000
1781138883.744687,0.000991309,0,0,0.000000
1781138883.745667,0.001002940,0,0,0.000000
1781138883.746713,0.000994579,0,0,0.000000
1781138883.747682,0.001004707,0,0,0.000000
1781138883.748646,0.000993993,0,0,0.000000
1781138883.749660,0.001011738,0,0,0.000000
1781138883.750683,0.000987726,0,0,0.000000
1781138883.751669,0.001002611,0,0,0.000000
1781138883.752651,0.001006657,0,0,0.000000
1781138883.753642,0.000990947,0,0,0.000000
1781138883.754689,0.001000340,0,0,0.000000
1781138883.755708,0.001009225,0,0,0.000000
1781138883.756655,0.000990947,0,0,0.000000
1781138883.757664,0.001002354,0,0,0.000000
1781138883.758693,0.000997932,0,0,0.000000
1781138883.759684,0.001007707,0,0,0.000000
1781138883.760656,0.000991892,0,0,0.000000
1781138883.761671,0.001007681,0,0,0.000000
1781138883.762717,0.000998238,54,1,0.432763
1781138883.763677,0.001000752,0,0,0.000000
1781138883.764650,0.000992935,0,0,0.000000
1781138883.765738,0.001011654,0,0,0.000000
1781138883.766706,0.000989141,0,0,0.000000
1781138883.767667,0.001007919,0,0,0.000000
1781138883.768654,0.000996892,0,0,0.000000
1781138883.769644,0.000996245,0,0,0.000000
1781138883.770682,0.001002602,0,0,0.000000
1781138883.771667,0.001000391,0,0,0.000000
1781138883.772643,0.000996269,0,0,0.000000
1781138883.773678,0.001008309,0,0,0.000000
1781138883.774717,0.000996876,0,0,0.000000
1781138883.775693,0.001003504,0,0,0.000000
1781138883.776674,0.001002928,0,0,0.000000
1781138883.777646,0.000988395,0,0,0.000000
1781138883.778668,0.001005439,0,0,0.000000
1781138883.779674,0.000998099,0,0,0.000000
1781138883.780694,0.000999858,0,0,0.000000
1781138883.781694,0.001001460,0,0,0.000000
1781138883.782670,0.000999429,0,0,0.000000
1781138883.783727,0.001004533,0,0,0.000000
1781138883.784719,0.000995550,0,0,0.000000
1781138883.785700,0.000995489,0,0,0.000000
1781138883.786726,0.001000415,1514,1,12.106976
1781138883.787682,0.000999062,80168,8,641.946145
1781138883.788710,0.001001566,49562,5,395.876058
1781138883.789688,0.000998717,67004,6,536.720613
1781138883.790729,0.001012848,77140,6,609.291819
1781138883.791659,0.000987219,81484,6,660.311441
1781138883.792672,0.001004911,72664,4,578.471128
1781138883.793651,0.000995374,90172,6,724.728594
1781138883.794683,0.001009216,65358,3,518.089289
1781138883.795730,0.000993208,63910,3,514.776361
1781138883.796686,0.000996521,0,0,0.000000
1781138883.797718,0.001000951,0,0,0.000000
1781138883.798786,0.001010736,0,0,0.000000
1781138883.799739,0.000989999,0,0,0.000000
1781138883.800722,0.000999968,0,0,0.000000
1781138883.801749,0.000998339,0,0,0.000000
1781138883.802732,0.001010306,0,0,0.000000
1781138883.803707,0.001000816,0,0,0.000000
1781138883.804731,0.001001314,0,0,0.000000
1781138883.805682,0.000989825,0,0,0.000000
1781138883.806683,0.000999423,0,0,0.000000
1781138883.807677,0.001010659,0,0,0.000000
1781138883.808662,0.000987761,0,0,0.000000
1781138883.809657,0.001010849,0,0,0.000000
1781138883.810732,0.000990248,0,0,0.000000
1781138883.811686,0.001001695,0,0,0.000000
1781138883.812674,0.001000249,0,0,0.000000
1781138883.813667,0.001000520,0,0,0.000000
1781138883.814683,0.000997690,0,0,0.000000
1781138883.815663,0.000998892,0,0,0.000000
1781138883.816656,0.001009387,0,0,0.000000
1781138883.817644,0.000991623,0,0,0.000000
1781138883.818683,0.000999170,0,0,0.000000
1781138883.819681,0.001000033,0,0,0.000000
1781138883.820662,0.000999674,0,0,0.000000
1781138883.821645,0.001000023,0,0,0.000000
1781138883.822669,0.000999987,0,0,0.000000
1781138883.823692,0.001003169,0,0,0.000000
1781138883.824646,0.000996826,0,0,0.000000
1781138883.825746,0.001011060,0,0,0.000000
1781138883.826681,0.000988835,0,0,0.000000
1781138883.827698,0.001009700,0,0,0.000000
1781138883.828663,0.000990482,0,0,0.000000
1781138883.829694,0.001000489,0,0,0.000000
1781138883.830691,0.001000182,0,0,0.000000
1781138883.831666,0.001000887,0,0,0.000000
1781138883.832674,0.001010515,0,0,0.000000
1781138883.833655,0.000998039,0,0,0.000000
1781138883.834691,0.001002908,0,0,0.000000
1781138883.835665,0.000989084,0,0,0.000000
1781138883.836673,0.001006698,0,0,0.000000
1781138883.837652,0.000997668,0,0,0.000000
1781138883.838672,0.001005585,0,0,0.000000
1781138883.839672,0.000997216,0,0,0.000000
1781138883.840666,0.000993556,0,0,0.000000
1781138883.841690,0.001003796,0,0,0.000000
1781138883.842649,0.000993371,0,0,0.000000
1781138883.843646,0.000999981,0,0,0.000000
1781138883.844719,0.001001102,0,0,0.000000
1781138883.845712,0.000999804,0,0,0.000000
1781138883.846698,0.001003254,0,0,0.000000
1781138883.847664,0.000995722,0,0,0.000000
1781138883.848673,0.001010409,0,0,0.000000
1781138883.849653,0.000998823,0,0,0.000000
1781138883.850683,0.000990981,0,0,0.000000
1781138883.851684,0.000999946,0,0,0.000000
1781138883.852649,0.001000614,0,0,0.000000
1781138883.853673,0.001010491,0,0,0.000000
1781138883.854681,0.000990585,0,0,0.000000
1781138883.855679,0.001010665,0,0,0.000000
1781138883.856673,0.000998567,0,0,0.000000
1781138883.857653,0.000998495,0,0,0.000000
1781138883.858711,0.000995969,0,0,0.000000
1781138883.859852,0.000994492,0,0,0.000000
1781138883.860687,0.001013572,0,0,0.000000
1781138883.861685,0.000999156,0,0,0.000000
1781138883.862683,0.000989087,0,0,0.000000
1781138883.863668,0.000999453,0,0,0.000000
1781138883.864665,0.001002588,0,0,0.000000
1781138883.865724,0.000996362,0,0,0.000000
1781138883.866708,0.001000477,0,0,0.000000
1781138883.867722,0.000999155,0,0,0.000000
1781138883.868745,0.001007470,0,0,0.000000
1781138883.869663,0.001004733,0,0,0.000000
1781138883.870668,0.000993400,0,0,0.000000
1781138883.871667,0.000995059,0,0,0.000000
1781138883.872651,0.001005779,0,0,0.000000
1781138883.873650,0.000998637,0,0,0.000000
1781138883.874687,0.001000237,0,0,0.000000
1781138883.875722,0.000997927,0,0,0.000000
1781138883.876740,0.001008945,0,0,0.000000
1781138883.877706,0.000988866,0,0,0.000000
1781138883.878709,0.001002834,0,0,0.000000
1781138883.879717,0.000998425,0,0,0.000000
1781138883.880743,0.001010051,0,0,0.000000
1781138883.881772,0.000997977,0,0,0.000000
1781138883.882752,0.001002255,0,0,0.000000
1781138883.883687,0.000999019,0,0,0.000000
1781138883.884652,0.000994846,0,0,0.000000
1781138883.885646,0.000997254,0,0,0.000000
1781138883.886687,0.001005180,0,0,0.000000
1781138883.887679,0.000991268,0,0,0.000000
1781138883.888658,0.001006901,0,0,0.000000
1781138883.889644,0.000993006,0,0,0.000000
1781138883.890687,0.001007854,0,0,0.000000
1781138883.891665,0.001007998,0,0,0.000000
1781138883.892647,0.000984493,0,0,0.000000
1781138883.893650,0.001000567,0,0,0.000000
1781138883.894688,0.001007612,0,0,0.000000
1781138883.895682,0.000996229,0,0,0.000000
1781138883.896657,0.001006565,0,0,0.000000
1781138883.897644,0.000988832,0,0,0.000000
1781138883.898683,0.001008687,0,0,0.000000
1781138883.899706,0.001001114,0,0,0.000000
1781138883.900651,0.000990234,0,0,0.000000
1781138883.901648,0.001001219,0,0,0.000000
1781138883.902677,0.001011774,0,0,0.000000
1781138883.903664,0.000997850,0,0,0.000000
1781138883.904722,0.000989918,0,0,0.000000
1781138883.905688,0.001000808,66,1,0.527574
1781138883.906721,0.001004260,90,1,0.716946
1781138883.907724,0.000995006,66,1,0.530650
1781138883.908695,0.001000144,0,0,0.000000
1781138883.909703,0.001008679,0,0,0.000000
1781138883.910691,0.001001321,0,0,0.000000
1781138883.911684,0.000996251,0,0,0.000000
1781138883.912659,0.001003777,0,0,0.000000
1781138883.913642,0.000988954,0,0,0.000000
1781138883.914682,0.001001769,0,0,0.000000
1781138883.915663,0.000997952,0,0,0.000000
1781138883.916648,0.001000868,0,0,0.000000
1781138883.917646,0.001000549,0,0,0.000000
1781138883.918686,0.001010668,0,0,0.000000
1781138883.919668,0.000991097,0,0,0.000000
1781138883.920670,0.001005240,0,0,0.000000
1781138883.921681,0.000999915,0,0,0.000000
1781138883.922690,0.000992266,0,0,0.000000
1781138883.923702,0.001006876,0,0,0.000000
1781138883.924728,0.000993429,0,0,0.000000
1781138883.925711,0.001011676,0,0,0.000000
1781138883.926732,0.000999593,0,0,0.000000
1781138883.927674,0.000988190,0,0,0.000000
1781138883.928681,0.001004319,0,0,0.000000
1781138883.929677,0.000997265,0,0,0.000000
1781138883.930688,0.000998062,0,0,0.000000
1781138883.931689,0.001000480,0,0,0.000000
1781138883.932667,0.001012487,0,0,0.000000
1781138883.933654,0.000994797,0,0,0.000000
1781138883.934690,0.001002011,0,0,0.000000
1781138883.935653,0.000994503,0,0,0.000000
1781138883.936663,0.000997595,0,0,0.000000
1781138883.937654,0.000998665,0,0,0.000000
1781138883.938669,0.000999662,0,0,0.000000
1781138883.939666,0.001000007,0,0,0.000000
1781138883.940663,0.000999941,0,0,0.000000
1781138883.941651,0.001006607,0,0,0.000000
1781138883.942672,0.001001304,0,0,0.000000
1781138883.943715,0.001006985,0,0,0.000000
1781138883.944740,0.000985893,0,0,0.000000
1781138883.945746,0.001004064,0,0,0.000000
1781138883.946723,0.000995408,0,0,0.000000
1781138883.947728,0.001000800,0,0,0.000000
1781138883.948660,0.000999194,0,0,0.000000
1781138883.949744,0.001000047,0,0,0.000000
1781138883.950783,0.001007076,0,0,0.000000
1781138883.951762,0.000996068,0,0,0.000000
1781138883.952728,0.001009515,0,0,0.000000
1781138883.953711,0.000994233,0,0,0.000000
1781138883.954707,0.000993312,0,0,0.000000
1781138883.955726,0.001001745,0,0,0.000000
1781138883.956665,0.001003413,0,0,0.000000
1781138883.957679,0.000994422,0,0,0.000000
1781138883.958677,0.001009452,0,0,0.000000
1781138883.959667,0.000995631,0,0,0.000000
1781138883.960646,0.000995545,0,0,0.000000
1781138883.961663,0.000999715,0,0,0.000000
1781138883.962706,0.001004007,0,0,0.000000
1781138883.963694,0.001008457,0,0,0.000000
1781138883.964646,0.000988826,0,0,0.000000
1781138883.965661,0.000998506,0,0,0.000000
1781138883.966737,0.001000193,0,0,0.000000
1781138883.967662,0.000999915,0,0,0.000000
1781138883.968658,0.001009663,0,0,0.000000
1781138883.969643,0.000991549,0,0,0.000000
1781138883.970700,0.001010661,0,0,0.000000
1781138883.971671,0.000996493,0,0,0.000000
1781138883.972651,0.000997381,0,0,0.000000
1781138883.973664,0.000993721,0,0,0.000000
1781138883.974670,0.001000310,0,0,0.000000
1781138883.975687,0.001007065,0,0,0.000000
1781138883.976648,0.000992940,0,0,0.000000
1781138883.977658,0.001011997,0,0,0.000000
1781138883.978683,0.000991507,0,0,0.000000
1781138883.979664,0.001002162,0,0,0.000000
1781138883.980670,0.000994334,0,0,0.000000
1781138883.981697,0.001003021,0,0,0.000000
1781138883.982718,0.001000937,0,0,0.000000
1781138883.983660,0.001008344,0,0,0.000000
1781138883.984655,0.000995708,0,0,0.000000
1781138883.985681,0.000993696,0,0,0.000000
1781138883.986681,0.001002151,0,0,0.000000
1781138883.987678,0.000996820,0,0,0.000000
1781138883.988659,0.000999532,0,0,0.000000
1781138883.989667,0.001000484,0,0,0.000000
1781138883.990695,0.001012854,0,0,0.000000
1781138883.991669,0.000992596,0,0,0.000000
1781138883.992646,0.000993695,0,0,0.000000
1781138883.993644,0.001000064,0,0,0.000000
1781138883.994679,0.000999999,0,0,0.000000
1781138883.995672,0.001007680,0,0,0.000000
1781138883.996647,0.000996433,0,0,0.000000
1781138883.997647,0.000998294,0,0,0.000000
1781138883.998672,0.000998837,0,0,0.000000
1781138883.999666,0.001003226,0,0,0.000000
1781138884.000645,0.000995439,0,0,0.000000
1781138884.001656,0.001013406,0,0,0.000000
1781138884.002680,0.000987754,1514,1,12.262162
1781138884.003678,0.001012406,72862,7,575.753206
1781138884.004676,0.000990322,64108,6,517.876004
1781138884.005842,0.001005587,78588,6,625.210946
1781138884.006778,0.000991507,62594,5,505.041316
1781138884.007781,0.001008181,96030,7,762.006029
1781138884.008692,0.001004975,77074,5,613.539640
1781138884.009647,0.000985738,68320,4,554.467820
1781138884.010730,0.001006796,85696,4,680.940330
1781138884.011697,0.000995519,77140,6,619.897762
1781138884.012750,0.001012313,62660,6,495.182814
1781138884.013748,0.000989727,71348,6,576.708527
1781138884.014850,0.001000897,96096,8,768.079033
1781138884.015750,0.000997372,66872,4,536.385621
1781138884.016736,0.001004135,77074,5,614.052891
1781138884.017718,0.001004869,81418,5,648.187973
1781138884.018759,0.001000057,72664,4,581.278867
1781138884.019713,0.000989014,85960,8,695.318772
1781138884.020789,0.001000737,62660,6,500.910829
1781138884.021723,0.001012319,78588,6,621.053245
1781138884.022716,0.000986945,97412,6,789.604284
1781138884.023685,0.001000708,66872,4,534.597505
1781138884.024688,0.001007591,80036,6,635.464191
1781138884.025677,0.000994712,74112,4,596.047901
1781138884.026716,0.001003182,81484,6,649.804323
1781138884.027722,0.000996671,68584,8,550.504630
1781138884.028682,0.001009070,78654,7,623.576164
1781138884.029676,0.000988952,85894,7,694.828465
1781138884.030715,0.001005012,80036,6,637.094880
1781138884.031691,0.000993660,77074,5,620.526136
1781138884.032674,0.001002678,81418,5,649.604360
1781138884.033793,0.001008587,74112,4,587.848148
1781138884.034695,0.000989932,23234,1,187.762392
1781138884.035713,0.001005207,0,0,0.000000
1781138884.036739,0.001009401,0,0,0.000000
1781138884.038013,0.000998262,0,0,0.000000
1781138884.039182,0.000988924,0,0,0.000000
1781138884.039704,0.000999377,0,0,0.000000
1781138884.040673,0.000998143,0,0,0.000000
1781138884.041705,0.001003122,0,0,0.000000
1781138884.042679,0.001000722,0,0,0.000000
1781138884.043656,0.001003646,0,0,0.000000
1781138884.044647,0.000993614,0,0,0.000000
1781138884.045645,0.000998597,0,0,0.000000
1781138884.046666,0.000999894,0,0,0.000000
1781138884.047698,0.001012232,0,0,0.000000
1781138884.048668,0.000992067,0,0,0.000000
1781138884.049644,0.000995700,0,0,0.000000
1781138884.050685,0.001009573,0,0,0.000000
1781138884.051663,0.000991223,0,0,0.000000
1781138884.052673,0.001006979,0,0,0.000000
1781138884.053720,0.000996377,0,0,0.000000
1781138884.054732,0.001001893,0,0,0.000000
1781138884.055691,0.000995083,0,0,0.000000
1781138884.056695,0.001012362,0,0,0.000000
1781138884.057721,0.000993371,0,0,0.000000
1781138884.058683,0.001005070,0,0,0.000000
1781138884.059672,0.000999634,0,0,0.000000
1781138884.060653,0.000996563,0,0,0.000000
1781138884.061656,0.001005407,0,0,0.000000
1781138884.062676,0.000986296,0,0,0.000000
1781138884.063674,0.001014654,0,0,0.000000
1781138884.064700,0.000998080,0,0,0.000000
1781138884.065671,0.000992732,0,0,0.000000
1781138884.066727,0.000995177,0,0,0.000000
1781138884.067668,0.000999831,0,0,0.000000
1781138884.068682,0.001007949,0,0,0.000000
1781138884.069665,0.000991927,0,0,0.000000
1781138884.070702,0.001005525,0,0,0.000000
1781138884.071670,0.000995347,0,0,0.000000
1781138884.072657,0.001010298,0,0,0.000000
1781138884.073661,0.000989185,0,0,0.000000
1781138884.074680,0.000999919,0,0,0.000000
1781138884.075692,0.001010737,0,0,0.000000
1781138884.076675,0.000992863,0,0,0.000000
1781138884.077688,0.000999730,0,0,0.000000
1781138884.078670,0.000996455,0,0,0.000000
1781138884.079674,0.001005965,0,0,0.000000
1781138884.080666,0.001004844,0,0,0.000000
1781138884.081658,0.000998505,0,0,0.000000
1781138884.082654,0.000999243,0,0,0.000000
1781138884.083682,0.000994560,0,0,0.000000
1781138884.084662,0.000999992,0,0,0.000000
1781138884.085696,0.000997406,0,0,0.000000
1781138884.086695,0.001003252,0,0,0.000000
1781138884.087665,0.000998645,0,0,0.000000
1781138884.088661,0.000997183,0,0,0.000000
1781138884.089674,0.001000361,0,0,0.000000
1781138884.090657,0.001010615,0,0,0.000000
1781138884.091666,0.000990476,0,0,0.000000
1781138884.092666,0.001003967,0,0,0.000000
1781138884.093665,0.001005224,0,0,0.000000
1781138884.094672,0.000993074,0,0,0.000000
1781138884.095694,0.001008505,0,0,0.000000
1781138884.096644,0.000987669,0,0,0.000000
1781138884.097645,0.001000182,0,0,0.000000
1781138884.098690,0.001002819,0,0,0.000000
1781138884.099749,0.001004681,0,0,0.000000
1781138884.100667,0.001001046,0,0,0.000000
1781138884.101764,0.000999598,0,0,0.000000
1781138884.102746,0.001004862,0,0,0.000000
1781138884.103735,0.000987217,0,0,0.000000
1781138884.104654,0.001000329,0,0,0.000000
1781138884.105690,0.001001153,0,0,0.000000
1781138884.106692,0.000999135,0,0,0.000000
1781138884.107687,0.000999184,0,0,0.000000
1781138884.108677,0.001005465,0,0,0.000000
1781138884.109652,0.000998798,0,0,0.000000
1781138884.110665,0.000996076,0,0,0.000000
1781138884.111667,0.000999945,0,0,0.000000
1781138884.112671,0.001001010,0,0,0.000000
1781138884.113704,0.001009344,0,0,0.000000
1781138884.114805,0.001005194,0,0,0.000000
1781138884.115689,0.000999384,0,0,0.000000
1781138884.116663,0.000986167,0,0,0.000000
1781138884.117661,0.001005439,0,0,0.000000
1781138884.118683,0.000998700,0,0,0.000000
1781138884.119676,0.000995164,0,0,0.000000
1781138884.120697,0.001006610,0,0,0.000000
1781138884.121688,0.000998643,0,0,0.000000
1781138884.122700,0.000998764,0,0,0.000000
1781138884.123681,0.001010320,0,0,0.000000
1781138884.124652,0.000989408,0,0,0.000000
1781138884.125650,0.001001267,0,0,0.000000
1781138884.126749,0.000997982,0,0,0.000000
1781138884.127874,0.000997206,0,0,0.000000
1781138884.128902,0.000999553,0,0,0.000000
1781138884.129869,0.001007290,0,0,0.000000
1781138884.130915,0.000999926,0,0,0.000000
1781138884.131891,0.000998322,0,0,0.000000
1781138884.132806,0.000995996,0,0,0.000000
1781138884.133804,0.000997771,0,0,0.000000
1781138884.135064,0.001001175,0,0,0.000000
1781138884.135654,0.000999712,0,0,0.000000
1781138884.136676,0.001006034,0,0,0.000000
1781138884.137686,0.000997550,0,0,0.000000
1781138884.138709,0.000996150,0,0,0.000000
1781138884.139652,0.001000007,0,0,0.000000
1781138884.140658,0.001012762,0,0,0.000000
1781138884.141653,0.000996600,0,0,0.000000
1781138884.142675,0.000995929,0,0,0.000000
1781138884.143675,0.000995001,0,0,0.000000
1781138884.144667,0.000999959,0,0,0.000000
1781138884.145646,0.000999420,0,0,0.000000
1781138884.147004,0.001000562,0,0,0.000000
1781138884.147697,0.001013439,0,0,0.000000
1781138884.148662,0.000992406,0,0,0.000000
1781138884.149674,0.000994066,0,0,0.000000
1781138884.150685,0.001006014,0,0,0.000000
1781138884.151660,0.000993414,0,0,0.000000
1781138884.152658,0.001011817,0,0,0.000000
1781138884.153833,0.000990109,0,0,0.000000
1781138884.154686,0.001005050,0,0,0.000000
1781138884.155660,0.000993601,0,0,0.000000
1781138884.156691,0.001008824,0,0,0.000000
1781138884.157648,0.000990948,0,0,0.000000
1781138884.158679,0.000999369,0,0,0.000000
1781138884.159669,0.001003625,0,0,0.000000
1781138884.160736,0.001001387,0,0,0.000000
1781138884.161723,0.000995262,0,0,0.000000
1781138884.162679,0.001010562,0,0,0.000000
1781138884.163682,0.001002331,0,0,0.000000
1781138884.164662,0.000996012,0,0,0.000000
1781138884.165687,0.001004938,0,0,0.000000
1781138884.166689,0.000986189,0,0,0.000000
1781138884.167682,0.001000063,0,0,0.000000
1781138884.168647,0.001000343,0,0,0.000000
1781138884.169653,0.001008685,0,0,0.000000
1781138884.170755,0.000994425,0,0,0.000000
1781138884.171724,0.001008892,0,0,0.000000
1781138884.172676,0.000993501,0,0,0.000000
1781138884.173660,0.001008222,0,0,0.000000
1781138884.174673,0.000996956,0,0,0.000000
1781138884.175644,0.000988864,0,0,0.000000
1781138884.176646,0.001000303,0,0,0.000000
1781138884.177745,0.001010143,0,0,0.000000
1781138884.178757,0.000989692,0,0,0.000000
1781138884.179691,0.001000870,0,0,0.000000
1781138884.180702,0.000999511,0,0,0.000000
1781138884.181703,0.001001537,0,0,0.000000
1781138884.182741,0.001010284,0,0,0.000000
1781138884.183685,0.000988690,0,0,0.000000
1781138884.184681,0.000999419,0,0,0.000000
1781138884.185655,0.000999760,0,0,0.000000
1781138884.186691,0.001000017,0,0,0.000000
1781138884.187689,0.001015098,0,0,0.000000
1781138884.188658,0.000996962,0,0,0.000000
1781138884.189674,0.000990568,0,0,0.000000
1781138884.190677,0.000997654,0,0,0.000000
1781138884.191716,0.001005505,146,1,1.161605
1781138884.192663,0.001005175,0,0,0.000000
1781138884.193670,0.000998325,0,0,0.000000
1781138884.194696,0.000993853,0,0,0.000000
1781138884.195698,0.001008907,0,0,0.000000
1781138884.196646,0.000987766,0,0,0.000000
1781138884.197643,0.001000008,0,0,0.000000
1781138884.198667,0.001003165,0,0,0.000000
1781138884.199676,0.001009906,0,0,0.000000
1781138884.200673,0.000994740,0,0,0.000000
1781138884.201665,0.000996711,0,0,0.000000
1781138884.202666,0.000997061,0,0,0.000000
1781138884.203685,0.001006857,0,0,0.000000
1781138884.204667,0.000995256,0,0,0.000000
1781138884.205644,0.000996306,0,0,0.000000
1781138884.206723,0.001000753,0,0,0.000000
1781138884.207744,0.001013354,0,0,0.000000
1781138884.208744,0.000987191,0,0,0.000000
1781138884.209713,0.001005254,54,1,0.429742
1781138884.210729,0.001002610,0,0,0.000000
1781138884.211685,0.000999070,0,0,0.000000
1781138884.212671,0.001006776,0,0,0.000000
1781138884.213684,0.000996394,0,0,0.000000
1781138884.214692,0.000989352,0,0,0.000000
1781138884.215686,0.001006767,194,1,1.541568
1781138884.216677,0.000994713,0,0,0.000000
1781138884.217684,0.000999457,0,0,0.000000
1781138884.218672,0.001013005,0,0,0.000000
1781138884.219687,0.000987184,0,0,0.000000
1781138884.220667,0.000998654,0,0,0.000000
1781138884.221663,0.001013515,0,0,0.000000
1781138884.222680,0.000986705,0,0,0.000000
1781138884.223660,0.001004408,0,0,0.000000
1781138884.224683,0.000995524,0,0,0.000000
1781138884.225680,0.001002265,0,0,0.000000
1781138884.226694,0.000997266,0,0,0.000000
1781138884.227675,0.001000190,0,0,0.000000
1781138884.228669,0.001007759,0,0,0.000000
1781138884.229643,0.000991697,0,0,0.000000
1781138884.230682,0.001001947,0,0,0.000000
1781138884.231692,0.000998092,0,0,0.000000
1781138884.232672,0.001007199,0,0,0.000000
1781138884.233675,0.001006823,0,0,0.000000
1781138884.234773,0.000986208,0,0,0.000000
1781138884.235764,0.001000848,0,0,0.000000
1781138884.236729,0.000999443,0,0,0.000000
1781138884.237657,0.000999773,0,0,0.000000
1781138884.238702,0.001009217,0,0,0.000000
1781138884.239724,0.000992317,0,0,0.000000
1781138884.240649,0.000998865,0,0,0.000000
1781138884.241647,0.000999617,0,0,0.000000
1781138884.242681,0.000999862,1514,1,12.113672
1781138884.243767,0.001000586,94714,9,757.268241
1781138884.244660,0.001003746,115052,10,916.980989
1781138884.245659,0.000999083,113538,9,909.137679
1781138884.246756,0.001009618,129532,10,1026.384236
1781138884.247728,0.000993260,109062,7,878.416527
1781138884.248729,0.001004453,142498,9,1134.930156
1781138884.249707,0.001004557,109062,7,868.538072
1781138884.250759,0.000993736,96228,10,774.676574
1781138884.251796,0.000993620,113472,8,913.604799
1781138884.252688,0.000997984,125122,9,1002.998044
1781138884.253689,0.000999687,125056,8,1000.761238
1781138884.254708,0.001000098,119198,7,953.490558
1781138884.256705,0.002000507,202460,18,809.634758
1781138884.257669,0.001000341,119396,10,954.842399
1781138884.258806,0.001002166,119330,9,952.576719
1781138884.259706,0.000997682,120712,8,967.939684
1781138884.260719,0.000999158,110510,7,884.825023
1781138884.261690,0.000999698,129400,8,1035.512725
1781138884.262693,0.001000884,112090,9,895.928000
1781138884.263863,0.001012616,122292,10,966.147088
1781138884.264685,0.000997315,109194,9,875.903802
1781138884.265720,0.001002452,112024,8,893.999912
1781138884.266706,0.000992590,110510,7,890.679938
1781138884.267705,0.001003155,97412,6,776.845054
1781138884.268679,0.000995946,109260,10,877.637944
1781138884.269735,0.000994921,120910,11,972.217895
1781138884.270980,0.001004695,113538,9,904.059441
1781138884.271743,0.000995700,114920,8,923.330320
1781138884.272759,0.001000754,125056,8,999.694231
1781138884.273719,0.001001424,126438,7,1010.065666
1781138884.274854,0.000998225,110564,8,886.084801
1781138884.275767,0.001012409,126504,8,999.627621
1781138884.277066,0.000998036,104652,6,838.863528
1781138884.278099,0.000994485,126636,10,1018.706164
1781138884.278805,0.000995292,117882,9,947.516910
1781138884.279815,0.001006401,123608,8,982.574540
1781138884.280733,0.000993741,94582,7,761.421739
1781138884.281856,0.001008460,141050,9,1118.933820
1781138884.282703,0.000990895,84314,5,680.709863
1781138884.283669,0.000999954,120976,12,967.852521
1781138884.284754,0.001004864,107746,9,857.795682
1781138884.285826,0.000996085,97544,8,783.419086
1781138884.286815,0.001008205,114986,9,912.401744
1781138884.287679,0.000991814,126504,8,1020.384871
1781138884.288692,0.000999842,145394,9,1163.335807
1781138884.289703,0.000999936,106430,11,851.494496
1781138884.290703,0.000999412,116500,10,932.548338
1781138884.291675,0.001012205,123740,10,977.983709
1781138884.292653,0.000988945,130914,9,1059.019460
1781138884.293659,0.000998588,125056,8,1001.862630
1781138884.294696,0.000999908,111958,7,895.746409
1781138884.295654,0.001000009,126504,8,1012.022892
1781138884.296659,0.001010664,123608,8,978.430022
1781138884.297653,0.000994955,112090,9,901.266891
1781138884.298733,0.001003405,116500,10,928.837309
1781138884.299668,0.000994230,128084,10,1030.618670
1781138884.300655,0.000997642,117882,9,945.284982
1781138884.301655,0.001001838,125122,9,999.139581
1781138884.302693,0.001002465,111958,7,893.461617
1781138884.303695,0.000995937,113538,9,912.009495
1781138884.304669,0.000999838,102020,10,816.292239
1781138884.305721,0.001001187,128150,11,1023.984530
1781138884.306717,0.001003294,114986,9,916.867837
1781138884.307727,0.000997874,126504,8,1014.188164
1781138884.308672,0.000996874,126504,8,1015.205532
1781138884.309657,0.001001224,123608,8,987.655110
1781138884.310696,0.000998469,107614,7,862.232077
1781138884.311671,0.001006417,101756,6,808.857561
1781138884.312701,0.000995105,109194,9,877.849071
1781138884.313656,0.000999132,125254,11,1002.902519
1781138884.314995,0.001003122,106166,7,846.684651
1781138884.315768,0.000999033,110576,8,885.464244
1781138884.316677,0.001004359,95964,6,764.380067
1781138884.317661,0.000993149,98860,6,796.335696
1781138884.318687,0.001003277,114986,9,916.883373
1781138884.319689,0.000996542,119462,11,959.012264
1781138884.320652,0.000999848,128150,11,1025.355854
1781138884.321718,0.001011101,65490,5,518.167819
1781138884.322701,0.000995279,39294,3,315.843095
1781138884.323675,0.000994363,106166,7,854.142803
1781138884.324666,0.000999514,125056,8,1000.934454
1781138884.325672,0.001002114,125056,8,998.337514
1781138884.326674,0.000997500,122094,7,979.200000
1781138884.327704,0.001000553,84446,7,675.194617
1781138884.328665,0.001004793,131046,11,1043.367141
1781138884.329687,0.001007783,122292,10,970.780416
1781138884.330722,0.000996305,129532,10,1040.099166
1781138884.331675,0.001003959,114986,9,916.260525
1781138884.332674,0.000987755,90172,6,730.318753
1781138884.333656,0.000999602,0,0,0.000000
1781138884.334679,0.000999335,24682,1,197.587396
1781138884.335662,0.001007548,0,0,0.000000
1781138884.336664,0.000992801,0,0,0.000000
1781138884.337770,0.001005825,0,0,0.000000
1781138884.338683,0.001000753,0,0,0.000000
1781138884.339908,0.001006624,0,0,0.000000
1781138884.340714,0.000993245,0,0,0.000000
1781138884.341735,0.001008138,0,0,0.000000
1781138884.342726,0.000985514,0,0,0.000000
1781138884.343726,0.001006748,0,0,0.000000
1781138884.344733,0.001002865,0,0,0.000000
1781138884.345674,0.000996084,0,0,0.000000
1781138884.346765,0.001003834,0,0,0.000000
1781138884.348072,0.000990379,0,0,0.000000
1781138884.348720,0.001010222,0,0,0.000000
1781138884.349711,0.000997990,0,0,0.000000
1781138884.350733,0.001003093,0,0,0.000000
1781138884.351698,0.000988135,0,0,0.000000
1781138884.352684,0.001000432,0,0,0.000000
1781138884.353714,0.001014247,0,0,0.000000
1781138884.354693,0.000991651,0,0,0.000000
1781138884.355665,0.000993767,0,0,0.000000
1781138884.356677,0.001013469,0,0,0.000000
1781138884.357669,0.000993551,0,0,0.000000
1781138884.358742,0.000993145,0,0,0.000000
1781138884.359719,0.001009368,0,0,0.000000
1781138884.360734,0.000998856,0,0,0.000000
1781138884.361715,0.000999431,0,0,0.000000
1781138884.362754,0.001002136,0,0,0.000000
1781138884.363774,0.000992515,0,0,0.000000
1781138884.364670,0.001006314,0,0,0.000000
1781138884.365646,0.000991419,0,0,0.000000
1781138884.366694,0.000999885,0,0,0.000000
1781138884.367672,0.001003718,0,0,0.000000
1781138884.368649,0.001001656,0,0,0.000000
1781138884.369665,0.000999440,0,0,0.000000
1781138884.370693,0.000995687,0,0,0.000000
1781138884.371648,0.000999516,0,0,0.000000
1781138884.372746,0.001014618,0,0,0.000000
1781138884.373653,0.000986163,0,0,0.000000
1781138884.374684,0.000998917,0,0,0.000000
1781138884.375718,0.001006028,0,0,0.000000
1781138884.376700,0.001001600,0,0,0.000000
1781138884.377712,0.001001964,0,0,0.000000
1781138884.378728,0.000999227,0,0,0.000000
1781138884.379710,0.000992663,0,0,0.000000
1781138884.380732,0.000999870,0,0,0.000000
1781138884.381759,0.001000121,0,0,0.000000
1781138884.382768,0.001007317,0,0,0.000000
1781138884.383692,0.000991307,0,0,0.000000
1781138884.384646,0.001000178,0,0,0.000000
1781138884.385648,0.001004402,0,0,0.000000
1781138884.386682,0.000996725,0,0,0.000000
1781138884.387696,0.001001157,0,0,0.000000
1781138884.388724,0.001000522,0,0,0.000000
1781138884.389702,0.000998226,0,0,0.000000
1781138884.390763,0.001006072,0,0,0.000000
1781138884.391663,0.000993419,0,0,0.000000
1781138884.392673,0.001000121,0,0,0.000000
1781138884.393679,0.000999900,0,0,0.000000
1781138884.394677,0.001008875,0,0,0.000000
1781138884.395649,0.000995144,0,0,0.000000
1781138884.396659,0.001009725,0,0,0.000000
1781138884.397676,0.000992778,0,0,0.000000
1781138884.398688,0.001000974,0,0,0.000000
1781138884.399669,0.000998547,0,0,0.000000
1781138884.400654,0.001002468,0,0,0.000000
1781138884.401654,0.001004385,0,0,0.000000
1781138884.402668,0.000993301,0,0,0.000000
1781138884.403669,0.001001740,0,0,0.000000
1781138884.404671,0.001000381,0,0,0.000000
1781138884.405651,0.001000405,0,0,0.000000
1781138884.406661,0.000990664,0,0,0.000000
1781138884.407689,0.001011575,0,0,0.000000
1781138884.408665,0.000997630,0,0,0.000000
1781138884.409647,0.000991197,0,0,0.000000
1781138884.410692,0.001011629,0,0,0.000000
1781138884.411672,0.000998414,0,0,0.000000
1781138884.412670,0.000991900,0,0,0.000000
1781138884.413669,0.001011233,0,0,0.000000
1781138884.414686,0.000986256,0,0,0.000000
1781138884.415667,0.001007460,0,0,0.000000
1781138884.416649,0.000993756,0,0,0.000000
1781138884.417645,0.000999984,0,0,0.000000
1781138884.418695,0.001011253,0,0,0.000000
1781138884.419656,0.000992967,0,0,0.000000
1781138884.420664,0.001003498,0,0,0.000000
1781138884.421654,0.000991970,0,0,0.000000
1781138884.422699,0.001006104,0,0,0.000000
1781138884.423698,0.001005974,0,0,0.000000
1781138884.424676,0.000998469,0,0,0.000000
1781138884.425658,0.000989360,0,0,0.000000
1781138884.426680,0.001009255,0,0,0.000000
1781138884.427666,0.000993034,0,0,0.000000
1781138884.428653,0.001002792,0,0,0.000000
1781138884.429694,0.001006619,0,0,0.000000
1781138884.430674,0.000991822,0,0,0.000000
1781138884.431677,0.001010920,0,0,0.000000
1781138884.432671,0.000985877,0,0,0.000000
1781138884.433655,0.000999406,0,0,0.000000
1781138884.434695,0.001006498,0,0,0.000000
1781138884.435673,0.001003098,0,0,0.000000
1781138884.436648,0.000991076,0,0,0.000000
1781138884.437646,0.001000571,0,0,0.000000
1781138884.438690,0.001011975,0,0,0.000000
1781138884.439677,0.001000615,0,0,0.000000
1781138884.440662,0.000986116,0,0,0.000000
1781138884.441643,0.000999720,0,0,0.000000
1781138884.442680,0.001000615,0,0,0.000000
1781138884.443692,0.001002149,0,0,0.000000
1781138884.444652,0.001001458,0,0,0.000000
1781138884.445647,0.000998278,0,0,0.000000
1781138884.446749,0.001003435,0,0,0.000000
1781138884.447662,0.000999184,0,0,0.000000
1781138884.448661,0.000996726,0,0,0.000000
1781138884.449675,0.001007675,0,0,0.000000
1781138884.450662,0.000994273,0,0,0.000000
1781138884.451718,0.000997924,0,0,0.000000
1781138884.452698,0.001010175,0,0,0.000000
1781138884.453662,0.001002435,0,0,0.000000
1781138884.454950,0.000986194,0,0,0.000000
1781138884.455681,0.001000172,0,0,0.000000
1781138884.456724,0.000999523,0,0,0.000000
1781138884.457775,0.001003898,0,0,0.000000
1781138884.458754,0.000996581,0,0,0.000000
1781138884.459718,0.001005503,0,0,0.000000
1781138884.460701,0.000994641,0,0,0.000000
1781138884.461704,0.001003280,0,0,0.000000
1781138884.462753,0.001000308,0,0,0.000000
1781138884.463744,0.000996733,0,0,0.000000
1781138884.464725,0.001002813,0,0,0.000000
1781138884.465649,0.000996495,0,0,0.000000
1781138884.466682,0.000999596,0,0,0.000000
1781138884.467688,0.001005246,0,0,0.000000
1781138884.468673,0.001005612,0,0,0.000000
1781138884.469676,0.000999486,0,0,0.000000
1781138884.470661,0.000989640,0,0,0.000000
1781138884.471679,0.001000632,0,0,0.000000
1781138884.472660,0.001004722,0,0,0.000000
1781138884.473670,0.000999876,0,0,0.000000
1781138884.474693,0.001000850,0,0,0.000000
1781138884.475666,0.000997831,0,0,0.000000
1781138884.476670,0.001003668,0,0,0.000000
1781138884.477650,0.001000581,0,0,0.000000
1781138884.478683,0.000997019,0,0,0.000000
1781138884.479729,0.000999689,0,0,0.000000
1781138884.480741,0.000999692,0,0,0.000000
1781138884.481699,0.001002373,0,0,0.000000
1781138884.482767,0.000994646,0,0,0.000000
1781138884.483756,0.000998945,0,0,0.000000
1781138884.484673,0.001007606,0,0,0.000000
1781138884.485762,0.000992916,0,0,0.000000
1781138884.486683,0.001008767,0,0,0.000000
1781138884.487661,0.000991567,0,0,0.000000
1781138884.488647,0.000998764,0,0,0.000000
1781138884.489652,0.001007762,0,0,0.000000
1781138884.490684,0.000995659,0,0,0.000000
1781138884.491656,0.001005265,0,0,0.000000
1781138884.492667,0.000992251,0,0,0.000000
1781138884.493671,0.001010852,0,0,0.000000
1781138884.494682,0.000988974,0,0,0.000000
1781138884.495670,0.001003051,0,0,0.000000
1781138884.496644,0.000996009,0,0,0.000000
1781138884.497673,0.001011305,0,0,0.000000
1781138884.498730,0.000988401,0,0,0.000000
1781138884.499680,0.001013381,0,0,0.000000
1781138884.500675,0.000999135,0,0,0.000000
1781138884.501666,0.000991655,0,0,0.000000
1781138884.502687,0.001004609,0,0,0.000000
1781138884.503673,0.001001505,0,0,0.000000
1781138884.504673,0.000998786,0,0,0.000000
1781138884.505649,0.000996602,0,0,0.000000
1781138884.506683,0.000997517,0,0,0.000000
1781138884.507669,0.000997601,0,0,0.000000
1781138884.508648,0.000999721,0,0,0.000000
1781138884.509644,0.000999746,0,0,0.000000
1781138884.510675,0.001006987,0,0,0.000000
1781138884.511661,0.001005544,0,0,0.000000
1781138884.512644,0.000987348,0,0,0.000000
1781138884.513642,0.000999968,0,0,0.000000
1781138884.514662,0.001000098,0,0,0.000000
1781138884.515715,0.001004454,0,0,0.000000
1781138884.516759,0.001007700,0,0,0.000000
1781138884.517729,0.000989173,0,0,0.000000
1781138884.518721,0.001010822,0,0,0.000000
1781138884.519719,0.000990171,0,0,0.000000
1781138884.520733,0.001004165,0,0,0.000000
1781138884.521683,0.000999352,0,0,0.000000
1781138884.522694,0.000999225,0,0,0.000000
1781138884.523677,0.000999490,0,0,0.000000
1781138884.524647,0.000995544,0,0,0.000000
1781138884.525730,0.001004897,0,0,0.000000
1781138884.526720,0.000995997,0,0,0.000000
1781138884.527685,0.000999571,0,0,0.000000
1781138884.528695,0.001009385,0,0,0.000000
1781138884.529723,0.000990723,0,0,0.000000
1781138884.530690,0.000999373,0,0,0.000000
1781138884.531762,0.001001073,0,0,0.000000
1781138884.532740,0.001005064,0,0,0.000000
1781138884.533731,0.001004915,0,0,0.000000
1781138884.534710,0.000996762,0,0,0.000000
1781138884.535731,0.001001419,0,0,0.000000
1781138884.536707,0.000992803,0,0,0.000000
1781138884.537683,0.001007684,0,0,0.000000
1781138884.538692,0.000992100,0,0,0.000000
1781138884.539705,0.001000130,0,0,0.000000
1781138884.541183,0.001011535,0,0,0.000000
1781138884.543200,0.000987662,0,0,0.000000
1781138884.543342,0.001010791,1514,1,11.982695
1781138884.544128,0.000996218,45152,4,362.587305
1781138884.545310,0.000992894,119462,11,962.535779
1781138884.545784,0.001000106,122358,11,978.760251
1781138884.546725,0.000999928,116434,9,931.539071
1781138884.547876,0.001004732,126636,10,1008.316646
1781138884.548784,0.001002334,114788,6,916.165669
1781138884.549754,0.000994038,126504,8,1018.101924
1781138884.550690,0.001004978,120712,8,960.912577
1781138884.551694,0.001003856,115052,10,916.880509
1781138884.552685,0.000990646,125254,11,1011.493510
1781138884.553690,0.001012621,117882,9,931.302037
1781138884.554682,0.000994659,128084,10,1030.174160
1781138884.555674,0.001000051,116368,8,930.896524
1781138884.556740,0.000991189,110510,7,891.938873
1781138884.557683,0.000999870,127952,8,1023.749087
1781138884.558683,0.001000092,126504,8,1011.938902
1781138884.559704,0.001014300,107548,6,848.253968
1781138884.560708,0.000986420,124924,6,1013.150585
1781138884.562041,0.000999871,126372,6,1011.106433
1781138884.563338,0.001001379,96030,7,767.182056
1781138884.563702,0.001008272,103336,8,819.905740
1781138884.564698,0.001000339,126504,8,1011.689037
1781138884.565657,0.000991490,136640,8,1102.502295
1781138884.566677,0.000997928,106430,11,853.207847
1781138884.567675,0.001001885,123806,11,988.584518
1781138884.568666,0.001000551,126570,9,1012.002387
1781138884.569664,0.001012104,123674,9,977.559618
1781138884.570685,0.000999504,114986,9,920.344491
1781138884.571675,0.000996685,123608,8,992.152987
1781138884.572660,0.000991046,111958,7,903.756233
1781138884.573650,0.001002185,119264,8,952.031810
1781138884.574701,0.000996520,96096,8,771.452655
1781138884.575671,0.001005755,132494,11,1053.886881
1781138884.576663,0.001000801,114986,9,919.151759
1781138884.577655,0.000993280,130980,10,1054.929124
1781138884.578707,0.001012416,116368,8,919.527151
1781138884.579691,0.000999551,123608,8,989.308199
1781138884.580672,0.000994503,126504,8,1017.625890
1781138884.581681,0.001003505,106232,8,846.887659
1781138884.582699,0.000997650,93200,8,747.356287
1781138884.583682,0.000993426,90172,6,726.149708
1781138884.584692,0.001010201,127952,8,1013.279535
1781138884.585664,0.000992841,132362,9,1066.531298
1781138884.586802,0.001000341,97412,6,779.030351
1781138884.587696,0.001001018,123872,12,989.968212
1781138884.588795,0.001006784,126768,12,1007.310406
1781138884.589709,0.001002848,113604,11,906.250997
1781138884.590698,0.000999122,82932,6,664.039026
1781138884.591676,0.000985617,145394,9,1180.125749
1781138884.592739,0.001007873,106166,7,842.693474
1781138884.593753,0.000995769,126636,10,1017.392588
1781138884.594966,0.000997085,97610,9,783.162920
1781138884.595953,0.001000339,107680,8,861.148071
1781138884.596694,0.000999213,122226,9,978.578141
1781138884.597672,0.001005596,112024,8,891.204818
1781138884.598967,0.000998928,127952,8,1024.714494
1781138884.599793,0.000998594,125056,8,1001.856610
1781138884.600914,0.000996930,126504,8,1015.148506
1781138884.601841,0.001009661,103336,8,818.777788
1781138884.603105,0.000997105,100440,8,805.852944
1781138884.603707,0.001001138,87276,6,697.414342
1781138884.605074,0.000994109,106166,7,854.361041
1781138884.605700,0.001001229,125056,8,999.219959
1781138884.606681,0.000996927,127952,8,1026.771268
1781138884.607679,0.001006990,113736,12,903.572031
1781138884.608660,0.000992561,125320,12,1010.073940
1781138884.609662,0.001009463,126636,10,1003.591018
1781138884.610919,0.000992907,110576,8,890.927348
1781138884.611704,0.001007720,129400,8,1027.269480
1781138884.612658,0.000998441,125056,8,1002.010134
1781138884.613808,0.000999887,117948,10,943.690637
1781138884.614809,0.000992701,119462,11,962.722915
1781138884.615786,0.001000034,110642,9,885.105906
1781138884.616746,0.001006000,125056,8,994.481113
1781138884.617713,0.000997768,125056,8,1002.685995
1781138884.618708,0.001004646,125056,8,995.821414
1781138884.619685,0.000991931,125056,8,1008.586283
1781138884.620708,0.001010945,123542,7,977.635776
1781138884.621738,0.000996156,104718,7,840.976714
1781138884.622715,0.000991607,124990,7,1008.383362
1781138884.623676,0.001001989,130716,6,1043.652176
1781138884.624653,0.000997827,103270,7,827.959155
1781138884.625650,0.001000025,123608,8,988.839279
1781138884.626836,0.001000234,97544,8,780.169440
1781138884.627801,0.001012825,109062,7,861.447930
1781138884.628764,0.000987628,119330,9,966.598760
1781138884.629751,0.000998813,84512,8,676.899480
1781138884.630764,0.001002896,90304,8,720.345878
1781138884.631755,0.000997917,119330,9,956.632666
1781138884.632747,0.001001949,109194,9,871.852759
1781138884.633776,0.001006756,127952,8,1016.746858
1781138884.635274,0.001004458,122160,8,972.942622
1781138884.635685,0.000987699,126504,8,1024.636048
1781138884.636759,0.001000726,117750,7,941.316604
1781138884.637687,0.000998127,113538,9,910.008446
1781138884.638667,0.000999731,125188,10,1001.773477
1781138884.639675,0.000999784,129532,10,1036.479880
1781138884.640682,0.001007316,114986,9,913.206978
1781138884.641719,0.000993859,127952,8,1029.940867
1781138884.643464,0.000999283,127952,8,1024.350459
1781138884.643901,0.001000413,107614,7,860.556590
1781138884.644989,0.001000539,123608,8,988.331289
1781138884.645923,0.001003179,122292,10,975.235726
1781138884.646694,0.000996248,116434,9,934.980045
1781138884.647818,0.001000426,126636,10,1012.656608
1781138884.648767,0.001000895,128018,9,1023.228211
1781138884.649808,0.001000205,109062,7,872.317175
1781138884.650796,0.001008968,132362,9,1049.484225
1781138884.651746,0.000988962,106298,9,859.875304
1781138884.652694,0.001014940,125188,10,986.761779
1781138884.653708,0.000995212,125188,10,1006.322271
1781138884.654697,0.000992317,125056,8,1008.193954
1781138884.655781,0.001008927,125056,8,991.596022
1781138884.656762,0.000989070,117750,7,952.409840
1781138884.657712,0.000999413,127952,8,1024.217216
1781138884.658703,0.001002461,110510,7,881.909620
1781138884.659698,0.001011708,120910,11,956.086143
1781138884.660679,0.000986725,123740,10,1003.237984
1781138884.661653,0.000999127,125122,9,1001.850616
1781138884.662775,0.001000510,110510,7,883.629349
1781138884.663893,0.001001224,125056,8,999.224949
1781138884.664748,0.000998488,125056,8,1001.962968
1781138884.665691,0.001001144,120646,7,964.065110
1781138884.666713,0.001009003,110510,7,876.191647
1781138884.667788,0.000989894,123476,6,997.892704
1781138884.668795,0.001014586,106232,8,837.638209
1781138884.669739,0.000990061,125056,8,1010.491273
1781138884.670700,0.001001966,120712,8,963.801167
1781138884.671698,0.001002355,125122,9,998.624240
1781138884.672707,0.000991064,117816,8,951.026372
1781138884.673727,0.001009768,127952,8,1013.714041
1781138884.674772,0.000990254,109062,7,881.083035
1781138884.675686,0.000999879,125188,10,1001.625197
1781138884.676687,0.001011036,122292,10,967.656938
1781138884.677680,0.000991844,113604,10,916.305387
1781138884.678818,0.001007463,125188,10,994.085143
1781138884.679774,0.001002069,125056,8,998.382347
1781138884.680698,0.000987704,125056,8,1012.902651
1781138884.681712,0.000999487,119198,7,954.073440
1781138884.682739,0.001000940,109062,7,871.676624
1781138884.683798,0.001012816,120844,10,954.518886
1781138884.684713,0.000991209,123740,10,998.699568
1781138884.685743,0.000998100,113538,9,910.033063
1781138884.687367,0.001008324,113406,7,899.758411
1781138884.687662,0.000989590,110510,7,893.380087
1781138884.688796,0.000999968,123608,8,988.895645
1781138884.689800,0.001003591,129400,8,1031.495898
1781138884.690694,0.001006562,126504,8,1005.434340
1781138884.691742,0.001005699,104652,6,832.471744
1781138884.692694,0.000989179,126372,6,1022.035446
1781138884.693690,0.000995494,143880,8,1156.250063
1781138884.694725,0.001000644,125218,9,1001.099292
1781138884.695682,0.000999286,123674,9,990.098931
1781138884.696653,0.000998608,113472,8,909.041386
1781138884.697671,0.001004162,109062,7,868.879723
1781138884.698686,0.001005220,126504,8,1006.776626
1781138884.699671,0.000992106,113406,7,914.466801
1781138884.700656,0.001004139,104916,10,835.868341
1781138884.701659,0.001000722,125188,10,1000.781436
1781138884.702720,0.001005594,125122,9,995.407689
1781138884.703689,0.000988510,125122,9,1012.610899
1781138884.704673,0.001003765,125056,8,996.695442
1781138884.705679,0.001005528,125056,8,994.947928
1781138884.706688,0.000996947,103204,6,828.160374
1781138884.707678,0.000994034,106166,7,854.425503
1781138884.708944,0.001009826,117936,10,934.307495
1781138884.710060,0.000995855,126768,12,1018.365123
1781138884.710925,0.000999829,113538,9,908.459347
1781138884.711762,0.001001406,111958,7,894.406465
1781138884.712719,0.000992581,125266,9,1009.618359
1781138884.713773,0.001002831,125056,8,997.623727
1781138884.714817,0.001002217,123542,7,986.149706
1781138884.715713,0.000997429,106100,6,850.987890
1781138884.716669,0.000997229,124924,6,1002.169010
1781138884.717705,0.001000796,120580,6,963.872757
1781138884.718695,0.001003621,112024,8,892.958597
1781138884.719698,0.001006666,125188,10,994.872182
1781138884.720668,0.001001807,125122,9,999.170499
1781138884.721674,0.000990556,125056,8,1009.986311
1781138884.722677,0.000996711,119198,7,956.730687
1781138884.723677,0.001001830,126504,8,1010.183364
1781138884.724683,0.001005443,106166,7,844.730134
1781138884.725658,0.000992756,122292,10,985.474779
1781138884.726726,0.001012625,125122,9,988.496235
1781138884.727673,0.000993884,125188,10,1007.666891
1781138884.728676,0.000993801,111958,7,901.250854
1781138884.729710,0.001000348,125056,8,1000.099965
1781138884.730706,0.001000534,120646,7,964.652875
1781138884.731725,0.001008575,125056,8,991.942097
1781138884.732679,0.000996246,125056,8,1004.217834
1781138884.733668,0.000994144,113406,7,912.592140
1781138884.734704,0.001000000,114920,8,919.360000
1781138884.735681,0.001009361,126636,10,1003.692435
1781138884.736659,0.000990999,126570,9,1021.756833
1781138884.737715,0.001003634,109062,7,869.336830
1781138884.738701,0.000998248,125056,8,1002.203861
1781138884.739670,0.000998956,125056,8,1001.493559
1781138884.740677,0.001010341,123542,7,978.220225
1781138884.741738,0.000998730,113604,10,909.987684
1781138884.743172,0.000991254,125188,10,1010.340437
1781138884.743814,0.001012687,114986,9,908.363591
1781138884.744733,0.000991620,126504,8,1020.584498
1781138884.745740,0.000995871,126504,8,1016.228005
1781138884.746765,0.001007089,123608,8,981.903288
1781138884.747736,0.000992310,126504,8,1019.874838
1781138884.748727,0.000998772,106166,7,850.372257
1781138884.749738,0.001001123,124924,6,998.270942
1781138884.750738,0.000999458,107548,6,860.850581
1781138884.751727,0.000999468,117882,9,943.557973
1781138884.752700,0.001011478,126636,10,1001.591730
1781138884.753695,0.000988807,125122,9,1012.306749
1781138884.754790,0.001006686,126504,8,1005.310494
1781138884.755688,0.001004245,107614,7,857.272877
1781138884.756757,0.000995959,125056,8,1004.507214
1781138884.757716,0.000998656,125056,8,1001.794412
1781138884.758800,0.001006931,114920,8,913.031777
1781138884.759752,0.000990072,122292,10,988.146317
1781138884.760705,0.001004520,130980,10,1043.125075
1781138884.761709,0.000993043,123608,8,995.791723
1781138884.762753,0.001009832,110510,7,875.472356
1781138884.763706,0.000990212,129400,8,1045.432695
1781138884.764687,0.001000420,123608,8,988.448851
1781138884.765714,0.001005139,106166,7,844.985619
1781138884.767160,0.001003903,126570,9,1008.623343
1781138884.767808,0.000995952,110642,9,888.733594
1781138884.768752,0.000996830,126636,10,1016.309702
1781138884.769789,0.000997755,129532,10,1038.587629
1781138884.770965,0.001009214,109116,8,864.958274
1781138884.771753,0.000991218,127952,8,1032.685040
1781138884.772691,0.001000724,126504,8,1011.299819
1781138884.773662,0.000998892,125056,8,1001.557726
1781138884.774726,0.001008537,100308,6,795.671354
1781138884.775708,0.001000271,125188,10,1001.232666
1781138884.776682,0.000991758,123740,10,998.146725
1781138884.777653,0.001003732,113472,8,904.400776
1781138884.778680,0.001000860,126504,8,1011.162400
1781138884.779737,0.000999280,127952,8,1024.353535
1781138884.780716,0.001006912,123608,8,982.075891
1781138884.781699,0.000996230,106166,7,852.542084
1781138884.782811,0.000996368,124990,7,1003.564948
1781138884.783677,0.000996331,114920,8,922.745553
1781138884.784659,0.001002073,122358,11,976.839013
1781138884.785676,0.000997269,126636,10,1015.862320
1781138884.786697,0.001007996,114920,8,912.067111
1781138884.787782,0.000992096,123608,8,996.742251
1781138884.788699,0.001000396,127952,8,1023.210809
1781138884.789720,0.000999953,106166,7,849.367920
1781138884.790818,0.001003246,125056,8,997.211053
1781138884.791705,0.000997344,122226,9,980.411974
1781138884.792695,0.001000087,116434,9,931.390969
1781138884.794031,0.000999644,128084,10,1025.036913
1781138884.794752,0.001010563,109062,7,863.376158
1781138884.795779,0.000999849,129400,8,1035.356339
1781138884.796841,0.000991387,125056,8,1009.139720
1781138884.797858,0.001003191,127952,8,1020.360031
1781138884.798728,0.000994634,103204,6,830.086243
1781138884.799781,0.000999370,114920,8,919.939562
1781138884.800687,0.001012250,116500,10,920.721166
1781138884.801666,0.000988202,120778,9,977.759608
1781138884.802712,0.001011318,111958,7,885.640323
1781138884.803676,0.000988471,122160,8,988.678474
1781138884.804667,0.001001227,119330,9,953.470092
1781138884.805659,0.001004279,113670,11,905.485428
1781138884.807906,0.001994585,195022,15,782.205822
1781138884.808730,0.001011845,129532,10,1024.125237
1781138884.809720,0.000989066,111958,7,905.565453
1781138884.810713,0.001011365,126504,8,1000.659505
1781138884.811688,0.000995068,113472,8,912.275342
1781138884.812702,0.001005642,125188,10,995.885216
1781138884.813814,0.000987758,117882,9,954.743976
1781138884.815158,0.001001253,129532,10,1034.959196
1781138884.815728,0.001001359,113472,8,906.544007
1781138884.816739,0.001009613,129400,8,1025.343374
1781138884.817764,0.000999829,111958,7,895.817185
1781138884.818750,0.000993546,130848,8,1053.583830
1781138884.819724,0.000994360,119462,11,961.116698
1781138884.820995,0.000998847,122358,11,979.993933
1781138884.821749,0.001002433,112090,9,894.543575
1781138884.822775,0.001002290,125056,8,998.162209
1781138884.823760,0.001006252,125056,8,994.232061
1781138884.824753,0.000991038,119198,7,962.207302
1781138884.825799,0.001002045,111958,7,893.836105
1781138884.826876,0.001004359,120646,7,960.979092
1781138884.827788,0.001000171,120844,10,966.586714
1781138884.830496,0.000999115,126702,11,1014.513845
1781138884.830542,0.000992818,126636,10,1020.416632
1781138884.830811,0.001003761,110576,8,881.293455
1781138884.831763,0.000996133,125056,8,1004.331751
1781138884.832751,0.001005186,125056,8,995.286444
1781138884.833756,0.000999108,123542,7,989.218383
1781138884.834780,0.001003080,109128,8,870.343343
1781138884.835788,0.000999307,119330,9,955.302024
1781138884.836695,0.000994572,122226,9,983.144508
1781138884.837797,0.001001769,129466,9,1033.899033
1781138884.838714,0.001007831,123608,8,981.180376
1781138884.839680,0.000999294,127952,8,1024.339183
1781138884.840676,0.000994866,106166,7,853.710952
1781138884.841699,0.001007593,124990,7,992.384822
1781138884.843240,0.000987629,120646,7,977.257654
1781138884.843707,0.001001107,116434,9,930.442001
1781138884.844733,0.000998842,130980,10,1049.054805
1781138884.845744,0.001003157,107746,9,859.255331
1781138884.846811,0.001008869,126504,8,1003.135194
1781138884.847724,0.000987854,127952,8,1036.201706
1781138884.848696,0.000999606,106166,7,849.662767
1781138884.849744,0.001011329,143880,8,1138.145945
1781138884.850730,0.001000796,104718,7,837.077686
1781138884.851840,0.000999372,113538,9,908.874773
1781138884.852675,0.000988886,241622,10,1954.700542
1781138884.853691,0.001001262,129466,9,1034.422559
1781138884.854712,0.001003113,123608,8,985.795219
1781138884.855714,0.001007001,110510,7,877.933587
1781138884.856699,0.000997987,126504,8,1014.073330
1781138884.857686,0.000997964,126504,8,1014.096701
1781138884.858868,0.001004855,104652,6,833.170955
1781138884.859738,0.000993708,124924,6,1005.719990
1781138884.860660,0.000994030,117882,9,948.719858
1781138884.861753,0.001014350,106232,8,837.833095
1781138884.862718,0.000997212,110642,9,887.610659
1781138884.863678,0.000990066,126570,9,1022.719697
1781138884.864690,0.000998214,125056,8,1002.237997
1781138884.865674,0.000999825,109062,7,872.648714
1781138884.866704,0.001003361,125056,8,997.096758
1781138884.867658,0.000996738,112024,8,899.124946
1781138884.868649,0.001000086,110708,10,885.587839
1781138884.869661,0.001013433,126636,10,999.659573
1781138884.870729,0.000999813,112024,8,896.359619
1781138884.871666,0.000991313,125056,8,1009.215051
1781138884.872663,0.001000728,125056,8,999.720204
1781138884.873662,0.000999271,120646,7,965.872121
1781138884.874701,0.000996112,123608,8,992.723710
1781138884.875682,0.001008941,110444,6,875.722168
1781138884.876649,0.000990727,124924,6,1008.746103
1781138884.877657,0.001008568,106232,8,842.636292
1781138884.878816,0.000991172,125056,8,1009.358618
1781138884.879763,0.001001083,119264,8,953.079815
1781138884.880776,0.001008981,130914,9,1037.989813
1781138884.881665,0.001002849,95964,6,765.531002
1781138884.882695,0.000987511,107614,7,871.799909
1781138884.883682,0.000999972,109062,7,872.520431
1781138884.884665,0.001002196,123542,7,986.170370
1781138884.885664,0.001009902,126438,7,1001.586293
1781138884.886707,0.000999523,97478,7,780.196154
1781138884.887680,0.000994462,119396,10,960.487178
1781138884.888674,0.001000315,129532,10,1035.929682
1781138884.889648,0.000993210,110576,8,890.655551
1781138884.890754,0.001000277,126504,8,1011.751745
1781138884.891741,0.001000206,107614,7,860.734689
1781138884.892707,0.001009114,125056,8,991.412269
1781138884.893666,0.000999578,122094,7,977.164363
1781138884.894698,0.000993368,108996,6,877.789500
1781138884.895686,0.001001870,127952,8,1021.705411
1781138884.896665,0.001003858,117816,8,938.905702
1781138884.897665,0.001004088,123740,10,985.889683
1781138884.898717,0.000997898,125122,9,1003.084484
1781138884.899688,0.001003673,127952,8,1019.870017
1781138884.900653,0.000987707,107614,7,871.626910
1781138884.901708,0.001008832,125056,8,991.689399
1781138884.902719,0.000998986,120646,7,966.147674
1781138884.903696,0.000998376,113472,8,909.252626
1781138884.904802,0.000993388,125320,12,1009.233049
1781138884.905697,0.000999307,129598,11,1037.502990
1781138884.906778,0.001003103,113538,9,905.494251
1781138884.907758,0.000999943,125056,8,1000.505029
1781138884.908729,0.000996200,127952,8,1027.520578
1781138884.909752,0.001000467,106166,7,848.931549
1781138884.910765,0.001000487,125056,8,999.961019
1781138884.911750,0.000999349,114920,8,919.958893
1781138884.912671,0.001000738,123740,10,989.189978
1781138884.913657,0.001011569,128084,10,1012.953145
1781138884.914689,0.000998812,125188,10,1002.695202
1781138884.915684,0.000999978,129466,9,1035.750787
1781138884.916672,0.000990030,110510,7,892.983041
1781138884.917669,0.001013152,123608,8,976.027289
1781138884.918705,0.000992986,126438,7,1018.648803
1781138884.919676,0.000993081,106100,6,854.713765
1781138884.920657,0.001001259,124924,6,998.135348
1781138884.921701,0.001003097,124924,6,996.306439
1781138884.922707,0.001011873,101822,7,805.018021
1781138884.923691,0.000995765,125056,8,1004.702917
1781138884.924678,0.000996966,123740,10,992.932557
1781138884.925683,0.000992507,126570,9,1020.204392
1781138884.926689,0.000997689,127952,8,1025.987056
1781138884.927674,0.001010230,106166,7,840.727359
1781138884.928663,0.000997279,125056,8,1003.177646
1781138884.929657,0.000995964,124990,7,1003.972031
1781138884.930710,0.000997294,140918,7,1130.402870
1781138884.931683,0.001013259,122292,10,965.533985
1781138884.932660,0.000986235,110642,9,897.489949
1781138884.933650,0.001000486,125188,10,1001.017505
1781138884.934719,0.001012333,125122,9,988.781359
1781138884.935677,0.000987760,125056,8,1012.845226
1781138884.936662,0.001004185,117750,7,938.074160
1781138884.937691,0.001009525,130848,8,1036.907456
1781138884.938895,0.000989678,104718,7,846.481381
1781138884.939680,0.000996625,126504,8,1015.459175
1781138884.940720,0.000999828,106166,7,849.474110
1781138884.941685,0.001005395,123608,8,983.557706
1781138884.942711,0.000995054,125122,9,1005.951436
1781138884.943701,0.001007824,110576,8,877.740558
1781138884.944654,0.000992196,129400,8,1043.342243
1781138884.945684,0.001011526,110510,7,874.006204
1781138884.946723,0.000997658,96228,10,771.631160
1781138884.947725,0.000992128,107812,10,869.339440
1781138884.948705,0.001003624,98992,8,789.076387
1781138884.949692,0.001001993,91686,7,732.029066
1781138884.950712,0.000994354,128018,9,1029.959149
1781138884.951801,0.001008861,126504,8,1003.143149
1781138884.952749,0.000995040,110510,7,888.486895
1781138884.953696,0.001000255,127952,8,1023.355044
1781138884.954924,0.000998126,123608,8,990.720610
1781138884.955750,0.001000675,126504,8,1011.349339
1781138884.956928,0.000998632,108996,6,873.162486
1781138884.957843,0.000998370,110576,8,886.052265
1781138884.958713,0.000999880,135390,11,1083.249990
1781138884.959811,0.000998580,116434,9,932.796571
1781138884.960668,0.001007225,127952,8,1016.273425
1781138884.961727,0.000992193,109062,7,879.361173
1781138884.962703,0.001000971,126504,8,1011.050270
1781138884.963894,0.001002074,123740,10,987.871155
1781138884.964713,0.000998103,119396,10,956.983398
1781138884.965691,0.000999718,123674,9,989.671087
1781138884.966804,0.001004950,120712,8,960.939350
1781138884.967707,0.000994614,114920,8,924.338487
1781138884.969264,0.001009137,109062,7,864.596185
1781138884.970113,0.000996554,130848,8,1050.403691
1781138884.971042,0.000999705,104652,6,837.463052
1781138884.972032,0.000995296,126372,6,1015.754107
1781138884.973237,0.000999498,126372,6,1011.483765
1781138884.974075,0.001011108,107746,9,852.498447
1781138884.974716,0.000993641,122292,10,984.597053
1781138884.976115,0.000995426,114986,9,924.114902
1781138884.976674,0.001008584,125122,9,992.456751
1781138884.977681,0.000999848,125056,8,1000.600091
1781138884.978704,0.001004999,132296,8,1053.103535
1781138884.979754,0.000986348,104718,7,849.339178
1781138884.980665,0.001002020,117750,7,940.100996
1781138884.981774,0.000999978,99058,9,792.481435
1781138884.982716,0.000998345,129598,11,1038.502722
1781138884.984023,0.001003563,116434,9,928.164948
1781138884.984700,0.000997573,125056,8,1002.881995
1781138884.985697,0.000999420,106166,7,849.820896
1781138884.986683,0.000999366,74046,3,592.743800
1781138884.987694,0.001009907,0,0,0.000000
1781138884.988671,0.000994674,0,0,0.000000
1781138884.989684,0.001001840,0,0,0.000000
1781138884.991009,0.001001092,0,0,0.000000
1781138884.991719,0.001006697,0,0,0.000000
1781138884.992649,0.000986317,0,0,0.000000
1781138884.993645,0.000998950,0,0,0.000000
1781138884.994663,0.000999794,0,0,0.000000
1781138884.995697,0.001013839,0,0,0.000000
1781138884.996663,0.000999370,0,0,0.000000
1781138884.997705,0.000990192,0,0,0.000000
1781138884.998675,0.000997257,0,0,0.000000
1781138884.999657,0.001009226,0,0,0.000000
1781138885.000722,0.001003085,0,0,0.000000
1781138885.001646,0.000986862,0,0,0.000000
1781138885.002688,0.001008773,0,0,0.000000
1781138885.003684,0.000996177,0,0,0.000000
1781138885.004679,0.000995354,0,0,0.000000
1781138885.005645,0.000999659,0,0,0.000000
1781138885.006702,0.001007693,0,0,0.000000
1781138885.007801,0.001003788,0,0,0.000000
1781138885.008748,0.000990352,0,0,0.000000
1781138885.009706,0.000998128,0,0,0.000000
1781138885.010723,0.001006068,0,0,0.000000
1781138885.011665,0.000998034,0,0,0.000000
1781138885.012669,0.000999724,0,0,0.000000
1781138885.013695,0.001008328,0,0,0.000000
1781138885.014699,0.000995075,0,0,0.000000
1781138885.015744,0.000993052,0,0,0.000000
1781138885.016698,0.001006545,0,0,0.000000
1781138885.017704,0.000994475,0,0,0.000000
1781138885.018699,0.001010164,0,0,0.000000
1781138885.019679,0.000996538,0,0,0.000000
1781138885.020662,0.000992019,0,0,0.000000
1781138885.021766,0.001000251,0,0,0.000000
1781138885.022704,0.001000631,0,0,0.000000
1781138885.023756,0.000999452,0,0,0.000000
1781138885.024738,0.001004374,0,0,0.000000
1781138885.025733,0.001008448,0,0,0.000000
1781138885.026713,0.000997496,0,0,0.000000
1781138885.027658,0.001004489,0,0,0.000000
1781138885.028685,0.000997105,0,0,0.000000
1781138885.029664,0.000988618,0,0,0.000000
1781138885.030680,0.001003633,0,0,0.000000
1781138885.031659,0.000998428,0,0,0.000000
1781138885.032671,0.001008363,0,0,0.000000
1781138885.033653,0.000989355,0,0,0.000000
1781138885.034681,0.001000406,0,0,0.000000
1781138885.035662,0.001001209,0,0,0.000000
1781138885.036665,0.001002902,0,0,0.000000
1781138885.037646,0.000998916,0,0,0.000000
1781138885.038680,0.000996478,0,0,0.000000
1781138885.039678,0.000999596,0,0,0.000000
1781138885.040664,0.001000500,0,0,0.000000
1781138885.041647,0.000999375,0,0,0.000000
1781138885.042669,0.000999954,0,0,0.000000
1781138885.043672,0.001004110,0,0,0.000000
1781138885.044705,0.000997356,0,0,0.000000
1781138885.045701,0.001010178,0,0,0.000000
1781138885.046721,0.000989117,0,0,0.000000
1781138885.047675,0.001001749,0,0,0.000000
1781138885.048692,0.001010721,0,0,0.000000
1781138885.049735,0.000989882,0,0,0.000000
1781138885.050699,0.001005055,0,0,0.000000
1781138885.051724,0.001005682,0,0,0.000000
1781138885.052682,0.000997494,0,0,0.000000
1781138885.053702,0.001001284,0,0,0.000000
1781138885.054745,0.000995578,0,0,0.000000
1781138885.056733,0.000994029,54,1,0.434595
1781138885.057039,0.001005038,0,0,0.000000
1781138885.057699,0.000993220,0,0,0.000000
1781138885.058703,0.000999745,0,0,0.000000
1781138885.059726,0.000999770,0,0,0.000000
1781138885.060672,0.001011575,0,0,0.000000
1781138885.061658,0.000997520,0,0,0.000000
1781138885.062670,0.000996585,0,0,0.000000
1781138885.063657,0.001002095,0,0,0.000000
1781138885.065994,0.000993206,0,0,0.000000
1781138885.066038,0.000999980,0,0,0.000000
1781138885.067694,0.001000840,0,0,0.000000
1781138885.068807,0.001000141,0,0,0.000000
1781138885.069525,0.001000973,0,0,0.000000
1781138885.070180,0.001004528,0,0,0.000000
1781138885.070716,0.000993270,0,0,0.000000
1781138885.071662,0.001002042,54,1,0.431120
1781138885.072671,0.001003656,0,0,0.000000
1781138885.073677,0.001004573,0,0,0.000000
1781138885.074679,0.000989476,0,0,0.000000
1781138885.075677,0.001008098,0,0,0.000000
1781138885.076664,0.000993481,0,0,0.000000
1781138885.077665,0.000998798,0,0,0.000000
1781138885.078665,0.001010411,0,0,0.000000
1781138885.079671,0.000990210,0,0,0.000000
1781138885.080652,0.001001720,0,0,0.000000
1781138885.081706,0.000996838,0,0,0.000000
1781138885.082683,0.001001644,0,0,0.000000
1781138885.083671,0.001007282,0,0,0.000000
1781138885.084659,0.000998700,0,0,0.000000
1781138885.085698,0.001004723,0,0,0.000000
1781138885.086689,0.000992907,0,0,0.000000
1781138885.087700,0.001005040,0,0,0.000000
1781138885.088664,0.000998428,0,0,0.000000
1781138885.089678,0.000991412,0,0,0.000000
1781138885.090674,0.001009172,0,0,0.000000
1781138885.091668,0.000997959,0,0,0.000000
1781138885.092672,0.000998736,0,0,0.000000
1781138885.093683,0.001000995,0,0,0.000000
1781138885.094682,0.000995550,0,0,0.000000
1781138885.095683,0.001003345,0,0,0.000000
1781138885.096652,0.000994734,0,0,0.000000
1781138885.097645,0.000999720,0,0,0.000000
1781138885.098684,0.001000411,0,0,0.000000
1781138885.099681,0.001006857,0,0,0.000000
1781138885.100656,0.000993575,0,0,0.000000
1781138885.101653,0.000999368,0,0,0.000000
1781138885.102666,0.001006330,0,0,0.000000
1781138885.103692,0.000994866,0,0,0.000000
1781138885.104650,0.000998658,0,0,0.000000
1781138885.105649,0.001005167,0,0,0.000000
1781138885.106671,0.001003227,0,0,0.000000
1781138885.107712,0.000992274,0,0,0.000000
1781138885.108670,0.001007800,0,0,0.000000
1781138885.109671,0.001007533,0,0,0.000000
1781138885.110696,0.000983784,0,0,0.000000
1781138885.111686,0.001013122,0,0,0.000000
1781138885.112726,0.000987573,0,0,0.000000
1781138885.113704,0.001003896,0,0,0.000000
1781138885.114722,0.000996102,0,0,0.000000
1781138885.115702,0.001005554,0,0,0.000000
1781138885.116676,0.001007289,0,0,0.000000
1781138885.117653,0.000988476,0,0,0.000000
1781138885.118674,0.000998336,0,0,0.000000
1781138885.119678,0.001008861,0,0,0.000000
1781138885.120670,0.000999456,0,0,0.000000
1781138885.121742,0.000992578,0,0,0.000000
1781138885.122654,0.001000645,0,0,0.000000
1781138885.123655,0.001009591,0,0,0.000000
1781138885.124661,0.001002258,0,0,0.000000
1781138885.125762,0.001001242,0,0,0.000000
1781138885.126695,0.000985230,0,0,0.000000
1781138885.127683,0.001004136,0,0,0.000000
1781138885.128656,0.000995938,0,0,0.000000
1781138885.129648,0.001003944,0,0,0.000000
1781138885.130680,0.000995888,0,0,0.000000
1781138885.131699,0.001016319,0,0,0.000000
1781138885.132712,0.000991875,0,0,0.000000
1781138885.133715,0.000999634,0,0,0.000000
1781138885.134731,0.001004727,0,0,0.000000
1781138885.135682,0.000990749,0,0,0.000000
1781138885.136644,0.000996510,0,0,0.000000
1781138885.137649,0.001003685,0,0,0.000000
1781138885.138689,0.001004297,0,0,0.000000
1781138885.139660,0.001002988,0,0,0.000000
1781138885.140650,0.000992249,0,0,0.000000
1781138885.141644,0.000996980,0,0,0.000000
1781138885.142766,0.001000298,0,0,0.000000
1781138885.143700,0.001001473,0,0,0.000000
1781138885.144673,0.000998475,0,0,0.000000
1781138885.145664,0.001001722,0,0,0.000000
1781138885.146683,0.000997594,0,0,0.000000
1781138885.147686,0.001006856,0,0,0.000000
1781138885.148673,0.001001626,0,0,0.000000
1781138885.149661,0.000991981,0,0,0.000000
1781138885.150680,0.001000007,0,0,0.000000
1781138885.151687,0.001006693,0,0,0.000000
1781138885.152660,0.000993178,0,0,0.000000
1781138885.153645,0.001001228,0,0,0.000000
1781138885.154677,0.000998896,0,0,0.000000
1781138885.155689,0.001010881,0,0,0.000000
1781138885.156677,0.000999885,0,0,0.000000
1781138885.157666,0.000994393,0,0,0.000000
1781138885.158679,0.000996396,0,0,0.000000
1781138885.159675,0.001006251,0,0,0.000000
1781138885.160650,0.000992019,0,0,0.000000
1781138885.161647,0.000999957,0,0,0.000000
1781138885.162683,0.001009971,0,0,0.000000
1781138885.163690,0.001001522,0,0,0.000000
1781138885.164675,0.001002770,0,0,0.000000
1781138885.165650,0.000992915,0,0,0.000000
1781138885.166678,0.000992579,0,0,0.000000
1781138885.167733,0.001004989,0,0,0.000000
1781138885.168652,0.000995759,0,0,0.000000
1781138885.169679,0.000999643,0,0,0.000000
1781138885.170679,0.001000394,0,0,0.000000
1781138885.171679,0.000999336,0,0,0.000000
1781138885.172743,0.001006695,0,0,0.000000
1781138885.173702,0.000995549,0,0,0.000000
1781138885.174729,0.001008195,0,0,0.000000
1781138885.175711,0.000990096,0,0,0.000000
1781138885.176674,0.001009529,0,0,0.000000
1781138885.177758,0.001003605,0,0,0.000000
1781138885.178715,0.000999137,0,0,0.000000
1781138885.179797,0.000998327,0,0,0.000000
1781138885.180701,0.001001769,0,0,0.000000
1781138885.181707,0.000995010,0,0,0.000000
1781138885.182869,0.000999273,0,0,0.000000
1781138885.183686,0.001001382,0,0,0.000000
1781138885.184665,0.000996654,0,0,0.000000
1781138885.185712,0.001004702,0,0,0.000000
1781138885.186682,0.000990258,0,0,0.000000
1781138885.187649,0.001000297,0,0,0.000000
1781138885.188645,0.000999615,0,0,0.000000
1781138885.189687,0.001004997,0,0,0.000000
1781138885.190686,0.001004705,0,0,0.000000
1781138885.191689,0.000999412,0,0,0.000000
1781138885.192657,0.001001668,0,0,0.000000
1781138885.193685,0.000990525,146,1,1.179173
1781138885.194692,0.001007110,1514,1,12.026492
1781138885.196145,0.000992121,81550,7,657.581081
1781138885.196677,0.001006537,68386,5,543.534912
1781138885.197659,0.000996692,97544,8,782.941972
1781138885.198754,0.000996983,101756,6,816.511415
1781138885.199710,0.001011563,125056,8,989.012054
1781138885.200872,0.000990735,123608,8,998.111503
1781138885.201706,0.000998536,103402,9,828.428820
1781138885.202727,0.000998377,115052,10,921.912264
1781138885.203820,0.001005548,123740,10,984.458226
1781138885.204881,0.001008030,113472,8,900.544627
1781138885.205917,0.000987461,109062,7,883.575149
