# R_arrival samples from kprobe:tbf_enqueue
# interval_seconds=0.001000000
timestamp,interval_seconds,bytes,packets,r_arrival_mbit
# bpftrace: Attaching 2 probes...
1780980331.084459,0.001004673,0,0,0.000000
1780980331.084541,0.001007853,0,0,0.000000
1780980331.084569,0.000984931,0,0,0.000000
1780980331.084585,0.001005311,0,0,0.000000
1780980331.084600,0.001001527,0,0,0.000000
1780980331.084617,0.000993203,0,0,0.000000
1780980331.084636,0.001009744,0,0,0.000000
1780980331.084651,0.000990435,0,0,0.000000
1780980331.084665,0.001000421,0,0,0.000000
1780980331.084679,0.001009957,0,0,0.000000
1780980331.084694,0.001002768,0,0,0.000000
1780980331.084708,0.000986899,0,0,0.000000
1780980331.084725,0.001008711,0,0,0.000000
1780980331.084742,0.001004522,0,0,0.000000
1780980331.084757,0.000986484,0,0,0.000000
1780980331.084771,0.001014706,0,0,0.000000
1780980331.084789,0.000999358,0,0,0.000000
1780980331.084806,0.001000501,0,0,0.000000
1780980331.084821,0.000991024,0,0,0.000000
1780980331.084836,0.000998042,0,0,0.000000
1780980331.084850,0.000999287,0,0,0.000000
1780980331.084864,0.001000391,0,0,0.000000
1780980331.084887,0.001002613,0,0,0.000000
1780980331.084909,0.001005630,0,0,0.000000
1780980331.084924,0.000988768,0,0,0.000000
1780980331.084941,0.001010291,0,0,0.000000
1780980331.084956,0.001000648,0,0,0.000000
1780980331.084970,0.001001321,0,0,0.000000
1780980331.084984,0.000998605,0,0,0.000000
1780980331.085016,0.000989496,0,0,0.000000
1780980331.085032,0.001007951,0,0,0.000000
1780980331.085046,0.000997148,0,0,0.000000
1780980331.085059,0.001003003,0,0,0.000000
1780980331.085073,0.000997790,0,0,0.000000
1780980331.085087,0.000996802,0,0,0.000000
1780980331.085100,0.001008875,0,0,0.000000
1780980331.085119,0.000990127,0,0,0.000000
1780980331.085134,0.001007033,0,0,0.000000
1780980331.085147,0.001000556,0,0,0.000000
1780980331.085161,0.000990095,0,0,0.000000
1780980331.085174,0.001000382,0,0,0.000000
1780980331.085190,0.001001616,0,0,0.000000
1780980331.085207,0.001005549,0,0,0.000000
1780980331.085221,0.001004246,0,0,0.000000
1780980331.085234,0.000989741,0,0,0.000000
1780980331.085250,0.001005561,0,0,0.000000
1780980331.085267,0.000993635,0,0,0.000000
1780980331.085281,0.001000157,0,0,0.000000
1780980331.085294,0.001006794,0,0,0.000000
1780980331.085310,0.000992999,0,0,0.000000
1780980331.085334,0.001004980,0,0,0.000000
1780980331.085952,0.001002612,0,0,0.000000
1780980331.086997,0.001003979,0,0,0.000000
1780980331.087969,0.000992981,0,0,0.000000
1780980331.089000,0.001010019,0,0,0.000000
1780980331.089975,0.000992774,0,0,0.000000
1780980331.090981,0.001001946,0,0,0.000000
1780980331.091988,0.000994960,0,0,0.000000
1780980331.092996,0.001009223,0,0,0.000000
1780980331.094002,0.000998417,0,0,0.000000
1780980331.094971,0.000992863,0,0,0.000000
1780980331.095990,0.001001570,0,0,0.000000
1780980331.096987,0.000997940,0,0,0.000000
1780980331.097964,0.001000594,0,0,0.000000
1780980331.099013,0.001011977,0,0,0.000000
1780980331.099990,0.000988098,0,0,0.000000
1780980331.101081,0.001000707,0,0,0.000000
1780980331.101997,0.001012450,0,0,0.000000
1780980331.102988,0.000986164,0,0,0.000000
1780980331.103991,0.001001947,0,0,0.000000
1780980331.104954,0.000997950,0,0,0.000000
1780980331.105959,0.001000263,0,0,0.000000
1780980331.107026,0.001000706,37912,4,303.082024
1780980331.108049,0.001014036,104784,8,826.668876
1780980331.108991,0.000985071,95964,6,779.346869
1780980331.109967,0.000999709,88658,5,709.470456
1780980331.110998,0.001009999,46996,10,372.245913
1780980331.111980,0.001000876,46600,4,372.473713
1780980331.112995,0.000996800,69834,5,560.465490
1780980331.113993,0.000999186,71348,6,571.248997
1780980331.114992,0.000999278,91620,6,733.489579
1780980331.116975,0.001994390,177448,12,711.788567
1780980331.117970,0.001000956,75626,5,604.430165
1780980331.118990,0.000999427,93068,6,744.970868
1780980331.119998,0.001011544,100308,6,793.306075
1780980331.121000,0.000993637,87210,5,702.147766
1780980331.121986,0.000994030,84248,4,678.031850
1780980331.122976,0.001005239,84248,4,670.471400
1780980331.124011,0.000995499,103138,5,828.834584
1780980331.125026,0.001001924,85696,4,684.251500
1780980331.126043,0.001007814,79904,4,634.275769
1780980331.127005,0.000990475,72928,8,589.034554
1780980331.128008,0.001000917,68452,6,547.114296
1780980331.128980,0.001003182,93134,7,742.708701
1780980331.129988,0.000995336,96030,7,771.839861
1780980331.130996,0.001008450,69768,4,553.467202
1780980331.131990,0.000994361,103270,7,830.845136
1780980331.132998,0.001006011,104652,6,832.213564
1780980331.133988,0.000992650,82800,4,667.304689
1780980331.134986,0.000997891,82800,4,663.799954
1780980331.135976,0.001007242,104652,6,831.196475
1780980331.137003,0.001005998,84248,4,669.965547
1780980331.137987,0.000987132,94384,4,764.914925
1780980331.138989,0.000999829,71216,4,569.825440
1780980331.139996,0.001006143,110378,5,877.632702
1780980331.140990,0.000993828,77008,4,619.889961
1780980331.141981,0.001011133,61278,7,484.826427
1780980331.142982,0.000991554,69834,5,563.430736
1780980331.143970,0.000997244,94516,6,758.217648
1780980331.144981,0.001000960,82866,5,662.292199
1780980331.145998,0.001008868,94516,6,749.481597
1780980331.146986,0.000990618,101756,6,821.757731
1780980331.147992,0.001000851,81484,6,651.317729
1780980331.149988,0.001999192,191862,11,767.758174
1780980331.150999,0.001003825,82866,5,660.401962
1780980331.152147,0.000998320,82800,4,663.514705
1780980331.153070,0.000997361,92936,4,745.455256
1780980331.154055,0.001009693,94450,5,748.346280
1780980331.155212,0.000994325,88592,4,712.781032
1780980331.156113,0.000998828,63910,3,511.879923
1780980331.156996,0.001008944,91488,4,725.415880
1780980331.157968,0.000988988,91554,5,740.587348
1780980331.158971,0.000999191,65424,4,523.815767
1780980331.159984,0.001009529,67136,8,532.018397
1780980331.161000,0.001001098,87210,5,696.914788
1780980331.161983,0.001001594,85828,6,685.531263
1780980331.163001,0.001001288,90106,5,719.920742
1780980331.163985,0.000986549,103270,7,837.424193
1780980331.164987,0.001001021,84314,5,673.824026
1780980331.165997,0.001012089,101822,7,804.846214
1780980331.166991,0.000986971,69702,3,564.977086
1780980331.167995,0.001008173,100242,5,795.434910
1780980331.168985,0.000991574,91488,4,738.123428
1780980331.169978,0.001009225,95898,5,760.171419
1780980331.170996,0.000994673,91488,4,735.823733
1780980331.171996,0.001006315,95898,5,762.369636
1780980331.172992,0.000994867,88658,5,712.923436
1780980331.173976,0.000998886,55618,9,445.440220
1780980331.174994,0.000996728,78522,5,630.238139
1780980331.175997,0.001009977,84314,5,667.848872
1780980331.176989,0.000989457,100374,7,811.548152
1780980331.177992,0.001003960,72664,4,579.019084
1780980331.178975,0.000998839,103270,7,827.120287
1780980331.179975,0.000997926,84314,5,675.913845
1780980331.180969,0.000999416,84380,6,675.434454
1780980331.181982,0.001011909,104586,5,826.841149
1780980331.182993,0.000990263,82932,6,669.979591
1780980331.183994,0.001004313,88592,4,705.692349
1780980331.184987,0.000994165,98794,5,794.990771
1780980331.185980,0.001009524,88724,6,703.095716
1780980331.186973,0.000989964,51142,7,413.283715
1780980331.187989,0.001002270,93068,6,742.857713
1780980331.188994,0.001000890,94582,7,755.983175
1780980331.189993,0.001004450,90172,6,718.180099
1780980331.190997,0.001002503,84380,6,673.354593
1780980331.191987,0.000990763,101756,6,821.637465
1780980331.192974,0.001002991,85696,4,683.523581
1780980331.193995,0.000997704,85762,5,687.674902
1780980331.194987,0.000998504,82800,4,663.392435
1780980331.195990,0.000999645,100242,5,802.220788
1780980331.196991,0.001004439,90040,4,717.136630
1780980331.197997,0.001005763,103138,5,820.376172
1780980331.198975,0.000993724,74244,6,597.703185
1780980331.200000,0.001010914,59632,4,471.905622
1780980331.200982,0.000995059,90172,6,724.958018
1780980331.201991,0.000993888,96096,8,773.495605
1780980331.202988,0.000996534,85828,6,689.012116
1780980331.203995,0.001000593,88724,6,709.371343
1780980331.204990,0.000999294,100308,6,803.030940
1780980331.205989,0.000999881,94516,6,756.217990
1780980331.206997,0.000999996,81352,4,650.818603
1780980331.207972,0.001000188,100242,5,801.785264
1780980331.208988,0.001000035,87210,5,697.655582
1780980331.209989,0.001003183,101690,5,810.938782
1780980331.210998,0.001000564,69702,3,557.301682
1780980331.211995,0.001003131,97346,5,776.337288
1780980331.212985,0.000992893,88658,5,714.340820
1780980331.213979,0.001000162,53972,6,431.706064
1780980331.214994,0.001005200,90172,6,717.644250
1780980331.215995,0.001003891,81550,7,649.871351
1780980331.216994,0.001000480,82866,5,662.609947
1780980331.217985,0.000990187,104718,7,846.046252
1780980331.218987,0.001002302,85762,5,684.520234
1780980331.219999,0.001010362,100308,6,794.234146
1780980331.220980,0.000993063,81484,6,656.425625
1780980331.221991,0.000994616,107482,5,864.510525
1780980331.222989,0.001001909,82800,4,661.137888
1780980331.223986,0.000997771,87210,5,699.238603
1780980331.224991,0.001004036,100242,5,798.712397
1780980331.225995,0.001002553,92936,4,741.594709
1780980331.226984,0.001003507,103138,5,822.220473
1780980331.227986,0.001003690,61146,5,487.369606
1780980331.228991,0.000987059,70032,8,567.601329
1780980331.230001,0.001011796,93134,7,736.385596
1780980331.231001,0.000998585,101756,6,815.201510
1780980331.231994,0.000995897,85894,7,689.983000
1780980331.232974,0.000992741,97412,6,784.994273
1780980331.233992,0.001004690,85762,5,682.893231
1780980331.234977,0.001001487,107614,7,859.633725
1780980331.235974,0.001002992,84380,6,673.026305
1780980331.236970,0.000991308,88592,4,714.950348
1780980331.237974,0.001011108,98794,5,781.669218
1780980331.238994,0.000996196,82800,4,664.929391
1780980331.239985,0.000999812,104586,5,836.845327
1780980331.240999,0.000998087,85696,4,686.882005
1780980331.241991,0.000998978,66872,4,535.523305
1780980331.243002,0.001009230,57066,9,452.352784
1780980331.243988,0.000986902,97412,6,789.638688
1780980331.244975,0.000999356,96030,7,768.735065
1780980331.245995,0.001007157,75626,5,600.708728
1780980331.246986,0.000993788,93068,6,749.198018
1780980331.248002,0.001010718,78522,5,621.514606
1780980331.248998,0.001001069,109062,7,871.564298
1780980331.249986,0.000987660,82866,5,671.210741
1780980331.251001,0.001013738,103138,5,813.922335
1780980331.251992,0.000993299,85762,5,690.724545
1780980331.252985,0.000992590,87144,4,702.356461
1780980331.253985,0.000999850,100242,5,802.056308
1780980331.254993,0.001004994,85696,4,682.161287
1780980331.255978,0.001000417,64240,8,513.705785
1780980331.256975,0.000995501,80036,6,643.181674
1780980331.258003,0.001011548,90238,7,713.662624
1780980331.258989,0.000987783,93068,6,753.752595
1780980331.259989,0.001000021,88724,6,709.777095
1780980331.260998,0.001012563,90172,6,712.425795
1780980331.261986,0.000988072,75560,4,611.777279
1780980331.262989,0.001002838,103138,5,822.768982
1780980331.263987,0.000996434,84314,5,676.925918
1780980331.264994,0.001009232,82866,5,656.863833
1780980331.265991,0.000991188,104586,5,844.126442
1780980331.267984,0.002003368,187386,9,748.283890
1780980331.268979,0.000998285,71480,8,572.822390
1780980331.270003,0.001011476,71348,6,564.308001
1780980331.270993,0.000992178,94516,6,762.089061
1780980331.271990,0.000996636,95964,6,770.303300
1780980331.272994,0.001006232,93068,6,739.932739
1780980331.273978,0.000996223,93068,6,747.366804
1780980331.274991,0.000998784,85762,5,686.931308
1780980331.275988,0.000997039,106166,7,851.850329
1780980331.276992,0.001003641,81352,4,648.454975
1780980331.277997,0.001007396,104586,5,830.545287
1780980331.278986,0.001000712,85696,4,685.080223
1780980331.279991,0.000989724,81352,4,657.573222
1780980331.280988,0.000997866,87144,4,698.642904
1780980331.281980,0.001004470,74376,8,592.360150
1780980331.282995,0.001004883,84380,6,671.759797
1780980331.283993,0.000995155,98992,8,795.791610
1780980331.284981,0.000996404,94516,6,758.856849
1780980331.285987,0.000999177,94516,6,756.750806
1780980331.287002,0.001014710,85762,5,676.149836
1780980331.287994,0.000993592,90106,5,725.496985
1780980331.288994,0.000999918,103204,6,825.699707
1780980331.289988,0.000995005,84314,5,677.898101
1780980331.290997,0.001003346,87144,4,694.827108
1780980331.291988,0.000994813,100242,5,806.117331
1780980331.292993,0.001006333,90040,4,715.786921
1780980331.293989,0.001004148,78654,7,626.632727
1780980331.294972,0.000988415,58250,5,471.461886
1780980331.295991,0.001007006,97478,7,774.398564
1780980331.297980,0.001996653,187650,13,751.858235
1780980331.298988,0.000996230,79970,5,642.181022
1780980331.300002,0.001013490,95964,6,757.493414
1780980331.300998,0.000999640,100308,6,802.752991
1780980331.302069,0.000998427,88724,6,710.910262
1780980331.303057,0.000988542,63976,4,517.740268
1780980331.304105,0.001008194,101690,5,806.908194
1780980331.305064,0.000999195,84314,5,675.055420
1780980331.306032,0.000994392,87144,4,701.083677
1780980331.307001,0.001010717,79904,4,632.453991
1780980331.307986,0.000997201,107482,5,862.269492
1780980331.308964,0.000994439,52458,5,422.010802
1780980331.309973,0.000997841,83130,9,666.478928
1780980331.310988,0.000997824,91620,6,734.558399
1780980331.311992,0.001005330,81484,6,648.415943
1780980331.312990,0.000998499,93068,6,745.663241
1780980331.313980,0.000995952,100308,6,805.725577
1780980331.314992,0.001000248,82866,5,662.763635
1780980331.315990,0.000999842,103270,7,826.290554
1780980331.316987,0.001000220,87210,5,697.526544
1780980331.317996,0.001009571,82866,5,656.643267
1780980331.318995,0.000996545,85696,4,687.944849
1780980331.319989,0.000996504,82800,4,664.723875
1780980331.320997,0.001007823,110378,5,876.169724
1780980331.321985,0.000989749,77008,4,622.444680
1780980331.323000,0.001008809,69966,7,554.840411
1780980331.323975,0.000991723,59764,6,482.102361
1780980331.325000,0.000999066,97544,8,781.081530
1780980331.325998,0.001012812,96096,8,759.043139
1780980331.328231,0.001988229,177382,11,713.728650
1780980331.329009,0.001000902,72730,5,581.315653
1780980331.329965,0.000998358,97412,6,780.577709
1780980331.330988,0.000999995,87210,5,697.683488
1780980331.331999,0.001011712,98860,6,781.724443
1780980331.332987,0.001002193,91554,5,730.829291
1780980331.333999,0.000985828,82800,4,671.922485
1780980331.334991,0.001004625,92936,4,740.065198
1780980331.335992,0.001000249,74112,4,592.748406
1780980331.336978,0.000999439,61542,11,492.612356
1780980331.337978,0.000995585,74310,7,597.116268
1780980331.338988,0.001000147,93134,7,744.962491
1780980331.339989,0.001002167,112090,9,894.781010
1780980331.340970,0.000998292,77140,6,618.175844
1780980331.341967,0.000999472,93068,6,744.937327
1780980331.342986,0.001011878,81418,5,643.698153
1780980331.343990,0.000988049,106166,7,859.601093
1780980331.344987,0.001000464,84314,5,674.199172
1780980331.345987,0.001000769,103138,5,824.469983
1780980331.346997,0.001009161,84248,4,667.865682
1780980331.347988,0.000994378,84248,4,677.794561
1780980331.348987,0.001007904,103138,5,818.633521
1780980331.349957,0.000987504,66938,5,542.280335
1780980331.350979,0.001001040,80234,9,641.205147
1780980331.351972,0.000999915,85894,7,687.210413
1780980331.352965,0.001005538,96030,7,764.008919
1780980331.353971,0.000993441,91620,6,737.799225
1780980331.354991,0.001006348,81418,5,647.235350
1780980331.355990,0.000997252,106166,7,851.668385
1780980331.356988,0.000996474,79970,5,642.023776
1780980331.357958,0.001000132,106100,6,848.687973
1780980331.358975,0.001003338,82866,5,660.722508
1780980331.359998,0.001004157,91554,5,729.399885
1780980331.360991,0.000996504,98794,5,793.124764
1780980331.361981,0.001001185,87144,4,696.326853
1780980331.362985,0.001005484,65688,8,522.637854
1780980331.363988,0.000994089,74376,8,598.546005
1780980331.364998,0.000995213,93200,8,749.186355
1780980331.365997,0.001007817,81484,6,646.815841
1780980331.366983,0.000997046,96030,7,770.516105
1780980331.368008,0.001004206,100308,6,799.102973
1780980331.368986,0.000991922,88724,6,715.572394
1780980331.369994,0.000998626,82866,5,663.840116
1780980331.370997,0.001006376,87276,6,693.784430
1780980331.372094,0.001002855,106034,5,845.857078
1780980331.373025,0.000991474,81352,4,656.412574
1780980331.373979,0.001003361,84248,4,671.726328
1780980331.375001,0.001000413,85696,4,685.284977
1780980331.375976,0.000996040,64174,7,515.433115
1780980331.376985,0.001008906,80102,7,635.159272
1780980331.377963,0.000997351,90238,7,723.821403
1780980331.378973,0.000994714,90172,6,725.209457
1780980331.379968,0.000998718,103336,8,827.749174
1780980331.380999,0.001007573,82866,5,657.945380
1780980331.381973,0.000992975,88724,6,714.813565
1780980331.382993,0.001004440,104652,6,833.515193
1780980331.383984,0.000995170,84380,6,678.316268
1780980331.384997,0.000999680,82866,5,663.140205
1780980331.385985,0.001000090,85762,5,686.034257
1780980331.387004,0.001013154,103138,5,814.391494
1780980331.387987,0.000988480,84248,4,681.838783
1780980331.388988,0.000998388,106034,5,849.641622
1780980331.389997,0.001009847,61278,7,485.443835
1780980331.391004,0.001004757,71348,6,568.081636
1780980331.391996,0.000995840,107614,7,864.508355
1780980331.392988,0.000993144,81484,6,656.372087
1780980331.393987,0.000996317,91620,6,735.669471
1780980331.394986,0.001009763,81418,5,645.046412
1780980331.395992,0.000992909,110510,7,890.393782
1780980331.396990,0.001001163,77074,5,615.875737
1780980331.397990,0.001001827,111958,7,894.030606
1780980331.398998,0.001005792,81418,5,647.593141
1780980331.399978,0.000988554,84248,4,681.787743
1780980331.401009,0.001011959,82800,4,654.571974
1780980331.402001,0.001001159,104586,5,835.719401
1780980331.402974,0.000987746,58250,5,471.781207
1780980331.403984,0.001012300,72796,6,575.291910
1780980331.404976,0.000989712,91686,7,741.112566
1780980331.407026,0.002002507,176066,13,703.382310
1780980331.408000,0.001007389,94516,6,750.581950
1780980331.408974,0.000987978,94516,6,765.328783
1780980331.410001,0.001010222,81418,5,644.753331
1780980331.410995,0.000995471,104718,7,841.555404
1780980331.411998,0.001006000,85762,5,682.003976
1780980331.412985,0.000995541,84314,5,677.533120
1780980331.413999,0.001004355,106100,6,845.119505
1780980331.414998,0.000995336,81418,5,654.396103
1780980331.416011,0.000992362,87210,5,703.049895
1780980331.416971,0.001001083,55486,7,443.407789
1780980331.417976,0.000999475,88790,7,710.693114
1780980331.418991,0.001001692,80036,6,639.206463
1780980331.419996,0.001006508,97478,7,774.781721
1780980331.420985,0.000991225,94516,6,762.821761
1780980331.421987,0.001011760,78522,5,620.874516
1780980331.423004,0.000999990,87210,5,697.686977
1780980331.423990,0.000992900,106166,7,855.401350
1780980331.424996,0.001005588,81352,4,647.199449
1780980331.425974,0.000990108,82866,5,669.551200
1780980331.426990,0.001000096,106100,6,848.718523
1780980331.427995,0.001004345,82800,4,659.534323
1780980331.429000,0.001005037,84248,4,670.606157
1780980331.429972,0.000990066,88856,8,717.980417
1780980331.430986,0.001000840,75692,6,605.027777
1780980331.431994,0.001001407,78654,7,628.347914
1780980331.432996,0.001008657,94582,7,750.161849
1780980331.433987,0.000989118,97412,6,787.869597
1780980331.434986,0.001008079,94516,6,750.068199
1780980331.435987,0.000992364,75626,5,609.663390
1780980331.436990,0.001004395,100308,6,798.952603
1780980331.437987,0.000996501,87276,6,700.659608
1780980331.438987,0.001010639,104652,6,828.402624
1780980331.439997,0.000998203,82800,4,663.592476
1780980331.441008,0.001002480,84248,4,672.316655
1780980331.441993,0.000995242,103138,5,829.048613
1780980331.442999,0.001003061,85696,4,683.475880
1780980331.443997,0.001000821,87144,4,696.580108
1780980331.445989,0.001997094,161916,18,648.606425
1780980331.447003,0.000997386,77074,5,618.207996
1780980331.447982,0.000998504,93134,7,746.188298
1780980331.448999,0.001005549,81418,5,647.749637
1780980331.449994,0.000995033,100308,6,806.469735
1780980331.450999,0.001003533,85828,6,684.206698
1780980331.452003,0.001002003,82866,5,661.602810
1780980331.452973,0.000989104,87276,6,705.899481
1780980331.453991,0.001001340,84314,5,673.609363
1780980331.454996,0.001009112,103138,5,817.653541
1780980331.455987,0.000989959,84248,4,680.820115
1780980331.456983,0.001010723,103138,5,816.350276
1780980331.458008,0.000996680,88592,4,711.096842
1780980331.458982,0.000999681,62792,8,502.496296
1780980331.459974,0.000993037,81682,9,658.037918
1780980331.460988,0.000999825,66938,5,535.597730
1780980331.461972,0.000999930,94582,7,756.708970
1780980331.462997,0.001009074,81418,5,645.486852
1780980331.463984,0.000990783,106166,7,857.229080
1780980331.464991,0.001004279,63976,4,509.627305
1780980331.465985,0.001007487,101756,6,807.998515
1780980331.467001,0.000996048,87276,6,700.978266
1780980331.467998,0.000999727,84314,5,674.696192
1780980331.468996,0.001004431,84314,5,671.536422
1780980331.469984,0.000997889,84314,5,675.938907
1780980331.470981,0.000993535,72928,8,587.220380
1780980331.471979,0.000996790,94516,6,758.562987
1780980331.472972,0.001004399,90238,7,718.742253
1780980331.473967,0.000998680,97478,7,780.854728
1780980331.474994,0.001000393,81418,5,651.088122
1780980331.475998,0.001009022,95964,6,760.847633
1780980331.476987,0.000989501,90172,6,729.030087
1780980331.477988,0.000998638,98860,6,791.958648
1780980331.478991,0.001003224,91554,5,730.078228
1780980331.479990,0.000999038,82800,4,663.037842
1780980331.480986,0.000996916,106166,7,851.955431
1780980331.481987,0.001000683,82800,4,661.947890
1780980331.482973,0.000999722,71348,6,570.942722
1780980331.483986,0.001008375,78654,7,624.005950
1780980331.484988,0.000991181,91686,7,740.014185
1780980331.485996,0.001007500,93134,7,739.525558
1780980331.486972,0.000992702,100374,7,808.895318
1780980331.487975,0.000999986,90172,6,721.386099
1780980331.488974,0.001010293,98860,6,782.822409
1780980331.489991,0.000995702,82866,5,665.789564
1780980331.490990,0.000997295,88724,6,711.717195
1780980331.491974,0.000997034,81418,5,653.281633
1780980331.492987,0.000999709,106166,7,849.575226
1780980331.493991,0.001002234,82800,4,660.923497
1780980331.494990,0.001001394,106034,5,847.091155
1780980331.495973,0.000996655,58382,7,468.623546
1780980331.497026,0.001000474,80036,6,639.984647
1780980331.497993,0.001008521,93200,8,739.300421
1780980331.498991,0.000995226,93134,7,748.646036
1780980331.499987,0.001007035,94516,6,750.845800
1780980331.500990,0.000988445,95964,6,776.686614
1780980331.501993,0.001006705,82866,5,658.512673
1780980331.502991,0.000997257,90172,6,723.360177
1780980331.504001,0.001010834,82866,5,655.822816
1780980331.504974,0.000985418,104718,7,850.140752
1780980331.505988,0.000999769,85762,5,686.254525
1780980331.507000,0.001008624,82800,4,656.736306
1780980331.507981,0.000995983,85696,4,688.333034
1780980331.508987,0.000996144,81616,8,655.455436
1780980331.509987,0.001008626,85894,7,681.275319
1780980331.510998,0.000995305,90238,7,725.309327
1780980331.511993,0.001001540,96030,7,767.058730
1780980331.512990,0.001004609,96030,7,764.715427
1780980331.513997,0.000999666,82866,5,663.149492
1780980331.514985,0.000989205,90172,6,729.248235
1780980331.515991,0.001004159,97412,6,776.068332
1780980331.516984,0.000997662,93068,6,746.288823
1780980331.517995,0.001004507,82800,4,659.427958
1780980331.518987,0.000994046,107548,6,865.537410
1780980331.519979,0.000999746,81352,4,650.981349
1780980331.520981,0.001008763,67070,7,531.898969
1780980331.521989,0.000992425,93200,8,751.291030
1780980331.522996,0.001006765,90238,7,717.053136
1780980331.524002,0.001005731,100374,7,798.416276
1780980331.524979,0.000994293,80036,6,643.963097
1780980331.526024,0.000999716,91620,6,733.168220
1780980331.527004,0.000998324,81418,5,652.437485
1780980331.527992,0.000993829,106166,7,854.601747
1780980331.528976,0.001002635,81418,5,649.632219
1780980331.529999,0.001006825,103204,6,820.035259
1780980331.530988,0.000992034,88658,5,714.959366
1780980331.531987,0.000999329,81352,4,651.252991
1780980331.532990,0.001010930,82800,4,655.238246
1780980331.534002,0.000993992,107482,5,865.053240
1780980331.534985,0.001001618,61344,8,489.959246
1780980331.535983,0.000995411,81550,7,655.407666
1780980331.536979,0.001002438,93134,7,743.259932
1780980331.537974,0.000995053,82932,6,666.754434
1780980331.539001,0.001012595,94516,6,746.723024
1780980331.540013,0.000989949,94516,6,763.805004
1780980331.541004,0.001003102,77074,5,614.685246
1780980331.541973,0.001006190,81418,5,647.336984
1780980331.542978,0.000997419,106100,6,850.996422
1780980331.543966,0.000995862,81418,5,654.050461
1780980331.545016,0.001008671,85696,4,679.674542
1780980331.546021,0.000987299,103138,5,835.718460
1780980331.547028,0.001010695,88592,4,701.236278
1780980331.548667,0.000990408,78456,4,633.726707
1780980331.548964,0.001001229,62462,3,499.082627
1780980331.549963,0.001003701,78720,8,627.437853
1780980331.551077,0.000997663,84380,6,676.621264
1780980331.552261,0.001003924,85828,6,683.940219
1780980331.553085,0.000998293,85828,6,687.798071
1780980331.554021,0.000995712,94516,6,759.384240
1780980331.555018,0.000998221,74178,5,594.481583
1780980331.555994,0.001008718,101756,6,807.012465
1780980331.557005,0.000990840,75626,5,610.601106
1780980331.557957,0.001001704,91554,5,731.186059
1780980331.558986,0.001006360,82866,5,658.738424
1780980331.559998,0.001005507,85696,4,681.813254
1780980331.560989,0.000987155,85696,4,694.488707
1780980331.562018,0.000999685,101690,5,813.776340
1780980331.563001,0.001005997,55354,5,440.192168
1780980331.564008,0.001007567,71348,6,566.497315
1780980331.564983,0.000993505,91686,7,738.283149
1780980331.565966,0.000992455,93134,7,750.736305
1780980331.566957,0.000999532,82932,6,663.766643
1780980331.567998,0.001014847,107614,7,848.317037
1780980331.568994,0.000988187,81418,5,659.130306
1780980331.570010,0.001008861,79970,5,634.140878
1780980331.571021,0.000988908,85762,5,693.791536
1780980331.572006,0.001008060,84380,6,669.642680
1780980331.572992,0.000995342,85696,4,688.776320
1780980331.573965,0.000998631,82800,4,663.308069
1780980331.574967,0.001003057,85696,4,683.478606
1780980331.575998,0.000994733,101690,5,817.827497
1780980331.577011,0.001010548,85696,4,678.412109
1780980331.578007,0.000991631,55552,8,448.166707
1780980331.579027,0.000998452,94582,7,757.829119
1780980331.579992,0.001009457,80036,6,634.289524
1780980331.580968,0.000989452,97412,6,787.603643
1780980331.581984,0.001006470,90172,6,716.738701
1780980331.583001,0.000997779,81418,5,652.793855
1780980331.584025,0.001003412,98860,6,788.190693
1780980331.585012,0.001004508,66872,4,532.575151
1780980331.586026,0.000991206,108996,6,879.704118
1780980331.587042,0.001005169,81418,5,647.994516
1780980331.588011,0.000995477,84248,4,677.046280
1780980331.588974,0.001008050,85696,4,680.093249
1780980331.589971,0.000999450,79904,4,639.583771
1780980331.590997,0.000998112,84248,4,675.258889
1780980331.592004,0.000994306,103138,5,829.829047
1780980331.593001,0.001010223,87144,4,690.097137
1780980331.593973,0.000989026,60028,10,485.552453
1780980331.595044,0.001002293,65556,6,523.248192
1780980331.596013,0.000997405,87342,7,700.553937
1780980331.596976,0.000997062,98926,7,793.740008
1780980331.597981,0.001011236,75626,5,598.285662
1780980331.599089,0.001001561,95964,6,766.515469
1780980331.599990,0.000994459,98860,6,795.286684
1780980331.600968,0.000998877,82866,5,663.673305
1780980331.601991,0.001005714,87276,6,694.241106
1780980331.602988,0.000988646,82866,5,670.541326
1780980331.604026,0.001012478,85762,5,677.640403
1780980331.604990,0.000988102,82800,4,670.376135
1780980331.606001,0.001003099,104586,5,834.103114
1780980331.606988,0.001002239,85696,4,684.036442
1780980331.608015,0.000996332,85696,4,688.091921
1780980331.608990,0.001002281,78456,4,626.219593
1780980331.610016,0.001008009,61476,10,487.900406
1780980331.611019,0.000988230,84446,7,683.614138
1780980331.611993,0.001001841,78588,6,627.548683
1780980331.613012,0.001009661,94582,7,749.415893
1780980331.613991,0.000993667,62528,4,503.412109
1780980331.615023,0.000999469,95964,6,768.119872
1780980331.615987,0.001003789,91620,6,730.193298
1780980331.616987,0.000990377,81418,5,657.672785
1780980331.617999,0.001005708,87210,5,693.720245
1780980331.619023,0.001006891,81352,4,646.361920
1780980331.620012,0.000990750,85762,5,692.501640
1780980331.621017,0.000999919,101690,5,813.585900
1780980331.621988,0.001004822,85696,4,682.278055
1780980331.622988,0.000992134,84248,4,679.327591
1780980331.623992,0.001008995,106034,5,840.709815
1780980331.624978,0.001002973,55552,8,443.098668
1780980331.626008,0.001001817,82932,6,662.252687
1780980331.626999,0.000986867,87276,6,707.499592
1780980331.627995,0.000999310,82932,6,663.914101
1780980331.629075,0.001001034,77074,5,615.955102
1780980331.630047,0.001002393,110510,7,881.969447
1780980331.630993,0.001003237,81418,5,649.242402
1780980331.631982,0.001007856,88658,5,703.735454
1780980331.632973,0.000985998,81418,5,660.593632
1780980331.634111,0.001005627,81418,5,647.699396
1780980331.635037,0.001000585,87210,5,697.272096
1780980331.636017,0.001006418,84248,4,669.685956
1780980331.637010,0.000993538,103138,5,830.470500
1780980331.638088,0.001004002,62462,3,497.704188
1780980331.638994,0.000989515,85696,4,692.832347
1780980331.639980,0.001006568,101690,5,808.211666
1780980331.640983,0.001003040,55552,8,443.069070
1780980331.641969,0.000991303,74376,8,600.228185
1780980331.642988,0.000998514,80102,7,641.769670
1780980331.644015,0.001000412,91686,7,733.185927
1780980331.645027,0.001009646,78588,6,622.697460
1780980331.646021,0.000997576,95964,6,769.577456
1780980331.647010,0.000993187,91620,6,737.987912
1780980331.648010,0.001000163,100308,6,802.333220
1780980331.648990,0.001011854,82866,5,655.161713
1780980331.649969,0.000987875,87210,5,706.243199
1780980331.650975,0.001001066,87210,5,696.937065
1780980331.652042,0.001002871,79904,4,637.402019
1780980331.652966,0.001008192,104586,5,829.889545
1780980331.653950,0.000989407,82800,4,669.491928
1780980331.654988,0.000998594,87144,4,698.133576
1780980331.655980,0.001006567,77206,7,613.618368
1780980331.656996,0.001005657,81616,8,649.255164
1780980331.657986,0.000995871,88790,7,713.265071
1780980331.658992,0.000995149,91620,6,736.532921
1780980331.659993,0.001003907,95964,6,764.724222
1780980331.661005,0.001000663,95964,6,767.203344
1780980331.661990,0.000995331,90172,6,724.759904
1780980331.662986,0.000996386,82866,5,665.332512
1780980331.663979,0.001004649,84314,5,671.390705
1780980331.664992,0.000995628,106100,6,852.527249
1780980331.666000,0.001012892,84314,5,665.926871
1780980331.666996,0.000996706,84248,4,676.211440
1780980331.667979,0.000995863,88658,5,712.210414
1780980331.668980,0.000994533,62726,7,504.566465
1780980331.669980,0.001006678,104784,8,832.711155
1780980331.670978,0.000994662,81484,6,655.370367
1780980331.671984,0.001008889,80036,6,634.646626
1780980331.673002,0.001000793,94516,6,755.528866
1780980331.673973,0.000996137,93068,6,747.431327
1780980331.675002,0.001001722,98860,6,789.520446
1780980331.676008,0.001000908,79970,5,639.179625
1780980331.676997,0.000995999,90172,6,724.273820
1780980331.678034,0.000994806,82866,5,666.389226
1780980331.679023,0.001008123,85762,5,680.567748
1780980331.679987,0.000995269,62462,3,502.071299
1780980331.680967,0.001001327,84248,4,673.090808
1780980331.681988,0.000995024,88592,4,712.280307
1780980331.683029,0.001011140,37780,2,298.910141
1780980331.683950,0.000987707,101690,5,823.645069
1780980331.684952,0.001000124,85696,4,685.483000
1780980331.685964,0.001004505,57264,12,456.057461
1780980331.687011,0.001007952,95964,6,761.655317
1780980331.688001,0.001001961,94648,8,755.702068
1780980331.688973,0.000985633,79970,5,649.085410
1780980331.689989,0.001003603,93068,6,741.871039
1780980331.690994,0.000996607,94516,6,758.702277
1780980331.691991,0.001004181,90106,5,717.846683
1780980331.692977,0.000999395,85828,6,687.039659
1780980331.693996,0.001003404,81418,5,649.134347
1780980331.694987,0.000993993,107548,6,865.583560
1780980331.696004,0.001009427,84248,4,667.689689
1780980331.696985,0.001000369,103138,5,824.799649
1780980331.698003,0.001001663,85696,4,684.429793
1780980331.698977,0.000989941,78654,7,635.625760
1780980331.699990,0.000998243,48378,9,387.705198
1780980331.700975,0.000999076,94648,8,757.884285
1780980331.701990,0.001002975,78588,6,626.839154
1780980331.702987,0.000997296,93134,7,747.092137
1780980331.703996,0.001002304,97478,7,778.031416
1780980331.704994,0.001005896,94516,6,751.696000
1780980331.705980,0.000998726,81418,5,652.174871
1780980331.706977,0.000993015,100308,6,808.108639
1780980331.707972,0.001005517,68386,5,544.086276
1780980331.708981,0.001000704,101690,5,812.947685
1780980331.709988,0.000993900,85762,5,690.306872
1780980331.710984,0.001011238,107482,5,850.300325
1780980331.711970,0.000994852,79904,4,642.539795
1780980331.712986,0.001005066,59962,9,477.278109
1780980331.713979,0.000995012,94582,7,760.449120
1780980331.714988,0.000994405,82932,6,667.188922
1780980331.715992,0.001006001,96096,8,764.182143
1780980331.716985,0.000993052,94582,7,761.950029
1780980331.717974,0.000999914,94516,6,756.193033
1780980331.718998,0.001011444,82866,5,655.427290
1780980331.719998,0.001000044,88724,6,709.760771
1780980331.720978,0.000988612,82866,5,670.564387
1780980331.721973,0.001002270,101756,6,812.204296
1780980331.722996,0.001008814,87210,5,691.584375
1780980331.724984,0.001988978,188900,10,759.787187
1780980331.725975,0.001000157,58448,8,467.510601
1780980331.726995,0.001008844,87342,7,692.610552
1780980331.727996,0.001001437,98992,8,790.799621
1780980331.728983,0.000998594,97412,6,780.393233
1780980331.729987,0.000991367,91620,6,739.342746
1780980331.730991,0.000999784,78522,5,628.311715
1780980331.731991,0.000999776,93068,6,744.710815
1780980331.732985,0.000999815,81418,5,651.464521
1780980331.733988,0.001002136,104652,6,835.431518
1780980331.734989,0.001002526,85828,6,684.893958
1780980331.735994,0.001005815,103138,5,820.333759
1780980331.736987,0.000996993,84248,4,676.016782
1780980331.739006,0.001996531,151516,14,607.117045
1780980331.739992,0.000998358,94648,8,758.429341
1780980331.740977,0.001000014,93134,7,745.061569
1780980331.741993,0.001003373,97412,6,776.676271
1780980331.742990,0.000996529,95964,6,770.386010
1780980331.744001,0.001010166,91620,6,725.583716
1780980331.744999,0.000998908,88658,5,710.039363
1780980331.746006,0.001003206,101756,6,811.446503
1780980331.746995,0.000987430,79970,5,647.904155
1780980331.747989,0.000998144,87210,5,698.977302
1780980331.748985,0.001011159,104586,5,827.454436
1780980331.750001,0.000992343,82800,4,667.511133
1780980331.750982,0.001005312,85762,5,682.470716
1780980331.752005,0.001004337,68782,11,547.879845
1780980331.752974,0.000987045,91686,7,743.115056
1780980331.754002,0.000999937,85894,7,687.195293
1780980331.754989,0.000999852,98860,6,790.997068
1780980331.756000,0.001010463,74178,5,587.279297
1780980331.756988,0.001000589,97412,6,778.837265
1780980331.757996,0.000996209,109062,7,875.816219
1780980331.759001,0.001004748,82866,5,659.795292
1780980331.759993,0.000993079,85828,6,691.409243
1780980331.760975,0.000996805,82866,5,665.052844
1780980331.761996,0.001001343,104586,5,835.565835
1780980331.763001,0.001007751,87144,4,691.789936
1780980331.763996,0.000998314,100242,5,803.290348
1780980331.764988,0.001001162,59698,5,477.029691
1780980331.765978,0.000994405,84710,11,681.492953
1780980331.766994,0.000998198,75692,6,606.629146
1780980331.767992,0.000998771,93134,7,745.988820
1780980331.768995,0.001002200,96030,7,766.553582
1780980331.769982,0.000996054,84314,5,677.184169
1780980331.770995,0.001004213,72730,5,579.398992
1780980331.771996,0.000999248,97412,6,779.882472
1780980331.772995,0.001003214,90172,6,719.064925
1780980331.773952,0.000993768,82866,5,667.085275
1780980331.775001,0.001011969,104652,6,827.313880
1780980331.776004,0.001001130,84248,4,673.223258
1780980331.776986,0.000995361,84248,4,677.125184
1780980331.777975,0.000991019,62660,6,505.822795
1780980331.779009,0.001010241,96096,8,760.974856
1780980331.780002,0.001002090,91686,7,731.958207
1780980331.780986,0.000988817,97478,7,788.643399
1780980331.783011,0.002011725,173038,11,688.117909
1780980331.783994,0.000994968,97412,6,783.237250
1780980331.784996,0.000998026,90172,6,722.802813
1780980331.785966,0.001005279,103204,6,821.296376
1780980331.786998,0.000999431,81418,5,651.714826
1780980331.787991,0.000993456,85762,5,690.615387
1780980331.788986,0.000997031,87210,5,699.757580
1780980331.789976,0.001000899,103138,5,824.362898
1780980331.790990,0.001000548,85696,4,685.192515
1780980331.791980,0.000998721,83064,8,665.362999
1780980331.793005,0.001009213,62924,10,498.796587
1780980331.793989,0.000993722,77140,6,621.018756
1780980331.795006,0.001005749,110576,8,879.551459
1780980331.795989,0.000993712,78522,5,632.150965
1780980331.796987,0.000997423,98926,7,793.452728
1780980331.797989,0.000998934,90172,6,722.145807
1780980331.799006,0.001006861,81418,5,646.905581
1780980331.799986,0.000993497,88724,6,714.437990
1780980331.801002,0.001006160,101756,6,809.064165
1780980331.801986,0.001004918,85762,5,682.738293
1780980331.802987,0.000989009,106034,5,857.698969
1780980331.804034,0.001009007,62462,3,495.235415
1780980331.804982,0.000991208,71414,7,576.379529
1780980331.805984,0.001009202,85894,7,680.886483
1780980331.806987,0.000990438,78588,6,634.773706
1780980331.807992,0.001006138,96030,7,763.553310
1780980331.808987,0.000995384,80102,7,643.787724
1780980331.809989,0.001001346,109062,7,871.323199
1780980331.810999,0.001008576,81418,5,645.805571
1780980331.812997,0.001993548,189032,12,758.575163
1780980331.814001,0.000994843,84248,4,677.477753
1780980331.814991,0.001000339,103138,5,824.824385
1780980331.815989,0.001001070,82800,4,661.691990
1780980331.816997,0.001008473,84248,4,668.321314
1780980331.817983,0.000999655,87210,5,697.920783
1780980331.819007,0.001003535,57132,10,455.445998
1780980331.819995,0.000997131,109062,7,875.006393
1780980331.820990,0.000994618,75692,6,608.812630
1780980331.822001,0.001007637,94582,7,750.921215
1780980331.822992,0.000987908,96096,8,778.177725
1780980331.823993,0.001004189,81418,5,648.626902
1780980331.824986,0.000995360,90172,6,724.738788
1780980331.825995,0.001009807,101756,6,806.142164
1780980331.826990,0.000990155,85828,6,693.451025
1780980331.827992,0.001005760,104652,6,832.421254
1780980331.828993,0.000996034,82800,4,665.037539
1780980331.829984,0.001008519,108930,5,864.078912
1780980331.830994,0.000997000,78456,4,629.536610
1780980331.831987,0.000992839,52656,8,424.286314
1780980331.832981,0.001007932,78720,8,624.804054
1780980331.833989,0.000992191,88856,8,716.442701
1780980331.834996,0.001008964,81484,6,646.080534
1780980331.835994,0.000998935,96096,8,769.587611
1780980331.836996,0.001002038,97478,7,778.237951
1780980331.837993,0.000996349,93068,6,747.272291
1780980331.838991,0.000993806,81418,5,655.403570
1780980331.839992,0.001005984,87276,6,694.054776
1780980331.840994,0.000993790,103204,6,830.791213
1780980331.841985,0.000999961,82866,5,662.953855
1780980331.843012,0.001013993,104652,6,825.662505
1780980331.843992,0.000989040,84314,5,681.986573
1780980331.844993,0.001002847,85696,4,683.621729
1780980331.845998,0.001003804,85696,4,682.969982
1780980331.846990,0.000998045,64306,9,515.455716
1780980331.847990,0.000993432,96030,7,773.319160
1780980331.848990,0.001002624,91686,7,731.568365
1780980331.849982,0.001008576,94516,6,749.698585
1780980331.850977,0.000988616,95964,6,776.552271
1780980331.851992,0.001000451,94516,6,755.787140
1780980331.852992,0.001002892,82866,5,661.016341
1780980331.853987,0.000996871,87276,6,700.399550
1780980331.854985,0.001009257,81418,5,645.369812
1780980331.855989,0.000989768,104652,6,845.870952
1780980331.856985,0.000999785,87210,5,697.830033
1780980331.857984,0.001000019,101690,5,813.504543
1780980331.858994,0.001003391,85696,4,683.251096
1780980331.859992,0.001010851,58448,8,462.564710
1780980331.860977,0.000990708,85828,6,693.063950
1780980331.861977,0.001003381,100440,8,800.812453
1780980331.862989,0.001002875,93134,7,742.936059
1780980331.863989,0.000988912,98926,7,800.281522
1780980331.865001,0.001012036,75626,5,597.812726
1780980331.865999,0.001000646,84314,5,674.076547
1780980331.866975,0.000987195,91620,6,742.467294
1780980331.868023,0.001014668,81418,5,641.928197
1780980331.869040,0.000995036,85762,5,689.518771
1780980331.869982,0.000992716,84248,4,678.929321
1780980331.870993,0.001009573,82800,4,656.118973
1780980331.872001,0.000988653,82800,4,670.002519
1780980331.873002,0.001000089,108930,5,871.362449
1780980331.874004,0.001001547,78456,4,626.678528
1780980331.875050,0.001010683,62792,8,497.026268
1780980331.876050,0.000995436,68452,6,550.126779
1780980331.877025,0.001000207,77140,6,616.992283
1780980331.878003,0.000992388,98926,7,797.478406
1780980331.878982,0.001001010,74178,5,592.825247
1780980331.880086,0.001008508,97412,6,772.721684
1780980331.880997,0.001004452,79970,5,636.924413
1780980331.882020,0.000994308,72730,5,585.170792
1780980331.883057,0.000999184,101756,6,814.712806
1780980331.884009,0.000992938,85762,5,690.975670
1780980331.884998,0.000999698,82800,4,662.600105
1780980331.885972,0.000999626,84248,4,674.236164
1780980331.886983,0.000999503,82800,4,662.729377
1780980331.887979,0.001000066,85696,4,685.522755
1780980331.888982,0.001000714,87408,8,698.765082
1780980331.890050,0.001013064,65754,9,519.248537
1780980331.891012,0.000999332,88790,7,710.794811
1780980331.892009,0.000992176,65490,5,528.051475
1780980331.893000,0.001003512,93134,7,742.464465
1780980331.893968,0.000995415,96030,7,771.778605
1780980331.895017,0.001010148,78522,5,621.865311
1780980331.895970,0.000985665,93068,6,755.372261
1780980331.897060,0.001003111,81418,5,649.323953
1780980331.897998,0.001000557,81418,5,650.981403
1780980331.899046,0.001004995,87210,5,694.212409
1780980331.900002,0.000991738,84248,4,679.598846
1780980331.900983,0.001000124,103138,5,825.001700
1780980331.901978,0.001011232,84248,4,666.497896
1780980331.903001,0.000999558,85696,4,685.871155
1780980331.903998,0.000988986,103138,5,834.292902
1780980331.905027,0.001012039,57066,9,451.097240
1780980331.906020,0.000989260,82932,6,670.658876
1780980331.906992,0.001003221,85894,7,684.945790
1780980331.907994,0.000997883,98926,7,793.086965
1780980331.908967,0.001005628,85762,5,682.256262
1780980331.909986,0.000992242,90172,6,727.016192
1780980331.911003,0.001001417,78522,5,627.287134
1780980331.912073,0.000998555,109062,7,873.758581
1780980331.912975,0.001002464,85762,5,684.409615
1780980331.914009,0.000997445,82800,4,664.096767
1780980331.915023,0.001000389,84248,4,673.721922
1780980331.915981,0.001008598,85696,4,679.723735
1780980331.916971,0.000991896,101690,5,820.166630
1780980331.917958,0.000998435,65490,5,524.741220
1780980331.919021,0.001011299,68518,7,542.019719
1780980331.920000,0.000989608,84446,7,682.662226
1780980331.920979,0.001000165,75692,6,605.436103
1780980331.921999,0.001000799,107614,7,860.224680
1780980331.923020,0.001006972,64042,5,508.788725
1780980331.923998,0.000992218,94516,6,762.058338
1780980331.924964,0.000998977,82866,5,663.606870
1780980331.925992,0.001012117,88724,6,701.294416
1780980331.927004,0.001003364,81418,5,649.160225
1780980331.928024,0.000993342,84314,5,679.033002
1780980331.928986,0.000998869,84314,5,675.275737
1780980331.930006,0.001006863,104586,5,830.984950
1780980331.930990,0.000992262,82800,4,667.565623
1780980331.932002,0.001004805,77338,9,615.745344
1780980331.933016,0.000999425,49562,5,396.724116
1780980331.933980,0.000991382,93134,7,751.548848
1780980331.935030,0.001009639,94516,6,748.909264
1780980331.935995,0.000989331,77140,6,623.775056
1780980331.937012,0.001014102,110510,7,871.786073
1780980331.937994,0.000985762,79970,5,649.000469
1780980331.939008,0.001001135,81418,5,650.605563
1780980331.939985,0.000997953,81418,5,652.680036
1780980331.940964,0.000999731,88724,6,709.982985
1780980331.941996,0.001006528,84248,4,669.612768
1780980331.943022,0.001007266,84248,4,669.122158
1780980331.944007,0.000990729,85696,4,691.983378
1780980331.944995,0.000996385,85696,4,688.055320
1780980331.945990,0.001000945,69966,7,559.199556
1780980331.947034,0.001006645,65490,5,520.461533
1780980331.947960,0.000991422,82998,7,669.728935
1780980331.948982,0.001001038,93134,7,744.299417
1780980331.949977,0.000999276,81484,6,652.344297
1780980331.951039,0.001005561,97412,6,774.986301
1780980331.952003,0.001003954,79970,5,637.240352
1780980331.953029,0.000998170,91620,6,734.303776
1780980331.953992,0.001005192,81418,5,647.979689
1780980331.954992,0.000987464,63976,4,518.305477
1780980331.955966,0.001004439,109062,7,868.640107
1780980331.956986,0.001007715,81352,4,645.833395
1780980331.958009,0.000996668,82800,4,664.614495
1780980331.959033,0.000997136,85696,4,687.537106
1780980331.959997,0.000994178,101690,5,818.284050
1780980331.960996,0.001008751,88658,5,703.111075
1780980331.962011,0.000998241,65688,8,526.429990
1780980331.963005,0.001005715,68452,6,544.504159
1780980331.963981,0.000986676,74244,6,601.972684
1780980331.964983,0.001006899,96030,7,762.976227
1780980331.966163,0.000996641,81418,5,653.539238
1780980331.967000,0.000997191,91620,6,735.024684
1780980331.967981,0.001000510,97412,6,778.898762
1780980331.968999,0.001009290,82866,5,656.826086
1780980331.969969,0.000989951,69834,5,564.343084
1780980331.970989,0.001000121,101690,5,813.421576
1780980331.971960,0.000999662,85762,5,686.327979
1780980331.972992,0.001013526,84248,4,664.989354
1780980331.974007,0.000987132,85696,4,694.504889
1780980331.975044,0.001010294,79904,4,632.718793
1780980331.976254,0.000989564,88592,4,716.210371
1780980331.977070,0.001012735,84248,4,665.508746
1780980332.002704,0.000994736,43968,8,353.605379
1780980332.002764,0.001005636,74178,5,590.098207
1780980332.002784,0.000990471,75692,6,611.361665
1780980332.002802,0.000995589,82932,6,666.395470
1780980332.002818,0.001000301,80036,6,640.095331
1780980332.002832,0.001006435,97412,6,774.313294
1780980332.002846,0.001006121,91620,6,728.500846
1780980332.002863,0.000987317,79970,5,647.978309
1780980332.002880,0.001009168,90172,6,714.822507
1780980332.002895,0.000993686,82800,4,666.608969
1780980332.002910,0.001000511,81418,5,651.011333
1780980332.002927,0.000998643,107548,6,861.553128
1780980332.002944,0.001006767,82800,4,657.947668
1780980332.002959,0.000995392,82800,4,665.466469
1780980332.002973,0.001003558,84248,4,671.594467
1780980332.002990,0.000995702,90040,4,723.429299
1780980332.003007,0.001002119,98794,5,788.680785
1780980332.003022,0.001000114,47062,11,376.453084
1780980332.003036,0.000995146,78522,5,631.240039
1780980332.003051,0.001002385,68452,6,546.313043
1780980332.003065,0.002005145,181858,13,725.565483
1780980332.003078,0.000993188,94516,6,761.314071
1780980332.003095,0.001002076,78522,5,626.874608
1780980332.003112,0.000996607,98860,6,793.572592
1780980332.003173,0.001004330,72730,5,579.331495
1780980332.003996,0.001001019,101756,6,813.219330
1780980332.005000,0.001002366,85828,6,685.003282
1780980332.006022,0.000992559,85696,4,690.707555
1780980332.007009,0.001003333,101690,5,810.817545
1780980332.007973,0.000997937,62462,3,500.729004
1780980332.008968,0.001002044,84248,4,672.609187
1780980332.009978,0.000996491,83064,8,666.851984
1780980332.011016,0.001004368,51208,8,407.882370
1780980332.012006,0.000995638,93134,7,748.336243
1780980332.012985,0.001000453,81550,7,652.104597
1780980332.014015,0.000999948,80036,6,640.321297
1780980332.015011,0.001001688,93068,6,743.289328
1780980332.015982,0.001011800,97412,6,770.207551
1780980332.016959,0.000985684,79970,5,649.051826
1780980332.017998,0.001008305,91620,6,726.922905
1780980332.019013,0.001002698,84314,5,672.697063
1780980332.019994,0.000996874,84380,6,677.156792
1780980332.020991,0.000992557,85696,4,690.708947
1780980332.022028,0.001008902,81352,4,645.073555
1780980332.022995,0.000996761,71150,3,571.049630
1780980332.023984,0.001001119,95898,5,766.326481
1780980332.024963,0.000992871,49892,10,402.001871
1780980332.025996,0.001000220,90238,7,721.745216
1780980332.027037,0.001009700,84380,6,668.555016
1780980332.027991,0.000998353,91686,7,734.698048
1780980332.029017,0.000996944,77074,5,618.482081
1780980332.030000,0.000998705,110510,7,885.226368
1780980332.030997,0.000996637,82866,5,665.164950
1780980332.031999,0.000999425,88724,6,710.200365
1780980332.033003,0.001012008,103204,6,815.835448
1780980332.034022,0.000989707,84248,4,680.993466
1780980332.035010,0.000998628,84248,4,674.909976
1780980332.036038,0.001012395,82800,4,654.290075
1780980332.037007,0.000988249,82800,4,670.276418
1780980332.037975,0.000999984,106034,5,848.285573
1780980332.038990,0.001006482,46600,4,370.399073
1780980332.039997,0.000994798,87276,6,701.859071
1780980332.040988,0.001006954,87342,7,693.910546
1780980332.042020,0.000995897,84380,6,677.821100
1780980332.043014,0.001003247,85828,6,684.401748
1780980332.044015,0.000991807,85828,6,692.295981
1780980332.045009,0.001000641,97412,6,778.796791
1780980332.045957,0.000998927,88724,6,710.554425
1780980332.046993,0.001004751,84314,5,671.322547
1780980332.047983,0.000995621,85828,6,689.643951
1780980332.049003,0.001011661,103138,5,815.593366
1780980332.050015,0.001000148,63976,4,511.732264
1780980332.051032,0.000996108,82800,4,664.988134
1780980332.052031,0.001003911,87144,4,694.436061
1780980332.052987,0.000988459,61344,8,496.481898
1780980332.053962,0.000999681,80036,6,640.492317
1780980332.056007,0.002006511,179028,14,713.788262
1780980332.056983,0.000994228,94516,6,760.517708
1780980332.058025,0.000999792,78522,5,628.306688
1780980332.059011,0.001005326,81418,5,647.893320
1780980332.060026,0.000994229,79970,5,643.473485
1780980332.060998,0.001000712,91620,6,732.438504
1780980332.061980,0.001000799,84314,5,673.973495
1780980332.062999,0.001000508,84314,5,674.169522
1780980332.063990,0.001003023,104586,5,834.166315
1780980332.065057,0.001006782,65358,3,519.341824
1780980332.065997,0.000992551,101690,5,819.625390
1780980332.067033,0.000996697,80102,7,642.939630
1780980332.067986,0.001004020,57066,9,454.700106
1780980332.069000,0.000995708,93068,6,747.753357
1780980332.069956,0.000998642,80102,7,641.687412
1780980332.070990,0.001005466,80036,6,636.807212
1780980332.072000,0.001004130,93068,6,741.481681
1780980332.073104,0.000991232,95964,6,774.502841
1780980332.074010,0.001003958,91620,6,730.070381
1780980332.075043,0.001003748,81418,5,648.911878
1780980332.076002,0.001002534,82866,5,661.252386
1780980332.076988,0.001000531,79970,5,639.420468
1780980332.077997,0.000994722,90106,5,724.672823
1780980332.078986,0.000998515,81352,4,651.783899
1780980332.080047,0.001001381,84248,4,673.054512
1780980332.081092,0.000994579,107482,5,864.542686
1780980332.082037,0.001010378,79904,4,632.666190
1780980332.083013,0.000991279,67070,7,541.280507
1780980332.084013,0.001003032,56934,7,454.095183
1780980332.084994,0.001004402,101888,8,811.531638
1780980332.085958,0.000990940,74244,6,599.382405
1780980332.086990,0.001004176,82932,6,660.696930
1780980332.087994,0.000995693,95964,6,771.032838
1780980332.088990,0.000999972,91620,6,732.980523
1780980332.090004,0.001008994,82866,5,657.018773
1780980332.091053,0.000992059,81418,5,656.557725
1780980332.092019,0.001008885,104718,7,830.366196
1780980332.092993,0.000989655,82866,5,669.857678
1780980332.093979,0.001000101,85762,5,686.026711
1780980332.094979,0.001000501,107482,5,859.425428
1780980332.095989,0.001008739,79904,4,633.694147
1780980332.096996,0.000993389,107482,5,865.578338
1780980332.097988,0.001003205,50944,4,406.249969
1780980332.099041,0.000996350,61410,9,493.079741
1780980332.100013,0.000998415,80036,6,641.304468
1780980332.100990,0.001006434,113472,8,901.972708
1780980332.101990,0.001003355,82932,6,661.237548
1780980332.102985,0.000997559,90172,6,723.141188
1780980332.103960,0.000997466,81418,5,652.998699
1780980332.105021,0.001007406,84314,5,669.553288
1780980332.106004,0.000991330,88724,6,715.999718
1780980332.107042,0.000999138,62528,4,500.655565
1780980332.108044,0.001008430,58514,9,464.198804
1780980332.109003,0.001000834,82998,7,663.430699
1780980332.109973,0.000987864,90304,8,731.307143
1780980332.110993,0.001009334,88790,7,703.751186
1780980332.112125,0.000990724,98926,7,798.817834
1780980332.112989,0.001000185,78522,5,628.059809
1780980332.114018,0.001012455,40676,2,321.404902
1780980332.117090,0.000998444,90172,6,722.500210
1780980332.117150,0.000989965,77074,5,622.842222
1780980332.117169,0.001005471,88658,5,705.404731
1780980332.118009,0.000993535,84248,4,678.369660
1780980332.119033,0.001004277,59566,3,474.498570
1780980332.120024,0.001009024,85696,4,679.436763
1780980332.121019,0.000998479,62462,3,500.457195
1780980332.122000,0.000987818,51010,5,413.112537
1780980332.122996,0.001000278,85894,7,686.961025
1780980332.123999,0.000999610,72730,5,582.067006
1780980332.124979,0.001006675,90238,7,717.117242
1780980332.126016,0.000994310,71282,5,573.519325
1780980332.127007,0.001008596,88724,6,703.742628
1780980332.127991,0.001000747,98860,6,790.289654
1780980332.129042,0.001004321,43638,3,347.602012
1780980332.129994,0.000999556,94384,4,755.407401
1780980332.134694,0.000990390,94516,6,763.464898
1780980332.134762,0.000999367,82866,5,663.347899
1780980332.134781,0.000995893,50812,2,408.172364
1780980332.134799,0.000999916,84248,4,674.040619
1780980332.135130,0.001003281,65358,3,521.154093
1780980332.138530,0.000999386,72664,4,581.669145
1780980332.138684,0.000998041,92936,4,744.947352
1780980332.138736,0.001008443,62462,3,495.512389
1780980332.139006,0.000997452,26130,1,209.573995
1780980332.140029,0.001002696,36332,2,289.874498
1780980332.141053,0.000992953,88526,3,713.234161
1780980332.142005,0.001002999,94318,3,752.287889
1780980332.143012,0.000996950,62396,2,500.695120
1780980332.143982,0.000998408,92870,3,744.144678
1780980332.145000,0.001003367,62396,2,497.492941
1780980332.146002,0.000997691,95766,3,767.901084
1780980332.147006,0.001006732,60948,2,484.323534
1780980332.147984,0.001004312,43788,2,348.799975
1780980332.148972,0.000987054,68254,3,553.193645
1780980332.151057,0.002004236,153818,5,613.971608
1780980332.151985,0.001003061,95766,3,763.790039
1780980332.152985,0.001006256,85630,3,680.781034
1780980332.154439,0.000986944,68254,3,553.255301
1780980332.155020,0.001013245,59500,2,469.777793
1780980332.156029,0.000997954,52326,3,419.466228
1780980332.156995,0.000991048,77140,6,622.694360
1780980332.158025,0.001010296,80102,7,634.285398
1780980332.159014,0.000993169,75692,6,609.700867
1780980332.159976,0.000997714,93134,7,746.779137
1780980332.160976,0.000999057,82932,6,664.082230
1780980332.162451,0.001010540,53998,3,427.478378
1780980332.163012,0.000996735,46468,2,372.961720
1780980332.164016,0.000990745,87144,4,703.664414
1780980332.170069,0.001011373,77008,4,609.136293
1780980332.170137,0.000987786,88592,4,717.499539
1780980332.170156,0.001006636,88592,4,704.063832
1780980332.170176,0.000994540,53774,3,432.553743
1780980332.170194,0.001002560,62462,3,498.420045
1780980332.170210,0.001008094,91488,4,726.027533
1780980332.171026,0.001000504,95898,5,766.797534
1780980332.172037,0.001002251,62462,3,498.573711
1780980332.173017,0.000990977,59500,2,480.334054
1780980332.173999,0.000995271,97346,5,782.468293
1780980332.174984,0.001000778,92936,4,742.910016
1780980332.175993,0.001009575,58342,3,462.309388
1780980332.187351,0.000989722,34884,2,281.970089
1780980332.187418,0.001008909,88526,3,701.954289
1780980332.187436,0.000996114,80168,8,643.845985
1780980332.187451,0.000998151,82998,7,665.213981
1780980332.187466,0.000997199,90304,8,724.461216
1780980332.187480,0.001009354,82932,6,657.307545
1780980332.187497,0.000992903,84314,5,679.333228
1780980332.187512,0.001005342,95964,6,763.632674
1780980332.187526,0.000993594,81418,5,655.543411
1780980332.187540,0.000998235,88724,6,711.046998
1780980332.187554,0.001011964,84314,5,666.537545
1780980332.187971,0.000988305,40676,2,329.258680
1780980332.189010,0.001011094,43572,2,344.751329
1780980332.189974,0.000990332,76942,3,621.545098
1780980332.190991,0.001000691,87210,5,697.198236
1780980332.191982,0.000997228,88658,5,711.235545
1780980332.206543,0.001000222,103138,5,824.920868
1780980332.206611,0.000999801,57000,8,456.090762
1780980332.206631,0.001000352,42190,3,337.401235
1780980332.206649,0.001012560,97478,7,770.150905
1780980332.206664,0.000988242,85894,7,695.327663
1780980332.206679,0.001010942,72796,6,576.064700
1780980332.206701,0.000987732,95964,6,777.247270
1780980332.206715,0.000999800,91620,6,733.106621
1780980332.206730,0.001002636,81418,5,649.631571
1780980332.206745,0.001009261,97412,6,772.145164
1780980332.206759,0.000998416,90172,6,722.520472
1780980332.206773,0.000993127,85762,5,690.844172
1780980332.206790,0.001000705,82800,4,661.933337
1780980332.206807,0.001007505,84248,4,668.963429
1780980332.206991,0.000990103,85696,4,692.420890
1780980332.207981,0.000998704,103138,5,826.174722
1780980332.208976,0.001001141,58448,8,467.051095
1780980332.210109,0.001010822,81484,6,644.892968
1780980332.211017,0.001002248,85828,6,685.083931
1780980332.212027,0.000997594,82932,6,665.056125
1780980332.212961,0.000987875,94516,6,765.408579
1780980332.213950,0.001002642,93068,6,742.582098
1780980332.215000,0.001008237,84314,5,669.001435
1780980332.215972,0.000989297,87276,6,705.761768
1780980332.216990,0.001004189,84314,5,671.698256
1780980332.218031,0.001007548,103204,6,819.446815
1780980332.218967,0.000988390,84248,4,681.900869
1780980332.251674,0.001000129,103138,5,824.997575
1780980332.267401,0.001011425,84248,4,666.370715
1780980332.309197,0.000998701,56868,6,455.535741
1780980332.314381,0.000989623,87276,6,705.529277
1780980332.314455,0.001001477,66938,5,534.714227
1780980332.314510,0.000998768,97478,7,780.785928
1780980332.314545,0.001006630,95964,6,762.655593
1780980332.314571,0.000995031,75626,5,608.029298
1780980332.314610,0.000998241,98860,6,792.273609
1780980332.314653,0.000999930,85762,5,686.144030
1780980332.314711,0.001003277,85828,6,684.381283
1780980332.314754,0.001003013,79970,5,637.838194
1780980332.314793,0.000994461,87276,6,702.096915
1780980332.314834,0.001005623,103138,5,820.490383
1780980332.314876,0.001006468,84248,4,669.652686
1780980332.314925,0.000988137,85696,4,693.798532
1780980332.314993,0.001007237,84248,4,669.141424
1780980332.315051,0.000992918,104586,5,842.655688
1780980332.315113,0.000998803,69900,6,559.870165
1780980332.315152,0.001003175,55684,10,444.062103
1780980332.315182,0.001006686,78522,5,624.003910
1780980332.315203,0.000990082,93134,7,752.535649
1780980332.315253,0.001001037,77074,5,615.953256
1780980332.315309,0.001000884,81418,5,650.768720
1780980332.315350,0.000998330,91620,6,734.186091
1780980332.315390,0.001013178,103204,6,814.893336
1780980332.315431,0.000986389,84314,5,683.819467
1780980332.315456,0.001001868,101756,6,812.530194
1780980332.315498,0.000998330,65424,4,524.267527
1780980332.315573,0.001004518,104586,5,832.924846
1780980332.315601,0.000997746,87144,4,698.726931
1780980332.315623,0.000999831,78456,4,627.754090
1780980332.315679,0.000999093,52590,7,421.101939
1780980332.316027,0.001008358,88790,7,704.432354
1780980332.316595,0.000990962,90238,7,728.488075
1780980332.325291,0.001012824,97478,7,769.950159
1780980332.327207,0.000988142,82932,6,671.417671
1780980332.327264,0.001012313,82866,5,654.864652
1780980332.327284,0.000990817,88724,6,716.370430
1780980332.327300,0.001002358,78522,5,626.698246
1780980332.327316,0.000996634,111892,6,898.159204
1780980332.327333,0.001007195,84314,5,669.693555
1780980332.327350,0.001003301,81352,4,648.674725
1780980332.327365,0.000986000,82800,4,671.805274
1780980332.327380,0.001010461,92936,4,735.790891
1780980332.327397,0.000990766,74112,4,598.421827
1780980332.327415,0.001011214,71612,10,566.542789
1780980332.327437,0.000998798,75626,5,605.736095
1780980332.327456,0.000989013,80036,6,647.400995
1780980332.327474,0.001005706,94582,7,752.363017
1780980332.327489,0.001003171,77074,5,614.642967
1780980332.327504,0.001004703,98926,7,787.703431
1780980332.327521,0.000987023,93068,6,754.332979
1780980332.327536,0.000998719,82866,5,663.778300
1780980332.327550,0.001008489,81418,5,645.861284
1780980332.327564,0.000991718,88724,6,715.719590
1780980332.327578,0.001009716,81418,5,645.076437
1780980332.327592,0.000996275,84314,5,677.033951
1780980332.327609,0.000993990,85696,4,689.713176
1780980332.327626,0.001000162,90040,4,720.203327
1780980332.327646,0.001013905,74112,4,584.764845
1780980332.327661,0.000989090,87474,9,707.510944
1780980332.327678,0.001008030,74244,6,589.220559
1780980332.327693,0.000990086,97478,7,787.632589
1780980332.327708,0.001001389,78522,5,627.304674
1780980332.327722,0.000997598,95964,6,769.560484
1780980332.327747,0.001002627,91620,6,731.039559
1780980332.327766,0.001002403,84314,5,672.895033
1780980332.327781,0.000994566,87276,6,702.022792
1780980332.327795,0.001001839,106100,6,847.241922
1780980332.327812,0.001009228,79904,4,633.387104
1780980332.327830,0.000992201,87210,5,703.163976
1780980332.327844,0.001005475,84248,4,670.314031
1780980332.327859,0.001000423,101690,5,813.176027
1780980332.327873,0.001002218,57000,8,454.990830
1780980332.327888,0.000995619,79970,5,642.575122
1780980332.327903,0.000993227,71348,6,574.676282
1780980332.327919,0.001003680,98992,8,789.032361
1780980332.327937,0.001008038,94516,6,750.098707
1780980332.327952,0.000988503,78522,5,635.482138
1780980332.327966,0.000999962,94516,6,756.156734
1780980332.327980,0.001000725,93068,6,744.004597
1780980332.327994,0.001009726,82866,5,656.542468
1780980332.328008,0.001003310,84314,5,672.286731
1780980332.328032,0.000997171,104586,5,839.061706
1780980332.328063,0.000989381,81352,4,657.801191
1780980332.328078,0.000999748,84248,4,674.153887
1780980332.328093,0.001001697,84248,4,672.842187
1780980332.328107,0.000999424,55420,6,443.615523
1780980332.328125,0.001010327,93134,7,737.456289
1780980332.328139,0.001000359,82998,7,663.745715
1780980332.328153,0.000996504,78588,6,630.909660
1780980332.328167,0.000993842,94516,6,760.813087
1780980332.328184,0.000998342,114854,7,920.357953
1780980332.328203,0.001000092,78522,5,628.118213
1780980332.328219,0.001000260,0,0,0.000000
1780980332.328236,0.001012900,8754,1,69.140093
1780980332.328253,0.000989789,124924,6,1009.702068
1780980332.328270,0.000998084,82866,5,664.200608
1780980332.328286,0.001000485,82866,5,662.606636
1780980332.328307,0.001009680,84314,5,668.045321
1780980332.328327,0.000993943,84248,4,678.091198
1780980332.328344,0.000998520,82800,4,663.381805
1780980332.328360,0.000998627,82800,4,663.310726
1780980332.328374,0.001005167,91620,6,729.192264
1780980332.328388,0.001001146,62726,7,501.233586
1780980332.328402,0.000995990,97478,7,782.963684
1780980332.328422,0.001006058,77140,6,613.403999
1780980332.328440,0.000988796,78588,6,635.827815
1780980332.329156,0.000999648,94516,6,756.394251
1780980332.330004,0.001012336,94516,6,746.914068
1780980332.330998,0.000987955,87210,5,706.186010
1780980332.331999,0.001000511,87276,6,697.851398
1780980332.332983,0.001002402,85762,5,684.451946
1780980332.334040,0.001009147,104718,7,830.150612
1780980332.334977,0.000989349,61014,3,493.366850
1780980332.335958,0.000998153,84314,5,675.760129
1780980332.336984,0.001013968,42124,2,332.349739
1780980332.337970,0.000986035,72598,3,589.009518
1780980332.339043,0.001001443,92936,4,742.416693
1780980332.339970,0.000998592,87144,4,698.134974
1780980332.340979,0.001008622,63056,12,500.135829
1780980332.341984,0.000994829,78522,5,631.441182
1780980332.343011,0.000997024,84446,7,677.584491
1780980332.344022,0.001008823,82998,7,658.176905
1780980332.344974,0.000991099,78522,5,633.817611
1780980332.345996,0.001000324,110510,7,883.793651
1780980332.347008,0.001002072,81418,5,649.997206
1780980332.347992,0.001001716,90172,6,720.140239
1780980332.349048,0.001006093,82866,5,658.913242
1780980332.349987,0.001004056,103204,6,822.296764
1780980332.350999,0.000989146,1514,1,12.244906
1780980332.351992,0.001008887,0,0,0.000000
1780980332.352986,0.000999971,0,0,0.000000
1780980332.354020,0.000987748,58052,2,470.176604
1780980332.355021,0.001003835,84248,4,671.409146
1780980332.355982,0.000996618,65664,4,527.094634
1780980332.356961,0.001004299,62462,3,497.557002
1780980332.358005,0.001005028,62396,2,496.670740
1780980332.358997,0.001000408,95832,4,766.343332
1780980332.360010,0.001001643,62462,3,498.876346
1780980332.360999,0.000996846,91422,3,733.690058
1780980332.361990,0.001002176,62462,3,498.611022
1780980332.363021,0.000993656,63844,2,514.012898
1780980332.363992,0.001003626,95766,3,763.360056
1780980332.364973,0.000991407,79904,4,644.772530
1780980332.365994,0.001000383,75758,7,605.831966
1780980332.367002,0.001004300,57000,8,454.047595
1780980332.369043,0.001996108,170274,13,682.423997
1780980332.370004,0.001005424,97544,8,776.142205
1780980332.371008,0.000994281,79970,5,643.439832
1780980332.372002,0.001012707,98860,6,780.956387
1780980332.372981,0.000989836,90172,6,728.783354
1780980332.373978,0.000999142,81418,5,651.903333
1780980332.375107,0.000999924,87276,6,698.261068
1780980332.376250,0.001004178,82866,5,660.169811
1780980332.377040,0.001009636,85696,4,679.024916
1780980332.377956,0.000987961,103138,5,835.158473
1780980332.378992,0.001001695,88592,4,707.536725
1780980332.382362,0.001007032,100242,5,796.336164
1780980332.382467,0.000987722,63976,4,518.170092
1780980332.382495,0.001015282,58580,10,461.586042
1780980332.382989,0.000997324,100374,7,805.146572
1780980332.383987,0.000987021,88790,7,719.660473
1780980332.384987,0.001007989,94516,6,750.135170
1780980332.386469,0.000997852,75626,5,606.310355
1780980332.392778,0.000995676,111958,7,899.553670
1780980332.392858,0.000998924,94516,6,756.942470
1780980332.392892,0.001000300,82866,5,662.729181
1780980332.392909,0.000999745,81418,5,651.510135
1780980332.392926,0.000999644,88658,5,709.516588
1780980332.392944,0.001008337,85696,4,679.899676
1780980332.398502,0.000999726,104652,6,837.445460
1780980332.398578,0.000992253,82800,4,667.571678
1780980332.398597,0.001007502,79904,4,634.472190
1780980332.398616,0.000992506,87144,4,702.415905
1780980332.398633,0.001000751,72862,7,582.458574
1780980332.398649,0.001010950,68980,14,545.862802
1780980332.399000,0.000996878,69834,5,560.421636
1780980332.399978,0.000992703,88724,6,715.009424
1780980332.400980,0.001003317,78522,5,626.099229
1780980332.402002,0.000997275,78522,5,629.892457
1780980332.403009,0.001002765,93068,6,742.491012
1780980332.404015,0.000999294,97412,6,779.846572
1780980332.404994,0.001003092,79970,5,637.787960
1780980332.405976,0.000997929,93068,6,746.089151
1780980332.406998,0.001004902,84248,4,670.696247
1780980332.408001,0.000994038,82800,4,666.372915
1780980332.408979,0.000996086,104586,5,839.975665
1780980332.409991,0.001000562,62660,6,500.998439
1780980332.411042,0.001000604,70032,8,559.917810
1780980332.412024,0.001011217,72796,6,575.908040
1780980332.413138,0.000989603,84446,7,682.665675
1780980332.413983,0.001000967,91686,7,732.779402
1780980332.414988,0.000996950,80036,6,642.246853
1780980332.415985,0.001002527,95964,6,765.776882
1780980332.416997,0.000999127,91620,6,733.600433
1780980332.418043,0.001004943,97412,6,775.462887
1780980332.419018,0.001003388,90172,6,718.940230
1780980332.420025,0.001002137,81418,5,649.955046
1780980332.420986,0.000995806,85696,4,688.455382
1780980332.421984,0.000997550,103138,5,827.130470
1780980332.422999,0.000997552,66806,3,535.759539
1780980332.424002,0.000998660,100242,5,803.012036
1780980332.424981,0.000999921,85696,4,685.622164
1780980332.425979,0.001009647,45548,10,360.902375
1780980332.427045,0.001003482,88724,6,707.329080
1780980332.427977,0.000986486,78588,6,637.316698
1780980332.429010,0.001007388,78588,6,624.093199
1780980332.430011,0.001004363,100440,8,800.029471
1780980332.430987,0.000991750,91620,6,739.057222
1780980332.431955,0.000995574,79970,5,642.604166
1780980332.433012,0.001012867,81418,5,643.069623
1780980332.433992,0.000987493,107614,7,871.815800
1780980332.435022,0.001003019,82800,4,660.406234
1780980332.435995,0.000997170,85762,5,688.043162
1780980332.436987,0.001001925,104586,5,835.080470
1780980332.437999,0.001007187,82800,4,657.673302
1780980332.440025,0.001998547,145856,16,583.848166
1780980332.440980,0.000993712,71348,6,574.395801
1780980332.442108,0.001012431,98926,7,781.690802
1780980332.443026,0.000995621,81484,6,654.739103
1780980332.444000,0.000989908,107614,7,869.688900
1780980332.444985,0.001000838,79970,5,639.224330
1780980332.445990,0.001005132,79970,5,636.493515
1780980332.446995,0.001006005,90172,6,717.069995
1780980332.447963,0.000993524,82800,4,666.717664
1780980332.448984,0.001003083,81352,4,648.815701
1780980332.449970,0.000991769,85696,4,691.257742
1780980332.451029,0.001011329,82800,4,654.979735
1780980332.452001,0.000990955,91488,4,738.584497
1780980332.452992,0.001007279,75560,4,600.111786
1780980332.453967,0.000999719,75824,8,606.762500
1780980332.454998,0.000999388,68452,6,547.951346
1780980332.456011,0.000997150,87342,7,700.733089
1780980332.456988,0.001004690,82998,7,660.884452
1780980332.457973,0.001001692,93068,6,743.286359
1780980332.458985,0.000987262,88658,5,718.415172
1780980332.460007,0.001008273,88724,6,703.968072
1780980332.460986,0.000996573,78522,5,630.336162
1780980332.462018,0.001000149,88724,6,709.686257
1780980332.463018,0.000995378,81418,5,654.368491
1780980332.464037,0.001012449,88658,5,700.542941
1780980332.464992,0.000988490,100242,5,811.273761
1780980332.465956,0.000998743,90040,4,721.226582
1780980332.466979,0.001000202,77008,4,615.939580
1780980332.468062,0.001006123,88592,4,704.422819
1780980332.469142,0.001002392,59830,7,477.497825
1780980332.470192,0.000991855,58184,4,469.294403
1780980332.471015,0.000999756,72796,6,582.510132
1780980332.472025,0.001010402,81484,6,645.161035
1780980332.472965,0.000989710,109062,7,881.567328
1780980332.473982,0.001006869,66872,4,531.326320
1780980332.474988,0.000997526,90172,6,723.165110
1780980332.476011,0.001000874,101756,6,813.337143
1780980332.477001,0.000999878,85828,6,686.707778
1780980332.478005,0.001000213,81418,5,651.205293
1780980332.479028,0.001003905,106100,6,845.498329
1780980332.480001,0.000990623,82800,4,668.670120
1780980332.481013,0.001006737,88592,4,703.993198
1780980332.481973,0.000992675,101690,5,819.523006
1780980332.482992,0.001004217,43836,6,349.215359
1780980332.483998,0.001007727,74310,7,589.921675
1780980332.485018,0.000998098,94582,7,758.097902
1780980332.485992,0.000991167,81550,7,658.214004
1780980332.487036,0.001001814,94516,6,754.758867
1780980332.488010,0.001006009,90106,5,716.542297
1780980332.488996,0.000991910,82932,6,668.867135
1780980332.489984,0.001002544,98860,6,788.873107
1780980332.490964,0.000999390,93068,6,744.998449
1780980332.492025,0.001005778,81352,4,647.077188
1780980332.493001,0.000999759,84380,6,675.202724
1780980332.494037,0.001005642,85762,5,682.246764
1780980332.495007,0.000986346,82800,4,671.569611
1780980332.496036,0.001000219,104586,5,836.504805
1780980332.496977,0.001011518,88592,4,700.665732
1780980332.498000,0.000989032,35280,8,285.369937
1780980332.498989,0.001000065,104718,7,837.689550
1780980332.500006,0.000999749,78654,7,629.389977
1780980332.501019,0.001004213,80036,6,637.601784
1780980332.502019,0.000995612,93068,6,747.825458
1780980332.503089,0.001000450,100308,6,802.103054
1780980332.503968,0.001008712,87276,6,692.177747
1780980332.504967,0.000990072,79970,5,646.175228
1780980332.505997,0.001001654,85762,5,684.963071
1780980332.507009,0.001006296,104652,6,831.977867
1780980332.508025,0.000998708,65424,4,524.069097
1780980332.508995,0.000993845,82800,4,666.502322
1780980332.510004,0.001007516,81352,4,645.960957
1780980332.511015,0.000995258,84248,4,677.195260
1780980332.511988,0.001001957,103138,5,823.492425
1780980332.512959,0.000994626,87144,4,700.918737
1780980332.513974,0.001001492,58448,8,466.887404
1780980332.515040,0.001010768,71348,6,564.703275
1780980332.516016,0.000988736,91686,7,741.844132
1780980332.517018,0.001010927,84380,6,667.743566
1780980332.517992,0.000999936,97412,6,779.345878
1780980332.519023,0.000988877,74178,5,600.098900
1780980332.519962,0.001004308,100308,6,799.021814
1780980332.520960,0.000997650,87276,6,699.852654
1780980332.521981,0.000998041,82800,4,663.700189
1780980332.523014,0.000999768,81418,5,651.495147
1780980332.524021,0.001006068,107482,5,854.669863
1780980332.524991,0.000996515,81352,4,653.092026
1780980332.526015,0.000999972,84248,4,674.002872
1780980332.526999,0.001007850,84248,4,668.734435
1780980332.527991,0.000999021,80102,7,641.443974
1780980332.528987,0.000998476,43968,8,352.280876
1780980332.531061,0.001993008,186268,14,747.685910
1780980332.531996,0.001006113,77140,6,613.370466
1780980332.533040,0.001007547,96030,7,762.485522
1780980332.534013,0.000998172,94516,6,757.512733
1780980332.535000,0.000988154,85762,5,694.320926
1780980332.535985,0.001006292,87276,6,693.842344
1780980332.536980,0.000993563,87210,5,702.200062
1780980332.537994,0.001011233,104652,6,827.916019
1780980332.538995,0.000988108,82800,4,670.372065
1780980332.540031,0.001004781,82800,4,659.248135
1780980332.541018,0.001004407,85696,4,682.559958
1780980332.542014,0.000999663,84248,4,674.211209
1780980332.543022,0.000991415,79904,4,644.767328
1780980332.543991,0.001012490,61476,10,485.741094
1780980332.544989,0.000998393,84446,7,676.655385
1780980332.545996,0.000990124,90172,6,728.571371
1780980332.547005,0.000998933,78588,6,629.375544
1780980332.549040,0.002000172,178896,12,715.522465
1780980332.550041,0.001010879,90172,6,713.612608
1780980332.551012,0.001001195,84314,5,673.706920
1780980332.551991,0.000997193,85762,5,688.027293
1780980332.552959,0.000990593,101756,6,821.778470
1780980332.553967,0.000999758,85762,5,686.262075
1780980332.555007,0.001000056,84314,5,674.474229
1780980332.556077,0.000999955,87144,4,697.183373
1780980332.558040,0.002005590,167180,10,666.856137
1780980332.559010,0.000994389,64240,8,516.819876
1780980332.559986,0.001012192,78588,6,621.131169
1780980332.560993,0.000993531,100440,8,808.751815
1780980332.561970,0.001006177,78588,6,624.844337
1780980332.563021,0.000988805,93068,6,752.973539
1780980332.564014,0.001005428,100308,6,798.131741
1780980332.565015,0.000994335,79970,5,643.404889
1780980332.566009,0.000999723,90172,6,721.575877
1780980332.567047,0.001004537,81352,4,647.876584
1780980332.568005,0.001006441,85762,5,681.705137
1780980332.568982,0.000989330,84248,4,681.252969
1780980332.569972,0.001014308,103138,5,813.464944
1780980332.571000,0.000993760,85696,4,689.872806
1780980332.572132,0.001003528,48246,7,384.611092
1780980332.572972,0.000990185,85828,6,693.430016
1780980332.573995,0.001002381,90238,7,720.189229
1780980332.575009,0.001000031,82932,6,663.435434
1780980332.575969,0.001006423,93134,7,740.316944
1780980332.576992,0.001001637,95964,6,766.457309
1780980332.577983,0.000994297,81418,5,655.079921
1780980332.579013,0.001006640,88724,6,705.110069
1780980332.579989,0.000987022,103204,6,836.487940
1780980332.581012,0.001005889,84314,5,670.563054
1780980332.582011,0.000993260,84314,5,679.089060
1780980332.583030,0.001000454,81352,4,650.520664
1780980332.583993,0.001006827,84314,5,669.938331
1780980332.584959,0.000999330,85762,5,686.555993
1780980332.585993,0.001004011,55486,7,442.114678
1780980332.586989,0.000989604,100374,7,811.427601
1780980332.588011,0.001005175,87276,6,694.613376
1780980332.589018,0.001001731,81484,6,650.745559
1780980332.590031,0.000995440,91620,6,736.317608
1780980332.590983,0.000998323,78522,5,629.231221
1780980332.592001,0.001009752,108996,6,863.546693
1780980332.592964,0.000996848,81418,5,653.403528
1780980332.593965,0.000999431,84314,5,674.896016
1780980332.594996,0.000999364,84380,6,675.469599
1780980332.595978,0.000993582,106034,5,853.751376
1780980332.596998,0.001003201,81352,4,648.739385
1780980332.597999,0.001005132,54038,7,430.096744
1780980332.599038,0.000992269,90238,7,727.528523
1780980332.599974,0.000999903,74244,6,594.009619
1780980332.601022,0.001003490,97478,7,777.111880
1780980332.601966,0.001004739,79970,5,636.742477
1780980332.603012,0.001005331,97412,6,775.163603
1780980332.604016,0.001000463,90172,6,721.042157
1780980332.605001,0.000986306,81418,5,660.387344
1780980332.606008,0.001010938,88724,6,702.112296
1780980332.607037,0.000993401,84314,5,678.992673
1780980332.608032,0.001007590,100242,5,795.895156
1780980332.608989,0.000987645,63976,4,518.210491
1780980332.609982,0.000999421,107548,6,860.882451
1780980332.610985,0.001003488,81352,4,648.553844
1780980332.612010,0.001001653,85696,4,684.436626
1780980332.613011,0.001001760,55684,10,444.689347
1780980332.614015,0.001000747,93200,8,745.043453
1780980332.615000,0.000992919,81550,7,657.052589
1780980332.616019,0.001012513,77140,6,609.493409
1780980332.616995,0.000993003,109062,7,878.643871
1780980332.617970,0.001003728,80036,6,637.909872
1780980332.618984,0.000990317,82866,5,669.409896
1780980332.619999,0.001011940,109062,7,862.201316
1780980332.621023,0.000998529,82866,5,663.904604
1780980332.622015,0.001005867,79970,5,636.028421
1780980332.623023,0.000997106,87276,6,700.234479
1780980332.624001,0.000987692,87144,4,705.839472
1780980332.624986,0.001006453,79904,4,635.133484
1780980332.625957,0.000992412,84248,4,679.137294
1780980332.626986,0.001008003,77140,6,612.220400
1780980332.628021,0.000992569,77140,6,621.740151
1780980332.628996,0.001000000,90238,7,721.904000
1780980332.629994,0.001001591,79970,5,638.743759
1780980332.631002,0.001007157,93134,7,739.777413
1780980332.631999,0.000993132,95898,5,772.489458
1780980332.632966,0.001002236,82866,5,661.449000
1780980332.633981,0.000995178,90172,6,724.871330
1780980332.634979,0.001011183,84314,5,667.052354
1780980332.636009,0.000996566,84314,5,676.836256
1780980332.636996,0.001002668,84248,4,672.190595
1780980332.646574,0.000990777,84248,4,680.258020
1780980332.646640,0.001001527,81352,4,649.823719
1780980332.646658,0.001004004,85696,4,682.833933
1780980332.646674,0.000993778,85696,4,689.860311
1780980332.646692,0.001000090,103138,5,825.029747
1780980332.646995,0.001005400,42520,8,338.333002
1780980332.647056,0.001007125,91620,6,727.774606
1780980332.647145,0.000987666,90238,7,730.919157
1780980332.647199,0.000999429,84446,7,675.953970
1780980332.647267,0.001000377,78522,5,627.939267
1780980332.648000,0.001000133,93134,7,744.972919
1780980332.649072,0.001011900,79970,5,632.236387
1780980332.650043,0.000993354,98860,6,796.171355
1780980332.651075,0.001005060,93068,6,740.795574
1780980332.652037,0.000994810,79904,4,642.566922
1780980332.652985,0.000994488,85762,5,689.898722
1780980332.653956,0.000999959,82800,4,662.427160
1780980332.655007,0.001005764,84248,4,670.121420
1780980332.657054,0.002009114,191730,9,763.440999
1780980332.658043,0.000993644,78456,4,631.662849
1780980332.660070,0.001994458,131310,15,526.699484
1780980332.661001,0.000998996,91620,6,733.696631
1780980332.661974,0.001008194,91686,7,727.526647
1780980332.662982,0.001002266,81550,7,650.925004
1780980332.665033,0.001988958,173038,11,695.994586
1780980332.665980,0.001002078,98860,6,789.239959
1780980332.667057,0.000996915,87210,5,699.839003
1780980332.668023,0.001013824,84248,4,664.793889
1780980332.668982,0.000986025,103204,6,837.333739
1780980332.669981,0.001013545,82800,4,653.547696
1780980332.670988,0.000990780,88592,4,715.331355
1780980332.672017,0.001007129,100242,5,796.259466
1780980332.672980,0.000988542,90040,4,728.669090
1780980332.674006,0.001000288,53972,6,431.651684
1780980332.675032,0.001011446,78720,8,622.633339
1780980332.676029,0.000996155,85828,6,689.274260
1780980332.676987,0.000992228,96030,7,774.257530
1780980332.677980,0.001008083,94516,6,750.065223
1780980332.678981,0.000991625,78522,5,633.481407
1780980332.680006,0.001011678,91620,6,724.499297
1780980332.681027,0.000999087,82866,5,663.533806
1780980332.682005,0.000994389,84314,5,678.318043
1780980332.683244,0.001005292,101756,6,809.762736
1780980332.684083,0.000989771,63976,4,517.097389
1780980332.684994,0.001002756,85696,4,683.683768
1780980332.685972,0.000996684,81352,4,652.981286
1780980332.686993,0.001005326,85696,4,681.936009
1780980332.687966,0.001004133,65490,5,521.763551
1780980332.689119,0.000991577,77404,10,624.492097
1780980332.689986,0.001001842,91686,7,732.139399
1780980332.691022,0.001001241,77140,6,616.355103
1780980332.692008,0.000996499,95964,6,770.409203
1780980332.692989,0.001011913,97412,6,770.121542
1780980332.693995,0.001000192,77074,5,616.473637
1780980332.694975,0.000999630,90172,6,721.643008
1780980332.696005,0.000993188,79970,5,644.147936
1780980332.698063,0.001998256,190414,11,762.320744
1780980332.699025,0.001000703,65358,3,522.496685
1780980332.699995,0.000996394,70098,9,562.813506
1780980332.700960,0.000999360,84446,7,676.000640
1780980332.701990,0.000999600,74244,6,594.189676
1780980332.702973,0.001000849,91686,7,732.865797
1780980332.704192,0.000999920,96030,7,768.301464
1780980332.704998,0.001004971,82866,5,659.648885
1780980332.705997,0.001002283,75626,5,603.629913
1780980332.707014,0.001000408,91620,6,732.661074
1780980332.707966,0.000997625,82866,5,664.506202
1780980332.708983,0.000994960,101756,6,818.171585
1780980332.709959,0.001006276,87276,6,693.853376
1780980332.711020,0.000998802,84248,4,674.792401
1780980332.713050,0.002002552,157242,13,628.166460
1780980332.714017,0.000992550,40742,3,328.382449
1780980332.714990,0.000999632,72730,5,582.054196
1780980332.715966,0.001004897,104718,7,833.661559
1780980332.716974,0.000994107,82998,7,667.920053
1780980332.717966,0.001001027,84314,5,673.819987
1780980332.719005,0.001002874,93068,6,742.410313
1780980332.720008,0.001001386,94516,6,755.081457
1780980332.720998,0.000997149,98794,5,792.611736
1780980332.721998,0.001010370,88724,6,702.507002
1780980332.723005,0.000998349,81352,4,651.892274
1780980332.723983,0.000992803,104586,5,842.753295
1780980332.724972,0.001005962,93002,5,739.606466
1780980332.725961,0.000991450,63976,4,516.221695
1780980332.727061,0.000999512,59764,6,478.345433
1780980332.727993,0.000999699,94516,6,756.355663
1780980332.729003,0.000999989,98926,7,791.416706
1780980332.729995,0.001005299,88724,6,706.050638
1780980332.731060,0.001001022,82866,5,662.251179
1780980332.731978,0.000994580,87276,6,702.012910
1780980332.732982,0.001004202,98794,5,787.044838
1780980332.733956,0.000994650,81418,5,654.847434
1780980332.735029,0.001001994,88658,5,707.852542
1780980332.736019,0.001007285,87210,5,692.634160
1780980332.737018,0.000999165,101690,5,814.199857
1780980332.738016,0.000992487,91488,4,737.444420
1780980332.738983,0.000999356,75560,4,604.869536
1780980332.739996,0.001012603,108930,5,860.593935
1780980332.740991,0.000999962,51076,6,408.623528
1780980332.741989,0.000992655,75824,8,611.080385
1780980332.743016,0.000994903,82932,6,666.854960
1780980332.744000,0.000999426,94516,6,756.562267
1780980332.744989,0.001003751,93068,6,741.761652
1780980332.746042,0.001009286,82866,5,656.828689
1780980332.746993,0.000987287,94516,6,765.864435
1780980332.748005,0.001006430,94516,6,751.297159
1780980332.748960,0.000993628,84314,5,678.837553
1780980332.749968,0.000999873,81418,5,651.426731
1780980332.751043,0.001000546,111826,5,894.119811
1780980332.752023,0.001010033,75560,4,598.475495
1780980332.753223,0.000997315,87144,4,699.028893
1780980332.754001,0.001000646,94384,4,754.584538
1780980332.755023,0.000994272,97346,5,783.254482
1780980332.755977,0.000997170,79904,4,641.046161
1780980332.756958,0.001001106,52458,5,419.200364
1780980332.757967,0.000999025,83196,10,666.217562
1780980332.759025,0.001003303,75626,5,603.016237
1780980332.759997,0.001006063,93134,7,740.581852
1780980332.760993,0.000994624,94516,6,760.214915
1780980332.762005,0.000996375,82866,5,665.339857
1780980332.762980,0.000999524,100308,6,802.846155
1780980332.763967,0.000999640,85828,6,686.871274
1780980332.764981,0.001000533,88658,5,708.886164
1780980332.765981,0.001000189,98860,6,790.730552
1780980332.767019,0.001016040,88592,4,697.547341
1780980332.768048,0.000983886,79904,4,649.701287
1780980332.768995,0.001012703,85696,4,676.968470
1780980332.770009,0.000987617,87144,4,705.893074
1780980332.770983,0.001000185,100242,5,801.787669
1780980332.772055,0.001012827,94384,4,745.509352
1780980332.772965,0.000985959,65688,8,532.987680
1780980332.773994,0.001012406,69900,6,552.347576
1780980332.775038,0.000996580,93134,7,747.628891
1780980332.776009,0.001002071,85762,5,684.678032
1780980332.777013,0.001001454,93068,6,743.463005
1780980332.777978,0.000987991,79904,4,647.001845
1780980332.778994,0.001000139,85828,6,686.528573
1780980332.780000,0.001014415,97346,5,767.701582
1780980332.780980,0.000985905,90106,5,731.153610
1780980332.781981,0.001011698,84314,5,666.712794
1780980332.783118,0.000996552,84248,4,676.315937
1780980332.783997,0.000996451,101690,5,816.417466
1780980332.784985,0.000998029,53906,5,432.099668
1780980332.786031,0.001005199,69900,6,556.307756
1780980332.815340,0.000997777,77140,6,618.494914
1780980332.815413,0.001004515,94582,7,753.255053
1780980332.815439,0.000998420,98926,7,792.660403
1780980332.815487,0.000990424,79970,5,645.945575
1780980332.815528,0.001012828,88724,6,700.802111
1780980332.815571,0.000988814,79970,5,646.997312
1780980332.815610,0.000999675,110510,7,884.367419
1780980332.815652,0.000999576,88592,4,709.036632
1780980332.815695,0.000999797,78522,5,628.303546
1780980332.815776,0.001005568,104586,5,832.055117
1780980332.815796,0.001007863,82866,5,657.756064
1780980332.815819,0.000987386,87144,4,706.058218
1780980332.815858,0.001006976,85960,8,682.915978
1780980332.815901,0.000993117,62660,6,504.754223
1780980332.815985,0.000999359,96030,7,768.732758
1780980332.816012,0.000999407,81484,6,652.258789
1780980332.816085,0.001011540,90172,6,713.146292
1780980332.816145,0.001000108,97412,6,779.211845
1780980332.816164,0.000991456,81418,5,656.957041
1780980332.816186,0.000996708,90172,6,723.758613
1780980332.816203,0.001000441,85762,5,685.793565
1780980332.816249,0.001001049,82800,4,661.705871
1780980332.816305,0.001008607,104586,5,829.548080
1780980332.816364,0.000996857,82800,4,664.488487
1780980332.816397,0.000993440,62462,3,502.995651
1780980332.816442,0.001009902,92936,4,736.198166
1780980332.816466,0.000998213,63910,3,512.195293
1780980332.816530,0.000992703,92936,4,748.953111
1780980332.816575,0.001006013,67920,4,540.112305
1780980332.816632,0.000994304,1514,1,12.181385
1780980332.816975,0.001003949,0,0,0.000000
1780980332.817999,0.000995632,31988,2,257.026693
1780980332.821810,0.001002144,79970,5,638.391289
1780980332.830599,0.000997893,81418,5,652.719280
1780980332.830740,0.000999517,88724,6,710.134995
1780980332.830812,0.001011624,77074,5,609.507090
1780980332.830877,0.000997383,71216,4,571.222890
1780980332.830942,0.000995871,91554,5,735.468750
1780980332.831007,0.000994848,90172,6,725.111776
1780980332.831074,0.001000446,88658,5,708.947809
1780980332.831095,0.000999192,100308,6,803.112915
1780980332.831113,0.001011682,92936,4,734.902865
1780980332.831131,0.000988499,75560,4,611.513011
1780980332.831146,0.001006386,88592,4,704.238731
1780980332.831171,0.000994334,88592,4,712.774581
1780980332.832022,0.001000008,95898,5,767.177863
1780980332.832993,0.001011881,55420,6,438.154289
1780980332.833997,0.000990162,77140,6,623.251549
1780980332.834960,0.000997268,96030,7,770.344581
1780980332.835979,0.001002009,94516,6,754.611985
1780980332.836953,0.001000118,93068,6,744.456154
1780980332.838016,0.001006636,95964,6,762.651048
1780980332.839041,0.001005191,88658,5,705.601224
1780980332.840010,0.000989700,91620,6,740.588057
1780980332.841016,0.001002607,81352,4,649.123734
1780980332.841976,0.000993886,79970,5,643.695555
1780980332.842996,0.001002865,104586,5,834.297737
1780980332.843981,0.001003978,82800,4,659.775413
1780980332.845022,0.001007362,107482,5,853.572003
1780980332.846011,0.000995290,79904,4,642.257031
1780980332.847022,0.000991067,80102,7,646.592006
1780980332.847988,0.001002950,64108,6,511.355501
1780980332.848973,0.000997624,88724,6,711.482482
1780980332.849967,0.001005859,81484,6,648.074929
1780980332.850989,0.000996540,81418,5,653.605475
1780980332.851989,0.001003027,100308,6,800.042272
1780980332.853013,0.001001800,85828,6,685.390297
1780980332.854005,0.000993729,88658,5,713.739863
1780980332.855029,0.000999871,81352,4,650.899966
1780980332.856011,0.001007397,104586,5,830.544463
1780980332.856971,0.000994055,82866,5,666.892677
1780980332.857987,0.000995929,82800,4,665.107653
1780980332.858980,0.001002064,90040,4,718.836322
1780980332.859982,0.000998281,103138,5,826.524796
1780980332.860990,0.001012590,67004,6,529.367266
1780980332.862001,0.000995201,61542,11,494.710114
1780980332.863006,0.000998120,88724,6,711.128922
1780980332.863995,0.000999037,87276,6,698.881022
1780980332.865004,0.001006262,97412,6,774.446417
1780980332.865962,0.000998520,93068,6,745.647558
1780980332.866973,0.001003068,95964,6,765.363864
1780980332.867952,0.000987326,94516,6,765.834182
1780980332.868993,0.001002958,84314,5,672.522678
1780980332.869986,0.000996828,84314,5,676.658360
1780980332.870978,0.001008475,108996,6,864.640175
1780980332.871974,0.001000973,75758,7,605.474873
1780980332.872997,0.000998323,56868,6,455.708223
1780980332.874004,0.001005333,103336,8,822.302660
1780980332.874998,0.000999925,91686,7,733.543016
1780980332.875994,0.000996952,97478,7,782.208171
1780980332.876983,0.001002580,82866,5,661.222047
1780980332.877958,0.000987771,90106,5,729.772387
1780980332.879002,0.001013814,79970,5,631.042775
1780980332.879987,0.000987681,90172,6,730.373471
1780980332.880984,0.001001712,107548,6,858.913540
1780980332.881971,0.001003764,79904,4,636.834953
1780980332.882973,0.001001026,84248,4,673.293201
1780980332.883984,0.001003533,103138,5,822.199170
1780980332.884989,0.000991050,85696,4,691.759245
1780980332.885967,0.001007362,62792,8,498.664830
1780980332.886976,0.000991070,88724,6,716.187555
1780980332.887975,0.001003309,106232,8,847.053101
1780980332.888972,0.001001114,90172,6,720.573281
1780980332.890986,0.001999116,181792,12,727.489550
1780980332.891980,0.001005872,93002,5,739.672642
1780980332.892969,0.000992437,87210,5,702.996765
1780980332.893985,0.000996710,100242,5,804.583078
1780980332.895000,0.001011291,92936,4,735.187004
1780980332.895996,0.000996215,98794,5,793.354848
1780980332.896990,0.000996327,63910,3,513.164855
1780980332.897990,0.001000596,100242,5,801.458331
1780980332.898993,0.001002594,85696,4,683.794238
1780980332.899979,0.000993646,49958,11,402.219704
1780980332.900985,0.001005693,78522,5,624.620038
1780980332.901999,0.001007278,94648,8,751.713033
1780980332.902988,0.000986738,90172,6,731.071470
1780980332.903985,0.000999884,101822,7,814.670502
1780980332.904993,0.001003029,90172,6,719.197551
1780980332.906026,0.001003614,81418,5,648.998519
1780980332.906992,0.000993230,88724,6,714.630045
1780980332.907988,0.001001152,100308,6,801.540625
1780980332.909002,0.001012880,87210,5,688.808151
1780980332.909994,0.000992408,85696,4,690.812650
1780980332.911003,0.001008386,101690,5,806.754556
1780980332.911990,0.000995430,84248,4,677.078248
1780980332.912977,0.000991836,85762,5,691.743393
1780980332.913978,0.001000809,61278,7,489.827729
1780980332.914988,0.000997269,82998,7,665.802306
1780980332.915999,0.001011902,94582,7,747.756206
1780980332.916987,0.000988976,93068,6,752.843345
1780980332.917986,0.001011192,81418,5,644.134843
1780980332.918998,0.001000220,98860,6,790.706045
1780980332.919971,0.000987563,106166,7,860.024120
1780980332.920996,0.001011222,82866,5,655.571180
1780980332.921994,0.000997955,87210,5,699.109679
1780980332.922984,0.001000628,81352,4,650.407544
1780980332.923990,0.000994749,87210,5,701.362856
1780980332.924995,0.001003662,108930,5,868.260430
1780980332.925972,0.000991606,80102,7,646.240543
1780980332.926985,0.001011554,59698,5,472.129021
1780980332.927995,0.000997713,96030,7,770.000992
1780980332.928976,0.000993997,94582,7,761.225638
1780980332.929996,0.001007585,91620,6,727.442350
1780980332.930995,0.000997403,84380,6,676.797643
1780980332.931994,0.001000040,94516,6,756.097756
1780980332.932998,0.001004247,98860,6,787.535337
1780980332.933980,0.000994275,91620,6,737.180358
1780980332.934991,0.000993488,78456,4,631.762034
1780980332.935991,0.001006276,85828,6,682.341624
1780980332.936991,0.000995287,111826,5,898.844253
1780980332.937984,0.000998345,75560,4,605.482073
1780980332.938987,0.001001432,106034,5,847.059011
1780980332.939978,0.001003490,48048,4,383.047165
1780980332.940986,0.001005342,71546,9,569.326657
1780980332.941998,0.000992502,93200,8,751.232743
1780980332.942992,0.001004249,96030,7,764.989559
1780980332.943986,0.000993248,91620,6,737.942588
1780980332.944985,0.000999383,84314,5,674.928431
1780980332.945978,0.001005736,103270,7,821.448173
1780980332.946990,0.000998214,79970,5,640.904656
1780980332.947994,0.000996250,107548,6,863.622585
1780980332.948990,0.001003949,81352,4,648.256037
1780980332.949992,0.001000471,90040,4,719.980889
1780980332.950985,0.000995441,101690,5,817.245824
1780980332.951990,0.001006807,87144,4,692.438571
1780980332.952996,0.001003633,77008,4,613.833941
1780980332.953991,0.000996166,110378,5,886.422544
1780980332.954983,0.000997250,56868,6,456.198546
1780980332.956008,0.001009216,74310,7,589.051303
1780980332.956993,0.000991032,91620,6,739.592667
1780980332.957965,0.001000568,91686,7,733.071615
1780980332.958995,0.001009184,101822,7,807.163015
1780980332.959998,0.000994796,77074,5,619.817530
1780980332.961014,0.000992576,88724,6,715.100909
1780980332.962008,0.000999890,104652,6,837.308104
1780980332.963039,0.001009880,79904,4,632.978176
1780980332.964031,0.000990780,85762,5,692.480672
1780980332.964995,0.001009835,84314,5,667.942783
1780980332.965980,0.000997282,104652,6,839.497755
1780980332.966971,0.000992802,62462,3,503.318889
1780980332.968024,0.001009249,95832,4,759.630180
1780980332.968985,0.000990829,94450,5,762.593747
1780980332.970052,0.001000171,42586,9,340.629752
1780980332.971034,0.001009128,79970,5,633.973094
1780980332.971981,0.000990265,91620,6,740.165511
1780980332.972962,0.001003333,96030,7,765.687962
1780980332.973984,0.000997403,78522,5,629.811621
1780980332.975018,0.001010131,91620,6,725.608857
1780980332.976011,0.000992759,100308,6,808.317024
1780980332.976992,0.000995816,77074,5,619.182660
1780980332.978008,0.001007717,91620,6,727.347063
1780980332.979041,0.000996069,85696,4,688.273604
1780980332.979994,0.000996366,107548,6,863.522039
1780980332.980997,0.001000898,81352,4,650.232092
1780980332.981993,0.001007584,67070,7,532.521358
1780980332.983039,0.000991910,78588,6,633.831698
1780980332.984153,0.001000982,91686,7,732.768421
1780980332.986489,0.001002084,80036,6,638.956415
1780980332.986779,0.001007768,96030,7,762.318311
1780980332.987000,0.000990920,29092,2,234.868607
1780980332.988017,0.001008190,100374,7,796.468920
1780980332.989022,0.000998679,78522,5,629.006918
1780980332.990001,0.000991457,104718,7,844.962515
1780980332.991133,0.001006848,82866,5,658.419146
1780980332.991970,0.000999416,87276,6,698.615992
1780980332.992977,0.000993172,82866,5,667.485592
1780980332.994225,0.001010072,84248,4,667.263324
1780980332.995013,0.000998720,82800,4,663.248959
1780980332.995992,0.000991579,65490,5,528.369399
1780980332.996993,0.001000381,78720,8,629.520153
1780980332.997963,0.000999182,84446,7,676.121067
1780980332.998989,0.001009312,81484,6,645.857772
1780980332.999991,0.001000747,85894,7,686.639081
1780980333.000999,0.000992110,93068,6,750.465170
1780980333.001989,0.000997958,77074,5,617.853657
1780980333.003019,0.001008481,81418,5,645.866407
1780980333.004048,0.000991623,100308,6,809.243029
1780980333.004986,0.001007093,87276,6,693.290491
1780980333.005965,0.000996232,82866,5,665.435360
1780980333.006994,0.000998223,85762,5,687.317363
1780980333.007982,0.000998245,84248,4,675.168921
1780980333.008987,0.001000165,88592,4,708.619078
1780980333.010011,0.001007283,100242,5,796.137729
1780980333.011024,0.001004050,55486,7,442.097505
1780980333.012003,0.000990859,74376,8,600.497144
1780980333.012972,0.000997933,94648,8,758.752341
1780980333.013966,0.001009063,84446,7,669.500319
1780980333.014990,0.000992319,93068,6,750.307109
1780980333.015992,0.001003181,96030,7,765.803978
1780980333.017018,0.001005075,62528,4,497.698182
1780980333.017988,0.000990320,87210,5,704.499556
1780980333.019041,0.001007354,84380,6,670.111996
1780980333.020027,0.001007082,84314,5,669.768698
1780980333.020980,0.000985059,84314,5,684.742741
1780980333.021981,0.001000520,103138,5,824.675169
1780980333.023002,0.000999719,82800,4,662.586187
1780980333.023992,0.001011042,82800,4,655.165661
1780980333.024993,0.000989149,85696,4,693.088706
1780980333.026016,0.001008573,88658,5,703.235165
1780980333.027030,0.001003233,65820,10,524.863118
1780980333.028121,0.000988618,94516,6,764.833333
1780980333.028967,0.001002564,61146,5,487.916981
1780980333.029976,0.001000735,97478,7,779.251250
1780980333.030990,0.000998441,93134,7,746.235381
1780980333.031972,0.000998146,94516,6,757.532465
1780980333.033005,0.001003880,91620,6,730.127107
1780980333.034013,0.000998511,82866,5,663.916572
1780980333.035031,0.000997732,85762,5,687.655603
1780980333.035999,0.000999052,85762,5,686.747036
1780980333.037004,0.001011693,85696,4,677.644305
1780980333.037981,0.000989106,79904,4,646.272493
1780980333.039005,0.000999778,87144,4,697.306802
1780980333.039995,0.001005543,100242,5,797.515372
1780980333.041023,0.000996762,59830,7,480.194871
1780980333.042011,0.000997455,68518,7,549.542586
1780980333.043115,0.001007011,97478,7,774.394719
1780980333.043998,0.000993113,90172,6,726.378569
1780980333.044977,0.000999989,79970,5,639.767037
1780980333.045985,0.001008671,100308,6,795.565650
1780980333.047000,0.000990864,87276,6,704.645643
1780980333.048019,0.001013154,81418,5,642.887458
1780980333.049024,0.000990492,84314,5,680.986823
1780980333.050007,0.000997019,108996,6,874.575108
1780980333.051005,0.001005561,82800,4,658.736765
1780980333.052027,0.001004342,84248,4,671.070213
1780980333.052978,0.000989476,84248,4,681.152448
1780980333.053982,0.001000498,103138,5,824.693303
1780980333.054992,0.000999593,68452,6,547.838970
1780980333.055987,0.001000483,70032,8,559.985527
1780980333.057020,0.001012790,93068,6,735.141540
1780980333.058118,0.000990428,77140,6,623.084162
1780980333.059016,0.001005511,77074,5,613.212585
1780980333.060001,0.001003033,111958,7,892.955665
1780980333.060979,0.000987735,82866,5,671.159775
1780980333.061973,0.001000187,81418,5,651.222221
1780980333.062995,0.001000465,69834,5,558.412338
1780980333.064003,0.001001530,101756,6,812.804409
1780980333.065011,0.001010519,85762,5,678.954082
1780980333.065991,0.000990886,103138,5,832.693166
1780980333.067019,0.001004303,84314,5,671.622010
1780980333.067994,0.001002230,84248,4,672.484360
1780980333.069074,0.000997551,61278,7,491.427506
1780980333.069965,0.000993594,71348,6,574.464016
1780980333.070986,0.001005794,80036,6,636.599542
1780980333.072014,0.000993206,96096,8,774.026738
1780980333.072988,0.001002475,91686,7,731.677099
1780980333.074036,0.001007321,96030,7,762.656591
1780980333.075011,0.001002092,85762,5,684.663684
1780980333.075966,0.000988042,103270,7,836.158787
1780980333.076990,0.001003992,82866,5,660.292114
1780980333.077975,0.000995915,82866,5,665.647169
1780980333.079008,0.001002398,87276,6,696.537703
1780980333.080314,0.001003501,82800,4,660.089028
1780980333.080987,0.001005582,69768,4,555.045735
1780980333.081970,0.000989931,98794,5,798.390999
1780980333.083027,0.001008957,74244,6,588.679200
1780980333.083972,0.001000721,71414,7,570.900381
1780980333.084967,0.000991667,84446,7,681.244813
1780980333.085960,0.000997043,90238,7,724.045001
1780980333.087034,0.001000542,93134,7,744.668390
1780980333.088011,0.001000979,66938,5,534.980254
1780980333.089079,0.001006771,95964,6,762.548782
1780980333.090007,0.000995511,85762,5,689.189773
1780980333.090997,0.001000817,85828,6,686.063486
1780980333.091985,0.001004131,82866,5,660.200711
1780980333.092957,0.000991290,85762,5,692.124404
1780980333.093993,0.001000072,85762,5,686.046605
1780980333.095013,0.001000041,82800,4,662.372843
1780980333.096014,0.001011821,106034,5,838.361726
1780980333.096993,0.000991710,64042,5,516.618770
1780980333.098009,0.000997932,71414,7,572.495922
1780980333.098983,0.000998829,93134,7,745.945502
1780980333.099957,0.000999643,91686,7,733.749949
1780980333.100964,0.001007087,91686,7,728.326351
1780980333.101981,0.000996169,82932,6,666.007475
1780980333.103008,0.001000377,79970,5,639.518901
1780980333.103985,0.001005228,82866,5,659.480237
1780980333.104966,0.000992761,91620,6,738.304587
1780980333.105968,0.001009760,82866,5,656.520361
1780980333.106967,0.000998278,106034,5,849.735244
1780980333.107956,0.000994277,84248,4,677.863412
1780980333.109008,0.001000982,103138,5,824.294543
1780980333.109972,0.001007443,87144,4,692.001433
1780980333.110994,0.000987847,78456,4,635.369647
1780980333.111998,0.001009045,87210,5,691.426051
1780980333.112985,0.000990341,54236,10,438.119799
1780980333.113997,0.001011186,106232,8,840.454674
1780980333.114995,0.000998479,85894,7,688.198750
1780980333.115990,0.000995722,93134,7,748.273112
1780980333.116985,0.000995107,97412,6,783.127845
1780980333.117969,0.000999475,81352,4,651.157858
1780980333.118975,0.001003805,87276,6,695.561389
1780980333.119996,0.000999480,101690,5,813.943250
1780980333.120994,0.001004519,85696,4,682.483855
1780980333.121988,0.000992351,103138,5,831.463867
1780980333.122985,0.001000095,84248,4,673.919978
1780980333.123974,0.000999761,91488,4,732.078967
1780980333.124980,0.001002686,71480,8,570.308152
1780980333.125995,0.001007395,80102,7,636.111952
1780980333.126996,0.000999070,87342,7,699.386429
1780980333.127995,0.001000822,97478,7,779.183511
1780980333.128980,0.000998626,91620,6,733.968473
1780980333.129992,0.000997560,100308,6,804.426801
1780980333.130989,0.000993782,87276,6,702.576621
1780980333.131992,0.001001588,88658,5,708.139475
1780980333.132990,0.000998867,82866,5,663.679949
1780980333.133989,0.001001887,110378,5,881.360872
1780980333.134998,0.001002622,77008,4,614.452904
1780980333.135986,0.000996863,82800,4,664.484488
1780980333.136996,0.001008930,104586,5,829.282507
1780980333.137973,0.000989337,53972,6,436.429649
1780980333.139001,0.001005068,88790,7,706.738251
1780980333.139994,0.001003674,91686,7,730.803030
1780980333.140973,0.000992179,96030,7,774.295767
1780980333.141990,0.001000732,82932,6,662.970705
1780980333.142992,0.001004429,106166,7,845.582913
1780980333.143986,0.000993775,78522,5,632.110890
1780980333.144970,0.001000147,84314,5,674.412861
1780980333.145960,0.001009984,93068,6,737.183955
1780980333.146996,0.000990176,85696,4,692.369841
1780980333.147984,0.001000029,98794,5,790.329080
1780980333.148992,0.001003586,84248,4,671.575729
1780980333.149996,0.001004047,82800,4,659.730072
1780980333.150978,0.000998963,91620,6,733.720869
1780980333.152062,0.001001371,52656,8,420.671260
1780980333.153014,0.000993007,91620,6,738.121685
1780980333.153997,0.000999536,93200,8,745.946119
1780980333.154994,0.001006066,98926,7,786.636264
1780980333.155997,0.001000822,95964,6,767.081459
1780980333.157023,0.001005268,78522,5,624.884111
1780980333.158151,0.000992249,88724,6,715.336574
1780980333.159001,0.001003686,81418,5,648.951963
1780980333.159991,0.000992938,103138,5,830.972327
1780980333.160986,0.001000173,90106,5,720.723315
1780980333.161986,0.000998373,100242,5,803.242876
1780980333.162977,0.001003187,84248,4,671.842837
1780980333.163975,0.000996839,61344,8,492.308186
1780980333.164982,0.001002845,90238,7,719.856010
1780980333.166010,0.001003082,91752,8,731.760713
1780980333.166996,0.001002945,103270,7,823.734103
1780980333.167999,0.000995875,88724,6,712.732020
1780980333.168988,0.001005397,82866,5,659.369383
1780980333.169988,0.000989901,106100,6,857.459483
1780980333.170998,0.001012172,78522,5,620.621792
1780980333.171989,0.000991990,90172,6,727.200879
1780980333.172998,0.001007788,104586,5,830.222229
1780980333.173976,0.000992910,82800,4,667.129951
1780980333.175004,0.001008885,82800,4,656.566407
1780980333.176000,0.000998264,104586,5,838.143016
1780980333.176974,0.000988863,59764,6,483.496703
1780980333.177975,0.001003567,78654,7,626.995507
1780980333.178987,0.000996575,94516,6,758.726639
1780980333.179975,0.000998808,81550,7,653.178589
1780980333.180987,0.001000683,93134,7,744.563463
1780980333.181991,0.001004641,94516,6,752.635021
1780980333.182993,0.001002111,100308,6,800.773567
1780980333.183996,0.000998720,87276,6,699.102852
1780980333.184988,0.001002534,103138,5,823.018471
1780980333.185991,0.000991983,84314,5,679.963265
1780980333.187076,0.000999289,87144,4,697.648028
1780980333.188052,0.000999904,81352,4,650.878484
1780980333.190675,0.001000315,107482,5,859.585231
1780980333.190733,0.000999568,62594,5,500.968418
1780980333.190981,0.001013634,35346,9,278.964597
1780980333.192070,0.000987424,69834,5,565.787342
1780980333.194744,0.001005278,77140,6,613.879942
1780980333.194810,0.000996834,110510,7,886.887887
1780980333.204303,0.002005509,146842,9,585.754539
1780980333.213084,0.000991503,94516,6,762.607879
1780980333.218162,0.001003586,88724,6,707.255781
1780980333.231589,0.000998764,107548,6,861.448751
1780980333.233021,0.000997698,84314,5,676.068309
1780980333.233720,0.001001211,87144,4,696.308770
1780980333.235936,0.001006832,103138,5,819.505141
1780980333.250060,0.000993303,59632,4,480.272384
1780980333.250133,0.001004139,74310,7,592.029590
1780980333.250159,0.000998045,93134,7,746.531469
1780980333.250368,0.001008485,90238,7,715.830181
1780980333.264224,0.000998374,85828,6,687.742269
1780980333.284943,0.000992993,93068,6,749.797833
1780980333.309752,0.001008707,98860,6,784.053248
1780980333.333190,0.000994717,88724,6,713.561747
1780980333.348425,0.000993282,82800,4,666.880101
1780980333.363554,0.001011095,85828,6,679.089502
1780980333.364091,0.000989519,110378,5,892.377003
1780980333.385318,0.001012019,77008,4,608.747464
1780980333.395217,0.000989469,23234,1,187.850251
1780980333.407882,0.000998158,107482,5,861.442778
1780980333.420713,0.001002585,56736,4,452.717725
1780980333.429945,0.001009943,71480,8,566.210172
1780980333.452421,0.000991634,95964,6,774.188864
1780980333.479965,0.001005893,93068,6,740.182107
1780980333.495238,0.000995795,85828,6,689.523446
1780980333.498488,0.000998580,42190,3,337.999960
1780980333.498565,0.001002246,110510,7,882.098806
1780980333.498587,0.001005748,81418,5,647.621472
1780980333.498602,0.000989115,81418,5,658.511902
1780980333.498617,0.000997998,94516,6,757.644805
1780980333.498632,0.001008973,77008,4,610.585219
1780980333.498646,0.001005931,0,0,0.000000
1780980333.498667,0.000992254,0,0,0.000000
1780980333.498681,0.001000111,76942,3,615.467683
1780980333.498696,0.000993275,69768,4,561.922932
1780980333.498709,0.001011887,92936,4,734.753979
1780980333.498723,0.000988622,63910,3,517.164295
1780980333.498751,0.001000621,114656,4,916.678743
1780980333.498769,0.000998850,43902,7,351.620363
1780980333.498786,0.001007008,97544,8,774.921351
1780980333.498800,0.000997723,90172,6,723.022322
1780980333.498821,0.001000414,78588,6,628.443824
1780980333.498838,0.000997572,100308,6,804.417125
1780980333.498855,0.000999473,87276,6,698.576150
1780980333.498869,0.000997648,84314,5,676.102192
1780980333.498883,0.001004592,109062,7,868.507812
1780980333.498898,0.000996287,81418,5,653.771453
1780980333.498911,0.001007294,84380,6,670.151912
1780980333.498926,0.001001653,82800,4,661.306860
1780980333.498943,0.000994236,104586,5,841.538629
1780980333.498957,0.000997154,85696,4,687.524695
1780980333.498971,0.001006395,84248,4,669.701260
1780980333.498985,0.000999052,59830,7,479.094181
1780980333.498999,0.000993538,74244,6,597.815081
1780980333.499013,0.001001262,74178,5,592.676043
1780980333.499027,0.001002987,111958,7,892.996619
1780980333.499043,0.000995654,75626,5,607.648842
1780980333.499060,0.001006255,98860,6,785.963796
1780980333.499074,0.000994387,65424,4,526.346382
1780980333.499088,0.001005635,103204,6,821.005633
1780980333.499101,0.000993471,85762,5,690.604960
1780980333.499118,0.001000240,84380,6,674.878029
1780980333.499135,0.001005525,108930,5,866.651749
1780980333.499150,0.000997735,78522,5,629.602049
1780980333.499163,0.000999537,87144,4,697.474931
1780980333.499177,0.000997079,90040,4,722.430219
1780980333.499191,0.001002433,64174,7,512.145949
1780980333.499207,0.001001576,72730,5,580.924463
1780980333.499222,0.001001631,90238,7,720.728492
1780980333.499236,0.000994664,78588,6,632.076762
1780980333.499249,0.001000850,101822,7,813.884198
1780980333.499274,0.001004496,84314,5,671.492968
1780980333.499290,0.000995454,104652,6,841.039365
1780980333.499305,0.001006401,79970,5,635.690942
1780980333.499319,0.001001864,82800,4,661.167584
1780980333.499332,0.000996987,85762,5,688.169455
1780980333.499349,0.000994484,103138,5,829.680518
1780980333.499365,0.000999586,87210,5,697.968959
1780980333.499379,0.001001844,87144,4,695.868818
1780980333.499393,0.001008675,77008,4,610.765608
1780980333.499409,0.000993883,91488,4,736.408611
1780980333.499426,0.001003127,95898,5,764.792494
1780980333.499440,0.001003419,90106,5,718.391818
1780980333.499454,0.000988538,51274,9,414.948136
1780980333.499468,0.001001021,84380,6,674.351487
1780980333.499481,0.000999640,90238,7,722.163979
1780980333.499497,0.001002482,81418,5,649.731367
1780980333.499514,0.001008700,93068,6,738.122336
1780980333.499528,0.000987939,93068,6,753.633575
1780980333.499542,0.000999933,85762,5,686.141972
1780980333.499556,0.001009831,84380,6,668.468288
1780980333.499573,0.000991618,82800,4,667.999169
1780980333.499589,0.001006907,104652,6,831.473016
1780980333.499604,0.000992159,82800,4,667.634925
1780980333.499617,0.001000035,65424,4,523.373682
1780980333.499631,0.001002173,85960,8,686.188911
1780980333.499644,0.001001669,83064,8,663.404777
1780980333.499658,0.000999763,78588,6,628.853038
1780980333.499674,0.001004357,95964,6,764.381589
1780980333.499691,0.001001307,91620,6,732.003272
1780980333.499705,0.000997992,85762,5,687.476453
1780980333.499719,0.000998252,106166,7,850.815225
1780980333.499733,0.001003379,78522,5,626.060541
1780980333.499747,0.000999268,88658,5,709.783562
1780980333.499763,0.000991667,106100,6,855.932485
1780980333.499780,0.001000008,81352,4,650.810794
1780980333.499794,0.001000331,82800,4,662.180818
1780980333.499808,0.000999660,88592,4,708.977052
1780980333.499822,0.001001069,78456,4,626.977761
1780980333.499836,0.000999805,85696,4,685.701712
1780980333.499852,0.001006032,51406,11,408.782226
1780980333.499870,0.001007661,78522,5,623.400132
1780980333.499884,0.000986028,88790,7,720.385222
1780980333.499898,0.001002435,100374,7,801.041464
1780980333.499912,0.001006163,97412,6,774.522617
1780980333.499925,0.001004428,93068,6,741.261693
1780980333.499941,0.000989970,78522,5,634.540441
1780980333.499958,0.001008328,88724,6,703.929674
1780980333.499972,0.000989420,81418,5,658.308908
1780980333.499986,0.000999860,100242,5,802.048287
1780980333.500007,0.001003008,90106,5,718.686192
1780980333.500032,0.000996129,85696,4,688.232147
1780980333.500049,0.000999837,79904,4,639.336212
1780980333.500063,0.001000474,90040,4,719.978730
1780980333.500079,0.001009423,88922,9,704.735279
1780980333.500096,0.000989785,64108,6,518.156973
1780980333.500110,0.001008822,90172,6,715.067673
1780980333.500124,0.001000392,96030,7,767.938968
1780980333.500139,0.001002701,91620,6,730.985608
1780980333.500156,0.000988490,84314,5,682.366033
1780980333.500170,0.001004391,85762,5,683.096523
1780980333.500184,0.000995158,81352,4,653.982584
1780980333.500198,0.001009335,103204,6,817.996007
1780980333.500211,0.001018730,87210,5,684.852709
1780980333.500228,0.000972356,85696,4,705.058641
1780980333.500244,0.000999767,104586,5,836.882994
1780980333.500258,0.001008729,81352,4,645.184187
1780980333.500272,0.001002473,81352,4,649.210502
1780980333.500286,0.000993874,88592,4,713.104478
1780980333.500300,0.000994828,67202,9,540.411006
1780980333.500322,0.001003757,84380,6,672.513367
1780980333.500336,0.001001206,91686,7,732.604479
1780980333.500350,0.001006222,98860,6,785.989573
1780980333.500363,0.000992602,74178,5,597.846871
1780980333.500377,0.000996556,101756,6,816.861270
1780980333.500393,0.001011624,85828,6,678.734391
1780980333.500410,0.000987709,82866,5,671.177442
1780980333.500425,0.001000610,104652,6,836.705610
1780980333.500438,0.001008199,82866,5,657.536855
1780980333.500455,0.000992244,91488,4,737.625020
1780980333.500471,0.001004249,75560,4,601.922432
1780980333.500485,0.001005316,65754,9,523.250401
1780980333.500499,0.000992613,97544,8,786.159359
1780980333.500513,0.001001798,78522,5,627.048567
1780980333.500526,0.001006817,90172,6,716.491676
1780980333.500540,0.000998381,79970,5,640.797451
1780980333.500556,0.000994762,91620,6,736.819460
1780980333.500573,0.000995498,84314,5,677.562386
1780980333.500587,0.001014993,103204,6,813.436152
1780980333.500601,0.000987808,84248,4,682.302634
1780980333.500615,0.001001978,78456,4,626.408963
1780980333.500628,0.002008003,196140,10,781.433095
1780980333.500645,0.000986785,78456,4,636.053446
1780980333.500662,0.001000769,87144,4,696.616302
1780980333.500676,0.001008576,88658,5,703.233073
1780980333.500690,0.001000497,68716,10,549.454921
1780980333.500704,0.000996615,85828,6,688.956116
1780980333.500720,0.000996682,79970,5,641.889790
1780980333.500736,0.001009125,93134,7,738.334696
1780980333.500751,0.000998034,97412,6,780.831114
1780980333.500764,0.000991944,78522,5,633.277685
1780980333.500778,0.001003904,93068,6,741.648604
1780980333.500792,0.000994115,78522,5,631.894700
1780980333.500805,0.001000356,87210,5,697.431714
1780980333.500822,0.001008165,108996,6,864.906042
1780980333.500839,0.000999889,81352,4,650.888249
1780980333.500853,0.000991693,90040,4,726.353821
1780980333.500866,0.001009276,85696,4,679.267118
1780980333.500880,0.000994167,74112,4,596.374653
1780980333.500896,0.000996897,64108,6,514.460371
1780980333.500913,0.001012330,77140,6,609.603588
1780980333.500928,0.000992412,98926,7,797.459120
1780980333.500942,0.001003276,85828,6,684.381965
1780980333.500955,0.000991531,82866,5,668.590291
1780980333.500969,0.001011096,93068,6,736.373203
1780980333.500983,0.000997601,85762,5,687.745902
1780980333.500999,0.000992153,95898,5,773.251706
1780980333.501016,0.000999716,87276,6,698.406347
1780980333.501030,0.001000189,85696,4,685.438452
1780980333.501044,0.001011365,104652,6,827.807963
1780980333.501058,0.000994387,90040,4,724.385978
1780980333.501074,0.000995141,75560,4,607.431510
1780980333.501091,0.001012926,85696,4,676.819432
1780980333.501105,0.000986692,65424,4,530.451245
1780980333.501118,0.000999386,74508,10,596.430208
1780980333.501132,0.001000174,78522,5,628.066716
1780980333.501148,0.001001640,98926,7,790.112216
1780980333.501165,0.001003585,90172,6,718.799105
1780980333.501179,0.000994224,97412,6,783.823364
1780980333.501193,0.001009806,82866,5,656.490455
1780980333.501207,0.000994605,85828,6,690.348430
1780980333.501222,0.000996242,100308,6,805.491035
1780980333.501239,0.001006946,63976,4,508.277504
1780980333.501260,0.000999049,107614,7,861.731507
1780980333.501274,0.001006311,85696,4,681.268514
1780980333.501288,0.000987164,79904,4,647.543873
1780980333.501303,0.001008416,87144,4,691.333735
1780980333.501327,0.000994854,81550,7,655.774616
1780980333.501342,0.001007101,81484,6,647.275695
1780980333.501358,0.000989438,78654,7,635.948892
1780980333.501374,0.001000610,106166,7,848.810226
1780980333.501388,0.001008479,85828,6,680.851064
1780980333.501402,0.000992162,94516,6,762.101350
1780980333.501415,0.001001184,74178,5,592.722217
1780980333.501431,0.001000119,100308,6,802.368518
1780980333.501447,0.000997456,87276,6,699.988771
1780980333.501462,0.001000057,100242,5,801.890292
1780980333.501475,0.001000195,87210,5,697.543979
1780980333.501488,0.001010130,84248,4,667.225011
1780980333.501502,0.000996719,92936,4,745.935414
1780980333.501518,0.001005026,94450,5,751.821346
1780980333.501534,0.000994355,66806,3,537.482086
1780980333.501548,0.000993380,58580,10,471.763072
1780980333.501561,0.001003498,81418,5,649.073541
1780980333.501575,0.000996744,106166,7,852.102446
1780980333.501588,0.001003298,81418,5,649.202929
1780980333.501601,0.001003151,90172,6,719.110084
1780980333.501617,0.000996007,85762,5,688.846564
1780980333.501634,0.001006976,101756,6,808.408542
1780980333.501648,0.000999543,82800,4,662.702855
1780980333.501661,0.000990856,85762,5,692.427558
1780980333.501674,0.001000717,81352,4,650.349699
1780980333.501688,0.001007339,84248,4,669.073668
1780980333.501701,0.000992776,87144,4,702.224872
1780980333.501717,0.001012098,101690,5,803.795680
1780980333.501733,0.000988830,78654,7,636.339917
1780980333.501747,0.001003664,58382,7,465.350954
1780980333.501760,0.001007033,75626,5,600.782695
1780980333.501774,0.000996629,81550,7,654.606679
1780980333.501787,0.000991161,95964,6,774.558321
1780980333.501801,0.001002309,91620,6,731.271494
1780980333.501817,0.000998080,95964,6,769.188843
1780980333.501833,0.000999229,85762,5,686.625388
1780980333.501846,0.001000697,91620,6,732.449483
1780980333.501860,0.001000727,81418,5,650.870817
1780980333.501881,0.000998923,82866,5,663.642743
1780980333.501895,0.001004529,104586,5,832.915725
1780980333.501909,0.000995602,82800,4,665.326104
1780980333.501923,0.001000271,87144,4,696.963123
1780980333.501939,0.001010281,75758,7,599.896464
1780980333.501956,0.000995110,69834,5,561.417331
1780980333.501970,0.000994116,81550,7,656.261442
1780980333.501983,0.000999779,96030,7,768.409819
1780980333.501999,0.001000575,110510,7,883.571946
1780980333.502015,0.000999940,79970,5,639.798388
1780980333.502029,0.001000707,88724,6,709.290532
1780980333.502043,0.001006369,100308,6,797.385452
1780980333.502056,0.000996694,62528,4,501.883226
1780980333.502069,0.000997623,107614,7,862.963264
1780980333.502083,0.001005833,90106,5,716.667677
1780980333.502098,0.001005669,98794,5,785.896751
1780980333.502115,0.000998173,84248,4,675.217623
1780980333.502129,0.000995574,52458,5,421.529690
1780980333.502142,0.000998383,75692,6,606.516738
1780980333.502156,0.000998441,100440,8,804.774644
1780980333.502172,0.000999874,79970,5,639.840620
1780980333.502188,0.000996047,88724,6,712.608943
1780980333.502202,0.001000341,95964,6,767.450299
1780980333.502215,0.000999718,84314,5,674.702266
1780980333.502229,0.000999962,90172,6,721.403413
1780980333.502242,0.001004284,84248,4,671.108969
1780980333.502256,0.000995773,82800,4,665.211850
1780980333.502271,0.001008339,84314,5,668.933761
1780980333.502288,0.000994158,103138,5,829.952583
1780980333.502302,0.001011452,84248,4,666.352926
1780980333.502316,0.000985976,74310,7,602.935568
1780980333.502446,0.001000713,84446,7,675.086663
1780980333.502513,0.001004499,85828,6,683.548714
1780980333.502577,0.000995878,100374,7,806.315633
1780980333.502641,0.000999696,74178,5,593.604456
1780980333.502707,0.001009649,79970,5,633.645950
1780980333.502772,0.000998509,107614,7,862.197537
1780980333.502838,0.000991876,85696,4,691.183172
1780980333.502904,0.001000129,81352,4,650.732056
1780980333.502966,0.001003517,82800,4,660.078504
1780980333.503031,0.000995383,108930,5,875.482101
1780980333.503092,0.001010607,78456,4,621.060412
1780980333.503125,0.000993886,85696,4,689.785348
1780980333.503143,0.001001516,88658,5,708.190383
1780980333.503160,0.000994270,61212,6,492.518129
1780980333.503174,0.001001268,107680,8,860.349077
1780980333.503188,0.000998703,75692,6,606.322400
1780980333.503203,0.001004164,97478,7,776.590278
1780980333.503217,0.001004270,79970,5,637.039840
1780980333.503231,0.000995481,93068,6,747.923868
1780980333.503247,0.000995818,104652,6,840.731941
1780980333.503264,0.001000081,82866,5,662.874307
1780980333.503292,0.001010346,101756,6,805.712103
1780980333.503322,0.000990501,65358,3,527.878316
1780980333.503339,0.001008435,104586,5,829.689568
1780980333.503353,0.000992850,88592,4,713.839956
1780980333.503370,0.001001137,77008,4,615.364331
1780980333.503386,0.000999380,88592,4,709.175689
1780980333.503401,0.000997413,54170,9,434.484010
1780980333.503459,0.001000102,82932,6,663.388334
1780980333.503478,0.001009067,77074,5,611.051595
1780980333.504025,0.001003486,55288,4,440.767485
1780980333.505000,0.000990965,78522,5,633.903316
1780980333.505995,0.000997296,90172,6,723.331889
1780980333.507004,0.001011997,98860,6,781.504293
1780980333.507997,0.000991228,63976,4,516.337311
1780980333.509014,0.000998271,74046,3,593.393978
1780980333.510010,0.001004023,75560,4,602.057921
1780980333.511025,0.001000035,62462,3,499.678511
1780980333.511991,0.000995429,103138,5,828.892869
1780980333.512973,0.001002007,84380,6,673.687908
1780980333.514055,0.000997473,62462,3,500.961931
1780980333.515006,0.001001175,92936,4,742.615427
1780980333.517051,0.002001174,164020,10,655.695107
1780980333.518013,0.001002632,35016,4,279.392639
1780980333.519019,0.000995106,52326,3,420.666743
1780980333.519987,0.001011486,87276,6,690.279450
1780980333.521003,0.000988554,75626,5,612.013102
1780980333.521990,0.000999179,65424,4,523.822058
1780980333.523018,0.001008113,75626,5,600.139072
1780980333.523988,0.001002694,81484,12,650.120575
1780980333.524956,0.000990179,87210,5,704.599875
1780980333.525948,0.000998425,104718,7,839.065528
1780980333.526995,0.001006061,82866,5,658.934200
1780980333.528019,0.000994376,84314,5,678.326911
1780980333.529989,0.002000969,130980,10,523.666284
1780980333.531008,0.001000301,43638,3,348.998951
1780980333.532008,0.001013056,57026,5,450.328511
1780980333.533063,0.000997553,45086,3,361.572769
1780980333.533984,0.000990182,94582,7,764.158508
1780980333.564279,0.000998173,79970,5,640.930981
1780980333.564843,0.001007276,91686,7,728.189692
1780980333.577520,0.000991885,81484,6,657.205220
1780980333.597835,0.000999988,100308,6,802.473630
1780980333.604433,0.001000539,90172,6,720.987388
1780980333.611602,0.001001484,79970,5,638.812003
1780980333.635576,0.001001178,87276,6,697.386479
1780980333.648695,0.000997027,106034,5,850.801433
1780980333.668807,0.001007680,81352,4,645.855827
1780980333.676707,0.000995208,87144,4,700.508838
1780980333.679085,0.000999382,100242,5,802.431903
1780980333.679149,0.001012069,57132,10,451.605572
1780980333.679168,0.000985808,72796,6,590.751952
1780980333.679185,0.001000433,88790,7,710.012565
1780980333.679199,0.001013039,96030,7,758.351850
1780980333.679217,0.000990073,80036,6,646.707869
1780980333.679235,0.001001784,100308,6,801.034954
1780980333.679250,0.001005096,90172,6,717.718506
1780980333.679265,0.001000501,81418,5,651.017840
1780980333.679280,0.000992601,109062,7,878.999719
1780980333.679297,0.001002037,87144,4,695.734788
1780980333.679314,0.000995269,79970,5,642.801092
1780980333.679329,0.001011732,82866,5,655.240716
1780980333.679351,0.000989255,59830,7,483.838848
1780980333.679366,0.001009045,91686,7,726.913071
1780980333.679384,0.000989768,80036,6,646.907154
1780980333.679401,0.000999198,79970,5,640.273499
1780980333.679415,0.001004916,95964,6,763.956390
1780980333.679429,0.001000534,90172,6,720.990991
1780980333.679446,0.001007515,82866,5,657.983256
1780980333.679463,0.000992450,50878,3,410.120409
1780980333.679478,0.000995947,69768,4,560.415363
1780980333.679491,0.001011178,113340,6,896.696724
1780980333.679505,0.000999792,88592,4,708.883448
1780980333.679519,0.000988362,78456,4,635.038579
1780980333.679557,0.001004352,84248,4,671.063532
1780980333.679572,0.000998935,85696,4,686.298908
1780980333.679586,0.001004550,106034,5,844.429844
1780980333.679600,0.000998168,62594,5,501.671061
1780980333.679614,0.000994720,57000,8,458.420460
1780980333.679630,0.001010649,91686,7,725.759388
1780980333.679648,0.000995038,97478,7,783.712783
1780980333.679663,0.000995679,90238,7,725.036884
1780980333.679677,0.001008114,100374,7,796.528964
1780980333.679692,0.000997866,74178,5,594.693075
1780980333.679714,0.000992139,93068,6,750.443234
1780980333.679734,0.001000052,81418,5,651.310132
1780980333.679748,0.001005308,85762,5,682.473431
1780980333.679763,0.000995313,101690,5,817.350924
1780980333.679777,0.000998124,84248,4,675.250770
1780980333.679795,0.001009954,84248,4,667.341285
1780980333.679812,0.000995111,92936,4,747.140771
1780980333.679827,0.000995829,82800,4,665.174443
1780980333.679842,0.001003750,74112,4,590.680946
1780980333.679856,0.000997710,64438,11,516.687214
1780980333.679871,0.000998600,87408,8,700.244342
1780980333.679888,0.000999377,95964,6,768.190583
1780980333.679906,0.001012771,88724,6,700.841553
1780980333.679921,0.001001904,94516,6,754.691068
1780980333.679935,0.000987436,78522,5,636.168825
1780980333.679948,0.000997977,103204,6,827.305639
1780980333.679962,0.001008588,79970,5,634.312524
1780980333.679978,0.000991166,106166,7,856.897835
1780980333.679995,0.001010023,85696,4,678.764741
1780980333.680009,0.000990462,87144,4,703.865469
1780980333.680023,0.001003042,100242,5,799.503909
1780980333.680037,0.001005658,88592,4,704.748533
1780980333.680054,0.000996051,71348,6,573.046962
1780980333.680071,0.000996445,59698,5,479.287868
1780980333.680087,0.002006194,171656,12,684.504091
1780980333.680101,0.000993994,110510,7,889.421868
1780980333.680115,0.001001432,82866,5,661.980045
1780980333.680130,0.001002796,78522,5,626.424517
1780980333.680144,0.000999399,88724,6,710.218842
1780980333.680161,0.001006281,100308,6,797.455184
1780980333.680179,0.001002676,87144,4,695.291400
1780980333.680195,0.000990890,81352,4,656.799443
1780980333.680209,0.000994788,92936,4,747.383362
1780980333.680224,0.001012073,95898,5,758.032276
1780980333.680238,0.000988483,87144,4,705.274648
1780980333.680252,0.001010233,79904,4,632.756998
1780980333.680270,0.000994069,90040,4,724.617708
1780980333.680285,0.001001244,65952,12,526.960461
1780980333.680299,0.001006446,68386,5,543.584057
1780980333.680313,0.000999448,91620,6,733.364817
1780980333.680327,0.000995773,100308,6,805.870414
1780980333.680349,0.000992322,75626,5,609.689194
1780980333.680370,0.001005427,91620,6,729.003697
1780980333.680385,0.000998725,87210,5,698.570678
1780980333.680399,0.001004709,107614,7,856.876966
1780980333.680413,0.000993660,75560,4,608.336856
1780980333.680429,0.000997673,87210,5,699.307288
1780980333.680447,0.001003161,108930,5,868.694058
1780980333.680462,0.000997258,78456,4,629.373743
1780980333.680477,0.001009766,85696,4,678.937496
1780980333.680491,0.000994282,72862,7,586.248167
1780980333.680505,0.001003602,82998,7,661.600914
1780980333.680522,0.000993846,74244,6,597.629814
1780980333.680540,0.001001268,91686,7,732.559115
1780980333.680554,0.001000787,96030,7,767.635871
1780980333.680569,0.001008740,79970,5,634.216944
1780980333.680586,0.000987028,81418,5,659.904278
1780980333.680604,0.001006905,88658,5,704.400117
1780980333.680619,0.000995068,104652,6,841.365615
1780980333.680634,0.001005303,79904,4,635.860034
1780980333.680649,0.000999424,90106,5,721.263448
1780980333.680663,0.001007750,79904,4,634.316051
1780980333.680680,0.000997171,104586,5,839.061706
1780980333.680697,0.000991338,92936,4,749.984365
1780980333.680711,0.001008355,65754,9,521.673419
1780980333.680725,0.000988368,64306,9,520.502485
1780980333.680738,0.001004051,72730,5,579.492476
1780980333.680755,0.001003760,93068,6,741.755001
1780980333.680771,0.001001808,94516,6,754.763388
1780980333.680785,0.000993948,97412,6,784.041016
1780980333.680799,0.001009756,84314,5,667.995040
1780980333.680812,0.000999170,91620,6,733.568862
1780980333.680828,0.000988593,77074,5,623.706621
1780980333.681018,0.001003011,87210,5,695.585592
1780980333.681035,0.000999098,85762,5,686.715417
1780980333.681048,0.001000830,87144,4,696.573844
1780980333.681061,0.000996737,100242,5,804.561283
1780980333.681077,0.001005425,84248,4,670.347366
1780980333.681095,0.001000294,59764,6,477.971476
1780980333.681108,0.000998097,66938,5,536.525007
1780980333.681122,0.001000047,94648,8,757.148414
1780980333.681135,0.001000922,94582,7,755.959006
1780980333.681149,0.001003255,78588,6,626.664208
1780980333.681162,0.000998140,100308,6,803.959364
1780980333.681178,0.001001318,85762,5,685.192916
1780980333.681195,0.001000635,88724,6,709.341568
1780980333.681209,0.000995940,100242,5,805.205133
1780980333.681223,0.001004757,82866,5,659.789382
1780980333.681237,0.000993062,79904,4,643.697977
1780980333.681253,0.001001852,87144,4,695.863261
1780980333.681269,0.001007183,107482,5,853.723703
1780980333.681284,0.000988837,79904,4,646.448302
1780980333.681298,0.001013184,88592,4,699.513613
1780980333.681314,0.000994171,78654,7,632.921298
1780980333.681330,0.001006134,72796,6,578.817533
1780980333.681345,0.000994548,88724,6,713.683000
1780980333.681359,0.000992619,93134,7,750.612269
1780980333.681376,0.000999074,95964,6,768.423560
1780980333.681393,0.001008454,81418,5,645.883699
1780980333.681407,0.000994627,69768,4,561.159108
1780980333.681433,0.001004229,69702,3,555.267773
1780980333.682105,0.001000010,52326,3,418.603814
1780980333.683027,0.001006687,104586,5,831.130232
1780980333.683983,0.000991390,87210,5,703.739194
1780980333.684956,0.000999713,81352,4,651.002838
1780980333.685971,0.000997589,104586,5,838.710130
1780980333.687008,0.000997452,82800,4,664.092107
1780980333.688001,0.001012966,88658,5,700.185396
1780980333.688983,0.000987741,19022,3,154.064679
1780980333.689979,0.001012240,66938,5,529.028689
1780980333.691007,0.000987048,45152,4,365.955860
1780980333.692004,0.000999884,81418,5,651.419565
1780980333.693022,0.001006221,90172,6,716.916065
1780980333.694000,0.000994658,98860,6,795.127571
1780980333.695030,0.001001440,74178,5,592.570698
1780980333.695994,0.000998544,100308,6,803.634091
1780980333.696967,0.000999794,24748,2,198.024793
1780980333.697967,0.001001796,87144,4,695.902160
1780980333.698978,0.000997498,94450,5,757.495253
1780980333.699990,0.001002356,87210,5,696.040129
1780980333.700968,0.000998532,66806,3,535.233723
1780980333.702142,0.001004288,88592,4,705.709916
1780980333.703006,0.000996267,13098,1,105.176624
1780980333.703990,0.000998645,92936,4,744.496793
1780980333.704983,0.001011986,94450,5,746.650645
1780980333.705956,0.000991111,88592,4,715.092457
1780980333.707029,0.000998688,66806,3,535.150117
1780980333.707989,0.000998982,94384,4,755.841447
1780980333.708974,0.001001886,53972,6,430.963203
1780980333.710008,0.001006115,13098,1,104.147140
1780980333.711017,0.000992210,80036,6,645.315004
1780980333.711988,0.001003218,90172,6,719.062058
1780980333.712978,0.000997513,95964,6,769.626060
1780980333.713974,0.000998086,77074,5,617.774420
1780980333.715023,0.001005306,94516,6,752.137160
1780980333.716001,0.000999099,98860,6,791.593225
1780980333.717010,0.001005151,63976,4,509.185187
1780980333.717975,0.000993382,87210,5,702.328007
1780980333.719007,0.001013011,42124,2,332.663712
1780980333.719999,0.000984850,82866,5,673.125857
1780980333.720973,0.000999619,106034,5,848.595315
1780980333.721960,0.001000555,65622,7,524.684800
1780980333.723014,0.001005188,64372,10,512.318094
1780980333.723972,0.000998248,109194,9,875.085149
1780980333.724969,0.000996245,82932,6,665.956667
1780980333.725973,0.001002385,96030,7,766.412107
1780980333.726972,0.001005406,78522,5,624.798340
1780980333.727974,0.000994855,106166,7,853.720391
1780980333.728989,0.000996533,81418,5,653.610066
1780980333.729995,0.001010174,90172,6,714.110638
1780980333.730994,0.000997184,104652,6,839.580258
1780980333.731999,0.001006099,82800,4,658.384513
1780980333.732970,0.000986646,104586,5,848.012357
1780980333.733999,0.001011385,82800,4,654.943469
1780980333.734985,0.000988615,88592,4,716.897882
1780980333.735988,0.001000975,87210,5,697.000425
1780980333.736971,0.000998863,59962,9,480.242035
1780980333.738027,0.001010818,97478,7,771.478149
1780980333.739000,0.000989952,74178,5,599.447246
1780980333.740003,0.001003495,95964,6,765.038192
1780980333.742651,0.001005265,95964,6,763.691166
1780980333.742740,0.000993100,82866,5,667.533984
1780980333.742994,0.001000853,65424,4,522.945927
1780980333.743990,0.001009917,91620,6,725.762612
1780980333.744964,0.000995615,100242,5,805.467977
1780980333.745947,0.000991285,85762,5,692.127895
1780980333.746985,0.000999792,81352,4,650.951398
1780980333.747985,0.000999970,84248,4,674.004220
1780980333.748969,0.000999939,107482,5,859.908454
1780980333.749985,0.001012298,77206,7,610.144444
1780980333.750978,0.000988244,67136,8,543.477117
1780980333.751999,0.001012033,84446,7,667.535545
1780980333.752996,0.000997325,103270,7,828.375906
1780980333.753970,0.000992413,82998,7,669.060159
1780980333.754987,0.001010704,84314,5,667.368488
1780980333.755992,0.000994023,107614,7,866.088612
1780980333.756971,0.000993142,97412,6,784.677317
1780980333.757975,0.001002293,88658,5,707.641378
1780980333.758980,0.001003235,82866,5,660.790343
1780980333.759997,0.001006696,106100,6,843.154239
1780980333.761026,0.000997056,69702,3,559.262469
1780980333.762000,0.001003295,97346,5,776.210387
1780980333.762986,0.000999842,58316,6,466.601723
1780980333.763979,0.000996187,98992,8,794.967210
1780980333.765998,0.001991380,190678,15,766.013518
1780980333.766995,0.001006831,94516,6,750.997933
1780980333.767987,0.000997576,95964,6,769.577456
1780980333.768984,0.000995339,85762,5,689.308869
1780980333.769994,0.001008062,85828,6,681.132708
1780980333.770985,0.000993845,85762,5,690.345074
1780980333.771976,0.000999112,104652,6,837.960109
1780980333.772980,0.001012395,85696,4,677.174423
1780980333.773986,0.000987608,81352,4,658.982106
1780980333.774989,0.000999376,92936,4,743.952226
1780980333.776001,0.001008586,67202,9,533.039324
1780980333.776980,0.000991462,79970,5,645.269309
1780980333.778186,0.001003628,88790,7,707.752275
1780980333.778975,0.001000978,104652,6,836.398003
1780980333.779977,0.001000923,85828,6,685.990830
1780980333.780971,0.001000048,93068,6,744.508264
1780980333.781983,0.000994171,95964,6,772.213231
1780980333.783001,0.001008382,84314,5,668.905236
1780980333.783999,0.001003581,84248,4,671.579075
1780980333.784986,0.000988231,103138,5,834.930295
1780980333.785986,0.000999869,84248,4,674.072303
1780980333.786993,0.001004495,67070,7,534.158955
1780980333.787990,0.001007140,90238,7,716.786147
1780980333.788985,0.000988284,91686,7,742.183421
1780980333.789995,0.001010802,97544,8,772.012719
1780980333.790999,0.001002624,93068,6,742.595430
1780980333.791986,0.000986878,98860,6,801.395917
1780980333.792983,0.001000337,84314,5,674.284766
1780980333.793992,0.001004738,103270,7,822.264113
1780980333.794992,0.000999302,85762,5,686.575230
1780980333.795999,0.000995345,84314,5,677.666538
1780980333.796996,0.001008981,106100,6,841.244781
1780980333.797990,0.000996317,85696,4,688.102281
1780980333.798997,0.000995895,87144,4,700.025605
1780980333.800013,0.001003138,77008,4,614.136839
1780980333.800981,0.000999496,78852,10,631.134092
1780980333.801959,0.000996914,67136,8,538.750584
1780980333.802973,0.001001514,93068,6,743.418464
1780980333.803974,0.001000297,100440,8,803.281425
1780980333.804987,0.000997641,78522,5,629.661371
1780980333.805995,0.001009329,106166,7,841.477853
1780980333.806994,0.000998765,82866,5,663.747728
1780980333.807985,0.000991553,87276,6,704.156006
1780980333.808978,0.001005438,103138,5,820.641352
1780980333.810002,0.001004614,84248,4,670.888520
1780980333.810988,0.000990927,88592,4,715.225239
1780980333.811990,0.001000315,98794,5,790.103118
1780980333.812988,0.001012411,65490,5,517.497341
1780980333.813998,0.000987030,77140,6,625.229223
1780980333.815991,0.002004932,171656,12,684.934950
1780980333.816976,0.000995737,66298,5,532.654707
1780980333.818024,0.001004641,39294,3,312.899832
1780980333.820061,0.001995273,141050,9,565.536646
1780980333.820972,0.001000788,68320,4,546.129650
1780980333.821951,0.000998233,101756,6,815.488969
1780980333.822990,0.000999993,90172,6,721.381050
1780980333.823974,0.001004562,79904,4,636.329067
1780980333.824971,0.001002624,104652,6,835.024895
1780980333.825984,0.000995327,85696,4,688.786700
1780980333.826996,0.000997710,101690,5,815.387237
1780980333.827995,0.001009466,88592,4,702.090016
1780980333.828974,0.000991688,78654,7,634.506014
1780980333.829984,0.001002632,62660,6,499.964095
1780980333.830985,0.001006984,93134,7,739.904507
1780980333.832021,0.000989810,85828,6,693.692729
1780980333.832987,0.001000165,85828,6,686.510726
1780980333.833972,0.000999031,84314,5,675.166236
1780980333.835005,0.001014373,88724,6,699.734713
1780980333.835996,0.000987029,100308,6,813.009547
1780980333.837021,0.000999877,79904,4,639.310635
1780980333.838008,0.001007384,94516,6,750.585675
1780980333.839066,0.001000133,82800,4,662.311913
1780980333.839991,0.001002818,79904,4,637.435706
1780980333.840987,0.000989445,0,0,0.000000
1780980333.841976,0.001006539,60948,2,484.416401
1780980333.842983,0.000995008,62462,3,502.202997
1780980333.844012,0.001009524,95898,5,759.946272
1780980333.845017,0.000988426,92870,3,751.659709
1780980333.845990,0.001009643,62462,3,494.923453
1780980333.846995,0.000990567,95832,4,773.956734
1780980333.847995,0.000999945,50812,2,406.518359
1780980333.848982,0.001009219,85630,3,678.782306
1780980333.849982,0.000994837,68254,3,548.865794
1780980333.851000,0.001000938,95766,3,765.410045
1780980333.852028,0.001003738,89974,3,717.111437
1780980333.852989,0.000992591,63910,3,515.096349
1780980333.854043,0.001006727,68254,3,542.383387
1780980333.855018,0.000992262,98728,4,795.983319
1780980333.855986,0.001010735,85696,4,678.286593
1780980333.856963,0.000988183,72086,7,583.584215
1780980333.858026,0.001006390,31988,2,254.279156
1780980333.896074,0.001000782,62528,4,499.833130
1780980333.922423,0.000999611,81418,5,651.597471
1780980333.922487,0.001002427,97478,7,777.935949
1780980333.922504,0.001002411,87276,6,696.528669
1780980333.922522,0.001003061,82866,5,660.904970
1780980333.922540,0.000993076,88724,6,714.740866
1780980333.922555,0.000992180,100308,6,808.788728
1780980333.922569,0.001009071,82866,5,656.968637
1780980333.922584,0.000995879,90172,6,724.361092
1780980333.922600,0.000995620,81352,4,653.679115
1780980333.922617,0.001003974,106034,5,844.914311
1780980333.922633,0.001005281,63910,3,508.594114
1780980333.922647,0.000990331,81352,4,657.170178
1780980333.922662,0.001000126,107482,5,859.747672
1780980333.922677,0.001001242,49760,8,397.586198
1780980333.922691,0.001007426,68386,5,543.055272
1780980333.922708,0.000997512,77074,5,618.129907
1780980333.922725,0.000995208,93068,6,748.129034
1780980333.922740,0.001012751,94516,6,746.608001
1780980333.922755,0.000994070,81418,5,655.229511
1780980333.922771,0.000996951,94516,6,758.440485
1780980333.922785,0.000994542,78522,5,631.623401
1780980333.922801,0.001001915,88724,6,708.435346
1780980333.922819,0.001008014,103204,6,819.067989
1780980333.922834,0.000990160,84314,5,681.215157
1780980333.922849,0.000999890,84248,4,674.058146
1780980333.922864,0.001015204,84248,4,663.890213
1780980333.922878,0.000990535,80102,7,646.939280
1780980333.922893,0.001008971,82998,7,658.080361
1780980333.922909,0.000986188,72796,6,590.524322
1780980333.922927,0.001013182,75692,6,597.657677
1780980333.922941,0.000986865,98926,7,801.941502
1780980333.922956,0.001005262,82866,5,659.457932
1780980333.922970,0.000997628,90172,6,723.091172
1780980333.922985,0.000997041,79970,5,641.658668
1780980333.923000,0.001001066,84314,5,673.793736
1780980333.923017,0.001009255,85828,6,680.327568
1780980333.923034,0.000989477,82866,5,669.978180
1780980333.923050,0.001000518,88592,4,708.369065
1780980333.923065,0.001006178,78456,4,623.794199
1780980333.923082,0.001004340,84248,4,671.071549
1780980333.923100,0.000988337,103138,5,834.840748
1780980333.923115,0.001011701,108930,5,861.361212
1780980333.923129,0.001999386,119990,19,480.107393
1780980333.923146,0.000991419,85828,6,692.566917
1780980333.923163,0.000998810,82998,7,664.775082
1780980333.923179,0.001001277,97412,6,778.302108
1780980333.923193,0.000998094,91620,6,734.359690
1780980333.923223,0.000999339,81418,5,651.774823
1780980333.923241,0.001004148,81418,5,648.653386
1780980333.923259,0.000998338,88724,6,710.973638
1780980333.946513,0.001002668,82866,5,661.164014
1780980333.946576,0.001006526,85762,5,681.647568
1780980333.946606,0.000996733,84248,4,676.193123
1780980333.946625,0.000992574,87144,4,702.367783
1780980333.946640,0.000999891,100242,5,802.023421
1780980333.946657,0.000998948,72796,6,582.981296
1780980333.946676,0.001007499,64240,8,510.094799
1780980333.946691,0.001001409,94582,7,755.591372
1780980333.946706,0.001002420,82932,6,661.854313
1780980333.946720,0.000988990,91620,6,741.119728
1780980333.946737,0.001004411,77074,5,613.884157
1780980333.946754,0.000998748,97412,6,780.272902
1780980333.946768,0.001004353,82866,5,660.054782
1780980333.946783,0.001002097,90172,6,719.866440
1780980333.946799,0.001004074,101756,6,810.745025
1780980333.946824,0.000998004,65424,4,524.438780
1780980333.946912,0.001000353,103138,5,824.812841
1780980333.946938,0.001002393,84248,4,672.375007
1780980333.946963,0.000997374,85696,4,687.373042
1780980333.946996,0.000993436,65622,7,528.444711
1780980333.947012,0.000994689,81484,6,655.352578
1780980333.947027,0.001013622,96096,8,758.436577
1780980333.947228,0.000986280,93068,6,754.901245
1780980333.947254,0.001003823,80036,6,637.849501
1780980333.947273,0.000996738,78522,5,630.231816
1780980333.947291,0.001012863,100308,6,792.272992
1780980333.947306,0.000992584,90172,6,726.765694
1780980333.947321,0.001008660,81418,5,645.751790
1780980333.947338,0.000992983,87276,6,703.141947
1780980333.947356,0.001004645,82800,4,659.337378
1780980333.947372,0.000991436,82800,4,668.121795
1780980333.947387,0.001006545,84314,5,670.126025
1780980333.947402,0.001000946,80102,7,640.210361
1780980333.947416,0.000999706,62660,6,501.427420
1780980333.947430,0.000998390,91686,7,734.670820
1780980333.947448,0.000994369,96096,8,773.121447
1780980333.947465,0.001003382,78522,5,626.058670
1780980333.947988,0.000993295,109062,7,878.385575
1780980333.948963,0.000999430,82866,5,663.306084
1780980333.949987,0.001001498,88724,6,708.730322
1780980333.950980,0.001000513,82866,5,662.588092
1780980333.951977,0.000998402,104652,6,838.556013
1780980333.952971,0.001001358,84248,4,673.069971
1780980333.953976,0.001007847,87144,4,691.724041
1780980333.954983,0.000999833,101690,5,813.655881
1780980333.955999,0.001001573,84248,4,672.925488
1780980333.956973,0.000989648,81616,8,659.757813
1780980333.957971,0.001000879,62594,5,500.312226
1780980333.958978,0.001000995,88790,7,709.613934
1780980333.959998,0.000999486,98926,7,791.814993
1780980333.960986,0.000998183,96030,7,769.638433
1780980333.961991,0.001000096,91620,6,732.889643
1780980333.962984,0.001009118,82866,5,656.938039
1780980333.963990,0.000991155,97412,6,786.250385
1780980333.964985,0.000999609,88724,6,710.069637
1780980333.965977,0.001005215,81418,5,647.964863
1780980333.966983,0.001000583,87210,5,697.273490
1780980333.968016,0.000995218,107482,5,863.987589
1780980333.968984,0.001002850,63910,3,509.826993
1780980333.969964,0.001005271,101690,5,809.254420
1780980333.970977,0.000990999,71348,6,575.968291
1780980333.972004,0.001014586,65754,9,518.469602
1780980333.972985,0.000985263,94582,7,767.973627
1780980333.973970,0.001000058,93134,7,745.028788
1780980333.974972,0.001002871,82932,6,661.556671
1780980333.975984,0.001004738,93068,6,741.032986
1780980333.976989,0.000995495,98860,6,794.459038
1780980333.977992,0.000997104,88724,6,711.853528
1780980333.978989,0.001002045,84314,5,673.135438
1780980333.979980,0.001004532,107548,6,856.502331
1780980333.980997,0.001001604,85762,5,684.997264
1780980333.981991,0.000996770,79904,4,641.303410
1780980333.982986,0.000994769,84248,4,677.528150
1780980333.983981,0.001003235,103138,5,822.443396
1780980333.984975,0.000996852,55552,8,445.819440
1780980333.985975,0.001007465,88724,6,704.532664
1780980333.986988,0.000994624,91686,7,737.452545
1780980333.987986,0.000999337,81484,6,652.304478
1780980333.988994,0.000998808,111958,7,896.732906
1780980333.989969,0.001000833,91620,6,732.349952
1780980333.990987,0.000998814,84314,5,675.312921
1780980333.991977,0.001005774,87276,6,694.199691
1780980333.992991,0.000998581,100308,6,803.604315
1780980333.993986,0.000995629,85762,5,689.108091
1780980333.994999,0.001008981,84314,5,668.508128
1780980333.995981,0.000999103,104586,5,837.439183
1780980333.996979,0.001001043,84248,4,673.281767
1780980333.997963,0.000999031,87210,5,698.356708
1780980333.998958,0.000992964,64174,7,517.029822
1780980333.999962,0.001009401,91752,8,727.179783
1780980334.000978,0.000992002,77140,6,622.095520
1780980334.001969,0.001000641,176066,7,1407.625712
1780980334.002971,0.000999882,93068,6,744.631867
1780980334.003982,0.001007041,81418,5,646.789952
1780980334.004990,0.000993630,113406,7,913.064219
1780980334.005998,0.001009026,79970,5,634.037180
1780980334.006989,0.000991628,88724,6,715.784548
1780980334.007975,0.000997612,84314,5,676.126590
1780980334.008998,0.001010674,104586,5,827.851513
1780980334.009970,0.000987440,85696,4,694.288261
1780980334.010965,0.001001592,81352,4,649.781548
1780980334.011965,0.001008756,107482,5,852.392452
1780980334.012954,0.000989967,62726,7,506.893664
1780980334.013981,0.001010228,75956,10,601.495900
1780980334.014978,0.000996014,88790,7,713.162666
1780980334.015987,0.000995649,94582,7,759.962597
1780980334.016979,0.001002044,96030,7,766.672921
1780980334.017992,0.000999942,77074,5,616.627764
1780980334.018986,0.000996114,93068,6,747.448585
1780980334.019991,0.001000025,98860,6,790.860228
1780980334.020974,0.001000950,84314,5,673.871822
1780980334.021991,0.001003100,87276,6,696.050244
1780980334.022989,0.000997214,104586,5,839.025525
1780980334.023998,0.001010642,84248,4,666.886989
1780980334.024985,0.000998337,88592,4,709.916591
1780980334.025978,0.000995205,74244,6,596.813722
1780980334.026989,0.000994619,67070,7,539.462850
1780980334.027987,0.000999770,90238,7,722.070076
1780980334.028985,0.001000062,93134,7,745.025808
1780980334.029985,0.001009673,96096,8,761.402949
1780980334.030977,0.000994053,88658,5,713.507227
1780980334.031965,0.000995859,88724,6,712.743471
1780980334.032984,0.001000141,98860,6,790.768502
1780980334.033981,0.001006085,91620,6,728.526914
1780980334.035012,0.001004280,79904,4,636.507747
1780980334.035989,0.000989855,106100,6,857.499331
1780980334.037006,0.001013293,87144,4,688.006332
1780980334.037982,0.000996363,79904,4,641.565373
1780980334.038996,0.001002747,74310,7,592.851437
1780980334.039987,0.000987434,87408,8,708.162773
1780980334.040986,0.001000952,84446,7,674.925471
1780980334.041992,0.001003959,82998,7,661.365653
1780980334.042988,0.000995181,93068,6,748.149332
1780980334.043996,0.001005250,97412,6,775.226063
1780980334.044987,0.000994829,81418,5,654.729607
1780980334.045985,0.001000143,107614,7,860.788907
1780980334.046992,0.001006113,84314,5,670.413761
1780980334.047976,0.000996677,84380,6,677.290637
1780980334.048966,0.000998436,84248,4,675.039762
1780980334.049973,0.001000548,103138,5,824.652091
1780980334.050977,0.001002975,85696,4,683.534485
1780980334.051972,0.000996666,71480,8,573.752892
1780980334.052965,0.000998872,75692,6,606.219816
1780980334.054014,0.001012530,94648,8,747.813892
1780980334.055009,0.000987598,98926,7,801.346297
1780980334.055973,0.001000018,93068,6,744.530598
1780980334.056978,0.001009171,79970,5,633.946080
1780980334.057979,0.000999864,90172,6,721.474120
1780980334.058992,0.000997040,81418,5,653.277702
1780980334.059989,0.000997925,101756,6,815.740662
1780980334.060985,0.000995339,85828,6,689.839341
1780980334.061989,0.001002557,84314,5,672.791672
1780980334.063032,0.000997545,84248,4,675.642703
1780980334.063977,0.001009034,108930,5,863.637895
1780980334.065006,0.000999297,61212,6,490.040498
1780980334.065986,0.001003046,78588,6,626.794783
1780980334.066988,0.000988494,93200,8,754.278731
1780980334.067977,0.001003670,77140,6,614.863451
1780980334.068997,0.001007878,100374,7,796.715475
1780980334.069988,0.000992357,93068,6,750.278378
1780980334.070993,0.001003561,97412,6,776.530774
1780980334.071988,0.000992319,81418,5,656.385699
1780980334.072999,0.001012062,104718,7,827.759564
1780980334.073991,0.000994209,85762,5,690.092325
1780980334.074998,0.001003847,82800,4,659.861513
1780980334.075986,0.001003032,85762,5,684.022045
1780980334.077064,0.000996518,64240,8,515.715722
1780980334.077988,0.001001296,97544,8,779.341973
1780980334.078974,0.000993834,80102,7,644.791786
1780980334.079984,0.000995230,96030,7,771.922068
1780980334.080985,0.001000007,96030,7,768.234622
1780980334.081993,0.001003132,95964,6,765.315033
1780980334.082995,0.001005327,91620,6,729.076211
1780980334.084014,0.000991469,84314,5,680.315774
1780980334.084991,0.001007409,104718,7,831.582803
1780980334.085990,0.000994062,82866,5,666.887981
1780980334.086987,0.000998917,85762,5,686.839848
1780980334.087985,0.001010577,84248,4,666.929883
1780980334.088989,0.000989993,103138,5,833.444277
1780980334.089958,0.001000152,62462,3,499.620058
1780980334.090988,0.000999844,58316,6,466.600790
1780980334.092005,0.001002194,93134,7,743.440891
1780980334.092992,0.000997764,82932,6,664.942812
1780980334.094024,0.001005102,96030,7,764.340336
1780980334.095040,0.001004896,75692,6,602.585740
1780980334.096020,0.001001035,96030,7,767.445694
1780980334.097113,0.000999393,82866,5,663.330642
1780980334.097972,0.000998389,104652,6,838.566931
1780980334.099214,0.000995697,82866,5,665.792907
1780980334.099985,0.001000200,84248,4,673.849230
1780980334.101103,0.000995110,82800,4,665.655053
1780980334.102129,0.001003696,82800,4,659.960785
1780980334.103036,0.000999658,103138,5,825.386282
1780980334.104010,0.000998642,85762,5,687.028985
1780980334.104956,0.000997978,43968,8,352.456667
1780980334.105984,0.001011914,93134,7,736.299725
1780980334.107005,0.000991990,74244,6,598.747971
1780980334.107980,0.000996565,85894,7,689.520503
1780980334.108988,0.001003355,91620,6,730.509142
1780980334.110051,0.001004359,95964,6,764.380067
1780980334.111024,0.001000441,81418,5,651.056884
1780980334.111979,0.000991816,97412,6,785.726385
1780980334.112971,0.001012581,90172,6,712.413130
1780980334.113961,0.000986288,84314,5,683.889493
1780980334.114999,0.001001051,84314,5,673.803832
1780980334.116049,0.001012077,85696,4,677.387195
1780980334.116998,0.000993799,84248,4,678.189453
1780980334.118048,0.000995946,103138,5,828.462587
1780980334.119016,0.001007580,88592,4,703.404196
1780980334.119974,0.000994551,54038,7,434.672531
1780980334.120983,0.000998071,78588,6,629.919114
1780980334.122076,0.001001361,87342,7,697.786313
1780980334.123020,0.000996428,91620,6,735.587519
1780980334.123999,0.000999814,94516,6,756.268666
1780980334.125007,0.001000090,98860,6,790.808827
1780980334.126004,0.001000627,90172,6,720.923981
1780980334.127025,0.001006609,63976,4,508.447669
1780980334.127976,0.000992704,84314,5,679.469409
1780980334.128988,0.001009460,107482,5,851.797991
1780980334.129985,0.000995096,81352,4,654.023330
1780980334.132132,0.000998087,82800,4,663.669600
1780980334.132304,0.001007048,63976,4,508.226023
1780980334.133441,0.000992944,67268,10,541.968127
1780980334.134021,0.001010918,62528,4,494.821538
1780980334.135153,0.000997075,75692,6,607.312389
1780980334.136324,0.000999023,96030,7,768.991305
1780980334.137005,0.000992259,78654,7,634.140885
1780980334.150523,0.000999132,78522,5,628.721730
1780980334.150592,0.000999620,85762,5,686.356816
1780980334.150610,0.002001232,189032,12,755.662512
1780980334.150635,0.000999415,81418,5,651.725259
1780980334.150650,0.001011694,87210,5,689.615635
1780980334.150667,0.001986943,187386,9,754.469554
1780980334.150684,0.001000271,85696,4,685.382261
1780980334.150698,0.001008915,34030,11,269.834426
1780980334.150712,0.000991945,84446,7,681.053889
1780980334.150727,0.000998488,93068,6,745.671455
1780980334.150741,0.001000001,90238,7,721.903278
1780980334.151003,0.001006857,91620,6,727.968321
1780980334.151998,0.001000961,85828,6,685.964788
1780980334.152998,0.001001237,79970,5,638.969595
1780980334.153998,0.000991301,107614,7,868.466793
1780980334.154990,0.001001289,84314,5,673.643673
1780980334.156015,0.001009211,85762,5,679.834049
1780980334.157872,0.000999453,103204,6,826.083868
1780980334.158018,0.000990233,84248,4,680.631730
1780980334.159031,0.001007271,87144,4,692.119598
1780980334.160292,0.001002050,71282,5,569.089367
1780980334.170596,0.000993453,46732,6,376.319766
1780980334.170647,0.002005053,171656,12,684.893616
1780980334.170668,0.000993370,90172,6,726.190644
1780980334.170687,0.000998924,84380,6,675.767125
1780980334.170702,0.001000765,93068,6,743.974859
1780980334.170717,0.001002111,82866,5,661.531507
1780980334.170734,0.001000302,103204,6,825.382734
1780980334.170752,0.001010262,84314,5,667.660468
1780980334.170767,0.000993576,90106,5,725.508668
1780980334.173965,0.001002436,100242,5,799.987231
1780980334.174027,0.001001798,88592,4,707.463980
1780980334.174045,0.001001541,85696,4,684.513165
1780980334.174070,0.000990032,69702,3,563.230279
1780980334.176531,0.000999671,85762,5,686.321800
1780980334.176595,0.001009529,64372,10,510.115113
1780980334.177013,0.000997625,85828,6,688.258614
1780980334.178210,0.000990411,75626,5,610.865590
1780980334.179159,0.001006542,94582,7,751.738129
1780980334.180030,0.001003602,94516,6,753.414202
1780980334.181308,0.000990074,87210,5,704.674600
1780980334.182001,0.001006612,87210,5,693.097241
1780980334.184072,0.001995021,158294,7,634.756226
1780980334.186101,0.001000889,72664,4,580.795673
1780980334.186160,0.001009655,90040,4,713.431816
1780980334.187017,0.000987625,79904,4,647.241615
1780980334.188039,0.001007057,84248,4,669.261025
1780980334.188980,0.000994932,62718,3,504.299791
1780980334.189968,0.001009268,60948,2,483.106568
1780980334.190988,0.000991145,62462,3,504.160340
1780980334.191998,0.000999181,63976,4,512.227514
1780980334.192999,0.000998469,114656,4,918.654460
1780980334.194187,0.001000696,72664,4,580.907688
1780980334.195007,0.001005150,51208,8,407.565040
1780980334.196010,0.000994427,71546,9,575.575683
1780980334.196963,0.001002778,87276,6,696.273752
1780980334.198001,0.000999497,101822,7,814.985938
1780980334.215788,0.001007167,88724,6,704.741120
1780980334.224417,0.000989725,81418,5,658.106040
1780980334.224629,0.000999946,90172,6,721.414956
1780980334.237291,0.001000049,81418,5,651.312086
1780980334.253585,0.001006856,106100,6,843.020253
1780980334.253654,0.000993204,81352,4,655.269210
1780980334.253777,0.000999583,106100,6,849.154097
1780980334.253800,0.001008582,84248,4,668.249086
1780980334.253816,0.001007148,91488,4,726.709481
1780980334.253838,0.000984950,64174,7,521.236611
1780980334.253862,0.001001838,61278,7,489.324621
1780980334.253929,0.000998761,90238,7,722.799549
1780980334.253957,0.000999430,94582,7,757.087540
1780980334.254021,0.000999354,94582,7,757.145116
1780980334.254049,0.001004252,97478,7,776.522227
1780980334.254113,0.000998073,75626,5,606.176101
1780980334.254140,0.000999306,101756,6,814.613342
1780980334.254203,0.001005477,82866,5,659.316921
1780980334.254229,0.001000013,85828,6,686.615074
1780980334.254293,0.000993489,103138,5,830.511460
1780980334.254396,0.001009468,88658,5,702.611673
1780980334.254425,0.001002410,87144,4,695.475903
1780980334.254488,0.000998201,75560,4,605.569419
1780980334.254514,0.000996499,85696,4,687.976606
1780980334.254577,0.001004761,101690,5,809.665184
1780980334.254605,0.001000199,55486,7,443.799684
1780980334.254724,0.000990227,72928,8,589.182076
1780980334.254752,0.001005625,93200,8,741.429459
1780980334.255248,0.000992253,85762,5,691.452684
1780980334.257170,0.001014555,91620,6,722.444816
1780980334.278260,0.000985479,81418,5,660.941532
1780980334.282318,0.000999667,88724,6,710.028439
1780980334.282982,0.001010507,100308,6,794.120179
1780980334.285127,0.000990592,87210,5,704.306112
1780980334.299087,0.001007296,82800,4,657.602135
1780980334.300436,0.001002088,90106,5,719.346006
1780980334.300492,0.000991799,77008,4,621.158118
1780980334.301062,0.001011968,108930,5,861.133949
1780980334.301096,0.000985925,78456,4,636.608261
1780980334.301450,0.001013079,65622,7,518.198482
1780980334.301569,0.000987155,78588,6,636.884785
1780980334.302947,0.001000752,90172,6,720.833933
1780980334.303005,0.001003393,96030,7,765.642176
1780980334.311906,0.000995816,94516,6,759.304932
1780980334.321774,0.001001002,77074,5,615.974793
1780980334.332148,0.001004336,87210,5,694.667920
1780980334.332369,0.000998872,97346,5,779.647442
1780980334.332407,0.001007114,84380,6,670.271687
1780980334.332427,0.000988398,81418,5,658.989597
1780980334.332443,0.001000408,110444,6,883.191658
1780980334.332462,0.001011787,79904,4,631.785148
1780980334.332480,0.000991900,84314,5,680.020163
1780980334.332504,0.001009574,107482,5,851.701807
1780980334.332520,0.000988233,52458,5,424.660986
1780980334.332535,0.000998546,78588,6,629.619467
1780980334.332550,0.001001163,29092,2,232.465642
1780980334.332567,0.001014059,26196,2,206.662531
1780980334.332585,0.001990217,202130,13,812.494316
1780980334.332601,0.000999255,87276,6,698.728553
1780980334.332615,0.000994813,98860,6,795.003684
1780980334.332632,0.001010702,91620,6,725.198921
1780980334.332650,0.000990180,82800,4,668.969278
1780980334.332664,0.001000336,84248,4,673.757617
1780980334.332685,0.000998823,88658,5,710.099787
1780980334.332703,0.001005478,87144,4,693.353808
1780980334.332721,0.000995958,98794,5,793.559568
1780980334.332736,0.001007462,87144,4,691.988383
1780980334.332750,0.001001643,100242,5,800.620580
1780980334.332765,0.000999769,58448,8,467.692037
1780980334.332779,0.000993814,64042,5,515.525038
1780980334.332796,0.001000457,75626,5,604.731638
1780980334.332813,0.001000533,94582,7,756.252917
1780980334.332827,0.001004224,97412,6,776.018100
1780980334.332841,0.000995610,82866,5,665.851086
1780980334.332855,0.000998972,90172,6,722.118338
1780980334.332869,0.001008069,81418,5,646.130374
1780980334.332890,0.000991345,85828,6,692.618614
1780980334.332905,0.001008898,107482,5,852.272479
1780980334.332919,0.000990138,79904,4,645.598896
1780980334.332933,0.001001912,84248,4,672.697802
1780980334.332947,0.001006504,103138,5,819.772202
1780980334.332961,0.000989201,88592,4,716.473194
1780980334.332975,0.001000836,41138,9,328.829099
1780980334.332999,0.001002129,93068,6,742.962233
1780980334.333015,0.001004216,94582,7,753.479331
1780980334.333030,0.001000580,79970,5,639.389154
1780980334.333046,0.000996626,91620,6,735.441379
1780980334.333064,0.000995791,78588,6,631.361400
1780980334.333078,0.001002303,98860,6,789.062788
1780980334.333092,0.001007283,85762,5,681.135292
1780980334.333106,0.001004161,104718,7,834.272592
1780980334.333120,0.000995224,84248,4,677.218395
1780980334.333136,0.000991025,84314,5,680.620570
1780980334.333153,0.001000852,92936,4,742.855087
1780980334.333168,0.000999139,98794,5,791.033079
1780980334.333182,0.001002640,84248,4,672.209367
1780980334.333196,0.001006216,64108,6,509.695731
1780980334.333210,0.000994966,80102,7,644.058189
1780980334.333226,0.001004297,91752,8,730.875428
1780980334.333242,0.001001680,82932,6,662.343263
1780980334.333257,0.000990978,97478,7,786.923625
1780980334.333271,0.001000994,59632,4,476.582277
1780980334.333285,0.000999646,81418,5,651.574657
1780980334.333298,0.001009581,62528,4,495.476836
1780980334.333314,0.000995008,90172,6,724.995176
1780980334.333331,0.000994537,104652,6,841.814834
1780980334.333345,0.000999142,82866,5,663.497281
1780980334.333359,0.001008317,108930,5,864.252016
1780980334.333421,0.000994749,78456,4,630.961177
1780980334.333472,0.001008678,85696,4,679.669825
1780980334.333524,0.000988617,85696,4,693.461674
1780980334.333577,0.001011567,68518,7,541.876119
1780980334.333627,0.000992453,74244,6,598.468643
1780980334.333678,0.000995925,77206,7,620.175214
1780980334.333730,0.000999696,93068,6,744.770410
1780980334.333779,0.001008411,100374,7,796.294368
1780980334.333827,0.001000524,81418,5,651.002874
1780980334.333884,0.000999314,87276,6,698.687299
1780980334.333945,0.000992238,104652,6,843.765306
1780980334.333995,0.001000331,82800,4,662.180818
1780980334.334047,0.001012061,84248,4,665.951953
1780980334.334096,0.000988990,103204,6,834.823406
1780980334.334145,0.000999036,87144,4,697.824703
1780980334.334197,0.001007888,82800,4,657.215881
1780980334.334249,0.000991980,79904,4,644.400089
1780980334.334301,0.001010021,83064,8,657.918994
1780980334.334392,0.000996347,59632,4,478.805075
1780980334.334449,0.000999830,90172,6,721.498655
1780980334.334508,0.001000731,96096,8,768.206441
1780980334.334599,0.000992522,91620,6,738.482371
1780980334.334668,0.001000347,97478,7,779.553495
1780980334.334722,0.001010270,82866,5,656.188940
1780980334.334778,0.000989226,84314,5,681.858342
1780980334.334832,0.001008236,90106,5,714.959593
1780980334.334894,0.000995537,97346,5,782.259223
1780980334.334957,0.001000810,90106,5,720.264586
1780980334.335946,0.000995342,82800,4,665.499899
1780980334.337138,0.001000166,107482,5,859.713288
1780980334.338031,0.000999836,64174,7,513.476210
1780980334.338995,0.001001246,69900,6,558.504104
1780980334.339970,0.001001647,104718,7,836.366504
1780980334.340980,0.001005106,96030,7,764.337294
1780980334.341975,0.001003360,95964,6,765.141126
1780980334.342977,0.000988757,77074,5,623.603170
1780980334.343968,0.001000156,90106,5,720.735565
1780980334.344967,0.000999863,104718,7,837.858787
1780980334.345968,0.001001356,84314,5,673.598600
1780980334.346967,0.000999316,107548,6,860.972905
1780980334.347966,0.000999043,81352,4,651.439428
1780980334.348965,0.001000419,82800,4,662.122571
1780980334.349975,0.001005459,61410,9,488.612663
1780980334.350976,0.001000346,94516,6,755.866470
1780980334.351972,0.000998449,91620,6,734.098587
1780980334.352975,0.001003978,98926,7,788.272253
1780980334.353967,0.000993714,90238,7,726.470594
1780980334.354981,0.001011617,82866,5,655.315203
1780980334.356001,0.000996809,88658,5,711.534507
1780980334.356991,0.000994525,88724,6,713.699505
1780980334.357989,0.000997398,100242,5,804.028081
1780980334.358985,0.000997903,87144,4,698.617000
1780980334.359999,0.001011108,100242,5,793.125957
1780980334.360973,0.000988944,85696,4,693.232377
1780980334.361971,0.000999547,80102,7,641.106421
1780980334.363011,0.001009158,61212,6,485.252062
1780980334.363986,0.000991410,98926,7,798.265097
1780980334.364987,0.000999634,101756,6,814.346051
1780980334.365986,0.000999683,74178,5,593.612175
1780980334.367000,0.001001123,93068,6,743.708815
1780980334.367982,0.001008217,94516,6,749.965533
1780980334.368992,0.000994094,103204,6,830.537152
1780980334.369985,0.000996540,84314,5,676.853915
1780980334.370985,0.001000057,81352,4,650.778906
1780980334.371995,0.001010208,106100,6,840.223004
1780980334.372995,0.000999973,85696,4,685.586511
1780980334.373979,0.000996982,101690,5,815.982636
1780980334.374999,0.001001231,88592,4,707.864619
1780980334.375973,0.000991697,69834,5,563.349491
1780980334.376976,0.001000203,56868,6,454.851665
1780980334.377989,0.001001683,98926,7,790.078298
1780980334.378989,0.001003430,75692,6,603.466111
1780980334.379976,0.000998516,97412,6,780.454194
1780980334.380971,0.000998131,97412,6,780.755232
1780980334.381966,0.000998027,95964,6,769.229690
1780980334.382997,0.001012037,71282,5,563.473470
1780980334.383980,0.000996949,100308,6,804.919810
1780980334.384966,0.000992169,82866,5,668.160364
1780980334.385988,0.001001266,88658,5,708.367207
1780980334.386993,0.001005560,103138,5,820.541788
1780980334.387987,0.000996651,84248,4,676.248757
1780980334.388979,0.000995513,58382,7,469.161126
1780980334.389971,0.001000372,72796,6,582.151440
1780980334.390984,0.000999850,90238,7,722.012302
1780980334.391997,0.001004417,101888,8,811.519518
1780980334.393023,0.000996358,94516,6,758.891884
1780980334.394000,0.001009424,94516,6,749.068776
1780980334.394984,0.000989427,82866,5,670.012037
1780980334.395986,0.001000486,91620,6,732.603954
1780980334.396998,0.001010574,84314,5,667.454338
1780980334.397989,0.000988805,84380,6,682.682632
1780980334.398997,0.001012788,84248,4,665.473920
1780980334.400008,0.000995456,62462,3,501.976983
1780980334.401006,0.001005546,84248,4,670.266701
1780980334.401968,0.000986860,87144,4,706.434550
1780980334.403074,0.001001981,75758,7,604.865761
1780980334.404042,0.001001895,74244,6,592.828590
1780980334.404981,0.000996263,78588,6,631.062280
1780980334.405993,0.001010334,94516,6,748.394095
1780980334.407011,0.000995398,93068,6,747.986233
1780980334.408040,0.000996901,79970,5,641.748779
1780980334.408985,0.001009453,78522,5,622.293460
1780980334.409988,0.000998795,91620,6,733.844282
1780980334.410995,0.000990667,82800,4,668.640421
1780980334.411988,0.001007708,88658,5,703.838810
1780980334.413100,0.000998074,103138,5,826.696217
1780980334.414006,0.000995113,79904,4,642.371268
1780980334.415024,0.000997478,82800,4,664.074797
1780980334.417045,0.002000670,142696,12,570.592851
1780980334.417976,0.001008097,91686,7,727.596650
1780980334.418968,0.000990849,100440,8,810.940920
1780980334.419982,0.001011106,77074,5,609.819346
1780980334.421018,0.000995917,91620,6,735.964945
1780980334.422015,0.001004613,98860,6,787.248423
1780980334.424070,0.002001109,168628,10,674.138190
1780980334.425052,0.000991035,84314,5,680.613702
1780980334.425966,0.000999132,85762,5,686.692049
1780980334.426995,0.001009180,78720,8,624.031392
1780980334.428010,0.000994606,75692,6,608.819975
1780980334.428984,0.000994361,94582,7,760.946980
1780980334.430005,0.000999844,100440,8,803.645369
1780980334.431017,0.001006536,75626,5,601.079345
1780980334.432065,0.001000932,95964,6,766.997159
1780980334.432963,0.000992055,75626,5,609.853284
1780980334.433970,0.001011070,111958,7,885.857557
1780980334.435015,0.000998675,84314,5,675.406914
1780980334.436040,0.000990291,84314,5,681.125043
1780980334.436984,0.001001367,85696,4,684.632108
1780980334.438036,0.000999053,101690,5,814.291134
1780980334.439022,0.001013243,87144,4,688.040283
1780980334.439963,0.000985861,85696,4,695.400264
1780980334.440976,0.001000163,77008,4,615.963598
1780980334.441982,0.001004638,87210,5,694.459099
1780980334.442986,0.001000942,60028,10,479.772055
1780980334.444009,0.001001135,103270,7,825.223371
1780980334.444999,0.000993541,82932,6,667.769121
1780980334.446075,0.001000247,80036,6,640.129888
1780980334.447016,0.001002683,93068,6,742.551734
1780980334.447964,0.000997308,94516,6,758.168991
1780980334.448953,0.001001775,88658,5,708.007287
1780980334.449986,0.000997513,84314,5,676.193694
1780980334.451001,0.001010083,85762,5,679.247151
1780980334.452029,0.000995527,103204,6,829.341645
1780980334.452992,0.000995086,65358,3,525.446042
1780980334.454021,0.001008469,103138,5,818.174877
1780980334.455017,0.000991483,91488,4,738.191174
1780980334.455974,0.001010767,87144,4,689.725723
1780980334.456966,0.000993386,64174,7,516.810183
1780980334.457990,0.001001835,71480,8,570.792596
1780980334.459015,0.001005090,81550,7,649.096101
1780980334.460010,0.000995623,107614,7,864.696778
1780980334.461002,0.000993531,91620,6,737.732391
1780980334.461988,0.001001282,68320,4,545.860207
1780980334.463033,0.000998701,90172,6,722.314286
1780980334.463988,0.001006901,100308,6,796.964150
1780980334.464975,0.000992502,87210,5,702.950725
1780980334.465989,0.001012441,103204,6,815.486532
1780980334.467023,0.000995067,68320,4,549.269547
1780980334.468002,0.000999570,78456,4,627.918005
1780980334.468987,0.000993279,88592,4,713.531646
1780980334.470009,0.001005814,98794,5,785.783455
1780980334.471010,0.000993951,85696,4,689.740239
1780980334.471976,0.001003329,59962,9,478.104390
1780980334.473066,0.000997425,78522,5,629.797729
1780980334.473995,0.001006645,93134,7,740.153679
1780980334.475106,0.000992820,82866,5,667.722246
1780980334.475993,0.001000086,94516,6,756.062979
1780980334.476997,0.000999509,91620,6,733.320060
1780980334.477979,0.001003584,78522,5,625.932657
1780980334.479019,0.001005063,110510,7,879.626451
1780980334.479970,0.001000870,81418,5,650.777823
1780980334.480965,0.000991249,84314,5,680.466765
1780980334.482005,0.001010985,88658,5,701.557392
1780980334.483045,0.001002058,100242,5,800.289005
1780980334.484006,0.000989377,85696,4,692.928985
1780980334.484997,0.001005496,69966,7,556.668550
1780980334.486015,0.001001632,58844,14,469.984985
1780980334.486980,0.000991354,78522,5,633.654577
1780980334.487978,0.000998330,85894,7,688.301463
1780980334.488968,0.001003874,85828,6,683.974284
1780980334.490055,0.001010045,97412,6,771.545822
1780980334.491024,0.001002063,74178,5,592.202287
1780980334.492109,0.000998354,98860,6,792.183935
1780980334.492980,0.000985608,88724,6,720.156492
1780980334.493963,0.001001451,87210,5,696.669133
1780980334.494987,0.000999838,100242,5,802.065935
1780980334.495991,0.000998662,84248,4,674.886999
1780980334.496990,0.001003927,85696,4,682.886305
1780980334.498021,0.000996930,107482,5,862.503887
1780980334.498998,0.001001373,87144,4,696.196123
1780980334.499981,0.001005620,72664,4,578.063284
1780980334.500969,0.000992018,65622,7,529.200075
1780980334.501966,0.001000772,82998,7,663.471800
1780980334.502962,0.001008290,94516,6,749.911236
1780980334.503977,0.000993284,90172,6,726.253519
1780980334.504965,0.000997522,82866,5,664.574816
1780980334.505985,0.001000756,90172,6,720.831052
1780980334.506997,0.001010241,100308,6,794.329274
1780980334.507987,0.001000967,104718,7,836.934684
1780980334.508980,0.000996578,69768,4,560.060527
1780980334.509967,0.000991338,100308,6,809.475678
1780980334.510999,0.001013134,90040,4,710.981963
1780980334.511985,0.000987390,97346,5,788.713679
1780980334.512988,0.001003043,87144,4,695.037002
1780980334.513990,0.000998510,61476,10,492.541887
1780980334.515002,0.001007228,93134,7,739.725266
1780980334.515990,0.000990696,91686,7,740.376463
1780980334.516968,0.001000106,91620,6,732.882314
1780980334.517982,0.001010774,100374,7,794.432781
1780980334.518986,0.000989569,77008,4,622.557901
1780980334.520000,0.001012317,106166,7,838.994110
1780980334.520972,0.000991172,87210,5,703.893976
1780980334.521997,0.000997423,82866,5,664.640779
1780980334.523031,0.001011909,85762,5,678.021443
1780980334.524002,0.000992874,39228,2,316.076360
1780980334.524984,0.001006170,107482,5,854.583222
1780980334.525981,0.000988222,71150,3,575.983939
1780980334.527068,0.001001492,65688,8,524.721116
1780980334.530396,0.001000081,62594,5,500.711442
1780980334.530472,0.001009874,96096,8,761.251404
1780980334.530492,0.001001074,98860,6,790.031506
1780980334.554202,0.000993601,62528,4,503.445548
1780980334.588296,0.001000371,84314,5,674.261849
1780980334.595320,0.001001037,94516,6,755.344708
1780980334.601264,0.000992367,90106,5,726.392554
1780980334.606755,0.001004993,81418,5,648.107997
1780980334.625635,0.000997505,87210,5,699.425066
1780980334.633391,0.000997470,108996,6,874.179675
1780980334.652814,0.001010341,78456,4,621.223923
1780980334.669133,0.000998965,82800,4,663.086294
1780980334.672879,0.000990576,88592,4,715.478671
1780980334.683491,0.001001136,65688,8,524.907705
1780980334.683837,0.001011789,77140,6,609.929541
1780980334.696496,0.001000230,98860,6,790.698139
1780980334.699316,0.000987801,88724,6,718.557685
1780980334.699611,0.001003221,82866,5,660.799565
1780980334.711988,0.000996080,98860,6,793.992450
1780980334.735229,0.001005775,85828,6,682.681514
1780980334.735496,0.000994263,101690,5,818.214094
1780980334.735720,0.000999667,87276,6,698.440581
1780980334.735754,0.001013471,90040,4,710.745547
1780980334.735774,0.000986622,78456,4,636.158529
1780980334.735821,0.001012321,82800,4,654.337903
1780980334.735906,0.000996069,88592,4,711.533036
1780980334.735923,0.001005663,80168,8,637.732521
1780980334.735941,0.000997257,64174,7,514.804108
1780980334.735956,0.000992311,77140,6,621.901803
1780980334.735970,0.001996786,173236,14,694.059353
1780980334.735987,0.001007406,101756,6,808.063482
1780980334.736004,0.001003229,85828,6,684.414027
1780980334.736019,0.000989293,98860,6,799.439600
1780980334.736033,0.001004850,82866,5,659.728318
1780980334.736048,0.000995216,88724,6,713.203968
1780980334.736062,0.000999609,82866,5,663.187306
1780980334.736076,0.001000036,84314,5,674.487718
1780980334.736094,0.001009546,107482,5,851.725429
1780980334.736111,0.000991894,79904,4,644.455960
1780980334.736126,0.000998808,87144,4,697.983997
1780980334.736140,0.001000227,87144,4,696.993782
1780980334.736155,0.001000934,49892,10,398.763555
1780980334.736170,0.001000821,88790,7,709.737306
1780980334.736184,0.000997883,81550,7,653.784061
1780980334.736207,0.001006922,97412,6,773.938796
1780980334.736222,0.000992715,93068,6,750.007807
1780980334.736235,0.001006235,97412,6,774.467197
1780980334.736250,0.000994818,93068,6,748.422324
1780980334.736266,0.001001136,81418,5,650.604913
1780980334.736283,0.000998333,81418,5,652.431603
1780980334.736298,0.001005021,87276,6,694.719812
1780980334.736313,0.000995004,104586,5,840.889082
1780980334.736329,0.001012269,84248,4,665.815114
1780980334.736362,0.000988690,39426,5,319.016072
1780980334.736377,0.000999389,77206,7,618.025614
1780980334.736391,0.000999898,78588,6,628.768134
1780980334.736406,0.001011495,96030,7,759.509439
1780980334.736420,0.000993644,78588,6,632.725604
1780980334.736442,0.000996542,98860,6,793.624353
1780980334.736458,0.001005282,74178,5,590.306004
1780980334.736472,0.000992538,79970,5,644.569780
1780980334.736487,0.001000136,103204,6,825.519729
1780980334.736501,0.001002170,87276,6,696.696169
1780980334.736519,0.001004786,82866,5,659.770339
1780980334.736536,0.001003597,84314,5,672.094476
1780980334.736551,0.000989965,84248,4,680.815988
1780980334.736565,0.001003874,62858,9,500.923423
1780980334.736579,0.000996057,71348,6,573.043511
1780980334.736594,0.001002083,75758,7,604.804193
1780980334.736610,0.001010695,87276,6,690.819683
1780980334.736628,0.000986743,82866,5,671.834510
1780980334.736643,0.000999512,94516,6,756.497171
1780980334.736657,0.001000213,93068,6,744.385446
1780980334.736672,0.001010722,95964,6,759.567913
1780980334.736686,0.000995143,88658,5,712.725709
1780980334.736704,0.000995443,95898,5,770.696062
1780980334.736719,0.000999905,74178,5,593.480381
1780980334.736734,0.001006722,64240,8,510.488496
1780980334.736761,0.000996974,90304,8,724.624714
1780980334.736779,0.001001239,87342,7,697.871337
1780980334.736796,0.001003764,90172,6,718.670923
1780980334.736812,0.001002672,97478,7,777.745863
1780980334.736826,0.000987645,75626,5,612.576381
1780980334.736841,0.001008718,94516,6,749.593048
1780980334.736856,0.000991877,90106,5,726.751402
1780980334.736870,0.001002916,82866,5,661.000522
1780980334.736887,0.000996815,88658,5,711.530224
1780980334.736905,0.001012551,101756,6,803.957529
1780980334.736920,0.000988350,90040,4,728.810644
1780980334.736964,0.001000938,77008,4,615.486674
1780980334.736986,0.000998079,84248,4,675.281215
1780980334.737001,0.001000613,68584,8,548.335870
1780980334.737015,0.000999425,88724,6,710.200365
1780980334.737031,0.001009936,85828,6,679.868823
1780980334.737048,0.000997164,84314,5,676.430356
1780980334.737063,0.000993601,90172,6,726.021814
1780980334.737077,0.000998506,94516,6,757.259345
1780980334.737091,0.001006727,93068,6,739.568920
1780980334.737106,0.001000095,106100,6,848.719372
1780980334.737120,0.000994369,81352,4,654.501498
1780980334.737136,0.001011346,101690,5,804.393353
1780980334.737154,0.000992755,69702,3,561.685411
1780980334.737168,0.000995954,100242,5,805.193814
1780980334.737182,0.000999169,90040,4,720.919084
1780980334.737196,0.001000457,59764,6,477.893603
1780980334.737211,0.001008962,80102,7,635.124019
1780980334.737227,0.000993357,97412,6,784.507483
1780980334.737244,0.001004246,90172,6,718.325988
1780980334.737258,0.000998147,78522,5,629.342171
1780980334.737272,0.000996047,98860,6,794.018756
1780980334.737286,0.001009236,91620,6,726.252333
1780980334.737300,0.000999500,79970,5,640.080040
1780980334.737315,0.000990345,88724,6,716.711853
1780980334.737331,0.001007264,101690,5,807.653207
1780980334.737349,0.000994803,85762,5,689.680268
1780980334.737363,0.001004521,85696,4,682.482497
1780980334.737377,0.001001513,90040,4,719.231802
1780980334.737391,0.001001328,64174,7,512.711120
1780980334.737405,0.000990790,74244,6,599.473148
1780980334.737419,0.001011591,97478,7,770.888630
1780980334.737436,0.000995323,90172,6,724.765729
1780980334.737451,0.000992753,95964,6,773.316223
1780980334.737465,0.001013311,84314,5,665.651513
1780980334.737479,0.000996249,90172,6,724.092069
1780980334.737496,0.001991277,186004,10,747.275241
1780980334.737514,0.001010365,84248,4,667.069821
1780980334.737528,0.000997862,104586,5,838.480672
1780980334.737542,0.000994863,65358,3,525.563821
1780980334.737556,0.001007919,101690,5,807.128351
1780980334.737570,0.000993171,84248,4,678.618284
1780980334.737587,0.000995158,94384,4,758.745847
1780980334.737605,0.001006014,46798,7,372.145914
1780980334.737619,0.000998858,88724,6,710.603509
1780980334.737633,0.000995552,81418,5,654.254122
1780980334.737650,0.000999140,95964,6,768.372801
1780980334.737667,0.001005712,90172,6,717.278903
1780980334.737681,0.000999280,101756,6,814.634537
1780980334.737709,0.000996659,87276,6,700.548533
1780980334.737724,0.001008953,88658,5,702.970307
1780980334.737738,0.001001656,100242,5,800.610190
1780980334.737754,0.001001359,66872,4,534.249954
1780980334.737771,0.000986467,98794,5,801.194566
1780980334.737785,0.001006232,52590,7,418.114312
1780980334.737798,0.001000642,77206,7,617.251724
1780980334.737812,0.001002952,90238,7,719.779212
1780980334.737825,0.001003337,97478,7,777.230382
1780980334.737839,0.000987871,95964,6,777.137906
1780980334.737855,0.001012792,71216,4,562.532090
1780980334.737870,0.000999150,98860,6,791.552820
1780980334.737884,0.000994018,87210,5,701.878638
1780980334.737898,0.000995116,84380,6,678.353076
1780980334.737914,0.001006836,88658,5,704.448391
1780980334.737931,0.000994227,79904,4,642.943714
1780980334.737945,0.001006120,73060,10,580.924741
1780980334.737960,0.000993997,77272,8,621.909322
1780980334.738198,0.001002500,96030,7,766.324190
1780980334.738265,0.000998461,77074,5,617.542398
1780980334.738291,0.001002792,97478,7,777.652793
1780980334.738316,0.001002091,90172,6,719.870750
1780980334.738347,0.000991415,93068,6,750.991260
1780980334.738364,0.001000113,81418,5,651.270406
1780980334.738378,0.000999862,90172,6,721.475564
1780980334.738394,0.001006892,108996,6,865.999531
1780980334.738410,0.001008401,78456,4,622.419057
1780980334.738460,0.000990314,82800,4,668.878760
1780980334.738478,0.000999432,87144,4,697.548207
1780980334.738499,0.000996630,101690,5,816.270833
1780980334.738514,0.001008755,95832,4,760.002181
1780980334.738528,0.000998742,49760,8,398.581415
1780980334.738542,0.000991113,83130,9,671.003205
1780980334.738556,0.001009713,100374,7,795.267566
1780980334.738570,0.000989165,75692,6,612.168849
1780980334.738584,0.000999955,101756,6,814.084634
1780980334.738634,0.001000652,72664,4,580.933232
1780980334.738657,0.001001301,93068,6,743.576607
1780980334.738676,0.001005137,82800,4,659.014642
1780980334.738698,0.001002333,84314,5,672.942026
1780980334.738715,0.000991333,107548,6,867.906143
1780980334.738729,0.001007723,81352,4,645.828268
1780980334.738743,0.000991605,101690,5,820.407319
1780980334.738789,0.001002923,65358,3,521.340123
1780980334.738813,0.001004004,55618,9,443.169549
1780980334.738835,0.000997067,96030,7,770.499876
1780980334.738854,0.001008461,77140,6,611.942356
1780980334.738875,0.000992054,98926,7,797.746897
1780980334.738910,0.000997286,75626,5,606.654460
1780980334.738927,0.000998289,93068,6,745.820098
1780980334.738941,0.000999895,79970,5,639.827182
1780980334.738958,0.001010331,91620,6,725.465219
1780980334.738975,0.000990169,82866,5,669.509952
1780980334.739002,0.001000397,100308,6,802.145548
1780980334.739033,0.001011808,87210,5,689.537936
1780980334.739050,0.000995069,87144,4,700.606692
1780980334.739067,0.001004391,79904,4,636.437403
1780980334.739094,0.000993194,64174,7,516.910090
1780980334.739109,0.000995376,88790,7,713.619778
1780980334.739126,0.001009267,81484,6,645.886569
1780980334.739178,0.000991473,100308,6,809.365459
1780980334.739205,0.001002810,88724,6,707.803073
1780980334.739219,0.000996578,98860,6,793.595684
1780980334.739234,0.000999674,78522,5,628.380852
1780980334.739248,0.001012654,88658,5,700.401124
1780980334.739264,0.000999263,100242,5,802.527463
1780980334.739281,0.000988430,87210,5,705.846646
1780980334.739296,0.000999769,84248,4,674.139726
1780980334.739310,0.001003521,81352,4,648.532517
1780980334.739324,0.001013751,106100,6,837.286474
1780980334.739340,0.000987114,68320,4,553.694913
1780980334.739358,0.001000616,58580,10,468.351495
1780980334.739373,0.000995339,93068,6,748.030570
1780980334.740080,0.001011038,78654,7,622.362364
1780980334.741121,0.000991356,97478,7,786.623574
1780980334.742004,0.001010519,90172,6,713.866835
1780980334.743018,0.000987265,103204,6,836.282052
1780980334.744003,0.001005004,79970,5,636.574581
1780980334.744995,0.000994826,85762,5,689.664323
1780980334.745958,0.001000486,84314,5,674.184346
1780980334.747047,0.001007012,106100,6,842.889658
1780980334.747982,0.001002470,90040,4,718.545193
1780980334.748995,0.000990749,75560,4,610.124260
1780980334.750026,0.001002166,62462,3,498.615998
1780980334.751056,0.000996947,110378,5,885.728128
1780980334.752014,0.000999685,77008,4,616.258121
1780980334.752969,0.001010802,55456,4,438.906927
1780980334.754032,0.000999155,31988,2,256.120422
1780980334.755008,0.000991122,46534,3,375.606636
1780980334.755996,0.001012716,0,0,0.000000
1780980334.756991,0.000998861,0,0,0.000000
1780980334.758016,0.000994915,29092,2,233.925511
1780980334.758989,0.000992347,50878,3,410.162977
1780980334.759985,0.001000767,45086,3,360.411564
1780980334.760964,0.001009937,93068,6,737.218262
1780980334.761946,0.000988905,94582,7,765.145287
1780980334.762987,0.001000039,97412,6,779.265609
1780980334.763989,0.001001891,90106,5,719.487449
1780980334.764988,0.000998901,81418,5,652.060615
1780980334.765998,0.001010222,98860,6,782.877427
1780980334.766988,0.000988927,91554,5,740.633030
1780980334.767985,0.001000066,87144,4,697.105991
1780980334.769001,0.001015591,101690,5,801.031124
1780980334.769973,0.000984551,81352,4,661.028225
1780980334.770994,0.001001613,104586,5,835.340596
1780980334.771985,0.000998400,90040,4,721.474359
1780980334.772974,0.001000028,62594,5,500.737979
1780980334.773979,0.001003265,78720,8,627.710525
1780980334.774990,0.000997228,95964,6,769.846013
1780980334.775975,0.001003419,90172,6,718.918019
1780980334.776999,0.001007292,82932,6,658.653102
1780980334.778001,0.001000436,103204,6,825.272181
1780980334.778985,0.000988136,90172,6,730.037161
1780980334.779998,0.001012485,95898,5,757.723818
1780980334.780984,0.000996873,90106,5,723.109162
1780980334.781987,0.000990894,82800,4,668.487245
1780980334.782987,0.000999859,101690,5,813.634722
1780980334.783987,0.001002373,84248,4,672.388422
1780980334.784987,0.000997768,82800,4,663.881784
1780980334.785987,0.001012114,64174,7,507.247207
1780980334.787004,0.001001886,94516,6,754.704627
1780980334.787997,0.000997949,81550,7,653.740822
1780980334.788991,0.000995087,88790,7,713.827032
1780980334.789994,0.001001043,94516,6,755.340180
1780980334.790995,0.001001525,96030,7,767.070218
1780980334.791977,0.000993778,97412,6,784.175138
1780980334.792989,0.000996820,68320,4,548.303605
1780980334.793990,0.001004960,104652,6,833.083904
1780980334.794988,0.000995553,72664,4,583.908642
1780980334.795990,0.001003717,100242,5,798.966242
1780980334.796978,0.000995637,88592,4,711.841766
1780980334.798001,0.001011394,75560,4,597.670146
1780980334.798990,0.001001758,80300,10,641.272643
1780980334.800004,0.000998000,97478,7,781.386774
1780980334.800994,0.000993348,91686,7,738.399836
1780980334.801985,0.000995112,85828,6,689.996704
1780980334.802991,0.001004220,85828,6,683.738623
1780980334.803996,0.001006236,100308,6,797.490847
1780980334.805989,0.001990533,186136,12,748.085061
1780980334.807004,0.001007044,82866,5,658.290998
1780980334.807980,0.001000731,87210,5,697.170368
1780980334.808995,0.001000870,106034,5,847.534645
1780980334.809989,0.000991508,84248,4,679.756492
1780980334.810984,0.000998785,95832,4,767.588620
1780980334.812000,0.001011296,64174,7,507.657501
1780980334.812987,0.001002105,68716,10,548.573253
1780980334.813956,0.000987144,82998,7,672.631349
1780980334.814999,0.001000338,88724,6,709.552171
1780980334.815963,0.001000488,101822,7,814.178681
1780980334.817037,0.001012631,79970,5,631.779987
1780980334.818040,0.000998248,111958,7,897.235957
1780980334.819065,0.000991603,75626,5,610.131272
1780980334.820008,0.001006830,90172,6,716.482425
1780980334.820970,0.000994066,81418,5,655.232148
1780980334.821978,0.001004982,87210,5,694.221389
1780980334.822984,0.000990315,81352,4,657.180796
1780980334.823994,0.001003342,88658,5,706.901535
1780980334.824994,0.001010091,98794,5,782.456234
1780980334.825999,0.000993810,59962,9,482.683813
1780980334.826997,0.001001856,85894,7,685.879009
1780980334.827975,0.000994063,81418,5,655.234125
1780980334.828961,0.001005716,93200,8,741.362373
1780980334.829958,0.000992039,97412,6,785.549762
1780980334.830975,0.001006086,79970,5,635.889974
1780980334.832034,0.000999314,93068,6,745.055108
1780980334.832984,0.000994525,78522,5,631.634197
1780980334.834037,0.001004905,88658,5,705.802041
1780980334.835016,0.000995012,87210,5,701.177473
1780980334.835970,0.001001755,100242,5,800.531068
1780980334.836971,0.001010102,87144,4,690.179804
1780980334.838031,0.000993150,84248,4,678.632634
1780980334.839157,0.001000287,103138,5,824.867263
1780980334.839980,0.001001694,82800,4,661.279792
1780980334.841010,0.001002070,49760,8,397.257677
1780980334.842007,0.000992707,75626,5,609.452739
1780980334.842971,0.000998390,90238,7,723.068140
1780980334.843963,0.001006952,93068,6,739.403666
1780980334.844957,0.000992224,94516,6,762.053730
1780980334.845963,0.000999905,95964,6,767.784940
1780980334.847049,0.001009273,53774,3,426.239481
1780980334.847993,0.000991454,100308,6,809.380970
1780980334.850631,0.001002384,103138,5,823.141630
1780980334.850702,0.001002517,81352,4,649.182009
1780980334.850983,0.001000919,65424,4,522.911444
1780980334.851989,0.000999515,85696,4,685.900662
1780980334.852971,0.001002632,101690,5,811.384436
1780980334.853986,0.000992015,84248,4,679.409082
1780980334.855019,0.000999845,91488,4,732.017463
1780980334.855988,0.000999997,75692,6,605.537817
1780980334.869263,0.001000663,54236,10,433.600523
1780980334.872520,0.001012111,74244,6,586.844724
1780980334.874530,0.000987060,94582,7,766.575487
1780980334.896354,0.001011054,109062,7,862.956875
1780980334.914932,0.000988880,87210,5,705.525443
1780980334.944851,0.000999811,84380,6,675.167607
1780980334.959855,0.001000809,97412,6,778.666059
1780980334.974025,0.001001863,63976,4,510.856275
1780980334.974085,0.001005622,88724,6,705.823858
1780980334.974102,0.000993024,90040,4,725.380253
1780980334.974118,0.001004691,97346,5,775.131856
1780980334.974135,0.001004611,85696,4,682.421355
1780980334.974153,0.000996207,101690,5,816.617430
1780980334.974168,0.000997331,88592,4,710.632679
1780980334.974182,0.001008362,61080,4,484.587876
1780980334.974197,0.000999439,51472,12,412.007136
1780980334.974211,0.000989193,95964,6,776.099305
1780980334.974245,0.001002748,91620,6,730.951346
1780980334.974279,0.001005736,98860,6,786.369385
1780980334.974295,0.001001139,75626,5,604.319680
1780980334.974325,0.001002768,93068,6,742.488791
1780980334.974387,0.000990400,88658,5,716.138934
1780980334.974402,0.001011019,100308,6,793.718021
1780980334.974416,0.000994917,85762,5,689.601243
1780980334.974431,0.000995397,82866,5,665.993568
1780980334.974445,0.000999775,84248,4,674.135681
1780980334.974462,0.000999553,87144,4,697.463766
1780980334.974493,0.000998239,101690,5,814.955136
1780980334.974527,0.001001321,57066,9,455.925722
1780980334.974544,0.001001747,82932,6,662.298964
1780980334.974558,0.000997385,72730,5,583.365501
1780980334.974573,0.001009866,98992,8,784.199092
1780980334.974589,0.000989431,75626,5,611.470633
1780980334.974606,0.001007944,93068,6,738.675958
1780980334.974633,0.000989438,84314,5,681.712245
1780980334.974687,0.001011273,101756,6,804.973533
1780980334.974703,0.000998897,82932,6,664.188600
1780980334.974718,0.000994716,87210,5,701.386124
1780980334.974732,0.000996289,81352,4,653.240174
1780980334.974763,0.001000321,107482,5,859.580075
1780980334.974794,0.001013858,79904,4,630.494606
1780980334.974813,0.000985156,88592,4,719.414996
1780980334.974827,0.001013083,81352,4,642.411333
1780980334.974840,0.001001120,104586,5,835.751958
1780980334.974857,0.000988993,65622,7,530.818722
1780980334.974885,0.001002556,61410,9,490.027490
1780980334.974915,0.001004201,81484,6,649.144942
1780980334.974932,0.000997362,88724,6,711.669384
1780980334.974946,0.000998554,81418,5,652.287207
1780980334.974960,0.001001272,106166,7,848.249027
1780980334.974974,0.000998225,79970,5,640.897593
1780980334.974989,0.001006541,106100,6,843.284079
1780980334.975003,0.000992743,85762,5,691.111395
1780980334.975019,0.000995644,79970,5,642.558987
1780980334.975034,0.001000108,85762,5,686.021910
1780980334.975048,0.000999496,103138,5,825.520062
1780980334.975062,0.000999756,84248,4,674.148492
1780980334.975076,0.001007864,52590,7,417.437273
1780980334.975092,0.001004355,74244,6,591.376555
1780980334.975170,0.000997508,94516,6,758.016978
1780980334.975191,0.001000719,93068,6,744.009057
1780980334.975238,0.001000290,97412,6,779.070070
1780980334.975255,0.001001387,85762,5,685.145703
1780980334.975270,0.000990601,91620,6,739.914456
1780980334.975284,0.001003882,75560,4,602.142483
1780980334.975313,0.000994804,84314,5,678.035070
1780980334.975348,0.001009477,103270,7,818.403985
1780980334.975364,0.000990863,65424,4,528.218331
1780980334.975378,0.001000100,106034,5,848.187181
1780980334.975392,0.001004020,85696,4,682.823051
1780980334.975410,0.000994070,79904,4,643.045258
1780980334.975427,0.000999886,91620,6,733.043567
1780980334.975442,0.001000466,50944,4,407.362169
1780980334.975456,0.001008854,93068,6,738.009662
1780980334.975474,0.000993630,93200,8,750.379920
1780980334.975489,0.001007968,78522,5,623.210261
1780980334.975503,0.000996898,113406,7,910.071040
1780980334.975517,0.000996028,84314,5,677.201846
1780980334.975531,0.000996135,84380,6,677.659153
1780980334.975547,0.001013359,82866,5,654.188693
1780980334.975564,0.000987645,103138,5,835.425684
1780980334.975578,0.001004964,88724,6,706.285996
1780980334.975592,0.001006453,78456,4,623.623756
1780980334.975606,0.000992322,84248,4,679.198889
1780980334.975620,0.001006914,91554,5,727.402737
1780980334.975634,0.000991379,52722,9,425.443751
1780980334.975651,0.000997191,91686,7,735.554172
1780980334.975668,0.001007000,78588,6,624.333664
1780980334.975682,0.000995729,96096,8,772.065492
1780980334.975696,0.001003583,91686,7,730.869295
1780980334.975713,0.000996562,98926,7,794.138247
1780980334.975728,0.001010479,82866,5,656.053218
1780980334.975742,0.000998879,88724,6,710.588570
1780980334.975756,0.000996657,85762,5,688.397312
1780980334.975774,0.000998624,104586,5,837.840869
1780980334.975789,0.000992780,82800,4,667.217309
1780980334.975803,0.001013304,82800,4,653.703134
1780980334.975817,0.000999302,90040,4,720.823135
1780980334.975831,0.000995053,84248,4,677.334775
1780980334.975845,0.001001491,106034,5,847.009109
1780980334.975862,0.000990362,61080,4,493.395344
1780980334.975879,0.001002627,67202,9,536.207383
1780980334.975893,0.000999937,94516,6,756.175639
1780980334.975908,0.001013111,97478,7,769.732043
1780980334.975922,0.000987528,78522,5,636.109558
1780980334.975938,0.000997440,93068,6,746.454925
1780980334.975955,0.000999909,84314,5,674.573386
1780980334.975969,0.001000261,84380,6,674.863861
1780980334.975983,0.000999675,101690,5,813.784480
1780980334.975997,0.001000203,85828,6,686.484644
1780980334.976014,0.001000068,87144,4,697.104597
1780980334.976030,0.001005820,100242,5,797.295739
1780980334.976045,0.001005623,88592,4,704.773061
1780980334.976060,0.000988119,81352,4,658.641317
1780980334.976074,0.001012510,61212,6,483.645594
1780980334.976088,0.001000490,87342,7,698.393787
1780980334.976105,0.000999143,80036,6,640.837197
1780980334.976123,0.000988620,0,0,0.000000
1780980334.976159,0.001001514,0,0,0.000000
1780980334.976178,0.000998596,42190,3,337.994544
1780980334.977311,0.001013022,21852,2,172.568809
1780980334.978443,0.000993117,37780,2,304.334736
1780980334.986360,0.000992979,62528,4,503.760905
1780980334.986469,0.001001544,82932,6,662.433203
1780980334.986491,0.001001276,78522,5,627.375469
1780980334.986507,0.000998222,111958,7,897.259327
1780980334.986524,0.001010726,82866,5,655.892893
1780980334.986541,0.000998505,87276,6,699.253384
1780980334.986556,0.000989387,101756,6,822.780166
1780980334.986570,0.001010387,84314,5,667.577869
1780980334.986996,0.000994192,85762,5,690.104125
1780980334.987985,0.000995398,103138,5,828.918684
1780980334.988979,0.001000780,71282,5,569.811547
1780980334.991013,0.002014181,165930,13,659.047027
1780980334.991993,0.000989112,109062,7,882.100308
1780980334.992987,0.000997423,93068,6,746.467647
1780980334.993973,0.000998666,84314,5,675.413001
1780980334.994997,0.001002492,100308,6,800.469231
1780980334.995981,0.000997820,85828,6,688.124111
1780980334.996998,0.000999745,88658,5,709.444908
1780980334.997973,0.001005287,100242,5,797.718462
1780980334.998982,0.001004537,90040,4,717.066669
1780980334.999973,0.000990981,95898,5,774.166205
1780980335.000987,0.000998986,94384,4,755.838420
1780980335.001986,0.000999830,72664,4,581.410840
1780980335.002987,0.001000976,58382,7,466.600598
1780980335.003983,0.001010176,87408,8,692.219970
1780980335.004977,0.000989075,91686,7,741.589869
1780980335.005989,0.001002785,80036,6,638.509750
1780980335.006997,0.001009038,100308,6,795.276293
1780980335.007985,0.000988099,87276,6,706.617454
1780980335.008990,0.001004405,101756,6,810.477845
1780980335.009985,0.000996955,85828,6,688.721156
1780980335.010990,0.001001405,101756,6,812.905867
1780980335.011981,0.001006115,85762,5,681.926022
1780980335.012971,0.000991128,90040,4,726.767885
1780980335.013968,0.001000113,97346,5,778.680009
1780980335.014996,0.001011523,84248,4,666.306154
1780980335.015964,0.000993241,71546,9,576.262961
1780980335.016960,0.000998587,80036,6,641.194007
1780980335.017977,0.001004348,94582,7,753.380302
1780980335.018981,0.001004955,90238,7,718.344602
1780980335.019990,0.000992291,97478,7,785.882367
1780980335.020998,0.001006282,82866,5,658.789484
1780980335.021975,0.000988591,90172,6,729.701161
1780980335.023018,0.001012652,101756,6,803.877344
1780980335.023986,0.000987380,85762,5,694.865199
1780980335.025000,0.001014157,103138,5,813.586062
1780980335.025988,0.000988224,84314,5,682.549705
1780980335.026978,0.001000857,82800,4,661.832809
1780980335.027992,0.001001711,104586,5,835.258872
1780980335.028971,0.000995166,85696,4,688.898134
1780980335.029961,0.001007380,75824,8,602.148147
1780980335.030978,0.000993103,64174,7,516.957456
1780980335.031967,0.000999409,103270,7,826.648549
1780980335.032964,0.001006044,80036,6,636.441348
1780980335.033995,0.001001222,111958,7,894.570834
1780980335.034979,0.000999719,81418,5,651.527079
1780980335.035996,0.001001857,88724,6,708.476359
1780980335.037021,0.001002039,50878,3,406.195767
1780980335.037992,0.000999778,93002,5,744.181208
1780980335.038989,0.000989926,87210,5,704.779953
1780980335.039993,0.001007670,103138,5,818.823623
1780980335.040989,0.000995609,84248,4,676.956516
1780980335.041976,0.000999530,81352,4,651.122027
1780980335.043001,0.001006330,84248,4,669.744517
1780980335.043983,0.001001260,69900,6,558.496295
1780980335.044992,0.000995858,93134,7,748.170924
1780980335.046068,0.001004145,96096,8,765.594610
1780980335.046993,0.000995789,81484,6,654.628641
1780980335.048000,0.001006563,94516,6,751.197888
1780980335.048987,0.000988793,81418,5,658.726346
1780980335.049973,0.000997881,88724,6,711.299243
1780980335.051000,0.001005411,81418,5,647.838546
1780980335.051998,0.001005623,103204,6,821.015430
1780980335.052995,0.000997965,85762,5,687.495052
1780980335.053974,0.000991097,104652,6,844.736691
1780980335.054998,0.001008694,84248,4,668.174888
1780980335.055998,0.001003307,88592,4,706.399935
1780980335.056987,0.000989828,100242,5,810.177122
1780980335.057986,0.001010259,64108,6,507.655958
1780980335.058991,0.000988669,74376,8,601.827305
1780980335.059989,0.001003375,88790,7,707.930734
1780980335.060992,0.001000628,100440,8,803.015706
1780980335.061976,0.000998368,94516,6,757.364018
1780980335.062996,0.001005571,81418,5,647.735466
1780980335.063991,0.000997590,98860,6,792.790625
1780980335.064985,0.000993734,87276,6,702.610558
1780980335.065974,0.000999914,87210,5,697.740006
1780980335.066988,0.001000034,82800,4,662.377479
1780980335.067990,0.001005643,104586,5,831.993063
1780980335.068993,0.001001811,82800,4,661.202562
1780980335.069986,0.000993055,87144,4,702.027582
1780980335.070979,0.001000008,80168,8,641.338869
1780980335.071979,0.001003257,72928,8,581.529957
1780980335.072987,0.000996341,78654,7,631.542815
1780980335.073995,0.001009031,91686,7,726.923157
1780980335.074985,0.000995124,96030,7,772.004293
1780980335.075992,0.000999201,95964,6,768.325892
1780980335.077013,0.001007132,91620,6,727.769548
1780980335.077970,0.000989354,81418,5,658.352824
1780980335.079003,0.001005652,101756,6,809.472859
1780980335.079994,0.000999894,87276,6,698.282018
1780980335.080973,0.001001021,84314,5,673.824026
1780980335.081969,0.000993683,106034,5,853.664599
1780980335.082989,0.001000534,84248,4,673.624285
1780980335.083991,0.001006054,79904,4,635.385377
1780980335.084977,0.000994968,67268,10,540.865636
1780980335.085991,0.001002027,88790,7,708.883094
1780980335.086972,0.000996187,77140,6,619.482085
1780980335.087989,0.001002772,101888,8,812.850778
1780980335.088992,0.000997167,94516,6,758.276196
1780980335.089999,0.001007095,75626,5,600.745709
1780980335.090993,0.001003250,98860,6,788.317967
1780980335.091992,0.000990614,88724,6,716.517231
1780980335.092986,0.000999186,82866,5,663.468063
1780980335.093998,0.001013815,104652,6,825.807470
1780980335.094982,0.000994468,84248,4,677.733220
1780980335.095988,0.000991914,103138,5,831.830179
1780980335.096989,0.000999758,62462,3,499.816956
1780980335.097981,0.000999817,80168,8,641.461387
1780980335.098993,0.001005871,85828,6,682.616359
1780980335.099983,0.001005716,81484,6,648.167077
1780980335.100988,0.000988702,97478,7,788.735129
1780980335.101993,0.001008307,80036,6,635.012947
1780980335.102987,0.000992795,95964,6,773.283508
1780980335.103979,0.001000684,81418,5,650.898785
1780980335.104999,0.001008118,106166,7,842.488677
1780980335.106000,0.000997510,85762,5,687.808644
1780980335.106995,0.001002047,81352,4,649.486501
1780980335.107974,0.000990715,87210,5,704.218670
1780980335.108999,0.001006717,101690,5,808.092046
1780980335.109985,0.000992955,85696,4,690.432094
1780980335.110981,0.001009041,85762,5,679.948585
1780980335.111981,0.000991159,62990,11,508.414896
1780980335.112993,0.001006064,81550,7,648.467692
1780980335.113996,0.001005106,90238,7,718.236683
1780980335.114992,0.000995273,82932,6,666.607052
1780980335.115991,0.001005993,94516,6,751.623520
1780980335.117275,0.000988617,79970,5,647.126238
1780980335.117983,0.001004072,82866,5,660.239505
1780980335.118982,0.000994992,87276,6,701.722225
1780980335.120033,0.001000427,84314,5,674.224106
1780980335.121015,0.001003603,84314,5,672.090458
1780980335.122029,0.001011362,84380,6,667.456361
1780980335.123007,0.000984870,85762,5,696.636104
1780980335.124009,0.001010068,103138,5,816.879656
1780980335.124960,0.000989786,84248,4,680.939112
1780980335.125984,0.001000785,81352,4,650.305510
1780980335.126991,0.001002963,88658,5,707.168659
1780980335.128020,0.001008024,51142,7,405.879225
1780980335.128997,0.000997040,74244,6,595.715317
1780980335.129978,0.000991284,80036,6,645.917820
1780980335.131052,0.001000772,97478,7,779.222440
1780980335.132030,0.000999745,84314,5,674.684044
1780980335.132980,0.001010653,72730,5,575.706993
1780980335.133971,0.000998770,98860,6,791.853980
1780980335.134979,0.000990460,84314,5,681.008824
1780980335.135972,0.000999317,87276,6,698.685202
1780980335.137003,0.001000729,82866,5,662.445078
1780980335.138001,0.001006422,84314,5,670.207925
1780980335.139026,0.000999094,106034,5,849.041231
1780980335.140001,0.001001512,81352,4,649.833452
1780980335.140975,0.001005184,85762,5,682.557621
1780980335.141972,0.000990620,58514,9,472.544467
1780980335.142983,0.000996591,85894,7,689.502514
1780980335.143998,0.000999886,80102,7,640.889061
1780980335.144970,0.001000251,85828,6,686.451701
1780980335.146026,0.001005522,77140,6,613.730978
1780980335.147004,0.000994306,94582,7,760.989072
1780980335.147979,0.000999761,79970,5,639.912939
1780980335.148958,0.001004215,103204,6,822.166568
1780980335.149967,0.001004721,66938,5,532.987765
1780980335.151005,0.000993109,101756,6,819.696529
1780980335.151989,0.000999474,85762,5,686.457076
1780980335.152995,0.001011424,106034,5,838.690796
1780980335.154068,0.000997083,63910,3,512.775767
1780980335.155023,0.001003361,103138,5,822.340115
1780980335.155964,0.000989382,88592,4,716.342121
1780980335.156971,0.001008431,59830,7,474.638324
1780980335.157984,0.001000893,71414,7,570.802274
1780980335.158993,0.000993140,91686,7,738.554484
1780980335.160036,0.001001349,77140,6,616.288627
1780980335.160974,0.000994243,96030,7,772.688367
1780980335.162027,0.001000676,81418,5,650.903989
1780980335.163007,0.001006646,95964,6,762.643471
1780980335.163969,0.000991976,93068,6,750.566546
1780980335.164967,0.001011095,78522,5,621.282867
1780980335.165982,0.000990359,84314,5,681.078276
1780980335.166989,0.000998603,87276,6,699.184761
1780980335.167990,0.001000677,88658,5,708.784153
1780980335.168988,0.000999938,78456,4,627.686917
1780980335.170006,0.001006336,106034,5,842.931188
1780980335.171018,0.000994140,65358,3,525.946044
1780980335.171981,0.001000034,104586,5,836.659554
1780980335.172972,0.001006473,87144,4,692.668358
1780980335.173963,0.000992214,65688,8,529.627681
1780980335.175030,0.001000963,41336,12,330.369854
1780980335.176000,0.001007077,85828,6,681.798909
1780980335.176990,0.000996411,84446,7,678.001347
1780980335.178008,0.000996360,93068,6,747.264041
1780980335.178996,0.000999503,84380,6,675.375662
1780980335.180239,0.001010537,90172,6,713.854119
1780980335.180985,0.000995209,81418,5,654.479612
1780980335.181973,0.000994430,88724,6,713.767686
1780980335.183005,0.001000559,81418,5,650.980102
1780980335.184044,0.001011208,82866,5,655.580256
1780980335.185068,0.000995465,85696,4,688.691215
1780980335.186025,0.000996537,84248,4,676.326117
1780980335.187244,0.000997227,103138,5,827.398376
1780980335.190487,0.001004020,48048,4,382.844963
1780980335.190552,0.000995566,67070,7,538.949703
1780980335.190578,0.001009604,98992,8,784.402597
1780980335.190978,0.000996228,52392,4,420.722967
1780980335.192004,0.000995199,93134,7,748.666347
1780980335.192965,0.001010001,80102,7,634.470659
1780980335.193984,0.000992374,94516,6,761.938543
1780980335.195000,0.000995822,78522,5,630.811531
1780980335.196020,0.001000290,114854,7,918.565616
1780980335.197025,0.001005234,78522,5,624.905246
1780980335.198012,0.000994683,71282,5,573.304259
1780980335.199017,0.001000126,106100,6,848.693065
1780980335.199991,0.001001209,81352,4,650.030114
1780980335.200988,0.001007603,82800,4,657.401774
1780980335.201972,0.001000021,59830,7,478.629949
1780980335.203010,0.001000104,101888,8,815.019238
1780980335.203991,0.000998059,84446,7,676.881828
1780980335.205044,0.001004661,81484,6,648.847721
1780980335.206002,0.000990280,88724,6,716.758896
1780980335.207124,0.001006499,82932,6,659.172041
1780980335.207983,0.000995440,97412,6,782.865868
1780980335.208975,0.001006490,72730,5,578.088208
1780980335.209954,0.000989463,82866,5,669.987660
1780980335.210998,0.001004030,84314,5,671.804627
1780980335.211992,0.000995831,103138,5,828.558259
1780980335.212983,0.001000348,85696,4,685.329505
1780980335.214040,0.001014163,81352,4,641.727217
1780980335.215011,0.000990309,87144,4,703.974214
1780980335.216002,0.000995144,87144,4,700.553890
1780980335.216985,0.001010598,68452,6,541.873228
1780980335.217983,0.000990645,88856,8,717.560781
1780980335.218990,0.000998707,75626,5,605.791288
1780980335.219975,0.001000690,109062,7,871.894393
1780980335.220985,0.001010669,81484,6,644.990595
1780980335.223080,0.001989625,173038,11,695.761262
1780980335.224012,0.001003187,98860,6,788.367473
1780980335.225007,0.001003992,69834,5,556.450649
1780980335.225982,0.000993315,103138,5,830.656942
1780980335.226990,0.000998330,84314,5,675.640319
1780980335.227968,0.001002625,84248,4,672.219424
1780980335.228989,0.000999227,85696,4,686.098354
1780980335.229971,0.000998681,83130,9,665.918346
1780980335.231097,0.001011459,64240,8,508.097708
1780980335.232035,0.000996977,88790,7,712.473808
1780980335.233050,0.000991755,85828,6,692.332280
1780980335.233983,0.001002175,91686,7,731.896126
1780980335.234995,0.001007245,82866,5,658.159633
1780980335.235984,0.000991683,88724,6,715.744850
1780980335.236960,0.000998501,98860,6,792.067309
1780980335.238012,0.001008339,61080,4,484.598930
1780980335.239007,0.000992090,88658,5,714.919009
1780980335.240032,0.001002765,84380,6,673.178661
1780980335.241004,0.001003964,87144,4,694.399401
1780980335.241986,0.000993190,103138,5,830.761486
1780980335.242993,0.001002259,84248,4,672.464902
1780980335.243975,0.001009440,79904,4,633.254081
1780980335.244981,0.001002230,65754,9,524.861559
1780980335.246105,0.000985583,74244,6,602.640265
1780980335.247034,0.001006146,93134,7,740.520759
1780980335.247993,0.000994043,66938,5,538.713114
1780980335.249014,0.001014264,94582,7,746.014844
1780980335.250015,0.000993903,46534,3,374.555666
1780980335.251010,0.000996367,81352,4,653.189036
1780980335.251983,0.000999148,84314,5,675.087174
1780980335.252982,0.001001530,84380,6,674.008767
1780980335.253993,0.001009188,104652,6,829.593693
1780980335.254996,0.000988689,78522,5,635.362586
1780980335.256023,0.000998815,90106,5,721.703218
1780980335.257013,0.001006239,81352,4,646.780735
1780980335.258049,0.001004948,82800,4,659.138582
1780980335.259040,0.001000316,84248,4,673.771088
1780980335.260050,0.000988307,92936,4,752.284462
1780980335.262011,0.001998425,138616,16,554.900985
1780980335.263041,0.001011584,82998,7,656.380488
1780980335.264030,0.001000643,93068,6,744.065566
1780980335.264989,0.000990800,94516,6,763.148971
1780980335.266005,0.000996955,77074,5,618.475257
1780980335.267022,0.001000052,93068,6,744.505286
1780980335.267987,0.001004205,100308,6,799.103769
1780980335.268991,0.001002749,87210,5,695.767336
1780980335.269970,0.001003371,82866,5,660.700778
1780980335.270977,0.000989641,84248,4,681.038882
1780980335.272029,0.000999988,82800,4,662.407949
1780980335.272995,0.001000533,110378,5,882.553599
1780980335.274009,0.001005334,77008,4,612.795350
1780980335.275033,0.001004008,61344,8,488.792918
1780980335.276021,0.001000187,90304,8,722.296930
1780980335.276975,0.000992835,85828,6,691.579165
1780980335.278000,0.001002572,104718,7,835.594850
1780980335.279010,0.001006912,74178,5,589.350410
1780980335.279992,0.000992571,93068,6,750.116616
1780980335.280995,0.001003680,100308,6,799.521760
1780980335.281987,0.000990990,87144,4,703.490449
1780980335.282986,0.001000058,87210,5,697.639537
1780980335.284002,0.001000359,100242,5,801.648208
1780980335.284987,0.001003311,82800,4,660.214031
1780980335.285970,0.000996205,90106,5,723.594039
1780980335.286995,0.001007132,100242,5,796.257094
1780980335.288144,0.000993760,72796,6,586.024795
1780980335.289040,0.001005027,55420,6,441.142377
1780980335.290026,0.001005351,114986,9,914.991878
1780980335.290994,0.000993794,84380,6,679.255459
1780980335.292001,0.000996592,42190,3,338.674202
1780980335.292989,0.000998259,104652,6,838.676135
1780980335.293984,0.001000011,90172,6,721.368065
1780980335.296067,0.001000395,79904,4,638.979603
1780980335.296125,0.001000792,85762,5,685.553042
1780980335.297063,0.001002661,100242,5,799.807712
1780980335.298020,0.001009188,87210,5,691.328078
1780980335.299033,0.000995890,82800,4,665.133700
1780980335.299996,0.000991629,84248,4,679.673547
1780980335.300974,0.000999970,104586,5,836.713101
1780980335.301980,0.000999395,71348,6,571.129533
1780980335.303029,0.001003098,51010,5,406.819673
1780980335.304094,0.000999669,106166,7,849.609221
1780980335.305053,0.001002063,82932,6,662.090108
1780980335.305990,0.000995960,94516,6,759.195148
1780980335.307018,0.001007199,90172,6,716.219933
1780980335.307976,0.000997916,85762,5,687.528810
1780980335.308980,0.001004303,87276,6,695.216483
1780980335.309987,0.001002116,103138,5,823.361767
1780980335.310991,0.000993947,84380,6,679.150900
1780980335.311990,0.001000083,100242,5,801.869445
1780980335.313001,0.001008276,87210,5,691.953394
1780980335.313987,0.000985276,90040,4,731.084488
1780980335.314999,0.001000563,79904,4,638.872315
1780980335.315987,0.000999598,101690,5,813.847167
1780980335.316971,0.000999753,78654,7,629.387459
1780980335.317979,0.001004554,64306,9,512.115825
1780980335.318974,0.000997116,74178,5,595.140385
1780980335.319987,0.000999438,98992,8,792.381318
1780980335.321040,0.001011064,95964,6,759.310983
1780980335.321998,0.001000694,90238,7,721.403346
1780980335.322986,0.000987325,81418,5,659.705771
1780980335.323998,0.001013027,107614,7,849.841120
1780980335.324998,0.000995130,81418,5,654.531569
1780980335.325988,0.000995219,88658,5,712.671281
1780980335.327096,0.001010468,103138,5,816.556289
1780980335.327994,0.000995662,84248,4,676.920481
1780980335.328985,0.000990200,87144,4,704.051707
1780980335.329995,0.001010519,100242,5,793.588245
1780980335.330996,0.000995201,85696,4,688.873906
1780980335.333179,0.001994865,151714,17,608.418114
1780980335.333986,0.000999642,96096,8,769.043318
1780980335.334985,0.001000014,90238,7,721.893893
1780980335.336017,0.001007342,81550,7,647.644990
1780980335.337034,0.000999937,81418,5,651.385037
1780980335.337970,0.000993156,106166,7,855.180858
1780980335.338995,0.001009362,98860,6,783.544457
1780980335.339983,0.000990465,63976,4,516.735069
1780980335.340985,0.000999839,85762,5,686.206479
1780980335.341977,0.001007830,84380,6,669.795501
1780980335.342972,0.000995784,104586,5,840.230411
1780980335.344008,0.000996932,85696,4,687.677795
1780980335.345014,0.001010998,97280,4,769.774025
1780980335.346002,0.000991347,66872,4,539.645553
1780980335.347005,0.001007303,88592,4,703.597627
1780980335.347985,0.000997125,54236,10,435.139025
1780980335.349041,0.000993941,100374,7,807.886987
1780980335.349996,0.001005091,74244,6,590.943507
1780980335.351914,0.000994203,82866,5,666.793401
1780980335.351979,0.001009327,94516,6,749.140764
1780980335.352983,0.000997121,90172,6,723.458838
1780980335.353975,0.001003174,87144,4,694.946241
1780980335.354992,0.000996649,101756,6,816.785047
1780980335.355971,0.001002213,90106,5,719.256286
1780980335.357014,0.001000442,78456,4,627.370702
1780980335.357994,0.000997743,84248,4,675.508623
1780980335.359038,0.000994249,84248,4,677.882502
1780980335.360030,0.001011198,81352,4,643.608868
1780980335.360969,0.000993023,56868,6,458.140446
1780980335.361974,0.000995844,103270,7,829.607850
1780980335.362973,0.000998824,90172,6,722.225337
1780980335.363991,0.001001198,85828,6,685.802409
1780980335.364981,0.001006898,74178,5,589.358604
1780980335.366020,0.001005814,93068,6,740.240243
1780980335.367022,0.000987839,79970,5,647.635900
1780980335.367984,0.001012250,84314,5,666.349222
1780980335.368958,0.000985825,109062,7,885.041463
1780980335.369977,0.001001703,78456,4,626.580933
1780980335.371006,0.001008259,85696,4,679.952274
1780980335.372018,0.000993667,110378,5,888.651832
1780980335.372994,0.000996500,77008,4,618.227797
1780980335.374018,0.001000183,85696,4,685.442564
1780980335.375027,0.001006080,90106,5,716.491730
1780980335.375990,0.001005609,62792,8,499.534113
1780980335.376985,0.000991649,93068,6,750.814048
1780980335.377957,0.000999786,87276,6,698.357448
1780980335.379010,0.000996879,82932,6,665.533129
1780980335.379986,0.001000817,100308,6,801.808922
1780980335.381001,0.001011613,87276,6,690.192791
1780980335.381990,0.000993826,81352,4,654.859100
1780980335.383028,0.001005979,79970,5,635.957609
1780980335.383983,0.000992333,107548,6,867.031531
1780980335.384965,0.001003619,85762,5,683.621972
1780980335.385962,0.000991454,103138,5,832.216119
1780980335.387035,0.001003404,65358,3,521.090209
1780980335.388000,0.001000985,101690,5,812.719471
1780980335.388994,0.001003265,84248,4,671.790604
1780980335.390017,0.000999375,61476,10,492.115572
1780980335.390960,0.000994422,87276,6,702.124450
1780980335.391959,0.000998996,98992,8,792.731903
1780980335.392974,0.001012432,81484,6,643.867440
1780980335.393996,0.000987703,91620,6,742.085424
1780980335.395007,0.001010224,100308,6,794.342641
1780980335.395995,0.001001477,87210,5,696.651046
1780980335.396987,0.000999176,82866,5,663.474703
1780980335.397987,0.000993374,79970,5,644.027325
1780980335.398980,0.000995238,87276,6,701.548775
1780980335.400098,0.001009531,87144,4,690.570176
1780980335.400957,0.000990974,100242,5,809.240202
1780980335.401996,0.001001531,85696,4,684.520000
1780980335.403033,0.001012250,52590,7,415.628550
1780980335.403994,0.000989928,88790,7,717.547135
1780980335.404996,0.001002156,87342,7,697.232766
1780980335.405965,0.001004823,94582,7,753.024164
1780980335.406989,0.001002088,93068,6,742.992631
1780980335.407981,0.000987222,97412,6,789.382733
1780980335.408997,0.001013052,63976,4,505.213948
1780980335.410009,0.000986630,88724,6,719.410519
1780980335.411034,0.001011629,103204,6,816.141095
1780980335.412010,0.000992941,82800,4,667.109123
1780980335.412987,0.001008073,85762,5,680.601504
1780980335.413971,0.000997732,103138,5,826.979590
1780980335.414987,0.000999117,30474,1,244.007459
1780980335.415999,0.000993471,94450,5,760.565734
1780980335.416997,0.001008969,85696,4,679.473799
1780980335.417982,0.000991757,72796,6,587.208358
1780980335.419016,0.000999111,62726,7,502.254504
1780980335.419996,0.000998016,95964,6,769.238169
1780980335.421002,0.000998994,91686,7,734.226632
1780980335.421956,0.001000830,81418,5,650.803833
1780980335.422996,0.001001186,95964,6,766.802572
1780980335.423980,0.000998036,93068,6,746.009162
1780980335.424996,0.001010522,93068,6,736.791480
1780980335.426016,0.001001564,85762,5,685.024621
1780980335.442479,0.000989364,82866,5,670.054702
1780980335.442549,0.001001553,85762,5,685.032145
1780980335.442568,0.001002689,81352,4,649.070649
1780980335.442589,0.000994353,111826,5,899.688541
1780980335.442612,0.001010795,78456,4,620.944900
1780980335.442660,0.000990164,81352,4,657.281016
1780980335.442702,0.000999379,91554,5,732.887123
1780980335.442747,0.001001279,51076,6,408.086058
1780980335.442813,0.001007197,77140,6,612.710324
1780980335.442868,0.001005010,94648,8,753.409419
1780980335.442912,0.000986674,91620,6,742.859344
1780980335.442986,0.000999505,85762,5,686.435786
1780980335.443029,0.000999959,90172,6,721.405578
1780980335.443085,0.000999882,79970,5,639.835501
1780980335.443125,0.001000448,90172,6,721.052968
1780980335.443171,0.001013826,101756,6,802.946462
1780980335.443218,0.000995372,0,0,0.000000
1780980335.444038,0.000990805,0,0,0.000000
1780980335.445017,0.001003167,0,0,0.000000
1780980335.446012,0.000996435,0,0,0.000000
1780980335.447037,0.001008063,15994,1,126.928575
1780980335.448086,0.001004713,0,0,0.000000
1780980335.449070,0.000988617,0,0,0.000000
1780980335.450045,0.001000253,0,0,0.000000
1780980335.451017,0.001000304,36332,2,290.567667
1780980335.452017,0.001002739,62462,3,498.331071
1780980335.452977,0.000997452,79904,4,640.864924
1780980335.453966,0.001007258,98794,5,784.656960
1780980335.455020,0.001003811,0,0,0.000000
1780980335.455976,0.000990200,30474,1,246.204807
1780980335.456978,0.001005310,95898,5,763.131770
1780980335.457976,0.001003548,84248,4,671.601159
1780980335.458985,0.000996671,18890,1,151.624759
1780980335.459996,0.000992642,64108,6,516.665626
1780980335.461005,0.001011378,95964,6,759.075242
1780980335.462003,0.000996104,91620,6,735.826781
1780980335.462995,0.000990832,62528,4,504.852488
1780980335.463966,0.001000332,56670,3,453.209534
1780980335.464971,0.001013377,87144,4,687.949302
1780980335.465968,0.000989007,78456,4,634.624426
1780980335.467005,0.001000087,100242,5,801.866238
1780980335.467996,0.001012827,85762,5,677.406902
1780980335.469010,0.000993826,64042,5,515.518813
1780980335.469989,0.000994255,55156,2,443.797617
1780980335.470989,0.001006749,76810,5,610.360676
1780980335.471967,0.000998690,58052,2,465.025183
1780980335.472986,0.000997642,61014,3,489.265688
1780980335.474012,0.001002227,65424,4,522.228996
1780980335.475017,0.000995215,114722,5,922.188673
1780980335.475984,0.000998277,72664,4,582.315329
1780980335.476982,0.001000606,64306,9,514.136433
1780980335.478006,0.001007969,33502,3,265.897066
1780980335.479022,0.001005318,62528,4,497.577881
1780980335.479988,0.000994761,107614,7,865.446072
1780980335.480997,0.001000729,80036,6,639.821570
1780980335.481983,0.000990983,97412,6,786.386850
1780980335.483015,0.001002922,81418,5,649.446318
1780980335.483983,0.000997183,93068,6,746.647305
1780980335.484989,0.001006895,103204,6,819.978250
1780980335.485986,0.000999291,85762,5,686.582787
1780980335.486983,0.000991179,82800,4,668.295030
1780980335.487978,0.001003704,104586,5,833.600344
1780980335.488985,0.001003862,82800,4,659.851653
1780980335.490011,0.000999440,81352,4,651.180661
1780980335.491004,0.000994834,90040,4,724.060497
1780980335.492007,0.001000078,68254,3,545.989413
1780980335.492996,0.001010979,49364,2,390.623346
1780980335.493975,0.001000719,87078,3,696.123487
1780980335.494983,0.000993028,66806,3,538.200333
1780980335.495991,0.000995026,95832,4,770.488409
1780980335.496971,0.000999601,91422,3,731.667936
1780980335.498028,0.001010249,59948,2,474.718609
1780980335.499032,0.000996775,34884,2,279.974919
1780980335.500004,0.001005765,92870,3,738.701387
1780980335.500984,0.000987105,63976,4,518.493980
1780980335.501957,0.000998439,54038,7,432.979882
1780980335.502999,0.001012460,62528,4,494.067914
1780980335.504004,0.001002256,100308,6,800.657716
1780980335.505002,0.000987202,68320,4,553.645556
1780980335.506021,0.001003951,82932,6,660.845001
1780980335.507032,0.001001003,103204,6,824.804721
1780980335.508031,0.001003148,82932,6,661.373995
1780980335.508979,0.000995826,87210,5,700.604322
1780980335.509981,0.001004700,103138,5,821.244152
1780980335.510999,0.000991055,81352,4,656.690093
1780980335.511985,0.000999071,45020,2,360.494900
1780980335.513011,0.001003718,91488,4,729.192861
1780980335.513994,0.001000394,90040,4,720.036306
1780980335.515024,0.001002634,59566,3,475.276123
1780980335.516016,0.000993004,95898,5,772.589033
1780980335.516963,0.001000018,94384,4,755.058409
1780980335.517959,0.001002532,68254,3,544.652939
1780980335.519005,0.000998721,62396,2,499.807253
1780980335.520005,0.000998932,85630,3,685.772405
1780980335.520994,0.000999899,101624,4,813.074120
1780980335.521965,0.001000544,62396,2,498.896600
1780980335.523033,0.001000041,95832,4,766.624568
1780980335.524003,0.000999256,68254,3,546.438550
1780980335.524971,0.001000520,71664,4,573.014033
1780980335.525960,0.000999289,34884,2,279.270561
1780980335.526983,0.000999725,95766,3,766.338743
1780980335.527977,0.001000504,91422,3,731.007572
1780980335.529001,0.000999874,62396,2,499.230903
1780980335.529993,0.001011442,95832,4,757.983157
1780980335.531018,0.000998876,91488,4,732.727586
1780980335.532012,0.000994962,110378,5,887.495201
1780980335.533007,0.001002928,19022,3,151.731729
1780980335.533992,0.000994713,67070,7,539.411871
1780980335.534987,0.000997211,93134,7,747.155818
1780980335.535980,0.000999605,84380,6,675.306746
1780980335.536983,0.001000518,87276,6,697.846516
1780980335.537982,0.001000009,94806,7,758.441174
1780980335.539005,0.001005124,43572,2,346.799002
1780980335.540009,0.001003588,63976,4,509.978198
1780980335.540975,0.001000132,87144,4,697.059988
1780980335.541968,0.000992995,87144,4,702.070000
1780980335.542994,0.001008625,95898,5,760.623621
1780980335.543977,0.000989329,84314,5,681.787353
1780980335.545017,0.001013298,71150,3,561.730113
1780980335.545998,0.000994222,56670,3,455.994738
1780980335.546988,0.000992807,71150,3,573.323919
1780980335.548001,0.001007477,97346,5,772.988366
1780980335.548969,0.001001840,94450,5,754.212249
1780980335.549959,0.000989994,84248,4,680.796045
1780980335.550980,0.001002805,83064,8,662.653258
1780980335.552015,0.001002012,49786,5,397.488254
1780980335.553007,0.000997470,52392,4,420.199104
1780980335.554017,0.001003361,81484,6,649.688397
1780980335.554997,0.000999702,85828,6,686.828675
1780980335.555975,0.001002905,87210,5,695.659110
1780980335.556967,0.000999563,85828,6,686.924186
1780980335.557985,0.000999955,62462,3,499.718487
1780980335.559012,0.000995813,100242,5,805.307824
1780980335.560096,0.000996870,81418,5,653.389108
1780980335.560998,0.001006933,68320,4,542.796790
1780980335.562092,0.000993510,103138,5,830.493905
1780980335.563001,0.000999699,68320,4,546.724564
1780980335.563962,0.000999756,106034,5,848.479029
1780980335.564996,0.001006952,53998,3,429.001581
1780980335.565991,0.001004116,63844,2,508.658362
1780980335.567011,0.001002664,56604,2,451.628861
1780980335.568001,0.000986247,97280,4,789.092388
1780980335.568997,0.001005097,66740,2,531.212410
1780980335.570027,0.001006184,91422,3,726.880968
1780980335.571023,0.000989483,62396,2,504.473548
1780980335.572035,0.001005141,68254,3,543.239207
1780980335.572979,0.000994616,71150,3,572.281162
1780980335.573958,0.000999996,91488,4,731.906928
1780980335.574986,0.001005948,110378,5,877.802829
1780980335.576009,0.001006311,55222,3,439.005437
1780980335.577054,0.000987298,65622,7,531.730035
1780980335.578000,0.001013039,52458,5,414.262432
1780980335.579004,0.000988036,90238,7,730.645442
1780980335.580038,0.001006464,36622,3,291.094366
1780980335.580993,0.001000538,82866,5,662.571537
1780980335.581982,0.000993020,84314,5,679.253187
1780980335.582989,0.001005359,98794,5,786.139081
1780980335.583987,0.000999577,82866,5,663.208537
1780980335.584974,0.000993787,63910,3,514.476442
1780980335.585993,0.001006280,75560,4,600.707557
1780980335.587020,0.001000969,81352,4,650.185970
1780980335.588006,0.000997236,90040,4,722.316483
1780980335.588989,0.001002736,78456,4,625.935441
1780980335.589992,0.000994984,74046,3,595.354297
1780980335.590988,0.001003425,95898,5,764.565364
1780980335.591993,0.000995113,85696,4,688.934824
1780980335.592983,0.000999638,67030,3,536.434189
1780980335.594001,0.001010671,55156,2,436.589157
1780980335.595031,0.000993524,76942,3,619.548194
1780980335.596006,0.001006048,65358,3,519.720729
1780980335.596991,0.000991052,39822,11,321.452356
1780980335.598097,0.001002713,58250,5,464.739163
1780980335.599001,0.001004132,91620,6,729.943872
1780980335.599984,0.001000766,94582,7,756.076845
1780980335.601117,0.000996750,94582,7,759.123150
1780980335.601988,0.000999268,58118,3,465.284588
1780980335.603085,0.000997421,101690,5,815.623493
1780980335.603990,0.001007443,62528,4,496.528340
1780980335.605624,0.000993355,88592,4,713.477055
1780980335.605960,0.001000314,106034,5,848.005726
1780980335.607987,0.002001644,88882,5,355.235996
1780980335.608972,0.001007034,91488,4,726.791747
1780980335.610011,0.000994867,63910,3,513.917941
1780980335.611042,0.001004545,84248,4,670.934602
1780980335.612025,0.000997514,104520,4,838.243874
1780980335.613045,0.001003388,62396,2,497.482529
1780980335.614000,0.000995061,116170,5,933.972892
1780980335.615987,0.002000352,102350,15,409.327958
1780980335.617000,0.000999100,34950,3,279.851867
1780980335.617989,0.001002543,68320,4,545.173623
1780980335.619042,0.000999810,62528,4,500.319061
1780980335.619996,0.001000477,104718,7,837.344587
1780980335.620991,0.000993799,66872,4,538.314086
1780980335.622008,0.001008512,104718,7,830.673309
1780980335.622978,0.000989893,98860,6,798.955039
1780980335.623967,0.000997468,88658,5,711.064415
1780980335.624959,0.000999888,81352,4,650.888900
1780980335.625976,0.001000419,85762,5,685.808646
1780980335.627025,0.001000576,82800,4,662.018677
1780980335.628012,0.000999396,60948,2,487.878679
1780980335.628983,0.001001017,94450,5,754.832336
1780980335.629998,0.001001019,75560,4,603.864662
1780980335.630983,0.000997948,56802,5,455.350379
1780980335.632012,0.001000428,62660,6,501.065544
1780980335.632993,0.001006358,91620,6,728.329282
1780980335.633980,0.000995475,77140,6,619.925161
1780980335.635011,0.001002208,55736,4,444.905648
1780980335.636015,0.000995735,58118,3,466.935480
1780980335.636982,0.000999935,82866,5,662.971093
1780980335.637992,0.001001802,90106,5,719.551368
1780980335.638991,0.000999584,101756,6,814.386785
1780980335.640006,0.001005850,61014,3,485.273152
1780980335.640980,0.000992675,62462,3,503.383283
1780980335.642007,0.001005476,90040,4,716.397010
1780980335.642982,0.000998824,93002,5,744.891993
1780980335.644027,0.000997897,69702,3,558.791138
1780980335.644986,0.000998199,95898,5,768.568191
1780980335.645988,0.001006595,87210,5,693.108946
1780980335.646984,0.001000759,91488,4,731.348906
1780980335.647991,0.000997504,48206,3,386.612986
1780980335.648980,0.000995169,65358,3,525.402218
1780980335.650043,0.001007709,62396,2,495.349352
1780980335.651024,0.000996852,87078,3,698.823898
1780980335.652043,0.001002405,66806,3,533.165736
1780980335.652978,0.000992940,51274,9,413.108546
1780980335.653968,0.000999542,65424,4,523.631823
1780980335.654985,0.001000619,94516,6,755.660246
1780980335.655967,0.000999195,94582,7,757.265599
1780980335.662385,0.001000765,40676,2,325.159253
1780980335.662457,0.001004381,82866,5,660.036381
1780980335.662478,0.000995125,98860,6,794.754428
1780980335.662496,0.001004652,93002,5,740.570864
1780980335.662524,0.001003431,78456,4,625.501903
1780980335.662665,0.000991879,74402,5,600.089325
1780980335.690569,0.001000631,78390,3,626.724537
1780980335.690621,0.001003193,94450,5,753.195048
1780980335.690638,0.001001937,82800,4,661.119412
1780980335.690767,0.000994232,84314,5,678.425156
1780980335.690787,0.001006916,64042,5,508.817021
1780980335.690804,0.000994016,40742,3,327.898142
1780980335.690818,0.001002333,84446,7,673.995568
1780980335.690843,0.001005897,91686,7,729.187978
1780980335.690874,0.001004170,96030,7,765.049743
1780980335.690905,0.000986628,81418,5,660.171818
1780980335.690920,0.001000069,95964,6,767.659032
1780980335.690935,0.001008176,90172,6,715.525861
1780980335.690981,0.001004343,81418,5,648.527445
1780980335.690999,0.000987064,87210,5,706.823468
1780980335.691013,0.001001960,103204,6,824.016927
1780980335.691027,0.001004841,53972,6,429.695842
1780980335.691041,0.001004021,90304,8,719.538735
1780980335.691057,0.000993113,82998,7,668.588569
1780980335.691073,0.000996259,96030,7,771.124778
1780980335.691088,0.001000161,94516,6,756.006283
1780980335.691102,0.001012861,79970,5,631.636523
1780980335.691115,0.000989169,91554,5,740.451834
1780980335.691129,0.001011301,81418,5,644.065417
1780980335.691145,0.000996006,87210,5,700.477708
1780980335.691162,0.000996624,81418,5,653.550386
1780980335.691177,0.000995369,82866,5,666.012303
1780980335.691191,0.000999004,104586,5,837.522172
1780980335.691207,0.001011534,84248,4,666.298908
1780980335.691241,0.000988407,88592,4,717.048746
1780980335.692043,0.001013332,104586,5,825.680034
1780980335.693164,0.000995631,74310,7,597.088680
1780980335.694046,0.000991952,56934,7,459.167379
1780980335.694986,0.000999101,78522,5,628.741238
1780980335.695984,0.000999300,93134,7,745.593916
1780980335.696990,0.001002622,90106,5,718.962879
1780980335.697994,0.001004858,100374,7,799.109924
1780980335.699001,0.001005603,82866,5,659.234310
1780980335.699995,0.000991354,88658,5,715.449779
1780980335.700989,0.000995482,98860,6,794.469413
1780980335.701980,0.001011102,88658,5,701.476211
1780980335.702992,0.000995247,87144,4,700.481388
1780980335.704992,0.001993602,185938,9,746.138898
1780980335.706029,0.001007795,61278,7,486.432261
1780980335.706997,0.001003961,72928,8,581.122175
1780980335.707997,0.000999769,97478,7,780.004181
1780980335.708986,0.000989641,98860,6,799.158483
1780980335.709969,0.001000249,88724,6,709.615306
1780980335.710995,0.000998781,82866,5,663.737096
1780980335.711991,0.000999939,104718,7,837.795106
1780980335.713000,0.001012184,85762,5,677.837231
1780980335.714011,0.000999706,100242,5,802.171839
1780980335.714994,0.000991141,85828,6,692.761171
1780980335.715990,0.001001294,88592,4,707.820081
1780980335.716997,0.000998181,97346,5,780.187160
1780980335.717988,0.001000653,91488,4,731.426379
1780980335.718987,0.000999352,75560,4,604.871957
1780980335.719988,0.000997551,110378,5,885.191835
1780980335.721035,0.001012645,58448,8,461.745232
1780980335.722022,0.000987795,61608,12,498.953730
1780980335.722999,0.001002112,78522,5,626.852088
1780980335.723985,0.001007936,91752,8,728.236713
1780980335.724976,0.000991434,80036,6,645.820095
1780980335.725979,0.000998846,84380,6,675.819896
1780980335.727227,0.001013646,90172,6,711.664625
1780980335.728013,0.000988353,62528,4,506.118765
1780980335.729113,0.000997947,106100,6,850.546171
1780980335.729991,0.001008444,84314,5,668.864111
1780980335.730977,0.000992712,82800,4,667.263013
1780980335.731984,0.001006526,68320,4,543.016276
1780980335.732972,0.000991394,100242,5,808.897371
1780980335.733982,0.001000537,84248,4,673.622265
1780980335.735012,0.001011004,103138,5,816.123378
1780980335.736014,0.000990545,66872,4,540.082480
1780980335.736973,0.001000798,68584,8,548.234509
1780980335.737975,0.001007251,94516,6,750.684785
1780980335.739997,0.001990186,187650,13,754.301357
1780980335.740973,0.001012540,79904,4,631.315306
1780980335.741971,0.000989137,101756,6,822.988120
1780980335.742998,0.001009626,90172,6,714.498240
1780980335.743994,0.000993799,81418,5,655.408186
1780980335.744985,0.000994895,84314,5,677.973052
1780980335.745986,0.001010166,103138,5,816.800407
1780980335.748006,0.001997285,168562,9,675.164536
1780980335.748988,0.001004094,64438,11,513.402132
1780980335.749989,0.000988977,96030,7,776.802696
1780980335.750979,0.001003266,90238,7,719.553937
1780980335.751991,0.000996060,78588,6,631.190892
1780980335.752987,0.001001771,94516,6,754.791265
1780980335.753985,0.000998253,103204,6,827.076903
1780980335.754994,0.001009293,84380,6,668.824613
1780980335.755998,0.001002325,81418,5,649.833138
1780980335.757003,0.001000429,106100,6,848.436021
1780980335.758000,0.001000931,84248,4,673.357105
1780980335.758977,0.000986870,103138,5,836.081753
1780980335.759990,0.001006232,85696,4,681.322001
1780980335.760968,0.000993819,88592,4,713.143943
1780980335.761990,0.001001391,75560,4,603.640336
1780980335.762982,0.000998808,64240,8,514.533324
1780980335.763988,0.001003148,106166,7,846.662706
1780980335.764992,0.001003624,81484,6,649.518146
1780980335.765993,0.001001502,93068,6,743.427372
1780980335.766987,0.000994494,94516,6,760.314290
1780980335.767983,0.001007428,95964,6,762.051482
1780980335.768996,0.000999035,91620,6,733.667990
1780980335.769990,0.000992149,87210,5,703.200830
1780980335.770996,0.001008492,100242,5,795.183303
1780980335.771993,0.000996422,87210,5,700.185263
1780980335.773000,0.001006622,100242,5,796.660514
1780980335.774001,0.000992687,85696,4,690.618493
1780980335.774995,0.001002263,90040,4,718.693596
1780980335.775971,0.000992606,101690,5,819.579974
1780980335.776974,0.001002317,57264,12,457.053008
1780980335.778024,0.000997328,81418,5,653.089054
1780980335.778985,0.001005547,90238,7,717.921688
1780980335.779989,0.000994729,95964,6,771.780053
1780980335.780992,0.001002200,91620,6,731.351028
1780980335.782001,0.001004886,95964,6,763.979198
1780980335.782997,0.001004784,91620,6,729.470214
1780980335.784004,0.000999233,100308,6,803.079962
1780980335.784987,0.000988735,87210,5,705.628910
1780980335.785996,0.001011101,101690,5,804.588266
1780980335.786984,0.000988672,85696,4,693.423097
1780980335.787991,0.001006284,84248,4,669.775133
1780980335.788973,0.000993942,75692,6,609.226695
1780980335.789974,0.000999871,64306,9,514.514372
1780980335.790988,0.000999958,90238,7,721.934321
1780980335.791992,0.001006885,98992,8,786.520804
1780980335.792986,0.001005004,82932,6,660.152596
1780980335.793975,0.000987883,90238,7,730.758602
1780980335.794997,0.001011391,97412,6,770.519018
1780980335.795990,0.000990543,93068,6,751.652377
1780980335.796995,0.000999321,55684,10,445.774681
1780980335.797989,0.000999459,88856,8,711.232777
1780980335.798989,0.000999552,88790,7,710.638366
1780980335.800002,0.001012027,75692,6,598.339768
1780980335.800993,0.000995082,96030,7,772.036877
1780980335.801997,0.001004153,93068,6,741.464697
1780980335.802979,0.000998169,85828,6,687.883515
1780980335.803991,0.000992110,79970,5,644.847850
1780980335.804996,0.001008433,88724,6,703.856379
1780980335.806003,0.000996408,101756,6,816.982602
1780980335.806968,0.000993380,85828,6,691.199742
1780980335.807998,0.001012156,87210,5,689.300859
1780980335.808987,0.000990155,103138,5,833.307916
1780980335.809997,0.001005898,87144,4,693.064307
1780980335.810974,0.000994165,77206,7,621.273129
1780980335.811980,0.001002924,65556,6,522.918985
1780980335.812983,0.001008598,104784,8,831.125979
1780980335.813967,0.000986102,82998,7,673.342109
1780980335.814989,0.001002697,93134,7,743.067946
1780980335.815974,0.001000649,94516,6,755.637591
1780980335.816989,0.000997121,98860,6,793.163518
1780980335.817971,0.000999393,81418,5,651.739606
1780980335.818998,0.001011124,109062,7,862.897132
1780980335.819989,0.001000900,82866,5,662.331901
1780980335.820970,0.000988477,87276,6,706.347239
1780980335.821979,0.001010137,84248,4,667.220387
1780980335.822992,0.000989457,81352,4,657.750665
1780980335.823984,0.000999954,108930,5,871.480088
1780980335.824972,0.001000550,58382,7,466.799260
1780980335.825972,0.001000778,84380,6,674.515227
1780980335.826990,0.001000324,90238,7,721.670179
1780980335.827981,0.001005129,97478,7,775.844693
1780980335.828986,0.000993315,79970,5,644.065578
1780980335.829985,0.000999825,107614,7,861.062686
1780980335.830985,0.001000185,101756,6,813.897429
1780980335.831970,0.000999951,84314,5,674.545053
1780980335.832994,0.001008843,85828,6,680.605406
1780980335.833992,0.000996529,81352,4,653.082851
1780980335.834995,0.001003591,106100,6,845.762866
1780980335.836062,0.000994003,87144,4,701.358044
1780980335.836996,0.001010861,78456,4,620.904358
1780980335.837965,0.000991453,107482,5,867.268544
1780980335.838997,0.001001172,66806,3,533.822360
1780980335.840012,0.001003622,62792,8,500.523105
1780980335.841009,0.000991558,113406,7,914.972195
1780980335.842009,0.000999615,81484,6,652.123067
1780980335.843027,0.000999137,85894,7,687.745524
1780980335.843998,0.001000340,95964,6,767.451067
1780980335.844965,0.001001437,75626,5,604.139851
1780980335.846033,0.001007450,98860,6,785.031515
1780980335.848029,0.001991965,171590,11,689.128574
1780980335.849014,0.001009515,82866,5,656.679693
1780980335.850020,0.000996837,84248,4,676.122576
1780980335.851026,0.000998242,108930,5,872.974690
1780980335.851987,0.000996728,45152,4,362.401779
1780980335.853023,0.001008590,75890,9,601.949256
1780980335.853976,0.001000114,93134,7,744.987071
1780980335.855057,0.000995860,77140,6,619.685498
1780980335.856003,0.000997349,94516,6,758.137823
1780980335.857007,0.000996598,78588,6,630.850152
1780980335.858047,0.001006445,79970,5,635.663151
1780980335.859000,0.000992452,81418,5,656.297735
1780980335.859964,0.001003225,88724,6,707.510279
1780980335.860963,0.000996402,84314,5,676.947658
1780980335.861977,0.001000639,79904,4,638.823792
1780980335.862992,0.001006196,85762,5,681.871127
1780980335.864008,0.001004476,106034,5,844.492054
1780980335.865011,0.001000965,65358,3,522.359923
1780980335.866014,0.001001566,101690,5,812.248020
1780980335.867039,0.000995880,87144,4,700.036149
1780980335.867977,0.000990742,63910,3,516.057662
1780980335.868961,0.001000670,98794,5,789.822819
1780980335.869970,0.001000296,77206,7,617.465230
1780980335.871005,0.000999559,48246,7,386.138287
1780980335.871993,0.001000069,85828,6,686.576626
1780980335.872995,0.001009457,78588,6,622.814048
1780980335.874015,0.000996189,84446,7,678.152439
1780980335.874986,0.001000271,93134,7,744.870140
1780980335.875993,0.000994515,80036,6,643.819349
1780980335.876982,0.000999662,97412,6,779.559491
1780980335.877952,0.000999423,90172,6,721.792474
1780980335.878966,0.001001263,82866,5,662.091778
1780980335.880003,0.001000780,81418,5,650.836348
1780980335.880968,0.001005983,189032,7,1503.261984
1780980335.882056,0.001002234,84248,4,672.481676
1780980335.883013,0.000990316,81352,4,657.180132
1780980335.884021,0.001010538,85696,4,678.418822
1780980335.884999,0.000989303,85696,4,692.980816
1780980335.885961,0.001004433,80168,8,638.513470
1780980335.886997,0.001004233,81550,7,649.650031
1780980335.887976,0.000991003,88790,7,716.768769
1780980335.888997,0.001010979,81484,6,644.792820
1780980335.889971,0.000990414,93068,6,751.750278
1780980335.890988,0.000998227,94516,6,757.470996
1780980335.893032,0.002000258,187584,12,750.239219
1780980335.893977,0.001012078,103204,6,815.779021
1780980335.894998,0.000998698,84314,5,675.391360
1780980335.895989,0.000991024,84248,4,680.088474
1780980335.896998,0.001009116,85696,4,679.374819
1780980335.897991,0.000994164,103138,5,829.947574
1780980335.898984,0.000998511,78654,7,630.170324
1780980335.899990,0.000996799,65556,6,526.132149
1780980335.900989,0.001000983,97544,8,779.585667
1780980335.901995,0.001007199,81484,6,647.212716
1780980335.902997,0.000991135,93200,8,752.268863
1780980335.903994,0.001007307,97412,6,773.642991
1780980335.904987,0.000992841,75626,5,609.370483
1780980335.905991,0.001000967,94516,6,755.397531
1780980335.906988,0.000999656,81418,5,651.568139
1780980335.907982,0.000999061,107614,7,861.721156
1780980335.908987,0.001000934,85762,5,685.455784
1780980335.909985,0.000999046,82800,4,663.032533
1780980335.910987,0.001001809,87144,4,695.893129
1780980335.911979,0.000997897,71546,9,573.574227
1780980335.912986,0.001000317,94582,7,756.416216
1780980335.913987,0.000999997,91686,7,733.490200
1780980335.914986,0.001000073,75692,6,605.491799
1780980335.916223,0.001009607,82932,6,657.142829
1780980335.916996,0.000993544,52326,3,421.328094
1780980335.918002,0.001009485,104718,7,829.872658
1780980335.918978,0.000987253,90106,5,730.155289
1780980335.919994,0.001003520,85828,6,684.215561
1780980335.920995,0.001000690,82800,4,661.943259
1780980335.922009,0.000996708,84248,4,676.210084
1780980335.923011,0.001003951,84248,4,671.331569
1780980335.924026,0.001003865,85696,4,682.928481
1780980335.924972,0.001001969,79904,4,637.975826
1780980335.925981,0.000990177,108930,5,880.085076
1780980335.926996,0.001011184,66806,3,528.536844
1780980335.927982,0.000995052,97346,5,782.640505
1780980335.929011,0.000995540,45812,14,368.137895
1780980335.930003,0.001010596,88790,7,702.872364
1780980335.931028,0.001000513,72796,6,582.069398
1780980335.931967,0.000987011,80036,6,648.714148
1780980335.932960,0.000999228,96030,7,768.833539
1780980335.933956,0.001000412,98860,6,790.554292
1780980335.934988,0.000999878,90172,6,721.464019
1780980335.935997,0.001010465,82866,5,656.062308
1780980335.936992,0.000994147,106166,7,854.328384
1780980335.938012,0.001005545,81418,5,647.752214
1780980335.939016,0.000993960,87210,5,701.919594
1780980335.939974,0.001008914,82800,4,656.547535
1780980335.940974,0.001000114,88592,4,708.655213
1780980335.941972,0.000989464,100242,5,810.475166
1780980335.959086,0.001001220,58580,10,468.068956
1780980335.976848,0.001009041,81550,7,646.554501
1780980336.014914,0.000991564,87342,7,704.680686
1780980336.065976,0.000999567,82998,7,664.271630
1780980336.084378,0.000996140,93134,7,747.959122
1780980336.099219,0.000999551,80036,6,640.575618
1780980336.099278,0.001002298,98860,6,789.066725
1780980336.099308,0.000997689,81418,5,652.852743
1780980336.099326,0.001008790,88724,6,703.607292
1780980336.099344,0.001000482,84314,5,674.187042
1780980336.099360,0.000994262,84248,4,677.873639
1780980336.099375,0.000997112,85696,4,687.553655
1780980336.099389,0.000999815,82800,4,662.522567
1780980336.099404,0.001005920,103138,5,820.248131
1780980336.099418,0.000995981,87144,4,699.965160
1780980336.099436,0.001000015,65424,4,523.384149
1780980336.099454,0.001003484,77206,7,615.503586
1780980336.099469,0.001002447,91620,6,731.170825
1780980336.099483,0.000992508,80036,6,645.121248
1780980336.099499,0.001000182,98860,6,790.736086
1780980336.099517,0.001004009,75626,5,602.592208
1780980336.099531,0.000995253,91620,6,736.455956
1780980336.099546,0.001003610,101756,6,811.119857
1780980336.099569,0.001001305,81418,5,650.495104
1780980336.099586,0.001004731,66938,5,532.982460
1780980336.099600,0.000990805,104652,6,844.985643
1780980336.099614,0.001002692,82800,4,660.621607
1780980336.099628,0.001006611,84248,4,669.557555
1780980336.099642,0.000992449,85696,4,690.784111
1780980336.099660,0.001008891,104586,5,829.314564
1780980336.099674,0.000999358,87144,4,697.599859
1780980336.099689,0.001995634,164152,8,658.044511
1780980336.099703,0.001002119,51670,15,412.485942
1780980336.099717,0.000993519,97412,6,784.379564
1780980336.099732,0.000998648,74178,5,594.227395
1780980336.099746,0.000999589,78654,7,629.490721
1780980336.099763,0.001000076,94516,6,756.070539
1780980336.099780,0.001004763,93068,6,741.014548
1780980336.099795,0.000996850,98860,6,793.379144
1780980336.099809,0.001010021,65424,4,518.199127
1780980336.099824,0.000988642,23300,2,188.541454
1780980336.099838,0.001000440,104586,5,836.320019
1780980336.099854,0.001009863,82866,5,656.453400
1780980336.099871,0.000989373,84248,4,681.223361
1780980336.099888,0.001012865,82800,4,653.986464
1780980336.099903,0.000995116,82800,4,665.651040
1780980336.099917,0.000992438,107482,5,866.407776
1780980336.099931,0.001009085,79904,4,633.476863
1780980336.099949,0.000996887,85696,4,687.708838
1780980336.099966,0.001004022,57066,9,454.699200
1780980336.099981,0.000996341,94516,6,758.904833
1780980336.099996,0.000995259,78654,7,632.229400
1780980336.100021,0.001010431,95964,6,759.786665
1780980336.100039,0.000994279,91620,6,737.177392
1780980336.100054,0.000993308,79970,5,644.070117
1780980336.100070,0.001012994,101756,6,803.605944
1780980336.100088,0.000993761,87276,6,702.591468
1780980336.100103,0.000993156,82800,4,666.964706
1780980336.100117,0.001004463,85762,5,683.047559
1780980336.100134,0.000995325,84248,4,677.149675
1780980336.100151,0.001007402,84248,4,669.031826
1780980336.100167,0.000993353,103138,5,830.625165
1780980336.100181,0.001000202,87144,4,697.011204
1780980336.100195,0.001004666,61278,7,487.947238
1780980336.100210,0.000999286,68452,6,548.007277
1780980336.100227,0.000998905,91620,6,733.763471
1780980336.100245,0.000996360,78588,6,631.000843
1780980336.100260,0.001000310,91686,7,733.260689
1780980336.100275,0.001000032,81484,6,651.851141
1780980336.100289,0.001000472,84314,5,674.193781
1780980336.100322,0.001008649,104718,7,830.560482
1780980336.100337,0.000991476,87210,5,703.678153
1780980336.100354,0.001002065,82866,5,661.561875
1780980336.100371,0.001005590,104586,5,832.036914
1780980336.100387,0.000998260,82800,4,663.554585
1780980336.100400,0.001003565,84248,4,671.589782
1780980336.100415,0.000989745,103138,5,833.653113
1780980336.100429,0.001000293,87144,4,696.947794
1780980336.100446,0.001011557,63056,12,498.684701
1780980336.100463,0.001001462,74244,6,593.084910
1780980336.100477,0.000986593,93200,8,755.732100
1780980336.100491,0.001003150,77140,6,615.182176
1780980336.100505,0.001003213,110576,8,881.774857
1780980336.100522,0.001006601,78522,5,624.056602
1780980336.100538,0.000988921,101756,6,823.167877
1780980336.100553,0.001003648,69834,5,556.641372
1780980336.100566,0.001000663,106100,6,848.237618
1780980336.100580,0.001005201,81352,4,647.448620
1780980336.100595,0.000988958,85762,5,693.756459
1780980336.100613,0.001009677,81352,4,644.578415
1780980336.100632,0.000992576,104586,5,842.946031
1780980336.100646,0.000998226,85696,4,686.786359
1780980336.100660,0.001004135,79904,4,636.599660
1780980336.100675,0.001000219,61410,9,491.172433
1780980336.100690,0.001003086,81484,6,649.866512
1780980336.100707,0.001004837,77140,6,614.149360
1780980336.100724,0.000987159,96030,7,778.233294
1780980336.100740,0.000999716,97478,7,780.045533
1780980336.100755,0.001000451,91620,6,732.629584
1780980336.100769,0.001000084,82866,5,662.872319
1780980336.100783,0.001000791,79970,5,639.254350
1780980336.100797,0.001000662,87276,6,697.746092
1780980336.100821,0.000998780,81352,4,651.610965
1780980336.100838,0.000999353,106100,6,849.349529
1780980336.100852,0.001000860,82800,4,661.830825
1780980336.100867,0.000999255,88592,4,709.264402
1780980336.100881,0.001000433,100242,5,801.588912
1780980336.100895,0.001010819,59896,8,474.039368
1780980336.100917,0.000992575,67136,8,541.105710
1780980336.100932,0.001002234,75692,6,604.186248
1780980336.100946,0.000999162,93134,7,745.696894
1780980336.100960,0.000994403,84380,6,678.839464
1780980336.100977,0.001000154,93068,6,744.429358
1780980336.100994,0.001000601,94516,6,755.673840
1780980336.101009,0.001010855,79970,5,632.889979
1780980336.101022,0.000996328,87276,6,700.781269
1780980336.101036,0.001003103,100308,6,799.981657
1780980336.101050,0.000989499,87210,5,705.084088
1780980336.101063,0.000999638,84248,4,674.228071
1780980336.101080,0.001001400,85696,4,684.609547
1780980336.101097,0.001009032,79904,4,633.510136
1780980336.101112,0.000992803,110378,5,889.425193
1780980336.101125,0.000997150,61278,7,491.625132
1780980336.101139,0.001007048,62792,8,498.820314
1780980336.101156,0.000992998,100440,8,809.185920
1780980336.101173,0.001009338,74244,6,588.456989
1780980336.101187,0.000990462,97478,7,787.333588
1780980336.101201,0.000999805,78522,5,628.298518
1780980336.101215,0.001013591,97412,6,768.846606
1780980336.101228,0.000999436,74178,5,593.758880
1780980336.101243,0.000995869,101756,6,817.424782
1780980336.101259,0.000991421,84314,5,680.348712
1780980336.101277,0.000999633,84314,5,674.759637
1780980336.101291,0.000999929,82800,4,662.447034
1780980336.101306,0.001000786,106100,6,848.133367
1780980336.101320,0.001012361,63910,3,505.037235
1780980336.101337,0.000987296,101690,5,823.987943
1780980336.101355,0.001011441,87144,4,689.266106
1780980336.101370,0.001000785,58712,12,469.327578
1780980336.101385,0.000990719,74178,5,598.983163
1780980336.101398,0.001005016,81484,6,648.618529
1780980336.101413,0.000999919,109062,7,872.566678
1780980336.101427,0.000992232,79970,5,644.768562
1780980336.101443,0.001003774,93068,6,741.744656
1780980336.101461,0.000996541,84314,5,676.853235
1780980336.101475,0.001000512,81418,5,651.010683
1780980336.101490,0.001006475,88724,6,705.225664
1780980336.101505,0.001005496,81418,5,647.783780
1780980336.101522,0.000989723,85762,5,693.220224
1780980336.101540,0.000996877,106034,5,850.929453
1780980336.101554,0.001001058,81352,4,650.128164
1780980336.101569,0.001002324,87144,4,695.535575
1780980336.101583,0.001006012,74310,7,590.927345
1780980336.101611,0.000991076,61410,9,495.703659
1780980336.101628,0.001000176,93134,7,744.940890
1780980336.101642,0.000999659,82998,7,664.210496
1780980336.101656,0.001000367,63976,4,511.620235
1780980336.101761,0.000999895,98860,6,790.963051
1780980336.101995,0.001005946,72730,5,578.400829
1780980336.103005,0.001004358,79970,5,636.984024
1780980336.104083,0.001003439,100308,6,799.713784
1780980336.104985,0.000994164,91620,6,737.262665
1780980336.106053,0.001003436,78522,5,626.024978
1780980336.107019,0.000994632,87210,5,701.445359
1780980336.107997,0.001003563,85696,4,683.133994
1780980336.108971,0.000995290,39228,2,315.309106
1780980336.109972,0.000994831,94384,4,758.995246
1780980336.110991,0.001001989,93002,5,742.539090
1780980336.112025,0.001008308,59764,6,474.172574
1780980336.112996,0.000996686,16060,2,128.907198
1780980336.113966,0.001000616,85762,5,685.673625
1780980336.114977,0.000996980,90238,7,724.090754
1780980336.115973,0.000997496,97412,6,781.252256
1780980336.116970,0.000997594,90172,6,723.115817
1780980336.117989,0.001014355,98860,6,779.687585
1780980336.118988,0.000985770,82866,5,672.497641
1780980336.120036,0.001007966,87276,6,692.690031
1780980336.121006,0.001000320,103204,6,825.367882
1780980336.121979,0.001003050,87210,5,695.558546
1780980336.122993,0.001003769,85696,4,682.993796
1780980336.124031,0.000984989,79904,4,648.973745
1780980336.124982,0.001000124,85696,4,685.483000
1780980336.126005,0.001008129,61542,11,488.366072
1780980336.127032,0.001002476,75692,6,604.040396
1780980336.127997,0.000996963,93134,7,747.341677
1780980336.128984,0.000995579,75692,6,608.224963
1780980336.129968,0.001007708,98926,7,785.354488
1780980336.130987,0.000989379,75626,5,611.502771
1780980336.131976,0.000999761,97412,6,779.482296
1780980336.133018,0.001010682,90172,6,713.751704
1780980336.134006,0.001000330,82866,5,662.709306
1780980336.135023,0.000989807,81418,5,658.051519
1780980336.135977,0.000999405,106100,6,849.305337
1780980336.136972,0.001012589,84248,4,665.604702
1780980336.137975,0.000999231,82800,4,662.909778
1780980336.138983,0.000987936,85696,4,693.939688
1780980336.140002,0.001012571,101690,5,803.420205
1780980336.141009,0.000987743,77338,9,626.381559
1780980336.142039,0.001001141,77206,7,616.944067
1780980336.142998,0.001010783,80036,6,633.457429
1780980336.143981,0.000988215,114986,9,930.858163
1780980336.144963,0.001006047,77074,5,612.885879
1780980336.145972,0.001004662,95964,6,764.149535
1780980336.146966,0.000988911,82866,5,670.361640
1780980336.148014,0.001000182,85828,6,686.499057
1780980336.148982,0.001003111,81352,4,648.797591
1780980336.150007,0.000997468,84248,4,675.694859
1780980336.151013,0.001010791,106100,6,839.738383
1780980336.151964,0.000996320,82800,4,664.846636
1780980336.152979,0.001004369,82800,4,659.518563
1780980336.153989,0.000999137,87144,4,697.754162
1780980336.154975,0.000988647,85696,4,693.440631
1780980336.155994,0.001002842,100242,5,799.663357
1780980336.156998,0.000999773,58448,8,467.690166
1780980336.158021,0.001012937,84512,8,667.461056
1780980336.166434,0.000987989,74178,5,600.638266
1780980336.166490,0.001011973,59698,5,471.933540
1780980336.166508,0.000985663,100374,7,814.671952
1780980336.166525,0.001009264,78522,5,622.409994
1780980336.166552,0.000990428,68320,4,551.842234
1780980336.166569,0.000999461,84380,6,675.404043
1780980336.166586,0.001003802,97412,6,776.344339
1780980336.166600,0.001001074,87210,5,696.931496
1780980336.166988,0.000994635,91554,5,736.382693
1780980336.167992,0.001002342,65358,3,521.642314
1780980336.169022,0.001003478,62462,3,497.964081
1780980336.170019,0.001000046,63910,3,511.256482
1780980336.173832,0.001004040,116236,6,926.146369
1780980336.173903,0.000998442,65424,4,524.208717
1780980336.173922,0.000991817,68518,7,552.666470
1780980336.178539,0.001009946,33502,3,265.376565
1780980336.178606,0.000993090,36398,3,293.210082
1780980336.178732,0.001000440,62528,4,500.003998
1780980336.178752,0.000998187,82866,5,664.132071
1780980336.178767,0.000998891,82866,5,663.664003
1780980336.178980,0.001002397,84248,4,672.372324
1780980336.179980,0.001001728,84248,4,672.821365
1780980336.180982,0.001002349,84248,4,672.404522
1780980336.181978,0.000995658,37052,2,297.708651
1780980336.182987,0.000997915,45086,3,361.441606
1780980336.185053,0.002008522,174288,8,694.194039
1780980336.186054,0.000992470,75560,4,609.066269
1780980336.186998,0.000998518,88592,4,709.787906
1780980336.187986,0.001004483,63910,3,508.998161
1780980336.188969,0.001004744,68320,4,543.979362
1780980336.189975,0.000994569,91488,4,735.900677
1780980336.190997,0.001003901,90040,4,717.520951
1780980336.192026,0.001001033,68320,4,545.995986
1780980336.193015,0.001004115,92936,4,740.441085
1780980336.194069,0.000999829,78390,3,627.227256
1780980336.195020,0.001001983,85696,4,684.211209
1780980336.195999,0.000986251,32542,7,263.965258
1780980336.197003,0.001002676,31988,2,255.221029
1780980336.198044,0.001001699,50944,4,406.860744
1780980336.199049,0.001004864,61080,4,486.274760
1780980336.199997,0.000989839,94516,6,763.889885
1780980336.200987,0.001000467,65424,4,523.147690
1780980336.202003,0.001003017,95964,6,765.402780
1780980336.203034,0.000999425,71282,5,570.584086
1780980336.204017,0.001005054,98860,6,786.902992
1780980336.205007,0.000992162,88658,5,714.867129
1780980336.205995,0.000999976,81352,4,650.831620
1780980336.206995,0.001007157,84314,5,669.718822
1780980336.208003,0.000993532,106034,5,853.794342
1780980336.208976,0.001009677,81352,4,644.578415
1780980336.210044,0.001000946,107548,6,859.570846
1780980336.211010,0.000989505,82800,4,669.425622
1780980336.212116,0.001002773,66938,5,534.023154
1780980336.213012,0.001007630,68650,9,545.041335
1780980336.213982,0.000990933,93134,7,751.889381
1780980336.214967,0.001000752,81418,5,650.854557
1780980336.215967,0.001001357,109062,7,871.313627
1780980336.216966,0.000995543,68320,4,549.006924
1780980336.218015,0.001000309,101690,5,813.268700
1780980336.219016,0.001007969,100308,6,796.119722
1780980336.220038,0.000993094,87210,5,702.531684
1780980336.221014,0.001012010,81352,4,643.092460
1780980336.221975,0.000996675,88658,5,711.630170
1780980336.222983,0.000994063,100242,5,806.725529
1780980336.223968,0.000999840,68254,3,546.119379
1780980336.224980,0.000996042,98794,5,793.492644
1780980336.225992,0.001003968,87210,5,694.922547
1780980336.227047,0.001007638,61542,11,488.604042
1780980336.227994,0.000996578,79970,5,641.956776
1780980336.228972,0.000996638,90172,6,723.809447
1780980336.229959,0.001000838,98926,7,790.745355
1780980336.230994,0.000996041,88724,6,712.613236
1780980336.231986,0.000997898,82866,5,664.324410
1780980336.232990,0.001005074,95964,6,763.836295
1780980336.233986,0.000994970,90106,5,724.492196
1780980336.234987,0.001002130,87144,4,695.670222
1780980336.235987,0.000997763,100308,6,804.263137
1780980336.236998,0.001011710,91488,4,723.432604
1780980336.237993,0.000993330,97346,5,783.997262
1780980336.238982,0.001005106,62726,7,499.258785
1780980336.239982,0.000990421,78588,6,634.784602
1780980336.240972,0.000999779,104850,9,838.985416
1780980336.241986,0.001000021,82932,6,663.442068
1780980336.242987,0.001001057,87276,6,697.470773
1780980336.243997,0.001011586,103270,7,816.697740
1780980336.244998,0.000998962,90172,6,722.125566
1780980336.245984,0.000997206,82866,5,664.785410
1780980336.246991,0.000991663,101756,6,820.891775
1780980336.248161,0.001008277,65424,4,519.095447
1780980336.249001,0.000992065,82800,4,667.698185
1780980336.250110,0.001003084,92936,4,741.202133
1780980336.251044,0.000997394,53774,3,431.316010
1780980336.252102,0.000998948,51010,5,408.509752
1780980336.252960,0.000999923,85960,8,687.732955
1780980336.253977,0.001003568,77206,7,615.452067
1780980336.254987,0.000996820,77140,6,619.088702
1780980336.256012,0.001000193,110576,8,884.437304
1780980336.256985,0.000998978,80036,6,640.943044
1780980336.257997,0.001010291,97412,6,771.357955
1780980336.258997,0.001001231,91620,6,732.058836
1780980336.259994,0.000988504,79970,5,647.200214
1780980336.260979,0.001007827,88724,6,704.279604
1780980336.262005,0.001004757,104652,6,833.252219
1780980336.262976,0.000993215,82800,4,666.925087
1780980336.263976,0.001001727,85696,4,684.386065
1780980336.265987,0.002005298,187386,9,747.563704
1780980336.267002,0.000995048,90040,4,723.904776
1780980336.267972,0.000992693,54302,11,437.613643
1780980336.268977,0.001001828,88790,7,709.023904
1780980336.269976,0.000997711,77140,6,618.535829
1780980336.270989,0.001000227,94582,7,756.484278
1780980336.272023,0.001008141,78588,6,623.627052
1780980336.273017,0.001004237,97412,6,776.008054
1780980336.273979,0.000990152,84314,5,681.220661
1780980336.274987,0.000997241,88724,6,711.755734
1780980336.275970,0.000999830,100308,6,802.600442
1780980336.276975,0.001009979,88724,6,702.778969
1780980336.277977,0.000994659,82800,4,665.956876
1780980336.279000,0.001007897,103138,5,818.639206
1780980336.279999,0.000995748,87144,4,700.128948
1780980336.280972,0.000991614,81418,5,656.852364
1780980336.281985,0.001009134,65952,12,522.840376
1780980336.282988,0.000991346,77074,5,621.974568
1780980336.283985,0.001000217,103336,8,826.508648
1780980336.284986,0.000999401,84446,7,675.972908
1780980336.285975,0.001000039,82866,5,662.902147
1780980336.286991,0.001004815,107614,7,856.786573
1780980336.287985,0.000995292,81418,5,654.425033
1780980336.288985,0.001000062,88724,6,709.747996
1780980336.289985,0.001013093,104652,6,826.395997
1780980336.291002,0.000993201,79904,4,643.607890
1780980336.291995,0.001003721,85762,5,683.552501
1780980336.292978,0.000995070,104586,5,840.833308
1780980336.293998,0.001002807,85696,4,683.648997
1780980336.294979,0.000992257,77140,6,621.935648
1780980336.295973,0.000999989,69966,7,559.734157
1780980336.297000,0.001011049,81550,7,645.270407
1780980336.297960,0.000991268,93134,7,751.635279
1780980336.298991,0.000999744,94582,7,756.849754
1780980336.299988,0.001000673,79970,5,639.329731
1780980336.300979,0.001002033,94516,6,754.593911
1780980336.301994,0.001002021,93068,6,743.042311
1780980336.302994,0.001001633,103204,6,824.285941
1780980336.303984,0.000991420,87276,6,704.250469
1780980336.304980,0.001000127,85762,5,686.008877
1780980336.305987,0.001001924,104652,6,835.608290
1780980336.306988,0.000997827,82800,4,663.842530
1780980336.307992,0.001006657,81352,4,646.512168
1780980336.308980,0.001002003,68848,12,549.682985
1780980336.309975,0.000991903,96096,8,775.043527
1780980336.310987,0.000999984,71348,6,570.793133
1780980336.311990,0.000999287,98992,8,792.501053
1780980336.312979,0.001000203,82932,6,663.321346
1780980336.313991,0.001004287,107614,7,857.237025
1780980336.315004,0.001008716,84314,5,668.683752
1780980336.316016,0.000988565,59632,4,482.574236
1780980336.317017,0.001006987,63976,4,508.256810
1780980336.317981,0.000996622,108996,6,874.923492
1780980336.318995,0.001003186,82800,4,660.296296
1780980336.320151,0.000992168,104586,5,843.292668
1780980336.320995,0.001003443,62462,3,497.981450
1780980336.322008,0.000997097,85696,4,687.563998
1780980336.323023,0.000999617,64042,5,512.532300
1780980336.324019,0.001008981,78588,6,623.107868
1780980336.324975,0.000996580,78720,8,631.921170
1780980336.325971,0.000994072,90238,7,726.208967
1780980336.326993,0.001009531,82932,6,657.192300
1780980336.327971,0.000991461,81418,5,656.953728
1780980336.329017,0.001002595,97412,6,777.278961
1780980336.330008,0.000996595,71282,5,572.204356
1780980336.331031,0.001008655,100308,6,795.578270
1780980336.332012,0.001002206,81418,5,649.910298
1780980336.332965,0.000989819,87276,6,705.389571
1780980336.333963,0.000998806,85762,5,686.916178
1780980336.335002,0.001010971,82800,4,655.211673
1780980336.335985,0.000989379,85696,4,692.927584
1780980336.337013,0.001007861,70032,8,555.886179
1780980336.338003,0.000998921,74244,6,594.593566
1780980336.339030,0.000993741,85894,7,691.479973
1780980336.340022,0.001011009,77140,6,610.400105
1780980336.340988,0.001000003,93134,7,745.069765
1780980336.341990,0.001000477,95964,6,767.345976
1780980336.342995,0.000989171,82866,5,670.185438
1780980336.344023,0.000999090,88724,6,710.438499
1780980336.345015,0.001006833,103204,6,820.028744
1780980336.346014,0.000995388,79970,5,642.724244
1780980336.347021,0.001001494,91554,5,731.339379
1780980336.348021,0.001008048,81352,4,645.620050
1780980336.348964,0.000991473,103138,5,832.200171
1780980336.349987,0.001003333,85696,4,683.290592
1780980336.350993,0.000994398,79904,4,642.833151
1780980336.351993,0.000999367,65622,7,525.308520
1780980336.353003,0.001000442,64306,9,514.220714
1780980336.354006,0.000999837,97478,7,779.951132
1780980336.355027,0.001003726,77074,5,614.303107
1780980336.355989,0.001003911,94648,8,754.234190
1780980336.356971,0.001000334,81418,5,651.126524
1780980336.357996,0.000999530,82866,5,663.239723
1780980336.358998,0.000991825,88724,6,715.642376
1780980336.360022,0.001000504,101756,6,813.637926
1780980336.361005,0.001009918,68386,5,541.715268
1780980336.362058,0.000992095,103138,5,831.678418
1780980336.363033,0.001012286,82866,5,654.882118
1780980336.363977,0.000998186,87210,5,698.947891
1780980336.364966,0.000994985,85696,4,689.023453
1780980336.366006,0.001001380,101690,5,812.398890
1780980336.367039,0.000991018,63910,3,515.913939
1780980336.368030,0.001012231,100242,5,792.246039
1780980336.369113,0.000991740,59830,7,482.626495
1780980336.369992,0.001004099,67136,8,534.895463
1780980336.370998,0.000991684,87342,7,704.595415
1780980336.371973,0.000999230,81484,6,652.374328
1780980336.372985,0.001000466,110510,7,883.668211
1780980336.374001,0.001003560,78522,5,625.947626
1780980336.375028,0.001003453,91620,6,730.437798
1780980336.375999,0.000993892,98860,6,795.740382
1780980336.377002,0.001013568,66872,4,527.814611
1780980336.377983,0.000985943,84314,5,684.128799
1780980336.379200,0.001008243,106034,5,841.336860
1780980336.379962,0.000991320,81352,4,656.514546
1780980336.380975,0.001000844,85696,4,684.989869
1780980336.381979,0.000999225,85696,4,686.099727
1780980336.383028,0.001010061,104586,5,828.353931
1780980336.384035,0.000995007,52788,10,424.423145
1780980336.385010,0.001005915,95964,6,763.197686
1780980336.386001,0.000994744,78654,7,632.556718
1780980336.387013,0.000996477,93068,6,747.176302
1780980336.387979,0.001000259,84314,5,674.337347
1780980336.388984,0.001003984,88724,6,706.975410
1780980336.389989,0.000993626,101756,6,819.270027
1780980336.391035,0.001008081,88724,6,704.102151
1780980336.391983,0.000995670,84314,5,677.445338
1780980336.393011,0.001006432,84314,5,670.201265
1780980336.394000,0.000990159,82800,4,668.983466
1780980336.394999,0.001006628,87210,5,693.086225
1780980336.395987,0.000996922,79904,4,641.205631
1780980336.396988,0.001008931,85696,4,679.499391
1780980336.397995,0.000995772,90106,5,723.908686
1780980336.399003,0.001003971,71414,7,569.052293
1780980336.399994,0.000996886,82998,7,666.058105
1780980336.400988,0.000990731,75626,5,610.668284
1780980336.401998,0.001006575,95964,6,762.697265
1780980336.403014,0.000993159,98860,6,796.327678
1780980336.403977,0.000999920,88724,6,709.848788
1780980336.404972,0.000999778,88658,5,709.421492
1780980336.405994,0.001002974,94450,5,753.359509
1780980336.407042,0.001008180,90106,5,714.999306
1780980336.408007,0.000990522,87144,4,703.822833
1780980336.408997,0.000999943,77008,4,616.099118
1780980336.410005,0.001002705,90040,4,718.376791
1780980336.411017,0.001008760,63910,3,506.840081
1780980336.411968,0.000997554,0,0,0.000000
1780980336.412965,0.000999331,90040,4,720.802217
1780980336.413986,0.000990841,97346,5,785.966669
1780980336.414984,0.000999671,64174,7,513.560962
1780980336.416030,0.001000912,71480,8,571.318957
1780980336.416953,0.000998757,90172,6,722.273786
1780980336.417954,0.001006876,93134,7,739.983871
1780980336.418989,0.000995556,94582,7,760.033589
1780980336.419989,0.000997929,82866,5,664.303773
1780980336.420980,0.001003877,104652,6,833.982649
1780980336.421957,0.001001050,81418,5,650.660806
1780980336.423001,0.001005300,81418,5,647.910077
1780980336.426001,0.003000568,274596,14,732.117386
1780980336.426986,0.000992598,87210,5,702.882738
1780980336.428003,0.000998189,29224,4,234.216165
1780980336.429010,0.001008735,72730,5,576.801638
1780980336.429985,0.000994667,61080,4,491.259889
1780980336.430987,0.001000936,78588,6,628.116083
1780980336.431974,0.000996086,100374,7,806.147260
1780980336.432967,0.000997472,87342,7,700.506881
1780980336.433977,0.001000955,87210,5,697.014351
1780980336.434999,0.001006716,106100,6,843.137489
1780980336.436092,0.000994650,85762,5,689.786357
1780980336.437006,0.000999819,81418,5,651.461915
1780980336.438005,0.000998128,103204,6,827.180482
1780980336.438972,0.001001381,84380,6,674.109055
1780980336.439958,0.001004749,104586,5,832.733349
1780980336.440987,0.001006212,82800,4,658.310575
1780980336.441994,0.001000044,64240,8,513.897389
1780980336.443005,0.001001437,80102,7,639.896469
1780980336.443989,0.000986068,104718,7,849.580353
1780980336.444993,0.001007497,97478,7,774.021163
1780980336.445996,0.001002619,77074,5,614.981364
1780980336.446997,0.000993574,94516,6,761.018304
1780980336.447996,0.001008393,101756,6,807.272561
1780980336.448986,0.000987906,90106,5,729.672661
1780980336.449972,0.000999750,84248,4,674.152538
1780980336.450995,0.001002374,82932,6,661.884686
1780980336.451998,0.001010380,82800,4,655.594925
1780980336.452991,0.000994596,104586,5,841.234029
1780980336.453966,0.001002314,85762,5,684.512039
1780980336.454988,0.000990521,58712,12,474.190855
1780980336.456002,0.001000493,93134,7,744.704861
1780980336.456971,0.001003735,96096,8,765.907336
1780980336.457969,0.000999554,82932,6,663.752033
1780980336.458998,0.001006200,109062,7,867.119857
1780980336.459996,0.000997098,79970,5,641.621987
1780980336.460979,0.000999318,88724,6,710.276409
1780980336.461993,0.000993544,97412,6,784.359827
1780980336.462987,0.001002151,87210,5,696.182511
1780980336.464000,0.001007220,88658,5,704.179822
1780980336.465000,0.000991423,101690,5,820.557925
1780980336.466006,0.001003580,84248,4,671.579745
1780980336.466983,0.001005258,90040,4,716.552368
1780980336.467974,0.000990199,64306,9,519.540012
1780980336.468987,0.001000254,90304,8,722.248549
1780980336.469995,0.001009110,96030,7,761.304516
1780980336.471000,0.001000854,93068,6,743.908702
1780980336.471997,0.000996918,79970,5,641.737836
1780980336.473001,0.001006878,93068,6,739.458008
1780980336.473988,0.000986193,98860,6,801.952559
1780980336.475994,0.002004680,170010,9,678.452421
1780980336.476982,0.001004750,106034,5,844.261757
1780980336.477988,0.000990942,84314,5,680.677577
1780980336.478987,0.000999442,82800,4,662.769826
1780980336.479993,0.001008933,104586,5,829.280041
1780980336.480989,0.000991765,69768,4,562.778481
1780980336.481981,0.001005911,78720,8,626.059363
1780980336.483009,0.001001243,81484,6,651.062729
1780980336.483988,0.000992127,94516,6,762.128236
1780980336.484986,0.000999944,93068,6,744.585697
1780980336.485990,0.001003227,95964,6,765.242562
1780980336.486997,0.001007276,85762,5,681.140025
1780980336.487975,0.000991106,91620,6,739.537446
1780980336.489004,0.001008354,101756,6,807.303784
1780980336.490003,0.001003078,84314,5,672.442223
1780980336.490997,0.000998906,82800,4,663.125459
1780980336.491996,0.000999455,103138,5,825.553927
1780980336.493005,0.000998659,92936,4,744.486356
1780980336.493980,0.000996560,68452,6,549.506302
1780980336.494983,0.000999846,65622,7,525.056859
1780980336.495994,0.001000490,91686,7,733.128767
1780980336.496961,0.001000981,77140,6,616.515199
1780980336.498159,0.001002514,96030,7,766.313488
1780980336.498994,0.001004725,59632,4,474.812511
1780980336.499974,0.000985140,85828,6,696.981140
1780980336.500974,0.001005915,104652,6,832.292987
1780980336.501958,0.001003564,87210,5,695.202299
1780980336.502997,0.000998549,94516,6,757.226736
1780980336.503986,0.000992061,93002,5,749.970012
1780980336.504982,0.001007742,100242,5,795.775109
1780980336.505992,0.000996919,84248,4,676.066962
1780980336.506977,0.001001347,66938,5,534.783646
1780980336.510011,0.003008876,260578,21,692.824829
1780980336.511010,0.000995056,87276,6,701.677092
1780980336.511989,0.000989630,88790,7,717.763204
1780980336.513003,0.001016558,97412,6,766.602594
1780980336.513992,0.000990022,88724,6,716.945684
1780980336.514987,0.000993498,82800,4,666.735112
1780980336.515992,0.001010599,87276,6,690.885307
1780980336.516991,0.000989474,101690,5,822.174206
1780980336.517996,0.001008277,85762,5,680.463801
1780980336.518992,0.000999956,104586,5,836.724816
1780980336.520000,0.001001419,82800,4,661.461386
1780980336.520972,0.000990386,85696,4,692.223032
1780980336.521976,0.001002876,59830,7,477.267379
1780980336.522987,0.000997604,87342,7,700.414192
1780980336.523999,0.001013049,84380,6,666.344866
1780980336.524989,0.000986544,91686,7,743.492434
1780980336.525995,0.001009446,96030,7,761.051111
1780980336.526983,0.000994456,84314,5,678.272342
1780980336.527987,0.000997236,98794,5,792.542588
1780980336.528986,0.001000056,85828,6,686.585551
1780980336.529984,0.000998518,87210,5,698.715496
1780980336.530991,0.001003271,104586,5,833.960116
1780980336.532003,0.001010410,88592,4,701.434071
1780980336.532973,0.000987482,77074,5,624.408344
1780980336.533983,0.001009972,62726,7,496.853378
1780980336.535000,0.000999287,94648,8,757.724257
1780980336.535997,0.001000385,88724,6,709.518835
1780980336.536988,0.000989401,87276,6,705.687583
1780980336.537982,0.001009995,100308,6,794.522745
1780980336.539000,0.001003911,91620,6,730.104561
1780980336.539997,0.000997882,79970,5,641.117888
1780980336.540992,0.000995924,88724,6,712.696953
1780980336.541991,0.000998806,103138,5,826.090352
1780980336.542988,0.000996002,84314,5,677.219524
1780980336.543973,0.000998755,84248,4,674.824156
1780980336.544987,0.000999081,103138,5,825.862968
1780980336.545988,0.001000995,84248,4,673.314053
1780980336.546980,0.001001498,83130,9,664.045260
1780980336.548046,0.001005742,67004,6,532.971677
1780980336.548983,0.000991545,64042,5,516.704739
1780980336.549993,0.001013402,94582,7,746.649405
1780980336.550979,0.000995380,87210,5,700.918242
1780980336.551990,0.000992804,101822,7,820.480175
1780980336.552996,0.001008773,81418,5,645.679454
1780980336.553993,0.000996286,90172,6,724.065178
1780980336.554988,0.000993169,79970,5,644.160259
1780980336.555992,0.001005474,85762,5,682.360757
1780980336.556996,0.001006517,106100,6,843.304187
1780980336.557992,0.000989088,84248,4,681.419651
1780980336.559003,0.001007359,81352,4,646.061632
1780980336.559973,0.000991614,85696,4,691.365794
1780980336.561009,0.001014908,101690,5,801.570192
1780980336.561976,0.000985530,87210,5,707.923655
1780980336.563036,0.001009122,60028,10,475.882995
1780980336.563967,0.000990909,91620,6,739.684472
1780980336.565004,0.001005133,98992,8,787.891752
1780980336.565973,0.000994393,75626,5,608.419408
1780980336.567004,0.001010191,94516,6,748.500036
1780980336.567994,0.000990143,95964,6,775.354671
1780980336.568986,0.001006340,91554,5,727.817636
1780980336.569970,0.000999156,85762,5,686.675554
1780980336.570985,0.001004740,100242,5,798.152756
1780980336.571987,0.000989267,82866,5,670.120402
1780980336.572997,0.001012483,85696,4,677.115566
1780980336.573992,0.000990789,108930,5,879.541456
1780980336.574992,0.000997040,84248,4,675.984915
1780980336.575993,0.001007010,77008,4,611.775454
1780980336.576985,0.000998564,75824,8,607.464319
1780980336.577996,0.001001607,50944,4,406.898115
1780980336.578989,0.000992670,106166,7,855.599545
1780980336.579991,0.001004859,81484,6,648.719870
1780980336.580991,0.001000455,84314,5,674.205237
1780980336.582001,0.001006992,103270,7,820.423598
1780980336.582990,0.000988158,100308,6,812.080659
1780980336.583975,0.001000137,87210,5,697.584431
1780980336.584967,0.000999883,87144,4,697.233576
1780980336.585990,0.000999268,100242,5,802.523447
1780980336.586991,0.001000378,84248,4,673.729330
1780980336.587986,0.001005281,103138,5,820.769516
1780980336.589000,0.001005796,65556,6,521.425816
1780980336.589997,0.000996416,61146,5,490.927484
1780980336.590987,0.000995409,93134,7,748.508402
1780980336.591958,0.000997093,94582,7,758.862012
1780980336.592976,0.001000050,93068,6,744.506775
1780980336.594002,0.001003604,81418,5,649.004986
1780980336.595047,0.001013391,95964,6,757.567415
1780980336.596031,0.000989611,84314,5,681.593070
1780980336.596998,0.000997870,103204,6,827.394350
1780980336.598025,0.001002900,82866,5,661.011068
1780980336.599004,0.000998078,84314,5,675.810909
1780980336.599978,0.000994567,85696,4,689.313038
1780980336.600972,0.001009030,101690,5,806.239656
1780980336.601995,0.000995134,90040,4,723.842216
1780980336.602993,0.000996940,63976,4,513.378940
1780980336.604034,0.001003398,78654,7,627.101110
1780980336.604986,0.001001953,81484,6,650.601376
1780980336.605980,0.000998272,98860,6,792.249006
1780980336.606968,0.000998228,78522,5,629.291104
1780980336.607978,0.000996934,91554,5,734.684543
1780980336.608963,0.001004562,82866,5,659.917457
1780980336.610018,0.000996297,103270,7,829.230641
1780980336.611207,0.001007700,84248,4,668.833978
1780980336.612027,0.000992440,68254,3,550.191447
1780980336.612997,0.001011799,79904,4,631.777655
1780980336.613974,0.000998702,87144,4,698.058079
1780980336.615007,0.000988936,87144,4,704.951584
1780980336.615996,0.001008809,98794,5,783.450584
1780980336.617019,0.000996240,71348,6,572.938248
1780980336.618011,0.001003126,55750,11,444.610149
1780980336.619016,0.000992745,95964,6,773.322454
1780980336.620008,0.001009855,75758,7,600.149526
1780980336.620990,0.000995401,93068,6,747.983978
1780980336.621959,0.000994482,94516,6,760.323465
1780980336.622984,0.000998994,97412,6,780.080761
1780980336.624006,0.001014140,87210,5,687.952354
1780980336.624992,0.000987713,82932,6,671.709292
1780980336.626008,0.000998397,91554,5,733.607974
1780980336.627036,0.001010247,78456,4,621.281726
1780980336.627992,0.000989959,84248,4,680.820115
1780980336.628964,0.001002763,85696,4,683.678995
1780980336.629970,0.000997478,101690,5,815.576885
1780980336.630990,0.001002776,85696,4,683.670132
1780980336.632014,0.001007061,68452,6,543.776395
1780980336.633006,0.000990434,75758,7,611.917604
1780980336.634027,0.000999643,81484,6,652.104801
1780980336.635031,0.001000255,90172,6,721.192096
1780980336.635993,0.000999376,98860,6,791.373817
1780980336.636982,0.001007182,82866,5,658.200802
1780980336.637956,0.000992372,85828,6,691.901827
1780980336.639001,0.001005966,100308,6,797.704893
1780980336.640001,0.000997193,81352,4,652.647983
1780980336.641038,0.001008912,90106,5,714.480549
1780980336.642027,0.000990437,82800,4,668.795693
1780980336.643042,0.001003331,82800,4,660.200871
1780980336.644022,0.001004958,110378,5,878.667566
1780980336.644980,0.000996128,71150,3,571.412509
1780980336.647035,0.002000359,168694,11,674.654899
1780980336.650285,0.000998333,55948,14,448.331368
1780980336.662480,0.000999508,81418,5,651.664619
1780980336.662551,0.001007155,90238,7,716.775472
1780980336.662571,0.000988502,91686,7,742.019743
1780980336.662589,0.001010576,95964,6,759.677649
1780980336.662606,0.000996741,101756,6,816.709657
1780980336.662621,0.000995230,79970,5,642.826281
1780980336.662636,0.001009731,91554,5,725.373392
1780980336.662650,0.000986914,82800,4,671.183102
1780980336.662667,0.001000170,103204,6,825.491666
1780980336.662684,0.001012079,82800,4,654.494363
1780980336.662698,0.000990533,82800,4,668.730875
1780980336.662712,0.001002402,85696,4,683.925212
1780980336.662726,0.001002054,58382,7,466.098633
1780980336.662742,0.001002520,93068,6,742.672465
1780980336.662970,0.001002718,77140,6,615.447214
1780980336.663974,0.000991163,95964,6,774.556758
1780980336.665056,0.001007984,91620,6,727.154399
1780980336.666021,0.000991037,84314,5,680.612328
1780980336.667017,0.001002255,90172,6,719.752957
1780980336.668021,0.001002742,100308,6,800.269661
1780980336.668985,0.000997829,94450,5,757.243977
1780980336.669965,0.001000717,87210,5,697.180122
1780980336.670984,0.000999117,91554,5,733.079309
1780980336.671969,0.000997202,98794,5,792.569610
1780980336.673028,0.001009244,68254,3,541.030712
1780980336.674002,0.000998997,67136,8,537.627240
1780980336.674978,0.000991971,75692,6,610.437200
1780980336.675995,0.000997791,94648,8,758.860322
1780980336.676969,0.001001492,81484,6,650.900856
1780980336.677958,0.000999509,110510,7,884.514297
1780980336.678975,0.001001462,78522,5,627.258947
1780980336.679983,0.001000764,84314,5,673.997066
1780980336.681019,0.001002597,90172,6,719.507439
1780980336.681987,0.001001020,103138,5,824.263251
1780980336.683009,0.000993268,82866,5,667.421079
1780980336.684035,0.001010425,88658,5,701.946211
1780980336.686014,0.001997992,164152,8,657.267897
1780980336.687002,0.001005350,87144,4,693.442085
1780980336.687988,0.000986014,107482,5,872.052527
1780980336.689013,0.001000379,56934,7,455.299442
1780980336.690007,0.001000806,59830,7,478.254527
1780980336.691012,0.001002354,93068,6,742.795459
1780980336.691994,0.001001699,91686,7,732.243918
1780980336.692964,0.000995618,65424,4,525.695598
1780980336.693980,0.000999089,88658,5,709.910729
1780980336.694979,0.001001854,97412,6,777.853859
1780980336.696164,0.001006731,84314,5,670.002215
1780980336.696987,0.001004300,87276,6,695.218560
1780980336.697993,0.000991305,82800,4,668.210087
1780980336.699043,0.001002954,82866,5,660.975478
1780980336.700149,0.001001762,104586,5,835.216349
1780980336.701026,0.000993716,63910,3,514.513201
1780980336.701979,0.000997933,88592,4,710.203992
1780980336.702993,0.001000365,98794,5,790.063627
1780980336.704033,0.001014041,65490,5,516.665500
1780980336.705230,0.000986783,64438,11,522.408675
1780980336.706009,0.001002260,98860,6,789.096642
1780980336.707015,0.001004095,72796,6,579.992929
1780980336.708024,0.000994757,97478,7,783.934167
1780980336.708965,0.001003912,90172,6,718.564974
1780980336.709980,0.000993320,82866,5,667.386139
1780980336.710964,0.001009711,95964,6,760.328450
1780980336.711946,0.000989948,88724,6,716.999277
1780980336.712985,0.001012568,104652,6,826.824470
1780980336.713954,0.000994503,91554,5,736.480433
1780980336.714990,0.000992803,78456,4,632.197928
1780980336.715989,0.001000074,106034,5,848.209233
1780980336.716971,0.001002376,47128,12,376.130314
1780980336.717998,0.001008874,78588,6,623.173954
1780980336.718993,0.000996556,103336,8,829.544953
1780980336.719996,0.001000094,81550,7,652.338680
1780980336.720980,0.000991977,84314,5,679.967378
1780980336.721993,0.001000461,90172,6,721.043599
1780980336.722982,0.001003827,100308,6,799.404678
1780980336.723980,0.001002563,87210,5,695.896417
1780980336.724981,0.000999883,97412,6,779.387188
1780980336.726004,0.001005832,68320,4,543.390944
1780980336.727029,0.000988105,81418,5,659.185006
1780980336.728017,0.000999896,90106,5,720.922976
1780980336.729002,0.001002621,100242,5,799.839620
1780980336.729993,0.001008152,91488,4,725.985764
1780980336.730984,0.000989741,77008,4,622.449712
1780980336.731983,0.000999723,77206,7,617.819136
1780980336.733220,0.001008297,71480,8,567.134485
1780980336.733980,0.000991553,77074,5,621.844722
1780980336.735022,0.001006647,98926,7,786.182247
1780980336.736024,0.001004875,74178,5,590.545093
1780980336.737008,0.000999482,97412,6,779.699885
1780980336.737978,0.000988740,78522,5,635.329814
1780980336.738995,0.001012814,95964,6,757.999001
1780980336.740005,0.000987028,79904,4,647.633097
1780980336.740975,0.001000537,107482,5,859.394505
1780980336.742018,0.000999695,84314,5,674.717789
1780980336.743016,0.001005478,81352,4,647.270254
1780980336.743998,0.000994877,84248,4,677.454600
1780980336.744976,0.001002634,103138,5,822.936386
1780980336.745992,0.001005999,63976,4,508.755973
1780980336.746983,0.000994077,81682,9,657.349481
1780980336.747978,0.000996497,94582,7,759.315884
1780980336.748991,0.001008517,94582,7,750.265985
1780980336.750020,0.001001909,81484,6,650.629947
1780980336.751011,0.000993677,78522,5,632.173231
1780980336.752012,0.001001609,93068,6,743.347953
1780980336.752981,0.000995228,79970,5,642.827573
1780980336.755008,0.002005538,170142,11,678.688711
1780980336.756001,0.001005233,90040,4,716.570188
1780980336.756999,0.000989052,78456,4,634.595552
1780980336.757993,0.001007870,107482,5,853.141774
1780980336.759023,0.001001755,66806,3,533.511687
1780980336.760035,0.001002659,98794,5,788.256027
1780980336.760973,0.000988158,80102,7,648.495484
1780980336.761968,0.001003929,64108,6,510.856843
1780980336.762995,0.001003411,82932,6,661.200645
1780980336.764000,0.001000447,81550,7,652.108507
1780980336.765089,0.000992000,95964,6,773.903226
1780980336.765999,0.001007759,109062,7,865.778425
1780980336.767075,0.000996032,63976,4,513.846945
1780980336.768004,0.001006606,90172,6,716.641864
1780980336.768974,0.000998289,82866,5,664.064214
1780980336.769954,0.000994312,101756,6,818.704793
1780980336.770991,0.001005993,85762,5,682.008722
1780980336.771985,0.000990036,88592,4,715.868918
1780980336.773075,0.001001037,78456,4,626.997803
1780980336.773981,0.000999677,84248,4,674.201767
1780980336.774991,0.001005312,68716,10,546.823275
1780980336.775973,0.000994109,84380,6,679.040226
1780980336.776978,0.001008604,91752,8,727.754401
1780980336.777980,0.000991601,82932,6,669.075566
1780980336.778982,0.001004349,110510,7,880.251785
1780980336.779969,0.000999003,82866,5,663.589599
1780980336.780973,0.001005911,85828,6,682.589215
1780980336.781980,0.000992123,82866,5,668.191343
1780980336.782991,0.000998512,104586,5,837.934847
1780980336.783995,0.001003254,81352,4,648.705114
1780980336.784993,0.000999254,88658,5,709.793506
1780980336.785994,0.001006255,106100,6,843.523759
1780980336.786972,0.000990998,69900,6,564.279645
1780980336.787971,0.001010611,51208,8,405.362696
1780980336.788978,0.000992180,94648,8,763.151847
1780980336.789973,0.001002478,90238,7,720.119544
1780980336.790993,0.000998447,94582,7,757.832915
1780980336.791998,0.001007604,98860,6,784.911533
1780980336.792991,0.000992178,66872,4,539.193572
1780980336.793972,0.000996415,103270,7,829.132440
1780980336.795005,0.001002229,87210,5,696.128330
1780980336.795984,0.000998146,97346,5,780.214518
1780980336.796972,0.001003365,84314,5,672.249879
1780980336.797969,0.000998766,84314,5,675.345376
1780980336.798972,0.000997482,107482,5,862.026583
1780980336.799964,0.001012191,88592,4,700.199863
1780980336.800973,0.000988025,64306,9,520.683181
1780980336.801996,0.001008243,93134,7,738.980583
1780980336.803008,0.000998323,93134,7,746.323585
1780980336.803970,0.000994426,77140,6,620.579108
1780980336.804969,0.000999080,98860,6,791.608280
1780980336.805959,0.001010761,88724,6,702.235247
1780980336.806996,0.000992879,100242,5,807.687543
1780980336.807985,0.000996550,87210,5,700.095329
1780980336.808997,0.001011205,85762,5,678.493481
1780980336.809989,0.000991200,101690,5,820.742534
1780980336.810977,0.001001695,84248,4,672.843530
1780980336.811998,0.001004688,101690,5,809.724014
1780980336.812973,0.000990811,67202,9,542.601969
1780980336.814000,0.001012360,62594,5,494.638271
1780980336.814989,0.000991493,101888,8,822.097584
1780980336.816169,0.001005133,85828,6,683.117558
1780980336.816987,0.000991881,56736,4,457.603281
1780980336.818192,0.000999013,87276,6,698.897812
1780980336.818986,0.001008535,84314,5,668.803760
1780980336.819995,0.000993930,101822,7,819.550673
1780980336.821025,0.001002379,82866,5,661.354637
1780980336.822024,0.000996072,87276,6,700.961376
1780980336.823251,0.001000482,84248,4,673.659296
1780980336.824001,0.000999726,84248,4,674.168722
1780980336.824976,0.000999750,103138,5,825.310328
1780980336.825956,0.000999797,92936,4,743.638959
1780980336.826992,0.000999944,72664,4,581.344555
1780980336.827988,0.001000480,87210,5,697.345274
1780980336.829018,0.001003867,52788,10,420.677241
1780980336.831088,0.002006157,175934,11,701.576198
1780980336.832017,0.000997437,93068,6,746.457170
1780980336.832961,0.000992015,94516,6,762.214281
1780980336.833990,0.001012504,95964,6,758.231079
1780980336.834980,0.000987257,87210,5,706.685291
1780980336.836031,0.001010818,90172,6,713.655673
1780980336.836988,0.001001146,84248,4,673.212498
1780980336.838028,0.000988940,100242,5,810.904605
1780980336.839023,0.000999410,62462,3,499.990995
1780980336.839992,0.001006695,104586,5,831.123627
1780980336.840971,0.001007161,84248,4,669.191917
1780980336.841978,0.000987448,65622,7,531.649262
1780980336.843004,0.001001207,62594,5,500.148321
1780980336.843997,0.001001077,90172,6,720.599914
1780980336.845003,0.001004948,81550,7,649.187819
1780980336.846047,0.000994243,78522,5,631.813349
1780980336.847027,0.001002719,98860,6,788.735428
1780980336.847984,0.000994534,90172,6,725.340712
1780980336.848982,0.001008055,85762,5,680.613657
1780980336.849958,0.000994652,84380,6,678.669525
1780980336.851340,0.001010356,87210,5,690.528883
1780980336.852002,0.000990601,59566,3,481.049383
1780980336.852991,0.000996325,103138,5,828.147442
1780980336.854027,0.001001834,82800,4,661.187382
1780980336.855016,0.001011636,90040,4,712.034763
1780980336.855975,0.000990808,104586,5,844.450186
1780980336.856966,0.000999230,49760,8,398.386758
1780980336.858000,0.000999585,93068,6,744.853114
1780980336.859008,0.001000642,81550,7,651.981428
1780980336.860009,0.000998343,109062,7,873.944125
1780980336.861004,0.001004559,78588,6,625.850746
1780980336.861984,0.000994142,97412,6,783.888016
1780980336.863028,0.000999341,88658,5,709.731713
1780980336.863964,0.001007575,82932,6,658.468104
1780980336.866020,0.002008075,191796,10,764.098950
1780980336.867076,0.000987795,85696,4,694.038743
1780980336.867982,0.000996764,101690,5,816.161097
1780980336.869005,0.001006066,90040,4,715.976884
1780980336.870019,0.001004697,48246,7,384.163584
1780980336.870980,0.000991996,80036,6,645.454216
1780980336.871969,0.001006816,93134,7,740.027969
1780980336.872966,0.000991927,97478,7,786.170757
1780980336.873986,0.001009309,88724,6,703.245488
1780980336.875058,0.000998370,78522,5,629.201599
1780980336.876017,0.000996506,93068,6,747.154558
1780980336.876987,0.000995513,97412,6,782.808462
1780980336.877999,0.000998820,90106,5,721.699606
1780980336.878993,0.001000217,84248,4,673.837777
1780980336.879980,0.000999040,103138,5,825.896861
1780980336.880966,0.001003421,84248,4,671.686162
1780980336.881991,0.001001219,88592,4,707.873103
1780980336.882981,0.001006231,65556,6,521.200400
1780980336.884078,0.000999711,77206,7,617.826552
1780980336.885008,0.001002365,91686,7,731.757394
1780980336.886043,0.000991940,91686,7,739.447950
1780980336.887005,0.001000322,96030,7,767.992706
1780980336.887975,0.001005457,88658,5,705.414553
1780980336.888964,0.000994587,88724,6,713.655015
1780980336.890044,0.000995818,103138,5,828.569076
1780980336.890975,0.000999880,84380,6,675.121015
1780980336.891990,0.001005573,82866,5,659.253978
1780980336.893014,0.001003399,107548,6,857.469461
1780980336.894011,0.000993304,81352,4,655.203241
1780980336.895041,0.001005322,84314,5,670.941251
1780980336.895962,0.000997380,84248,4,675.754477
1780980336.896964,0.000995094,52524,6,422.263625
1780980336.898079,0.001014584,74376,8,586.455138
1780980336.899032,0.000985559,81418,5,660.887882
1780980336.900005,0.001001504,88724,6,708.726076
1780980336.901094,0.001000536,84314,5,674.150655
1780980336.902014,0.001004885,103204,6,821.618394
1780980336.903030,0.001005478,82866,5,659.316265
1780980336.904005,0.000991551,93002,5,750.355756
1780980336.904981,0.000999752,93068,6,744.728693
1780980336.906002,0.000998365,93002,5,745.234458
1780980336.907023,0.001007057,95964,6,762.332222
1780980336.907990,0.000990756,82800,4,668.580357
1780980336.909016,0.001011080,84314,5,667.120307
1780980336.910033,0.000990953,87144,4,703.516716
1780980336.911005,0.001008678,85828,6,680.716740
1780980336.911975,0.000991532,62990,11,508.223638
1780980336.912972,0.001005918,82998,7,660.077660
1780980336.914083,0.001002554,77140,6,615.547891
1780980336.914986,0.001000035,93068,6,744.517942
1780980336.916005,0.000989168,98860,6,799.540624
1780980336.917007,0.001005540,75626,5,601.674722
1780980336.918019,0.001004921,93068,6,740.898041
1780980336.919027,0.001000553,81418,5,650.984006
1780980336.919987,0.000993981,104652,6,842.285718
1780980336.920981,0.000998097,87276,6,699.539223
1780980336.921958,0.000996313,84248,4,676.478175
1780980336.922983,0.000999639,61014,3,488.288272
1780980336.924014,0.001003941,79838,3,636.196749
1780980336.925009,0.001007818,88658,5,703.761989
1780980336.926019,0.000990384,54236,10,438.100777
1780980336.927010,0.001009246,88790,7,703.812549
1780980336.927979,0.000996027,103270,7,829.455426
1780980336.928955,0.000994973,63976,4,514.393858
1780980336.929950,0.000997450,90172,6,723.220212
1780980336.930981,0.001014271,97412,6,768.331146
1780980336.932152,0.000986761,87210,5,707.040509
1780980336.932976,0.000999887,71216,4,569.792387
1780980336.934002,0.001000195,94516,6,755.980584
1780980336.935022,0.001013358,84248,4,665.099600
1780980336.935958,0.000985446,82800,4,672.182951
1780980336.938005,0.002005613,170010,9,678.136809
1780980336.938993,0.000999035,70032,8,560.797169
1780980336.940024,0.001007866,91686,7,727.763413
1780980336.941009,0.000995500,45086,3,362.318433
1780980336.942049,0.001002036,93068,6,743.031189
1780980336.943005,0.000999716,80036,6,640.469893
1780980336.943982,0.000991614,94516,6,762.522514
1780980336.944957,0.000998684,81418,5,652.202298
1780980336.945993,0.001013308,88724,6,700.470143
1780980336.946973,0.000999329,101756,6,814.594593
1780980336.948007,0.000997179,82800,4,664.273917
1780980336.948981,0.000991921,88724,6,715.573115
1780980336.950148,0.001008420,81352,4,645.381885
1780980336.951015,0.000992380,65358,3,526.878817
1780980336.951977,0.000997493,106034,5,850.403963
1780980336.952978,0.001000256,82800,4,662.230469
1780980336.953988,0.001012432,64042,5,506.044850
1780980336.955015,0.000995187,84446,7,678.835234
1780980336.965361,0.001007271,91686,7,728.193306
1780980336.965433,0.000986471,85828,6,696.040735
1780980336.965451,0.001009405,94516,6,749.082876
1780980336.965466,0.000992833,63910,3,514.970796
1780980336.965499,0.001004611,98860,6,787.249990
1780980336.965516,0.000993787,84314,5,678.728943
1780980336.965531,0.000998082,88658,5,710.626983
1780980336.965545,0.001000981,63910,3,510.778926
1780980336.965562,0.000999578,100308,6,802.802783
1780980336.965579,0.001001827,84248,4,672.754877
1780980336.966086,0.000998796,81352,4,651.600527
1780980336.967030,0.001011547,85696,4,677.742112
1780980336.968002,0.000994513,97280,4,782.533763
1780980336.969180,0.001000046,58316,6,466.506541
1780980336.970131,0.001006041,66938,5,532.288446
1780980336.970995,0.000988934,68452,6,553.743728
1780980336.972031,0.000999867,94582,7,756.756649
1780980336.973022,0.001008092,93134,7,739.091273
1780980336.973989,0.000990611,100308,6,810.069745
1780980336.975057,0.001000764,68320,4,546.142747
1780980336.975992,0.001003405,104652,6,834.374953
1780980336.976988,0.001007280,81418,5,646.636486
1780980336.978024,0.000987510,104652,6,847.805086
1780980336.979005,0.001008962,82800,4,656.516301
1780980336.980004,0.000991473,103138,5,832.200171
1780980336.980973,0.001000656,65424,4,523.048880
1780980336.982023,0.001005986,101690,5,808.679246
1780980336.983003,0.000997032,88592,4,710.845790
1780980336.983976,0.001006482,92936,4,738.699748
1780980336.984956,0.000990923,52590,7,424.573857
1780980336.985970,0.001005957,77272,8,614.515332
1780980336.986982,0.000992906,82932,6,668.196184
1780980336.988039,0.001005208,110510,7,879.499566
1780980336.989020,0.001008745,79970,5,634.213800
1780980336.990028,0.000994187,84314,5,678.455864
1780980336.990998,0.000993244,104718,7,843.442296
1780980336.991991,0.000998847,88658,5,710.082725
1780980336.992982,0.001002725,79970,5,638.021392
1780980336.993985,0.001005806,84248,4,670.093438
1780980336.995005,0.000990935,63910,3,515.957152
1780980336.996022,0.001002280,88592,4,707.123758
1780980336.997008,0.000998634,97346,5,779.833252
1780980336.998003,0.001000467,65424,4,523.147690
1780980336.999021,0.001001053,65688,8,524.951226
1780980336.999985,0.001000108,98926,7,791.322537
1780980337.000992,0.001013163,94516,6,746.304395
1780980337.001965,0.000987639,82932,6,671.759621
1780980337.003010,0.001008789,72730,5,576.770762
1780980337.004024,0.000999561,95964,6,768.049174
1780980337.004981,0.000992109,84314,5,679.876909
1780980337.006017,0.000998673,90106,5,721.805836
1780980337.007023,0.000999420,81418,5,651.721999
1780980337.008012,0.001013502,85696,4,676.434778
1780980337.008962,0.000986271,107482,5,871.825289
1780980337.009966,0.001003627,79904,4,636.921884
1780980337.011008,0.001004606,84248,4,670.893863
1780980337.012019,0.000990934,59764,6,482.486220
1780980337.012986,0.001006906,84446,7,670.934526
1780980337.014017,0.001002642,84380,6,673.261244
1780980337.026488,0.000997239,82932,6,665.292874
1780980337.026568,0.000999619,78522,5,628.415426
1780980337.026587,0.001006458,85762,5,681.693623
1780980337.026604,0.000994072,88724,6,714.024739
1780980337.026622,0.000997923,97412,6,780.917967
1780980337.026637,0.000994992,55750,3,448.244810
1780980337.026652,0.000999637,53774,3,430.348216
1780980337.026669,0.001007476,62462,3,495.987994
1780980337.026686,0.001000370,91488,4,731.633296
1780980337.026702,0.000991798,91488,4,737.956721
1780980337.026716,0.000999925,91554,5,732.486937
1780980337.026750,0.001005516,65358,3,519.995704
1780980337.026953,0.000994679,62462,3,502.369106
1780980337.028011,0.001011081,94384,4,746.796745
1780980337.028984,0.000992967,92936,4,748.753987
1780980337.029987,0.000995818,62396,2,501.264287
1780980337.031012,0.001003245,95832,4,764.176248
1780980337.032014,0.001000693,58052,2,464.094383
1780980337.032985,0.001008956,114722,5,909.629359
1780980337.033972,0.000995970,17864,4,143.490266
1780980337.034993,0.000991626,49430,3,398.779379
1780980337.036005,0.001006120,94516,6,751.528645
1780980337.036994,0.000994473,95964,6,771.978726
1780980337.038014,0.001003763,77074,5,614.280463
1780980337.039052,0.001006913,87210,5,692.890051
1780980337.040024,0.000989495,84380,6,682.206580
1780980337.040969,0.001011729,101690,5,804.088842
1780980337.041964,0.000987960,87276,6,706.716871
1780980337.043066,0.001000293,81418,5,651.153212
1780980337.044023,0.001001415,85762,5,685.126546
1780980337.044988,0.001005307,62462,3,497.058113
1780980337.046001,0.000997303,70032,8,561.771097
1780980337.047070,0.000996031,75626,5,607.418845
1780980337.047999,0.001006423,104718,7,832.397511
1780980337.048963,0.000996868,97544,8,782.803741
1780980337.049965,0.001009058,79970,5,634.017073
1780980337.050997,0.000999254,77074,5,617.052321
1780980337.052001,0.000987374,101756,6,824.457602
1780980337.052980,0.001009502,85762,5,679.638079
1780980337.053993,0.000991467,85762,5,692.000843
1780980337.054980,0.000999672,101756,6,814.315095
1780980337.055987,0.001011610,87144,4,689.150957
1780980337.056978,0.000990110,78456,4,633.917444
1780980337.057989,0.001004612,73060,10,581.796753
1780980337.058979,0.001001516,78654,7,628.279528
1780980337.059972,0.000991164,87342,7,704.965071
1780980337.060982,0.001011881,100440,8,794.085471
1780980337.061977,0.000995208,93068,6,748.129034
1780980337.062971,0.000993097,85828,6,691.396711
1780980337.063976,0.001001037,91620,6,732.200708
1780980337.064975,0.001003923,101756,6,810.866969
1780980337.065975,0.001001582,91620,6,731.802289
1780980337.066981,0.001005419,79904,4,635.786672
1780980337.067977,0.000988193,81352,4,658.591996
1780980337.068972,0.000999838,108930,5,871.581196
1780980337.069979,0.001008865,78456,4,622.132793
1780980337.070977,0.000995751,88658,5,712.290522
1780980337.071986,0.001006315,62726,7,498.658969
1780980337.072984,0.000998240,100440,8,804.936689
1780980337.073972,0.000990561,81418,5,657.550620
1780980337.074973,0.001000002,106166,7,849.326301
1780980337.075975,0.001003325,98860,6,788.259039
1780980337.076977,0.001003665,88724,6,707.200112
1780980337.077969,0.000992927,81418,5,655.983773
1780980337.079003,0.001006756,104586,5,831.073269
1780980337.079982,0.001002950,84314,5,672.528042
1780980337.080977,0.000998864,91554,5,733.264989
1780980337.081969,0.000991489,100242,5,808.819866
1780980337.082987,0.001000095,87144,4,697.085777
1780980337.083984,0.000999986,75560,4,604.488463
1780980337.085999,0.002002578,157308,14,628.421964
1780980337.086983,0.001003728,96030,7,765.386639
1780980337.087977,0.001006322,91620,6,728.355338
1780980337.088988,0.000987208,95964,6,777.659824
1780980337.089990,0.001012673,82866,5,654.631851
1780980337.090993,0.000993017,104652,6,843.103391
1780980337.091987,0.000994659,79970,5,643.195306
1780980337.092991,0.001006352,93002,5,739.319840
1780980337.093981,0.001007331,101756,6,808.123646
1780980337.094996,0.000988965,85696,4,693.217657
1780980337.095982,0.001009014,97346,5,771.810897
1780980337.096993,0.000994606,88592,4,712.579655
1780980337.097985,0.001006100,49760,8,395.666435
1780980337.098998,0.000998251,93134,7,746.377414
1780980337.099998,0.001002047,77206,7,616.386257
1780980337.100982,0.000998184,103204,6,827.134075
1780980337.101990,0.000991467,88724,6,715.900781
1780980337.102993,0.000997731,107614,7,862.869852
1780980337.103990,0.000999631,79970,5,639.996159
1780980337.104984,0.001000137,79970,5,639.672365
1780980337.105979,0.001000148,90106,5,720.741330
1780980337.106998,0.001011323,101756,6,804.933735
1780980337.107996,0.000999042,85762,5,686.753910
1780980337.108991,0.000996084,106034,5,851.606893
1780980337.109986,0.000993425,81352,4,655.123437
1780980337.110985,0.000999918,85696,4,685.624221
1780980337.111983,0.001011006,76022,11,601.555283
1780980337.112984,0.000993164,91620,6,738.005002
1780980337.113981,0.001004115,77074,5,614.065122
1780980337.114988,0.000992803,97412,6,784.945251
1780980337.115993,0.001001294,61080,4,488.008517
1780980337.117213,0.001001761,94516,6,754.798799
1780980337.118251,0.001004857,82866,5,659.723722
1780980337.119107,0.001001820,87210,5,696.412529
1780980337.119985,0.000990741,85696,4,691.974996
1780980337.121071,0.001006905,100242,5,796.436605
1780980337.122016,0.001001458,85762,5,685.097128
1780980337.122963,0.000990906,90040,4,726.930708
1780980337.123990,0.001003505,75560,4,602.368698
1780980337.124991,0.001002799,85696,4,683.654451
1780980337.125966,0.001004098,84578,9,673.862511
1780980337.126987,0.000988821,62660,6,506.947162
1780980337.127991,0.001003808,96096,8,765.851637
1780980337.128983,0.001008638,97412,6,772.622090
1780980337.129987,0.000987744,91620,6,742.054621
1780980337.131998,0.002006578,173038,11,689.882975
1780980337.132995,0.000998445,87210,5,698.766582
1780980337.133983,0.000998988,97412,6,780.085446
1780980337.134996,0.001005522,85828,6,682.853284
1780980337.135988,0.000991421,104586,5,843.928059
1780980337.136986,0.000999215,84248,4,674.513493
1780980337.137972,0.001001084,65622,7,524.407542
1780980337.139989,0.002007207,165996,14,661.599925
1780980337.140973,0.000992849,91686,7,738.770951
1780980337.141969,0.000998630,110576,8,885.821576
1780980337.142994,0.001004876,81484,6,648.708895
1780980337.143989,0.000995246,91620,6,736.461136
1780980337.144994,0.001007592,82866,5,657.932973
1780980337.145990,0.000998104,98860,6,792.382357
1780980337.146996,0.000994907,68320,4,549.357880
1780980337.147980,0.001008490,75890,9,602.008944
1780980337.149000,0.000993616,90238,7,726.542246
1780980337.149973,0.001002302,85894,7,685.573809
1780980337.150988,0.000998082,75692,6,606.699650
1780980337.151986,0.000996595,94582,7,759.241216
1780980337.152994,0.001003457,98926,7,788.681528
1780980337.153995,0.001004862,93068,6,740.941542
1780980337.154988,0.000991945,93068,6,750.590002
1780980337.155974,0.001001725,81418,5,650.222366
1780980337.156993,0.000999341,88724,6,710.260061
1780980337.157990,0.001003678,103138,5,822.080388
1780980337.158986,0.000995331,84248,4,677.145593
1780980337.159985,0.001013831,85762,5,676.736064
1780980337.160985,0.000986004,101690,5,825.067647
1780980337.161963,0.001002687,55552,8,443.225054
1780980337.163090,0.001001915,128480,8,1025.875449
1780980337.164027,0.001008888,90172,6,715.020894
1780980337.164984,0.000997882,97544,8,782.008294
1780980337.165954,0.000988563,98860,6,800.029942
1780980337.166995,0.001010327,78522,5,621.755135
1780980337.167986,0.000990103,95964,6,775.385995
1780980337.169002,0.001015070,75626,5,596.025890
1780980337.169982,0.000995064,111958,7,900.106928
1780980337.170991,0.000989727,77074,5,622.991997
1780980337.171992,0.001007009,87210,5,692.823997
1780980337.172985,0.000992887,104586,5,842.681997
1780980337.173987,0.001000614,82800,4,661.993536
1780980337.175000,0.001009429,90040,4,713.591545
1780980337.175980,0.000996580,90040,4,722.791948
1780980337.176988,0.000994931,64174,7,516.007643
1780980337.177988,0.001009872,69834,5,553.210704
1780980337.178996,0.000991994,93068,6,750.552927
1780980337.180000,0.000999384,94516,6,756.594062
1780980337.181164,0.001002069,79970,5,638.439070
1780980337.182043,0.000995437,82866,5,665.966807
1780980337.183028,0.001004927,81418,5,648.150562
1780980337.184001,0.000996219,110510,7,887.435393
1780980337.184970,0.000998927,79970,5,640.447200
1780980337.185969,0.001014249,88658,5,699.299679
1780980337.186996,0.000990490,101690,5,821.330856
1780980337.187982,0.001003155,88592,4,706.506971
1780980337.188992,0.000997560,87144,4,698.857212
1780980337.189970,0.000993933,101690,5,818.485753
1780980337.190986,0.001000326,38176,8,305.308469
1780980337.191970,0.000999702,78720,8,629.947724
1780980337.192986,0.001000732,103336,8,826.083307
1780980337.193985,0.001008193,87342,7,693.057778
1780980337.195005,0.000996745,98860,6,793.462721
1780980337.196005,0.000999313,87276,6,698.687999
1780980337.196990,0.000998133,87210,5,698.985005
1780980337.197994,0.001003837,100308,6,799.396715
1780980337.198972,0.000992899,84314,5,679.335965
1780980337.199987,0.001001201,85828,6,685.800354
1780980337.200987,0.000998795,84248,4,674.797131
1780980337.201992,0.001005900,103138,5,820.264440
1780980337.202991,0.000998742,90040,4,721.227304
1780980337.203993,0.001003238,97346,5,776.254488
1780980337.204985,0.000992306,65622,7,529.046484
1780980337.205976,0.001000038,68518,7,548.123171
1780980337.207678,0.001000972,98860,6,790.112011
1780980337.208007,0.001011383,13098,1,103.604668
1780980337.209155,0.000991245,75626,5,610.351629
1780980337.209989,0.000998668,98860,6,791.934857
1780980337.211004,0.001011044,0,0,0.000000
1780980337.211986,0.000991166,0,0,0.000000
1780980337.213031,0.001003637,7306,1,58.236195
1780980337.214548,0.000997324,42190,3,338.425627
1780980337.215002,0.001003703,62462,3,497.852452
1780980337.225872,0.000992351,84248,4,679.179040
1780980337.234478,0.001011334,79904,4,632.068140
1780980337.234504,0.000995066,79970,5,642.932228
1780980337.234521,0.000999414,107548,6,860.888481
1780980337.234537,0.001004209,81418,5,648.613984
1780980337.234555,0.000995446,88592,4,711.978349
1780980337.234573,0.000993234,100242,5,807.398861
1780980337.234588,0.001013574,91488,4,722.102185
1780980337.234602,0.000993115,75560,4,608.670698
1780980337.234617,0.000994238,69966,7,562.971844
1780980337.234632,0.001006222,91620,6,728.427723
1780980337.234646,0.001003250,78522,5,626.141042
1780980337.234663,0.000990911,93068,6,751.373231
1780980337.234678,0.001011819,63976,4,505.829600
1780980337.234692,0.000993455,95964,6,772.769778
1780980337.234706,0.001005254,95964,6,763.699523
1780980337.234720,0.001000139,97346,5,778.659766
1780980337.234738,0.000995794,87276,6,701.157067
1780980337.252928,0.000992032,79904,4,644.366311
1780980337.253613,0.001000992,85762,5,685.416067
1780980337.254648,0.001009041,90040,4,713.865938
1780980337.254686,0.000990975,97346,5,785.860390
1780980337.254709,0.001005884,46798,7,372.194010
1780980337.254752,0.000996025,93200,8,748.575588
1780980337.255137,0.001000134,81484,6,651.784661
1780980337.255295,0.001004070,94582,7,753.588893
1780980337.255337,0.000995718,94516,6,759.379664
1780980337.255377,0.001009951,74112,4,587.054223
1780980337.257827,0.000994533,100374,7,807.406089
1780980337.267218,0.001003722,82866,5,660.469732
1780980337.267290,0.000990574,85696,4,692.091656
1780980337.267555,0.000998437,82866,5,663.965779
1780980337.268533,0.001007989,87210,5,692.150410
1780980337.293247,0.000991746,100242,5,808.610269
1780980337.336492,0.001001906,92936,4,742.073608
1780980337.350777,0.001005739,68452,6,544.491165
1780980337.395846,0.000994483,7306,1,58.772246
1780980337.408154,0.000998491,49496,4,396.566419
1780980337.419128,0.001000149,77074,5,616.500141
1780980337.419205,0.001003449,58184,4,463.872105
1780980337.419227,0.000996230,65490,5,525.902653
1780980337.419243,0.001000241,84380,6,674.877355
1780980337.419258,0.001012486,81418,5,643.311611
1780980337.419273,0.000993122,79970,5,644.190744
1780980337.419291,0.000994020,104718,7,842.783847
1780980337.419309,0.001000547,79970,5,639.410243
1780980337.419324,0.001009207,93068,6,737.751522
1780980337.419338,0.000989968,78456,4,634.008372
1780980337.419353,0.001007389,87144,4,692.038527
1780980337.419367,0.001004021,108930,5,867.949973
1780980337.419384,0.000994914,78456,4,630.856536
1780980337.419402,0.000999214,53972,6,432.115643
1780980337.419418,0.000998158,90238,7,723.236201
1780980337.419432,0.001005333,91620,6,729.071860
1780980337.419455,0.000991397,98992,8,798.808146
1780980337.419473,0.001011928,77074,5,609.323984
1780980337.419491,0.000993550,84314,5,678.890846
1780980337.419506,0.001007275,87276,6,693.165223
1780980337.419521,0.001001879,100308,6,800.958998
1780980337.419535,0.000988512,68320,4,552.911851
1780980337.419549,0.000999763,103204,6,825.827721
1780980337.419563,0.000997753,84248,4,675.501853
1780980337.419580,0.001007590,84248,4,668.906996
1780980337.419613,0.001001154,87144,4,696.348414
1780980337.419628,0.000993806,100242,5,806.934150
1780980337.419642,0.000999481,87144,4,697.514010
1780980337.419657,0.000997073,70032,8,561.900683
1780980337.419671,0.001000952,75758,7,605.487576
1780980337.419685,0.001000071,77140,6,617.076188
1780980337.419703,0.001006701,94582,7,751.619398
1780980337.419717,0.000995652,97412,6,782.699176
1780980337.419731,0.000997260,97346,5,780.907687
1780980337.419746,0.001011109,91620,6,724.907008
1780980337.419760,0.000988841,78522,5,635.264921
1780980337.419775,0.001003360,87210,5,695.343645
1780980337.419792,0.001011559,84314,5,666.804408
1780980337.419809,0.000985011,87144,4,707.760624
1780980337.419824,0.001000430,100242,5,801.591316
1780980337.419837,0.000999271,88592,4,709.253045
1780980337.419852,0.001004187,49694,7,395.894390
1780980337.419866,0.000996323,82998,7,666.434480
1780980337.419880,0.001007854,85894,7,681.797165
1780980337.419912,0.000993280,80036,6,644.619845
1780980337.419930,0.000998909,94516,6,756.953837
1780980337.419952,0.001001047,79970,5,639.090872
1780980337.419966,0.001005243,101756,6,809.802207
1780980337.419981,0.000992585,87276,6,703.423888
1780980337.419995,0.001014809,84314,5,664.668918
1780980337.420009,0.000986904,84314,5,683.462627
1780980337.420022,0.000999677,82800,4,662.614024
1780980337.420039,0.001003513,57066,9,454.929832
1780980337.420056,0.000995979,87342,7,701.556961
1780980337.420071,0.000999599,78654,7,629.484423
1780980337.420085,0.001000103,85828,6,686.553285
1780980337.420099,0.001005737,96030,7,763.857748
1780980337.420114,0.001004521,97412,6,775.788659
1780980337.420128,0.000998738,78522,5,628.969760
1780980337.420144,0.000992460,84314,5,679.636459
1780980337.420162,0.001000317,87276,6,697.986738
1780980337.420177,0.001006914,82866,5,658.375988
1780980337.420192,0.000990842,85762,5,692.437341
1780980337.420206,0.001000843,104586,5,835.983266
1780980337.420220,0.001001969,82800,4,661.098297
1780980337.420234,0.001003680,84248,4,671.512833
1780980337.420251,0.000997160,103138,5,827.453969
1780980337.420267,0.000997129,57000,8,457.312945
1780980337.420282,0.001013191,59830,7,472.408460
1780980337.420296,0.000986475,90304,8,732.336856
1780980337.420310,0.001000158,75692,6,605.440340
1780980337.420324,0.001006192,98926,7,786.537758
1780980337.420340,0.000994079,97412,6,783.937695
1780980337.420357,0.001006875,78522,5,623.886778
1780980337.420372,0.000993041,93068,6,749.761591
1780980337.420385,0.001011684,81418,5,643.821589
1780980337.420399,0.000989173,87210,5,705.316461
1780980337.420413,0.001002176,106100,6,846.957022
1780980337.420427,0.000996465,81352,4,653.124796
1780980337.420443,0.001007760,84248,4,668.794157
1780980337.420460,0.000994476,84248,4,677.727768
1780980337.420474,0.002011784,145658,13,579.219240
1780980337.420488,0.000991545,81550,7,657.963078
1780980337.420502,0.000995567,80036,6,643.139035
1780980337.420516,0.000998994,88724,6,710.506770
1780980337.420530,0.001000389,98926,7,791.100262
1780980337.420547,0.001012273,79970,5,632.003422
1780980337.420561,0.000999828,93068,6,744.672084
1780980337.420575,0.000992421,81418,5,656.318236
1780980337.420588,0.001007284,106166,7,843.186231
1780980337.420602,0.000987483,84314,5,683.061886
1780980337.420616,0.001013121,108930,5,860.153920
1780980337.420630,0.000999060,61014,3,488.571257
1780980337.420646,0.000990136,101690,5,821.624504
1780980337.420663,0.000997690,84248,4,675.544508
1780980337.420684,0.001000109,55486,7,443.839621
1780980337.420722,0.001015395,93134,7,733.775526
1780980337.420761,0.000987781,81550,7,660.470286
1780980337.420776,0.000999174,77140,6,617.630163
1780980337.420790,0.000998241,97412,6,780.669197
1780980337.420806,0.001007736,94516,6,750.323497
1780980337.420823,0.001001308,79970,5,638.924287
1780980337.420838,0.000990256,88724,6,716.776268
1780980337.420852,0.001013122,100308,6,792.070452
1780980337.420868,0.000990337,82866,5,669.396377
1780980337.420884,0.001010703,88724,6,702.275545
1780980337.420899,0.000986332,82800,4,671.579144
1780980337.420912,0.001003070,82800,4,660.372656
1780980337.420929,0.000998164,84248,4,675.223711
1780980337.421057,0.001006797,103138,5,819.533630
1780980337.421083,0.001001492,71546,9,571.515299
1780980337.421099,0.001000455,70032,8,560.001199
1780980337.421114,0.000989934,65490,5,529.247404
1780980337.421128,0.001010220,93134,7,737.534398
1780980337.421144,0.000989981,96030,7,776.014893
1780980337.421162,0.000999835,100308,6,802.596428
1780980337.421177,0.001010748,90172,6,713.705098
1780980337.421192,0.000994064,79970,5,643.580293
1780980337.421206,0.001009698,84314,5,668.033412
1780980337.421222,0.000990788,87210,5,704.166784
1780980337.421239,0.000996104,84314,5,677.150177
1780980337.421254,0.000998133,82800,4,663.639014
1780980337.421268,0.001004076,84248,4,671.247993
1780980337.421282,0.001000003,85696,4,685.565943
1780980337.421296,0.001004794,75956,10,604.748834
1780980337.421314,0.000999837,82932,6,663.564161
1780980337.421332,0.000991701,65490,5,528.304398
1780980337.421346,0.001000729,78522,5,627.718393
1780980337.421360,0.001003662,88724,6,707.202225
1780980337.421375,0.001008833,100374,7,795.961274
1780980337.421391,0.000987468,79970,5,647.879222
1780980337.421409,0.001000195,91620,6,732.817101
1780980337.421423,0.000999618,82866,5,663.181335
1780980337.421437,0.001009266,106166,7,841.530380
1780980337.421450,0.001000815,87210,5,697.111854
1780980337.421463,0.000993458,81352,4,655.101675
1780980337.421479,0.001006255,84248,4,669.794436
1780980337.421496,0.000989793,85696,4,692.637754
1780980337.421510,0.001005384,74442,9,592.346805
1780980337.421524,0.001004520,82932,6,660.470673
1780980337.421539,0.000990044,81484,6,658.427302
1780980337.421556,0.002011481,192060,14,763.855090
1780980337.421570,0.000988437,81418,5,658.963596
1780980337.421584,0.001005748,88724,6,705.735433
1780980337.421597,0.000994890,87210,5,701.263456
1780980337.421613,0.001008912,103270,7,818.862299
1780980337.421629,0.001000614,81418,5,650.944320
1780980337.421643,0.000997319,65424,4,524.798986
1780980337.421656,0.001006768,104586,5,831.063363
1780980337.421670,0.000996036,84248,4,676.666305
1780980337.421685,0.000989931,81352,4,657.435720
1780980337.421702,0.001007914,63976,4,507.789355
1780980337.421716,0.000992976,83196,10,670.276019
1780980337.421729,0.000998947,85828,6,687.347777
1780980337.421742,0.000999827,84446,7,675.684893
1780980337.421756,0.001012631,94516,6,746.696477
1780980337.421769,0.001996037,174486,11,699.329722
1780980337.421785,0.000996371,79970,5,642.090145
1780980337.421801,0.001002729,87210,5,695.781213
1780980337.421815,0.000999395,87276,6,698.630672
1780980337.421829,0.002005505,185938,9,741.710442
1780980337.421842,0.000997484,87144,4,698.910459
1780980337.421856,0.000992929,63910,3,514.921006
1780980337.421886,0.000996787,70098,9,562.591607
1780980337.421985,0.001001403,0,0,0.000000
1780980337.422999,0.001012552,42256,4,333.857422
1780980337.423983,0.000992615,62528,4,503.945639
1780980337.424959,0.000993858,93134,7,749.676513
1780980337.425985,0.001009429,88790,7,703.684955
1780980337.427002,0.000990332,84380,6,681.629999
1780980337.428018,0.001000411,94516,6,755.817359
1780980337.429003,0.001002157,97412,6,777.618677
1780980337.430007,0.001003310,72730,5,579.920463
1780980337.431040,0.001005428,97412,6,775.088818
1780980337.432014,0.001001444,110444,6,882.277991
1780980337.432976,0.000987326,63976,4,518.377922
1780980337.435081,0.002000528,185938,9,743.555701
1780980337.435971,0.000999300,85696,4,686.048234
1780980337.436976,0.001010969,81352,4,643.754655
1780980337.437973,0.000989164,111826,5,904.408167
1780980337.438995,0.001008153,66938,5,531.173344
1780980337.439995,0.000993591,62924,10,506.639050
1780980337.441038,0.001002354,90172,6,719.681869
1780980337.442003,0.001002418,94582,7,754.830819
1780980337.442982,0.001003336,93068,6,742.068460
1780980337.443966,0.000990261,81418,5,657.749826
1780980337.444965,0.000999953,91620,6,732.994451
1780980337.445997,0.001006324,82866,5,658.761989
1780980337.447024,0.000994064,81418,5,655.233466
1780980337.447989,0.001002323,106166,7,847.359584
1780980337.449212,0.000997678,84314,5,676.081862
1780980337.449978,0.001001307,63910,3,510.612629
1780980337.450998,0.001004955,103138,5,821.035768
1780980337.451984,0.000998405,88592,4,709.868240
1780980337.452984,0.000998278,77008,4,617.126692
1780980337.453996,0.001008590,68584,8,543.999048
1780980337.454989,0.000988623,62858,9,508.650922
1780980337.456084,0.001011494,91620,6,724.631090
1780980337.457021,0.000998829,94582,7,757.543083
1780980337.458016,0.000991870,81550,7,657.747487
1780980337.459040,0.001009179,95964,6,760.729266
1780980337.459991,0.000989679,62528,4,505.440653
1780980337.460981,0.001001053,93068,6,743.760820
1780980337.461987,0.000997195,82866,5,664.792744
1780980337.463017,0.001000191,84314,5,674.383193
1780980337.464048,0.001000271,85828,6,686.437975
1780980337.464996,0.001000562,103138,5,824.640552
1780980337.466001,0.001011317,85696,4,677.896248
1780980337.466991,0.000988092,63910,3,517.441696
1780980337.467993,0.001008491,100242,5,795.184092
1780980337.468978,0.000990985,90040,4,726.872758
1780980337.469984,0.001001566,84248,4,672.930191
1780980337.470967,0.000998464,74376,8,595.923338
1780980337.472010,0.001001764,46996,10,375.305960
1780980337.474602,0.001010104,104784,8,829.886824
1780980337.474831,0.000988523,77140,6,624.284918
1780980337.474984,0.001000611,52392,4,418.880064
1780980337.476012,0.001013021,88658,5,700.147381
1780980337.476998,0.000998872,81484,6,652.608142
1780980337.477966,0.000993811,97412,6,784.149099
1780980337.479007,0.001003226,82866,5,660.796271
1780980337.479995,0.001002675,91620,6,731.004563
1780980337.481006,0.000992282,79904,4,644.203966
1780980337.483057,0.001995536,170010,9,681.561245
1780980337.484022,0.001005088,103138,5,820.927123
1780980337.484986,0.001000595,85696,4,685.160330
1780980337.485970,0.000994061,84314,5,678.541860
1780980337.486961,0.001002185,62924,10,502.294487
1780980337.487990,0.000998241,77140,6,618.207427
1780980337.488990,0.001012139,85894,7,678.910703
1780980337.490009,0.000989392,82932,6,670.569400
1780980337.490998,0.001006054,88724,6,705.520777
1780980337.492003,0.001004289,97412,6,775.967874
1780980337.492987,0.000988207,82866,5,670.839207
1780980337.493973,0.001007903,87276,6,692.733329
1780980337.494970,0.000994563,88658,5,713.141350
1780980337.495957,0.000996661,81418,5,653.526124
1780980337.497001,0.001012681,106034,5,837.649763
1780980337.498022,0.000988155,81352,4,658.617322
1780980337.499022,0.001012716,106034,5,837.620814
1780980337.499995,0.000991805,52458,5,423.131563
1780980337.500983,0.000995224,78654,7,632.251634
1780980337.503015,0.002008656,170340,14,678.423782
1780980337.504997,0.001991388,174552,12,701.227486
1780980337.506006,0.001000802,97412,6,778.671505
1780980337.507006,0.000999190,74178,5,593.905063
1780980337.508006,0.001000191,100308,6,802.310759
1780980337.508974,0.001000216,82866,5,662.784838
1780980337.509968,0.001003859,88724,6,707.063442
1780980337.510981,0.000998511,84248,4,674.989059
1780980337.511977,0.000997059,81352,4,652.735696
1780980337.513002,0.001006595,87144,4,692.584406
1780980337.513986,0.000993723,100242,5,807.001549
1780980337.514992,0.001003393,85696,4,683.249734
1780980337.516015,0.001005866,77206,7,614.046006
1780980337.516992,0.000992225,62726,7,505.740130
1780980337.517966,0.001001368,91686,7,732.485959
1780980337.518987,0.001007588,77140,6,612.472558
1780980337.519967,0.000997573,81418,5,652.928658
1780980337.520963,0.000991330,104718,7,845.070764
1780980337.522026,0.001008058,65424,4,519.208220
1780980337.523039,0.001005139,82866,5,659.538631
1780980337.524024,0.000992377,88724,6,715.244307
1780980337.524985,0.001004420,81418,5,648.477728
1780980337.525967,0.000990649,85762,5,692.572243
1780980337.526994,0.001013095,85696,4,676.706528
1780980337.527970,0.000991577,82800,4,668.026790
1780980337.528975,0.000994859,104586,5,841.011641
1780980337.530005,0.001004040,88592,4,705.884228
1780980337.531048,0.001006944,62528,4,496.774399
1780980337.532032,0.000997351,75758,7,607.673728
1780980337.533010,0.001006326,106298,9,845.038288
1780980337.533967,0.000993470,80036,6,644.496563
1780980337.534998,0.000995755,80036,6,643.017610
1780980337.535999,0.000997504,81418,5,652.973823
1780980337.536993,0.001006084,91620,6,728.527638
1780980337.538013,0.000997880,79970,5,641.119173
1780980337.539021,0.001007549,85762,5,680.955467
1780980337.540017,0.000996878,81418,5,653.383864
1780980337.541012,0.001002634,87276,6,696.373752
1780980337.541972,0.000993337,90040,4,725.151686
1780980337.542992,0.000995471,100242,5,805.584492
1780980337.543996,0.001010674,84248,4,666.865874
1780980337.544997,0.000995595,61278,7,492.392991
1780980337.546018,0.000996970,59962,9,481.153896
1780980337.547001,0.001005479,93134,7,741.011995
1780980337.548096,0.000992924,78588,6,633.184413
1780980337.548971,0.000997752,80036,6,641.730610
1780980337.549982,0.001003140,106232,8,847.195805
1780980337.550985,0.000995872,81418,5,654.043893
1780980337.551981,0.001007575,82866,5,657.944074
1780980337.553012,0.000999692,88724,6,710.010683
1780980337.554008,0.000997653,85762,5,687.710056
1780980337.579401,0.001007418,107548,6,854.048667
1780980337.593712,0.000994079,84248,4,677.998429
1780980337.597226,0.001001929,79904,4,638.001296
1780980337.597286,0.000991790,85696,4,691.243106
1780980337.597305,0.000999974,87144,4,697.170126
1780980337.597320,0.001008431,100242,5,795.231404
1780980337.597335,0.000991910,46930,9,378.502082
1780980337.597349,0.001011136,91686,7,725.409836
1780980337.597366,0.000992196,77140,6,621.973884
1780980337.597383,0.000998111,96030,7,769.693952
1780980337.597398,0.001003604,101756,6,811.124707
1780980337.597413,0.000995189,90172,6,724.863317
1780980337.597427,0.001008323,62528,4,496.095001
1780980337.597441,0.000991353,79970,5,645.340257
1780980337.597456,0.001014101,88724,6,699.922394
1780980337.597472,0.000999117,106100,6,849.550153
1780980337.597496,0.000987752,81352,4,658.886036
1780980337.597512,0.001005511,82800,4,658.769521
1780980337.597527,0.001005512,88592,4,704.850862
1780980337.597543,0.000987836,78456,4,635.376722
1780980337.597561,0.001000379,113274,5,905.848683
1780980337.597575,0.000999808,53906,5,431.330816
1780980337.597589,0.001013366,61476,10,485.321197
1780980337.597603,0.000988537,74178,5,600.305300
1780980337.597620,0.001000445,97478,7,779.477133
1780980337.597637,0.002004956,190480,12,760.036629
1780980337.597653,0.000992809,78522,5,632.725932
1780980337.597667,0.001002676,87210,5,695.817991
1780980337.597682,0.001002064,85828,6,685.209727
1780980337.597695,0.001004793,85762,5,682.823228
1780980337.597712,0.000991839,82800,4,667.850327
1780980337.597728,0.001004364,104586,5,833.052559
1780980337.597743,0.000994630,82800,4,665.976293
1780980337.597756,0.000999881,58316,6,466.583523
1780980337.597770,0.001999799,161586,13,646.408964
1780980337.597787,0.001002177,94582,7,755.012338
1780980337.597804,0.001000682,90238,7,721.411997
1780980337.597818,0.001002957,98926,7,789.074706
1780980337.597831,0.000994109,79970,5,643.551160
1780980337.597852,0.000999663,79970,5,639.975672
1780980337.597869,0.001010130,90172,6,714.141744
1780980337.597990,0.000989844,100308,6,810.697443
1780980337.598986,0.001000335,87210,5,697.446355
1780980337.599988,0.001001266,82800,4,661.562462
1780980337.600987,0.000999661,104586,5,836.971733
1780980337.601971,0.001000936,85696,4,684.926908
1780980337.602981,0.001012928,90106,5,711.647817
1780980337.603987,0.000985018,64372,10,522.808720
1780980337.604976,0.001003897,91686,7,730.640693
1780980337.606001,0.001005647,91686,7,729.369252
1780980337.606985,0.000990265,81484,6,658.280359
1780980337.607998,0.001000098,98860,6,790.802501
1780980337.608982,0.000999879,88724,6,709.877895
1780980337.609988,0.001000123,100308,6,802.365309
1780980337.610979,0.001005268,87276,6,694.549115
1780980337.611979,0.001007945,81418,5,646.209863
1780980337.612994,0.000998399,106100,6,850.161108
1780980337.613987,0.000988210,84314,5,682.559375
1780980337.614993,0.001008619,87144,4,691.194594
1780980337.616166,0.000992667,100242,5,807.860038
1780980337.618913,0.001002494,65490,5,522.616594
1780980337.618977,0.000997156,68584,8,550.236874
1780980337.619176,0.001011054,90238,7,714.011319
1780980337.619996,0.000992968,85894,7,692.018272
1780980337.621022,0.001002710,78588,6,627.004817
1780980337.622036,0.001007528,93068,6,738.980951
1780980337.623029,0.000985805,79970,5,648.972160
1780980337.623995,0.001000036,82866,5,662.904135
1780980337.624969,0.000999465,87276,6,698.581741
1780980337.626358,0.001006256,101756,6,808.986977
1780980337.626995,0.000994045,65424,4,526.527471
1780980337.628015,0.001003957,81352,4,648.250871
1780980337.628970,0.001006500,107548,6,854.827620
1780980337.629959,0.000989065,81352,4,658.011354
1780980337.630995,0.001012760,85696,4,676.930368
1780980337.632002,0.000987308,84248,4,682.648171
1780980337.632985,0.001009024,79904,4,633.515159
1780980337.633993,0.001004014,67136,8,534.940748
1780980337.635134,0.001001626,68452,6,546.727022
1780980337.636014,0.000986236,88790,7,720.233291
1780980337.636972,0.001011811,84380,6,667.160171
1780980337.637969,0.000987743,91686,7,742.589925
1780980337.639002,0.001001795,90106,5,719.556396
1780980337.639993,0.001006324,82866,5,658.761989
1780980337.641003,0.001000216,100308,6,802.290705
1780980337.642009,0.000999758,82866,5,663.088467
1780980337.643026,0.001002277,66938,5,534.287428
1780980337.643970,0.000989551,106100,6,857.762763
1780980337.644958,0.000999892,81352,4,650.886296
1780980337.645984,0.000999730,84248,4,674.166025
1780980337.646966,0.001001127,87144,4,696.367194
1780980337.649053,0.002002354,145724,14,582.210738
1780980337.650052,0.001011134,75692,6,598.868201
1780980337.651029,0.000996779,78588,6,630.735599
1780980337.651964,0.000994049,96030,7,772.839166
1780980337.652990,0.001000287,94516,6,755.911054
1780980337.653976,0.000994141,93068,6,748.931993
1780980337.655005,0.001010859,81418,5,644.347036
1780980337.656011,0.000998558,87210,5,698.687507
1780980337.657007,0.000993305,100242,5,807.341149
1780980337.658032,0.001005391,84314,5,670.895204
1780980337.659015,0.001000477,84314,5,674.190411
1780980337.659988,0.000997850,82800,4,663.827229
1780980337.660983,0.000997672,92936,4,745.222879
1780980337.661983,0.000996043,74112,4,595.251410
1780980337.687348,0.001001791,64306,9,513.528271
1780980337.716588,0.001007237,85894,7,682.214811
1780980337.731947,0.000991602,75692,6,610.664359
1780980337.740474,0.001011322,110576,8,874.704595
1780980337.751667,0.001001458,78588,6,627.788684
1780980337.751900,0.000995694,94516,6,759.397968
1780980337.753655,0.001001718,79970,5,638.662777
1780980337.780744,0.000996424,81418,5,653.681565
1780980337.824295,0.000993631,85762,5,690.493755
1780980337.843135,0.001000935,84380,6,674.409427
1780980337.843205,0.001000958,85762,5,685.439349
1780980337.843225,0.000997386,82800,4,664.136052
1780980337.843240,0.001012775,84248,4,665.482462
1780980337.843255,0.000986946,103138,5,836.017371
1780980337.843269,0.000999828,87144,4,697.271931
1780980337.843284,0.001001741,54104,8,432.079749
1780980337.843305,0.001010753,97478,7,771.527762
1780980337.843320,0.000993880,75692,6,609.264700
1780980337.843334,0.001004542,91686,7,730.171561
1780980337.843349,0.000991205,85828,6,692.716441
1780980337.843363,0.000999212,91620,6,733.538028
1780980337.843377,0.001006362,95964,6,762.858693
1780980337.843394,0.001004357,72730,5,579.315921
1780980337.843418,0.000988139,101756,6,823.819321
1780980337.843435,0.001000767,65424,4,522.990866
1780980337.843450,0.001002891,82800,4,660.490522
1780980337.843464,0.001005068,84248,4,670.585473
1780980337.843481,0.001002616,103138,5,822.951160
1780980337.843498,0.000989180,87144,4,704.777695
1780980337.843513,0.000999131,55486,7,444.274074
1780980337.843527,0.001000379,90238,7,721.630502
1780980337.843543,0.001008585,82998,7,658.332218
1780980337.843560,0.001004829,78588,6,625.682579
1780980337.843575,0.000995600,98860,6,794.375251
1780980337.843589,0.000999500,90172,6,721.736868
1780980337.843605,0.000991609,98860,6,797.572430
1780980337.843619,0.001010107,71282,5,564.550092
1780980337.843635,0.000995394,101756,6,817.814855
1780980337.843656,0.000996066,85762,5,688.805762
1780980337.843671,0.000998691,84248,4,674.867401
1780980337.843685,0.001005143,85696,4,682.060165
1780980337.843699,0.000996060,101690,5,816.737948
1780980337.843715,0.001002267,75692,6,604.166355
1780980337.843733,0.001004822,65622,7,522.456714
1780980337.843769,0.000997209,81484,6,653.696467
1780980337.843785,0.000995924,82998,7,666.701475
1780980337.843801,0.001012318,97478,7,770.335013
1780980337.843826,0.000989921,77074,5,622.869906
1780980337.843841,0.000996069,97412,6,782.371502
1780980337.843858,0.001000611,84314,5,674.100125
1780980337.843875,0.000999885,88724,6,709.873635
1780980337.843889,0.001007686,81418,5,646.375954
1780980337.843903,0.000992488,85828,6,691.820959
1780980337.843917,0.001000332,82800,4,662.180156
1780980337.843934,0.001012588,104652,6,826.808139
1780980337.843951,0.000989819,84248,4,680.916410
1780980337.843965,0.000999786,84248,4,674.128263
1780980337.843980,0.000998283,81352,4,651.935373
1780980337.843996,0.001000207,85696,4,685.426117
1780980337.844015,0.001999464,143092,18,572.521436
1780980337.844029,0.001005708,81418,5,647.647230
1780980337.844043,0.001000206,87342,7,698.592090
1780980337.844058,0.001007926,91686,7,727.720091
1780980337.844074,0.000985179,78588,6,638.162202
1780980337.844090,0.001005994,100374,7,798.207544
1780980337.844109,0.000996586,81418,5,653.575306
1780980337.844127,0.000999560,110510,7,884.469166
1780980337.844142,0.000997392,84314,5,676.275727
1780980337.844157,0.001001865,82866,5,661.693941
1780980337.844174,0.001000015,84314,5,674.501882
1780980337.844191,0.001007462,84314,5,669.516071
1780980337.844205,0.001000045,85696,4,685.537151
1780980337.844219,0.000993013,56868,6,458.145060
1780980337.844235,0.000997637,100374,7,804.893964
1780980337.844253,0.001000101,85894,7,687.082605
1780980337.844267,0.001012041,94582,7,747.653504
1780980337.844281,0.000995068,78522,5,631.289520
1780980337.844295,0.000995189,95964,6,771.423318
1780980337.844310,0.001008702,91620,6,726.636807
1780980337.844324,0.001002258,82866,5,661.434481
1780980337.844340,0.000988517,84314,5,682.347395
1780980337.844357,0.001005040,82866,5,659.603598
1780980337.844372,0.001004065,103204,6,822.289394
1780980337.844509,0.000992147,84248,4,679.318690
1780980337.844523,0.000997243,84248,4,675.847311
1780980337.844537,0.001010642,87144,4,689.811031
1780980337.844553,0.001002268,103138,5,823.236899
1780980337.844570,0.000988539,55552,8,449.568505
1780980337.844585,0.001001371,82932,6,662.547647
1780980337.844598,0.000997414,90172,6,723.246315
1780980337.844612,0.001011831,97412,6,770.183954
1780980337.844626,0.000987743,81418,5,659.426592
1780980337.844650,0.001004971,87276,6,694.754376
1780980337.844667,0.000997651,91554,5,734.156534
1780980337.844681,0.000999923,79970,5,639.809265
1780980337.844697,0.001000149,82800,4,662.301317
1780980337.844713,0.001008187,100308,6,795.947577
1780980337.844728,0.000991739,90106,5,726.852529
1780980337.844741,0.001010290,95832,4,758.847460
1780980337.844757,0.000999373,90106,5,721.300255
1780980337.844774,0.000987751,91488,4,740.980267
1780980337.844788,0.001008540,59764,6,474.063498
1780980337.844801,0.000998360,67202,9,538.499139
1780980337.844815,0.000994094,75692,6,609.133543
1780980337.844829,0.000999379,97544,8,780.836900
1780980337.844842,0.000999817,79970,5,639.877098
1780980337.844859,0.001013210,94516,6,746.269776
1780980337.844876,0.000991784,101756,6,820.791624
1780980337.844890,0.001003740,82932,6,660.983920
1780980337.844904,0.000994084,82866,5,666.873222
1780980337.844918,0.000997632,87210,5,699.336028
1780980337.844932,0.001010775,84314,5,667.321610
1780980337.844946,0.001001345,84248,4,673.078709
1780980337.844963,0.000987519,104586,5,847.262686
1780980337.844980,0.001001314,85696,4,684.668346
1780980337.844994,0.001004110,101690,5,810.190119
1780980337.845009,0.000993965,68386,5,550.409723
1780980337.845023,0.001002452,57132,10,455.938040
1780980337.845037,0.000998194,97544,8,781.763866
1780980337.845053,0.001000269,88790,7,710.128975
1780980337.845071,0.001009307,79970,5,633.860659
1780980337.845085,0.000990367,93068,6,751.785954
1780980337.845099,0.001012241,81418,5,643.467317
1780980337.845113,0.000987320,97412,6,789.304380
1780980337.845129,0.000999982,88724,6,709.804776
1780980337.845146,0.001003604,101690,5,810.598603
1780980337.845162,0.001000685,68386,5,546.713501
1780980337.845190,0.000999676,104586,5,836.959175
1780980337.845205,0.000996781,82800,4,664.539152
1780980337.845219,0.000999439,107482,5,860.338650
1780980337.845232,0.001001631,65490,5,523.066878
1780980337.845248,0.001006042,57000,8,453.261395
1780980337.845265,0.001000780,100440,8,802.893743
1780980337.845280,0.001002998,80036,6,638.374154
1780980337.845294,0.000999717,91620,6,733.167486
1780980337.845308,0.000990602,80036,6,646.362515
1780980337.845322,0.000999877,97412,6,779.391865
1780980337.845338,0.000998265,91620,6,734.233896
1780980337.845355,0.001002370,81418,5,649.803965
1780980337.845370,0.001998133,173038,11,692.798728
1780980337.845383,0.001006609,84248,4,669.558885
1780980337.845397,0.000993123,81352,4,655.322654
1780980337.845412,0.001011757,88592,4,700.500219
1780980337.845429,0.000992163,84314,5,679.839905
1780980337.845443,0.000999118,65622,7,525.439438
1780980337.845456,0.000999586,90238,7,722.202992
1780980337.845470,0.000997030,77140,6,618.958306
1780980337.845484,0.001015163,94582,7,745.354194
1780980337.845501,0.000994442,82932,6,667.164098
1780980337.845518,0.001003969,97412,6,776.215202
1780980337.845532,0.000997965,90172,6,722.846994
1780980337.845546,0.001000297,82866,5,662.731169
1780980337.845560,0.000988413,84314,5,682.419191
1780980337.845574,0.000999548,85828,6,686.934494
1780980337.845587,0.001003004,84248,4,671.965416
1780980337.845604,0.000998416,104586,5,838.015416
1780980337.845620,0.001004700,87144,4,693.890714
1780980337.845634,0.000994704,77008,4,619.344046
1780980337.845648,0.000999563,88658,5,709.574084
1780980337.845662,0.001008750,52854,11,419.164312
1780980337.845676,0.001005131,90172,6,717.693515
1780980337.845692,0.000987787,78588,6,636.477297
1780980337.845709,0.001001466,97478,7,778.682452
1780980337.845724,0.000998459,84380,6,676.081842
1780980337.845738,0.000999253,110510,7,884.740901
1780980337.845752,0.001001614,63976,4,510.983273
1780980337.845766,0.000997972,107614,7,862.661477
1780980337.845779,0.001008482,82866,5,657.352337
1780980337.845796,0.001003732,82800,4,659.937115
1780980337.845810,0.000998527,85762,5,687.108110
1780980337.845824,0.000998226,85696,4,686.786359
1780980337.845839,0.001003546,103138,5,822.188520
1780980337.845855,0.000987726,87144,4,705.815175
1780980337.845871,0.001013895,77008,4,607.621105
1780980337.845886,0.000992871,87144,4,702.157682
1780980337.845901,0.000993499,74310,7,598.370003
1780980337.845915,0.000998950,62990,11,504.449672
1780980337.845929,0.001008816,75692,6,600.244247
1780980337.845946,0.001005257,94648,8,753.224300
1780980337.845963,0.000992498,79970,5,644.595757
1780980337.845994,0.001000709,91620,6,732.440700
1780980337.846009,0.001004145,81484,6,649.181144
1780980337.847049,0.000991948,84314,5,679.987257
1780980337.848013,0.001006695,103270,7,820.665644
1780980337.849180,0.001002973,45086,3,359.618853
1780980337.849962,0.000988079,55156,2,446.571580
1780980337.851156,0.001008144,53708,2,426.193084
1780980337.852001,0.000994850,71216,4,572.677288
1780980337.852965,0.000997148,91488,4,733.997360
1780980337.853995,0.001003753,91488,4,729.167435
1780980337.855015,0.000994679,62462,3,502.369106
1780980337.855988,0.001005222,42494,3,338.185993
1780980337.856972,0.001007753,94318,3,748.739026
1780980337.857986,0.000996108,62462,3,501.648416
1780980337.859004,0.000991961,87144,4,702.801824
1780980337.860145,0.001000858,71150,3,568.712045
1780980337.860996,0.001012081,62396,2,493.209536
1780980337.862019,0.000992377,91422,3,736.994106
1780980337.863026,0.001003269,111760,4,891.166776
1780980337.864129,0.000990837,61014,3,492.625931
1780980337.865038,0.001000471,30804,6,246.315985
1780980337.866491,0.001006519,49562,5,393.927983
1780980337.867000,0.000992916,77140,6,621.522868
1780980337.868784,0.001003331,107680,8,858.580070
1780980337.868983,0.001008736,80036,6,634.742886
1780980337.870177,0.000996796,58408,4,468.765926
1780980337.871047,0.001005011,46534,3,370.415846
1780980337.872627,0.000994400,88592,4,712.727273
1780980337.873003,0.001003784,62462,3,497.812278
1780980337.873997,0.000999389,75560,4,604.849563
1780980337.874991,0.000990839,101690,5,821.041562
1780980337.876014,0.001008058,50812,2,403.246639
1780980337.876967,0.000989550,49760,8,402.283866
1780980337.877978,0.001006957,77140,6,612.856358
1780980337.879649,0.000996192,91686,7,736.291799
1780980337.880007,0.000997946,62594,5,501.782662
1780980337.881026,0.001000005,84446,7,675.564622
1780980337.882009,0.001000452,110510,7,883.680576
1780980337.883009,0.000999554,78522,5,628.456292
1780980337.884267,0.000999230,84314,5,675.031774
1780980337.884973,0.001012299,87276,6,689.725071
1780980337.885962,0.000996661,84314,5,676.771741
1780980337.887184,0.000990874,79904,4,645.119359
1780980337.888154,0.001000428,85828,6,686.330251
1780980337.888980,0.001006739,107482,5,854.100219
1780980337.890010,0.001000536,79904,4,638.889555
1780980337.891020,0.001000169,62462,3,499.611566
1780980337.891966,0.000992639,56604,2,456.190015
1780980337.892995,0.001000081,89974,3,719.733702
1780980337.893952,0.000999500,81352,4,651.141571
1780980337.895082,0.001006298,41072,8,326.519580
1780980337.896008,0.000993999,78522,5,631.968443
1780980337.897229,0.000999693,82998,7,664.187906
1780980337.897972,0.001005275,51392,4,408.978638
1780980337.899639,0.001007279,37780,2,300.055893
1780980337.899987,0.000987941,75626,5,612.392845
1780980337.900973,0.000998908,88790,7,711.096517
1780980337.901976,0.001000800,82866,5,662.398082
1780980337.902992,0.001007910,90172,6,715.714697
1780980337.904011,0.000993302,42124,2,339.264393
1780980337.905993,0.001006139,71150,3,565.727002
1780980337.906056,0.001006506,91554,5,727.697599
1780980337.907726,0.000986125,72598,3,588.955761
1780980337.907958,0.001001936,90040,4,718.928155
1780980337.908957,0.001000288,65358,3,522.713459
1780980337.909955,0.000997050,93002,5,746.217341
1780980337.910996,0.001000257,82800,4,662.229807
1780980337.912002,0.001012727,62686,3,495.185771
1780980337.913006,0.000990771,31922,1,257.754819
1780980337.914256,0.001003162,87078,3,694.428218
1780980337.915747,0.000993960,61014,3,491.078112
1780980337.916271,0.001013355,59962,9,473.374089
1780980337.916963,0.000990608,62528,4,504.966647
1780980337.917979,0.000995236,77074,5,619.543505
1780980337.919274,0.001000151,74178,5,593.334407
1780980337.920100,0.001003617,97544,8,777.539639
1780980337.920982,0.000997204,59632,4,478.393588
1780980337.922019,0.001010877,85828,6,679.235951
1780980337.922998,0.000988652,88724,6,717.939174
1780980337.923993,0.000999948,79970,5,639.793269
1780980337.924961,0.001001299,87210,5,696.774889
1780980337.925991,0.001010914,48048,4,380.234125
1780980337.926997,0.000990145,38070,3,307.591312
1780980337.928005,0.000999490,53906,5,431.468049
1780980337.928994,0.001001900,66938,5,534.488472
1780980337.929995,0.000996430,81484,6,654.207521
1780980337.931010,0.001009262,90172,6,714.755931
1780980337.932014,0.001003724,55288,4,440.662971
1780980337.932985,0.000997379,82866,5,664.670100
1780980337.933975,0.000993382,82866,5,667.344486
1780980337.934978,0.000996304,64042,5,514.236619
1780980337.935997,0.001003321,78456,4,625.570480
1780980337.936994,0.000997204,69768,4,559.708946
1780980337.938001,0.001002715,85696,4,683.711723
1780980337.939029,0.001006576,94516,6,751.188186
1780980337.939979,0.000990664,66806,3,539.484628
1780980337.940974,0.001001723,67162,5,536.371831
1780980337.941978,0.001002464,52260,2,417.052383
1780980337.943033,0.001003676,55222,3,440.157979
1780980337.944024,0.000992059,63910,3,515.372574
1780980337.945004,0.000999902,98794,5,790.429462
1780980337.945998,0.001005384,87144,4,693.418634
1780980337.946995,0.001004510,71216,4,567.170063
1780980337.947984,0.000994192,106034,5,853.227546
1780980337.948981,0.000995450,50812,2,408.354011
1780980337.950020,0.001012146,50812,2,401.617948
1780980337.951064,0.000987992,66806,3,540.943651
1780980337.951989,0.001002791,95766,3,763.995688
1780980337.952990,0.001000389,95832,4,766.357887
1780980337.954002,0.000998234,62396,2,500.051090
1780980337.954988,0.001005269,94542,3,752.371753
1780980337.955984,0.001002609,66740,2,532.530628
1780980337.956993,0.000996169,63910,3,513.246246
1780980337.958003,0.000995059,62396,2,501.646636
1780980337.959018,0.001008366,110312,4,875.174292
1780980337.960006,0.001000282,47916,2,383.219932
1780980337.960993,0.001001603,46732,6,373.257668
1780980337.961987,0.000990151,46600,4,376.508230
1780980337.962980,0.001003894,78522,5,625.739371
1780980337.963986,0.001008547,79970,5,634.338310
1780980337.964982,0.000996807,90106,5,723.157040
1780980337.965985,0.000990063,96030,7,775.950621
1780980337.966994,0.001007178,53774,3,427.126089
1780980337.967985,0.000992630,74112,4,597.298087
1780980337.968987,0.001010882,87144,4,689.647259
1780980337.969986,0.000989539,49654,3,401.431374
1780980337.970996,0.001013507,50878,3,401.599594
1780980337.971981,0.000986338,88592,4,718.552869
1780980337.972993,0.001007345,74112,4,588.572932
1780980337.974012,0.001005419,66872,4,532.092590
1780980337.975015,0.000997789,103138,5,826.932347
1780980337.976014,0.000995422,42124,2,338.541845
1780980337.976994,0.001004215,92936,4,740.367352
1780980337.977960,0.000989699,55222,3,446.374100
1780980337.978998,0.001009472,126372,6,1001.489888
1780980337.979960,0.000992821,66806,3,538.312546
1780980337.980998,0.000997481,48246,7,386.942709
1780980337.981996,0.001000565,78588,6,628.348983
1780980337.983014,0.000999629,78588,6,628.937336
1780980337.983993,0.001000071,81840,8,654.673518
1780980337.984987,0.001000230,43572,2,348.495846
1780980337.985965,0.001005876,84248,4,670.046805
1780980337.986984,0.000993137,84248,4,678.641517
1780980337.987971,0.001000362,81352,4,650.580490
1780980337.988997,0.001014557,62462,3,492.526295
1780980337.989992,0.000998845,87144,4,697.958142
1780980337.990999,0.000989292,39228,2,317.220800
1780980337.991995,0.000999371,62462,3,500.010507
1780980337.992965,0.000997706,82800,4,663.923039
1780980337.993953,0.001002008,106034,5,846.572083
1780980337.994983,0.001007470,59566,3,472.994729
1780980337.995991,0.001003147,98728,4,787.346221
1780980337.997016,0.000995106,62462,3,502.153539
1780980337.998010,0.001005372,97636,6,776.914416
1780980337.999003,0.001000501,31922,1,255.248121
1780980338.000003,0.000993238,59566,3,479.772220
1780980338.000978,0.000993705,69702,3,561.148429
1780980338.001977,0.001000626,91422,3,730.918445
1780980338.003031,0.001007639,87078,3,691.342832
1780980338.004024,0.001002085,37780,2,301.611141
1780980338.004980,0.001002477,95832,4,764.761685
1780980338.005994,0.000988869,62462,3,505.320725
1780980338.007012,0.000998681,85630,3,685.944761
1780980338.008013,0.001010535,65358,3,517.413053
1780980338.008992,0.000990644,84248,4,680.349349
1780980338.009977,0.000999469,60948,2,487.843045
1780980338.011028,0.001012184,113340,6,895.805506
1780980338.011991,0.000986641,61080,4,495.256127
1780980338.012979,0.001000005,49984,8,399.870001
1780980338.014043,0.001006391,34884,2,277.299777
1780980338.015036,0.000993979,62528,4,503.254093
1780980338.015987,0.001001957,81418,5,650.071809
1780980338.016975,0.001000637,82866,5,662.505984
1780980338.017976,0.000996760,75626,5,606.974598
1780980338.019008,0.001000613,90106,5,720.406391
1780980338.020022,0.001005590,69768,4,555.041319
1780980338.020999,0.000998450,87144,4,698.234263
1780980338.022019,0.000996786,75560,4,606.429063
1780980338.023005,0.001011746,88592,4,700.507835
1780980338.023959,0.000986642,62462,3,506.461310
1780980338.024957,0.000999882,71150,3,569.267174
1780980338.025979,0.001011618,71216,4,563.184918
1780980338.027020,0.000989109,90040,4,728.251386
1780980338.029054,0.002014906,93226,5,370.145307
1780980338.030005,0.000992453,87144,4,702.453416
1780980338.030998,0.000997179,61014,3,489.492859
1780980338.031967,0.001002350,104586,5,834.726393
1780980338.032958,0.000992719,63910,3,515.029933
1780980338.033982,0.001006019,87078,3,692.456107
1780980338.035061,0.001006545,31922,1,253.715432
1780980338.036024,0.001002274,85630,3,683.485753
1780980338.036985,0.000985685,69768,4,566.249867
1780980338.037991,0.000999886,95766,3,766.215349
1780980338.038965,0.001002485,91488,4,730.089727
1780980338.039985,0.001001892,87078,3,695.308476
1780980338.040964,0.001002506,43836,6,349.811373
1780980338.041989,0.001003428,59922,5,477.738313
1780980338.043029,0.000998932,56670,3,453.844706
1780980338.044002,0.000990486,63976,4,516.724113
1780980338.045021,0.001003014,81418,5,649.386748
1780980338.045991,0.000996966,61080,4,490.127045
1780980338.046993,0.001000440,71216,4,569.477430
1780980338.047973,0.000999407,97412,6,779.758397
1780980338.048983,0.000999711,68254,3,546.189849
1780980338.049969,0.001000650,87144,4,696.699146
1780980338.051021,0.001006743,75560,4,600.431292
1780980338.051996,0.000993281,58118,3,468.089091
1780980338.052989,0.001002988,91554,5,730.250013
1780980338.053987,0.001006592,72598,3,576.980544
1780980338.054991,0.000990929,87144,4,703.533755
1780980338.055963,0.001007868,71216,4,565.280374
1780980338.056968,0.000993372,69926,3,563.140495
1780980338.058005,0.001009189,60948,2,483.144386
1780980338.059015,0.000998395,62462,3,500.499301
1780980338.059975,0.000990483,95832,4,774.022371
1780980338.061013,0.001006041,92870,3,738.498729
1780980338.061969,0.000995021,62396,2,501.665794
1780980338.062975,0.000998784,43572,2,349.000384
1780980338.063962,0.001004148,95766,3,762.963229
1780980338.065005,0.001008284,91422,3,725.367059
1780980338.066041,0.000997600,62396,2,500.368885
1780980338.067007,0.000998488,108930,5,872.759613
1780980338.068009,0.000992095,49364,2,398.058654
1780980338.070018,0.002010655,113802,13,452.795731
1780980338.070999,0.000994340,55578,5,447.154897
1780980338.071999,0.000996061,56670,3,455.152847
1780980338.072995,0.000998615,84314,5,675.447495
1780980338.074006,0.001003377,84314,5,672.241839
1780980338.076038,0.001997365,148290,9,593.942519
1780980338.077030,0.001009081,88592,4,702.357888
1780980338.077955,0.000992936,75560,4,608.780425
1780980338.078997,0.001001659,88592,4,707.562154
1780980338.080006,0.001010173,62462,3,494.663785
1780980338.080995,0.000997386,79904,4,640.907332
1780980338.082031,0.000988493,82800,4,670.110967
1780980338.083015,0.001012461,85762,5,677.651781
1780980338.084007,0.000992878,81352,4,655.484360
1780980338.084985,0.000996043,33660,2,270.349774
1780980338.085962,0.000998538,49364,2,395.490207
1780980338.086984,0.001004407,94318,3,751.233315
1780980338.087966,0.000996920,62462,3,501.239819
1780980338.088999,0.001001174,92870,3,742.088788
1780980338.089994,0.001002703,95766,3,764.062738
1780980338.091019,0.001004015,91422,3,728.451268
1780980338.091988,0.000999229,60948,2,487.960217
1780980338.092990,0.000990939,55222,3,445.815535
1780980338.093988,0.001012004,62396,2,493.247062
1780980338.094986,0.000991081,95832,4,773.555340
1780980338.096015,0.000996940,91488,4,734.150501
1780980338.097001,0.001008832,110378,5,875.293409
1780980338.098004,0.000992509,36794,9,296.573633
1780980338.099023,0.001005249,59962,9,477.191223
1780980338.100011,0.000999049,35174,3,281.659859
1780980338.100960,0.000994447,52326,3,420.945510
1780980338.101954,0.000999637,72730,5,582.051285
1780980338.102994,0.001007118,93068,6,739.281792
1780980338.103994,0.000998895,64042,5,512.902758
1780980338.105041,0.000994216,93068,6,748.875496
1780980338.107054,0.002000569,181726,11,726.697255
1780980338.108012,0.001010150,88724,6,702.660001
1780980338.108973,0.000994531,42190,3,339.376048
1780980338.109992,0.001005978,82734,3,657.938842
1780980338.111008,0.000989063,77008,4,622.876399
1780980338.112057,0.000999671,74244,6,594.147475
1780980338.113003,0.001000479,72796,6,582.089179
1780980338.114082,0.000999892,58540,6,468.370584
1780980338.115035,0.001000314,62528,4,500.066979
1780980338.115996,0.001012137,77074,5,609.198162
1780980338.116960,0.000992329,78588,6,633.564070
1780980338.117974,0.000995877,94516,6,759.258422
1780980338.119018,0.001011583,62462,3,493.974296
1780980338.120006,0.001000615,85696,4,685.146635
1780980338.121002,0.000986909,88592,4,718.137133
1780980338.122102,0.000999958,75560,4,604.505389
1780980338.123032,0.001004720,72664,4,578.581097
1780980338.124022,0.001000591,62462,3,499.400854
1780980338.125061,0.001005209,90040,4,716.587297
1780980338.125994,0.000998079,84248,4,675.281215
1780980338.127017,0.000993838,71150,3,572.729157
1780980338.128013,0.001006283,42414,3,337.193414
1780980338.129989,0.002003312,149606,7,597.434648
1780980338.130994,0.000994702,111826,5,899.372878
1780980338.131989,0.000996557,52260,2,419.524423
1780980338.133026,0.001004688,62396,2,496.838820
1780980338.134008,0.000992185,124792,4,1006.199449
1780980338.135003,0.001002748,62462,3,498.326599
1780980338.135988,0.001000537,91422,3,730.983462
1780980338.136995,0.001006320,60948,2,484.521822
1780980338.137978,0.000989617,62396,2,504.405240
1780980338.139003,0.001007791,88526,3,702.733007
1780980338.140077,0.000992770,74310,7,598.809392
1780980338.141037,0.001008018,77272,8,613.258890
1780980338.142004,0.000998096,35174,3,281.928792
1780980338.143009,0.001005967,79970,5,635.965196
1780980338.144013,0.000993225,56736,4,456.984067
1780980338.144963,0.000995152,104718,7,841.825168
1780980338.146020,0.001000331,88724,6,709.557137
1780980338.147685,0.001010840,81418,5,644.359147
1780980338.148011,0.001003882,88724,6,707.047243
1780980338.149893,0.000990166,82866,5,669.511981
1780980338.150178,0.001006068,82866,5,658.929615
1780980338.151014,0.000988456,84314,5,682.389504
1780980338.152398,0.001000342,82800,4,662.173537
1780980338.152985,0.001001989,104586,5,835.027131
1780980338.153969,0.000998728,85696,4,686.441153
1780980338.155173,0.000998506,87144,4,698.195103
1780980338.156183,0.001000641,78654,7,628.828921
1780980338.157062,0.001003842,68716,10,547.624028
1780980338.157991,0.001000291,78522,5,627.993254
1780980338.159142,0.001003126,90172,6,719.128006
1780980338.160008,0.000994166,81484,6,655.697338
1780980338.161054,0.001002282,95964,6,765.964070
1780980338.161985,0.001001465,91620,6,731.887784
1780980338.162989,0.001007153,81418,5,646.718026
1780980338.163983,0.000987675,84314,5,682.929101
1780980338.165056,0.001009950,104718,7,829.490569
1780980338.166008,0.001004558,85762,5,682.982964
1780980338.167006,0.000985603,81352,4,660.322665
1780980338.168011,0.001001632,84248,4,672.885850
1780980338.168980,0.000997493,85696,4,687.291039
1780980338.170999,0.002009660,139800,12,556.512047
1780980338.172000,0.000993963,94648,8,761.782883
1780980338.173021,0.001005982,78588,6,624.965457
1780980338.174015,0.001002977,98860,6,788.532539
1780980338.175026,0.000988182,94516,6,765.170788
1780980338.176019,0.001006410,94516,6,751.312090
1780980338.176993,0.000997538,79970,5,641.338977
1780980338.177981,0.001010428,88724,6,702.466677
1780980338.178955,0.000984791,82800,4,672.630030
1780980338.180017,0.001001449,103138,5,823.910154
1780980338.180991,0.000999743,85762,5,686.272372
1780980338.182003,0.001006599,88592,4,704.089712
1780980338.182990,0.000993358,77008,4,620.183257
1780980338.183989,0.000999423,84248,4,674.373113
1780980338.184968,0.001003785,103138,5,821.992757
1780980338.185971,0.001004325,60028,10,478.155975
1780980338.187045,0.000998792,68650,9,549.864236
1780980338.187996,0.000993429,97544,8,785.513610
1780980338.188999,0.000999860,78588,6,628.792031
1780980338.190006,0.001007952,80102,7,635.760433
1780980338.191046,0.000996601,30540,2,245.153276
1780980338.192004,0.001003385,78456,4,625.530579
1780980338.192962,0.001001627,95964,6,766.464962
1780980338.194007,0.000993978,100308,6,807.325715
1780980338.195000,0.001007411,69834,5,554.562140
1780980338.196003,0.000989911,81352,4,657.449003
1780980338.196984,0.000999637,88658,5,709.521556
1780980338.198004,0.001004127,100242,5,798.640013
1780980338.199010,0.001001723,104586,5,835.248866
1780980338.202506,0.000993372,62462,3,503.030083
1780980338.202553,0.001009073,85696,4,679.403770
1780980338.202570,0.001004113,90040,4,717.369459
1780980338.202997,0.000994940,51274,9,412.278127
1780980338.203979,0.000995629,87276,6,701.273265
1780980338.205027,0.001008452,65556,6,520.052516
1780980338.206003,0.000988830,62528,4,505.874619
1780980338.207010,0.001000343,78588,6,628.488428
1780980338.207983,0.001000551,104652,6,836.754948
1780980338.208964,0.000998076,82932,6,664.734950
1780980338.209978,0.000999932,65424,4,523.427593
1780980338.211005,0.001003820,100308,6,799.410253
1780980338.211979,0.000996649,87276,6,700.555562
1780980338.212985,0.001000578,84314,5,674.122357
1780980338.215061,0.001999438,170010,9,680.231145
1780980338.215980,0.001001629,101690,5,812.196931
1780980338.216960,0.000999620,85696,4,685.828615
1780980338.217984,0.001008581,90040,4,714.191523
1780980338.219005,0.000989919,49760,8,402.133912
1780980338.220167,0.001009658,45086,3,357.237797
1780980338.221097,0.000990562,30540,2,246.647863
1780980338.222007,0.001000263,77074,5,616.429879
1780980338.223032,0.000999495,94516,6,756.510038
1780980338.223988,0.001006236,112024,8,890.637982
1780980338.225068,0.001007902,79970,5,634.744251
1780980338.226097,0.000987881,82866,5,671.060583
1780980338.227210,0.001002731,87276,6,696.306387
1780980338.228003,0.000996204,84314,5,677.082204
1780980338.228984,0.000998728,108996,6,873.078556
1780980338.229955,0.001001564,81352,4,649.799713
1780980338.231107,0.000998822,104586,5,837.674781
1780980338.232020,0.001009666,63910,3,506.385280
1780980338.232963,0.000991740,84512,8,681.727066
1780980338.242483,0.000998518,78654,7,630.165906
1780980338.242559,0.001004944,81550,7,649.190403
1780980338.242580,0.001006211,88724,6,705.410694
1780980338.242598,0.000988712,98992,8,800.977433
1780980338.242614,0.001002783,81418,5,649.536340
1780980338.242629,0.000997274,78522,5,629.893089
1780980338.242643,0.001008957,91620,6,726.453159
1780980338.242657,0.000990528,103204,6,833.527169
1780980338.242674,0.001004868,85828,6,683.297707
1780980338.242972,0.000995477,85762,5,689.213312
1780980338.244067,0.001000407,82800,4,662.130513
1780980338.244979,0.000999517,87144,4,697.488887
1780980338.246016,0.001011766,100242,5,792.610149
1780980338.247160,0.000989794,65490,5,529.322263
1780980338.247975,0.001001251,52656,8,420.721677
1780980338.248981,0.001003184,87342,7,696.518286
1780980338.249977,0.000998043,64042,5,513.340608
1780980338.251004,0.000998431,0,0,0.000000
1780980338.251993,0.000998412,91620,6,734.125792
1780980338.252982,0.001010415,81484,6,645.152734
1780980338.254073,0.000988469,100308,6,811.825156
1780980338.254988,0.001000090,75626,5,604.953554
1780980338.255995,0.001011162,94516,6,747.781266
1780980338.256989,0.000992167,79970,5,644.810803
1780980338.257976,0.001003516,87276,6,695.761702
1780980338.259004,0.001004566,107482,5,855.947743
1780980338.259996,0.000992513,79904,4,644.054033
1780980338.260997,0.001007174,85762,5,681.209007
1780980338.261974,0.000988735,84314,5,682.196949
1780980338.262999,0.001010559,68584,8,542.939106
1780980338.263991,0.000995278,88856,8,714.220549
1780980338.264969,0.000994226,77140,6,620.703945
1780980338.266000,0.001007187,97544,8,774.783630
1780980338.266978,0.000997245,78522,5,629.911406
1780980338.267993,0.000999465,97412,6,779.713147
1780980338.268992,0.000996131,91620,6,735.806837
1780980338.269988,0.000999919,100308,6,802.529005
1780980338.270989,0.001000600,69834,5,558.336998
1780980338.271986,0.000999512,106100,6,849.214417
1780980338.272994,0.001007762,81352,4,645.803275
1780980338.273992,0.000996660,87144,4,699.488291
1780980338.274972,0.000995506,100242,5,805.556169
1780980338.275996,0.001000276,85696,4,685.378835
1780980338.276989,0.001001933,87144,4,695.807005
1780980338.277979,0.001004792,75824,8,603.699074
1780980338.278998,0.000997772,69966,7,560.977859
1780980338.279979,0.000998004,75692,6,606.747067
1780980338.280997,0.001004262,93134,7,741.909980
1780980338.281985,0.000993084,81484,6,656.411744
1780980338.282987,0.001013974,97412,6,768.556196
1780980338.284000,0.000996949,90172,6,723.583654
1780980338.284994,0.000999243,98860,6,791.479150
1780980338.286000,0.001001161,82866,5,662.159233
1780980338.286985,0.000993990,90106,5,725.206491
1780980338.287991,0.000996188,82800,4,664.934731
1780980338.288985,0.000998522,104586,5,837.926455
1780980338.289988,0.001000028,84248,4,673.965129
1780980338.290984,0.001011914,106034,5,838.284676
1780980338.291974,0.000988154,71414,7,578.160894
1780980338.292979,0.001005457,51406,11,409.016000
1780980338.293987,0.000994581,91620,6,736.953551
1780980338.294998,0.001011557,96096,8,759.984855
1780980338.295995,0.001001790,93134,7,743.740704
1780980338.297001,0.000998639,94582,7,757.687212
1780980338.297989,0.000987655,78522,5,636.027763
1780980338.298995,0.001007187,85762,5,681.200214
1780980338.299975,0.000998195,109062,7,874.073703
1780980338.300992,0.000998263,84314,5,675.685666
1780980338.301988,0.000999173,85828,6,687.192308
1780980338.302973,0.000997252,82800,4,664.225291
1780980338.303994,0.001008731,106034,5,840.929842
1780980338.304974,0.000991171,66938,5,540.274080
1780980338.305985,0.001002671,75758,7,604.449515
1780980338.306984,0.001010837,100440,8,794.905608
1780980338.307978,0.000995658,84380,6,677.983806
1780980338.308971,0.000991037,106166,7,857.009375
1780980338.309964,0.000999696,79970,5,639.954546
1780980338.310995,0.001006491,91620,6,728.233039
1780980338.311984,0.000993906,97412,6,784.074148
1780980338.312992,0.001002969,65424,4,521.842649
1780980338.313991,0.001002311,87276,6,696.598162
1780980338.315053,0.001001438,103204,6,824.446446
1780980338.315971,0.000993423,84248,4,678.446140
1780980338.316998,0.001012073,84248,4,665.944057
1780980338.317981,0.000993075,85960,8,692.475392
1780980338.318993,0.000999630,82998,7,664.229765
1780980338.319983,0.001004474,90238,7,718.688587
1780980338.320971,0.000996263,97478,7,782.749134
1780980338.322991,0.001994114,177448,12,711.887084
1780980338.323984,0.001005831,93068,6,740.227732
1780980338.324993,0.000999940,81418,5,651.383083
1780980338.325976,0.001000548,104718,7,837.285168
1780980338.326973,0.001000535,81418,5,650.995717
1780980338.327979,0.001002089,87276,6,696.752484
1780980338.329007,0.000991506,84248,4,679.757863
1780980338.329985,0.000999523,103138,5,825.497762
1780980338.330996,0.001009741,84248,4,667.482057
1780980338.332074,0.000998286,68584,8,549.614038
1780980338.333018,0.000993171,84380,6,679.681545
1780980338.334002,0.001006793,90238,7,717.033194
1780980338.334972,0.000992210,81484,6,656.989952
1780980338.335973,0.001001616,93068,6,743.342758
1780980338.336993,0.001001008,95964,6,766.938926
1780980338.337991,0.001003067,91620,6,730.718885
1780980338.338971,0.000994410,100308,6,806.974990
1780980338.339977,0.001000608,87276,6,697.783747
1780980338.340971,0.000999918,106034,5,848.341564
1780980338.341977,0.001009999,81352,4,644.372915
1780980338.342999,0.001003226,87144,4,694.910220
1780980338.343992,0.000988224,100242,5,811.492131
1780980338.344988,0.000997879,87144,4,698.633802
1780980338.345972,0.001000096,60028,10,480.177903
1780980338.346992,0.001000528,90304,8,722.050757
1780980338.347987,0.001000815,80102,7,640.294160
1780980338.348998,0.001008601,97478,7,773.173931
1780980338.349986,0.000989779,90172,6,728.825324
1780980338.350994,0.001001335,97412,6,778.257027
1780980338.351986,0.000999011,81418,5,651.988817
1780980338.352989,0.000999832,90172,6,721.497212
1780980338.353979,0.000999958,104652,6,837.251165
1780980338.354996,0.001000516,85828,6,686.269885
1780980338.356007,0.001005934,84248,4,670.008172
1780980338.357001,0.000995815,81352,4,653.551111
1780980338.357980,0.001011099,108930,5,861.874060
1780980338.359002,0.000996996,78456,4,629.539136
1780980338.359986,0.000989402,87144,4,704.619558
1780980338.360981,0.000999937,61410,9,491.310953
1780980338.361973,0.001000888,78588,6,628.146206
1780980338.362981,0.001008332,88724,6,703.926881
1780980338.364088,0.000993082,82998,7,668.609440
1780980338.365001,0.001007996,94582,7,750.653772
1780980338.365958,0.000993483,95964,6,772.747999
1780980338.366987,0.000998347,79970,5,640.819274
1780980338.367975,0.000998359,88724,6,710.958683
1780980338.369024,0.001000816,103204,6,824.958834
1780980338.369979,0.001001005,78522,5,627.545317
1780980338.371075,0.001005391,91554,5,728.504632
1780980338.372004,0.001006023,81352,4,646.919603
1780980338.373030,0.000986922,67136,8,544.205114
1780980338.373980,0.001005853,72796,6,578.979235
1780980338.374989,0.000993744,71348,6,574.377304
1780980338.376013,0.001000878,106166,7,848.582944
1780980338.376991,0.001004665,81550,7,649.370686
1780980338.378016,0.000995300,97412,6,782.975987
1780980338.378981,0.001001036,79970,5,639.097895
1780980338.379992,0.000999983,91620,6,732.972461
1780980338.380983,0.001003265,81418,5,649.224283
1780980338.381979,0.000996140,87276,6,700.913526
1780980338.383008,0.001012193,84248,4,665.865107
1780980338.384008,0.000991419,84248,4,679.817514
1780980338.384987,0.000998393,81352,4,651.863545
1780980338.386000,0.000997320,84248,4,675.795131
1780980338.387053,0.001000974,87144,4,696.473635
1780980338.387989,0.001002400,78456,4,626.145251
1780980338.388992,0.001000675,61476,10,491.476254
1780980338.389963,0.000995646,85894,7,690.156943
1780980338.391028,0.001000091,106232,8,849.778670
1780980338.392002,0.001006037,80102,7,636.970608
1780980338.393001,0.000999266,62528,4,500.591434
1780980338.394000,0.000994816,66938,5,538.294519
1780980338.394990,0.001004370,95964,6,764.371696
1780980338.395983,0.001001222,106166,7,848.291388
1780980338.396967,0.000998328,65424,4,524.268577
1780980338.397992,0.001004991,85762,5,682.688701
1780980338.399005,0.000992900,85828,6,691.533891
1780980338.400013,0.001011201,103138,5,815.964383
1780980338.401011,0.000998537,84248,4,674.971483
1780980338.401978,0.000988681,85696,4,693.416785
1780980338.403007,0.001010869,62792,8,496.934815
1780980338.403987,0.000998586,75692,6,606.393440
1780980338.404958,0.000990106,82998,7,670.619105
1780980338.405961,0.001000329,94582,7,756.407142
1780980338.407045,0.001005382,79970,5,636.335244
1780980338.408002,0.000995139,94516,6,759.821492
1780980338.409006,0.001004610,82866,5,659.885926
1780980338.409999,0.000995068,91620,6,736.592876
1780980338.410993,0.001013327,82866,5,654.209352
1780980338.411983,0.000986979,85762,5,695.147516
1780980338.412981,0.001003025,82866,5,660.928691
1780980338.413968,0.001000642,85696,4,685.128148
1780980338.415037,0.001005950,81352,4,646.966549
1780980338.416025,0.000990395,61278,7,494.978266
1780980338.417037,0.000999705,77206,7,617.830260
1780980338.418043,0.001000071,65556,6,524.410767
1780980338.419000,0.001013718,90172,6,711.614078
1780980338.419976,0.000985356,100374,7,814.925773
1780980338.420981,0.001006152,97412,6,774.531085
1780980338.421984,0.001004235,72730,5,579.386299
1780980338.423023,0.000992644,101756,6,820.080512
1780980338.423980,0.000999226,81418,5,651.848531
1780980338.425018,0.001011530,104652,6,827.672931
1780980338.425996,0.000987770,66872,4,541.599765
1780980338.426993,0.000999703,104586,5,836.936570
1780980338.427979,0.000999534,87144,4,697.477024
1780980338.428979,0.001014381,78456,4,618.749760
1780980338.430016,0.000989099,65820,10,532.363292
1780980338.431013,0.001004892,75692,6,602.588139
1780980338.432015,0.001003698,88790,7,707.702915
1780980338.432978,0.000989255,85894,7,694.615645
1780980338.433987,0.000998151,109128,8,874.641212
1780980338.434970,0.001003003,66872,4,533.374277
1780980338.435971,0.000997567,91620,6,734.747641
1780980338.436977,0.001007463,82866,5,658.017218
1780980338.438011,0.000992577,110510,7,890.691604
1780980338.439022,0.001001604,79904,4,638.208314
1780980338.440021,0.001008442,84314,5,668.865438
1780980338.441002,0.000994959,82800,4,665.756076
1780980338.441973,0.000995558,88592,4,711.898252
1780980338.443007,0.001008644,100242,5,795.063471
1780980338.443959,0.000990075,71282,5,575.972527
1780980338.445007,0.001011317,58316,6,461.307384
1780980338.445999,0.000993777,82932,6,667.610540
1780980338.447033,0.001007460,96096,8,763.075457
1780980338.447997,0.000999922,77074,5,616.640098
1780980338.448984,0.000993419,94516,6,761.137043
1780980338.449962,0.000994922,79970,5,643.025282
1780980338.450981,0.001005305,84314,5,670.952596
1780980338.453069,0.001994595,190414,11,763.719953
1780980338.454017,0.001003892,82800,4,659.831934
1780980338.455033,0.001000902,82800,4,661.803054
1780980338.456014,0.001002150,84248,4,672.538043
1780980338.456970,0.001001428,106034,5,847.062395
1780980338.457983,0.000991396,64042,5,516.782396
1780980338.458974,0.000999978,54038,7,432.313511
1780980338.460036,0.001010259,97478,7,771.905026
1780980338.460985,0.000990999,77140,6,622.725149
1780980338.461984,0.001002796,77074,5,614.872816
1780980338.463035,0.001004499,78522,5,625.362494
1780980338.463968,0.000991675,94516,6,762.475609
1780980338.464964,0.001005276,98860,6,786.729217
1780980338.465958,0.000995207,81418,5,654.480927
1780980338.466990,0.000999162,90172,6,721.981020
1780980338.467988,0.001007551,82800,4,657.435703
1780980338.468980,0.000992592,84314,5,679.546077
1780980338.469962,0.001009649,106034,5,840.165246
1780980338.470995,0.000992087,63910,3,515.358028
1780980338.471978,0.000998353,106034,5,849.671409
1780980338.472978,0.001010626,51208,8,405.356680
1780980338.473981,0.000993686,84380,6,679.329285
1780980338.475002,0.001007391,17442,1,138.512256
1780980338.475999,0.000994248,88790,7,714.429398
1780980338.476998,0.001006412,109128,8,867.461835
1780980338.477980,0.000994717,82932,6,666.979654
1780980338.479001,0.001003455,77074,5,614.469010
1780980338.479992,0.000988653,91620,6,741.372352
1780980338.480986,0.001000151,79970,5,639.663411
1780980338.481983,0.000999864,87210,5,697.774897
1780980338.482990,0.001000275,103270,7,825.932868
1780980338.483989,0.001000086,84248,4,673.926042
1780980338.484994,0.001008076,104586,5,829.985041
1780980338.485973,0.000991883,87144,4,702.857091
1780980338.487001,0.001010890,78456,4,620.886546
1780980338.487972,0.000989202,65886,11,532.841624
1780980338.489019,0.001009182,93068,6,737.769798
1780980338.489992,0.001002630,90238,7,720.010373
1780980338.491118,0.000988272,81550,7,660.142147
1780980338.491988,0.000999710,94516,6,756.347341
1780980338.493002,0.001011222,94516,6,747.736897
1780980338.493985,0.000995051,84314,5,677.866763
1780980338.495991,0.001993828,191928,12,770.088493
1780980338.496987,0.001000377,82800,4,662.150369
1780980338.498002,0.001013706,106034,5,836.802781
1780980338.498991,0.000985713,81352,4,660.248977
1780980338.499975,0.001005008,90040,4,716.730613
1780980338.500978,0.000994784,91620,6,736.803165
1780980338.502010,0.001009141,59896,8,474.827601
1780980338.503010,0.000991725,88724,6,715.714538
1780980338.503974,0.001012087,94582,7,747.619523
1780980338.504998,0.000997708,98860,6,792.696861
1780980338.506001,0.001001667,93068,6,743.304911
1780980338.507001,0.001001572,90172,6,720.243777
1780980338.507993,0.000994215,82866,5,666.785353
1780980338.508994,0.001000088,88592,4,708.673637
1780980338.509983,0.001004248,90040,4,717.273024
1780980338.511002,0.000997711,97346,5,780.554690
1780980338.511995,0.000993331,84248,4,678.508976
1780980338.512992,0.001001759,103138,5,823.655191
1780980338.513973,0.000996907,52656,8,422.554962
1780980338.514984,0.001006183,75692,6,601.814978
1780980338.515962,0.000999854,91686,7,733.595105
1780980338.516972,0.000992039,96030,7,774.405039
1780980338.517982,0.001010954,93134,7,736.998914
1780980338.518982,0.000999724,94516,6,756.336749
1780980338.519964,0.000996330,82866,5,665.369908
1780980338.520988,0.001004146,104718,7,834.285054
1780980338.521972,0.000993653,84314,5,678.820474
1780980338.522990,0.000995390,100242,5,805.650047
1780980338.523973,0.000999419,87276,6,698.613895
1780980338.525000,0.001012929,82800,4,653.945143
1780980338.525974,0.000992936,104586,5,842.640412
1780980338.526970,0.000995123,85696,4,688.927901
1780980338.527960,0.001009291,68518,7,543.098076
1780980338.529966,0.001990064,165864,12,666.768506
1780980338.530974,0.001003954,97544,8,777.278640
1780980338.532058,0.000997164,95964,6,769.895423
1780980338.532984,0.001003237,91620,6,730.595064
1780980338.533998,0.001004793,79970,5,636.708257
1780980338.534993,0.000997945,81418,5,652.685268
1780980338.535980,0.000996896,88658,5,711.472410
1780980338.536978,0.001008428,85762,5,680.361910
1780980338.537977,0.000995780,101690,5,816.967603
1780980338.538992,0.000992022,87144,4,702.758608
1780980338.539973,0.001000785,84248,4,673.455338
1780980338.540971,0.000998927,84512,8,676.822230
1780980338.541986,0.001008471,58448,8,463.656367
1780980338.542978,0.000995224,93200,8,749.178074
1780980338.543976,0.001003149,91686,7,731.185497
1780980338.544978,0.001001312,81550,7,651.545173
1780980338.545982,0.000994005,94582,7,761.219511
1780980338.546990,0.001012375,94516,6,746.885294
1780980338.547973,0.000985744,82866,5,672.515379
1780980338.548981,0.001012622,87210,5,688.983648
1780980338.549973,0.000987102,84380,6,683.860432
1780980338.550984,0.001010780,101756,6,805.366153
1780980338.551975,0.000995141,87210,5,701.086580
1780980338.552985,0.001006043,82800,4,658.421161
1780980338.553984,0.001000357,106034,5,847.969275
1780980338.554976,0.000991851,42586,9,343.487076
1780980338.556990,0.002008390,183372,14,730.423872
1780980338.557976,0.000987754,81550,7,660.488340
1780980338.558993,0.001004421,93068,6,741.266859
1780980338.559986,0.000996125,96030,7,771.228510
1780980338.560995,0.001010154,81418,5,644.796734
1780980338.561971,0.000988940,90172,6,729.443647
1780980338.562997,0.001008424,84314,5,668.877377
1780980338.563974,0.000998209,103204,6,827.113360
1780980338.564992,0.000993668,84248,4,678.278862
1780980338.565987,0.001000499,103138,5,824.692478
1780980338.566991,0.001003451,84248,4,671.666080
1780980338.567999,0.001003455,88592,4,706.295748
1780980338.568980,0.001000884,67136,8,536.613634
1780980338.569989,0.000995960,88790,7,713.201333
1780980338.570974,0.000999365,77140,6,617.512120
1780980338.571987,0.000996364,96030,7,771.043514
1780980338.573002,0.001012523,94516,6,746.776123
1780980338.573992,0.000988977,78522,5,635.177562
1780980338.574978,0.001007614,95898,5,761.386801
1780980338.576070,0.000990920,84314,5,680.692690
1780980338.576982,0.001002843,63910,3,509.830552
1780980338.577992,0.001010174,79904,4,632.793954
1780980338.578980,0.000994342,85828,6,690.531025
1780980338.579980,0.001002779,85762,5,684.194623
1780980338.580950,0.000989722,81352,4,657.574551
1780980338.581989,0.001015133,107482,5,847.037777
1780980338.582985,0.000985025,79904,4,648.950027
1780980338.583962,0.001007738,64240,8,509.973823
1780980338.584988,0.000992512,90238,7,727.350400
1780980338.585967,0.001010540,81484,6,645.072931
1780980338.586976,0.000995371,96030,7,771.812721
1780980338.587992,0.001001139,81418,5,650.602963
1780980338.588991,0.000998085,88724,6,711.153860
1780980338.589954,0.000994512,81418,5,654.938301
1780980338.590990,0.001000490,97412,6,778.914332
1780980338.591995,0.001009558,91554,5,725.497693
1780980338.592990,0.000993426,84314,5,678.975585
1780980338.593973,0.000998368,103138,5,826.452771
1780980338.596002,0.002001495,167048,8,667.692900
1780980338.596982,0.000999834,87276,6,698.323922
1780980338.597982,0.000996703,60094,11,482.342283
1780980338.598987,0.001000175,85894,7,687.031769
1780980338.599984,0.000999848,100440,8,803.642154
1780980338.600999,0.001013657,80036,6,631.661400
1780980338.601956,0.000986118,93068,6,755.025261
1780980338.602995,0.001003251,95964,6,765.224256
1780980338.604200,0.001008004,82866,5,657.664057
1780980338.605567,0.000989564,46534,3,376.198002
1780980338.607085,0.002001056,149738,9,598.635920
1780980338.608143,0.001006240,100308,6,797.487677
1780980338.608986,0.001004707,87210,5,694.411406
1780980338.609972,0.000987334,84314,5,683.164967
1780980338.611004,0.001009182,87144,4,690.808992
1780980338.612007,0.000997885,100242,5,803.635689
1780980338.613174,0.000999307,58382,7,467.379894
1780980338.614004,0.001002134,65622,7,523.858087
1780980338.614996,0.000992466,87276,6,703.508231
1780980338.615978,0.001001034,82998,7,663.298150
1780980338.616972,0.001008139,91620,6,727.042600
1780980338.617990,0.001002066,68386,5,545.960047
1780980338.619099,0.000999906,84314,5,674.575410
1780980338.619995,0.000988985,68386,5,553.181292
1780980338.621032,0.001003742,100242,5,798.946343
1780980338.621968,0.000996537,84314,5,676.855952
1780980338.623010,0.001002424,85828,6,684.963648
1780980338.623984,0.000998927,87144,4,697.900848
1780980338.624978,0.000998846,100242,5,802.862503
1780980338.625970,0.001010835,68386,5,541.223840
1780980338.626996,0.000996856,74376,8,596.884605
1780980338.627990,0.000990884,88790,7,716.854849
1780980338.628982,0.001005403,90238,7,718.024514
1780980338.630006,0.001007885,85828,6,681.252325
1780980338.630978,0.000996919,107614,7,863.572667
1780980338.631980,0.001002592,81418,5,649.660081
1780980338.632980,0.000996082,93068,6,747.472598
1780980338.633996,0.000995913,81418,5,654.016967
1780980338.634986,0.000994986,85828,6,690.084082
1780980338.635985,0.001000447,106034,5,847.892992
1780980338.636972,0.001000042,79904,4,639.205153
1780980338.638002,0.001010838,85762,5,678.739818
1780980338.638992,0.000995094,103138,5,829.171917
1780980338.639970,0.000993630,87144,4,701.621328
1780980338.640953,0.001005094,80234,9,638.618875
1780980338.641983,0.000999467,64240,8,514.194065
1780980338.642988,0.000997203,85894,7,689.079355
1780980338.643991,0.000998177,94582,7,758.037903
1780980338.645013,0.001014218,93068,6,734.106474
1780980338.645999,0.000986757,79970,5,648.346047
1780980338.647031,0.001010786,79970,5,632.933183
1780980338.648058,0.000988736,90172,6,729.594148
1780980338.649083,0.001006430,101690,5,808.322486
1780980338.650030,0.000998461,79970,5,640.746108
1780980338.650982,0.000996150,90172,6,724.164032
1780980338.651975,0.001010475,103138,5,816.550632
1780980338.653018,0.000998211,85696,4,686.796679
1780980338.654003,0.000997580,82800,4,664.006897
1780980338.655028,0.000999505,81352,4,651.138313
1780980338.656096,0.001004433,67268,10,535.768936
1780980338.657028,0.000989680,78588,6,635.259882
1780980338.658003,0.001006268,109062,7,867.061260
1780980338.659067,0.001007400,81418,5,646.559460
1780980338.660028,0.000997310,95964,6,769.782716
1780980338.660995,0.000998197,72730,5,582.890952
1780980338.662056,0.000990166,103204,6,833.831903
1780980338.662986,0.000999638,84380,6,675.284453
1780980338.663998,0.001013065,101756,6,803.549624
1780980338.664978,0.000995594,85762,5,689.132317
1780980338.665967,0.000991026,64174,7,518.040899
1780980338.666979,0.001004976,88790,7,706.802949
1780980338.667974,0.001001631,94648,8,755.951044
1780980338.668971,0.000993272,98992,8,797.300236
1780980338.669987,0.001002176,93068,6,742.927390
1780980338.670998,0.001009336,95964,6,760.610936
1780980338.671989,0.000992932,82866,5,667.646928
1780980338.672997,0.001007510,90172,6,715.998849
1780980338.673960,0.000992060,87210,5,703.263915
1780980338.674990,0.000999105,100242,5,802.654376
1780980338.676162,0.000997562,66872,4,536.283459
1780980338.677062,0.001000060,101690,5,813.471192
1780980338.678123,0.001013996,84248,4,664.681123
1780980338.679025,0.000985633,85960,8,697.703912
1780980338.680194,0.001011921,61146,5,483.405325
1780980338.680996,0.000999905,82998,7,664.047084
1780980338.681993,0.000992258,91686,7,739.210971
1780980338.683024,0.000997094,81484,6,653.771861
1780980338.683999,0.001001746,110510,7,882.539087
1780980338.685015,0.001006633,82866,5,658.559773
1780980338.685961,0.000990278,71282,5,575.854457
1780980338.686999,0.001014708,101756,6,802.248529
1780980338.688010,0.000990672,82866,5,669.170018
1780980338.689000,0.001000908,87276,6,697.574602
1780980338.689992,0.000996977,82800,4,664.408507
1780980338.692180,0.002000908,163034,13,651.840065
1780980338.692980,0.001001853,90172,6,720.041763
1780980338.693956,0.000996829,82998,7,666.096191
1780980338.695240,0.001001386,77140,6,616.265856
1780980338.696169,0.000997776,96030,7,769.952374
1780980338.696996,0.000999860,94516,6,756.233873
1780980338.698120,0.000998644,82866,5,663.828151
1780980338.699042,0.001000732,81418,5,650.867565
1780980338.700013,0.001002256,88724,6,708.194314
1780980338.700973,0.001007964,81418,5,646.197682
1780980338.701959,0.000988845,85762,5,693.835738
1780980338.703242,0.001009833,84248,4,667.421247
1780980338.704110,0.000991032,85696,4,691.771810
1780980338.704968,0.000999698,79904,4,639.425106
1780980338.706002,0.001004330,84248,4,671.078231
1780980338.707010,0.000997660,57132,10,458.128020
1780980338.707987,0.001004186,75758,7,603.537592
1780980338.708971,0.001000172,90238,7,721.779854
1780980338.709957,0.000992778,87342,7,703.818981
1780980338.711013,0.001011140,79970,5,632.711593
1780980338.712159,0.000997067,93068,6,746.734171
1780980338.712994,0.000998299,85762,5,687.265038
1780980338.713981,0.000994111,77008,4,619.713493
1780980338.715043,0.001011265,85762,5,678.453224
1780980338.715959,0.000989670,88724,6,717.200683
1780980338.716977,0.001006291,78456,4,623.724151
1780980338.717976,0.000995522,84314,5,677.546051
1780980338.718973,0.001004738,84248,4,670.805722
1780980338.720022,0.001001239,103138,5,824.082961
1780980338.720993,0.000995113,59764,6,480.460008
1780980338.722020,0.000996554,84512,8,678.433883
1780980338.723023,0.001008501,78588,6,623.404439
1780980338.723995,0.000991252,80036,6,645.938671
1780980338.724990,0.001013096,94582,7,746.874926
1780980338.725994,0.000986537,101756,6,825.157090
1780980338.727005,0.001003411,71282,5,568.317469
1780980338.727991,0.000997609,98860,6,792.775526
1780980338.730637,0.001000725,74046,3,591.938844
1780980338.730700,0.001009217,77074,5,610.960775
1780980338.734490,0.000995477,61014,3,490.329762
1780980338.734564,0.001006182,93002,5,739.444753
1780980338.734585,0.000988129,95898,5,776.400652
1780980338.734601,0.001000417,62462,3,499.487714
1780980338.738535,0.001005617,31922,1,253.949565
1780980338.738596,0.000993690,63844,2,513.995310
1780980338.738613,0.001001377,58668,2,468.698602
1780980338.738628,0.001002878,63910,3,509.812759
1780980338.739009,0.001002962,91422,3,729.216062
1780980338.739984,0.000992807,90106,5,726.070626
1780980338.741008,0.000999617,38044,6,304.468611
1780980338.741983,0.001006761,49496,4,393.308839
1780980338.743010,0.000997081,79970,5,641.632927
1780980338.743980,0.000996186,77074,5,618.952686
1780980338.744987,0.001000584,85762,5,685.695554
1780980338.745979,0.001000151,72730,5,581.752155
1780980338.747018,0.001008407,77008,4,610.927929
1780980338.748005,0.000991069,100308,6,809.695390
1780980338.748982,0.001004641,59632,4,474.852211
1780980338.749965,0.001004839,90172,6,717.902072
1780980338.750997,0.001001935,49654,3,396.464841
1780980338.751982,0.000992917,55156,2,444.395654
1780980338.753010,0.000998278,55156,2,442.009140
1780980338.754008,0.000997468,69768,4,559.560808
1780980338.754993,0.001000356,91488,4,731.643535
1780980338.755976,0.001002844,88592,4,706.726071
1780980338.756978,0.001006989,66806,3,530.738667
1780980338.757955,0.000991141,63910,3,515.849914
1780980338.758985,0.000998109,62396,2,500.113715
1780980338.759994,0.001000450,95832,4,766.311160
1780980338.760995,0.001006472,62396,2,495.958159
1780980338.761972,0.000993004,91422,3,736.528755
1780980338.763001,0.001000854,95832,4,766.001834
1780980338.764030,0.001012422,76942,3,607.983627
1780980338.764978,0.000987401,75784,4,614.007885
1780980338.765982,0.000999491,33370,1,267.095952
1780980338.766994,0.001009746,68254,3,540.761736
1780980338.767998,0.000990527,62396,2,503.941841
1780980338.768999,0.001003011,91422,3,729.180438
1780980338.770019,0.000997222,95766,3,768.262232
1780980338.770995,0.001004404,62396,2,496.979303
1780980338.771980,0.000997084,62396,2,500.627831
1780980338.772975,0.001004884,66806,3,531.850442
1780980338.773959,0.000996227,68254,3,548.099981
1780980338.776015,0.002003251,158228,6,631.884871
1780980338.776995,0.000993924,54038,7,434.946736
1780980338.779040,0.002000171,157110,11,628.386273
1780980338.780001,0.001010267,73086,7,578.746015
1780980338.780978,0.000997762,42190,3,338.277064
1780980338.781963,0.000995169,84248,4,677.255823
1780980338.782984,0.000995938,77008,4,618.576658
1780980338.783985,0.001001982,72664,4,580.162119
1780980338.785002,0.001001917,78456,4,626.447101
1780980338.785987,0.000996628,87144,4,699.510750
1780980338.787026,0.000999937,90040,4,720.365383
1780980338.787971,0.001000619,72664,4,580.952390
1780980338.788971,0.001006680,36332,2,288.727302
1780980338.789958,0.000995663,81352,4,653.650884
1780980338.790983,0.001003071,101624,4,810.502945
1780980338.791991,0.000993361,62462,3,503.035654
1780980338.792979,0.001001108,97346,5,777.906080
1780980338.794020,0.001011427,68544,4,542.156775
1780980338.795036,0.001004602,60948,2,485.350417
1780980338.796006,0.000983919,33436,2,271.859777
1780980338.796963,0.001004824,88526,3,704.808006
1780980338.797957,0.000994354,66872,4,538.013625
1780980338.798992,0.001001105,113208,4,904.664346
1780980338.799995,0.000999675,37780,2,302.338260
1780980338.801009,0.001008160,51274,9,406.871925
1780980338.819931,0.000992351,71282,5,574.651509
1780980338.820210,0.001007964,88790,7,704.707708
1780980338.820324,0.000991425,81484,6,657.510150
1780980338.820402,0.000999451,84314,5,674.882510
1780980338.820481,0.001000123,93068,6,744.452432
1780980338.822466,0.001012830,90172,6,712.237987
1780980338.822595,0.000987467,82866,5,671.341928
1780980338.822632,0.001000453,85762,5,685.785339
1780980338.822652,0.000999583,82932,6,663.732777
1780980338.822669,0.001013735,91554,5,722.508348
1780980338.822684,0.000999694,97346,5,779.006376
1780980338.822699,0.000995404,65358,3,525.278179
1780980338.822714,0.000991353,101690,5,820.615865
1780980338.822728,0.001003497,62462,3,497.954653
1780980338.822746,0.001006283,78918,11,627.402033
1780980338.822765,0.000996853,66938,5,537.194551
1780980338.822780,0.000997671,88724,6,711.448965
1780980338.822795,0.001003149,97478,7,777.376043
1780980338.822809,0.000992860,46534,3,374.949137
1780980338.822851,0.001000880,21786,1,174.134761
1780980338.822870,0.001006047,68254,3,542.749991
1780980338.822987,0.001000381,39676,2,317.287114
1780980338.825040,0.001998630,133612,6,534.814348
1780980338.825995,0.000996210,78456,4,630.035836
1780980338.826995,0.001001532,106034,5,846.974435
1780980338.828007,0.000998975,56670,3,453.825171
1780980338.829002,0.000998269,58052,2,465.221298
1780980338.829979,0.001004562,66872,4,532.546523
1780980338.830995,0.000993361,111826,5,900.586997
1780980338.832005,0.001000929,75494,3,603.391449
1780980338.832996,0.001006463,62396,2,495.962594
1780980338.833982,0.000993705,62396,2,502.330168
1780980338.835004,0.000999479,117618,5,941.434487
1780980338.836004,0.001001822,93002,5,742.662868
1780980338.836965,0.001001596,7662,3,61.198327
1780980338.838003,0.001003012,47982,3,382.703298
1780980338.838993,0.000994495,29092,2,234.024304
1780980338.840002,0.001010598,90238,7,714.333494
1780980338.840989,0.000990337,97478,7,787.432965
1780980338.842018,0.001007191,80102,7,636.240792
1780980338.842991,0.001001320,79970,5,638.916630
1780980338.843970,0.000993913,111958,7,901.149296
1780980338.844960,0.000999223,59632,4,477.426961
1780980338.845990,0.000998558,65424,4,524.147821
1780980338.846981,0.000998048,81352,4,652.088877
1780980338.848015,0.001004265,71216,4,567.308430
1780980338.849017,0.000995587,97412,6,782.750277
1780980338.850002,0.001000192,82800,4,662.272844
1780980338.851021,0.001000637,58342,3,466.438878
1780980338.851977,0.000999125,62462,3,500.133617
1780980338.852996,0.001013265,94318,3,744.666005
1780980338.854004,0.000991136,79904,4,644.948826
1780980338.855023,0.001004005,43638,3,347.711416
1780980338.855982,0.000991458,64306,9,518.880275
1780980338.856990,0.001004904,91686,7,729.908529
1780980338.857971,0.000995082,82998,7,667.265612
1780980338.858998,0.001010116,95964,6,760.023601
1780980338.859975,0.000990549,75626,5,610.780486
1780980338.860957,0.000999356,97412,6,779.798190
1780980338.861964,0.001007085,81418,5,646.761693
1780980338.863037,0.001003264,90172,6,719.029089
1780980338.863981,0.000990066,82866,5,669.579604
1780980338.864957,0.000999735,85762,5,686.277864
1780980338.865948,0.001001883,107482,5,858.239934
1780980338.867017,0.000997755,79904,4,640.670305
1780980338.867987,0.001012985,87276,6,689.257985
1780980338.868980,0.000997763,71480,8,573.122074
1780980338.869953,0.000989410,87276,6,705.681164
1780980338.870986,0.001008642,85894,7,681.264512
1780980338.871993,0.000993513,93068,6,749.405393
1780980338.872969,0.001001054,96030,7,767.431128
1780980338.873975,0.001002382,95964,6,765.887656
1780980338.874999,0.001005785,91620,6,728.744215
1780980338.875991,0.000992681,79970,5,644.476927
1780980338.876997,0.001007278,90106,5,715.639575
1780980338.877988,0.000988287,103204,6,835.417242
1780980338.878986,0.001013259,84248,4,665.164583
1780980338.880027,0.000991609,62462,3,503.924430
1780980338.881187,0.001007980,85696,4,680.140479
1780980338.882577,0.000995180,61014,3,490.476095
1780980338.882984,0.000999175,85696,4,686.134061
1780980338.883993,0.001005369,103138,5,820.697674
1780980338.884980,0.000987971,49694,7,402.392378
1780980338.886103,0.001001219,39360,4,314.496629
1780980338.887014,0.001002239,69768,4,556.897107
1780980338.888018,0.000996414,87342,7,701.250685
1780980338.888983,0.001001384,68386,5,546.331877
1780980338.889965,0.001004360,90172,6,718.244454
1780980338.890994,0.001001980,93068,6,743.072716
1780980338.891990,0.000995926,84314,5,677.271203
1780980338.893010,0.000996806,87276,6,700.445222
1780980338.893993,0.001007202,81418,5,646.686563
1780980338.895025,0.001004888,81418,5,648.175717
1780980338.896003,0.000996014,111892,6,898.718291
1780980338.896991,0.000993493,82800,4,666.738467
1780980338.897959,0.000998866,79904,4,639.957712
1780980338.898995,0.001011389,64042,5,506.566712
1780980338.899996,0.000995154,62660,6,503.721032
1780980338.900978,0.000992890,91686,7,738.740445
1780980338.901998,0.001003914,96030,7,765.244832
1780980338.903012,0.001006303,97412,6,774.414863
1780980338.903989,0.000993168,90172,6,726.338344
1780980338.904967,0.000996500,82866,5,665.256397
1780980338.905965,0.001004013,84314,5,671.816002
1780980338.906993,0.001008017,81418,5,646.163706
1780980338.907969,0.000987595,103270,7,836.537245
1780980338.909012,0.001006829,85762,5,681.442430
1780980338.910086,0.000997342,82800,4,664.165352
1780980338.911014,0.001000282,66806,3,534.297328
1780980338.911995,0.000996111,100242,5,805.066905
1780980338.912992,0.001008072,87210,5,692.093422
1780980338.913984,0.001001220,57066,9,455.971715
1780980338.915012,0.001002481,90172,6,719.590695
1780980338.916152,0.000988800,82932,6,670.970874
1780980338.916978,0.000998866,77074,5,617.292009
1780980338.917959,0.001010199,85762,5,679.169154
1780980338.918999,0.000992748,87276,6,703.308392
1780980338.919965,0.001007306,100308,6,796.643721
1780980338.920970,0.000989631,87276,6,705.523574
1780980338.921987,0.001001962,104652,6,835.576599
1780980338.922987,0.000997858,82866,5,664.351040
1780980338.924980,0.002003159,187386,9,748.361962
1780980338.925998,0.000997252,84248,4,675.841212
1780980338.926976,0.001002373,83064,8,662.938846
1780980338.927965,0.001006669,67004,6,532.480885
1780980338.928976,0.001000114,82998,7,663.908314
1780980338.929976,0.000993478,91686,7,738.303214
1780980338.930990,0.000997381,96096,8,770.786690
1780980338.931976,0.001003797,97412,6,776.348206
1780980338.932991,0.000995953,90172,6,724.307272
1780980338.933980,0.001005916,81418,5,647.513311
1780980338.934995,0.001000292,101690,5,813.282522
1780980338.936009,0.000998742,87210,5,698.558787
1780980338.937010,0.000995307,88592,4,712.077781
1780980338.937984,0.001010419,98794,5,782.202235
1780980338.939004,0.001001985,65424,4,522.355125
1780980338.939986,0.000987504,101690,5,823.814385
1780980338.941036,0.001010283,72928,8,577.485714
1780980338.941996,0.000996396,68386,5,549.066837
1780980338.942978,0.000993255,80036,6,644.636070
1780980338.944000,0.001012282,93134,7,736.032054
1780980338.944989,0.000987348,93134,7,754.619445
1780980338.945997,0.001012333,94450,5,746.394714
1780980338.946988,0.000988085,98860,6,800.416968
1780980338.947986,0.000999652,81418,5,651.570747
1780980338.948977,0.001000057,90172,6,721.334884
1780980338.950004,0.001011375,101690,5,804.370288
1780980338.951040,0.000995768,85762,5,689.011898
1780980338.952101,0.000995548,90106,5,724.071567
1780980338.953035,0.001006764,70164,10,557.540794
1780980338.954044,0.000991178,104718,7,845.200358
1780980338.955063,0.001005160,91686,7,729.722631
1780980338.956024,0.001004841,97544,8,776.592516
1780980338.957005,0.000998309,94516,6,757.408778
1780980338.957995,0.000991367,78522,5,633.646268
1780980338.959148,0.001003004,87210,5,695.590446
1780980338.960041,0.001002827,101756,6,811.753174
1780980338.961020,0.000994660,87210,5,701.425613
1780980338.962020,0.001013518,72928,8,575.642465
1780980338.962995,0.000987239,88856,8,720.036384
1780980338.963979,0.001006434,91686,7,728.798908
1780980338.965008,0.000993789,85894,7,691.446575
1780980338.965995,0.000999593,95964,6,768.024586
1780980338.967016,0.001009476,93068,6,737.554929
1780980338.967998,0.000995834,100308,6,805.821050
1780980338.969223,0.001001708,90106,5,719.618891
1780980338.970088,0.001004986,84314,5,671.165568
1780980338.971101,0.000996011,104652,6,840.569030
1780980338.972017,0.001003883,79904,4,636.759463
1780980338.972994,0.000987603,77338,9,626.470353
1780980338.973981,0.001009156,75824,8,601.088434
1780980338.975017,0.000998024,100440,8,805.110899
1780980338.976072,0.001006710,104718,7,832.160205
1780980338.977001,0.000987674,74178,5,600.829828
1780980338.978011,0.000998149,95964,6,769.135670
1780980338.979044,0.001001166,101756,6,813.099925
1780980338.980018,0.001003213,85828,6,684.424943
1780980338.981031,0.000995347,106100,6,852.767929
1780980338.982046,0.001008593,67070,7,531.988622
1780980338.983054,0.000998299,75758,7,607.096671
1780980338.984021,0.000993977,104850,9,843.882706
1780980338.985044,0.001013233,87408,8,690.131490
1780980338.985993,0.000994101,90172,6,725.656649
1780980338.987087,0.000995459,97412,6,782.850926
1780980338.988130,0.001007139,95964,6,762.270153
1780980338.989124,0.000991287,91620,6,739.402413
1780980338.989988,0.000999939,85762,5,686.137854
1780980338.991007,0.001008330,101822,7,807.846638
1780980338.992051,0.000997938,101756,6,815.730035
1780980338.993013,0.001002159,53972,6,430.845804
1780980338.993995,0.000992501,87408,8,704.547401
1780980338.995007,0.001001401,101822,7,813.436376
1780980338.995996,0.000998618,94648,8,758.231876
1780980338.996989,0.000996847,93068,6,746.898972
1780980338.997977,0.001006247,94516,6,751.433793
1780980338.999005,0.001004918,81418,5,648.156367
1780980338.999997,0.000993772,106166,7,854.650765
1780980339.000992,0.000995447,82800,4,665.429701
1780980339.001999,0.001005391,103138,5,820.679716
1780980339.003000,0.000998174,58316,6,467.381439
1780980339.003990,0.001007102,84578,9,671.852504
1780980339.004993,0.000992989,93134,7,750.332582
1780980339.006010,0.000995897,94648,8,760.303525
1780980339.007138,0.001005697,81418,5,647.654313
1780980339.008075,0.001002651,91620,6,731.022061
1780980339.009037,0.001005150,79970,5,636.482117
1780980339.010015,0.001001273,107614,7,859.817452
1780980339.011015,0.000986880,106100,6,860.084306
1780980339.011983,0.000998379,67070,7,537.431176
1780980339.012955,0.001002548,77272,8,616.604891
1780980339.013967,0.001004016,109194,9,870.057848
1780980339.015002,0.000994761,81550,7,655.835924
1780980339.016002,0.001006714,98926,7,786.129924
1780980339.016994,0.000992571,88724,6,715.104511
1780980339.017990,0.000999989,82866,5,662.935292
1780980339.018992,0.001000446,90172,6,721.054410
1780980339.020000,0.001009756,103204,6,817.654958
1780980339.020996,0.000990661,65490,5,528.859014
1780980339.022019,0.001012280,83064,8,656.450784
1780980339.023005,0.000993953,78654,7,633.060115
1780980339.023973,0.000993763,109194,9,879.034538
1780980339.025208,0.001011463,91620,6,724.653299
1780980339.026127,0.000995403,95964,6,771.257471
1780980339.027060,0.001006727,97412,6,774.088705
1780980339.028006,0.000991018,85762,5,692.314368
1780980339.029008,0.001000147,88724,6,709.687676
1780980339.029981,0.000996913,98794,5,792.799372
1780980339.031103,0.001004326,85828,6,683.666459
1780980339.032043,0.001004342,74310,7,591.909927
1780980339.033037,0.000995066,75824,8,609.599765
1780980339.034040,0.000999123,97544,8,781.036969
1780980339.035019,0.000994904,93134,7,748.888335
1780980339.036046,0.001009116,95964,6,760.776759
1780980339.037113,0.000991661,78522,5,633.458410
1780980339.038006,0.001009440,111958,7,887.288001
1780980339.039181,0.000990093,88592,4,715.827705
1780980339.040004,0.001008552,100308,6,795.659520
1780980339.041086,0.000993459,81352,4,655.101016
1780980339.042038,0.000997554,85828,6,688.307600
1780980339.043018,0.001000534,70164,10,561.012419
1780980339.043993,0.001003921,101888,8,811.920460
1780980339.045051,0.000997216,97544,8,782.530565
1780980339.046234,0.001005267,72730,5,578.791505
1780980339.047098,0.001003960,97412,6,776.222160
1780980339.048092,0.000995907,79904,4,641.859129
1780980339.049050,0.000994233,87276,6,702.257921
1780980339.050049,0.000999699,97412,6,779.530639
1780980339.051065,0.001015276,90106,5,710.002009
1780980339.052030,0.000994573,100242,5,806.311854
1780980339.053014,0.000993211,87210,5,702.448926
1780980339.053975,0.001001570,65688,8,524.680252
1780980339.055131,0.000996224,78654,7,631.616986
1780980339.056072,0.001014730,110642,9,872.287209
1780980339.057041,0.000984910,95964,6,779.474267
1780980339.057996,0.001011561,90172,6,713.131487
1780980339.059092,0.000988318,103270,7,835.925279
1780980339.060004,0.000998254,75626,5,606.066192
1780980339.061002,0.001006539,109062,7,866.827813
1780980339.061983,0.001002792,88658,5,707.289248
1780980339.063022,0.001003185,82800,4,660.296954
1780980339.063996,0.000991325,104586,5,844.009785
1780980339.064995,0.000998239,55750,11,446.786792
1780980339.066121,0.001007450,69834,5,554.540672
1780980339.067068,0.001003945,94648,8,754.208647
1780980339.068030,0.000988227,110576,8,895.146560
1780980339.069155,0.000999248,81484,6,652.362577
1780980339.070057,0.001000967,93068,6,743.824721
1780980339.071128,0.001002578,95964,6,765.737928
1780980339.072047,0.001003770,91554,5,729.681102
1780980339.072976,0.000994069,84314,5,678.536399
1780980339.074156,0.000998782,103138,5,826.110202
1780980339.075127,0.001007027,82800,4,657.777795
1780980339.076035,0.001001803,72862,7,581.846930
1780980339.077029,0.000991607,85960,8,693.500550
1780980339.078004,0.001000359,90238,7,721.644929
1780980339.079170,0.000999087,107680,8,862.227213
1780980339.080069,0.001007798,81484,6,646.828035
1780980339.081023,0.000992024,94516,6,762.207366
1780980339.082015,0.001003579,94516,6,753.431469
1780980339.083088,0.000996312,90106,5,723.516328
1780980339.084024,0.001006987,98860,6,785.392463
1780980339.085032,0.001002880,69900,6,557.594129
1780980339.086016,0.000993789,80168,8,645.352283
1780980339.087016,0.001004490,99058,9,788.921741
1780980339.088002,0.000995306,88790,7,713.669967
1780980339.089044,0.001006920,98926,7,785.969094
1780980339.089979,0.000994819,90106,5,724.602164
1780980339.090999,0.000996152,101822,7,817.722597
1780980339.092001,0.001005090,85762,5,682.621457
1780980339.092999,0.000998902,84380,6,675.782009
1780980339.093986,0.000994344,104652,6,841.978229
1780980339.095004,0.001000170,82932,6,663.343232
1780980339.096122,0.001007200,78588,6,624.209690
1780980339.096998,0.000992834,80168,8,645.973043
1780980339.097977,0.001001269,106298,9,849.306230
1780980339.099010,0.001006019,77140,6,613.427778
1780980339.100008,0.001005239,97478,7,775.759794
1780980339.101001,0.000997507,95964,6,769.630689
1780980339.101968,0.000988938,91620,6,741.158698
1780980339.102993,0.001002486,100308,6,800.474022
1780980339.104008,0.001011324,87276,6,690.390023
1780980339.104990,0.000986661,81418,5,660.149737
1780980339.106001,0.001011799,69900,6,552.678941
1780980339.107078,0.000990108,94582,7,764.215621
1780980339.108047,0.001000799,97544,8,779.728997
1780980339.109038,0.000999139,96096,8,769.430480
1780980339.110020,0.001002727,96030,7,766.150707
1780980339.111004,0.001002018,91620,6,731.483866
1780980339.112076,0.000993821,79970,5,643.737655
1780980339.112993,0.001001690,107614,7,859.459513
1780980339.113975,0.001004094,79970,5,637.151502
1780980339.115024,0.000996822,103204,6,828.264224
1780980339.115995,0.000997975,85828,6,688.017235
1780980339.117061,0.000999055,69900,6,559.728944
1780980339.118075,0.001000328,82998,7,663.766285
1780980339.119006,0.001000749,94648,8,756.617294
1780980339.119985,0.001009913,96030,7,760.699189
1780980339.121042,0.000994407,97478,7,784.210087
1780980339.122015,0.000998083,91620,6,734.367783
1780980339.123001,0.001002935,94450,5,753.388804
1780980339.123988,0.000993466,82866,5,667.288060
1780980339.124980,0.001009727,106166,7,841.146171
1780980339.125975,0.000991696,69834,5,563.350059
1780980339.127001,0.000999998,75758,7,606.065212
1780980339.128001,0.001002284,88790,7,708.701326
1780980339.128985,0.000996795,110576,8,887.452285
1780980339.129990,0.000999920,77074,5,616.641331
1780980339.130981,0.001002562,95964,6,765.750148
1780980339.131996,0.000999938,91620,6,733.005446
1780980339.132991,0.000997503,100308,6,804.472769
1780980339.133952,0.001000071,87276,6,698.158431
1780980339.135004,0.001002545,100308,6,800.426914
1780980339.135992,0.000998002,87210,5,699.076755
1780980339.136998,0.001004605,66938,5,533.049308
1780980339.138051,0.000994995,75824,8,609.643265
1780980339.139006,0.001003458,103336,8,823.839164
1780980339.139991,0.000996210,85960,8,690.296223
1780980339.140996,0.001007103,109062,7,866.342370
1780980339.141996,0.000993262,77074,5,620.774780
1780980339.143007,0.001002908,107548,6,857.889258
1780980339.143990,0.000996085,81484,6,654.434110
1780980339.144986,0.001011997,101756,6,804.397641
1780980339.145949,0.000988755,90172,6,729.580129
1780980339.147002,0.001001190,85762,5,685.280516
1780980339.147995,0.000999383,75692,6,605.909846
1780980339.149000,0.001010276,84512,8,669.219104
1780980339.149993,0.000992570,77206,7,622.271477
1780980339.151007,0.001001907,112090,9,895.013210
1780980339.152000,0.001001439,80036,6,639.367950
1780980339.152986,0.001001851,91620,6,731.605798
1780980339.153979,0.000994131,95964,6,772.244302
1780980339.155061,0.001001329,91620,6,731.987189
1780980339.156029,0.000996721,81418,5,653.486783
1780980339.157325,0.001010646,65622,7,519.445978
1780980339.158054,0.000995076,104850,9,842.950689
1780980339.159008,0.000996905,78588,6,630.655880
1780980339.159973,0.000996602,82866,5,665.188310
1780980339.161004,0.001000427,106166,7,848.965492
1780980339.161994,0.000999636,84314,5,674.757612
1780980339.163074,0.001010468,103204,6,817.078819
1780980339.164021,0.001002406,81418,5,649.780628
1780980339.165073,0.000988632,88724,6,717.953698
1780980339.166084,0.001008688,81418,5,645.733864
1780980339.167057,0.000994414,85762,5,689.950061
1780980339.167994,0.000995550,74376,8,597.667621
1780980339.169110,0.001002765,81550,7,650.601088
1780980339.170056,0.000997801,97544,8,782.071776
1780980339.171083,0.001001218,97412,6,778.347972
1780980339.172023,0.000999138,90238,7,722.526818
1780980339.173001,0.001007918,97412,6,773.174008
1780980339.174003,0.000992685,90172,6,726.691750
1780980339.175012,0.001002859,98860,6,788.625320
1780980339.176060,0.001006906,88724,6,704.923796
1780980339.176993,0.000999048,101756,6,814.823712
1780980339.178041,0.000995644,55486,7,445.830036
1780980339.179083,0.001008583,91686,7,727.246047
1780980339.179967,0.000993264,97544,8,785.644099
1780980339.180956,0.000991596,94648,8,763.601305
1780980339.182053,0.001008691,93068,6,738.128922
1780980339.183112,0.000993574,94516,6,761.018304
1780980339.184035,0.001001856,79970,5,638.574805
1780980339.185016,0.001003943,107614,7,857.530756
1780980339.186063,0.001004834,79970,5,636.682278
1780980339.187058,0.000990537,106100,6,856.908929
1780980339.188060,0.000997095,84380,6,677.006704
1780980339.189244,0.001000373,64240,8,513.728379
1780980339.190073,0.001000306,88724,6,709.574870
1780980339.191666,0.001002382,90238,7,720.188511
1780980339.192075,0.001004287,100308,6,799.038522
1780980339.193022,0.000992113,93068,6,750.462901
1780980339.194460,0.001001179,84314,5,673.717687
1780980339.195044,0.001007728,85828,6,681.358462
1780980339.196014,0.000994611,104652,6,841.752203
1780980339.196960,0.000998958,82866,5,663.619492
1780980339.197964,0.001002681,104586,5,834.450837
1780980339.198998,0.000996420,82800,4,664.779912
1780980339.200016,0.000999307,65754,9,526.396793
1780980339.201080,0.001007668,97544,8,774.413795
1780980339.202036,0.001001633,90238,7,720.727053
1780980339.203032,0.001006974,97478,7,774.423173
1780980339.203956,0.000983368,90172,6,733.576850
1780980339.204985,0.000999575,100308,6,802.805192
1780980339.205972,0.001003953,87276,6,695.458851
1780980339.207014,0.000996753,82866,5,665.087539
1780980339.207997,0.001006875,104718,7,832.023836
1780980339.208991,0.000993368,85696,4,690.145042
1780980339.209996,0.001007312,64174,7,509.665327
1780980339.211017,0.001005154,101888,8,810.924495
1780980339.211996,0.000999293,94582,7,757.191334
1780980339.213044,0.000997180,93134,7,747.179045
1780980339.213986,0.000998323,97412,6,780.605075
1780980339.215098,0.000996723,90172,6,723.747721
1780980339.216029,0.001009135,79970,5,633.968696
1780980339.216996,0.000996003,101756,6,817.314807
1780980339.217995,0.000990111,88658,5,716.347965
1780980339.219025,0.001010868,56934,7,450.575149
1780980339.220022,0.000999478,77140,6,617.442305
1780980339.220984,0.000996889,113538,9,911.138552
1780980339.222216,0.000992626,77074,5,621.172526
1780980339.223065,0.001006855,94516,6,750.980032
1780980339.224035,0.000994028,95964,6,772.324321
1780980339.225028,0.000999265,85762,5,686.600651
1780980339.226031,0.001002416,88658,5,707.554548
1780980339.227053,0.001000186,101690,5,813.368713
1780980339.228026,0.000996910,87276,6,700.372150
1780980339.229027,0.001000983,65688,8,524.987937
1780980339.230002,0.001003039,84380,6,672.994769
1780980339.231004,0.000999571,80102,7,641.091028
1780980339.231998,0.001008266,97412,6,772.907150
1780980339.232993,0.000996635,104718,7,840.572527
1780980339.234003,0.001003031,84314,5,672.473732
1780980339.235047,0.000999866,88724,6,709.887125
1780980339.236087,0.000991085,97412,6,786.305917
1780980339.237167,0.001002736,87210,5,695.776356
1780980339.238168,0.000997716,85762,5,687.666631
1780980339.239030,0.000999626,71348,6,570.997553
1780980339.240018,0.001006346,94582,7,751.884541
1780980339.241005,0.000998215,81550,7,653.566616
1780980339.242004,0.000994414,97478,7,784.204567
1780980339.243019,0.001000185,78588,6,628.587711
1780980339.244045,0.001006335,98926,7,786.425991
1780980339.245090,0.001007723,95964,6,761.828399
1780980339.246025,0.000985453,81352,4,660.423176
1780980339.247064,0.001013457,100242,5,791.287642
1780980339.247995,0.000985748,82866,5,672.512650
1780980339.249037,0.001007084,87276,6,693.296686
1780980339.250057,0.000999750,64174,7,513.520380
1780980339.251063,0.000995063,103336,8,830.789608
1780980339.252019,0.001004486,98992,8,788.399241
1780980339.252985,0.000997405,90238,7,723.782215
1780980339.254130,0.001000952,98926,7,790.655296
1780980339.255078,0.000996996,81418,5,653.306533
1780980339.256031,0.000998036,90172,6,722.795571
1780980339.257046,0.001000985,90238,7,721.193624
1780980339.258042,0.001000858,75758,7,605.544443
1780980339.259120,0.001009042,96162,9,762.402358
1780980339.260045,0.001003717,91752,8,731.297766
1780980339.261009,0.001000926,98992,8,791.203346
1780980339.262037,0.000986267,80036,6,649.203512
1780980339.262995,0.000998878,94516,6,756.977329
1780980339.264031,0.001008120,94516,6,750.037694
1780980339.265170,0.001003252,93068,6,742.130591
1780980339.266022,0.000998031,104652,6,838.867731
1780980339.267224,0.000994262,58316,6,469.220387
1780980339.268178,0.000996680,88856,8,713.215877
1780980339.269222,0.001007433,88790,7,705.079147
1780980339.271551,0.001001289,98992,8,790.916509
1780980339.271864,0.000993188,77074,5,620.821033
1780980339.272113,0.000998381,96030,7,769.485798
1780980339.273078,0.001008014,94516,6,750.116566
1780980339.274108,0.000991769,79970,5,645.069568
1780980339.275204,0.000999690,110510,7,884.354150
1780980339.276091,0.001000682,65556,6,524.090570
1780980339.277494,0.001013479,67070,7,529.423895
1780980339.278154,0.000986331,90238,7,731.908457
1780980339.278999,0.001009456,100506,9,796.516143
1780980339.280048,0.000997628,96096,8,770.595853
1780980339.281036,0.000992758,95964,6,773.312328
1780980339.282013,0.001009169,91620,6,726.300550
1780980339.283059,0.000994221,98860,6,795.477062
1780980339.284041,0.001001332,81418,5,650.477564
1780980339.285015,0.000995801,90172,6,724.417830
1780980339.286002,0.001002811,77206,7,615.916658
1780980339.287085,0.000996277,71414,7,573.446943
1780980339.288010,0.001010474,110642,9,875.961183
1780980339.288987,0.000996943,88724,6,711.968488
1780980339.289994,0.000992949,90172,6,726.498541
1780980339.291106,0.001001036,81418,5,650.669906
1780980339.292053,0.000998330,94516,6,757.392846
1780980339.293047,0.001013091,84314,5,665.796064
1780980339.293977,0.000992438,106166,7,855.799556
1780980339.294996,0.000993981,82866,5,666.942326
1780980339.295998,0.001008800,68518,7,543.362411
1780980339.297065,0.001005411,96162,9,765.155742
1780980339.298003,0.000992799,103336,8,832.684159
1780980339.299018,0.001006602,84446,7,671.137153
1780980339.300046,0.000996772,85762,5,688.317890
1780980339.300999,0.000989685,104718,7,846.475394
1780980339.301990,0.001004247,82866,5,660.124451
1780980339.303049,0.001002698,87276,6,696.329304
1780980339.303995,0.000999991,98860,6,790.887118
1780980339.305017,0.001003438,107548,6,857.436135
1780980339.305994,0.001002944,68452,6,546.008551
1780980339.307039,0.000994125,75824,8,610.176789
1780980339.308022,0.000996251,88790,7,712.993011
1780980339.308982,0.001006835,104784,8,832.581307
1780980339.310026,0.001000407,82932,6,663.186083
1780980339.311032,0.001002865,98860,6,788.620602
1780980339.312125,0.000987586,88724,6,718.714117
1780980339.313029,0.001009725,101756,6,806.207631
1780980339.314027,0.000989281,85828,6,694.063668
1780980339.315572,0.001006890,104652,6,831.487054
1780980339.316100,0.000996478,82866,5,665.271085
1780980339.317009,0.000996544,91620,6,735.501895
1780980339.318057,0.001010171,63188,14,500.414286
1780980339.319080,0.001002912,87342,7,696.707189
1780980339.320171,0.000988177,88790,7,718.818592
1780980339.321044,0.001008253,103336,8,819.921190
1780980339.322172,0.000994224,100440,8,808.188094
1780980339.323475,0.001006544,96030,7,763.245323
1780980339.324008,0.000990630,94516,6,763.279933
1780980339.324976,0.000998985,85762,5,686.793095
1780980339.325981,0.001005987,88724,6,705.567766
1780980339.327124,0.000998540,85762,5,687.099165
1780980339.328086,0.001007811,104586,5,830.203282
1780980339.329022,0.000998246,59764,6,478.952082
1780980339.329961,0.000989572,88790,7,717.805273
1780980339.330991,0.001007518,96162,9,763.555589
1780980339.331979,0.000993183,90238,7,726.858998
1780980339.333042,0.001006988,98992,8,786.440355
1780980339.334018,0.000992790,93068,6,749.951148
1780980339.335104,0.001070764,94516,6,706.157473
1780980339.336154,0.000935094,87210,5,746.106809
1780980339.336987,0.001000949,101822,7,813.803700
1780980339.338253,0.001008849,87210,5,691.560382
1780980339.339128,0.000996419,68518,7,550.113958
1780980339.340007,0.000999278,78654,7,629.686634
1780980339.341017,0.000988494,97544,8,789.435242
1780980339.342052,0.001001559,104850,9,837.494346
1780980339.343071,0.000999615,80036,6,640.534606
1780980339.344018,0.001004279,109062,7,868.778497
1780980339.345134,0.001005709,79970,5,636.128343
1780980339.346066,0.000990111,87210,5,704.648267
1780980339.347037,0.001008040,68716,10,545.343439
1780980339.348023,0.001002700,85960,8,685.828264
1780980339.349021,0.000991246,84446,7,681.534150
1780980339.350083,0.001006780,109194,9,867.669203
1780980339.351001,0.000990809,96030,7,775.366393
1780980339.351959,0.000999913,91620,6,733.023773
1780980339.353030,0.001003579,96030,7,765.500275
1780980339.354008,0.000996081,79970,5,642.277084
1780980339.355124,0.000999794,82866,5,663.064591
1780980339.356040,0.001003619,109062,7,869.349823
1780980339.357115,0.000998161,79904,4,640.409713
1780980339.358015,0.001001720,78720,8,628.678673
1780980339.359089,0.000996216,83064,8,667.036064
1780980339.360067,0.001001628,90304,8,721.257792
1780980339.361088,0.001013367,113538,9,896.322852
1780980339.362001,0.000992194,93134,7,750.933789
1780980339.362994,0.000992366,82932,6,668.559785
1780980339.364043,0.001011293,97412,6,770.593686
1780980339.365028,0.000989689,74178,5,599.606543
1780980339.366030,0.000999643,103204,6,825.926856
1780980339.367036,0.001006501,104718,7,832.333003
1780980339.368015,0.000994320,62660,6,504.143535
1780980339.369025,0.000999153,78654,7,629.765411
1780980339.370000,0.001005368,90370,9,719.099872
1780980339.371011,0.001004868,103270,7,822.157736
1780980339.371990,0.000989700,98926,7,799.644337
1780980339.373113,0.001004880,82866,5,659.708622
1780980339.374018,0.001006904,90172,6,716.429769
1780980339.375026,0.000997427,79904,4,640.880987
1780980339.375980,0.000995668,107548,6,864.127400
1780980339.377175,0.000997761,81352,4,652.276447
1780980339.378062,0.001006106,106034,5,843.123886
1780980339.379022,0.000992436,59764,6,481.756002
1780980339.381020,0.002010873,183570,17,730.309671
1780980339.382002,0.000994025,72730,5,585.337391
1780980339.383027,0.001002722,107614,7,858.574959
1780980339.383994,0.000992882,96030,7,773.747535
1780980339.384974,0.000999723,95964,6,767.924715
1780980339.385969,0.001001412,93068,6,743.494186
1780980339.387139,0.001005373,82866,5,659.385124
1780980339.388066,0.000998117,87276,6,699.525206
1780980339.388993,0.001006018,78654,7,625.467934
1780980339.390011,0.000987139,84512,8,684.904558
1780980339.391013,0.001009714,88856,8,704.009254
1780980339.391981,0.001001707,90238,7,720.673810
1780980339.393040,0.000998754,97544,8,781.325532
1780980339.394060,0.000990709,93068,6,751.526432
1780980339.395090,0.001011026,94516,6,747.881855
1780980339.396075,0.000989808,100308,6,810.726929
1780980339.397043,0.001000095,87276,6,698.141677
1780980339.398067,0.000999440,81418,5,651.708957
1780980339.399016,0.001005308,87276,6,694.521480
1780980339.399991,0.001004809,65490,5,521.412527
1780980339.400971,0.000988827,83130,9,672.554451
1780980339.402002,0.001012750,103402,9,816.801777
1780980339.403004,0.000987610,91752,8,743.224552
1780980339.404005,0.001008331,97478,7,773.380963
1780980339.404997,0.001000977,79970,5,639.135565
1780980339.405979,0.000991871,97412,6,785.682816
1780980339.407003,0.001005657,91620,6,728.836969
1780980339.407989,0.000992555,71348,6,575.065362
1780980339.408991,0.000999862,88856,8,710.946111
1780980339.409982,0.001008371,100440,8,796.849572
1780980339.411006,0.000992331,90238,7,727.483068
1780980339.412070,0.001002314,85894,7,685.565601
1780980339.412978,0.000997850,107680,8,863.296087
1780980339.414075,0.001006753,81484,6,647.499436
1780980339.415107,0.000996397,95964,6,770.488069
1780980339.416071,0.001002175,91620,6,731.369272
1780980339.417207,0.001006135,85762,5,681.912467
1780980339.418058,0.000990611,103138,5,832.924327
1780980339.419070,0.001007944,68584,8,544.347702
1780980339.420026,0.000990143,90304,8,729.623903
1780980339.421012,0.001000568,87342,7,698.339343
1780980339.422002,0.000999223,93134,7,745.651371
1780980339.423075,0.001000496,96096,8,768.386880
1780980339.424017,0.001008452,97478,7,773.288168
1780980339.425038,0.000994675,91620,6,736.883907
1780980339.426028,0.000998466,82866,5,663.946494
1780980339.427073,0.000997301,109062,7,874.857240
1780980339.428039,0.001012525,81418,5,643.286832
1780980339.429019,0.000993055,85762,5,690.894261
1780980339.430006,0.001007675,59830,7,474.994418
1780980339.431117,0.000998360,107746,9,863.383950
1780980339.432029,0.000995152,85960,8,691.030114
1780980339.433000,0.000994050,107680,8,866.596248
1780980339.434027,0.000999245,80036,6,640.771783
1780980339.435324,0.001013492,101822,7,803.732047
1780980339.436089,0.000994643,85828,6,690.322055
1780980339.437117,0.001003519,98860,6,788.106653
1780980339.438043,0.000990335,88724,6,716.719090
1780980339.439000,0.001008754,103204,6,818.467139
1780980339.440002,0.000992432,62594,5,504.570590
1780980339.441066,0.001009926,83130,9,658.503692
1780980339.442021,0.000994971,87342,7,702.267704
1780980339.442983,0.000992185,100440,8,809.848970
1780980339.444058,0.001011532,96030,7,759.481658
1780980339.445010,0.000988827,91620,6,741.241896
1780980339.446014,0.000999283,95964,6,768.262844
1780980339.447058,0.001008672,85762,5,680.197329
1780980339.448028,0.000998010,87276,6,699.600204
1780980339.449010,0.000993892,103204,6,830.705952
1780980339.450034,0.001011522,74310,7,587.708424
1780980339.451022,0.000988398,67070,7,542.858241
1780980339.452008,0.001002994,115052,10,917.668501
1780980339.452991,0.000997468,88790,7,712.123096
1780980339.454165,0.001014669,85828,6,676.697524
1780980339.455069,0.000985812,106166,7,861.551695
1780980339.455994,0.000999193,82866,5,663.463415
1780980339.457052,0.001010507,91620,6,725.338865
1780980339.458019,0.000998905,97412,6,780.150265
1780980339.459010,0.000993545,95964,6,772.699777
1780980339.459989,0.001006781,78522,5,623.945029
1780980339.460979,0.000991412,68584,8,553.424812
1780980339.461978,0.001008027,94648,8,751.154483
1780980339.463000,0.000999229,100440,8,804.139992
1780980339.464033,0.000996484,88724,6,712.296434
1780980339.465000,0.001009011,94516,6,749.375378
1780980339.466003,0.000999723,96030,7,768.452861
1780980339.467013,0.000995011,78522,5,631.325684
1780980339.468004,0.001002173,109062,7,870.604177
1780980339.468996,0.000993377,84314,5,679.009077
1780980339.469999,0.000995801,85828,6,689.519292
1780980339.471002,0.001000608,68716,10,549.393968
1780980339.471978,0.001003508,101888,8,812.254611
1780980339.473068,0.001000499,82998,7,663.652837
1780980339.474073,0.000996677,94582,7,759.178751
1780980339.475043,0.001009448,94648,8,750.097083
1780980339.476039,0.000989426,80036,6,647.130761
1780980339.477093,0.000999828,93068,6,744.672084
1780980339.477982,0.001009563,101756,6,806.336999
1780980339.479010,0.000990521,68518,7,553.389580
1780980339.480008,0.001014920,94648,8,746.052891
1780980339.480991,0.000984138,87408,8,710.534498
1780980339.481971,0.001002457,100440,8,801.550590
1780980339.483005,0.000998483,80036,6,641.260793
1780980339.483991,0.000999877,94516,6,756.221015
1780980339.485006,0.001009316,79970,5,633.855007
1780980339.485988,0.000990056,93068,6,752.022108
1780980339.487000,0.001000892,98860,6,790.175164
1780980339.487999,0.001003804,87210,5,695.036083
1780980339.488996,0.000999591,103270,7,826.498038
1780980339.490002,0.001009084,65556,6,519.726802
1780980339.491006,0.000986994,81550,7,660.996926
1780980339.492007,0.001007565,91818,9,729.028896
1780980339.492991,0.000991901,98992,8,798.402260
1780980339.493987,0.001013631,91620,6,723.103378
1780980339.495108,0.001001166,96030,7,767.345275
1780980339.496092,0.000991300,81418,5,657.060426
1780980339.496987,0.000994269,106166,7,854.223555
1780980339.498008,0.001001025,82866,5,662.249195
1780980339.499032,0.001000155,103138,5,824.976129
1780980339.500014,0.001002866,84314,5,672.584373
1780980339.500974,0.000999917,61476,10,491.848823
1780980339.502011,0.001010314,85894,7,680.137066
1780980339.502989,0.000989721,114986,9,929.441732
1780980339.503995,0.000998156,77140,6,618.260072
1780980339.504997,0.001005720,98992,8,787.431890
1780980339.505971,0.000994677,98860,6,795.112383
1780980339.506972,0.000997391,88724,6,711.648691
1780980339.508002,0.001009651,84314,5,668.064509
1780980339.508991,0.000990237,71414,7,576.944711
1780980339.510021,0.000999954,90370,9,722.993258
1780980339.511004,0.001000875,90238,7,721.272886
1780980339.512026,0.001013098,101888,8,804.565797
1780980339.513003,0.001000750,96030,7,767.664252
1780980339.513970,0.000985663,94582,7,767.661970
1780980339.515063,0.001000701,82866,5,662.463613
1780980339.516027,0.001004531,107614,7,857.028802
1780980339.517097,0.001003790,81418,5,648.884727
1780980339.517996,0.000992313,106166,7,855.907360
1780980339.519043,0.001013290,64042,5,505.616359
1780980339.519984,0.000993880,90370,9,727.411760
1780980339.521006,0.001002921,88856,8,708.777660
1780980339.522091,0.000991632,81484,6,657.372896
1780980339.523043,0.000997362,110576,8,886.947768
1780980339.524004,0.001007256,94582,7,751.205255
1780980339.524998,0.001002177,93068,6,742.926649
1780980339.526029,0.000990552,82866,5,669.251084
1780980339.527066,0.001000326,88724,6,709.560683
1780980339.528051,0.000999347,103204,6,826.171490
1780980339.529007,0.001000689,85894,7,686.678878
1780980339.529993,0.000999014,64174,7,513.898704
1780980339.531105,0.001001439,87408,8,698.259205
1780980339.532029,0.000999416,100440,8,803.989530
1780980339.533008,0.001009724,97478,7,772.314018
1780980339.534156,0.001001134,90172,6,720.558886
1780980339.535111,0.001000166,95964,6,767.584581
1780980339.536012,0.001000660,91620,6,732.476565
1780980339.536996,0.000993188,98860,6,796.304426
1780980339.538006,0.001001036,88724,6,709.057417
1780980339.539018,0.001002260,71414,7,570.023746
1780980339.540082,0.000997306,83064,8,666.307031
1780980339.541049,0.000994120,93200,8,750.010059
1780980339.542058,0.001000805,94648,8,756.574957
1780980339.543100,0.001009601,94582,7,749.460430
1780980339.544034,0.000990081,97478,7,787.636567
1780980339.545023,0.001012069,93068,6,735.665256
1780980339.546042,0.000990280,81418,5,657.737206
1780980339.547031,0.001010356,77206,7,611.317199
1780980339.547982,0.000990134,82998,7,670.600141
1780980339.549027,0.000999737,97610,9,781.085425
1780980339.550153,0.001004655,100440,8,799.796945
1780980339.551027,0.001006652,90238,7,717.133627
1780980339.552138,0.000986604,94582,7,766.929791
1780980339.553077,0.000999851,98926,7,791.525937
1780980339.554090,0.001011229,79970,5,632.655907
1780980339.555114,0.001000082,93068,6,744.482952
1780980339.556101,0.000988087,79970,5,647.473350
1780980339.556986,0.001003657,107614,7,857.775116
1780980339.557971,0.001004403,85762,5,683.088362
1780980339.559011,0.000992485,68584,8,552.826491
1780980339.560005,0.001008279,91752,8,727.988979
1780980339.560998,0.000994277,94582,7,761.011267
1780980339.562035,0.001009822,96096,8,761.290604
1780980339.563030,0.000998124,93134,7,746.472382
1780980339.564067,0.000989166,96030,7,776.654272
1780980339.565083,0.001000092,79970,5,639.701147
1780980339.566009,0.000999364,107614,7,861.459888
1780980339.567060,0.001003067,88658,5,707.095339
1780980339.568031,0.001003574,68584,8,546.718030
1780980339.569034,0.000999512,78654,7,629.539215
1780980339.570025,0.000993381,99058,9,797.744269
1780980339.571061,0.001004575,103402,9,823.448722
1780980339.572039,0.001004135,81484,6,649.187609
1780980339.573050,0.000997611,93068,6,746.326975
1780980339.574033,0.001002679,95964,6,765.660795
1780980339.575057,0.000992239,91620,6,738.692996
1780980339.576026,0.001009672,98860,6,783.303885
1780980339.576993,0.000989889,88724,6,717.042012
1780980339.577988,0.001012194,101756,6,804.241084
1780980339.579016,0.000993894,51142,7,411.649532
1780980339.579996,0.000994802,80036,6,643.633607
1780980339.581041,0.001000877,93266,9,745.474219
1780980339.582022,0.001005480,97478,7,775.573855
1780980339.583056,0.000992297,96030,7,774.203691
1780980339.584002,0.000999734,88724,6,709.980855
1780980339.584969,0.001000161,98926,7,791.280604
1780980339.585974,0.000999199,79970,5,640.272859
1780980339.587057,0.001000738,110510,7,883.428030
1780980339.588030,0.001001044,81418,5,650.664706
1780980339.589008,0.001001035,106166,7,848.449854
1780980339.590192,0.001007937,43836,6,347.926507
1780980339.591033,0.000991202,100440,8,810.652117
1780980339.592028,0.000998695,101822,7,815.640411
1780980339.593035,0.001011245,91686,7,725.331646
1780980339.594053,0.000988405,81550,7,660.053318
1780980339.595061,0.001008125,98860,6,784.505890
1780980339.596198,0.000998514,88724,6,710.848321
1780980339.597055,0.000996987,97412,6,781.651115
1780980339.598038,0.000997769,90172,6,722.988988
1780980339.599039,0.001002975,101690,5,811.106957
1780980339.600016,0.001000193,51142,7,409.057052
1780980339.601004,0.001002640,81682,9,651.735418
1780980339.601960,0.001000449,94714,9,757.371940
1780980339.603009,0.000994288,94582,7,761.002848
1780980339.603994,0.001001540,94648,8,756.019730
1780980339.605020,0.001001566,77140,6,616.155101
1780980339.606025,0.000996093,95964,6,770.723216
1780980339.607073,0.001007828,98860,6,784.737078
1780980339.608047,0.000990934,88724,6,716.285847
1780980339.609010,0.001000437,101756,6,813.692416
1780980339.610002,0.001007505,85762,5,680.985206
1780980339.611004,0.000999963,64174,7,513.410996
1780980339.611993,0.000997534,74310,7,595.949612
1780980339.612997,0.000996878,103336,8,829.277003
1780980339.613974,0.001001911,87342,7,697.403262
1780980339.615014,0.001000987,94516,6,755.382438
1780980339.615996,0.001002401,94648,8,755.370356
1780980339.617012,0.001002783,81418,5,649.536340
1780980339.618001,0.000996268,110510,7,887.391746
1780980339.618986,0.000995339,97412,6,782.945308
1780980339.619992,0.000997923,69834,5,559.834777
1780980339.620989,0.001006904,74640,12,593.025750
1780980339.622000,0.000994458,106298,9,855.123092
1780980339.623032,0.000999391,85894,7,687.570731
1780980339.624045,0.001004933,101822,7,810.577422
1780980339.625028,0.001001542,87276,6,697.133021
1780980339.626051,0.000993429,88658,5,713.955401
1780980339.627033,0.001000845,101822,7,813.888264
1780980339.628016,0.001008878,79970,5,634.130192
1780980339.628994,0.000991363,110510,7,891.782324
1780980339.629994,0.000998647,79970,5,640.626768
1780980339.631001,0.001006268,67070,7,533.217791
1780980339.631993,0.000996886,83064,8,666.587754
1780980339.633000,0.000998812,104784,8,839.269052
1780980339.633987,0.001010343,98992,8,783.828858
1780980339.635010,0.000990939,93068,6,751.352000
1780980339.635998,0.001006793,95964,6,762.532119
1780980339.636995,0.000992091,81418,5,656.536548
1780980339.637974,0.001000381,88724,6,709.521672
1780980339.638997,0.000998998,101756,6,814.864494
1780980339.639995,0.000998548,87276,6,699.223272
1780980339.641001,0.001009266,59830,7,474.245640
1780980339.641997,0.000997075,103468,10,830.172254
1780980339.643003,0.000994134,87342,7,702.858971
1780980339.643992,0.000999597,90238,7,722.195045
1780980339.644993,0.001003979,97412,6,776.207470
1780980339.645998,0.000996923,94516,6,758.461787
1780980339.647017,0.001011078,93068,6,736.386312
1780980339.648070,0.001001502,97412,6,778.127253
1780980339.649085,0.001000970,85762,5,685.431132
1780980339.650017,0.000994861,107614,7,865.359080
1780980339.651218,0.001005372,46732,6,371.858377
1780980339.652032,0.000994247,103402,9,832.002510
1780980339.653090,0.000992733,88790,7,715.519682
1780980339.654067,0.001012979,98992,8,781.789159
1780980339.655054,0.000986995,91620,6,742.617744
1780980339.656100,0.001007185,96030,7,762.759572
1780980339.657006,0.000997674,78522,5,629.640544
1780980339.657995,0.001005927,164284,5,1306.528207
1780980339.659087,0.000992919,106166,7,855.384981
1780980339.660102,0.000995063,65490,5,526.519426
1780980339.660972,0.001001940,88922,9,709.998603
1780980339.662110,0.000998889,77206,7,618.334970
1780980339.663010,0.001001905,106232,8,848.240103
1780980339.664007,0.001010220,81550,7,645.799925
1780980339.664988,0.000999905,106166,7,849.408694
1780980339.665975,0.000989871,81484,6,658.542376
1780980339.667009,0.001002604,97412,6,777.271984
1780980339.667991,0.000995614,90172,6,724.553893
1780980339.669000,0.001009179,85762,5,679.855605
1780980339.670004,0.001002207,101756,6,812.255352
1780980339.671006,0.001001428,59830,7,477.957477
1780980339.672014,0.000997604,94648,8,759.002570
1780980339.672989,0.000990503,85894,7,693.740453
1780980339.673997,0.001001063,101822,7,813.711025
1780980339.675004,0.001004640,98860,6,787.227265
1780980339.676002,0.000992738,79970,5,644.439923
1780980339.676981,0.001000367,93068,6,744.270853
1780980339.677996,0.000998834,95964,6,768.608197
1780980339.678998,0.001001450,81418,5,650.400919
1780980339.680192,0.001010005,107614,7,852.383899
1780980339.680973,0.000990217,85762,5,692.874390
1780980339.682019,0.001003771,67268,10,536.122283
1780980339.683238,0.001008080,106298,9,843.567971
1780980339.684016,0.000993877,84446,7,679.729987
1780980339.685041,0.000993937,94648,8,761.802810
1780980339.686016,0.000999512,61080,4,488.878573
1780980339.687002,0.001011717,126570,9,1000.833237
1780980339.688008,0.000988016,81418,5,659.244385
1780980339.688971,0.001006526,90172,6,716.698823
1780980339.690084,0.000994765,98794,5,794.511266
1780980339.691091,0.001000513,88724,6,709.428063
1780980339.691983,0.000997929,104652,6,838.953473
1780980339.693199,0.001005346,58316,6,464.047204
1780980339.694061,0.001001110,86092,10,687.972351
1780980339.695015,0.000994453,91752,8,738.110298
1780980339.696075,0.001006146,100506,9,799.136507
1780980339.697003,0.001001561,79970,5,638.762891
1780980339.697978,0.000997384,106166,7,851.555670
1780980339.699019,0.000999199,97478,7,780.449140
1780980339.699987,0.001003140,91620,6,730.665710
1780980339.701030,0.000998236,79970,5,640.890531
1780980339.701959,0.000995766,84314,5,677.380027
1780980339.703013,0.000997963,106166,7,851.061613
1780980339.704079,0.001004811,62792,8,499.930833
1780980339.705070,0.001000936,101888,8,814.341776
1780980339.706054,0.000993875,94648,8,761.850333
1780980339.707027,0.001002786,80036,6,638.509114
1780980339.708177,0.000997865,94648,8,758.804047
1780980339.709012,0.001000049,104652,6,837.174978
1780980339.709979,0.001000494,87276,6,697.863256
1780980339.711004,0.000998839,81418,5,652.101089
1780980339.711989,0.001006165,107614,7,855.636998
1780980339.713071,0.000994746,82866,5,666.429420
1780980339.713976,0.001002158,69966,7,558.522708
1780980339.714991,0.001001847,94648,8,755.788059
1780980339.715986,0.000995110,85894,7,690.528685
1780980339.717021,0.000999684,100440,8,803.773993
1780980339.718026,0.001000322,93134,7,744.832164
1780980339.718987,0.001000227,96030,7,768.065649
1780980339.720092,0.001000158,79970,5,639.658934
1780980339.720996,0.001002247,91620,6,731.316731
1780980339.721980,0.000997623,100308,6,804.376002
1780980339.723192,0.001001151,87276,6,697.405287
1780980339.724092,0.000999442,78654,7,629.583307
1780980339.725029,0.001013275,84512,8,667.238410
1780980339.726041,0.000992343,88922,9,716.865036
1780980339.727039,0.000997915,91686,7,735.020518
1780980339.728019,0.000995742,96096,8,772.055412
1780980339.728971,0.000999954,95964,6,767.747316
1780980339.730036,0.001009325,91620,6,726.188294
1780980339.731032,0.000990996,97412,6,786.376534
1780980339.732015,0.001000006,84314,5,674.507953
1780980339.733027,0.000999467,88724,6,710.170521
1780980339.733982,0.000999954,104652,6,837.254514
1780980339.735011,0.001000627,58448,8,467.291009
1780980339.736052,0.001013191,82998,7,655.339418
1780980339.737008,0.000991340,101888,8,822.224464
1780980339.737995,0.000995347,101888,8,818.914409
1780980339.739041,0.000999853,78588,7,628.796433
1780980339.740043,0.001013835,80036,6,631.550499
1780980339.741029,0.000986459,84314,5,683.770942
1780980339.742033,0.001004843,78786,9,627.250227
1780980339.743115,0.000997695,96162,9,771.073324
1780980339.744039,0.001008196,88856,8,705.069252
1780980339.744999,0.000989510,93134,7,752.970662
1780980339.745974,0.001009431,104784,8,830.440119
1780980339.747037,0.000991358,82932,6,669.239568
1780980339.748021,0.001002258,95964,6,765.982412
1780980339.748987,0.001003224,91620,6,730.604531
1780980339.749996,0.000998109,90106,5,722.213706
1780980339.751474,0.000997271,100242,5,804.130472
1780980339.752108,0.001006040,82800,4,658.423124
1780980339.753018,0.000994077,58382,7,469.838856
1780980339.754078,0.001009764,103336,8,818.694269
1780980339.755146,0.000989080,74244,6,600.509564
1780980339.756085,0.001000938,117882,9,942.172242
1780980339.757018,0.000997969,77074,5,617.846847
1780980339.758011,0.000999632,110510,7,884.405461
1780980339.759069,0.001009321,84314,5,668.282935
1780980339.760007,0.000990563,104718,7,845.725108
1780980339.761014,0.001008648,81418,5,645.759472
1780980339.761998,0.001003390,87210,5,695.322856
1780980339.762990,0.000988297,67334,11,545.050729
1780980339.764023,0.001011065,94648,8,748.897450
1780980339.764987,0.000995239,107746,9,866.091461
1780980339.765992,0.000994058,82932,6,667.421820
1780980339.767010,0.001000392,90172,6,721.093331
1780980339.768011,0.001000476,100308,6,802.082209
1780980339.768991,0.000998296,87276,6,699.399777
1780980339.770007,0.001002072,101690,5,811.837872
1780980339.771021,0.001002188,85696,4,684.071252
1780980339.772005,0.000998872,82932,6,664.205223
1780980339.772989,0.000997263,72994,9,585.554663
1780980339.773982,0.001007276,98992,8,786.215496
1780980339.775012,0.000999363,97478,7,780.321065
1780980339.775990,0.001006043,90304,8,718.092567
1780980339.777043,0.000992758,97412,6,784.980831
1780980339.778016,0.000996104,90172,6,724.197473
1780980339.779002,0.001004132,100308,6,799.161863
1780980339.780020,0.000998441,87276,6,699.298206
1780980339.780999,0.001003922,84314,5,671.876899
1780980339.782030,0.001002601,103138,5,822.963472
1780980339.783018,0.001000173,49628,6,396.955327
1780980339.784007,0.000989787,104850,9,847.455059
1780980339.784976,0.001002572,97544,8,778.350084
1780980339.785975,0.000997726,93068,6,746.240952
1780980339.787008,0.001006213,77074,5,612.784768
1780980339.788045,0.001003595,111958,7,892.455622
1780980339.789014,0.000994881,81418,5,654.695386
1780980339.789974,0.001002596,93002,5,742.089536
1780980339.791051,0.000996058,87210,5,700.441139
1780980339.792017,0.001004981,101756,6,810.013324
1780980339.793024,0.000991723,65490,5,528.292678
1780980339.794038,0.001000582,71546,9,572.035076
1780980339.795028,0.000998614,109194,9,874.764423
1780980339.796032,0.001002091,91686,7,731.957477
1780980339.797019,0.001011340,98992,8,783.056143
1780980339.797991,0.001000521,91620,6,732.578327
1780980339.799008,0.000988900,95964,6,776.329255
1780980339.800105,0.001001773,98860,6,789.480252
1780980339.801114,0.001001430,91620,6,731.913364
1780980339.802045,0.000994958,58514,9,470.484181
1780980339.803333,0.001016027,87342,7,687.714008
1780980339.804085,0.000984365,87408,8,710.370645
1780980339.805068,0.001009372,93134,7,738.154021
1780980339.806056,0.001002304,109194,9,871.543963
1780980339.807159,0.000996345,82866,5,665.359890
1780980339.808045,0.001003153,90172,6,719.108650
1780980339.808967,0.000995038,103204,6,829.749216
1780980339.810024,0.000995568,84380,6,678.045096
1780980339.811000,0.001009058,100308,6,795.260530
1780980339.812032,0.000995728,53972,6,433.628461
1780980339.813020,0.000992247,88790,7,715.870141
1780980339.814067,0.001000445,88790,7,710.004048
1780980339.815026,0.001011024,98992,8,783.300891
1780980339.816002,0.000992443,93134,7,750.745383
1780980339.816980,0.000996382,94516,6,758.873605
1780980339.817994,0.001008323,79970,5,634.479229
1780980339.819005,0.000991145,84314,5,680.538165
1780980339.820000,0.001006772,103270,7,820.602877
1780980339.821050,0.000993455,85762,5,690.616082
1780980339.822063,0.001000711,104652,6,836.621162
1780980339.823006,0.001001611,58382,7,466.304783
1780980339.824098,0.000999084,93200,8,746.283596
1780980339.825039,0.001001131,96096,8,767.899506
1780980339.826014,0.000999161,95964,6,768.356651
1780980339.827013,0.000997793,93068,6,746.190843
1780980339.828033,0.001011079,94516,6,747.842651
1780980339.828996,0.001001052,97412,6,778.477042
1780980339.830023,0.000988723,81418,5,658.772983
1780980339.831003,0.001004917,103138,5,821.066814
1780980339.832052,0.000999116,84248,4,674.580329
1780980339.832990,0.001000345,68386,5,546.899320
1780980339.833990,0.001003916,81616,8,650.381108
1780980339.835029,0.000992700,103402,9,833.299083
1780980339.835975,0.001000882,98992,8,791.238128
1780980339.837076,0.001001915,84380,6,673.749769
1780980339.837999,0.001002331,106166,7,847.352821
1780980339.839032,0.001008645,81418,5,645.761393
1780980339.840048,0.000985190,90172,6,732.220181
1780980339.841394,0.000999593,85762,5,686.375355
1780980339.842041,0.001004329,101690,5,810.013452
1780980339.843003,0.001001022,103204,6,824.789066
1780980339.843983,0.000994865,51208,8,411.778483
1780980339.844960,0.001000485,94582,7,756.289200
1780980339.845977,0.000999918,94648,8,757.246094
1780980339.847080,0.001003889,94582,7,753.724764
1780980339.848035,0.000999767,101888,7,815.293963
1780980339.849027,0.000998686,90172,6,722.325135
1780980339.850001,0.000996417,95964,6,770.472603
1780980339.851043,0.001009367,85762,5,679.728979
1780980339.852045,0.000995070,65688,8,528.107570
1780980339.853041,0.001007552,93266,9,740.535476
1780980339.854032,0.000993093,85960,8,692.462841
1780980339.855170,0.000997363,93266,9,748.100742
1780980339.856039,0.000998674,107746,9,863.112487
1780980339.857038,0.001002799,94516,6,754.017505
1780980339.858032,0.000996888,93068,6,746.868254
1780980339.859227,0.001000516,85762,5,685.742157
1780980339.860038,0.001011750,98860,6,781.695083
1780980339.861019,0.000995995,84380,6,677.754406
1780980339.862079,0.001000220,81418,5,651.200736
1780980339.863058,0.001003301,107548,6,857.553217
1780980339.864946,0.000992281,58514,9,471.753465
1780980339.865230,0.001002840,81484,6,650.025926
1780980339.866040,0.001002743,96096,8,766.665038
1780980339.867032,0.000990519,90238,7,728.813884
1780980339.868014,0.000998948,97544,8,781.173795
1780980339.868999,0.001010617,97412,6,771.109134
1780980339.869986,0.000989818,88658,5,716.560014
1780980339.871002,0.001000646,82932,6,663.027684
1780980339.871996,0.001003547,95964,6,764.998550
1780980339.872999,0.001007589,94450,5,749.908941
1780980339.873985,0.000992994,56934,7,458.685551
1780980339.875293,0.000998430,81550,7,653.425879
1780980339.876092,0.000997543,91752,8,735.823919
1780980339.877102,0.001010075,98860,6,782.991362
1780980339.878001,0.000999630,100374,7,803.289217
1780980339.879007,0.000993126,87276,6,703.040702
1780980339.879992,0.000996385,107614,7,864.035488
1780980339.880991,0.001013251,81418,5,642.825914
1780980339.881987,0.000988892,87276,6,706.050812
1780980339.882990,0.000997633,88658,5,710.946811
1780980339.884016,0.001012151,57000,8,450.525663
1780980339.884978,0.000990032,106232,8,858.412657
1780980339.885980,0.000998262,80102,7,641.931677
1780980339.886997,0.000999752,103270,7,826.364939
1780980339.887986,0.001000687,90172,6,720.880755
1780980339.888973,0.000999425,77074,5,616.946744
1780980339.889973,0.001005300,107614,7,856.373222
1780980339.890998,0.001002541,85762,5,684.357049
1780980339.891992,0.000995515,107482,5,863.729828
1780980339.892996,0.001004609,81418,5,648.355728
1780980339.893998,0.000998183,84248,4,675.210858
1780980339.894996,0.000996845,70098,9,562.558873
1780980339.895993,0.000996885,90238,7,724.159758
1780980339.896990,0.000999943,85894,7,687.191170
1780980339.898089,0.001000985,186334,8,1489.205133
1780980339.898995,0.001000472,97478,7,779.456097
1780980339.900029,0.000999081,94516,6,756.823521
1780980339.901048,0.001000981,93068,6,743.814318
1780980339.902062,0.001003811,100308,6,799.417420
1780980339.903001,0.000994915,87210,5,701.245835
1780980339.904387,0.001002435,81352,4,649.235113
1780980339.905020,0.001002944,106100,6,846.308468
1780980339.906109,0.001008123,82800,4,657.062680
1780980339.907046,0.000989165,82078,15,663.816451
1780980339.908002,0.001007107,82932,6,658.774093
1780980339.908982,0.000998023,83064,8,665.828343
1780980339.910025,0.000999597,112024,8,896.553311
1780980339.911038,0.001001325,81550,7,651.536714
1780980339.911991,0.000991850,94516,6,762.341080
1780980339.912990,0.001003072,98860,6,788.457857
1780980339.914080,0.001001228,79904,4,638.447986
1780980339.915014,0.000995886,101756,6,817.410828
1780980339.915987,0.000999071,82866,5,663.544433
1780980339.917011,0.001000543,106100,6,848.339352
1780980339.918152,0.000999708,65424,4,523.544875
1780980339.919025,0.001004153,72994,9,581.536877
1780980339.920033,0.001009515,107746,9,853.843677
1780980339.921085,0.000992300,77140,6,621.908697
1780980339.922031,0.000993449,98926,7,796.626702
1780980339.923077,0.001008334,95964,6,761.366769
1780980339.924031,0.000992991,91620,6,738.133578
1780980339.924989,0.000998820,103204,6,826.607397
1780980339.926025,0.001008393,68518,7,543.581719
1780980339.927069,0.001004170,78654,7,626.618999
1780980339.928016,0.000987596,91818,9,743.769720
1780980339.929000,0.001015575,97610,9,768.904315
1780980339.930016,0.000990663,109128,8,881.252252
1780980339.931003,0.000995507,78588,6,631.541516
1780980339.932073,0.000997910,82866,5,664.316421
1780980339.933025,0.001000245,104718,7,837.538803
1780980339.934051,0.001010629,103204,6,816.948653
1780980339.935021,0.000989944,84380,6,681.897158
1780980339.935996,0.000999571,87276,6,698.507660
1780980339.937062,0.001014986,65622,7,517.224868
1780980339.937976,0.000984654,85894,7,697.861381
1780980339.939040,0.001012752,93134,7,735.690475
1780980339.940013,0.001001177,94582,7,755.766463
1780980339.941025,0.000986873,97412,6,789.661892
1780980339.942038,0.000999608,90172,6,721.658890
1780980339.943090,0.001000116,85762,5,686.016422
1780980339.943995,0.001013378,101756,6,803.301433
1780980339.944983,0.000992950,81352,4,655.436830
1780980339.946000,0.001000193,106100,6,848.636213
1780980339.946998,0.001004695,84248,4,670.834432
1780980339.948010,0.000993941,69900,6,562.608847
1780980339.948995,0.000997971,91686,7,734.979273
1780980339.949982,0.000997411,75758,7,607.637173
1780980339.950998,0.000999347,110576,8,885.186026
1780980339.951979,0.001000107,94582,7,756.575046
1780980339.952975,0.001002472,81418,5,649.737848
1780980339.953974,0.001000037,94516,6,756.100024
1780980339.955006,0.001004069,84314,5,671.778533
1780980339.955978,0.000993823,109062,7,877.918905
1780980339.956988,0.000999921,66938,5,535.546308
1780980339.958001,0.001012242,84644,10,668.962560
1780980339.958996,0.000994776,97544,8,784.449967
1780980339.959994,0.001003981,90238,7,719.041496
1780980339.960985,0.001001033,100308,6,801.635910
1780980339.961959,0.000987478,97412,6,789.178088
1780980339.962987,0.001000512,88724,6,709.428772
1780980339.964002,0.001002448,84314,5,672.864827
1780980339.965009,0.001009733,104718,7,829.668833
1780980339.965977,0.000989409,90106,5,728.564224
1780980339.967090,0.001003014,78522,5,626.288367
1780980339.968132,0.001009225,106034,5,840.518219
1780980339.969007,0.000986030,58382,7,473.673215
1780980339.970005,0.000999285,90304,8,722.948908
1780980339.971005,0.001006727,101888,8,809.657434
1780980339.972005,0.001005850,100440,8,798.846747
1780980339.973008,0.000992776,78588,6,633.278806
1780980339.973988,0.001004261,110510,7,880.328918
1780980339.975003,0.000991076,82866,5,668.897239
1780980339.975989,0.000999338,88724,6,710.262194
1780980339.976960,0.001002697,106100,6,846.516944
1780980339.977955,0.001002141,81418,5,649.952452
1780980339.978995,0.000995607,59764,6,480.221614
1780980339.979989,0.001000239,106298,9,850.180807
1780980339.980992,0.000999655,78588,6,628.920978
1780980339.981972,0.001000115,101888,8,815.010274
1780980339.983018,0.001009489,93134,7,738.068468
1780980339.983994,0.000993319,97412,6,784.537495
1780980339.984997,0.001001410,90172,6,720.360292
1780980339.986014,0.001004194,81418,5,648.623672
1780980339.987012,0.000995563,84314,5,677.518148
1780980339.988001,0.001005610,84380,6,671.274152
1780980339.988995,0.000990104,87144,4,704.119971
1780980339.990077,0.001000599,72994,9,583.602422
1780980339.991010,0.001000243,87342,7,698.566248
1780980339.992003,0.000999849,104784,8,838.398598
1780980339.992988,0.000999846,98992,8,792.057977
1780980339.993961,0.001000977,94516,6,755.389984
1780980339.994994,0.001007921,81484,6,646.749100
1780980339.995983,0.000993340,98860,6,796.182576
1780980339.996992,0.000997084,88724,6,711.867807
1780980339.997967,0.001007685,82866,5,657.872252
1780980339.998995,0.000992681,106166,7,855.590064
1780980340.000004,0.001010741,75758,7,599.623445
1780980340.000989,0.000989395,67070,7,542.311210
1780980340.001972,0.001000080,101954,9,815.566755
1780980340.002995,0.001004725,94582,7,753.097614
1780980340.003998,0.000998378,96096,8,770.016968
1780980340.005000,0.001008839,95964,6,760.985648
1780980340.006003,0.001000743,93068,6,743.991215
1780980340.006991,0.000987091,85762,5,695.068641
1780980340.008009,0.001011766,70032,8,553.740687
1780980340.008965,0.000988386,91818,9,743.175237
1780980340.009986,0.001005380,104850,9,834.311405
1780980340.011009,0.000995073,85894,7,690.554361
1780980340.011976,0.000999593,94582,7,756.964084
1780980340.012975,0.001003740,94582,7,753.836651
1780980340.014172,0.000998569,81418,5,652.277409
1780980340.015014,0.000998489,90172,6,722.467649
1780980340.015986,0.000999268,103204,6,826.236805
1780980340.017029,0.001000612,84314,5,674.099451
1780980340.018013,0.001012613,104652,6,826.787726
1780980340.018996,0.000992948,61212,6,493.173862
1780980340.020011,0.000993782,96162,9,774.109412
1780980340.021056,0.000999878,85894,7,687.235843
1780980340.021999,0.001006216,106232,8,844.605930
1780980340.023027,0.001000052,94516,6,756.088683
1780980340.024013,0.000997302,80036,6,642.020170
1780980340.025061,0.000997839,97412,6,780.983706
1780980340.026043,0.001002003,90172,6,719.933972
1780980340.027006,0.001000326,103204,6,825.362932
1780980340.027993,0.000998206,84314,5,675.724249
1780980340.028991,0.001001386,82866,5,662.010454
1780980340.030075,0.000996906,65688,8,527.134956
1780980340.031054,0.001000106,106298,9,850.293869
1780980340.032059,0.001004265,88790,7,707.303351
1780980340.032996,0.001000831,94582,7,756.027741
1780980340.034039,0.000994288,97478,7,784.303944
1780980340.035023,0.001000990,94582,7,755.907651
1780980340.036021,0.000999381,95964,6,768.187508
1780980340.037096,0.000999535,81418,5,651.647016
1780980340.037959,0.001000275,91620,6,732.758491
1780980340.039096,0.001004207,103204,6,822.173118
1780980340.040086,0.000999729,87276,6,698.397266
1780980340.041000,0.001005539,56934,7,452.963038
1780980340.042038,0.000990999,85894,7,693.393232
1780980340.043048,0.001003995,87276,6,695.429758
1780980340.044010,0.000995695,93134,7,748.293403
1780980340.045151,0.000999369,94582,7,757.133751
1780980340.046009,0.001002264,95964,6,765.977826
1780980340.047084,0.000998200,91620,6,734.281707
1780980340.048025,0.001000915,100308,6,801.730417
1780980340.049027,0.001001003,87276,6,697.508399
1780980340.050011,0.000998606,100308,6,803.584196
1780980340.051100,0.001003419,55552,8,442.901719
1780980340.052075,0.001000962,97610,9,780.129515
1780980340.053067,0.000997702,78654,7,630.681306
1780980340.054000,0.001006673,109128,8,867.236928
1780980340.055198,0.000997384,91620,6,734.882452
1780980340.056103,0.000994617,96030,7,772.397817
1780980340.057010,0.000998329,97412,6,780.600383
1780980340.058110,0.001011963,81418,5,643.644086
1780980340.059007,0.000989466,91620,6,740.763200
1780980340.059993,0.001012818,101690,5,803.224271
1780980340.060978,0.000993204,59830,7,481.915095
1780980340.062037,0.000997424,97610,9,782.896742
1780980340.063062,0.001005928,84446,7,671.586833
1780980340.064004,0.001000371,96030,7,767.955089
1780980340.064993,0.000988522,88724,6,718.033590
1780980340.065974,0.001003691,98926,7,788.497655
1780980340.067010,0.000998370,93068,6,745.759588
1780980340.067990,0.000999070,94516,6,756.831854
1780980340.068994,0.001000932,84314,5,673.883940
1780980340.069981,0.001007226,104718,7,831.733891
1780980340.071115,0.000991817,85696,4,691.224288
1780980340.071966,0.000999524,55486,7,444.099391
1780980340.073092,0.001008637,101954,9,808.647710
1780980340.074011,0.000992384,90238,7,727.444215
1780980340.075033,0.001007533,100440,8,797.512340
1780980340.075998,0.000993580,95964,6,772.672558
1780980340.076960,0.000997944,94516,6,757.685802
1780980340.077973,0.001001539,78522,5,627.210723
1780980340.079144,0.000999702,91620,6,733.178487
1780980340.080056,0.001003964,75890,9,604.722879
1780980340.081059,0.001005659,88856,8,706.847947
1780980340.082030,0.000993856,100440,8,808.487346
1780980340.083139,0.001007084,91686,7,728.328521
1780980340.084143,0.000988754,100440,8,812.659165
1780980340.085098,0.001007373,95964,6,762.093088
1780980340.086003,0.001001151,90172,6,720.546651
1780980340.087194,0.001000409,82866,5,662.656973
1780980340.088022,0.000996516,88724,6,712.273561
1780980340.089053,0.001001032,101756,6,813.208769
1780980340.090018,0.001005704,85762,5,682.204704
1780980340.091043,0.000991080,65688,8,530.233684
1780980340.092035,0.001005031,87342,7,695.238256
1780980340.093021,0.000997037,100440,8,805.907905
1780980340.094028,0.000994714,93134,7,749.031380
1780980340.095036,0.001002138,94582,7,755.041721
1780980340.096039,0.001000029,95964,6,767.689737
1780980340.097038,0.001008249,91620,6,726.963280
1780980340.098033,0.000995095,98860,6,794.778388
1780980340.099040,0.000995093,88724,6,713.292124
1780980340.100034,0.001004535,100308,6,798.841255
1780980340.101030,0.000993821,59830,7,481.615905
1780980340.102068,0.001007071,78852,10,626.386819
1780980340.103024,0.000993526,102020,10,821.478250
1780980340.104035,0.001000680,97478,7,779.294080
1780980340.105023,0.000998920,96096,8,769.599167
1780980340.106000,0.001010214,94582,7,749.005656
1780980340.107007,0.000994759,95964,6,771.756777
1780980340.107995,0.000995508,85762,5,689.191850
1780980340.108978,0.001000112,65622,7,524.917209
1780980340.109977,0.000999624,17508,2,140.116684
1780980340.111068,0.001000141,90238,7,721.802226
1780980340.112038,0.001000668,84446,7,675.117022
1780980340.113144,0.001010690,109128,8,863.790084
1780980340.114018,0.000988850,94582,7,765.187844
1780980340.115160,0.001001757,79970,5,638.637913
1780980340.116049,0.001003374,91620,6,730.495309
1780980340.116996,0.000994285,100308,6,807.076442
1780980340.117973,0.001000359,87276,6,697.957433
1780980340.118999,0.001000260,85828,6,686.445524
1780980340.120001,0.001005243,61278,7,487.667161
1780980340.120989,0.000994148,104850,9,843.737552
1780980340.121984,0.001011381,88856,8,702.848877
1780980340.123015,0.000989176,98992,8,800.601713
1780980340.124010,0.001005838,93068,6,740.222581
1780980340.125000,0.001003937,94516,6,753.162798
1780980340.126029,0.000994109,81418,5,655.203806
1780980340.127028,0.001001088,106166,7,848.404935
1780980340.128039,0.000995677,82866,5,665.806281
1780980340.129011,0.000999442,101756,6,814.502492
1780980340.130037,0.001000943,51142,7,408.750548
1780980340.131014,0.001012508,104850,9,828.437899
1780980340.131987,0.000986971,75692,6,613.529678
1780980340.132997,0.001001890,116434,9,929.714839
1780980340.134003,0.001004422,93134,7,741.791797
1780980340.134995,0.000992765,81484,6,656.622665
1780980340.135991,0.001000041,95964,6,767.680525
1780980340.136995,0.000999905,91620,6,733.029638
1780980340.137978,0.001000920,81418,5,650.745314
1780980340.139011,0.001013641,109062,7,860.754449
1780980340.139992,0.000993280,58316,6,469.684278
1780980340.141034,0.000998834,93200,8,746.470384
1780980340.142027,0.000995639,96096,8,772.135282
1780980340.143056,0.000998265,88790,7,711.554547
1780980340.144038,0.000999441,97544,8,780.788461
1780980340.144988,0.001003298,97478,7,777.260595
1780980340.145997,0.001007655,93068,6,738.887814
1780980340.147022,0.000997665,72796,6,583.731012
1780980340.148014,0.000995246,84578,9,679.856036
1780980340.148999,0.000996507,88922,9,713.869546
1780980340.150018,0.000999838,90238,7,722.020967
1780980340.151068,0.001000459,100440,8,803.151354
1780980340.152045,0.001008560,94582,7,750.233997
1780980340.153018,0.001000279,95964,6,767.497868
1780980340.154008,0.001003938,78522,5,625.711946
1780980340.155015,0.000996659,91620,6,735.417028
1780980340.156001,0.000999952,97412,6,779.333408
1780980340.156992,0.000989869,90172,6,728.759058
1780980340.157975,0.001000304,82932,6,663.254371
1780980340.159009,0.001001475,71414,7,570.470556
1780980340.160178,0.000999513,97544,8,780.732217
1780980340.161015,0.001008089,94582,7,750.584522
1780980340.161999,0.001000233,107746,9,861.767208
1780980340.163008,0.000996132,78522,5,630.615220
1780980340.163993,0.000995421,94516,6,759.606237
1780980340.164986,0.001008615,98860,6,784.124765
1780980340.165970,0.000990224,88724,6,716.799431
1780980340.166995,0.001003632,100308,6,799.559998
1780980340.167996,0.001001007,85762,5,685.405796
1780980340.168999,0.001006271,68518,7,544.728011
1780980340.169971,0.000989157,90370,9,730.884986
1780980340.170992,0.001001123,84446,7,674.810188
1780980340.172004,0.001008222,100440,8,796.967335
1780980340.173128,0.000990531,98992,8,799.506527
1780980340.173988,0.001000457,93068,6,744.203899
1780980340.175009,0.001008975,94516,6,749.402116
1780980340.176057,0.000990861,79970,5,645.660693
1780980340.177032,0.001001151,101756,6,813.112108
1780980340.178085,0.001012144,91620,6,724.165731
1780980340.179023,0.000993609,97346,5,783.777120
1780980340.180016,0.001004375,69900,6,556.764157
1780980340.181035,0.000996889,84578,9,678.735546
1780980340.182010,0.001003919,91686,7,730.624682
1780980340.183001,0.000987822,88790,7,719.076919
1780980340.184063,0.001000436,93068,6,744.219520
1780980340.185000,0.001000038,97478,7,779.794368
1780980340.186036,0.001009694,97412,6,771.814035
1780980340.187061,0.000999774,93068,6,744.712305
1780980340.188019,0.000990286,79970,5,646.035590
1780980340.188997,0.000999684,87276,6,698.428703
1780980340.190027,0.001001114,82866,5,662.190320
1780980340.191051,0.001005479,71480,8,568.723961
1780980340.192036,0.000994256,93200,8,749.907468
1780980340.193060,0.000999991,85894,7,687.158184
1780980340.194055,0.001006566,101888,8,809.786939
1780980340.195014,0.000999353,82866,5,663.357192
1780980340.196058,0.001006565,107614,7,855.296975
1780980340.197040,0.000987380,84314,5,683.133140
1780980340.198040,0.001000245,87276,6,698.036981
1780980340.199012,0.001006710,100308,6,797.115356
1780980340.200002,0.001001748,87276,6,696.989662
1780980340.200990,0.000990578,59962,9,484.258685
1780980340.202040,0.001000007,93200,9,745.594781
1780980340.202996,0.001006983,85894,7,682.386892
1780980340.204005,0.000996971,90238,7,724.097291
1780980340.204978,0.000999744,97478,7,780.023686
1780980340.205962,0.001003429,94582,7,754.070293
1780980340.206971,0.000995300,93068,6,748.059881
1780980340.208040,0.000997241,98860,6,793.068075
1780980340.209009,0.001000973,88724,6,709.102044
1780980340.209998,0.001004899,84314,5,671.223675
1780980340.211012,0.001007446,65754,9,522.144115
1780980340.212255,0.001000037,98926,7,791.378719
1780980340.212996,0.000991571,93200,8,751.938086
1780980340.213972,0.001008569,98992,8,785.207556
1780980340.214998,0.000988349,91620,6,741.600386
1780980340.216025,0.001001816,84380,6,673.816350
1780980340.216994,0.000998394,93068,6,745.741661
1780980340.218008,0.001008352,98860,6,784.329282
1780980340.219112,0.000991418,90172,6,727.620439
1780980340.219996,0.001008490,101756,6,807.194915
1780980340.221041,0.001003188,58382,7,465.571757
1780980340.222076,0.000989342,84512,8,683.379458
1780980340.223070,0.001009461,81550,7,646.285493
1780980340.224012,0.000992152,109128,8,879.929688
1780980340.225054,0.000996518,82866,5,665.244381
1780980340.226036,0.001011957,90172,6,712.852424
1780980340.227166,0.000987400,94516,6,765.776788
1780980340.227994,0.001004716,93068,6,741.049212
1780980340.229015,0.000995138,64174,7,515.900307
1780980340.230030,0.001000712,97544,8,779.796785
1780980340.231014,0.000999815,90304,8,722.565675
1780980340.232101,0.001006504,93134,7,740.257366
1780980340.232972,0.000994175,94648,8,761.620439
1780980340.234007,0.001010733,93068,6,736.637668
1780980340.235026,0.000997424,94516,6,758.080816
1780980340.236055,0.000991909,101756,6,820.688188
1780980340.237034,0.001012551,85828,6,678.113004
1780980340.238024,0.001000827,100308,6,801.800911
1780980340.239004,0.000989581,67004,6,541.675719
1780980340.240093,0.000997578,71414,7,572.699077
1780980340.241179,0.001005548,96096,8,764.526407
1780980340.242062,0.000993237,104850,9,844.511431
1780980340.243008,0.001002742,90238,7,719.929952
1780980340.243990,0.001010519,97478,7,771.706420
1780980340.244970,0.000986923,79970,5,648.236995
1780980340.245976,0.001003903,94516,6,753.188306
1780980340.247005,0.001000002,95964,6,767.710465
1780980340.247986,0.000994869,97412,6,783.315190
1780980340.248972,0.001002757,90172,6,719.392635
1780980340.250057,0.000998167,70032,8,561.284835
1780980340.251004,0.001001286,85960,8,686.796779
1780980340.252005,0.001007480,87342,7,693.548259
1780980340.253015,0.001000099,75692,6,605.476058
1780980340.254004,0.000991183,100440,8,810.667657
1780980340.255209,0.001002234,95964,6,766.000754
1780980340.256293,0.001009799,91620,6,725.847421
1780980340.257042,0.000991551,97412,6,785.936376
1780980340.257975,0.001000016,84314,5,674.501208
1780980340.259372,0.001003696,106100,6,845.674387
1780980340.260094,0.000994256,87276,6,702.241676
1780980340.261140,0.001004389,63976,4,509.571491
1780980340.262035,0.000993879,75758,7,609.796565
1780980340.263076,0.001002933,100440,8,801.170168
1780980340.263992,0.000997415,91686,7,735.388981
1780980340.264984,0.001000364,93068,6,744.273085
1780980340.266002,0.001008122,94516,6,750.036206
1780980340.267006,0.000992835,93068,6,749.917156
1780980340.267995,0.000999597,93068,6,744.844172
1780980340.268987,0.001010549,85762,5,678.933926
1780980340.269992,0.000988583,104718,7,847.418983
1780980340.271016,0.001008779,81418,5,645.675614
1780980340.272001,0.000993950,81682,9,657.433473
1780980340.272990,0.001007754,86026,9,682.912695
1780980340.274005,0.001000612,81550,7,652.000975
1780980340.275000,0.000999659,106298,9,850.674080
1780980340.275985,0.000990115,94582,7,764.210218
1780980340.276976,0.001003671,94516,6,753.362407
1780980340.277976,0.000994614,81418,5,654.871136
1780980340.278988,0.001005192,88724,6,706.125795
1780980340.280007,0.000995804,98860,6,794.212516
1780980340.280962,0.001000651,88724,6,709.330226
1780980340.281979,0.000999489,101756,6,814.464191
1780980340.283024,0.000999810,48246,7,386.041348
1780980340.283987,0.001005169,113538,9,903.633120
1780980340.284958,0.000994519,80036,6,643.816760
1780980340.286019,0.001008028,96030,7,762.121687
1780980340.286987,0.000998774,106232,8,850.899202
1780980340.288065,0.001000964,81484,6,651.244201
1780980340.289005,0.000992616,100308,6,808.433473
1780980340.290016,0.001006035,58382,7,464.254226
1780980340.291012,0.001002413,93200,8,743.805198
1780980340.292031,0.000991370,78654,7,634.709543
1780980340.293059,0.001003781,109194,9,870.261541
1780980340.293996,0.001006749,94582,7,751.583563
1780980340.294985,0.000989395,93068,6,752.524523
1780980340.296012,0.000999293,97478,7,780.375726
1780980340.297007,0.001000108,77074,5,616.525415
1780980340.298001,0.001009878,94516,6,748.732025
1780980340.299044,0.000995036,98860,6,794.825514
1780980340.300005,0.001003472,100308,6,799.687485
1780980340.301000,0.001000331,62726,7,501.641957
1780980340.302023,0.000998146,75692,6,606.660749
1780980340.303013,0.000996529,97544,8,783.070036
1780980340.303992,0.000998018,106166,7,851.014711
1780980340.305013,0.001011615,59632,4,471.578614
1780980340.305990,0.000987884,98992,8,801.648777
1780980340.307020,0.001011797,95964,6,758.760898
1780980340.308014,0.000996301,100308,6,805.443335
1780980340.308974,0.000991971,87276,6,703.859286
1780980340.309958,0.001001255,81418,5,650.527588
1780980340.311018,0.001010259,106166,7,840.703226
1780980340.311993,0.000987733,56868,6,460.594108
1780980340.312996,0.001002110,94648,8,755.589706
1780980340.313980,0.001002696,100440,8,801.359535
1780980340.315015,0.000996456,90238,7,724.471527
1780980340.316027,0.001010992,81484,6,644.784528
1780980340.316978,0.000988007,96030,7,777.565341
1780980340.317982,0.001005420,78522,5,624.789640
1780980340.319010,0.001005874,91620,6,728.679735
1780980340.320020,0.000991950,74442,9,600.368970
1780980340.321016,0.001011050,96096,8,760.365956
1780980340.322059,0.000999305,94648,8,757.710609
1780980340.323023,0.000986547,94582,7,766.974103
1780980340.324049,0.000999801,94582,7,756.806605
1780980340.325054,0.001001214,97478,7,778.878442
1780980340.325991,0.001007846,93068,6,738.747785
1780980340.327115,0.000995576,79970,5,642.602875
1780980340.328082,0.001008408,107614,7,853.733806
1780980340.329080,0.000991208,84314,5,680.494911
1780980340.329976,0.001004316,88856,8,707.793165
1780980340.331070,0.000991763,71480,8,576.589367
1780980340.332059,0.001005247,90304,8,718.661185
1780980340.333046,0.001001826,87342,7,697.462434
1780980340.334007,0.001000716,91686,7,732.963198
1780980340.335001,0.000991828,96030,7,774.569784
1780980340.336007,0.001011465,95964,6,759.009951
1780980340.336976,0.000996811,91620,6,735.304887
1780980340.338003,0.000996664,98860,6,793.527207
1780980340.339043,0.000998933,84314,5,675.232473
1780980340.340021,0.001002389,87210,5,696.017215
1780980340.341039,0.001001366,67202,9,536.882618
1780980340.342038,0.001005649,90304,8,718.373906
1780980340.343122,0.000987075,88790,7,719.621103
1780980340.344036,0.001008642,109128,8,865.543969
1780980340.345027,0.001000968,96030,7,767.497063
1780980340.346009,0.000998521,79970,5,640.707607
1780980340.347059,0.001000792,94516,6,755.529621
1780980340.348027,0.000990335,100308,6,810.295506
1780980340.348998,0.001007440,87276,6,693.051695
1780980340.350046,0.000993108,82866,5,667.528607
1780980340.351035,0.001000160,77206,7,617.549192
1780980340.352139,0.001008021,87408,8,693.699834
1780980340.353080,0.000992136,85894,7,692.598595
1780980340.354072,0.001002035,101888,8,813.448632
1780980340.355003,0.001008729,95964,6,761.068632
1780980340.356038,0.000989361,94516,6,764.258951
1780980340.357032,0.001000283,79970,5,639.578999
1780980340.358029,0.000999028,109062,7,873.344891
1780980340.359105,0.001012389,82866,5,654.815491
1780980340.360048,0.001000585,104718,7,837.254206
1780980340.361025,0.000986908,66938,5,542.607822
1780980340.362018,0.001000050,80168,8,641.311934
1780980340.363045,0.001000522,85894,7,686.793494
1780980340.364040,0.000999703,104784,8,838.521041
1780980340.365024,0.001000020,82998,7,663.970721
1780980340.366042,0.001000081,79970,5,639.708184
1780980340.367040,0.001012257,91620,6,724.084891
1780980340.368030,0.000990757,98860,6,798.258301
1780980340.369009,0.000996659,88724,6,712.171365
1780980340.370000,0.001000707,85696,4,685.083646
1780980340.371125,0.000999736,101756,6,814.262965
1780980340.371988,0.001000844,59764,6,477.708814
1780980340.373162,0.001007348,90304,8,717.162291
1780980340.373977,0.000992218,101888,8,821.496889
1780980340.374999,0.000999300,88724,6,710.289202
1780980340.376055,0.000999648,98926,7,791.686674
1780980340.377020,0.001003535,96030,7,765.533838
1780980340.377956,0.000996494,79970,5,642.010890
1780980340.378996,0.001008544,93068,6,738.236507
1780980340.379983,0.000995571,103204,6,829.304992
1780980340.381107,0.001009355,84380,6,668.783530
1780980340.382057,0.000998281,87210,5,698.881377
1780980340.383018,0.000988429,80168,8,648.851865
1780980340.384052,0.001000567,67268,10,537.839045
1780980340.385030,0.001002542,113538,9,906.000946
1780980340.386046,0.001005710,88790,7,706.287101
1780980340.387170,0.000996317,97412,6,782.176757
1780980340.388090,0.000995850,90172,6,724.382186
1780980340.388994,0.001007781,81418,5,646.315023
1780980340.390069,0.000991956,110510,7,891.249209
1780980340.391006,0.001000265,90106,5,720.657026
1780980340.392056,0.000999384,78456,4,628.034869
1780980340.392987,0.001006863,106100,6,843.014392
1780980340.394097,0.000994966,79904,4,642.466175
1780980340.395003,0.000998626,88724,6,710.768596
1780980340.396438,0.001000751,71414,7,570.883267
1780980340.397011,0.001005058,110576,8,880.156170
1780980340.397993,0.000993770,78522,5,632.114071
1780980340.399072,0.001008758,94582,7,750.086740
1780980340.400017,0.000993666,79970,5,643.838070
1780980340.400975,0.000997176,104586,5,839.057498
1780980340.402054,0.001006804,85762,5,681.459351
1780980340.403037,0.000994509,104586,5,841.307620
1780980340.404080,0.001014087,85696,4,676.044560
1780980340.405115,0.000991844,68518,7,552.651425
1780980340.406088,0.001003944,29092,2,231.821695
1780980340.407000,0.001000684,82998,7,663.530145
1780980340.407976,0.000995101,64042,5,514.858291
1780980340.409027,0.001000449,97412,6,778.946253
1780980340.410062,0.000992484,107614,7,867.431616
1780980340.411054,0.001000299,78522,5,627.988232
1780980340.412036,0.001000379,95964,6,767.421147
1780980340.413009,0.000998847,78522,5,628.901123
1780980340.414002,0.001001697,107614,7,859.453507
1780980340.415050,0.001008839,87210,5,691.567237
1780980340.416032,0.001003003,43572,2,347.532360
1780980340.417017,0.000988783,56670,3,458.503028
1780980340.418051,0.000999594,0,0,0.000000
1780980340.419134,0.000999876,106034,5,848.377199
1780980340.420073,0.000999461,62462,3,499.965481
1780980340.421018,0.001012638,64108,6,506.463317
1780980340.421989,0.000998430,0,0,0.000000
1780980340.422999,0.000990129,62528,4,505.210937
1780980340.424001,0.000998056,113538,9,910.073182
1780980340.424993,0.001000406,90238,7,721.611026
1780980340.425990,0.001012869,90172,6,712.210562
1780980340.426996,0.000988367,100440,8,812.977366
1780980340.427993,0.000999442,78522,5,628.526718
1780980340.428982,0.001009998,107614,7,852.389807
1780980340.429992,0.000989825,82866,5,669.742631
1780980340.430998,0.001000052,87210,5,697.643723
1780980340.432018,0.000999356,101756,6,814.572585
1780980340.433043,0.001011302,71414,7,564.927193
1780980340.434038,0.000996443,80168,8,643.633404
1780980340.435067,0.001001896,101888,8,813.561487
1780980340.436020,0.000990686,85894,7,693.612305
1780980340.437035,0.001000441,93134,7,744.743568
1780980340.438037,0.001010983,94582,7,748.435928
1780980340.439101,0.001000849,95964,6,767.060765
1780980340.439994,0.000997212,91620,6,735.009206
1780980340.441001,0.000990935,100308,6,809.804881
1780980340.441999,0.001005627,87276,6,694.301167
1780980340.443021,0.001002334,84314,5,672.941355
1780980340.444002,0.000994342,62792,8,505.194390
1780980340.444988,0.001007352,93200,8,740.158356
1780980340.445955,0.000993179,101888,8,820.702008
1780980340.446993,0.000996946,97544,8,782.742496
1780980340.448097,0.001006195,94516,6,751.472627
1780980340.449109,0.000994156,93068,6,748.920693
1780980340.450037,0.001001367,95964,6,766.663970
1780980340.451033,0.000998778,85762,5,686.935435
1780980340.452034,0.001006890,64174,7,509.878934
1780980340.453042,0.001000820,93200,8,744.989109
1780980340.454030,0.000990826,100440,8,810.959745
1780980340.455030,0.001012701,93134,7,735.727525
1780980340.456012,0.000990185,94582,7,764.156193
1780980340.457021,0.000997269,81418,5,653.127692
1780980340.458004,0.001011252,97412,6,770.624928
1780980340.459073,0.000997973,90172,6,722.841199
1780980340.460014,0.000992638,98860,6,796.745641
1780980340.461032,0.001004524,90172,6,718.127193
1780980340.462015,0.000994066,84314,5,678.538447
1780980340.462997,0.001000405,64240,8,513.711947
1780980340.464021,0.001010751,97610,9,772.574056
1780980340.464980,0.000995635,106232,8,853.581885
1780980340.466052,0.001002804,82998,7,662.127395
1780980340.467002,0.000990487,106166,7,857.485257
1780980340.468015,0.001008981,84380,6,669.031429
1780980340.468999,0.001001358,78522,5,627.324094
1780980340.469991,0.000989725,109062,7,881.553967
1780980340.471000,0.000999055,82866,5,663.555060
1780980340.471999,0.001000371,106100,6,848.485212
1780980340.473003,0.001006225,68386,5,543.703446
1780980340.474020,0.001001026,68584,8,548.109640
1780980340.474990,0.000993668,96096,8,773.666859
1780980340.475981,0.001002476,93134,7,743.231758
1780980340.477000,0.001005117,94648,8,753.329214
1780980340.477998,0.001000255,94516,6,755.935237
1780980340.479004,0.000998385,93068,6,745.748384
1780980340.480041,0.000993105,95964,6,773.042125
1780980340.480983,0.001000122,87210,5,697.594893
1780980340.482010,0.001000307,104718,7,837.486892
1780980340.483092,0.001011041,85762,5,678.603538
1780980340.484070,0.000988581,84380,6,682.837319
1780980340.484997,0.001002602,68782,11,548.827950
1780980340.485999,0.001003182,91752,8,731.687770
1780980340.487025,0.001006762,101888,8,809.629287
1780980340.487995,0.000995226,97478,7,783.564738
1780980340.488998,0.000999529,62594,5,500.987965
1780980340.489976,0.001000509,84248,4,673.641117
1780980340.491019,0.000992941,103270,7,832.033323
1780980340.491971,0.000998907,62528,4,500.771343
1780980340.492996,0.000999913,122028,6,976.308939
1780980340.493963,0.001011890,85828,6,678.555970
1780980340.495029,0.000988757,67070,7,542.661139
1780980340.496119,0.001008924,82932,6,657.587687
1780980340.497132,0.000995587,107746,9,865.788726
1780980340.498049,0.001007441,81484,6,647.057247
1780980340.499111,0.001000092,112024,8,896.109558
1780980340.500258,0.000988038,81418,5,659.229706
1780980340.501083,0.001012129,93068,6,735.621645
1780980340.502055,0.000988023,81418,5,659.239714
1780980340.503050,0.001001206,49364,2,394.436310
1780980340.504081,0.000998365,0,0,0.000000
1780980340.505048,0.001000199,37780,2,302.179866
1780980340.506011,0.001000203,113274,5,906.008080
1780980340.507023,0.000998574,74112,4,593.742677
1780980340.508070,0.001001999,106034,5,846.579687
1780980340.509043,0.001004914,57000,8,453.770173
1780980340.510005,0.000994152,59698,5,480.393340
1780980340.511034,0.001000938,87342,7,698.081200
1780980340.512043,0.001006104,101888,8,810.158791
1780980340.513183,0.000993697,87210,5,702.105370
1780980340.513987,0.000999774,90172,6,721.539068
1780980340.515000,0.001005832,82866,5,659.084221
1780980340.515988,0.000993051,103204,6,831.409464
1780980340.516981,0.001004056,101756,6,810.759559
1780980340.517972,0.000995930,85828,6,689.429980
1780980340.519003,0.001012621,84314,5,666.105088
1780980340.520004,0.000995778,51010,5,409.810219
1780980340.521001,0.001003933,49496,4,394.416759
1780980340.521983,0.000990405,14546,1,117.495368
1780980340.522989,0.001007766,65490,5,519.882592
1780980340.524075,0.001005060,0,0,0.000000
1780980340.525005,0.000992655,0,0,0.000000
1780980340.525970,0.001004949,0,0,0.000000
1780980340.527009,0.000999682,17442,1,139.580387
1780980340.527992,0.000991940,65424,4,527.644817
1780980340.529091,0.001000718,114920,8,918.700373
1780980340.530080,0.001008241,82932,6,658.033149
1780980340.531001,0.000992394,94516,6,761.923188
1780980340.532022,0.000994287,93068,6,748.822020
1780980340.533018,0.001012635,100308,6,792.451377
1780980340.534127,0.000987421,87276,6,707.102644
1780980340.534979,0.001000865,84314,5,673.929051
1780980340.535956,0.001003863,103204,6,822.454857
1780980340.537001,0.001002884,55552,8,443.137990
1780980340.538002,0.001005124,96096,8,764.848914
1780980340.539064,0.000994635,71282,5,573.331926
1780980340.540060,0.000993361,109128,8,878.858743
1780980340.541007,0.001011619,82932,6,655.835843
1780980340.541953,0.000987626,103270,7,836.510987
1780980340.543020,0.001002117,98860,6,789.209244
1780980340.543992,0.000998282,74178,5,594.445257
1780980340.545033,0.001010757,98860,6,782.463045
1780980340.546043,0.000993120,88724,6,714.709199
1780980340.547119,0.000995824,64174,7,515.544916
1780980340.548092,0.001003722,100506,9,801.066431
1780980340.549043,0.001001601,87342,7,697.619112
1780980340.550035,0.000996137,90238,7,724.703530
1780980340.551044,0.000998751,97478,7,780.799218
1780980340.552034,0.001001498,97412,6,778.130361
1780980340.553024,0.000997498,90172,6,723.185410
1780980340.554039,0.001013331,103204,6,814.770297
1780980340.555051,0.000988713,84314,5,682.212128
1780980340.556035,0.001009895,103204,6,817.542418
1780980340.557024,0.000989029,84248,4,681.460301
1780980340.558029,0.001000102,61410,9,491.229895
1780980340.559010,0.001009410,91752,8,727.173299
1780980340.559981,0.000989611,101954,9,824.194557
1780980340.560973,0.001000508,91686,7,733.115577
1780980340.561976,0.001000260,96030,7,768.040310
1780980340.562989,0.001000155,97412,6,779.175228
1780980340.564004,0.001002144,90172,6,719.832679
1780980340.564998,0.001000184,79970,5,639.642306
1780980340.566011,0.001001064,103204,6,824.754461
1780980340.567259,0.001005012,85762,5,682.674436
1780980340.568190,0.000992107,85762,5,691.554439
1780980340.569084,0.001010383,72994,9,577.951133
1780980340.570016,0.000993413,98992,8,797.187071
1780980340.570995,0.001006943,94648,8,751.963120
1780980340.572091,0.000995270,85894,7,690.417676
1780980340.573039,0.000996411,91620,6,735.600069
1780980340.573963,0.000996529,96030,7,770.915849
1780980340.574999,0.001012428,81418,5,643.348465
1780980340.576009,0.000993479,111958,7,901.542962
1780980340.577052,0.000996558,79970,5,641.969660
1780980340.577975,0.001001852,77206,7,616.506230
1780980340.579044,0.001004343,87408,8,696.240229
1780980340.580016,0.000999003,91752,8,734.748544
1780980340.581072,0.000992392,98992,8,798.007239
1780980340.582039,0.000999529,90238,7,722.244177
1780980340.583085,0.001006484,97478,7,774.800196
1780980340.584141,0.000994129,79970,5,643.538213
1780980340.584990,0.001000384,109062,7,872.161090
1780980340.585988,0.001002861,81418,5,649.485821
1780980340.587018,0.001001965,88724,6,708.399994
1780980340.588013,0.000999135,100308,6,803.158732
1780980340.589217,0.001005816,68452,6,544.449482
1780980340.590069,0.000996768,83130,9,667.196379
1780980340.591349,0.000994945,90238,7,725.571765
1780980340.592032,0.001005185,110642,9,880.570243
1780980340.593006,0.001004746,93134,7,741.552591
1780980340.594056,0.000996511,81484,6,654.154345
1780980340.595138,0.000991466,95964,6,774.320047
1780980340.596005,0.001000880,91620,6,732.315562
1780980340.597020,0.000998887,82866,5,663.666661
1780980340.598057,0.001010737,104652,6,828.322303
1780980340.599046,0.000997476,49760,8,399.087296
1780980340.600056,0.000991909,101954,9,822.285109
1780980340.601074,0.000999887,101888,8,815.196117
1780980340.602011,0.001013221,91686,7,723.917092
1780980340.603020,0.000987744,94582,7,766.044643
1780980340.604032,0.001013836,98926,7,780.607514
1780980340.604999,0.000992182,90172,6,727.060156
1780980340.605995,0.000999557,82866,5,663.221807
1780980340.606987,0.000996297,97412,6,782.192459
1780980340.608005,0.000997558,90172,6,723.141913
1780980340.608984,0.001007299,63976,4,508.099383
1780980340.609991,0.000997136,72928,8,585.099726
1780980340.611066,0.001009826,96162,9,761.810451
1780980340.612028,0.000986343,103402,9,838.669712
1780980340.613017,0.001003971,85894,7,684.434112
1780980340.614012,0.000998760,100374,7,803.988946
1780980340.615313,0.001001350,90172,6,720.403455
1780980340.616101,0.000997544,81418,5,652.947639
1780980340.616985,0.001012217,106166,7,839.076996
1780980340.617976,0.000988671,84314,5,682.241110
1780980340.619022,0.001002216,85828,6,685.105806
1780980340.620007,0.000999801,104586,5,836.854534
1780980340.620976,0.000995147,58448,8,469.864251
1780980340.621981,0.000999233,91686,7,734.051017
1780980340.623183,0.001003216,87342,7,696.496069
1780980340.623972,0.001010662,116434,9,921.645417
1780980340.624987,0.000991066,75626,5,610.461866
1780980340.625987,0.001007810,112024,8,889.246981
1780980340.627016,0.000990436,81418,5,657.633608
1780980340.627991,0.000997422,90172,6,723.240514
1780980340.629004,0.001011403,100308,6,793.416670
1780980340.630005,0.000996197,87276,6,700.873422
1780980340.631003,0.000993107,85762,5,690.858085
1780980340.632015,0.001012858,69966,7,552.622381
1780980340.633017,0.000989669,93134,7,752.849690
1780980340.634064,0.001002386,93200,8,743.825233
1780980340.635101,0.001006526,96030,7,763.258972
1780980340.636049,0.000994148,94582,7,761.110016
1780980340.637049,0.000993127,93068,6,749.696665
1780980340.637977,0.001001959,98860,6,789.333695
1780980340.639095,0.001000860,85762,5,685.506464
1780980340.640115,0.001009094,85828,6,680.436114
1780980340.641023,0.000993696,82998,7,668.196310
1780980340.642061,0.000994848,69966,7,562.626653
1780980340.643146,0.001010268,93200,8,738.021990
1780980340.644059,0.000989864,103336,8,835.153112
1780980340.645029,0.000999887,87276,6,698.286906
1780980340.646030,0.001000053,93068,6,744.504541
1780980340.647158,0.001000912,109062,7,871.701009
1780980340.648063,0.000999428,88658,5,709.669931
1780980340.649112,0.001001884,85828,6,685.332833
1780980340.650202,0.000998195,87210,5,698.941590
1780980340.651021,0.001009697,103204,6,817.702737
1780980340.652157,0.000991858,46732,6,376.924923
1780980340.653072,0.001003482,103336,8,823.819461
1780980340.654040,0.001004422,93200,8,742.317472
1780980340.655070,0.000990332,91752,8,741.181745
1780980340.655974,0.001006587,101888,8,809.770045
1780980340.657169,0.000995454,74178,5,596.134025
1780980340.658020,0.000999624,112024,8,896.529095
1780980340.659228,0.001009402,81418,5,645.277105
1780980340.660022,0.000989346,109062,7,881.891674
1780980340.660978,0.000998908,81418,5,652.056045
1780980340.661979,0.001000095,87276,6,698.141677
1780980340.662979,0.001004220,57132,10,455.135329
1780980340.663994,0.000998990,107746,9,862.839468
1780980340.665034,0.000998873,88790,7,711.121434
1780980340.665998,0.000998859,88790,7,711.131401
1780980340.666987,0.000999896,98926,7,791.490315
1780980340.667993,0.001010526,100374,7,794.627748
1780980340.668969,0.000988937,87276,6,706.018685
1780980340.670038,0.000999725,100308,6,802.684738
1780980340.671057,0.001005860,87276,6,694.140338
1780980340.672016,0.000994533,82866,5,666.572150
1780980340.673045,0.001002509,103204,6,823.565674
1780980340.674034,0.001005186,54170,9,431.124190
1780980340.675112,0.000993247,87408,8,704.018235
1780980340.676060,0.001010441,101954,9,807.203983
1780980340.677062,0.001004120,94582,7,753.551368
1780980340.678018,0.000985839,78522,5,637.199380
1780980340.679061,0.001002330,94516,6,754.370317
1780980340.680129,0.000996227,79970,5,642.182956
1780980340.681043,0.001011845,107614,7,850.833873
1780980340.682051,0.001000737,84314,5,674.015251
1780980340.683009,0.000991464,106166,7,856.640281
1780980340.683972,0.000995700,69966,7,562.145224
1780980340.685020,0.001003166,68452,6,545.887719
1780980340.686068,0.000996867,107746,9,864.677033
1780980340.686997,0.001001240,88790,7,709.440294
1780980340.687997,0.000999890,101822,7,814.665613
1780980340.689001,0.001004176,80036,6,637.625277
1780980340.690058,0.000999591,91620,6,733.259903
1780980340.691047,0.000996459,82866,5,665.283770
1780980340.692039,0.001003107,88724,6,707.593507
1780980340.693027,0.000995760,84380,6,677.914357
1780980340.694072,0.001001276,68518,7,547.445460
1780980340.695134,0.001013622,99058,9,781.814128
1780980340.696145,0.000992116,103402,9,833.789597
1780980340.697064,0.000994113,84446,7,679.568620
1780980340.698083,0.001003091,94516,6,753.798010
1780980340.699019,0.001005644,93068,6,740.365378
1780980340.700031,0.001001025,97412,6,778.498040
1780980340.700998,0.000988989,90172,6,729.407506
1780980340.702011,0.000999764,101756,6,814.240161
1780980340.703015,0.001013245,85828,6,677.648545
1780980340.704020,0.000995480,65490,5,526.298871
1780980340.704989,0.000991933,88922,9,717.161341
1780980340.706090,0.001003015,88790,7,708.184823
1780980340.707000,0.001006149,100440,8,798.609351
1780980340.708000,0.000995983,97478,7,782.969187
1780980340.709053,0.001001342,96030,7,767.210404
1780980340.709981,0.001002081,91620,6,731.437878
1780980340.710999,0.000995854,79970,5,642.423488
1780980340.712006,0.000995616,103204,6,829.267509
1780980340.713008,0.001011248,85828,6,678.986757
1780980340.714103,0.000994008,87210,5,701.885699
1780980340.715199,0.000998129,64174,7,514.354357
1780980340.716022,0.001005197,109194,9,869.035622
1780980340.716980,0.000990829,93134,7,751.968301
1780980340.718029,0.001000177,82998,7,663.866496
1780980340.719050,0.001006096,93068,6,740.032760
1780980340.719977,0.000996708,96030,7,770.777399
1780980340.721020,0.000997440,95964,6,769.682387
1780980340.722015,0.001002854,93068,6,742.425119
1780980340.723004,0.001001877,82866,5,661.686015
1780980340.724000,0.001002045,106100,6,847.067746
1780980340.725000,0.001001904,54038,7,431.482457
1780980340.725974,0.000998077,91686,7,734.901215
1780980340.727019,0.001007133,100440,8,797.829085
1780980340.727981,0.000995757,91686,7,736.613451
1780980340.728994,0.000993470,97544,8,785.481192
1780980340.729986,0.001006701,81418,5,647.008397
1780980340.730999,0.000989849,109062,7,881.443533
1780980340.732002,0.001011258,79970,5,632.637764
1780980340.733001,0.000999602,88658,5,709.546399
1780980340.734003,0.000990075,77404,10,625.439487
1780980340.735019,0.001009208,96030,7,761.230589
1780980340.735996,0.000994142,80102,7,644.592020
1780980340.736977,0.000995484,88790,7,713.542357
1780980340.738126,0.001013691,114920,8,906.943043
1780980340.739028,0.000987522,65424,4,530.005407
1780980340.740061,0.001002088,106166,7,847.558298
1780980340.741046,0.000997746,93200,8,747.284379
1780980340.741997,0.001006618,55420,6,440.445134
1780980340.743066,0.000993368,96162,9,774.432033
1780980340.744005,0.001007105,96096,8,763.344438
1780980340.744981,0.000992911,94582,7,762.058231
1780980340.746114,0.001011074,84380,6,667.646483
1780980340.747207,0.000998570,107614,7,862.144867
1780980340.748129,0.001003126,95964,6,765.319611
1780980340.748984,0.000994673,91620,6,736.885388
1780980340.750091,0.000996500,82932,6,665.786252
1780980340.751019,0.000995695,67136,8,539.410161
1780980340.752072,0.001002609,94582,7,754.687022
1780980340.753037,0.001007608,97544,8,774.459909
1780980340.754020,0.000991044,90238,7,728.427799
1780980340.755107,0.001006642,100440,8,798.218234
1780980340.756011,0.001000804,81484,6,651.348316
1780980340.756990,0.000993328,78522,5,632.395342
1780980340.757983,0.000997750,81418,5,652.812829
1780980340.759004,0.001008166,109062,7,865.428908
1780980340.760042,0.001000534,55618,9,444.706527
1780980340.761013,0.000991097,91686,7,740.076905
1780980340.762145,0.001000480,98992,8,791.556053
1780980340.763499,0.001006278,97478,7,774.958809
1780980340.764308,0.000996557,93134,7,747.646146
1780980340.765100,0.001004249,94516,6,752.928806
1780980340.766040,0.000993136,94516,6,761.353933
1780980340.767037,0.001008814,84314,5,668.618794
1780980340.767984,0.000990510,75824,8,612.403711
1780980340.769017,0.001005668,86026,9,684.329222
1780980340.769971,0.000994138,101954,9,820.441428
1780980340.771027,0.001006715,88790,7,705.582017
1780980340.772028,0.001005403,91686,7,729.546262
1780980340.773092,0.000995863,97544,8,783.593727
1780980340.774034,0.000993164,97412,6,784.659935
1780980340.775012,0.000999689,74178,5,593.608612
1780980340.776006,0.001011220,97412,6,770.649315
1780980340.776998,0.000995207,90172,6,724.850207
1780980340.778006,0.001004911,103204,6,821.597136
1780980340.778987,0.000988198,58316,6,472.099721
1780980340.780010,0.001000203,103402,9,827.048109
1780980340.780999,0.001012989,74244,6,586.336081
1780980340.782012,0.000993299,114986,9,926.093754
1780980340.782997,0.000993660,84314,5,678.815691
1780980340.783985,0.001009549,88724,6,703.078305
1780980340.784982,0.001002233,98860,6,789.117900
1780980340.785989,0.000987348,88658,5,718.352597
1780980340.786997,0.001011731,64372,10,509.004864
1780980340.788089,0.000999011,90238,7,722.618670
1780980340.789029,0.000989727,85894,7,694.284383
1780980340.789989,0.001000618,88790,7,709.881293
1780980340.791008,0.001010524,98926,7,783.165961
1780980340.791981,0.000998548,96030,7,769.357107
1780980340.793043,0.001000575,91620,6,732.538790
1780980340.794008,0.000990543,98860,6,798.430760
1780980340.795004,0.001007580,88724,6,704.452252
1780980340.796004,0.001002801,85894,7,685.232663
1780980340.796995,0.000990098,64174,7,518.526449
1780980340.797993,0.001003944,103468,10,824.492203
1780980340.799004,0.000996930,88790,7,712.507398
1780980340.800002,0.001005226,98992,8,787.818859
1780980340.800971,0.000992220,94582,7,762.588942
1780980340.801955,0.000999892,93068,6,744.624419
1780980340.803000,0.001001109,82866,5,662.193627
1780980340.804009,0.001007678,104718,7,831.360812
1780980340.804976,0.001000819,81418,5,650.810986
1780980340.805989,0.000990394,103204,6,833.639945
1780980340.807017,0.001001411,55486,7,443.262557
1780980340.808058,0.001000434,103402,9,826.857144
1780980340.808993,0.000999158,97544,8,781.009610
1780980340.810033,0.001002992,90238,7,719.750506
1780980340.811067,0.001001120,94516,6,755.282084
1780980340.812046,0.001007638,84380,6,669.923127
1780980340.813066,0.000991987,97412,6,785.590940
1780980340.814169,0.001006474,88724,6,705.226365
1780980340.815122,0.000997104,84314,5,676.471060
1780980340.816035,0.000995054,106166,7,853.549657
1780980340.817035,0.000997711,84248,4,675.530289
1780980340.818030,0.001001002,57000,8,455.543545
1780980340.819007,0.001012541,107746,9,851.291948
1780980340.819998,0.000986778,88790,7,719.837694
1780980340.821196,0.001000484,98926,7,791.025144
1780980340.822013,0.001000228,95964,6,767.537002
1780980340.823130,0.001001751,94516,6,754.806334
1780980340.824034,0.000997501,79970,5,641.362766
1780980340.825026,0.001011854,106166,7,839.378013
1780980340.826013,0.000993856,84314,5,678.681821
1780980340.827062,0.000998095,85828,6,687.934515
1780980340.828004,0.001004149,80102,7,638.168240
1780980340.829144,0.000993252,88922,9,716.208978
1780980340.830038,0.001008699,84446,7,669.741915
1780980340.831075,0.000990506,103336,8,834.611804
1780980340.832055,0.001001641,84446,7,674.461209
1780980340.833130,0.001001048,94516,6,755.336407
1780980340.834056,0.001001250,93068,6,743.614482
1780980340.835131,0.001000792,100308,6,801.828951
1780980340.836034,0.001001071,87276,6,697.461019
1780980340.837017,0.000993063,65556,6,528.111510
1780980340.838015,0.001001801,90238,7,720.606188
1780980340.838993,0.000997962,96096,8,770.337949
1780980340.840002,0.001002812,88790,7,708.328181
1780980340.840990,0.000997656,98992,8,793.796659
1780980340.841956,0.000999292,94516,6,756.663718
1780980340.843011,0.001012501,93068,6,735.351372
1780980340.843999,0.000995869,98860,6,794.160678
1780980340.844990,0.000992694,84314,5,679.476254
1780980340.845991,0.001001339,87276,6,697.274350
1780980340.846999,0.000998168,72862,7,583.965825
1780980340.847975,0.000999679,88790,7,710.548086
1780980340.848973,0.001002922,90304,8,720.327204
1780980340.849991,0.000996969,97544,8,782.724438
1780980340.851003,0.001002913,101888,8,812.736499
1780980340.852003,0.001005106,93068,6,740.761671
1780980340.852979,0.000992217,81418,5,656.453175
1780980340.854010,0.001000489,101756,6,813.650125
1780980340.854983,0.000999345,87276,6,698.665626
1780980340.855996,0.001011817,82866,5,655.185671
1780980340.856963,0.001000981,104718,7,836.922979
1780980340.857984,0.000990634,46864,8,378.456625
1780980340.859136,0.000997835,106232,8,851.699930
1780980340.860074,0.001007077,93200,8,740.360469
1780980340.861004,0.001005674,81484,6,648.194146
1780980340.861992,0.000986267,110576,8,896.925478
1780980340.863018,0.001000699,78588,6,628.264843
1780980340.863994,0.001003541,93068,6,741.916872
1780980340.864963,0.000997183,97412,6,781.497478
1780980340.865980,0.001007832,90172,6,715.770089
1780980340.867004,0.000991039,64174,7,518.034104
1780980340.867998,0.001004033,96096,8,765.680013
1780980340.868963,0.001000171,91752,8,733.890505
1780980340.869952,0.000995509,103336,8,830.417405
1780980340.870999,0.001013379,101822,7,803.821670
1780980340.871993,0.000986858,75626,5,613.064899
1780980340.873027,0.000999528,94516,6,756.485061
1780980340.874038,0.001013440,97412,6,768.961162
1780980340.875071,0.000986750,90172,6,731.062579
1780980340.876014,0.000999967,64240,8,513.936960
1780980340.876995,0.001002426,90304,8,720.683622
1780980340.878033,0.000997823,97544,8,782.054533
1780980340.879078,0.001003396,109128,8,870.069245
1780980340.880077,0.001006333,78588,6,624.747474
1780980340.881052,0.000996529,95964,6,770.386010
1780980340.882073,0.001004295,91620,6,729.825400
1780980340.883004,0.000991150,100308,6,809.629219
1780980340.884181,0.001005322,87276,6,694.511808
1780980340.884999,0.001006685,84380,6,670.557324
1780980340.886039,0.000986772,65556,6,531.478396
1780980340.887032,0.001001658,96096,8,767.495492
1780980340.888004,0.001007080,93200,8,740.358263
1780980340.888993,0.000990653,94582,7,763.795194
1780980340.889978,0.001005889,100440,8,798.815774
1780980340.890996,0.000996355,93068,6,747.267791
1780980340.891989,0.000998450,78522,5,629.151184
1780980340.892988,0.001001097,101756,6,813.155968
1780980340.894006,0.001010614,90172,6,713.799730
1780980340.895006,0.000996192,98794,5,793.373165
1780980340.896001,0.001000901,69834,5,558.169090
1780980340.896999,0.000997616,74376,8,596.429889
1780980340.897997,0.000997835,100506,9,805.792541
1780980340.898998,0.000995722,91686,7,736.639343
1780980340.899990,0.001011226,97478,7,771.166881
1780980340.900960,0.000987686,91686,7,742.632780
1780980340.901978,0.001003795,94516,6,753.269343
1780980340.903004,0.000999874,94516,6,756.223284
1780980340.904000,0.001002541,82866,5,661.247769
1780980340.905103,0.000994339,106166,7,854.163419
1780980340.906012,0.001004838,84314,5,671.264423
1780980340.907102,0.000995807,54104,8,434.654506
1780980340.908124,0.001001853,107746,9,860.373727
1780980340.909020,0.001000890,88790,7,709.688377
1780980340.909992,0.001002008,101888,8,813.470551
1780980340.911014,0.000997713,81484,6,653.366249
1780980340.912035,0.001000700,91620,6,732.447287
1780980340.913033,0.000995528,98860,6,794.432703
1780980340.914026,0.000999933,88724,6,709.839559
1780980340.915058,0.001006662,106100,6,843.182717
1780980340.916036,0.001004674,56868,6,452.827484
1780980340.917034,0.000989817,88922,9,718.694466
1780980340.918042,0.001009828,88856,8,703.929778
1780980340.919026,0.001004871,98992,8,788.097179
1780980340.920000,0.000991833,93134,7,751.207108
1780980340.920980,0.000992175,94582,7,762.623529
1780980340.921975,0.001006499,97412,6,774.264058
1780980340.923003,0.001003163,87210,5,695.480196
1780980340.924000,0.000991328,103270,7,833.387133
1780980340.924967,0.001006478,87210,5,693.189518
1780980340.925980,0.001002630,69966,7,558.259777
1780980340.927093,0.001001478,68518,7,547.335039
1780980340.928030,0.001002035,103336,8,825.009106
1780980340.929058,0.000999909,100440,8,803.593127
1780980340.929987,0.000993633,96030,7,773.162727
1780980340.931005,0.001004719,97478,7,776.161295
1780980340.931999,0.000996850,79970,5,641.781612
1780980340.932991,0.000991452,91620,6,739.279360
1780980340.933994,0.001009794,100308,6,794.680895
1780980340.934992,0.000999031,88724,6,710.480456
1780980340.935974,0.000991789,68518,7,552.682072
1780980340.937042,0.000999348,93266,9,746.614793
1780980340.938036,0.001002988,85960,8,685.631334
1780980340.939057,0.000997635,103336,8,828.647752
1780980340.939998,0.001000892,85828,6,686.012077
1780980340.941107,0.001011708,98860,6,781.727534
1780980340.941986,0.000995264,88724,6,713.169571
1780980340.943014,0.001000712,87210,5,697.183605
1780980340.943997,0.000991752,77404,10,624.381902
1780980340.945072,0.001009221,83064,8,658.440520
1780980340.946023,0.001001760,90304,8,721.162754
1780980340.947016,0.000993355,103336,8,832.218089
1780980340.948010,0.000995009,93134,7,748.809307
1780980340.948977,0.001009423,95964,6,760.545381
1780980340.950021,0.001003301,78522,5,626.109213
1780980340.951047,0.000988564,110510,7,894.307298
1780980340.952098,0.001006665,81418,5,647.031535
1780980340.952983,0.001001615,106166,7,847.958547
1780980340.953987,0.000997444,81418,5,653.013101
1780980340.955033,0.001000684,61410,9,490.944194
1780980340.956040,0.001000543,91752,8,733.617646
1780980340.957113,0.000996957,96096,8,771.114501
1780980340.957999,0.000994205,107680,8,866.461142
1780980340.959048,0.001010990,82932,6,656.243880
1780980340.959995,0.000989914,88724,6,717.023903
1780980340.960996,0.001000829,97412,6,778.650499
1780980340.962052,0.001004223,90172,6,718.342440
1780980340.963068,0.000997385,101756,6,816.182317
1780980340.964042,0.000997575,85828,6,688.293111
1780980340.965034,0.001003281,64108,6,511.186796
1780980340.966037,0.000996728,90238,7,724.273824
1780980340.967066,0.001005725,97544,8,775.909916
1780980340.968069,0.001005550,94582,7,752.479737
1780980340.969054,0.001000407,93068,6,744.241094
1780980340.970031,0.000993606,100308,6,807.627973
1780980340.970996,0.000994490,87276,6,702.076441
1780980340.972154,0.001007803,100308,6,796.250855
1780980340.973011,0.001002276,87276,6,696.622487
1780980340.974013,0.000990085,100308,6,810.500109
1780980340.974993,0.001001512,56868,6,454.257163
1780980340.975976,0.001010682,71414,7,565.273746
1780980340.976956,0.000988530,97544,8,789.406492
1780980340.977965,0.001007714,107680,8,854.845720
1780980340.979030,0.000993001,82998,7,668.663979
1780980340.980078,0.001010391,94516,6,748.351876
1780980340.981062,0.000997568,94516,6,757.971386
1780980340.982100,0.000994750,82866,5,666.426740
1780980340.983005,0.001005986,106166,7,844.274175
1780980340.984082,0.000999137,84314,5,675.094607
1780980340.984987,0.000999611,106166,7,849.658517
1780980340.985976,0.001004839,45416,8,361.578322
1780980340.986998,0.000996647,100440,8,806.223267
1780980340.987972,0.000990146,87342,7,705.689868
1780980340.988997,0.001006731,104718,7,832.142847
1780980340.989992,0.000992877,82932,6,668.215700
1780980340.991144,0.001013864,97412,6,768.639581
1780980340.992066,0.000996749,90172,6,723.728842
1780980340.993040,0.000989611,87144,4,704.470747
1780980340.994010,0.001000267,100308,6,802.249799
1780980340.995043,0.001008153,101756,6,807.464740
1780980340.996013,0.000993097,85828,6,691.396711
1780980340.997039,0.001005208,55552,8,442.113473
1780980340.998022,0.001003662,107746,9,858.822990
1780980340.998996,0.000991095,88790,7,716.702233
1780980340.999975,0.000999052,96096,8,769.497484
1780980341.001003,0.000999313,93068,6,745.055853
1780980341.001997,0.001004716,94516,6,752.578838
1780980341.003015,0.000995332,93068,6,748.035831
1780980341.004006,0.000999667,81418,5,651.560970
1780980341.004998,0.001000482,103204,6,825.234237
1780980341.005954,0.000999166,85828,6,687.197122
1780980341.007143,0.001010828,48312,8,382.355851
1780980341.008080,0.000993060,101888,8,820.800354
1780980341.009052,0.000998600,82998,7,664.914881
1780980341.009962,0.000997629,94582,7,758.454295
1780980341.011230,0.001001201,93200,8,744.705609
1780980341.012064,0.001000675,98926,7,790.874160
1780980341.012999,0.001002875,90172,6,719.307990
1780980341.014035,0.001001533,85762,5,685.045825
1780980341.015075,0.001007439,104718,7,831.558040
1780980341.016017,0.000986561,69900,6,566.817460
1780980341.017006,0.001001288,90304,8,721.502705
1780980341.018034,0.001010204,72862,7,577.008208
1780980341.019012,0.000998971,107680,8,862.327335
1780980341.020001,0.000990326,96096,8,776.277711
1780980341.020993,0.001004636,91620,6,729.577678
1780980341.021974,0.000994272,97412,6,783.785523
1780980341.023042,0.001001467,82866,5,661.956909
1780980341.024025,0.000998833,65688,8,526.117980
1780980341.024988,0.001000379,86092,10,688.475068
1780980341.026006,0.001000312,88856,8,710.626285
1780980341.027058,0.000999931,113538,9,908.366677
1780980341.028247,0.001001017,82932,6,662.781951
1780980341.029049,0.000998857,90172,6,722.201476
1780980341.030075,0.001010087,187584,6,1485.685886
1780980341.031085,0.001000314,90172,6,721.149559
1780980341.032095,0.000990268,97412,6,786.954643
1780980341.033074,0.001006700,90172,6,716.574948
1780980341.035534,0.000997954,103204,6,827.324706
1780980341.035751,0.001006612,52458,5,416.907408
1780980341.036005,0.000993353,96096,8,773.912194
1780980341.037096,0.001000016,87342,7,698.724820
1780980341.038008,0.000994239,100440,8,808.175901
1780980341.039005,0.001006834,82866,5,658.428301
1780980341.040075,0.000992945,104718,7,843.696277
1780980341.040976,0.001004958,95964,6,763.924463
1780980341.042249,0.001002850,84314,5,672.595104
1780980341.043115,0.000995756,90172,6,724.450568
1780980341.044015,0.001006369,103204,6,820.406829
1780980341.045027,0.000991357,48312,8,389.865608
1780980341.046006,0.001002152,80102,7,639.439925
1780980341.047018,0.001010244,98992,8,783.905670
1780980341.047976,0.000986596,88724,6,719.435311
1780980341.048983,0.001010384,93134,7,737.414686
1780980341.050003,0.001002988,88658,5,707.151033
1780980341.050990,0.000991006,101822,7,821.968787
1780980341.051999,0.001008442,91620,6,726.824151
1780980341.053074,0.001000056,101756,6,814.002416
1780980341.054031,0.000987652,84314,5,682.945005
1780980341.055004,0.001005182,68518,7,545.318161
1780980341.056075,0.000994250,85960,8,691.657028
1780980341.057006,0.001003913,66938,5,533.416740
1780980341.058115,0.000995988,96030,7,771.334594
1780980341.059078,0.001000516,94582,7,756.265767
1780980341.060071,0.001000177,93068,6,744.412239
1780980341.061039,0.000999682,100308,6,802.719265
1780980341.062043,0.001007819,87276,6,692.791067
1780980341.063044,0.001003787,98860,6,787.896237
1780980341.064056,0.000993961,88658,5,713.573269
1780980341.065066,0.000995699,64174,7,515.609637
1780980341.065996,0.000998958,85960,8,688.397310
1780980341.067097,0.001007182,101888,8,809.291667
1780980341.068030,0.001005119,93134,7,741.277401
1780980341.069017,0.000993089,94582,7,761.921640
1780980341.070028,0.001006135,78522,5,624.345640
1780980341.070999,0.000992267,109062,7,879.295593
1780980341.072122,0.000996354,81418,5,653.727490
1780980341.073051,0.001012262,98860,6,781.299703
1780980341.074180,0.000993799,88724,6,714.220884
1780980341.075121,0.000994006,67070,7,539.795534
1780980341.076021,0.000999892,93200,8,745.680533
1780980341.077018,0.001000618,87408,8,698.832122
1780980341.077972,0.001005278,104784,8,833.870830
1780980341.078998,0.000993989,82932,6,667.468151
1780980341.080100,0.001011649,95964,6,758.871901
1780980341.081148,0.000990466,93068,6,751.710811
1780980341.081990,0.000997493,82866,5,664.594138
1780980341.083017,0.000999963,90172,6,721.402692
1780980341.083994,0.000999705,81418,5,651.536203
1780980341.084992,0.000999482,107614,7,861.358184
1780980341.085953,0.001001749,62660,6,500.404792
1780980341.087012,0.001004762,80234,9,638.829892
1780980341.088011,0.000997836,90370,9,724.527878
1780980341.089054,0.000995550,103336,8,830.383205
1780980341.090000,0.001007713,100440,8,797.369886
1780980341.091065,0.001006931,81418,5,646.860609
1780980341.092033,0.000987788,90172,6,730.294355
1780980341.093005,0.001008480,98860,6,784.229732
1780980341.094079,0.000991229,88724,6,716.072673
1780980341.095049,0.001000675,101756,6,813.498888
1780980341.095982,0.001007828,85762,5,680.766956
1780980341.097040,0.000990140,61278,7,495.105743
1780980341.098043,0.001004914,103468,10,823.696356
1780980341.098973,0.000995898,87342,7,701.614021
1780980341.100057,0.001009499,94582,7,749.536156
1780980341.100971,0.000992793,93134,7,750.480715
1780980341.102014,0.001009058,98860,6,783.780516
1780980341.103006,0.000991162,88724,6,716.121078
1780980341.103996,0.001004955,101756,6,810.034280
1780980341.104980,0.001000649,53972,6,431.495959
1780980341.106004,0.000991548,93200,8,751.955528
1780980341.107020,0.001009763,91818,9,727.441984
1780980341.107996,0.000992252,98992,8,798.119832
1780980341.108962,0.001005372,93134,7,741.090860
1780980341.110064,0.001002828,94582,7,754.522211
1780980341.111128,0.000993496,95964,6,772.737887
1780980341.111990,0.000995632,91620,6,736.175615
1780980341.113003,0.001008806,100308,6,795.459186
1780980341.114035,0.000990778,85762,5,692.482070
1780980341.115057,0.001012072,84380,6,666.988119
1780980341.116008,0.001002822,68452,6,546.074976
1780980341.117061,0.000992250,77272,8,623.004283
1780980341.118010,0.000997389,88856,8,712.708883
1780980341.119009,0.000999726,104784,8,838.501749
1780980341.120033,0.001010581,100440,8,795.106973
1780980341.121038,0.000987697,82932,6,671.720173
1780980341.122022,0.001010931,93068,6,736.493391
1780980341.123122,0.000993942,81418,5,655.313892
1780980341.124064,0.000995691,109062,7,876.271855
1780980341.125063,0.001008076,79970,5,634.634690
1780980341.126037,0.000994604,88724,6,713.642817
1780980341.127072,0.001004739,72928,8,580.672194
1780980341.128022,0.000992329,87342,7,704.137438
1780980341.129004,0.000997643,104784,8,840.252475
1780980341.129976,0.001000251,96030,7,768.047220
1780980341.131268,0.001007403,93134,7,739.596765
1780980341.132042,0.000993441,82866,5,667.304853
1780980341.133014,0.001010366,107614,7,852.079346
1780980341.134014,0.000988876,78522,5,635.242437
1780980341.135031,0.001005276,90172,6,717.589995
1780980341.136052,0.000994526,67136,8,540.044202
1780980341.136996,0.001010108,98992,8,784.011215
1780980341.137950,0.000989421,100506,9,812.644971
1780980341.139000,0.001010093,94582,7,749.095380
1780980341.139985,0.001001981,96030,7,766.721125
1780980341.140994,0.000988280,80036,6,647.881167
1780980341.141993,0.001008012,109062,7,865.561124
1780980341.143009,0.000996453,82866,5,665.287776
1780980341.144012,0.001007789,88724,6,704.306159
1780980341.144996,0.000987978,101756,6,823.953570
1780980341.145991,0.001001451,58382,7,466.379284
1780980341.147005,0.000999028,87474,9,700.472860
1780980341.147997,0.000999405,177778,8,1423.070727
1780980341.148992,0.001000792,101888,8,814.458949
1780980341.150064,0.001003164,94516,6,753.743157
1780980341.151093,0.001007868,93068,6,738.731659
1780980341.152041,0.000993344,97412,6,784.517750
1780980341.153011,0.000995639,84314,5,677.466431
1780980341.154027,0.001008038,88724,6,704.132185
1780980341.155016,0.000994011,101756,6,818.952708
1780980341.156029,0.001007791,69966,7,555.400872
1780980341.157052,0.000988748,71480,8,578.347567
1780980341.158009,0.001006941,103336,8,820.989512
1780980341.159005,0.000998763,87342,7,699.601407
1780980341.159977,0.000997704,110576,8,886.643734
1780980341.160969,0.000996781,95964,6,770.191246
1780980341.161997,0.001005538,77074,5,613.196120
1780980341.163008,0.001005837,94516,6,751.740093
1780980341.163992,0.000990215,81418,5,657.780381
1780980341.165000,0.001009315,108996,6,863.920580
1780980341.165953,0.000989217,85696,4,693.041062
1780980341.167003,0.001011243,74244,6,587.348441
1780980341.168064,0.000989236,87672,12,709.007760
1780980341.169098,0.001012736,88790,7,701.387133
1780980341.170219,0.000987410,100440,8,813.765305
1780980341.171110,0.001002266,97478,7,778.060914
1780980341.171994,0.000997148,93068,6,746.673513
1780980341.173068,0.001009406,95964,6,760.558190
1780980341.174047,0.000991762,74178,5,598.353234
1780980341.175155,0.001007749,77338,9,613.946528
1780980341.176012,0.000991917,101888,8,821.746174
1780980341.177102,0.001009299,97544,8,773.162363
1780980341.177984,0.000990467,78588,6,634.755121
1780980341.179033,0.001002125,100440,8,801.816141
1780980341.179973,0.001010325,91686,7,725.992131
1780980341.181001,0.000989892,96030,7,776.084664
1780980341.181965,0.001008840,84314,5,668.601562
1780980341.183010,0.000989591,87276,6,705.552092
1780980341.183998,0.001008582,101756,6,807.121285
1780980341.185003,0.000993947,85762,5,690.274230
1780980341.185976,0.000996474,64174,7,515.208626
1780980341.186997,0.001000044,100440,8,803.484647
1780980341.188097,0.001002311,87408,8,697.651727
1780980341.189021,0.000997657,90238,7,723.599393
1780980341.190021,0.001001407,112090,9,895.460088
1780980341.191080,0.001006767,88658,5,704.496671
1780980341.192013,0.000991512,84380,6,680.818790
1780980341.193033,0.000999813,97412,6,779.441756
1780980341.194016,0.001003188,85762,5,683.915677
1780980341.195065,0.000997853,104718,7,839.546506
1780980341.196026,0.000999490,56934,7,455.704409
1780980341.197023,0.001000148,96228,10,769.710083
1780980341.198222,0.001005713,77206,7,614.139421
1780980341.199157,0.001003323,106232,8,847.041282
1780980341.200104,0.001003623,96030,7,765.466714
1780980341.201005,0.000987535,82932,6,671.830366
1780980341.202004,0.001005952,91620,6,728.623235
1780980341.203003,0.000993765,81418,5,655.430610
1780980341.204001,0.001006888,110510,7,878.032115
1780980341.204994,0.000997406,82866,5,664.652108
1780980341.206011,0.001006570,87408,8,694.699822
1780980341.207093,0.000997833,74310,7,595.771036
1780980341.208047,0.000992363,93134,7,750.805905
1780980341.209012,0.001004106,96096,8,765.624346
1780980341.210031,0.000997223,96030,7,770.379343
1780980341.211038,0.000998234,94582,7,757.994618
1780980341.212039,0.001005332,77074,5,613.321768
1780980341.213030,0.000996407,111958,7,898.893725
1780980341.214037,0.001008643,79970,5,634.277936
1780980341.215030,0.000989236,88724,6,717.515335
1780980341.216027,0.001005353,84446,7,671.970940
1780980341.217039,0.001002309,68518,7,546.881251
1780980341.218037,0.001001092,98992,8,791.072149
1780980341.219088,0.000992095,88790,7,715.979820
1780980341.220047,0.001013197,98992,8,781.620948
1780980341.221065,0.000985963,95964,6,778.641795
1780980341.222033,0.000999833,91620,6,733.082425
1780980341.223084,0.001002929,98860,6,788.570278
1780980341.223996,0.000997835,88724,6,711.332034
1780980341.225175,0.001015488,85894,7,676.671709
1780980341.226016,0.000990581,62726,7,506.579472
1780980341.227023,0.001000228,90304,8,722.267323
1780980341.228016,0.001003734,90304,8,719.744474
1780980341.228989,0.000996567,97478,7,782.510358
1780980341.229959,0.000999448,94516,6,756.545613
1780980341.231018,0.001003814,93068,6,741.715099
1780980341.232012,0.001000434,97412,6,778.957932
1780980341.233004,0.000993526,90172,6,726.076620
1780980341.234030,0.000999351,101756,6,814.576660
1780980341.234987,0.000995547,63976,4,514.097275
1780980341.235995,0.000999980,104586,5,836.704734
1780980341.236980,0.000999687,48312,8,386.617011
1780980341.237998,0.001008257,91686,7,727.481188
1780980341.239172,0.001000806,96096,8,768.148872
1780980341.240002,0.000992743,75692,6,609.962498
1780980341.241119,0.000999278,111958,7,896.311137
1780980341.242023,0.001007562,98860,6,784.944252
1780980341.243175,0.000998903,88724,6,710.571497
1780980341.244077,0.000995924,81484,6,654.539905
1780980341.244978,0.001010857,45284,6,358.381057
1780980341.245986,0.000986838,99058,9,803.033527
1780980341.247044,0.001012962,100440,8,793.238048
1780980341.248144,0.000997934,98926,7,793.046434
1780980341.249020,0.000993224,93068,6,749.623448
1780980341.249982,0.000994605,77074,5,619.936558
1780980341.251013,0.001000811,110510,7,883.363592
1780980341.252205,0.001000013,81418,5,651.335533
1780980341.253136,0.001006303,90172,6,716.857646
1780980341.254020,0.000997127,103204,6,828.010875
1780980341.255033,0.001004607,84380,6,671.944352
1780980341.256011,0.000991582,54038,7,435.974029
1780980341.257033,0.001000681,98992,8,791.397059
1780980341.258015,0.001001615,99058,9,791.186234
1780980341.259010,0.001000709,93134,7,744.544118
1780980341.260017,0.001010820,94582,7,748.556617
1780980341.260985,0.000995656,95964,6,771.061491
1780980341.261982,0.000996985,91620,6,735.176557
1780980341.263014,0.001006160,97412,6,774.524926
1780980341.264063,0.000987442,87210,5,706.552891
1780980341.265071,0.001001877,62792,8,501.394882
1780980341.266029,0.000998976,93266,9,746.892818
1780980341.267009,0.001004042,100506,9,800.811121
1780980341.268110,0.000995647,91686,7,736.694833
1780980341.269063,0.001004731,96096,8,765.148084
1780980341.269981,0.000999341,98860,6,791.401534
1780980341.270992,0.000995848,88724,6,712.751344
1780980341.272016,0.000999424,82866,5,663.310067
1780980341.273190,0.001007108,71414,7,567.279775
1780980341.274084,0.001009158,90304,8,715.876008
1780980341.275011,0.000984464,94648,8,769.133254
1780980341.276078,0.001014325,100440,8,792.172134
1780980341.277053,0.000989933,91686,7,740.947115
1780980341.278041,0.000995181,96096,8,772.490632
1780980341.279035,0.001002992,95964,6,765.421858
1780980341.280025,0.001011473,81418,5,643.955894
1780980341.280988,0.000997299,93068,6,746.560460
1780980341.281987,0.000989334,98860,6,799.406469
1780980341.283062,0.001011671,66872,4,528.804325
1780980341.284062,0.000988938,88790,7,718.265452
1780980341.285015,0.000999129,71480,8,572.338507
1780980341.285985,0.001007859,106298,9,843.752946
1780980341.287239,0.000993280,82932,6,667.944588
1780980341.288099,0.001005993,93200,8,741.158239
1780980341.289045,0.000992328,95964,6,773.647423
1780980341.290126,0.001007818,91620,6,727.274171
1780980341.291163,0.000992664,100308,6,808.394381
1780980341.292017,0.001008358,87276,6,692.420747
1780980341.292996,0.000999580,84380,6,675.323636
1780980341.294024,0.001005201,65622,7,522.259727
1780980341.295027,0.000993708,103402,9,832.453799
1780980341.295974,0.000992160,93200,8,751.491695
1780980341.296988,0.001001666,94648,8,755.924630
1780980341.297972,0.000999850,94516,6,756.241436
1780980341.299011,0.001005060,93068,6,740.795574
1780980341.299995,0.000998579,97412,6,780.404955
1780980341.301026,0.000995285,85762,5,689.346268
1780980341.302004,0.001006182,85828,6,682.405370
1780980341.303024,0.000994083,103204,6,830.546343
1780980341.303988,0.000999820,51208,8,409.737753
1780980341.304973,0.001004710,106364,10,846.922993
1780980341.305972,0.000995204,81550,7,655.543989
1780980341.307020,0.001010559,94648,8,749.272432
1780980341.307986,0.000990274,94516,6,763.554329
1780980341.308993,0.001011971,190480,6,1505.813902
1780980341.309981,0.000988896,78522,5,635.229589
1780980341.310993,0.001008987,90172,6,714.950738
1780980341.312016,0.000999608,81418,5,651.599427
1780980341.312992,0.000996393,106166,7,852.402616
1780980341.314092,0.000998962,82866,5,663.616834
1780980341.315024,0.001005612,68782,11,547.185197
1780980341.315999,0.000992390,100374,7,809.149629
1780980341.316995,0.000999172,87342,7,699.315033
1780980341.317975,0.000998329,97544,8,781.658151
1780980341.319002,0.000999516,98926,7,791.791227
1780980341.319990,0.000999690,94516,6,756.362472
1780980341.320989,0.001003721,78522,5,625.847222
1780980341.322059,0.001007336,109062,7,866.141982
1780980341.323049,0.000989705,82866,5,669.823836
1780980341.324018,0.001000954,85828,6,685.969585
1780980341.325028,0.001002799,80102,7,639.027362
1780980341.326018,0.000997497,78720,8,631.340245
1780980341.326988,0.000997419,93266,9,748.058740
1780980341.327979,0.001002304,91686,7,731.801928
1780980341.328969,0.000998207,96096,8,770.148877
1780980341.329979,0.001006538,96030,7,763.249872
1780980341.331006,0.000994430,91620,6,737.065455
1780980341.331966,0.000999044,98860,6,791.636805
1780980341.332979,0.001001778,88724,6,708.532230
1780980341.333950,0.000996827,81418,5,653.417293
1780980341.335008,0.001003954,106034,5,844.931142
1780980341.336063,0.000996100,64174,7,515.402068
1780980341.336999,0.001002378,80300,10,640.875997
1780980341.337992,0.001012563,100440,8,793.550624
1780980341.339024,0.000998308,103402,9,828.618022
1780980341.340001,0.000996010,94582,7,759.687152
1780980341.340995,0.000997404,78588,6,630.340364
1780980341.341970,0.001000411,81418,5,651.076408
1780980341.343015,0.000998889,94516,6,756.968993
1780980341.343992,0.000995065,71414,7,574.145408
1780980341.344985,0.001010707,88790,7,702.795172
1780980341.345998,0.000999071,94648,8,757.888078
1780980341.347002,0.000998146,80036,6,641.477299
1780980341.347992,0.000993852,113538,9,913.922797
1780980341.348992,0.001007008,94516,6,750.865932
1780980341.349979,0.000997533,78522,5,629.729543
1780980341.350981,0.000994893,84314,5,677.974415
1780980341.351977,0.001002383,104718,7,835.752402
1780980341.352992,0.000997684,82866,5,664.466905
1780980341.354004,0.001004992,108996,6,867.636757
1780980341.355037,0.000998218,58250,5,466.831894
1780980341.356046,0.000995141,87408,8,702.678314
1780980341.357082,0.001002340,96096,8,766.973283
1780980341.358036,0.001000632,93134,7,744.601412
1780980341.358985,0.000998490,100440,8,804.735150
1780980341.360060,0.001002558,78522,5,626.573226
1780980341.361026,0.000996430,107614,7,863.996467
1780980341.362056,0.001011433,81418,5,643.981361
1780980341.363079,0.000993266,90172,6,726.266680
1780980341.363994,0.000994893,100308,6,806.583221
1780980341.365013,0.001004612,87276,6,695.002648
1780980341.366001,0.001004156,57000,8,454.112708
1780980341.367013,0.001003942,110642,9,881.660494
1780980341.368003,0.000997730,87342,7,700.325739
1780980341.368972,0.000989225,101888,8,823.982410
1780980341.370001,0.001009333,85828,6,680.274993
1780980341.370992,0.000991243,97412,6,786.180583
1780980341.371972,0.000999590,90172,6,721.671885
1780980341.372987,0.001015432,103204,6,813.084480
1780980341.373989,0.000984873,84380,6,685.408169
1780980341.375008,0.001012647,81418,5,643.209332
1780980341.375993,0.000987778,104652,6,847.575062
1780980341.376995,0.001004516,51142,7,407.296648
1780980341.378004,0.001007941,104850,9,832.191567
1780980341.379007,0.000987056,93134,7,754.842684
1780980341.379989,0.000999699,100440,8,803.761932
1780980341.380984,0.001000663,91620,6,732.474369
1780980341.382134,0.000999791,97412,6,779.458907
1780980341.383040,0.001005179,79970,5,636.463754
1780980341.384029,0.000995135,93068,6,748.183915
1780980341.385059,0.001007810,101756,6,807.739554
1780980341.385995,0.000991865,84380,6,680.576490
1780980341.387022,0.001008333,45284,6,359.278135
1780980341.388016,0.001004195,101888,8,811.698923
1780980341.389028,0.000987948,71348,6,577.747007
1780980341.390024,0.000999203,106232,8,850.533875
1780980341.391059,0.001008169,110576,8,877.440191
1780980341.392042,0.001004314,81484,6,649.071904
1780980341.393034,0.000992901,91620,6,738.200485
1780980341.394032,0.001001928,98860,6,789.358118
1780980341.395057,0.001005913,84314,5,670.547055
1780980341.396041,0.000996909,101756,6,816.572024
1780980341.397032,0.000997576,55486,7,444.966599
1780980341.398030,0.000995825,80168,8,644.032837
1780980341.398999,0.000997039,103402,9,829.672661
1780980341.399978,0.000999914,100374,7,803.061063
1780980341.400970,0.000999564,91686,7,733.807940
1780980341.402014,0.001000769,95964,6,767.122083
1780980341.403020,0.001009392,95964,6,760.568738
1780980341.403966,0.000990709,71216,4,575.070985
1780980341.405041,0.001004314,104718,7,834.145496
1780980341.406058,0.001005083,101690,5,809.405790
1780980341.407035,0.000994970,52656,8,423.377589
1780980341.408040,0.001003417,90370,9,720.498058
1780980341.409023,0.000993819,101888,8,820.173492
1780980341.410016,0.001000935,87342,7,698.083292
1780980341.411040,0.001009293,109062,7,864.462550
1780980341.412224,0.000998049,79970,5,641.010612
1780980341.413072,0.000992070,78522,5,633.197254
1780980341.414031,0.001001930,109062,7,870.815326
1780980341.415080,0.000995933,82866,5,665.635138
1780980341.416017,0.000999093,107548,6,861.165077
1780980341.416993,0.001014576,68584,8,540.789453
1780980341.418006,0.000985487,75824,8,615.525116
1780980341.419049,0.001007652,101954,9,809.438179
1780980341.420000,0.000995151,88790,7,713.781125
1780980341.421044,0.001001528,103270,7,824.899553
1780980341.421973,0.001008181,94516,6,749.992313
1780980341.423143,0.000994034,93068,6,749.012609
1780980341.424104,0.000995342,81418,5,654.392159
1780980341.425009,0.001006835,88724,6,704.973506
1780980341.425993,0.000992025,101690,5,820.059978
1780980341.426995,0.000999925,85762,5,686.147461
1780980341.428051,0.001012345,65754,9,519.617324
1780980341.429018,0.000997215,74310,7,596.140251
1780980341.430079,0.000990321,106232,8,858.162151
1780980341.431090,0.001012265,84446,7,667.382553
1780980341.432042,0.000987531,94516,6,765.675204
1780980341.433065,0.001012021,95964,6,758.592954
1780980341.434044,0.000999343,79970,5,640.180599
1780980341.435050,0.001001310,107614,7,859.785681
1780980341.436024,0.000991430,87210,5,703.710802
1780980341.437028,0.000997977,101822,7,816.227228
1780980341.437970,0.001006493,45284,6,359.934942
1780980341.438996,0.000990855,100440,8,810.936010
1780980341.439988,0.001000208,100440,8,803.352903
1780980341.441000,0.001000408,81484,6,651.606145
1780980341.442001,0.001012872,93134,7,735.603314
1780980341.443012,0.000987522,94516,6,765.682182
1780980341.443984,0.001002417,93068,6,742.748776
1780980341.444989,0.000998594,101756,6,815.194163
1780980341.445961,0.000998643,85828,6,687.557015
1780980341.446980,0.001000534,85894,7,686.785257
1780980341.448041,0.001006468,65622,7,521.602276
1780980341.449124,0.000994707,90304,8,726.276180
1780980341.450204,0.001010712,100440,8,795.003918
1780980341.451039,0.000990259,97544,8,788.028183
1780980341.452089,0.001002089,94582,7,755.078641
1780980341.452988,0.000995248,93068,6,748.098966
1780980341.453981,0.000999920,97412,6,779.358349
1780980341.455005,0.001006376,90172,6,716.805647
1780980341.455977,0.000997181,82866,5,664.802077
1780980341.456978,0.001007040,104652,6,831.363203
1780980341.458012,0.001002046,84248,4,672.607844
1780980341.458993,0.000988686,59962,9,485.185387
1780980341.459993,0.001003344,98992,8,789.296592
1780980341.460991,0.000995258,85894,7,690.426000
1780980341.461976,0.001004284,106232,8,846.230747
1780980341.462982,0.000996384,98992,8,794.810033
1780980341.463999,0.001006600,82932,6,659.105901
1780980341.465005,0.001006338,91620,6,728.343757
1780980341.465985,0.000988093,87210,5,706.087382
1780980341.467010,0.000998505,104718,7,838.998302
1780980341.468022,0.001009662,81418,5,645.110938
1780980341.468977,0.000990947,74376,8,600.443818
1780980341.469953,0.001000585,87474,9,699.382861
1780980341.471142,0.001002199,104850,9,836.959526
1780980341.472253,0.001008772,85894,7,681.176718
1780980341.473064,0.000989947,97478,7,787.743182
1780980341.473997,0.001002696,93134,7,743.068687
1780980341.475207,0.001004437,94516,6,752.787880
1780980341.476005,0.000991409,94516,6,762.680185
1780980341.476976,0.000998784,79970,5,640.538895
1780980341.478003,0.000999866,109062,7,872.612930
1780980341.479009,0.001003453,65556,6,522.643313
1780980341.480003,0.001009788,81616,8,646.599088
1780980341.480989,0.000987093,85960,8,696.671945
1780980341.481971,0.001004283,106232,8,846.231590
1780980341.483001,0.000996539,96030,7,770.908113
1780980341.483993,0.000999864,81484,6,651.960667
1780980341.484993,0.000998741,91620,6,733.883960
1780980341.485979,0.001007594,104652,6,830.906099
1780980341.487004,0.000993337,82932,6,667.906259
1780980341.487992,0.000999867,103204,6,825.741824
1780980341.489047,0.001000252,84380,6,674.869933
1780980341.490017,0.001009182,67268,10,533.247719
1780980341.491002,0.000999462,94582,7,757.063300
1780980341.491982,0.000999405,85894,7,687.561099
1780980341.493011,0.001004456,101888,8,811.488009
1780980341.494110,0.000998819,93134,7,745.952970
1780980341.495105,0.000997893,97412,6,780.941444
1780980341.496074,0.000995744,90172,6,724.459299
1780980341.497015,0.000994667,79970,5,643.190133
1780980341.498018,0.001014075,107614,7,848.962848
1780980341.499023,0.000997512,66938,5,536.839657
1780980341.500076,0.000997884,72862,7,584.132023
1780980341.501010,0.000994560,88790,7,714.205277
1780980341.502017,0.001001461,101888,8,813.914870
1780980341.503063,0.001005313,93134,7,741.134353
1780980341.504047,0.000996090,97478,7,782.885081
1780980341.505028,0.000998760,84314,5,675.349433
1780980341.506014,0.000996266,91620,6,735.707130
1780980341.507035,0.001006349,98860,6,785.890382
1780980341.508016,0.000995549,91620,6,736.236991
1780980341.509029,0.001010318,97412,6,771.337341
1780980341.510040,0.000986121,49760,8,403.682712
1780980341.511034,0.000999923,96096,8,768.827200
1780980341.512035,0.001003826,103336,8,823.537147
1780980341.513036,0.001008986,100440,8,796.363874
1780980341.514040,0.000998871,78588,6,629.414609
1780980341.515060,0.000992234,95964,6,773.720715
1780980341.516042,0.000995666,100308,6,805.957018
1780980341.517010,0.001000044,88724,6,709.760771
1780980341.518144,0.001009740,82866,5,656.533365
1780980341.519234,0.000990767,106166,7,857.242924
1780980341.520025,0.000999924,59896,8,479.204420
1780980341.521069,0.001010289,87540,10,693.187791
1780980341.521970,0.001001131,103402,9,826.281476
1780980341.523006,0.000988594,85894,7,695.080083
1780980341.524006,0.001008247,101888,8,808.436822
1780980341.525005,0.001002528,81418,5,649.701554
1780980341.525982,0.000997878,107614,7,862.742740
1780980341.527016,0.001004585,84314,5,671.433478
1780980341.528006,0.000998918,85828,6,687.367732
1780980341.528997,0.000995186,103204,6,829.625819
1780980341.529989,0.000993623,84380,6,679.372358
1780980341.531008,0.000999183,62726,7,502.218312
1780980341.531997,0.001000377,103468,10,827.432058
1780980341.532979,0.000999112,85894,7,687.762733
1780980341.533979,0.001002243,91686,7,731.846468
1780980341.534990,0.001011334,96030,7,759.630350
1780980341.535997,0.000987571,95964,6,777.373981
1780980341.536990,0.000999440,91620,6,733.370688
1780980341.537975,0.001000021,100308,6,802.447149
1780980341.539006,0.001004549,87210,5,694.520626
1780980341.540082,0.000996783,82866,5,665.067522
1780980341.540981,0.001000711,67136,8,536.706402
1780980341.541978,0.001002107,101888,8,813.390187
1780980341.543004,0.000995775,91686,7,736.600136
1780980341.544162,0.001000355,88724,6,709.540113
1780980341.544989,0.000999584,84380,6,675.320934
1780980341.545993,0.001005071,97478,7,775.889465
1780980341.547027,0.001002242,93068,6,742.878466
1780980341.547995,0.000992288,84314,5,679.754265
1780980341.549027,0.001006087,85828,6,682.469806
1780980341.550008,0.000995034,101756,6,818.110738
1780980341.551015,0.001008056,64174,7,509.289166
1780980341.552037,0.000990781,86026,9,694.611625
1780980341.553012,0.001000010,91686,7,733.480665
1780980341.553980,0.001000201,110642,9,884.958123
1780980341.555076,0.001008339,80036,6,634.992795
1780980341.556014,0.000999829,93068,6,744.671339
1780980341.557082,0.000992299,94516,6,761.996132
1780980341.558053,0.001011540,93068,6,736.049983
1780980341.559006,0.000996255,101756,6,817.108070
1780980341.560062,0.001004104,85828,6,683.817613
1780980341.561082,0.000990804,55420,6,447.474980
1780980341.561996,0.001001465,97544,8,779.210457
1780980341.563014,0.001008560,98992,8,785.214563
1780980341.564002,0.000991471,88790,7,716.430435
1780980341.565016,0.000995452,98926,7,795.023768
1780980341.565995,0.001000736,95964,6,767.147380
1780980341.567065,0.001000343,91620,6,732.708681
1780980341.568037,0.001005398,81418,5,647.846922
1780980341.569030,0.000993952,97412,6,784.037861
1780980341.570025,0.000999196,90106,5,721.428028
1780980341.571050,0.001002547,59896,8,477.950660
1780980341.572016,0.001003455,98992,8,789.209282
1780980341.573040,0.001005566,87342,7,694.868363
1780980341.574012,0.000989210,107680,8,870.836324
1780980341.575045,0.001006811,85828,6,681.979041
1780980341.576024,0.001002015,93068,6,743.046761
1780980341.577018,0.000998990,93068,6,745.296750
1780980341.578027,0.000992059,101756,6,820.564100
1780980341.579093,0.001005532,90172,6,717.407303
1780980341.580052,0.000998359,81418,5,652.414612
1780980341.581090,0.001002647,80168,8,639.650844
1780980341.582025,0.000995041,84512,8,679.465469
1780980341.583081,0.001005611,88790,7,706.356633
1780980341.584050,0.000996826,100440,8,806.078493
1780980341.585032,0.000998548,94582,7,757.756262
1780980341.586011,0.000997283,94516,6,758.187997
1780980341.587121,0.001012183,81418,5,643.504188
1780980341.588001,0.000987391,107614,7,871.905861
1780980341.589040,0.001000958,85762,5,685.439349
1780980341.590025,0.000999705,68584,8,548.833906
1780980341.591021,0.001000233,72796,6,582.232340
1780980341.591996,0.001005106,96096,8,764.862612
1780980341.592985,0.001005391,98926,7,787.164397
1780980341.593973,0.000988686,94582,7,765.314771
1780980341.595003,0.001001106,93134,7,744.248861
1780980341.595991,0.001004819,94516,6,752.501694
1780980341.596971,0.000993908,93068,6,749.107563
1780980341.597988,0.001000218,97412,6,779.126150
1780980341.599006,0.001001426,87210,5,696.686525
1780980341.599992,0.000999019,85762,5,686.769721
1780980341.601046,0.001005085,67202,9,534.896054
1780980341.601981,0.001000176,91752,8,733.886836
1780980341.603001,0.000994708,104718,7,842.200927
1780980341.603986,0.001004762,91620,6,729.486187
1780980341.604986,0.000995294,96096,8,772.402928
1780980341.605965,0.001000585,79970,5,639.385959
1780980341.606990,0.000999592,95964,6,768.025354
1780980341.607988,0.001005727,82866,5,659.153031
1780980341.608981,0.001003273,104652,6,834.484731
1780980341.610007,0.001000864,81418,5,650.781725
1780980341.611012,0.000993691,73060,10,588.190896
1780980341.612115,0.001006584,90304,8,717.706620
1780980341.613038,0.000991606,97544,8,786.957723
1780980341.614036,0.001002186,94648,8,755.532406
1780980341.615045,0.000995217,98860,6,794.680959
1780980341.616035,0.001005559,90172,6,717.388040
1780980341.617034,0.000999420,100308,6,802.929699
1780980341.618009,0.000998599,88724,6,710.787814
1780980341.619048,0.001008463,82866,5,657.364722
1780980341.620028,0.000988722,106166,7,859.015982
1780980341.621034,0.000999876,58316,6,466.585857
1780980341.622036,0.001007392,93266,9,740.653092
1780980341.622995,0.001003535,94648,8,754.516783
1780980341.624000,0.000988917,87342,7,706.566881
1780980341.624991,0.001001785,104784,8,836.778351
1780980341.626006,0.001000560,91620,6,732.549772
1780980341.627007,0.001012464,78522,5,620.442801
1780980341.628005,0.000988219,97412,6,788.586336
1780980341.629012,0.001004677,90172,6,718.017831
1780980341.630126,0.000999646,85894,7,687.395338
1780980341.631385,0.000993553,49628,6,399.600223
1780980341.632024,0.001004867,91686,7,729.935404
1780980341.633014,0.001000607,87408,8,698.839804
1780980341.634031,0.000998880,117882,9,944.113407
1780980341.635065,0.000994210,81484,6,655.668320
1780980341.636046,0.001011615,103270,7,816.674328
1780980341.637068,0.000988322,90172,6,729.899770
1780980341.638041,0.001000169,82866,5,662.815984
1780980341.639033,0.001000660,87276,6,697.747487
1780980341.639988,0.001000334,101756,6,813.776199
1780980341.641003,0.001005994,64174,7,510.333064
1780980341.641992,0.000993449,85960,8,692.214698
1780980341.642992,0.001008692,104784,8,831.048526
1780980341.643972,0.000991114,96096,8,775.660519
1780980341.644965,0.001001240,82932,6,662.634333
1780980341.646055,0.001008884,91620,6,726.505723
1780980341.647017,0.001002783,79970,5,637.984489
1780980341.648161,0.000988095,91554,5,741.256661
1780980341.648990,0.000999603,103204,6,825.959906
1780980341.649971,0.001013088,68584,8,541.583752
1780980341.651006,0.000995951,81616,8,655.582453
1780980341.651984,0.000995320,80102,7,643.829120
1780980341.652966,0.001004548,96096,8,765.287473
1780980341.653976,0.000990438,91686,7,740.569324
1780980341.655006,0.001008932,96030,7,761.438828
1780980341.655987,0.000993023,97412,6,784.771350
1780980341.656988,0.001012048,90172,6,712.788326
1780980341.657988,0.000998915,101756,6,814.932201
1780980341.659006,0.000987105,82866,5,671.588129
1780980341.660000,0.001005689,74376,8,591.642148
1780980341.660992,0.001000224,77272,8,618.037560
1780980341.661998,0.000994919,101954,9,819.797391
1780980341.663034,0.001008336,93200,8,739.436061
1780980341.664005,0.001005252,96096,8,764.751525
1780980341.665013,0.000986525,96030,7,778.733433
1780980341.666003,0.001010760,81418,5,644.410147
1780980341.667015,0.000991353,90172,6,727.668146
1780980341.667982,0.001002155,97412,6,777.620228
1780980341.668988,0.001001698,93068,6,743.281907
1780980341.670073,0.001004649,72994,9,581.249770
1780980341.671021,0.000989389,87342,7,706.229804
1780980341.672129,0.001011153,100506,9,795.179365
1780980341.672997,0.000989234,94582,7,764.890815
1780980341.674069,0.001003623,82998,7,661.587070
1780980341.675000,0.000995152,97412,6,783.092432
1780980341.676008,0.001012504,93068,6,735.349194
1780980341.677027,0.000997516,100308,6,804.462284
1780980341.678165,0.000997017,87276,6,700.296986
1780980341.679057,0.001003145,82866,5,660.849628
1780980341.680045,0.000998028,87276,6,699.587587
1780980341.681020,0.001008619,64174,7,509.004887
1780980341.682023,0.000990890,113538,9,916.654725
1780980341.682988,0.000992901,87342,7,703.731792
1780980341.684102,0.001004352,93134,7,741.843497
1780980341.684973,0.001001128,96096,8,767.901807
1780980341.686014,0.001006146,81418,5,647.365293
1780980341.686990,0.000987947,91620,6,741.902147
1780980341.687996,0.000999947,98860,6,790.921919
1780980341.689150,0.001003430,88724,6,707.365736
1780980341.690206,0.000996352,101690,5,816.498587
1780980341.691077,0.001000411,69900,6,558.970263
1780980341.692572,0.001007322,68650,9,545.207987
1780980341.693098,0.000992454,98992,8,797.957386
1780980341.694122,0.001011919,98926,7,782.086313
1780980341.695057,0.000996633,96096,8,771.365187
1780980341.696006,0.000991198,81418,5,657.128041
1780980341.697025,0.001012279,110510,7,873.356061
1780980341.697991,0.000988712,82866,5,670.496565
1780980341.699014,0.000999052,88724,6,710.465521
1780980341.700057,0.001013368,101756,6,803.309360
1780980341.701042,0.000987576,85762,5,694.727292
1780980341.702028,0.001011472,88724,6,701.741620
1780980341.703028,0.000995522,59896,8,481.323366
1780980341.703960,0.000999208,98992,8,792.563710
1780980341.704961,0.000992975,96030,7,773.675067
1780980341.705950,0.001000134,94582,7,756.554622
1780980341.707002,0.001006558,94582,7,751.726180
1780980341.707979,0.001006574,94516,6,751.189679
1780980341.709095,0.000993554,82866,5,667.228958
1780980341.710057,0.000995271,106166,7,853.363556
1780980341.710998,0.000999132,85762,5,686.692049
1780980341.711984,0.000998330,84314,5,675.640319
1780980341.713098,0.001004777,106100,6,844.764560
1780980341.714062,0.001001681,54236,10,433.159858
1780980341.715016,0.000996749,94648,8,759.653634
1780980341.716089,0.001008535,100440,8,796.719995
1780980341.717008,0.001002629,101888,8,812.966711
1780980341.718048,0.000991170,80036,6,645.992110
1780980341.719049,0.001001042,93068,6,743.768993
1780980341.720065,0.001004838,98860,6,787.072145
1780980341.721020,0.000988763,88724,6,717.858577
1780980341.722065,0.001008682,100308,6,795.556974
1780980341.723024,0.000991409,56868,6,458.886292
1780980341.723987,0.001011386,85894,7,679.416168
1780980341.725070,0.000998831,96096,8,769.667742
1780980341.726040,0.000989713,100440,8,811.871724
1780980341.726986,0.001000287,94516,6,755.911054
1780980341.728070,0.001005056,93068,6,740.798523
1780980341.729063,0.001007449,95964,6,762.035597
1780980341.729998,0.000992345,85762,5,691.388580
1780980341.731069,0.001005688,59896,8,476.457907
1780980341.732038,0.000996227,99058,9,795.465291
1780980341.732986,0.000992544,87342,7,703.984912
1780980341.734075,0.001005126,101888,8,810.947085
1780980341.735058,0.000995612,97544,8,783.791276
1780980341.736064,0.001005055,96030,7,764.376079
1780980341.737038,0.000995632,91620,6,736.175615
1780980341.738000,0.001005453,98860,6,786.590721
1780980341.739086,0.001000883,88724,6,709.165807
1780980341.740052,0.000993508,82866,5,667.259851
1780980341.741032,0.000999687,75824,8,606.781923
1780980341.742022,0.001000021,82998,7,663.970057
1780980341.743070,0.001000510,97544,8,779.954223
1780980341.744030,0.001001388,91686,7,732.471330
1780980341.745016,0.001002918,101822,7,812.205983
1780980341.746010,0.000997243,94582,7,758.747868
1780980341.747085,0.000997995,95964,6,769.254355
1780980341.748011,0.001000273,87210,5,697.489585
1780980341.749029,0.000999367,85828,6,687.058908
1780980341.750008,0.001010416,84314,5,667.558708
1780980341.751079,0.000998296,103138,5,826.512377
1780980341.752028,0.000990915,65688,8,530.321975
1780980341.753022,0.000999845,99058,9,792.586851
1780980341.754009,0.001006100,97544,8,775.620714
1780980341.755026,0.001003065,78588,6,626.782910
1780980341.755999,0.000991512,96096,8,775.349164
1780980341.757007,0.001010918,100308,6,793.797321
1780980341.757970,0.000988646,91620,6,741.377601
1780980341.759022,0.001000761,65490,5,523.521600
1780980341.760032,0.000999759,65622,7,525.102550
1780980341.760987,0.001000960,102020,10,815.377238
1780980341.762017,0.001014007,103402,9,815.789240
1780980341.763012,0.000991136,84446,7,681.609789
1780980341.763993,0.001004850,91686,7,729.947753
1780980341.764982,0.000997561,96096,8,770.647610
1780980341.765999,0.000995215,98860,6,794.682556
1780980341.766996,0.000995821,88724,6,712.770669
1780980341.767998,0.001003600,97412,6,776.500598
1780980341.768996,0.001003119,84314,5,672.414738
1780980341.769998,0.000998879,87276,6,698.991570
1780980341.771005,0.001003422,80102,7,638.630606
1780980341.771980,0.000998520,88856,8,711.901614
1780980341.772988,0.001000953,87408,8,698.598236
1780980341.774017,0.000998895,101888,8,816.005686
1780980341.775006,0.000996592,93068,6,747.090083
1780980341.776000,0.001003426,94582,7,754.072547
1780980341.776976,0.000997166,95964,6,769.893879
1780980341.777993,0.000996980,82866,5,664.936107
1780980341.779017,0.001007063,90172,6,716.316655
1780980341.779997,0.000995948,103204,6,828.991072
1780980341.780993,0.001003489,85762,5,683.710534
1780980341.781992,0.000991064,68584,8,553.619141
1780980341.783325,0.001005276,91686,7,729.638428
1780980341.784117,0.001004615,84446,7,672.464576
1780980341.785002,0.000993375,93134,7,750.041022
1780980341.786187,0.001005951,98992,8,787.251069
1780980341.787028,0.000994151,45086,3,362.810076
1780980341.788001,0.000998253,0,0,0.000000
1780980341.788951,0.000999092,0,0,0.000000
1780980341.789980,0.001010928,0,0,0.000000
1780980341.791022,0.000990485,24748,2,199.885914
1780980341.792020,0.001002972,21786,1,173.771551
1780980341.792998,0.001003540,39228,2,312.716982
1780980341.793966,0.000992087,39228,2,316.327096
1780980341.794990,0.001000581,108930,5,870.933987
1780980341.795998,0.001006018,98860,6,786.148956
1780980341.796993,0.000996590,97412,6,781.962492
1780980341.797980,0.001004346,88724,6,706.720592
1780980341.799098,0.000997810,72862,7,584.175344
1780980341.800041,0.001002729,81682,9,651.677572
1780980341.801058,0.001006935,104850,9,833.022986
1780980341.802006,0.000985170,91686,7,744.529371
1780980341.803039,0.001010817,85894,7,679.798618
1780980341.804198,0.000989914,90172,6,728.725930
1780980341.805078,0.001008634,97478,7,773.148635
1780980341.806178,0.000993276,82866,5,667.415703
1780980341.807032,0.000997695,106166,7,851.290224
1780980341.807993,0.000999720,87210,5,697.875405
1780980341.809007,0.001007018,68518,7,544.323935
1780980341.809995,0.000994154,90436,10,727.742382
1780980341.811085,0.001000161,91686,7,733.369927
1780980341.811979,0.001001702,97544,8,779.026098
1780980341.813017,0.000997041,97478,7,782.138347
1780980341.814000,0.000999720,94516,6,756.339775
1780980341.815198,0.001010944,78522,5,621.375665
1780980341.816052,0.000989473,91620,6,740.757959
1780980341.816997,0.001008709,103204,6,818.503652
1780980341.818097,0.000998790,103270,7,827.160865
1780980341.819110,0.000994086,56868,6,457.650545
1780980341.820060,0.000999633,90370,9,723.225424
1780980341.821031,0.001009837,87342,7,691.929490
1780980341.822079,0.000989725,88790,7,717.694309
1780980341.823071,0.001005552,82998,7,660.317915
1780980341.823988,0.000993734,96030,7,773.084145
1780980341.824972,0.001001768,91620,6,731.666414
1780980341.825961,0.001010417,101756,6,805.655487
1780980341.827004,0.000994320,70032,8,563.456433
1780980341.827991,0.001003891,88922,9,708.618764
1780980341.828983,0.000998795,93200,8,746.499532
1780980341.830005,0.000999017,101888,8,815.906036
1780980341.831001,0.000991353,77140,6,622.502782
1780980341.831997,0.000999748,96096,8,768.961778
1780980341.832986,0.001006852,95964,6,762.487436
1780980341.834008,0.001000820,91620,6,732.359465
1780980341.835006,0.001001868,100308,6,800.967792
1780980341.836021,0.001001406,87210,5,696.700439
1780980341.836973,0.001000270,82866,5,662.749058
1780980341.837960,0.000998335,78720,8,630.810299
1780980341.838989,0.000991618,44034,9,355.249703
1780980341.840006,0.001004946,97544,8,776.511375
1780980341.840981,0.000994134,88790,7,714.511323
1780980341.842150,0.001011808,106166,7,839.416174
1780980341.843092,0.000989413,84446,7,682.796769
1780980341.844062,0.001008953,82866,5,657.045472
1780980341.844987,0.000989048,106166,7,858.732842
1780980341.845986,0.001010685,78720,8,623.102153
1780980341.847003,0.000997592,75824,8,608.056199
1780980341.847987,0.000996217,99058,9,795.473275
1780980341.849005,0.000997352,82998,7,665.746898
1780980341.850054,0.001008553,100440,8,796.705776
1780980341.850984,0.000991692,94582,7,762.994962
1780980341.852051,0.001001518,94516,6,754.981937
1780980341.853087,0.001005790,78522,5,624.559799
1780980341.854048,0.001003620,111958,7,892.433391
1780980341.855081,0.000988691,84314,5,682.227309
1780980341.856065,0.001000612,103270,7,825.654699
1780980341.857011,0.001010114,74310,7,588.527632
1780980341.857979,0.000999968,64372,10,514.992480
1780980341.859024,0.001003156,96096,8,766.349401
1780980341.860005,0.000998204,103336,8,828.175403
1780980341.860986,0.000994901,100440,8,807.638147
1780980341.861952,0.000993101,91620,6,738.051820
1780980341.862996,0.000999610,80036,6,640.537810
1780980341.863989,0.001007147,97412,6,773.765895
1780980341.864991,0.001004200,90106,5,717.833101
1780980341.865974,0.000989481,84314,5,681.682619
1780980341.866990,0.001011299,78588,6,621.679642
1780980341.867999,0.000992005,80102,7,645.980615
1780980341.869016,0.001004557,96096,8,765.280616
1780980341.870006,0.001000134,100440,8,803.412343
1780980341.871021,0.001005199,91686,7,729.694319
1780980341.872003,0.000994714,96096,8,772.853303
1780980341.873176,0.000993008,94516,6,761.452073
1780980341.874110,0.000997719,93068,6,746.246188
1780980341.875045,0.001005026,79970,5,636.560646
1780980341.876325,0.000999004,106034,5,849.117721
1780980341.877111,0.000997064,82932,6,665.409643
1780980341.878003,0.001010873,60094,11,475.581008
1780980341.879022,0.001000269,106232,8,849.627450
1780980341.880007,0.000988312,94648,8,766.138628
1780980341.880973,0.000999622,91686,7,733.765363
1780980341.881967,0.001004946,85828,6,683.244672
1780980341.883026,0.001008594,94516,6,749.685205
1780980341.884003,0.000993544,93068,6,749.382010
1780980341.885008,0.001004442,82866,5,659.996296
1780980341.886000,0.000997665,110510,7,886.149158
1780980341.887015,0.000990962,79904,4,645.062071
1780980341.888008,0.001013077,78654,7,621.109748
1780980341.888987,0.000986819,87408,8,708.604111
1780980341.889983,0.000999607,85894,7,687.422157
1780980341.891001,0.001000757,98992,8,791.336958
1780980341.892009,0.001000548,100374,7,802.552201
1780980341.893008,0.001005405,91620,6,729.019649
1780980341.893991,0.000994059,78522,5,631.930298
1780980341.895534,0.001000247,110510,7,883.861686
1780980341.896015,0.001013095,78522,5,620.056362
1780980341.897134,0.000998924,90172,6,722.153037
1780980341.898115,0.000998205,103204,6,827.116674
1780980341.899057,0.000996217,54104,8,434.475621
1780980341.900060,0.000994947,96096,8,772.672313
1780980341.901026,0.001007775,85894,7,681.850611
1780980341.902007,0.000990816,101888,8,822.659303
1780980341.903069,0.001001335,97478,7,778.784323
1780980341.904109,0.001003650,90172,6,718.752553
1780980341.905169,0.000998863,95964,6,768.585882
1780980341.906084,0.000997177,91620,6,735.035004
1780980341.907228,0.001012452,81418,5,643.333215
1780980341.908154,0.000993460,106166,7,854.919171
1780980341.909024,0.000992238,52656,8,424.543305
1780980341.910029,0.001000926,99124,10,792.258369
1780980341.911048,0.001006088,91686,7,729.049546
1780980341.912131,0.000993522,101888,8,820.418672
1780980341.913132,0.001013063,94582,7,746.899255
1780980341.914150,0.000992163,78522,5,633.137902
1780980341.915058,0.001007715,82866,5,657.852667
1780980341.916106,0.000987151,93068,6,754.235168
1780980341.917023,0.000999872,82866,5,663.012866
1780980341.917989,0.000999175,87408,8,699.841369
1780980341.919122,0.001008772,61146,5,484.914331
1780980341.920085,0.001005117,117882,9,938.254949
1780980341.921043,0.000993177,82998,7,668.545486
1780980341.922050,0.000996689,94582,7,759.169611
1780980341.923067,0.000996416,94648,8,759.907509
1780980341.924038,0.001003348,79970,5,637.625231
1780980341.925001,0.001005756,111958,7,890.538063
1780980341.926037,0.000998140,81418,5,652.557757
1780980341.927035,0.001003163,87276,6,696.006531
1780980341.927959,0.000989264,100242,5,810.639021
1780980341.928991,0.001005598,78456,4,624.153986
1780980341.930255,0.000997895,67202,9,538.750069
1780980341.931374,0.000997321,97478,7,781.918760
1780980341.932093,0.001005460,96096,8,764.593320
1780980341.933804,0.000997420,65490,5,525.275210
1780980341.934566,0.001001385,109062,7,871.289264
1780980341.934989,0.000998799,97412,6,780.233060
1780980341.935988,0.001009218,90172,6,714.787093
1780980341.936961,0.000996127,97412,6,782.325948
1780980341.937961,0.000993574,90106,5,725.510128
1780980341.939059,0.001005461,62726,7,499.082510
1780980341.939978,0.001003833,90370,9,720.199475
1780980341.941042,0.000989412,98992,8,800.410749
1780980341.942082,0.001011818,88724,6,701.501653
1780980341.943008,0.000987563,96030,7,777.914928
1780980341.943995,0.000999240,81484,6,652.367800
1780980341.944980,0.001010946,91620,6,725.023889
1780980341.945974,0.000989390,81418,5,658.328869
1780980341.947001,0.001001560,101756,6,812.780063
1780980341.947996,0.001005951,85828,6,682.562073
1780980341.948981,0.001003879,65556,6,522.421527
1780980341.949991,0.000987816,91818,9,743.604072
1780980341.951016,0.001016214,100440,8,790.699597
1780980341.952000,0.000988063,94582,7,765.797323
1780980341.952990,0.000997105,82932,6,665.382282
1780980341.953984,0.001006988,97412,6,773.888070
1780980341.954985,0.001005827,91620,6,728.713785
1780980341.956001,0.000991873,82866,5,668.359760
1780980341.956993,0.001009441,107614,7,852.860147
1780980341.957976,0.000984964,81418,5,661.287113
1780980341.959002,0.001006762,88724,6,705.024623
1780980341.959990,0.000998108,74376,8,596.135889
1780980341.961058,0.001006149,97544,8,775.582940
1780980341.961973,0.000990125,93200,8,753.036233
1780980341.963124,0.001000028,96030,7,768.218490
1780980341.964043,0.001000874,94582,7,755.995260
1780980341.965103,0.000999413,79970,5,640.135760
1780980341.965954,0.000998729,90172,6,722.294036
1780980341.966989,0.001001070,100308,6,801.606281
1780980341.967989,0.000998535,87276,6,699.232375
1780980341.968988,0.001001042,103204,6,824.772587
1780980341.969998,0.001005690,58316,6,463.888475
1780980341.970998,0.000997938,87540,10,701.767044
1780980341.971997,0.000999772,90304,8,722.596752
1780980341.973002,0.001002770,101888,8,812.852399
1780980341.974061,0.000993347,88790,7,715.077410
1780980341.975048,0.001004301,98926,7,788.018731
1780980341.975995,0.000995603,94516,6,759.467378
1780980341.977001,0.001002689,93068,6,742.547290
1780980341.977974,0.000997085,81418,5,653.248219
1780980341.979055,0.001002529,101756,6,811.994466
1780980341.980070,0.001005313,87210,5,693.992816
1780980341.981017,0.000992044,77272,8,623.133651
1780980341.981988,0.001004341,77272,8,615.504097
1780980341.983013,0.000998063,103336,8,828.292402
1780980341.984067,0.001000054,93134,7,745.031768
1780980341.984959,0.000997139,84446,7,677.506346
1780980341.985970,0.001014496,110510,7,871.447497
1780980341.986994,0.000997978,79970,5,641.056216
1780980341.987996,0.000989365,81418,5,658.345504
1780980341.988993,0.000998716,107614,7,862.018832
1780980341.989976,0.001001930,101756,6,812.479914
1780980341.991001,0.001001596,58382,7,466.311766
1780980341.991978,0.000997170,72862,7,584.550277
1780980341.992995,0.001004143,113538,9,904.556423
1780980341.994005,0.000997110,90238,7,723.996349
1780980341.995013,0.001008575,91620,6,726.728305
1780980341.996067,0.000990302,95964,6,775.230182
1780980341.997076,0.001004600,79970,5,636.830579
1780980341.997996,0.000996323,110510,7,887.342759
1780980341.998980,0.000998704,81418,5,652.189237
1780980342.000003,0.001003576,87276,6,695.720105
1780980342.001070,0.001003177,101756,6,811.469960
1780980342.002060,0.001001093,55618,9,444.458207
1780980342.003039,0.000992152,96096,8,774.849015
1780980342.004059,0.001007024,90304,8,717.393031
1780980342.005018,0.000998465,113538,9,909.700390
1780980342.006001,0.001001129,79970,5,639.038526
1780980342.007042,0.000993278,91620,6,737.920300
1780980342.008127,0.001009794,95964,6,760.265955
1780980342.009015,0.000994800,91620,6,736.791315
1780980342.010021,0.001008546,101756,6,807.150095
1780980342.011052,0.000989933,85828,6,693.606537
1780980342.012024,0.001004219,54104,8,431.013554
1780980342.013019,0.001001821,100440,8,802.059450
1780980342.014009,0.000990386,97544,8,787.927131
1780980342.015061,0.001004016,91686,7,730.554095
1780980342.016041,0.001007846,96030,7,762.259313
1780980342.017049,0.001001187,97412,6,778.372072
1780980342.018009,0.000988224,79970,5,647.383589
1780980342.019011,0.001006394,107614,7,855.442302
1780980342.019997,0.000996077,68320,4,548.712600
1780980342.020985,0.001000569,80234,9,641.506983
1780980342.022144,0.001002386,91884,10,733.322293
1780980342.023017,0.000994741,93200,8,749.541841
1780980342.023982,0.001000302,100440,8,803.277410
1780980342.025034,0.001000559,84380,6,674.662863
1780980342.026067,0.001002541,107614,7,858.729967
1780980342.027036,0.001005680,79970,5,636.146687
1780980342.028029,0.000990335,93068,6,751.810246
1780980342.029076,0.001011708,82866,5,655.256260
1780980342.030043,0.001000891,106166,7,848.571922
1780980342.031109,0.000988151,67004,6,542.459604
1780980342.032261,0.001003749,84446,7,673.044755
1780980342.033100,0.000996229,94714,9,760.580148
1780980342.033970,0.001005581,94648,8,752.981610
1780980342.035108,0.001006316,96096,8,763.942936
1780980342.036150,0.000988564,94516,6,764.875112
1780980342.037016,0.001001025,94516,6,755.353762
1780980342.038007,0.001001747,79970,5,638.644288
1780980342.039062,0.000995880,107614,7,864.473631
1780980342.040052,0.001002672,85762,5,684.267637
1780980342.040981,0.000999885,71480,8,571.905769
1780980342.041981,0.000997254,90370,9,724.950715
1780980342.043095,0.001002770,75692,6,603.863299
1780980342.044082,0.001007710,100440,8,797.372260
1780980342.045062,0.000989323,94582,7,764.822005
1780980342.045984,0.001000344,94516,6,755.867981
1780980342.047024,0.001002127,94516,6,754.523129
1780980342.048122,0.001007672,77074,5,611.897522
1780980342.048998,0.000994795,103204,6,829.951900
1780980342.049964,0.001006414,67136,8,533.665072
1780980342.051023,0.001002559,83064,8,662.815854
1780980342.052008,0.000998827,88856,8,711.682804
1780980342.052981,0.000997898,99058,9,794.133268
1780980342.053972,0.000995219,91686,7,737.011653
1780980342.055003,0.000994331,96096,8,773.150993
1780980342.055992,0.001001033,95964,6,766.919772
1780980342.056999,0.001010465,91620,6,725.369013
1780980342.058032,0.000987542,100308,6,812.587211
1780980342.059040,0.001004682,87276,6,694.954224
1780980342.060043,0.001010075,69966,7,554.144989
1780980342.061014,0.000991070,85894,7,693.343558
1780980342.062038,0.001001257,82998,7,663.150420
1780980342.063090,0.000994517,103402,9,831.776631
1780980342.064041,0.001012508,94582,7,747.308663
1780980342.065021,0.000987397,93134,7,754.581997
1780980342.066086,0.001007806,94516,6,750.271382
1780980342.067219,0.000994017,81418,5,655.264447
1780980342.068012,0.000997654,100308,6,804.351007
1780980342.069007,0.001005721,90172,6,717.272484
1780980342.069981,0.001002581,98860,6,788.843994
1780980342.071005,0.000991386,57000,8,459.962114
1780980342.071994,0.001003327,90370,9,720.562688
1780980342.072994,0.001001098,85894,7,686.398335
1780980342.073992,0.001001546,101822,7,813.318609
1780980342.074997,0.000994654,98926,7,795.661607
1780980342.075990,0.000998951,91620,6,733.729682
1780980342.076998,0.001007329,79970,5,635.105313
1780980342.077997,0.001000214,110510,7,883.890847
1780980342.079005,0.000992834,78522,5,632.710000
1780980342.080001,0.001007316,107614,7,854.659312
1780980342.080991,0.000995321,82866,5,666.044422
1780980342.082005,0.001008217,62858,9,498.765643
1780980342.083018,0.000989173,87342,7,706.384020
1780980342.084000,0.001000401,93134,7,744.773346
1780980342.084992,0.001000751,94648,8,756.615782
1780980342.086015,0.001000387,93068,6,744.255973
1780980342.086991,0.001002198,94582,7,754.996518
1780980342.087975,0.000996566,78522,5,630.340590
1780980342.088980,0.000999429,103204,6,826.103705
1780980342.089971,0.000999868,88724,6,709.885705
1780980342.091082,0.001011833,88658,5,700.969429
1780980342.092025,0.000989466,100242,5,810.473528
1780980342.093003,0.001004512,44034,9,350.689688
1780980342.093966,0.000995175,77140,6,620.112041
1780980342.095003,0.001000428,110642,9,884.757324
1780980342.095996,0.000999315,91620,6,733.462422
1780980342.096987,0.000999048,94582,7,757.377023
1780980342.097993,0.001000980,193508,7,1546.548383
1780980342.099003,0.001003393,78522,5,626.051806
1780980342.100036,0.000996036,91620,6,735.877016
1780980342.101030,0.001000216,103204,6,825.453702
1780980342.102043,0.001003283,85828,6,684.377190
1780980342.103030,0.000998377,74310,7,595.446410
1780980342.104041,0.000999122,84512,8,676.690134
1780980342.105000,0.000999978,85894,7,687.167118
1780980342.106021,0.000999461,96096,8,769.182589
1780980342.107165,0.001013691,110642,9,873.181275
1780980342.108017,0.000986213,80036,6,649.239059
1780980342.109051,0.001001671,93068,6,743.301942
1780980342.110072,0.001011392,82866,5,655.460988
1780980342.111083,0.000994788,107614,7,865.422582
1780980342.112076,0.000992405,82866,5,668.001471
1780980342.112998,0.000999721,85762,5,686.287474
1780980342.114011,0.001000373,56868,6,454.774369
1780980342.115031,0.001003165,81616,8,650.868003
1780980342.116010,0.001010626,104850,9,829.980626
1780980342.116998,0.000992819,90238,7,727.125488
1780980342.117981,0.001001068,101822,7,813.706961
1780980342.119001,0.001000074,81418,5,651.295804
1780980342.119977,0.000997694,90172,6,723.043338
1780980342.120967,0.000994174,82866,5,666.812852
1780980342.121964,0.001000021,88724,6,709.777095
1780980342.122998,0.001003871,85828,6,683.976328
1780980342.123997,0.000995619,68518,7,550.555986
1780980342.124999,0.001009971,97544,8,772.647928
1780980342.126007,0.001004433,88790,7,707.185049
1780980342.126999,0.000987616,98992,8,801.866312
1780980342.128022,0.001012807,93134,7,735.650524
1780980342.129051,0.000987047,94582,7,766.585583
1780980342.130068,0.001003346,94516,6,753.606433
1780980342.131047,0.000995948,87210,5,700.518501
1780980342.132202,0.001007232,70098,9,556.757530
1780980342.133123,0.000992042,85960,8,693.196457
1780980342.134012,0.000999990,102020,10,816.168162
1780980342.135012,0.001006900,106232,8,844.032178
1780980342.135984,0.000994757,81484,6,655.307779
1780980342.136968,0.001005999,94516,6,751.619037
1780980342.138026,0.001000748,93068,6,743.987497
1780980342.139072,0.000995725,98860,6,794.275528
1780980342.140017,0.000995666,88724,6,712.881629
1780980342.141061,0.001010802,84314,5,667.303785
1780980342.142094,0.000994766,103204,6,829.976095
1780980342.143016,0.000995239,56934,7,457.650876
1780980342.144001,0.001000095,99058,9,792.388723
1780980342.145038,0.001006719,96096,8,763.637122
1780980342.146052,0.001004344,94516,6,752.857587
1780980342.147041,0.000990620,93134,7,752.126951
1780980342.148028,0.000999003,79970,5,640.398477
1780980342.149031,0.000999739,98860,6,791.086474
1780980342.150013,0.000998609,88724,6,710.780696
1780980342.151051,0.001000684,85762,5,685.627031
1780980342.152022,0.001008213,104586,5,829.872259
1780980342.153037,0.001000540,68452,6,547.320447
1780980342.154009,0.000991828,77272,8,623.269357
1780980342.155159,0.001001047,99058,9,791.635158
1780980342.156074,0.001006236,90238,7,717.430106
1780980342.157060,0.000999304,98926,7,791.959204
1780980342.158077,0.000992696,97478,7,785.561743
1780980342.159009,0.001010333,94516,6,748.394836
1780980342.160005,0.001000196,69900,6,559.090418
1780980342.160977,0.000992245,77272,8,623.007423
1780980342.161989,0.000997849,99058,9,794.172265
1780980342.163016,0.001012138,97544,8,770.993679
1780980342.164003,0.000999165,93134,7,745.694655
1780980342.164972,0.000988219,96030,7,777.398532
1780980342.166000,0.001001781,93068,6,743.220325
1780980342.167003,0.001005187,79970,5,636.458689
1780980342.167997,0.000996869,90172,6,723.641722
1780980342.168993,0.000996418,101756,6,816.974402
1780980342.170003,0.001013171,85828,6,677.698039
1780980342.171000,0.000988851,58250,5,471.254011
1780980342.172014,0.001007051,84512,8,671.362225
1780980342.172993,0.001002190,88922,9,709.821491
1780980342.173970,0.001000649,90238,7,721.435788
1780980342.175005,0.000997121,100440,8,805.840013
1780980342.176081,0.000998998,80036,6,640.930212
1780980342.177031,0.000995338,91620,6,736.393064
1780980342.178015,0.000996520,97412,6,782.017421
1780980342.179059,0.001005970,90172,6,717.094943
1780980342.180033,0.000994656,101756,6,818.421645
1780980342.181011,0.001007636,64174,7,509.501447
1780980342.182096,0.000999509,86026,9,688.546076
1780980342.183011,0.000997903,88856,8,712.341781
1780980342.183982,0.000996756,98992,8,794.513401
1780980342.184991,0.000997791,93068,6,746.192339
1780980342.185992,0.001001778,94516,6,754.785991
1780980342.186983,0.000997354,97412,6,781.363488
1780980342.187973,0.001005243,90172,6,717.613552
1780980342.189028,0.001005059,82866,5,659.591128
1780980342.190215,0.001002372,101690,5,811.594897
1780980342.191009,0.000990898,68452,6,552.646186
1780980342.192091,0.000998343,71414,7,572.260235
1780980342.192982,0.000998427,97544,8,781.581428
1780980342.194076,0.001005611,106298,9,845.639119
1780980342.195041,0.001006705,96030,7,763.123259
1780980342.196018,0.000996919,81550,7,654.416256
1780980342.196984,0.000990184,93068,6,751.924895
1780980342.197985,0.001011397,95964,6,759.060982
1780980342.199116,0.000990726,78522,5,634.056238
1780980342.200021,0.000999302,110510,7,884.697519
1780980342.201170,0.001012359,85696,4,677.198504
1780980342.201989,0.000991733,70032,8,564.926245
1780980342.203103,0.001004753,77140,6,614.200704
1780980342.204076,0.000994017,110642,9,890.463644
1780980342.205039,0.001004250,91752,8,730.909634
1780980342.206035,0.000997762,78588,6,630.114196
1780980342.207106,0.001006541,94516,6,751.214307
1780980342.208035,0.000995028,97412,6,783.190021
1780980342.209141,0.001003320,90172,6,718.988957
1780980342.210063,0.000999637,97412,6,779.578987
1780980342.211260,0.001002764,88658,5,707.308998
1780980342.212102,0.000987435,65754,9,532.725698
1780980342.212984,0.000999780,93200,8,745.764068
1780980342.213989,0.001007783,94648,8,751.336349
1780980342.215023,0.001001875,91686,7,732.115284
1780980342.215996,0.000991159,96030,7,775.092594
1780980342.216966,0.001006209,97412,6,774.487209
1780980342.218053,0.000992462,90172,6,726.855033
1780980342.219011,0.001003932,82998,7,661.383440
1780980342.219983,0.000996789,75890,9,609.075742
1780980342.221045,0.001010358,93266,9,738.478836
1780980342.221972,0.001000346,87342,7,698.494321
1780980342.223052,0.000989694,114986,9,929.467088
1780980342.223989,0.001003582,91686,7,730.870024
1780980342.224983,0.001000401,81484,6,651.610704
1780980342.225966,0.000998466,94516,6,757.289682
1780980342.227014,0.000996899,93068,6,746.860013
1780980342.227995,0.001010075,101756,6,805.928273
1780980342.228976,0.000989250,85762,5,693.551681
1780980342.229995,0.001012952,85828,6,677.844557
1780980342.231120,0.000988056,67004,6,542.511760
1780980342.232022,0.001006685,98992,8,786.677064
1780980342.233091,0.000992622,77140,6,621.706954
1780980342.234109,0.001001094,98926,7,790.543146
1780980342.235296,0.000999911,106166,7,849.403597
1780980342.236074,0.001000737,93068,6,743.995675
1780980342.237040,0.000998967,79970,5,640.421555
1780980342.238072,0.001011014,82866,5,655.706054
1780980342.238992,0.000988589,85828,6,694.549504
1780980342.240090,0.001012469,84314,5,666.205089
1780980342.240993,0.000986893,87276,6,707.480953
1780980342.242003,0.001007522,77206,7,613.036738
1780980342.242997,0.000993263,87342,7,703.475313
1780980342.244092,0.001012504,113538,9,897.086826
1780980342.245155,0.000991201,81484,6,657.658739
1780980342.245985,0.001005969,96096,8,764.206452
1780980342.247042,0.000997468,78522,5,629.770579
1780980342.248081,0.001003903,111958,7,892.181814
1780980342.249036,0.000989205,79970,5,646.741575
1780980342.249987,0.001008378,107614,7,853.759205
1780980342.251050,0.000992912,82866,5,667.660377
1780980342.252002,0.001002313,68452,6,546.352287
1780980342.253018,0.001002703,81682,9,651.694470
1780980342.253956,0.000993869,88790,7,714.701837
1780980342.254999,0.001007765,112156,10,890.334552
1780980342.255997,0.000998800,80036,6,641.057269
1780980342.256982,0.001001502,109128,8,871.714685
1780980342.257973,0.000995693,84314,5,677.429690
1780980342.259017,0.001006054,88724,6,705.520777
1780980342.259993,0.000992509,98860,6,796.849197
1780980342.260995,0.001003555,87210,5,695.208534
1780980342.261969,0.000992505,101822,7,820.727351
1780980342.263005,0.001006012,48246,7,383.661427
1780980342.263977,0.000995076,103402,9,831.309367
1780980342.264980,0.001005522,77140,6,613.730978
1780980342.265979,0.001001018,106232,8,848.991726
1780980342.267169,0.001004408,84380,6,672.077482
1780980342.268010,0.000991709,93068,6,750.768623
1780980342.269003,0.001005406,81418,5,647.841767
1780980342.269953,0.000991671,97412,6,785.841272
1780980342.271000,0.001000630,90172,6,720.921819
1780980342.272099,0.001005705,104652,6,832.466777
1780980342.272993,0.001007564,58514,9,464.597782
1780980342.274172,0.000996540,82998,7,666.289361
1780980342.275144,0.000996406,107746,9,865.077087
1780980342.276014,0.000999798,88724,6,709.935407
1780980342.276994,0.000993331,75626,5,609.069887
1780980342.278059,0.001007137,109062,7,866.313123
1780980342.279113,0.000999836,78522,5,628.279038
1780980342.279978,0.001001658,110510,7,882.616622
1780980342.281022,0.000991713,82866,5,668.467591
1780980342.282039,0.001000415,85762,5,685.811388
1780980342.283087,0.000999591,106034,5,848.619085
1780980342.284192,0.001006271,54104,8,430.134626
1780980342.285043,0.001005323,104784,8,833.833504
1780980342.285992,0.000987777,81484,6,659.938427
1780980342.286992,0.001000868,109128,8,872.266872
1780980342.287985,0.000999865,77140,6,617.203322
1780980342.288992,0.001005582,111958,7,890.692156
1780980342.290004,0.001004323,81418,5,648.540360
1780980342.291000,0.000998268,107614,7,862.405687
1780980342.291984,0.001000654,85762,5,685.647586
1780980342.293006,0.000994983,82866,5,666.270680
1780980342.293990,0.000996302,67136,8,539.081523
1780980342.295061,0.001006425,74310,7,590.684850
1780980342.296029,0.000996412,112090,9,899.949017
1780980342.297225,0.000997250,88790,7,712.278767
1780980342.298024,0.001009909,84380,6,668.416659
1780980342.299021,0.000990463,93068,6,751.713088
1780980342.299993,0.001000349,84314,5,674.276677
1780980342.300980,0.001000923,93068,6,743.857420
1780980342.301980,0.001008298,62594,5,496.630956
1780980342.303141,0.001002484,88856,8,709.086629
1780980342.303985,0.000987560,107812,10,873.360606
1780980342.305152,0.001000162,74244,6,593.855795
1780980342.306001,0.000999472,100440,8,803.944483
1780980342.307022,0.001004330,109062,7,868.734380
1780980342.308014,0.000996112,94516,6,759.079300
1780980342.308977,0.000999881,81418,5,651.421519
1780980342.309992,0.000999500,93068,6,744.916458
1780980342.311002,0.001011599,70098,9,554.354047
1780980342.311979,0.000989623,84446,7,682.651879
1780980342.313086,0.001007754,80102,7,635.885345
1780980342.314325,0.000999428,103270,7,826.632834
1780980342.315010,0.000999521,100374,7,803.376817
1780980342.315999,0.001001235,79970,5,638.970871
1780980342.316993,0.000995476,91620,6,736.290980
1780980342.318158,0.000998832,97412,6,780.207282
1780980342.319041,0.001005981,90172,6,717.087102
1780980342.320015,0.000996555,101756,6,816.862090
1780980342.320963,0.000998840,55486,7,444.403508
1780980342.322006,0.001006598,75692,6,601.566862
1780980342.323018,0.000999706,107746,9,862.221493
1780980342.323991,0.001001119,88790,7,709.526040
1780980342.324975,0.000998574,103270,7,827.339787
1780980342.325996,0.000993182,94582,7,761.850295
1780980342.327493,0.000999071,62462,3,500.160649
1780980342.328164,0.000997474,100308,6,804.496157
1780980342.329694,0.001013359,69966,7,552.349167
1780980342.330193,0.000986385,77206,7,626.173350
1780980342.331110,0.001007409,94714,9,752.139399
1780980342.332134,0.000994063,97478,7,784.481466
1780980342.332996,0.000999611,91686,7,733.773438
1780980342.335772,0.001002358,91554,5,730.708988
1780980342.335981,0.001006947,85828,6,681.886931
1780980342.336184,0.000993833,106166,7,854.598308
1780980342.337535,0.001010122,81418,5,644.817161
1780980342.338018,0.000987195,103204,6,836.341351
1780980342.339088,0.001003631,84380,6,672.597797
1780980342.340005,0.001003386,67070,7,534.749339
1780980342.340995,0.000996098,94780,10,761.210242
1780980342.342001,0.001002330,87342,7,697.111730
1780980342.342994,0.000993218,91686,7,738.496483
1780980342.343991,0.001006590,96030,7,763.210443
1780980342.345034,0.000992354,100374,7,809.178983
1780980342.346014,0.001009693,90172,6,714.450828
1780980342.347001,0.000990820,84314,5,680.761390
1780980342.347981,0.001008836,104718,7,830.406528
1780980342.348977,0.000997348,82866,5,664.690760
1780980342.349988,0.000993479,59896,8,482.313164
1780980342.351013,0.001007484,103336,8,820.547026
1780980342.352016,0.000993600,84446,7,679.919485
1780980342.353067,0.001000201,104784,8,838.103541
1780980342.354023,0.001001139,80036,6,639.559542
1780980342.355037,0.000998224,93068,6,745.868663
1780980342.356011,0.001000686,97412,6,778.761769
1780980342.357012,0.000999246,90172,6,721.920328
1780980342.357979,0.001001605,98860,6,789.612672
1780980342.358998,0.001003023,88658,5,707.126357
1780980342.360012,0.001006563,64240,8,510.569135
1780980342.360975,0.000990786,103402,9,834.908850
1780980342.361959,0.000998805,97610,9,781.814268
1780980342.363002,0.001010161,93134,7,737.577475
1780980342.364032,0.000989299,81484,6,658.923136
1780980342.365278,0.001000683,95964,6,767.188011
1780980342.365992,0.000999270,91620,6,733.495452
1780980342.367011,0.001005498,97412,6,775.034858
1780980342.368275,0.001000984,90172,6,720.666864
1780980342.369019,0.001005821,101756,6,809.336850
1780980342.370078,0.000988949,46732,6,378.033650
1780980342.371156,0.001008069,101822,7,808.055798
1780980342.372072,0.000999087,91818,9,735.215252
1780980342.373023,0.000997395,97544,8,782.390126
1780980342.374036,0.001002531,91686,7,731.636229
1780980342.375021,0.000994922,96030,7,772.161034
1780980342.376016,0.001003887,81418,5,648.822029
1780980342.376991,0.001004181,100308,6,799.122867
1780980342.378010,0.000992768,5858,1,47.205389
1780980342.379001,0.000997038,0,0,0.000000
1780980342.379963,0.001004092,0,0,0.000000
1780980342.380957,0.000999446,0,0,0.000000
1780980342.381975,0.000999455,26130,1,209.153989
1780980342.383039,0.001000294,81352,4,650.624716
1780980342.384034,0.000996654,106166,7,852.179392
1780980342.385046,0.000999918,71348,6,570.830808
1780980342.385991,0.001007697,82998,7,658.912352
1780980342.387035,0.000997151,93200,8,747.730284
1780980342.388014,0.001007177,93200,8,740.286960
1780980342.388967,0.000987108,98926,7,801.744085
1780980342.389958,0.001001427,97412,6,778.185529
1780980342.390997,0.001012348,90172,6,712.577098
1780980342.391987,0.000998967,97412,6,780.101845
1780980342.392999,0.000988715,87210,5,705.643183
1780980342.393952,0.000997697,85828,6,688.208945
1780980342.395004,0.001002788,88724,6,707.818602
1780980342.395988,0.000997902,64306,9,515.529581
1780980342.396984,0.000999857,91752,8,734.120979
1780980342.397967,0.001007818,113538,9,901.257965
1780980342.399350,0.000995391,78588,6,631.615114
1780980342.400081,0.001009110,79970,5,633.984402
1780980342.401076,0.000999982,94516,6,756.141611
1780980342.402095,0.000993297,82866,5,667.401593
1780980342.403084,0.001007316,110510,7,877.659046
1780980342.404026,0.000999754,81352,4,650.976140
1780980342.405047,0.000994619,103270,7,830.629618
1780980342.406061,0.001003210,87144,4,694.921303
1780980342.407066,0.001000316,64306,9,514.285486
1780980342.408009,0.000994752,98992,8,796.114006
1780980342.408991,0.001002562,74244,6,592.434184
1780980342.409985,0.000991943,100440,8,810.046545
1780980342.411002,0.000999673,91686,7,733.727929
1780980342.411979,0.001003849,97478,7,776.833966
1780980342.412977,0.001000583,77074,5,616.232736
1780980342.413994,0.001000218,170142,6,1360.839337
1780980342.415013,0.001005934,74376,8,591.498051
1780980342.415999,0.000994453,88856,8,714.813068
1780980342.417015,0.001007590,88790,7,704.969283
1780980342.418010,0.000988297,107680,8,871.640812
1780980342.419013,0.001005202,97478,7,775.788349
1780980342.419996,0.001003144,97412,6,776.853572
1780980342.420968,0.000991382,68320,4,551.311200
1780980342.422045,0.001006800,103270,7,820.580056
1780980342.423086,0.001001667,88724,6,708.610746
1780980342.424300,0.001001986,103204,6,823.995545
1780980342.425150,0.001002299,84314,5,672.964854
1780980342.426003,0.000991916,67004,6,540.400598
1780980342.427025,0.000995574,90370,9,726.174046
1780980342.427997,0.000999174,82998,7,664.532904
1780980342.428990,0.001009801,103336,8,818.664271
1780980342.429979,0.000990658,97544,8,787.710794
1780980342.431100,0.001004865,93068,6,740.939330
1780980342.431984,0.000997925,94582,7,758.229326
1780980342.432978,0.000996417,82866,5,665.311812
1780980342.433976,0.001004985,75758,7,603.057757
1780980342.435016,0.001001169,93266,9,745.256795
1780980342.435998,0.000994054,77206,7,621.342503
1780980342.437078,0.001003854,110642,9,881.737783
1780980342.437986,0.000996535,90238,7,724.414095
1780980342.439004,0.001006128,97478,7,775.074344
1780980342.439985,0.001005676,95964,6,763.379060
1780980342.440981,0.000988872,91620,6,741.208164
1780980342.441980,0.001002100,81418,5,649.979044
1780980342.443020,0.000997280,98860,6,793.037061
1780980342.444045,0.001011637,90172,6,713.077912
1780980342.445046,0.001000525,58514,9,467.866370
1780980342.446037,0.000988054,97544,8,789.786793
1780980342.447007,0.001008639,101888,8,808.122629
1780980342.448044,0.001003537,91686,7,730.902797
1780980342.449020,0.000999540,84380,6,675.350661
1780980342.449992,0.000990307,98860,6,798.621034
1780980342.451046,0.001007244,93068,6,739.189313
1780980342.452027,0.000992615,81418,5,656.189963
1780980342.453028,0.001000344,106166,7,849.035932
1780980342.454023,0.001009489,82866,5,656.696606
1780980342.455007,0.000988247,64306,9,520.566215
1780980342.456000,0.001000127,85960,8,687.592676
1780980342.457006,0.001003606,85894,7,684.683033
1780980342.458007,0.001003031,104784,8,835.738875
1780980342.459003,0.001000054,94582,7,756.615143
1780980342.460081,0.000992480,93068,6,750.185394
1780980342.461056,0.001010304,97412,6,771.348030
1780980342.462012,0.000989713,74178,5,599.592003
1780980342.463020,0.001005845,75890,9,603.592005
1780980342.463997,0.000995915,99058,9,795.714494
1780980342.464991,0.000998598,91686,7,734.517794
1780980342.465995,0.001006876,101888,8,809.537619
1780980342.467173,0.001006653,87276,6,693.593522
1780980342.468023,0.001001826,95964,6,766.312713
1780980342.468971,0.000995116,91620,6,736.557346
1780980342.470042,0.001001143,84314,5,673.741913
1780980342.471008,0.001000596,71480,8,571.499386
1780980342.472061,0.000996672,91818,9,736.996725
1780980342.473033,0.000995200,85894,7,690.466238
1780980342.474015,0.000995662,104850,9,842.454568
1780980342.475032,0.001011117,97478,7,771.250014
1780980342.476101,0.000994985,91620,6,736.654321
1780980342.477051,0.000995476,81418,5,654.304072
1780980342.478042,0.001010103,91620,6,725.628971
1780980342.479183,0.000997045,81418,5,653.274426
1780980342.480074,0.000994343,88724,6,713.830137
1780980342.481014,0.001002016,103204,6,823.970875
1780980342.482046,0.001005456,52788,10,420.012412
1780980342.483004,0.000999166,98992,8,792.597026
1780980342.484047,0.000996808,90304,8,724.745387
1780980342.485008,0.001003904,97544,8,777.317353
1780980342.485983,0.000989535,80036,6,647.059477
1780980342.486994,0.001005841,94516,6,751.737104
1780980342.488017,0.000993893,95964,6,772.429225
1780980342.489070,0.001005367,91620,6,729.047204
1780980342.490001,0.000995004,97412,6,783.208912
1780980342.490998,0.001002438,68320,4,545.230727
1780980342.491991,0.001004624,64306,9,512.080141
1780980342.492983,0.000998461,90370,9,724.074350
1780980342.494023,0.000994163,98992,8,796.585671
1780980342.495022,0.001008721,90238,7,715.662706
1780980342.496005,0.000998005,97478,7,781.382859
1780980342.497051,0.000993746,79970,5,643.786239
1780980342.498020,0.001001066,107614,7,859.995245
1780980342.499013,0.001007553,79970,5,634.964116
1780980342.500013,0.001004387,101756,6,810.492370
1780980342.501077,0.000997401,88658,5,711.112181
1780980342.502013,0.000994042,85828,6,690.739425
1780980342.502997,0.001007969,71546,9,567.842860
1780980342.503978,0.000988186,88790,7,718.812046
1780980342.504985,0.001002434,103402,9,825.207445
1780980342.506037,0.000996474,85894,7,689.583471
1780980342.507085,0.001001180,97412,6,778.377515
1780980342.507994,0.001005208,95964,6,763.734471
1780980342.509080,0.000997171,78522,5,629.958152
1780980342.510004,0.000996316,110510,7,887.348994
1780980342.511010,0.001002326,84314,5,672.946726
1780980342.511993,0.001002970,68452,6,545.994397
1780980342.512998,0.001000770,88988,10,711.356256
1780980342.514018,0.001006236,91752,8,729.467044
1780980342.515015,0.001001379,98926,7,790.318151
1780980342.516006,0.000986979,81484,6,660.472006
1780980342.516994,0.001000530,112024,8,895.717270
1780980342.518083,0.001002560,77074,5,615.017555
1780980342.519014,0.001006012,110510,7,878.796674
1780980342.520053,0.001003440,81418,5,649.111058
1780980342.521068,0.000996178,87276,6,700.886789
1780980342.521996,0.001000615,84380,6,674.625106
1780980342.523073,0.000991228,64174,7,517.935329
1780980342.524038,0.001004015,116434,9,927.747095
1780980342.525090,0.000995913,93134,7,748.129606
1780980342.525992,0.000999178,81484,6,652.408280
1780980342.527083,0.001007191,93068,6,739.228210
1780980342.528054,0.000992615,94516,6,761.753550
1780980342.529012,0.000999989,97412,6,779.304572
1780980342.529994,0.001011917,90172,6,712.880602
1780980342.531014,0.000988778,101756,6,823.286926
1780980342.532061,0.001002384,85828,6,684.990982
1780980342.533017,0.001002749,58448,8,466.302135
1780980342.533986,0.000994756,93200,8,749.530538
1780980342.535005,0.001014097,101888,8,803.773209
1780980342.535977,0.000988498,94582,7,765.460325
1780980342.536977,0.000996961,93134,7,747.343176
1780980342.538001,0.001004582,97412,6,775.741552
1780980342.539013,0.001003258,90172,6,719.033389
1780980342.539999,0.000992876,81418,5,656.017468
1780980342.541047,0.000999820,103204,6,825.780641
1780980342.542014,0.001007113,85762,5,681.250267
1780980342.543003,0.000998034,49826,9,399.393207
1780980342.544074,0.000996040,104784,8,841.604755
1780980342.544973,0.001003231,101954,9,813.005180
1780980342.545976,0.000996323,77140,6,619.397525
1780980342.547184,0.001004628,101822,7,810.823509
1780980342.548009,0.000996638,95964,6,770.301754
1780980342.548994,0.000997542,93068,6,746.378599
1780980342.549955,0.000999786,84314,5,674.656376
1780980342.551008,0.001000155,72928,8,583.333583
1780980342.552001,0.001007553,100572,10,798.544593
1780980342.553002,0.001000289,96096,8,768.545890
1780980342.553987,0.000991836,98992,8,798.454583
1780980342.555007,0.001007241,77140,6,612.683558
1780980342.555996,0.000993420,97478,7,784.989229
1780980342.557002,0.001010378,79970,5,633.188767
1780980342.557991,0.000990102,113406,7,916.317713
1780980342.559006,0.000999294,61146,5,489.513597
1780980342.560016,0.001008831,81682,9,647.735845
1780980342.560992,0.001002510,100572,10,802.561570
1780980342.561979,0.000990847,91686,7,740.263633
1780980342.563011,0.000997895,100440,8,805.214978
1780980342.563998,0.001012867,90172,6,712.211969
1780980342.565087,0.000994928,97478,7,783.799431
1780980342.566100,0.000999184,79970,5,640.282470
1780980342.567007,0.001000583,109062,7,871.987631
1780980342.568003,0.000991990,85762,5,691.636004
1780980342.568995,0.001000881,84314,5,673.918278
1780980342.570004,0.001005073,85762,5,682.633003
1780980342.571021,0.001003487,80168,8,639.115405
1780980342.572005,0.001002865,85960,8,685.715425
1780980342.572985,0.000993381,107680,8,867.179864
1780980342.573973,0.001007090,80036,6,635.780318
1780980342.575011,0.000998207,97478,7,781.224736
1780980342.576003,0.001001582,90172,6,720.236586
1780980342.576985,0.000990046,103204,6,833.932969
1780980342.577971,0.000997468,84380,6,676.753540
1780980342.579010,0.001009900,100308,6,794.597485
1780980342.579989,0.000991776,85762,5,691.785242
1780980342.580994,0.001004159,57000,8,454.111351
1780980342.581974,0.000994258,94648,8,761.556859
1780980342.582990,0.001006399,100440,8,798.410968
1780980342.583981,0.001000377,93200,8,745.319015
1780980342.584976,0.000993160,96030,7,773.530952
1780980342.585978,0.001005597,98860,6,786.478082
1780980342.586996,0.000999964,84314,5,674.536283
1780980342.588006,0.000996601,85828,6,688.965795
1780980342.588996,0.000998588,82866,5,663.865378
1780980342.589953,0.001000194,0,0,0.000000
1780980342.591005,0.001004038,113274,5,902.547513
1780980342.592009,0.001005674,97346,5,774.374201
1780980342.592991,0.000990045,61410,9,496.219869
1780980342.593962,0.000999029,91752,8,734.729422
1780980342.594984,0.001000906,100374,7,802.265148
1780980342.596079,0.001004104,82866,5,660.218463
1780980342.597028,0.000999575,104718,7,838.100193
1780980342.598030,0.001007300,79970,5,635.123598
1780980342.599080,0.000996566,107614,7,863.878559
1780980342.600047,0.001002920,81418,5,649.447613
1780980342.601027,0.000996100,84314,5,677.152896
1780980342.602029,0.000993460,104586,5,842.195962
1780980342.603090,0.001011234,67070,7,530.599248
1780980342.604015,0.000993182,99058,9,797.904110
1780980342.605016,0.000995256,81550,7,655.509738
1780980342.606023,0.001014926,106232,8,837.357600
1780980342.607020,0.000998249,81484,6,653.015430
1780980342.607998,0.000989787,95964,6,775.633545
1780980342.608964,0.001003160,94516,6,753.746162
1780980342.610004,0.001005217,79970,5,636.439694
1780980342.611097,0.000996246,107614,7,864.156042
1780980342.612050,0.000992399,85762,5,691.350959
1780980342.613140,0.001006842,68518,7,544.419085
1780980342.614194,0.000993890,78720,8,633.631488
1780980342.615051,0.000999721,103336,8,826.918710
1780980342.615971,0.001000669,97544,8,779.830294
1780980342.617093,0.000998808,85828,6,687.443433
1780980342.618031,0.001006507,104718,7,832.328041
1780980342.619130,0.000994732,79970,5,643.148104
1780980342.620069,0.001001506,91620,6,731.857822
1780980342.621097,0.001003468,101756,6,811.234638
1780980342.622150,0.000993575,85762,5,690.532672
1780980342.623036,0.001000711,78786,9,629.840184
1780980342.624034,0.001005860,84710,11,673.731931
1780980342.624996,0.001004498,90370,9,719.722687
1780980342.625960,0.000988419,103336,8,836.374048
1780980342.627009,0.001008927,84380,6,669.067237
1780980342.628002,0.000993709,80036,6,644.341553
1780980342.628970,0.001004698,107614,7,856.886348
1780980342.629996,0.001007512,100308,6,796.480836
1780980342.631003,0.000989944,87276,6,705.300502
1780980342.631997,0.000995977,82866,5,665.605732
1780980342.632983,0.001011404,67070,7,530.510063
1780980342.633993,0.001001677,93200,8,744.351722
1780980342.635009,0.000987578,97544,8,790.167460
1780980342.636120,0.001002970,98992,8,789.590915
1780980342.637019,0.001009838,91686,7,726.342245
1780980342.638031,0.000985969,95964,6,778.637057
1780980342.639025,0.001001159,95964,6,766.823252
1780980342.639983,0.001005602,85762,5,682.273902
1780980342.641014,0.000994529,65754,9,528.925753
1780980342.642078,0.001000718,93266,9,745.592664
1780980342.643055,0.001002186,88856,8,709.297476
1780980342.644061,0.001003637,100440,8,800.608188
1780980342.645043,0.000997757,98926,7,793.187119
1780980342.646028,0.001002008,78522,5,626.917150
1780980342.647005,0.000995104,95964,6,771.489211
1780980342.648089,0.001000888,93068,6,743.883432
1780980342.649137,0.000998371,100308,6,803.773347
1780980342.650053,0.000999873,90172,6,721.467626
1780980342.651082,0.001007756,81418,5,646.331056
1780980342.652035,0.001003633,87342,7,696.206681
1780980342.653057,0.000993041,78786,9,634.704911
1780980342.654158,0.001006324,88790,7,705.856166
1780980342.655254,0.000994037,98992,8,796.686642
1780980342.656008,0.001003418,93134,7,742.534019
1780980342.657063,0.001002412,96030,7,766.391464
1780980342.658044,0.000994614,97412,6,783.516017
1780980342.659068,0.000994331,91620,6,737.138840
1780980342.660021,0.000999916,81418,5,651.398717
1780980342.661003,0.001003707,88724,6,707.170519
1780980342.662092,0.000995215,103138,5,829.071105
1780980342.663063,0.001005692,61542,11,489.549484
1780980342.664084,0.001007981,101954,9,809.173982
1780980342.665154,0.000999548,81550,7,652.695018
1780980342.666065,0.000994021,109194,9,878.806383
1780980342.667088,0.001005686,85828,6,682.741929
1780980342.668079,0.000993606,87276,6,702.701071
1780980342.669077,0.001006142,183240,6,1456.971282
1780980342.670089,0.000987581,91620,6,742.177097
1780980342.671080,0.001011260,65688,8,519.652710
1780980342.672043,0.000996625,101888,8,817.864292
1780980342.673078,0.000994929,85894,7,690.654308
1780980342.674032,0.001002812,104784,8,835.921389
1780980342.675050,0.001002937,82998,7,662.039590
1780980342.676031,0.000991453,94516,6,762.646338
1780980342.677009,0.001001030,93068,6,743.777909
1780980342.678028,0.000998880,87210,5,698.462278
1780980342.679058,0.001000869,100308,6,801.767264
1780980342.680028,0.001001340,101690,5,812.431342
1780980342.681008,0.000997945,65490,5,524.998873
1780980342.682033,0.001005208,80168,8,638.021186
1780980342.683096,0.001004641,90304,8,719.094682
1780980342.684010,0.000990249,101954,9,823.663543
1780980342.685015,0.001002054,88790,7,708.863993
1780980342.685997,0.001007677,98992,8,785.902626
1780980342.687004,0.000990220,98860,6,798.691200
1780980342.688007,0.001004085,77074,5,614.083469
1780980342.688978,0.000997089,93134,7,747.247237
1780980342.689996,0.001010060,68518,7,542.684593
1780980342.691069,0.000996662,99058,9,795.118104
1780980342.691991,0.000992089,101954,9,822.135917
1780980342.693070,0.001006784,88856,8,706.058102
1780980342.694072,0.000992924,91686,7,738.715148
1780980342.695346,0.001001209,96030,7,767.312319
1780980342.696016,0.001010048,97412,6,771.543531
1780980342.697016,0.000988964,82866,5,670.325715
1780980342.697995,0.001005530,104718,7,833.136754
1780980342.699128,0.001008333,68320,4,542.043154
1780980342.700048,0.000986029,103204,6,837.330342
1780980342.701031,0.001000843,57000,8,455.615916
1780980342.702027,0.001003256,104850,9,836.077731
1780980342.703102,0.001007243,101888,8,809.242655
1780980342.704116,0.000989843,80036,6,646.858138
1780980342.705042,0.001004892,94582,7,752.972459
1780980342.706013,0.001009183,95964,6,760.726251
1780980342.707131,0.000998446,93002,5,745.174000
1780980342.708070,0.000993645,98860,6,795.938187
1780980342.709062,0.000995534,93002,5,747.353682
1780980342.710032,0.001008840,58448,8,463.486777
1780980342.711016,0.000995647,84512,8,679.051913
1780980342.711995,0.000996476,101954,9,818.516452
1780980342.713151,0.001002359,91686,7,731.761774
1780980342.714092,0.000994277,97478,7,784.312621
1780980342.715094,0.001010066,97412,6,771.529781
1780980342.715981,0.000989132,93068,6,752.724611
1780980342.717064,0.001000061,79970,5,639.720977
1780980342.717987,0.001006856,109062,7,866.554900
1780980342.719133,0.000997848,82866,5,664.357698
1780980342.719970,0.000995900,65490,5,526.076915
1780980342.721033,0.000999828,80234,9,641.982421
1780980342.722052,0.001008895,94648,8,750.508229
1780980342.723133,0.001001726,112090,9,895.174928
1780980342.724110,0.000991371,81484,6,657.545964
1780980342.725028,0.001000395,93068,6,744.250021
1780980342.726011,0.001009942,95964,6,760.154544
1780980342.727033,0.000992162,91620,6,738.750325
1780980342.728034,0.001001556,100308,6,801.217306
1780980342.728996,0.000997463,87276,6,699.983859
1780980342.730082,0.001007190,85762,5,681.198185
1780980342.731015,0.000993003,71414,7,575.337637
1780980342.732082,0.001009166,88790,7,703.868343
1780980342.732992,0.000988298,85894,7,695.288263
1780980342.734004,0.001002421,110642,9,882.998261
1780980342.735126,0.000998694,91686,7,734.447188
1780980342.735999,0.001005130,95964,6,763.793738
1780980342.737034,0.001002676,95964,6,765.663086
1780980342.738236,0.000990946,88658,5,715.744349
1780980342.739105,0.001013299,68782,11,543.034188
1780980342.740052,0.000991636,87408,8,705.161975
1780980342.741039,0.001004597,100506,9,800.368705
1780980342.742081,0.000996121,93134,7,747.973389
1780980342.743079,0.000998989,94582,7,757.421753
1780980342.744019,0.000994045,80036,6,644.123757
1780980342.745002,0.001006505,107614,7,855.347962
1780980342.746020,0.001006071,97412,6,774.593443
1780980342.747074,0.000998960,84314,5,675.214223
1780980342.748022,0.000992381,88658,5,714.709371
1780980342.748998,0.001005171,84446,7,672.092609
1780980342.750044,0.000999378,46732,6,374.088683
1780980342.751046,0.000993329,101954,9,821.109622
1780980342.752007,0.001007697,98992,8,785.887028
1780980342.752987,0.001000715,101888,8,814.521617
1780980342.753978,0.000990043,82932,6,670.128469
1780980342.755091,0.001000703,91620,6,732.445091
1780980342.756028,0.001001312,95964,6,766.706082
1780980342.757030,0.001002710,91620,6,730.979047
1780980342.758008,0.000996366,104652,6,840.269540
1780980342.759072,0.000999006,56868,6,455.396664
1780980342.760011,0.001000708,90304,8,721.920880
1780980342.760996,0.001000050,97544,8,780.312984
1780980342.762023,0.001011298,90238,7,713.839046
1780980342.763059,0.000988651,96030,7,777.058841
1780980342.764037,0.001007989,91620,6,727.150792
1780980342.765013,0.000991780,95964,6,774.074896
1780980342.766009,0.000999809,91620,6,733.100022
1780980342.767215,0.001002038,82866,5,661.579701
1780980342.768050,0.001000200,104718,7,837.576485
1780980342.769032,0.001002288,65556,6,523.250802
1780980342.770060,0.001000148,85960,8,687.578238
1780980342.771058,0.000995916,88856,8,713.763008
1780980342.772048,0.001003162,91752,8,731.702357
1780980342.773030,0.001000819,97544,8,779.713415
1780980342.774045,0.000995534,80036,6,643.160354
1780980342.775005,0.000999965,98860,6,790.907682
1780980342.776060,0.001000143,187584,6,1500.457435
1780980342.777051,0.001003076,103204,6,823.100144
1780980342.778048,0.000998201,87276,6,699.466340
1780980342.779059,0.001008558,84314,5,668.788508
1780980342.780027,0.000992692,77272,8,622.726888
1780980342.780982,0.001002044,83064,8,663.156508
1780980342.782025,0.001006754,87408,8,694.572855
1780980342.783006,0.000992310,101888,8,821.420725
1780980342.784028,0.000996817,101756,6,816.647389
1780980342.784965,0.001009785,87276,6,691.442238
1780980342.786027,0.000990403,98860,6,798.543623
1780980342.786995,0.001011609,90172,6,713.097649
1780980342.788113,0.000994473,85762,5,689.909128
1780980342.789036,0.000998313,103270,7,827.556087
1780980342.789992,0.000999764,58382,7,467.166251
1780980342.791108,0.000997119,94648,8,759.371750
1780980342.792009,0.001010944,81616,8,645.859711
1780980342.793048,0.001000394,106232,8,849.521289
1780980342.793994,0.000986553,81484,6,660.757202
1780980342.795065,0.001013687,94516,6,745.918612
1780980342.796010,0.000986243,93068,6,754.929566
1780980342.797012,0.000999836,97412,6,779.423826
1780980342.798013,0.001005542,90172,6,717.400168
1780980342.799059,0.000995633,103138,5,828.723033
1780980342.800036,0.001010206,84380,6,668.220145
1780980342.801033,0.000993421,54170,9,436.229957
1780980342.802015,0.000996292,100440,8,806.510541
1780980342.803166,0.001005019,98992,8,787.981123
1780980342.804034,0.000993750,90238,7,726.444277
1780980342.804990,0.001000981,94582,7,755.914448
1780980342.805999,0.001001399,98926,7,790.302367
1780980342.807038,0.001004020,81418,5,648.736081
1780980342.807972,0.000992696,91620,6,738.352930
1780980342.808981,0.001001104,97412,6,778.436606
1780980342.809955,0.001002134,90172,6,719.839862
1780980342.811009,0.000997787,84314,5,676.008006
1780980342.811995,0.000999659,104586,5,836.973408
1780980342.813041,0.001004257,55486,7,442.006379
1780980342.814060,0.000996416,100440,8,806.410174
1780980342.815406,0.001008048,90238,7,716.140501
1780980342.816022,0.000996961,96030,7,770.581798
1780980342.817109,0.000995106,97412,6,783.128632
1780980342.818141,0.001013289,78522,5,619.937649
1780980342.819311,0.000985930,107614,7,873.197894
1780980342.820155,0.001001392,84314,5,673.574384
1780980342.821205,0.000999149,85828,6,687.208815
1780980342.822127,0.001001292,84380,6,674.168974
1780980342.823134,0.000999462,71414,7,571.619531
1780980342.824445,0.001000741,93200,8,745.047919
1780980342.825093,0.000999661,91752,8,734.264916
1780980342.826663,0.001005908,96030,7,763.727896
1780980342.827134,0.000995208,94648,8,760.829897
1780980342.828124,0.001009176,96030,7,761.254727
1780980342.829008,0.001003593,79970,5,637.469572
1780980342.830057,0.000991326,98860,6,797.800118
1780980342.831021,0.001004584,91620,6,729.615443
1780980342.832014,0.000989529,82866,5,669.942973
1780980342.832994,0.001002419,85894,7,685.493791
1780980342.834029,0.000996446,78852,10,633.065916
1780980342.834999,0.001001704,96096,8,767.460248
1780980342.835992,0.000998247,90370,9,724.229574
1780980342.837010,0.001005665,93134,7,740.874943
1780980342.837996,0.000994595,96030,7,772.414903
1780980342.839023,0.001008735,97478,7,773.071223
1780980342.839989,0.000991506,94516,6,762.605572
1780980342.841005,0.001000937,71414,7,570.777182
1780980342.842036,0.000999061,75824,8,607.162125
1780980342.843032,0.001011372,97610,9,772.099682
1780980342.844005,0.000994111,88856,8,715.058982
1780980342.844995,0.000994443,101888,8,819.658844
1780980342.845961,0.001007799,96030,7,762.294862
1780980342.847060,0.000992227,94582,7,762.583562
1780980342.848013,0.001010475,78522,5,621.664069
1780980342.850702,0.001005966,111958,7,890.352159
1780980342.850757,0.000990742,79970,5,645.738245
1780980342.851003,0.001000748,87276,6,697.686131
1780980342.851982,0.001006690,85894,7,682.585503
1780980342.852980,0.000993274,80234,9,646.218465
1780980342.853955,0.000993445,85960,8,692.217486
1780980342.855010,0.000998607,104850,9,839.970078
1780980342.856026,0.001012392,97544,8,770.800243
1780980342.857025,0.000987491,93068,6,753.975479
1780980342.858030,0.001011007,95964,6,759.353793
1780980342.859009,0.000996605,82866,5,665.186308
1780980342.860043,0.001006266,88724,6,705.372138
1780980342.861009,0.000985719,101756,6,825.841847
1780980342.862045,0.001012397,55420,6,437.930970
1780980342.863092,0.000999583,81550,7,652.672164
1780980342.863998,0.000989386,88790,7,717.940217
1780980342.865052,0.000999394,99058,9,792.944524
1780980342.866068,0.001003036,93134,7,742.816808
1780980342.867055,0.000997793,94648,8,758.858801
1780980342.868016,0.000999340,94516,6,756.627374
1780980342.869001,0.001000752,93068,6,743.984524
1780980342.870010,0.001012317,98860,6,781.257254
1780980342.871010,0.000988134,85762,5,694.334979
1780980342.871998,0.001004052,85828,6,683.853028
1780980342.873038,0.000996345,62726,7,503.648836
1780980342.874033,0.001004283,94714,9,754.480560
1780980342.875090,0.001000785,101888,8,814.464645
1780980342.876069,0.001005652,97478,7,775.441206
1780980342.877029,0.000992579,93134,7,750.642518
1780980342.878505,0.000995876,77008,4,618.615169
1780980342.879039,0.000999419,97412,6,779.749034
1780980342.879986,0.001008688,82866,5,657.218089
1780980342.880970,0.000997947,106166,7,851.075258
1780980342.881970,0.001003156,82866,5,660.842381
1780980342.883020,0.001000460,65622,7,524.734622
1780980342.884005,0.001000559,97544,8,779.916027
1780980342.884992,0.000989240,100440,8,812.259917
1780980342.885973,0.000999007,88790,7,711.026049
1780980342.887012,0.001000292,93068,6,744.326657
1780980342.888037,0.001008925,97478,7,772.925639
1780980342.888983,0.000997298,79970,5,641.493315
1780980342.889982,0.001003622,109062,7,869.347224
1780980342.891006,0.000992503,82866,5,667.935513
1780980342.891990,0.000997371,85762,5,687.904501
1780980342.893000,0.001004004,84314,5,671.822025
1780980342.893969,0.000995920,74508,10,598.505904
1780980342.894995,0.001002061,94648,8,755.626653
1780980342.895964,0.001000575,101888,8,814.635585
1780980342.896979,0.000998157,100374,7,804.474647
1780980342.897997,0.000999964,80036,6,640.311051
1780980342.899071,0.001000613,93068,6,744.087874
1780980342.900072,0.001013369,103204,6,814.739744
1780980342.901067,0.000986013,68518,7,555.919648
1780980342.902033,0.001005148,90436,10,719.782559
1780980342.903002,0.000995105,93200,8,749.267665
1780980342.903983,0.001006825,98992,8,786.567676
1780980342.905091,0.000992645,81484,6,656.702044
1780980342.906073,0.001014280,109062,7,860.212170
1780980342.907231,0.000998377,78522,5,629.197187
1780980342.908062,0.000991624,91620,6,739.151130
1780980342.908978,0.000996212,100242,5,804.985284
1780980342.910060,0.001008312,87210,5,691.928689
1780980342.911016,0.000998681,84380,6,675.931554
1780980342.912024,0.001003695,71414,7,569.208774
1780980342.913008,0.000995452,96096,8,772.280331
1780980342.914108,0.000999186,88790,7,710.898672
1780980342.915036,0.001002874,98992,8,789.666498
1780980342.916051,0.001000470,93134,7,744.721981
1780980342.917043,0.000990462,94582,7,763.942483
1780980342.918011,0.001000932,98860,6,790.143586
1780980342.919035,0.001008177,82866,5,657.551204
1780980342.920138,0.001004423,107614,7,857.120954
1780980342.921028,0.000987174,85828,6,695.545061
1780980342.922031,0.001002279,69966,7,558.455280
1780980342.922987,0.000997182,81682,9,655.302643
1780980342.924063,0.001011190,100506,9,795.150268
1780980342.925093,0.000993670,75692,6,609.393461
1780980342.926018,0.000999060,107548,6,861.193522
1780980342.927088,0.001002965,84380,6,673.044423
1780980342.928023,0.001000163,98860,6,790.751108
1780980342.929026,0.000993049,90106,5,725.893687
1780980342.930059,0.001000375,82866,5,662.679495
1780980342.931080,0.001011310,107548,6,850.761883
1780980342.932044,0.001002245,85696,4,684.032347
1780980342.933053,0.000992407,64240,8,517.852051
1780980342.934138,0.001004126,93200,8,742.536295
1780980342.935005,0.001001192,93134,7,744.184932
1780980342.935984,0.000988508,98992,8,801.142732
1780980342.936984,0.001007415,79970,5,635.051096
1780980342.937966,0.000992056,91620,6,738.829260
1780980342.938988,0.001009643,113340,6,898.060007
1780980342.939972,0.000991931,74178,5,598.251290
1780980342.940993,0.001008664,106034,5,840.985700
1780980342.941975,0.000996579,100308,6,805.218653
1780980342.942977,0.000994705,59764,6,480.657079
1780980342.943966,0.001012450,81616,8,644.899007
1780980342.944955,0.000988877,93200,8,753.986593
1780980342.945988,0.001002028,101822,7,812.927383
1780980342.946993,0.000998361,100374,7,804.310265
1780980342.948020,0.001004549,90172,6,718.109321
1780980342.949064,0.000995956,82866,5,665.619766
1780980342.950081,0.000997279,98860,6,793.037856
1780980342.951012,0.001001948,88724,6,708.412013
1780980342.952120,0.001003291,84314,5,672.299462
1780980342.953038,0.000994849,81550,7,655.777912
1780980342.954206,0.000998768,66938,5,536.164555
1780980342.955027,0.001001257,97544,8,779.372329
1780980342.955991,0.001010337,93134,7,737.448990
1780980342.956980,0.000990548,97478,7,787.265231
1780980342.957995,0.000998785,94516,6,757.047813
1780980342.959091,0.001000398,90172,6,721.089007
1780980342.960015,0.001009048,82866,5,656.983612
1780980342.961073,0.000994995,106100,6,853.069613
1780980342.962071,0.001001735,85762,5,684.907685
1780980342.963096,0.001005753,77206,7,614.114996
1780980342.964000,0.000999487,71414,7,571.605233
1780980342.965010,0.000996244,100440,8,806.549400
1780980342.966069,0.000991839,100440,8,810.131483
1780980342.967114,0.001005115,82932,6,660.079692
1780980342.968030,0.001000735,91620,6,732.421670
1780980342.969059,0.000994325,101756,6,818.694089
1780980342.970052,0.001004381,85828,6,683.629021
1780980342.971176,0.001001032,100308,6,801.636711
1780980342.972200,0.000995306,68320,4,549.137652
1780980342.973155,0.001007703,65754,9,522.010950
1780980342.974147,0.001004570,77140,6,614.312591
1780980342.975070,0.000993347,88790,7,715.077410
1780980342.975994,0.000993295,97544,8,785.619579
1780980342.977024,0.001001096,98926,7,790.541566
1780980342.978038,0.001008608,93068,6,738.189663
1780980342.979018,0.000991276,82866,5,668.762282
1780980342.980000,0.001007528,104718,7,831.484584
1780980342.980982,0.001001619,85762,5,684.987006
1780980342.981983,0.001003583,84314,5,672.103852
1780980342.982993,0.000996327,101690,5,816.519075
1780980342.983997,0.000997398,57000,8,457.189607
1780980342.985044,0.000992694,106298,9,856.642631
1780980342.985993,0.001012905,91686,7,724.142935
1780980342.986997,0.000987258,97478,7,789.888763
1780980342.988011,0.001006073,96030,7,763.602641
1780980342.988995,0.001006680,77074,5,612.500497
1780980342.990067,0.000987298,97412,6,789.321968
1780980342.990993,0.001000219,90172,6,721.218053
1780980342.992108,0.001013834,106100,6,837.217927
1780980342.993021,0.000985834,81352,4,660.167939
1780980342.994013,0.001000264,68386,5,546.943607
1780980342.995001,0.001004527,81682,9,650.511136
1780980342.996063,0.001003302,103336,8,823.967260
1780980342.997065,0.001005181,93068,6,740.706400
1780980342.998035,0.000987271,94516,6,765.876846
1780980342.999067,0.001000214,97412,6,779.129266
1780980343.000051,0.001007180,90172,6,716.233444
1780980343.001035,0.001002507,84314,5,672.825227
1780980343.002013,0.000996545,77272,8,620.319203
1780980343.003108,0.000996346,81616,8,655.322549
1780980343.004082,0.001008696,101888,8,808.076963
1780980343.004994,0.000995346,96096,8,772.362575
1780980343.006187,0.001004136,94582,7,753.539361
1780980343.007087,0.000999035,93068,6,745.263179
1780980343.008007,0.000991974,97412,6,785.601236
1780980343.009056,0.001006928,90172,6,716.412693
1780980343.009990,0.000990996,81418,5,657.261987
1780980343.011069,0.001005168,106166,7,844.961240
1780980343.012059,0.000999907,84314,5,674.574735
1780980343.012980,0.000994838,77206,7,620.852842
1780980343.014111,0.001010871,83064,8,657.365777
1780980343.015122,0.000997673,96096,8,770.561096
1780980343.016562,0.001002107,85828,6,685.180325
1780980343.017169,0.001003792,94516,6,753.271594
1780980343.018106,0.000996010,78522,5,630.692463
1780980343.019125,0.001001993,107614,7,859.199615
1780980343.020112,0.001001776,85762,5,684.879654
1780980343.021096,0.000990417,109062,7,880.938029
1780980343.022153,0.001005403,79904,4,635.796790
1780980343.023037,0.000993276,77206,7,621.829179
1780980343.024068,0.000997436,85960,8,689.447744
1780980343.025240,0.001002485,88790,7,708.559230
1780980343.026117,0.001007043,98992,8,786.397403
1780980343.027013,0.000997048,96030,7,770.514559
1780980343.028086,0.001002281,93068,6,742.849560
1780980343.029017,0.000990527,85762,5,692.657545
1780980343.029983,0.001002708,85828,6,684.769644
1780980343.030999,0.001000598,101690,5,813.033806
1780980343.032031,0.001001079,85762,5,685.356500
1780980343.032979,0.000995059,101756,6,818.090184
1780980343.033961,0.000999320,85762,5,686.562863
1780980343.034988,0.001001141,67400,12,538.585474
1780980343.036019,0.001000687,99058,9,791.919951
1780980343.036983,0.001000387,62594,5,500.558284
1780980343.038008,0.000998076,103336,8,828.281614
1780980343.039017,0.001013998,97478,7,769.058716
1780980343.039985,0.000985713,93068,6,755.335478
1780980343.040990,0.001000240,79970,5,639.606494
1780980343.041992,0.001012348,109062,7,861.853829
1780980343.043030,0.000995237,81418,5,654.461199
1780980343.044050,0.001003201,85762,5,683.906814
1780980343.045061,0.000994225,85762,5,690.081219
1780980343.046018,0.001008973,81550,7,646.598075
1780980343.047127,0.000997507,84578,9,678.315039
1780980343.048152,0.000995104,93200,8,749.268418
1780980343.049027,0.000994940,90238,7,725.575412
1780980343.050124,0.001011135,190678,8,1508.625456
1780980343.051083,0.000991754,94582,7,762.947263
1780980343.052074,0.000997267,81484,6,653.658449
1780980343.053039,0.000999998,95964,6,767.713535
1780980343.054007,0.001002525,94516,6,754.223585
1780980343.055027,0.001009872,82866,5,656.447550
1780980343.056000,0.000986978,103204,6,836.525232
1780980343.056998,0.001000062,85762,5,686.053465
1780980343.057959,0.001009800,70164,10,555.864528
1780980343.058982,0.000989587,90304,8,730.033842
1780980343.059993,0.001010802,91686,7,725.649534
1780980343.060982,0.000999382,98992,8,792.425719
1780980343.061992,0.000990593,94582,7,763.841457
1780980343.063003,0.001006441,94582,7,751.813569
1780980343.063976,0.000992369,95964,6,773.615460
1780980343.064990,0.001005681,75626,5,601.590365
1780980343.065999,0.000995893,101756,6,817.405083
1780980343.067049,0.001003074,85762,5,683.993404
1780980343.068042,0.001002577,85828,6,684.859118
1780980343.069012,0.001002563,71612,10,571.431421
1780980343.069976,0.000990339,96096,8,776.267521
1780980343.071023,0.001009979,90304,8,715.294080
1780980343.072004,0.000999425,112090,9,897.235911
1780980343.072995,0.000994426,80036,6,643.876970
1780980343.073996,0.001012122,93068,6,735.626733
1780980343.074979,0.000983892,95964,6,780.280763
1780980343.076092,0.001000948,87210,5,697.019226
1780980343.077033,0.000999966,87276,6,698.231740
1780980343.078056,0.001004269,104718,7,834.182873
1780980343.078998,0.000995335,82800,4,665.504579
1780980343.080050,0.001003135,67136,8,535.409491
1780980343.080997,0.000996403,101954,9,818.576419
1780980343.082026,0.001007786,91686,7,727.821184
1780980343.083060,0.000995277,94582,7,760.246645
1780980343.084111,0.001006240,80036,6,636.317380
1780980343.084967,0.000995006,97412,6,783.207337
1780980343.085985,0.001003728,93068,6,741.778649
1780980343.087011,0.000992283,97346,5,784.824491
1780980343.087977,0.001004701,93068,6,741.060276
1780980343.089098,0.001008543,79904,4,633.817299
1780980343.090058,0.000987707,68584,8,555.500771
1780980343.091031,0.000999524,104916,10,839.727710
1780980343.092056,0.001000321,81550,7,652.190647
1780980343.093102,0.001004224,97544,8,777.069658
1780980343.094016,0.001000060,95964,6,767.665940
1780980343.095048,0.000995906,31988,2,256.955978
1780980343.096014,0.000999289,123542,7,989.039207
1780980343.097041,0.001004835,82866,5,659.738166
1780980343.098036,0.000996744,109062,7,875.346127
1780980343.099047,0.001011134,82800,4,655.106049
1780980343.100097,0.000999438,104652,6,837.686780
1780980343.101036,0.000995593,56934,7,457.488150
1780980343.102059,0.001004098,93134,7,742.031156
1780980343.103095,0.000990855,82998,7,670.112176
1780980343.104051,0.000997986,103336,8,828.356310
1780980343.105003,0.001004637,98926,7,787.755179
1780980343.106008,0.001007294,82866,5,658.127617
1780980343.107014,0.000997923,90172,6,722.877416
1780980343.108009,0.000998933,98860,6,791.724770
1780980343.109027,0.000989893,88724,6,717.039114
1780980343.110032,0.001001856,101756,6,812.539926
1780980343.111000,0.001006145,85762,5,681.905690
1780980343.111994,0.000993213,65754,9,529.626576
1780980343.112992,0.001005104,87342,7,695.187762
1780980343.113962,0.001001132,100440,8,802.611444
1780980343.114995,0.001004073,93134,7,742.049632
1780980343.115984,0.000988974,94516,6,764.558017
1780980343.116972,0.001002962,95964,6,765.444753
1780980343.117996,0.001004167,82866,5,660.177042
1780980343.119009,0.001002112,107614,7,859.097586
1780980343.120002,0.000991885,85762,5,691.709220
1780980343.120962,0.001004034,85828,6,683.865287
1780980343.121974,0.000996084,68452,6,549.768895
1780980343.123016,0.001009143,96162,9,762.326053
1780980343.124165,0.000995372,94648,8,760.704541
1780980343.125047,0.000997552,96030,7,770.125267
1780980343.125986,0.000996975,82932,6,665.469044
1780980343.126997,0.001000643,95964,6,767.218678
1780980343.128159,0.001005391,91620,6,729.029800
1780980343.129182,0.000995409,84314,5,677.622967
1780980343.129995,0.001003069,106166,7,846.729388
1780980343.131084,0.001005380,81418,5,647.858521
1780980343.132025,0.000989880,88790,7,717.581929
1780980343.133036,0.001005628,74376,8,591.678036
1780980343.134012,0.001002588,88790,7,708.486437
1780980343.135099,0.001007113,113538,9,901.888865
1780980343.136010,0.000984449,82932,6,673.936385
1780980343.137033,0.001004995,96030,7,764.421714
1780980343.138001,0.001007084,82866,5,658.264852
1780980343.139117,0.001000541,104718,7,837.291026
1780980343.140035,0.000990830,18890,1,152.518596
1780980343.141073,0.000997786,52260,2,419.007683
1780980343.142112,0.001001896,119132,6,951.252425
1780980343.143015,0.001009185,82866,5,656.894425
1780980343.144088,0.000988552,61278,7,495.901076
1780980343.145032,0.001002621,85960,8,685.882302
1780980343.146013,0.000998653,97544,8,781.404552
1780980343.147036,0.001003695,87342,7,696.163675
1780980343.148015,0.000995241,97478,7,783.552928
1780980343.149004,0.001002434,93068,6,742.736180
1780980343.150035,0.001008761,82866,5,657.170529
1780980343.151031,0.000987844,106166,7,859.779479
1780980343.152008,0.001000268,81418,5,651.169487
1780980343.153035,0.001008390,88724,6,703.886393
1780980343.154059,0.000999885,106100,6,848.897623
1780980343.155045,0.000993985,58316,6,469.351147
1780980343.156037,0.001007117,87474,9,694.846775
1780980343.157039,0.001002262,91818,9,732.886211
1780980343.158024,0.000989569,85894,7,694.395237
1780980343.159066,0.001009582,120712,8,956.530525
1780980343.160042,0.001001608,81484,6,650.825473
1780980343.161015,0.000987116,95964,6,777.732303
1780980343.162011,0.001006990,82866,5,658.326299
1780980343.163040,0.001005754,107614,7,855.986653
1780980343.163996,0.000987742,82866,5,671.155018
1780980343.165006,0.001012090,106166,7,839.182286
1780980343.166001,0.000987861,58382,7,472.795262
1780980343.167017,0.001000414,93200,8,745.291449
1780980343.167991,0.000999288,85894,7,687.641601
1780980343.168971,0.001010680,101888,8,806.490680
1780980343.169974,0.000988961,93068,6,752.854764
1780980343.171015,0.001010645,81484,6,645.005912
1780980343.171990,0.000991688,107614,7,868.127879
1780980343.172993,0.001002770,68320,4,545.050211
1780980343.173978,0.001002094,106166,7,847.553224
1780980343.175001,0.000994889,84314,5,677.977141
1780980343.175998,0.001001347,78654,7,628.385565
1780980343.177032,0.001002582,81616,8,651.246482
1780980343.177960,0.000995986,101954,9,818.919141
1780980343.179025,0.001010410,90238,7,714.466405
1780980343.180001,0.000999662,96030,7,768.499753
1780980343.180984,0.000998197,93068,6,745.888838
1780980343.182024,0.000998178,78522,5,629.322626
1780980343.183007,0.000998607,111958,7,896.913400
1780980343.183995,0.000992930,81418,5,655.981791
1780980343.184987,0.001010606,106166,7,840.414563
1780980343.185968,0.000989706,81418,5,658.118674
1780980343.187011,0.001012501,69900,6,552.295751
1780980343.188020,0.000995585,97742,11,785.403557
1780980343.189002,0.001001745,85894,7,685.955009
1780980343.190000,0.000992890,103336,8,832.607842
1780980343.191015,0.001011113,93134,7,736.883019
1780980343.191985,0.000993366,78522,5,632.371150
1780980343.192960,0.000999506,95964,6,768.091437
1780980343.193977,0.001000031,91620,6,732.937279
1780980343.194996,0.000995808,101756,6,817.474855
1780980343.195990,0.000997207,85828,6,688.547112
1780980343.197062,0.001012216,84446,7,667.414860
1780980343.198058,0.000991957,68518,7,552.588469
1780980343.199000,0.000996687,85894,7,689.436102
1780980343.200059,0.000999637,90238,7,722.166146
1780980343.201056,0.001004678,110576,8,880.489072
1780980343.202117,0.001001186,93134,7,744.189391
1780980343.203032,0.001007171,94516,6,750.744412
1780980343.204068,0.000988057,95964,6,776.991611
1780980343.205058,0.001000715,85762,5,685.605792
1780980343.206114,0.000998102,87276,6,699.535719
1780980343.207003,0.001000074,103204,6,825.570908
1780980343.208053,0.001001862,87276,6,696.910353
1780980343.209029,0.001002327,68914,13,550.032075
1780980343.210035,0.001001456,91752,8,732.948827
1780980343.211089,0.000995185,85894,7,690.476645
1780980343.212027,0.001002194,93134,7,743.440891
1780980343.212986,0.000996495,97478,7,782.566897
1780980343.214011,0.001007162,81418,5,646.712247
1780980343.215071,0.000994118,109062,7,877.658387
1780980343.216022,0.001006282,98860,6,785.942708
1780980343.216988,0.000996104,88724,6,712.568166
1780980343.218054,0.000998465,82866,5,663.947159
1780980343.219168,0.001000788,70032,8,559.814866
1780980343.220018,0.001011768,94648,8,748.377098
1780980343.221062,0.000991677,100440,8,810.263826
1780980343.222044,0.000995112,87342,7,702.168198
1780980343.223074,0.001008987,85828,6,680.508272
1780980343.224013,0.000993920,103270,7,831.213780
1780980343.225129,0.000995875,79970,5,642.409941
1780980343.226006,0.001001033,91620,6,732.203634
1780980343.227130,0.001009915,101756,6,806.055955
1780980343.228075,0.000997838,87342,7,700.249940
1780980343.229037,0.001003414,62726,7,500.100656
1780980343.230083,0.001001098,100506,9,803.166124
1780980343.231023,0.000994729,100440,8,807.777797
1780980343.232019,0.001000962,78588,6,628.099768
1780980343.233031,0.000994569,95964,6,771.904212
1780980343.234046,0.000996273,97412,6,782.211302
1780980343.235030,0.001007348,90172,6,716.113994
1780980343.236105,0.000994877,98860,6,794.952542
1780980343.237019,0.000997907,88658,5,710.751603
1780980343.238062,0.001001570,61278,7,489.455555
1780980343.239021,0.000999260,91818,9,735.087965
1780980343.239989,0.001002238,98992,8,790.167605
1780980343.241004,0.000998340,90238,7,723.104353
1780980343.242003,0.001002433,97478,7,777.931293
1780980343.242988,0.001007436,95964,6,762.045430
1780980343.243978,0.000989777,91620,6,740.530443
1780980343.244974,0.001002754,101756,6,811.812269
1780980343.245968,0.000995965,85828,6,689.405752
1780980343.246994,0.001000520,81352,4,650.477752
1780980343.247995,0.001000555,72994,9,583.628086
1780980343.249000,0.001009702,88856,8,704.017621
1780980343.249965,0.000989545,101888,8,823.715950
1780980343.250988,0.001000371,96096,8,768.482893
1780980343.251983,0.001004520,77074,5,613.817545
1780980343.252995,0.001008006,110510,7,877.058271
1780980343.253998,0.000987264,79970,5,648.013095
1780980343.255008,0.001001984,98860,6,789.314001
1780980343.256000,0.001007244,90172,6,716.187935
1780980343.257025,0.000990691,90040,4,727.088467
1780980343.257997,0.000999994,98860,6,790.884745
1780980343.258997,0.001014175,46996,10,370.713141
1780980343.261045,0.001985740,187782,15,756.522002
1780980343.262049,0.001002874,90238,7,719.835194
1780980343.263065,0.001006291,97478,7,774.948797
1780980343.264014,0.000994835,94516,6,760.053677
1780980343.264988,0.001004087,82866,5,660.229641
1780980343.265980,0.000991382,81418,5,657.006078
1780980343.267072,0.001001903,100308,6,800.939812
1780980343.268044,0.000999074,88658,5,709.921387
1780980343.269023,0.001002997,84380,6,673.022950
1780980343.270027,0.001002684,68518,7,546.676720
1780980343.271097,0.001002849,103402,9,824.865957
1780980343.272051,0.000992154,91752,8,739.820633
1780980343.273018,0.001005495,85894,7,683.396735
1780980343.274032,0.000998158,97412,6,780.734112
1780980343.275082,0.001004189,94516,6,752.973793
1780980343.276011,0.001001826,82866,5,661.719700
1780980343.276996,0.000993334,103270,7,831.704140
1780980343.277997,0.001002121,85762,5,684.643870
1780980343.278996,0.000994194,85894,7,691.164903
1780980343.280056,0.001000355,74376,8,594.796847
1780980343.280993,0.001000462,85894,7,686.834682
1780980343.282006,0.001002931,104850,9,836.348662
1780980343.283018,0.001006343,91686,7,728.864811
1780980343.284008,0.001001614,98992,8,790.659875
1780980343.284995,0.000988989,77074,5,623.456884
1780980343.285977,0.001002980,110510,7,881.453269
1780980343.287086,0.001003490,63910,3,509.501839
1780980343.288004,0.000992620,106100,6,855.110717
1780980343.288978,0.001002152,77206,7,616.321676
1780980343.289979,0.001005171,91686,7,729.714646
1780980343.291013,0.001006354,83064,8,660.316350
1780980343.292032,0.000997931,91686,7,735.008733
1780980343.293009,0.000997094,85828,6,688.625145
1780980343.293988,0.000997550,107614,7,863.026415
1780980343.295062,0.000995494,90172,6,724.641233
1780980343.295990,0.000998813,97412,6,780.222124
1780980343.296980,0.001008795,90172,6,715.086811
1780980343.298004,0.000992358,100308,6,808.643655
1780980343.299072,0.001002136,87276,6,696.719806
1780980343.300025,0.001004353,64240,8,511.692602
1780980343.301050,0.000992694,77140,6,621.661862
1780980343.302053,0.001001522,110642,9,883.790870
1780980343.303092,0.001006060,96030,7,763.612508
1780980343.304041,0.001003419,91686,7,730.988749
1780980343.305009,0.000989880,97412,6,787.263103
1780980343.306030,0.001000754,90172,6,720.832492
1780980343.307059,0.001011118,79970,5,632.725359
1780980343.308011,0.000988909,101756,6,823.177866
1780980343.309066,0.000998766,88658,5,710.140313
1780980343.309982,0.001013286,74376,8,587.206376
1780980343.311104,0.000992524,81550,7,657.314080
1780980343.312029,0.001001984,103402,9,825.578053
1780980343.313025,0.000995173,90238,7,725.405533
1780980343.314008,0.000995624,87342,7,701.807108
1780980343.315032,0.001004254,100374,7,799.590542
1780980343.316045,0.001007496,88724,6,704.510986
1780980343.317009,0.000991701,82866,5,668.475680
1780980343.318017,0.001006840,109062,7,866.568670
1780980343.319053,0.001000872,85762,5,685.498246
1780980343.320068,0.000998754,101756,6,815.063569
1780980343.321073,0.000996400,56934,7,457.117623
1780980343.322032,0.000996286,88856,8,713.497931
1780980343.323012,0.001001438,97544,8,779.231465
1780980343.323990,0.001000421,98926,7,791.074957
1780980343.325043,0.000999248,93068,6,745.104318
1780980343.326148,0.000999427,79970,5,640.126793
1780980343.327008,0.000999000,109062,7,873.369369
1780980343.328051,0.000998147,81418,5,652.553181
1780980343.328985,0.001000154,88724,6,709.682709
1780980343.330011,0.001010418,101756,6,805.654689
1780980343.331002,0.000990265,68518,7,553.532640
1780980343.332023,0.001006537,81550,7,648.162959
1780980343.332999,0.001001192,94582,7,755.755140
1780980343.333964,0.001002095,93200,8,744.041234
1780980343.335012,0.000991184,93068,6,751.166282
1780980343.336023,0.001005706,47982,3,381.678145
1780980343.337047,0.000997740,106100,6,850.722633
1780980343.337995,0.000995384,85828,6,689.808154
1780980343.339041,0.001004166,98860,6,787.598863
1780980343.340023,0.000995636,88724,6,712.903109
1780980343.340978,0.000998801,74376,8,595.722271
1780980343.342048,0.001007792,90304,8,716.846333
1780980343.342995,0.000993016,78654,7,633.657464
1780980343.343982,0.000999610,109128,8,873.364612
1780980343.345036,0.001005689,96096,8,764.419219
1780980343.346020,0.000994018,80036,6,644.141253
1780980343.347021,0.001000365,94516,6,755.852114
1780980343.348037,0.001005290,104652,6,832.810433
1780980343.349044,0.001005409,84380,6,671.408352
1780980343.350053,0.000989479,82866,5,669.976826
1780980343.351001,0.001011469,109062,7,862.602808
1780980343.351997,0.000988323,54104,8,437.945894
1780980343.353046,0.001000299,98926,7,791.171440
1780980343.354151,0.001009224,91686,7,726.784143
1780980343.355022,0.001002498,98860,6,788.909305
1780980343.356073,0.000995282,88724,6,713.156673
1780980343.357146,0.001005909,84314,5,670.549722
1780980343.358080,0.000988490,88724,6,718.056834
1780980343.358996,0.001008892,77404,10,613.774319
1780980343.360037,0.000995106,97544,8,784.189825
1780980343.361019,0.000998010,90304,8,723.872506
1780980343.362039,0.000995949,96030,7,771.364799
1780980343.362993,0.001000163,98926,7,791.279022
1780980343.364007,0.000999691,74178,5,593.607425
1780980343.364984,0.001001847,110510,7,882.450115
1780980343.366025,0.000998296,82866,5,664.059557
1780980343.367018,0.001000215,190480,7,1523.512445
1780980343.368002,0.001000140,87210,5,697.582338
1780980343.369000,0.001010892,100242,5,793.295426
1780980343.369999,0.000990054,59896,8,483.981682
1780980343.371020,0.001012836,74310,7,586.945962
1780980343.371986,0.000995874,112090,9,900.435196
1780980343.372977,0.000991946,94582,7,762.799588
1780980343.374094,0.000998058,95964,6,769.205798
1780980343.375024,0.001001454,84314,5,673.532683
1780980343.376057,0.001012878,104718,7,827.092700
1780980343.377059,0.000986524,82866,5,671.983652
1780980343.378056,0.001000307,87210,5,697.465878
1780980343.379014,0.000999396,82800,4,662.800331
1780980343.379999,0.001001619,67202,9,536.747007
1780980343.380991,0.001010120,94648,8,749.598068
1780980343.381978,0.000996781,101888,8,817.736293
1780980343.382993,0.000995350,93134,7,748.552770
1780980343.383972,0.000995422,97478,7,783.410453
1780980343.385003,0.001014667,90172,6,710.948518
1780980343.385973,0.000987301,84314,5,683.187802
1780980343.386970,0.000998195,69834,5,559.682226
1780980343.388000,0.001009471,86026,9,681.751135
1780980343.388990,0.000990255,90304,8,729.541381
1780980343.389989,0.001002242,109128,8,871.071059
1780980343.391016,0.000999839,90238,7,722.020245
1780980343.392004,0.001005960,97478,7,775.203785
1780980343.393000,0.000993009,82866,5,667.595158
1780980343.394023,0.001010739,100308,6,793.937901
1780980343.394990,0.000988331,85762,5,694.196580
1780980343.396023,0.001011493,101756,6,804.798451
1780980343.396978,0.000990387,87210,5,704.451896
1780980343.397986,0.001010481,58382,7,462.211561
1780980343.399019,0.000989191,90238,7,729.792325
1780980343.400205,0.001010341,96096,8,760.899538
1780980343.401001,0.000991933,94582,7,762.809585
1780980343.402185,0.001011302,107680,8,851.812812
1780980343.403154,0.000987948,79970,5,647.564447
1780980343.403998,0.001006327,95964,6,762.885225
1780980343.405114,0.000993542,85762,5,690.555608
1780980343.406053,0.000997290,109062,7,874.866889
1780980343.407003,0.001000124,78456,4,627.570181
1780980343.408230,0.001009155,106100,6,841.099732
1780980343.409109,0.000996011,45350,7,364.253005
1780980343.410015,0.001000812,104784,8,837.591875
1780980343.410993,0.001000155,96096,8,768.648859
1780980343.411958,0.000993356,82932,6,667.893484
1780980343.412953,0.000999983,106232,8,849.870448
1780980343.413961,0.001008899,81418,5,645.598816
1780980343.415000,0.000991454,91620,6,739.277869
1780980343.416016,0.001013639,103138,5,814.001829
1780980343.417006,0.000999411,84380,6,675.437833
1780980343.417969,0.000998262,104586,5,838.144695
1780980343.419007,0.001001327,65556,6,523.752980
1780980343.420118,0.000988042,64306,9,520.674222
1780980343.421016,0.001003726,109194,9,870.309228
1780980343.422005,0.001006488,93134,7,740.269134
1780980343.423107,0.000991081,93134,7,751.777100
1780980343.424055,0.001004832,98926,7,787.602306
1780980343.425047,0.000998928,81418,5,652.042990
1780980343.426030,0.000995404,106166,7,853.249535
1780980343.427100,0.001007691,79970,5,634.877160
1780980343.428038,0.000997980,104652,6,838.910599
1780980343.429059,0.000993360,87210,5,702.343561
1780980343.430024,0.001001001,62858,9,502.361137
1780980343.431025,0.001005141,101822,7,810.409684
1780980343.432059,0.000994369,78720,8,633.326260
1780980343.433017,0.000999943,94582,7,756.699132
1780980343.434006,0.000999662,101822,7,814.851420
1780980343.435040,0.001014531,74178,5,584.924463
1780980343.436005,0.000984726,110510,7,897.792889
1780980343.437036,0.001008086,84314,5,669.101644
1780980343.438000,0.000995794,106100,6,852.385132
1780980343.439018,0.000997728,85762,5,687.658360
1780980343.439994,0.000999505,100308,6,802.861416
1780980343.441005,0.001007860,66938,5,531.327764
1780980343.441996,0.000991629,80102,7,646.225554
1780980343.442990,0.001007109,85828,6,681.777246
1780980343.444017,0.001000917,109062,7,871.696654
1780980343.444960,0.000992634,96030,7,773.940848
1780980343.446013,0.000998842,75626,5,605.709411
1780980343.447099,0.001008782,94516,6,749.545491
1780980343.448108,0.000992777,100308,6,808.302368
1780980343.449039,0.000999496,87210,5,698.031808
1780980343.450026,0.000999374,84314,5,674.934509
1780980343.451065,0.001007326,103138,5,819.103250
1780980343.452036,0.000999039,61410,9,491.752574
1780980343.453010,0.000995997,81550,7,655.022053
1780980343.454004,0.000998051,110642,9,886.864499
1780980343.454987,0.000999930,81484,6,651.917634
1780980343.455976,0.001006237,104718,7,832.551377
1780980343.457005,0.001005594,97478,7,775.485932
1780980343.457994,0.000989287,81418,5,658.397411
1780980343.459061,0.001010655,107614,7,851.835691
1780980343.460075,0.000999015,68320,4,547.098892
1780980343.461011,0.000993450,71480,8,575.610247
1780980343.462025,0.000997135,101954,9,817.975500
1780980343.463011,0.001004536,101954,9,811.948999
1780980343.464080,0.000994823,80102,7,644.150769
1780980343.465039,0.001006123,95964,6,763.039907
1780980343.466038,0.000992709,95964,6,773.350498
1780980343.467069,0.001000698,88724,6,709.296911
1780980343.468006,0.001003474,98794,5,787.615823
1780980343.469026,0.000995648,79904,4,642.026098
1780980343.469988,0.001007217,110510,7,877.745312
1780980343.471027,0.000993474,75560,4,608.450750
1780980343.472020,0.001002401,74310,7,593.056072
1780980343.473015,0.000997886,88856,8,712.353916
1780980343.474051,0.001011681,81484,6,644.345401
1780980343.475022,0.000995464,107614,7,864.834891
1780980343.476001,0.000995188,88658,5,712.693481
1780980343.476991,0.001009160,106166,7,841.618772
1780980343.477970,0.000989260,75626,5,611.576330
1780980343.479001,0.001005247,91554,5,728.608989
1780980343.479998,0.001004856,101756,6,810.114086
1780980343.480972,0.000988456,85762,5,694.108792
1780980343.481983,0.001013509,88658,5,699.810263
1780980343.483112,0.000990514,81682,9,659.714047
1780980343.484007,0.001005469,80366,11,639.430952
1780980343.484997,0.001002018,90304,8,720.977068
1780980343.486006,0.000997863,101822,7,816.320477
1780980343.487013,0.000991652,79970,5,645.145676
1780980343.488003,0.001008830,88724,6,703.579394
1780980343.489004,0.001004228,114854,7,914.963534
1780980343.489984,0.000988314,91620,6,741.626649
1780980343.490992,0.001000388,81418,5,651.091377
1780980343.492008,0.001002231,101756,6,812.235902
1780980343.492992,0.000995555,85828,6,689.689671
1780980343.493993,0.001011076,70032,8,554.118583
1780980343.495019,0.000989838,81484,6,658.564331
1780980343.495996,0.001002329,98992,8,790.095867
1780980343.496978,0.000995672,88724,6,712.877333
1780980343.497970,0.001009335,84446,7,669.319899
1780980343.498993,0.000996068,90172,6,724.223647
1780980343.499976,0.001007157,98860,6,785.259895
1780980343.500992,0.000988259,90106,5,729.412027
1780980343.501994,0.001004852,97412,6,775.533113
1780980343.503127,0.000996571,91488,4,734.422334
1780980343.504059,0.001012408,78522,5,620.477120
1780980343.504967,0.000986060,74442,9,603.955135
1780980343.505983,0.000999619,85894,7,687.413905
1780980343.507008,0.001000159,103336,8,826.556578
1780980343.508006,0.001000160,87210,5,697.568389
1780980343.508971,0.001009675,104718,7,829.716493
1780980343.509990,0.000990768,82866,5,669.105179
1780980343.510983,0.001000569,104718,7,837.267595
1780980343.512081,0.000998622,82866,5,663.842775
1780980343.513041,0.001001517,87276,6,697.150423
1780980343.514109,0.000998978,103204,6,826.476659
1780980343.515197,0.001001704,58316,6,465.734389
1780980343.516058,0.001000386,87342,7,698.466392
1780980343.516991,0.001003686,93266,9,743.387872
1780980343.518037,0.000999323,96030,7,768.760451
1780980343.518996,0.000995671,96030,7,771.580171
1780980343.519973,0.000998894,94582,7,757.493788
1780980343.521000,0.001000437,81418,5,651.059487
1780980343.522028,0.001009992,91620,6,725.708718
1780980343.523069,0.000995328,101690,5,817.338606
1780980343.524007,0.001005427,100242,5,797.607385
1780980343.524987,0.000990198,82800,4,668.957118
1780980343.526016,0.000999823,87210,5,697.803511
1780980343.527021,0.001009542,64240,8,509.062525
1780980343.527961,0.000989648,93200,8,753.399188
1780980343.528954,0.000999701,98992,8,792.172860
1780980343.530002,0.001008242,96030,7,761.959926
1780980343.531002,0.001004757,95964,6,764.077284
1780980343.531995,0.000987645,88724,6,718.671182
1780980343.533088,0.001003683,87210,5,695.119874
1780980343.534054,0.000995553,106166,7,853.121833
1780980343.535007,0.001002250,87144,4,695.586929
1780980343.535956,0.000997633,98794,5,792.227202
1780980343.536952,0.001004929,58250,5,463.714352
1780980343.537975,0.000995951,84512,8,678.844642
1780980343.538990,0.000999713,103270,7,826.397176
1780980343.540003,0.001000733,93134,7,744.526262
1780980343.540989,0.000999201,96030,7,768.854315
1780980343.541995,0.000999586,81418,5,651.613768
1780980343.542986,0.001004874,91620,6,729.404881
1780980343.543994,0.000999698,98860,6,791.118918
1780980343.545001,0.001002969,88724,6,707.690866
1780980343.545976,0.000993109,101756,6,819.696529
1780980343.546997,0.001003193,56868,6,453.495987
1780980343.547986,0.001005054,81550,7,649.119351
1780980343.549021,0.000997567,106232,8,851.928743
1780980343.550017,0.001002195,93134,7,743.440149
1780980343.551121,0.000996951,100374,7,805.447810
1780980343.552052,0.000995373,87276,6,701.453626
1780980343.553029,0.001002356,97412,6,777.464294
1780980343.554024,0.000997253,84314,5,676.369988
1780980343.555069,0.001000372,88724,6,709.528056
1780980343.556027,0.001000410,103204,6,825.293630
1780980343.557034,0.001010222,87210,5,690.620477
1780980343.558019,0.000988010,67070,7,543.071426
1780980343.559009,0.001008708,93332,10,740.210249
1780980343.560035,0.000992528,98992,8,797.897893
1780980343.561033,0.001010218,87210,5,690.623212
1780980343.562022,0.000994333,88724,6,713.837316
1780980343.562970,0.000997633,104652,6,839.202392
1780980343.564050,0.000998928,87276,6,698.957282
1780980343.565061,0.001009455,97346,5,771.473716
1780980343.565979,0.000991707,88724,6,715.727528
1780980343.567061,0.000997293,84248,4,675.813427
1780980343.568007,0.000999552,77206,7,617.924830
1780980343.569006,0.001011155,85960,8,680.093556
1780980343.570051,0.000988403,84446,7,683.494486
1780980343.571027,0.001001157,100374,7,802.064012
1780980343.572102,0.001000526,95964,6,767.308396
1780980343.573059,0.001004586,94516,6,752.676227
1780980343.574008,0.000994779,78522,5,631.472920
1780980343.575021,0.001001855,110510,7,882.443068
1780980343.576019,0.001001104,82866,5,662.196935
1780980343.577072,0.000997443,87276,6,699.997895
1780980343.578044,0.000999893,84314,5,674.584181
1780980343.579083,0.001007839,72862,7,578.362219
1780980343.580014,0.000992389,94648,8,762.991125
1780980343.580995,0.001000553,106166,7,848.858581
1780980343.582007,0.000998697,81484,6,652.722497
1780980343.583013,0.001002854,95964,6,765.527185
1780980343.584037,0.001007400,91620,6,727.575938
1780980343.584992,0.000998629,101756,6,815.165592
1780980343.586024,0.000995607,85828,6,689.653648
1780980343.587116,0.001009952,101756,6,806.026425
1780980343.588027,0.000986877,85828,6,695.754385
1780980343.589030,0.001004216,54038,7,430.489058
1780980343.589992,0.000996407,97544,8,783.165915
1780980343.591065,0.000998104,100440,8,805.046368
1780980343.592028,0.000999588,77140,6,617.374358
1780980343.593031,0.001007015,110510,7,877.921382
1780980343.594042,0.001007297,82866,5,658.125657
1780980343.595042,0.000992683,100308,6,808.378908
1780980343.596030,0.000995060,84380,6,678.391253
1780980343.596997,0.000999724,88658,5,709.459811
1780980343.598075,0.001003070,101690,5,811.030137
1780980343.599056,0.000995771,70032,8,562.635385
1780980343.600052,0.001000118,75758,7,605.992493
1780980343.601079,0.001004229,103336,8,823.206659
1780980343.602083,0.000999834,94516,6,756.253538
1780980343.603080,0.001002695,97412,6,777.201442
1780980343.604124,0.001004029,98860,6,787.706331
1780980343.605046,0.001004195,87276,6,695.291253
1780980343.606026,0.000986848,79970,5,648.286261
1780980343.607061,0.001009227,108996,6,863.995910
1780980343.608038,0.001002499,79904,4,637.638541
1780980343.609017,0.000995069,87210,5,701.137308
1780980343.610001,0.001005095,71678,11,570.517215
1780980343.611055,0.000994158,85894,7,691.189932
1780980343.611964,0.000991612,96096,8,775.270973
1780980343.612997,0.001001891,94582,7,755.227864
1780980343.614035,0.001011375,93068,6,736.170066
1780980343.615093,0.000986832,98860,6,801.433273
1780980343.616001,0.001007338,87210,5,692.597718
1780980343.617032,0.001004891,85762,5,682.756637
1780980343.617966,0.000992343,103138,5,831.470570
1780980343.619095,0.001001200,84248,4,673.176189
1780980343.619996,0.000994078,103138,5,830.019375
1780980343.621001,0.000999479,69900,6,559.491495
1780980343.622043,0.001000859,84446,7,674.988185
1780980343.623008,0.001000272,93134,7,744.869396
1780980343.623993,0.001003667,97478,7,776.974833
1780980343.624995,0.001004838,94516,6,752.487466
1780980343.626094,0.000997438,79970,5,641.403275
1780980343.627039,0.000994427,95964,6,772.014436
1780980343.627987,0.001000037,97412,6,779.267167
1780980343.629027,0.000999176,84314,5,675.068256
1780980343.629980,0.001012256,98794,5,780.782727
1780980343.631040,0.000989924,85762,5,693.079469
