{
  "csv_file": "filtered_56988.csv",
  "row_count": 2482,
  "phase_counts": {
    "congestion_avoidance": 2373,
    "loss_recovery": 109
  },
  "average_rtt": 672.5302267002519,
  "average_rtt_sample_count": 2382,
  "first_timestamp": 676177.558116,
  "last_timestamp": 676179.615003,
  "min_timestamp": 676177.558116,
  "max_timestamp": 676179.615003,
  "transfer_time_seconds": 2.056886999984272
}
