# R_arrival samples from kprobe:tbf_enqueue
# interval_seconds=0.001000000
timestamp,interval_seconds,bytes,packets,r_arrival_mbit
# bpftrace: Attaching 2 probes...
1780969405.324994,0.000999428,0,0,0.000000
1780969405.325084,0.000997824,0,0,0.000000
1780969405.325103,0.001009014,0,0,0.000000
1780969405.325120,0.001000815,0,0,0.000000
1780969405.325137,0.000997526,0,0,0.000000
1780969405.325152,0.000998841,0,0,0.000000
1780969405.325166,0.000994197,0,0,0.000000
1780969405.325180,0.001000123,0,0,0.000000
1780969405.325194,0.001011705,0,0,0.000000
1780969405.325208,0.000987962,0,0,0.000000
1780969405.325225,0.000999952,0,0,0.000000
1780969405.325242,0.000999444,0,0,0.000000
1780969405.325256,0.001000221,0,0,0.000000
1780969405.325270,0.000999355,0,0,0.000000
1780969405.325287,0.001003613,0,0,0.000000
1780969405.325303,0.001009060,0,0,0.000000
1780969405.325317,0.000995542,0,0,0.000000
1780969405.325331,0.000996937,0,0,0.000000
1780969405.325352,0.000996533,0,0,0.000000
1780969405.325374,0.001011089,0,0,0.000000
1780969405.325390,0.000993195,0,0,0.000000
1780969405.325404,0.001001805,0,0,0.000000
1780969405.325418,0.000993325,0,0,0.000000
1780969405.325434,0.001006335,0,0,0.000000
1780969405.325451,0.001007863,0,0,0.000000
1780969405.325465,0.000985148,0,0,0.000000
1780969405.325479,0.001004107,0,0,0.000000
1780969405.325493,0.000996982,0,0,0.000000
1780969405.325506,0.001013201,0,0,0.000000
1780969405.325521,0.000996567,0,0,0.000000
1780969405.325537,0.000998403,0,0,0.000000
1780969405.325554,0.000997649,0,0,0.000000
1780969405.325569,0.000999460,0,0,0.000000
1780969405.325583,0.000998431,0,0,0.000000
1780969405.325596,0.000998337,0,0,0.000000
1780969405.325612,0.001012791,0,0,0.000000
1780969405.325629,0.000992420,0,0,0.000000
1780969405.325643,0.001002703,0,0,0.000000
1780969405.325657,0.000991399,0,0,0.000000
1780969405.325671,0.000998335,0,0,0.000000
1780969405.325687,0.001007389,0,0,0.000000
1780969405.325704,0.000992182,0,0,0.000000
1780969405.325718,0.001004712,0,0,0.000000
1780969405.325732,0.001001160,0,0,0.000000
1780969405.325746,0.000999533,0,0,0.000000
1780969405.325759,0.000998278,0,0,0.000000
1780969405.325775,0.000996764,0,0,0.000000
1780969405.325792,0.001010472,0,0,0.000000
1780969405.325812,0.000997828,0,0,0.000000
1780969405.325829,0.001002911,0,0,0.000000
1780969405.325846,0.000994071,0,0,0.000000
1780969405.326661,0.001003128,0,0,0.000000
1780969405.327686,0.000998371,0,0,0.000000
1780969405.328630,0.000997899,0,0,0.000000
1780969405.329671,0.001001267,0,0,0.000000
1780969405.330647,0.000998779,0,0,0.000000
1780969405.331621,0.001000047,0,0,0.000000
1780969405.332628,0.001010597,0,0,0.000000
1780969405.333573,0.000998714,0,0,0.000000
1780969405.334629,0.000997388,0,0,0.000000
1780969405.335600,0.000996773,0,0,0.000000
1780969405.336596,0.000996755,0,0,0.000000
1780969405.337576,0.001013677,0,0,0.000000
1780969405.338613,0.001000928,0,0,0.000000
1780969405.339662,0.000984849,0,0,0.000000
1780969405.340602,0.001003387,0,0,0.000000
1780969405.341561,0.000996643,0,0,0.000000
1780969405.342603,0.001006557,0,0,0.000000
1780969405.343653,0.001004071,0,0,0.000000
1780969405.344638,0.000995620,0,0,0.000000
1780969405.345618,0.000993650,0,0,0.000000
1780969405.346683,0.001011230,0,0,0.000000
1780969405.347603,0.000997567,0,0,0.000000
1780969405.348734,0.001001115,0,0,0.000000
1780969405.349759,0.000991551,0,0,0.000000
1780969405.350680,0.001001537,162,1,1.294011
1780969405.351600,0.001006366,0,0,0.000000
1780969405.352593,0.000998548,0,0,0.000000
1780969405.353586,0.000994998,0,0,0.000000
1780969405.354590,0.001000419,0,0,0.000000
1780969405.355622,0.001010020,106232,8,841.424922
1780969405.356586,0.001001745,87540,10,699.100070
1780969405.357579,0.000985769,57066,9,463.118641
1780969405.358616,0.001000384,65886,11,526.885676
1780969405.359666,0.001001713,55486,7,443.128920
1780969405.360690,0.001005524,65754,9,523.142163
1780969405.361623,0.000992092,67268,10,542.433565
1780969405.362592,0.001011750,61278,7,484.530764
1780969405.363673,0.000996171,61266,7,492.011914
1780969405.364662,0.000992672,67004,6,539.989040
1780969405.365629,0.000999652,54038,7,432.454494
1780969405.366632,0.000999721,65916,10,527.475166
1780969405.367572,0.001004234,64108,6,510.701689
1780969405.368606,0.001001538,62726,7,501.037404
1780969405.369713,0.001006325,69966,7,556.209972
1780969405.370615,0.000995947,62924,10,505.440551
1780969405.371713,0.000998574,55420,6,443.993134
1780969405.372654,0.001003604,67070,7,534.633182
1780969405.373630,0.000995213,59962,9,482.003350
1780969405.374614,0.001003857,71612,10,570.694830
1780969405.375601,0.000991130,56868,6,459.015467
1780969405.376601,0.001002751,67004,6,534.561422
1780969405.377609,0.001003218,65952,12,525.923578
1780969405.378632,0.000994667,48180,6,387.506573
1780969405.379617,0.001010751,72928,8,577.218326
1780969405.380600,0.000995824,62660,6,503.382124
1780969405.381662,0.000992218,59896,8,482.926131
1780969405.382628,0.001002561,67268,10,536.769334
1780969405.383686,0.001001018,62726,7,501.297679
1780969405.384655,0.001000074,71414,7,571.269726
1780969405.385648,0.000997048,56868,6,456.290971
1780969405.386626,0.001006952,65820,10,522.924628
1780969405.387633,0.000992575,69966,7,563.915069
1780969405.388633,0.001001115,64240,8,513.347617
1780969405.389576,0.000998926,54038,7,432.768794
1780969405.390641,0.001012425,67268,10,531.539620
1780969405.391596,0.000987781,67070,7,543.197328
1780969405.392605,0.001014137,67070,7,529.080391
1780969405.393676,0.000987712,64504,12,522.451889
1780969405.394687,0.000998511,62792,8,503.085094
1780969405.395655,0.001000778,62726,7,501.417897
1780969405.396656,0.001001390,52458,5,419.081477
1780969405.397638,0.000998396,70362,13,563.800336
1780969405.398737,0.000999276,62858,9,503.228337
1780969405.399695,0.001000459,68584,8,548.420275
1780969405.400625,0.000999011,64174,7,513.900247
1780969405.401632,0.001010001,62990,11,498.930199
1780969405.402596,0.000989981,64174,7,518.587730
1780969405.403580,0.000999625,53906,5,431.409779
1780969405.404562,0.001000189,70230,11,561.733832
1780969405.405609,0.000999830,73126,11,585.107468
1780969405.406638,0.001000850,55420,6,442.983464
1780969405.407670,0.001001157,62726,7,501.228079
1780969405.408638,0.000998389,56934,7,456.206949
1780969405.409657,0.001000501,60028,10,479.983528
1780969405.410590,0.001002187,74442,9,594.236405
1780969405.411602,0.000997763,64174,7,514.543033
1780969405.412573,0.001000569,61410,9,491.000621
1780969405.413577,0.001011744,67268,10,531.897397
1780969405.414619,0.000987414,67070,7,543.399223
1780969405.415616,0.000999546,62726,7,502.035924
1780969405.416619,0.001011457,49694,7,393.048839
1780969405.417659,0.000997475,64438,11,516.808943
1780969405.418604,0.000990918,68704,10,554.669508
1780969405.419680,0.001013191,69966,7,552.440754
1780969405.420621,0.000988341,64108,6,518.914019
1780969405.421608,0.000998679,58580,10,469.259892
1780969405.422624,0.001012376,70098,9,553.928580
1780969405.423708,0.000996130,58382,7,468.870529
1780969405.424589,0.000992425,62726,7,505.638209
1780969405.425767,0.001010342,53906,5,426.833686
1780969405.426601,0.000990783,62726,7,506.476191
1780969405.427680,0.001010699,73060,10,578.292845
1780969405.428628,0.000995479,64174,7,515.723586
1780969405.429617,0.000994978,62726,7,504.340799
1780969405.430611,0.001001600,65556,6,523.610224
1780969405.431582,0.001007498,57066,9,453.130428
1780969405.432696,0.000989783,62792,8,507.521346
1780969405.433636,0.001004420,64240,8,511.658470
1780969405.434659,0.001003051,53906,5,429.936264
1780969405.435633,0.000996187,0,0,0.000000
1780969405.436593,0.000995448,5858,1,47.078300
1780969405.437602,0.001011054,42190,3,333.829845
1780969405.438613,0.000993510,90238,7,726.619762
1780969405.439620,0.000998703,88988,10,712.828539
1780969405.440637,0.000996296,67202,9,539.614733
1780969405.441622,0.000999422,56868,6,455.207110
1780969405.442746,0.001012991,59764,6,471.980501
1780969405.443603,0.000991799,64108,6,517.104776
1780969405.444593,0.001001061,62858,9,502.331027
1780969405.445677,0.000994801,67136,8,539.894914
1780969405.446623,0.001011849,52524,6,415.271449
1780969405.447662,0.000988550,0,0,0.000000
1780969405.448600,0.001008892,0,0,0.000000
1780969405.449762,0.000991051,71348,6,575.938070
1780969405.450595,0.000999130,88988,10,712.523896
1780969405.451586,0.000999597,62858,9,503.066736
1780969405.452579,0.001000288,65688,8,525.352698
1780969405.453566,0.001002747,54038,7,431.119714
1780969405.454685,0.000997456,67334,11,540.045877
1780969405.455676,0.001005335,59896,8,476.625205
1780969405.456613,0.000999992,64174,7,513.396107
1780969405.457577,0.000994210,58316,6,469.244928
1780969405.458608,0.001010285,69966,7,554.029803
1780969405.459609,0.000997641,51076,6,409.574186
1780969405.460603,0.000991851,68716,10,554.244539
1780969405.461655,0.001001265,61344,8,490.131983
1780969405.462869,0.001009538,67070,7,531.490642
1780969405.463671,0.000995578,52524,6,422.058342
1780969405.464663,0.000994684,70164,10,564.311882
1780969405.465642,0.001001519,68650,9,548.367030
1780969405.466608,0.001001176,53972,6,431.268828
1780969405.467598,0.000996577,61344,8,492.437614
1780969405.468596,0.001000315,71744,12,573.771262
1780969405.469588,0.001008046,62792,8,498.326465
1780969405.470626,0.000991490,64240,8,518.330997
1780969405.471610,0.001014218,58316,6,459.987892
1780969405.472605,0.000989026,61212,6,495.129552
1780969405.473674,0.000997481,62726,7,503.075247
1780969405.474588,0.000999813,70164,10,561.416985
1780969405.475599,0.001003020,56934,7,454.100616
1780969405.476593,0.001004686,62726,7,499.467495
1780969405.477571,0.000998334,62990,11,504.760932
1780969405.478622,0.000998052,62858,9,503.845491
1780969405.479652,0.001000689,62792,8,501.990129
1780969405.480589,0.000998856,62726,7,502.382726
1780969405.481571,0.001001220,62660,6,500.669184
1780969405.482634,0.001002808,59764,6,476.773221
1780969405.483628,0.000992004,68716,10,554.159056
1780969405.484653,0.001011712,61344,8,485.070850
1780969405.485650,0.000989127,59830,7,483.901461
1780969405.486603,0.000999092,74376,8,595.548758
1780969405.487595,0.001002850,24880,4,198.474348
1780969405.488659,0.000998561,89120,12,713.987428
1780969405.489573,0.001002264,56934,7,454.443141
1780969405.490619,0.001004907,53972,6,429.667621
1780969405.491603,0.000995878,56868,6,456.827041
1780969405.492601,0.001000839,65820,10,526.118587
1780969405.493564,0.000998587,64306,9,515.175944
1780969405.494813,0.000998123,62660,6,502.222672
1780969405.495667,0.000998325,59896,8,479.971953
1780969405.496648,0.001012309,61542,11,486.349524
1780969405.497574,0.000991481,62858,9,507.184707
1780969405.498606,0.000999790,67136,8,537.200812
1780969405.499600,0.000997241,65622,7,526.428416
1780969405.500596,0.000998526,55486,7,444.543257
1780969405.501583,0.001007765,70164,10,556.986996
1780969405.502604,0.000996645,67136,8,538.895996
1780969405.503601,0.000998566,51010,5,408.666027
1780969405.504582,0.000999032,58382,7,467.508548
1780969405.505578,0.000998073,74508,10,597.214833
1780969405.506615,0.001000059,65820,10,526.528935
1780969405.507584,0.001000069,62726,7,501.773378
1780969405.508598,0.001000360,62660,6,501.099604
1780969405.509599,0.001005096,62660,6,498.738429
1780969405.510613,0.000994999,46666,5,375.204397
1780969405.511575,0.001000084,71546,9,572.319925
1780969405.512563,0.001004413,59830,7,476.537042
1780969405.513674,0.000998825,62726,7,502.398318
1780969405.514618,0.000997483,68650,9,550.585825
1780969405.515649,0.001000256,61410,9,491.154265
1780969405.516579,0.001012418,68584,8,541.942162
1780969405.517565,0.000986106,55420,6,449.606837
1780969405.518610,0.001003650,65556,6,522.540726
1780969405.519648,0.001003822,59764,6,476.291613
1780969405.520612,0.001004471,64306,9,512.158141
1780969405.521592,0.000998411,68584,8,549.545227
1780969405.522630,0.000991709,62726,7,506.003273
1780969405.523628,0.001012953,59764,6,471.998207
1780969405.524591,0.000994244,61212,6,492.531008
1780969405.525593,0.001003097,67268,10,536.482514
1780969405.526615,0.001000225,58448,8,467.478817
1780969405.527582,0.000987964,65688,8,531.906021
1780969405.528610,0.000999286,65622,7,525.351101
1780969405.529577,0.000999827,52590,7,420.792797
1780969405.530638,0.001011275,65820,10,520.689229
1780969405.531580,0.000993029,67136,8,540.858323
1780969405.532575,0.000996995,64240,8,515.468984
1780969405.533602,0.001003973,58514,9,466.259551
1780969405.534597,0.001007674,68716,10,545.541514
1780969405.535645,0.001001963,59896,8,478.229236
1780969405.536632,0.000994424,62726,7,504.621771
1780969405.537675,0.000999007,51274,9,410.599726
1780969405.538663,0.001004771,11716,2,93.282947
1780969405.539589,0.000987211,0,0,0.000000
1780969405.540606,0.001000824,23432,4,187.301663
1780969405.541634,0.001013340,43836,6,346.071407
1780969405.542613,0.000986228,93530,13,758.688660
1780969405.543636,0.001009749,80234,9,635.674806
1780969405.544585,0.000994684,58316,6,469.021317
1780969405.545637,0.000997489,62660,6,502.541883
1780969405.546635,0.001008498,58448,8,463.643954
1780969405.547617,0.000995797,65754,9,528.252244
1780969405.548588,0.000993514,62726,7,505.083975
1780969405.549568,0.001000713,62726,7,501.450466
1780969405.550611,0.000999762,58382,7,467.167186
1780969405.551609,0.001011239,80366,11,635.782441
1780969405.552680,0.000999235,53972,6,432.106562
1780969405.553643,0.000993011,58382,7,470.343229
1780969405.554683,0.000995796,64504,12,518.210557
1780969405.555604,0.001009923,62924,10,498.445921
1780969405.556601,0.001000443,62792,8,502.113564
1780969405.557740,0.000990687,62726,7,506.525270
1780969405.558665,0.000999637,62660,6,501.462031
1780969405.559600,0.000999773,64372,10,515.092926
1780969405.560656,0.001007794,68650,9,544.952639
1780969405.561663,0.001004372,64174,7,511.157221
1780969405.562615,0.000997218,52524,6,421.364235
1780969405.563632,0.001004479,73258,13,583.450724
1780969405.564601,0.000991527,61344,8,494.945675
1780969405.565606,0.001006680,65688,8,522.016927
1780969405.566598,0.000987744,56868,6,460.588979
1780969405.567581,0.001002133,65820,10,525.439238
1780969405.568595,0.001001457,61344,8,490.038015
1780969405.569584,0.000996019,67070,7,538.704583
1780969405.570583,0.001000420,64174,7,513.176466
1780969405.571606,0.001008806,61212,6,485.421379
1780969405.572599,0.001002986,59830,7,477.215036
1780969405.573604,0.000999693,62858,9,503.018427
1780969405.574611,0.001001363,67202,9,536.884227
1780969405.575613,0.000989446,67070,7,542.283257
1780969405.576596,0.000997597,49760,8,399.038890
1780969405.577604,0.001004310,73192,12,583.023170
1780969405.578618,0.000995843,64240,8,516.065283
1780969405.579655,0.001001151,62726,7,501.231083
1780969405.580637,0.001000653,56868,6,454.647115
1780969405.581635,0.001009242,70164,10,556.171860
1780969405.582614,0.000989704,65688,8,530.970876
1780969405.583743,0.000999847,62726,7,501.884788
1780969405.584704,0.001008858,52458,5,415.979256
1780969405.585718,0.000994662,62792,8,505.031860
1780969405.586697,0.000996138,65754,9,528.071412
1780969405.587732,0.001006274,67202,9,534.264027
1780969405.588639,0.000993196,62726,7,505.245692
1780969405.589617,0.001003949,39558,7,315.219199
1780969405.590590,0.001000982,71744,12,573.388932
1780969405.591680,0.001001672,61410,9,490.459951
1780969405.592683,0.001005419,67136,8,534.193207
1780969405.594563,0.000993391,59764,6,481.292865
1780969405.594621,0.001003019,61476,10,490.327701
1780969405.595662,0.000994246,68650,9,552.378385
1780969405.596618,0.001003695,59830,7,476.877936
1780969405.597647,0.000997325,64108,6,514.239591
1780969405.598610,0.001000340,57066,9,456.372833
1780969405.599609,0.001002168,76088,12,607.387185
1780969405.600596,0.000993637,59830,7,481.705089
1780969405.601583,0.000999879,55420,6,443.413653
1780969405.602603,0.001001835,65556,6,523.487401
1780969405.603601,0.000998735,65556,6,525.112267
1780969405.604669,0.001012767,59830,7,472.606236
1780969405.605602,0.000997391,70164,10,562.780294
1780969405.606616,0.000990043,56868,6,459.519435
1780969405.607604,0.001000394,62660,6,501.082573
1780969405.608576,0.001000406,62660,6,501.076563
1780969405.609566,0.000999370,51076,6,408.865585
1780969405.610617,0.001008037,74574,11,591.835419
1780969405.611618,0.000992927,62792,8,505.914332
1780969405.612659,0.001011577,59830,7,473.162201
1780969405.613618,0.000986899,58514,9,474.326147
1780969405.614668,0.001006878,70230,11,558.002062
1780969405.615646,0.000998548,59896,8,479.864764
1780969405.616659,0.000998703,70032,8,560.983596
1780969405.617620,0.000999295,51010,5,408.367899
1780969405.618609,0.000998787,64306,9,515.072783
1780969405.619602,0.001000150,67202,9,537.535370
1780969405.620596,0.001002012,56934,7,454.557430
1780969405.621570,0.000995475,58316,6,468.648635
1780969405.622605,0.001000295,53906,5,431.120819
1780969405.623700,0.001001612,71348,6,569.865377
1780969405.624592,0.000998655,67268,10,538.868779
1780969405.625599,0.001000073,62858,9,502.827294
1780969405.626593,0.001000774,53972,6,431.442064
1780969405.627596,0.001011117,65622,7,519.204009
1780969405.628590,0.001000095,61212,6,489.649483
1780969405.629605,0.000999709,62858,9,503.010376
1780969405.630607,0.000993360,62792,8,505.693807
1780969405.631636,0.000995011,62726,7,504.324073
1780969405.632606,0.000999723,61212,6,489.831683
1780969405.633649,0.000999783,71744,12,574.076575
1780969405.634627,0.000999913,62792,8,502.379707
1780969405.635586,0.001000688,55420,6,443.055178
1780969405.636586,0.001004391,64174,7,511.147551
1780969405.637596,0.000994708,68452,6,550.529402
1780969405.638611,0.001005236,55486,7,441.575909
1780969405.639659,0.001005618,62792,8,499.529642
1780969405.640637,0.000990521,67070,7,541.694724
1780969405.641650,0.001006095,62726,7,498.768009
1780969405.642614,0.001000586,70296,12,562.038645
1780969405.643594,0.001000842,59896,8,478.764880
1780969405.644578,0.000990708,57000,8,460.276893
1780969405.645569,0.001010997,71810,13,568.231162
1780969405.646615,0.000992618,61410,9,494.933600
1780969405.647606,0.001001637,67136,8,536.210224
1780969405.648598,0.001009129,56868,6,450.828388
1780969405.649648,0.000986318,68716,10,557.353714
1780969405.650607,0.001001207,64306,9,513.827810
1780969405.651639,0.001012888,64240,8,507.380875
1780969405.652600,0.000986867,53972,6,437.521976
1780969405.653566,0.001002300,59896,8,478.068443
1780969405.654601,0.001000045,68782,12,550.231240
1780969405.655660,0.001004181,56934,7,453.575600
1780969405.656614,0.000995659,62726,7,503.995846
1780969405.657592,0.000996963,62660,6,502.807025
1780969405.658592,0.000999805,62660,6,501.377769
1780969405.659575,0.001012557,58382,7,461.263909
1780969405.660578,0.000987710,68716,10,556.568223
1780969405.661601,0.001003275,64240,8,512.242406
1780969405.662587,0.000999498,56868,6,455.172497
1780969405.663597,0.000997183,61476,10,493.197337
1780969405.664687,0.001012437,67334,11,532.054834
1780969405.665705,0.000999722,65688,8,525.650131
1780969405.666619,0.001000028,65688,8,525.489286
1780969405.667610,0.000989023,59764,6,483.418485
1780969405.668575,0.000998701,55486,7,444.465361
1780969405.669609,0.001007209,67202,9,533.768066
1780969405.670608,0.000999552,67202,9,537.856960
1780969405.671587,0.000997518,55420,6,444.463158
1780969405.672569,0.000996147,59830,7,480.491333
1780969405.673580,0.000999568,73060,10,584.732604
1780969405.674587,0.001000380,57000,8,455.826786
1780969405.675601,0.000999457,67070,7,536.851510
1780969405.676606,0.000999351,52458,5,419.936539
1780969405.677583,0.001007448,65556,6,520.570789
1780969405.678606,0.000998053,70098,9,561.877976
1780969405.679609,0.001004275,62792,8,500.197655
1780969405.680588,0.000999000,64174,7,513.905906
1780969405.681614,0.001006321,53906,5,428.539204
1780969405.682650,0.000997538,59896,8,480.350623
1780969405.683577,0.000992217,71612,10,577.389825
1780969405.684579,0.000996615,61278,7,491.889044
1780969405.685571,0.000998932,68518,7,548.730044
1780969405.686611,0.001004600,55684,10,443.432212
1780969405.687629,0.001009254,67268,10,533.209678
1780969405.688595,0.000990665,62858,9,507.602469
1780969405.689587,0.000996151,62726,7,503.746922
1780969405.690609,0.000999560,65622,7,525.207091
1780969405.691606,0.001001407,62858,9,502.157464
1780969405.692608,0.000998943,59896,8,479.675016
1780969405.693629,0.001007548,68584,8,544.561649
1780969405.694610,0.000992241,56868,6,458.501513
1780969405.695614,0.001011053,65556,6,518.714647
1780969405.696589,0.000988879,54104,8,437.699658
1780969405.697570,0.001000400,67202,9,537.401040
1780969405.698629,0.001010684,62792,8,497.025777
1780969405.699633,0.000989796,65622,7,530.388080
1780969405.700607,0.000999467,62660,6,501.547325
1780969405.701590,0.001003701,53972,6,430.183889
1780969405.702620,0.001009586,68716,10,544.508343
1780969405.703591,0.000992569,58382,7,470.552677
1780969405.704581,0.000994090,62726,7,504.791317
1780969405.705594,0.001011828,65556,6,518.317342
1780969405.706593,0.000988911,58316,6,471.759339
1780969405.707600,0.001001410,68716,10,548.953975
1780969405.708583,0.001001856,59896,8,478.280312
1780969405.709582,0.000996466,67136,8,538.992801
1780969405.710606,0.000999337,62660,6,501.612569
1780969405.711598,0.000999878,56802,5,454.471446
1780969405.712595,0.000999796,58448,8,467.679407
1780969405.713582,0.001000285,58382,7,466.922927
1780969405.714583,0.001012635,65688,8,518.947103
1780969405.715618,0.000987437,62660,6,507.657704
1780969405.716603,0.001005054,68716,10,546.963646
1780969405.717593,0.001006083,57000,8,453.242923
1780969405.718626,0.000999969,68650,9,549.217026
1780969405.719611,0.000992296,56868,6,458.476100
1780969405.720605,0.000996695,64438,11,517.213390
1780969405.721575,0.000999936,70164,10,561.347926
1780969405.722699,0.001002419,62726,7,500.597056
1780969405.723668,0.000997814,64174,7,514.516734
1780969405.724565,0.000999659,57000,8,456.155549
1780969405.725571,0.001012347,76022,11,600.758436
1780969405.726609,0.000995946,51076,6,410.271240
1780969405.727588,0.001001035,59830,7,478.145120
1780969405.728589,0.001000150,70164,10,561.227816
1780969405.729586,0.001001084,62858,9,502.319486
1780969405.730604,0.000993291,65622,7,528.521853
1780969405.731610,0.001005565,62924,10,500.606127
1780969405.732601,0.000990235,62858,9,507.822891
1780969405.733583,0.001012397,56868,6,449.373121
1780969405.734610,0.000988266,68518,7,554.652290
1780969405.735600,0.001003359,62660,6,499.601837
1780969405.736639,0.001003161,52524,6,418.867958
1780969405.737597,0.001000221,73126,11,584.878742
1780969405.738716,0.000993049,58382,7,470.325231
1780969405.739623,0.001001815,64174,7,512.461882
1780969405.740637,0.000998470,48246,7,386.559436
1780969405.741585,0.001002700,74508,10,594.458961
1780969405.742683,0.000997266,58448,8,468.865879
1780969405.743598,0.000999776,58382,7,467.160644
1780969405.744607,0.001010745,67004,6,530.333566
1780969405.745605,0.000995698,64108,6,515.079874
1780969405.746604,0.001000036,62792,8,502.317917
1780969405.747599,0.000994460,58448,8,470.188846
1780969405.748600,0.000999343,64240,8,514.257867
1780969405.749588,0.001008007,65622,7,520.805907
1780969405.750619,0.001001267,64108,6,512.215024
1780969405.751613,0.000990091,52524,6,424.397353
1780969405.752569,0.001006329,71612,10,569.292945
1780969405.753575,0.001002662,64240,8,512.555577
1780969405.754607,0.000995758,62660,6,503.415489
1780969405.755607,0.001007141,52458,5,416.688428
1780969405.756665,0.000992973,58448,8,470.892965
1780969405.757631,0.001005808,74508,10,592.622051
1780969405.758625,0.000993855,67202,9,540.940077
1780969405.759605,0.000995996,49760,8,399.680320
1780969405.760597,0.001005721,77602,13,617.284515
1780969405.761562,0.000993605,59896,8,482.252002
1780969405.762650,0.001006020,65688,8,522.359396
1780969405.763616,0.001005450,56802,5,451.952857
1780969405.764585,0.000991050,73126,11,590.291105
1780969405.765601,0.001011457,64240,8,508.098713
1780969405.766611,0.000987164,53972,6,437.390342
1780969405.767585,0.001003481,65622,7,523.154898
1780969405.768579,0.000996852,65754,9,527.693178
1780969405.769598,0.000998936,65688,8,526.063732
1780969405.770599,0.001000546,58382,7,466.801127
1780969405.771603,0.001003876,65622,7,522.949049
1780969405.772600,0.000997697,55354,5,443.854196
1780969405.773571,0.001002235,58382,7,466.014458
1780969405.774621,0.001002101,71678,11,572.221762
1780969405.775609,0.000993957,65688,8,528.698928
1780969405.776580,0.000999507,65622,7,525.234941
1780969405.777591,0.001001074,61212,6,489.170631
1780969405.778622,0.001009659,49694,7,393.748781
1780969405.779591,0.000993684,65820,10,529.906892
1780969405.780620,0.001001191,62726,7,501.211058
1780969405.781680,0.001000329,72928,8,583.232117
1780969405.782628,0.000994573,52524,6,422.484825
1780969405.783679,0.001011974,70164,10,554.670377
1780969405.784621,0.000988238,62792,8,508.314799
1780969405.785621,0.000999243,59830,7,479.002605
1780969405.786612,0.001003506,62660,6,499.528653
1780969405.787592,0.000997246,65820,10,528.014151
1780969405.788588,0.001007911,62792,8,498.393211
1780969405.789587,0.000999516,65688,8,525.758467
1780969405.790633,0.001004757,59764,6,475.848389
1780969405.791616,0.001000296,56868,6,454.809376
1780969405.792608,0.000998185,73126,11,586.071720
1780969405.793588,0.000997042,65688,8,527.063053
1780969405.794612,0.000999585,51142,7,409.305862
1780969405.795603,0.000991772,68848,12,555.353448
1780969405.796586,0.001004064,67202,9,535.439972
1780969405.797642,0.000995803,56868,6,456.861447
1780969405.798720,0.001008079,60028,10,476.375363
1780969405.799605,0.000995397,65886,11,529.525405
1780969405.800615,0.001010601,64306,9,509.051545
1780969405.801599,0.000988718,65688,8,531.500387
1780969405.802666,0.000997497,53972,6,432.859447
1780969405.803638,0.001000468,61542,11,492.105695
1780969405.804647,0.001010560,64372,10,509.594680
1780969405.805638,0.000992585,71546,9,576.643814
1780969405.806656,0.000996560,53972,6,433.266437
1780969405.807653,0.001007141,60028,10,476.819035
1780969405.808643,0.001005506,67334,11,535.722313
1780969405.809568,0.000986810,65754,9,533.063102
1780969405.810652,0.001013051,52458,5,414.257525
1780969405.811596,0.000989017,68518,7,554.231120
1780969405.812596,0.001008380,70230,11,557.170908
1780969405.813613,0.000989795,55486,7,448.464581
1780969405.814717,0.001004906,69966,7,556.995381
1780969405.815611,0.001003954,52722,9,420.114866
1780969405.816653,0.000994548,75956,10,610.979058
1780969405.817657,0.000996610,56934,7,457.021302
1780969405.818652,0.001000199,68452,6,547.507046
1780969405.819665,0.001005360,58580,10,466.141482
1780969405.820644,0.001001355,70098,9,560.025166
1780969405.821616,0.001005692,65622,7,522.004749
1780969405.822683,0.000988533,56802,5,459.687234
1780969405.823675,0.001003338,59962,9,478.100102
1780969405.824619,0.000996517,74508,10,598.147347
1780969405.825583,0.000999992,64174,7,513.396107
1780969405.826623,0.001001810,57000,8,455.176131
1780969405.827626,0.001010251,71612,10,567.082834
1780969405.828609,0.000996798,64240,8,515.570858
1780969405.829667,0.001003434,62726,7,500.090689
1780969405.830619,0.000996793,53972,6,433.165161
1780969405.831631,0.000993777,68716,10,553.170379
1780969405.832627,0.000996517,59896,8,480.842775
1780969405.833694,0.001003268,64174,7,511.719700
1780969405.834706,0.001007172,56868,6,451.704376
1780969405.835616,0.000990658,62660,6,506.007119
1780969405.836586,0.001003798,7306,1,58.226854
1780969405.837605,0.000995484,14612,2,117.426297
1780969405.838590,0.001000989,40940,6,327.196403
1780969405.839615,0.000998503,0,0,0.000000
1780969405.840601,0.001002389,88988,10,710.207315
1780969405.841586,0.001007023,83064,8,659.877679
1780969405.842641,0.001003467,68518,7,546.250151
1780969405.843614,0.000997270,58514,9,469.393444
1780969405.844664,0.000990882,62858,9,507.491306
1780969405.845655,0.000999378,65688,8,525.831067
1780969405.846772,0.001001457,56934,7,454.809343
1780969405.847663,0.000999079,71744,12,574.481097
1780969405.848699,0.001015111,62792,8,494.858198
1780969405.849642,0.000997648,62726,7,502.991035
1780969405.850667,0.000990750,55684,10,449.631088
1780969405.851615,0.001005045,60058,9,478.052227
1780969405.852598,0.001006633,64306,9,511.058151
1780969405.853629,0.000998098,67070,7,537.582482
1780969405.854620,0.000992504,58580,10,472.179457
1780969405.855580,0.000995456,65820,10,528.963611
1780969405.856558,0.000997643,61278,7,491.382188
1780969405.857583,0.000999703,65622,7,525.131964
1780969405.858615,0.001000206,59896,8,479.069312
1780969405.859599,0.000999894,64372,10,515.030593
1780969405.860605,0.001010706,62792,8,497.014958
1780969405.861602,0.001005625,68518,7,545.077937
1780969405.862602,0.000986689,55354,5,448.806057
1780969405.863599,0.000997142,61212,6,491.099563
1780969405.864661,0.001001807,64372,10,514.047117
1780969405.865682,0.001005933,67202,9,534.445137
1780969405.866616,0.000994816,56988,8,458.279722
1780969405.867804,0.001005160,67136,8,534.330853
1780969405.868620,0.000994232,64372,10,517.963614
1780969405.869630,0.001011395,68754,9,543.835000
1780969405.871573,0.000987790,53972,6,437.113152
1780969405.871634,0.000999378,62660,6,501.591990
1780969405.872655,0.001004228,64108,6,510.704740
1780969405.873579,0.000995689,62924,10,505.571519
1780969405.883383,0.001010430,62792,8,497.150718
1780969405.883457,0.000990079,56868,6,459.502727
1780969405.883476,0.001014324,68518,7,540.403264
1780969405.883491,0.000998311,58448,8,468.375086
1780969405.883508,0.000991701,71612,10,577.690251
1780969405.883526,0.001004427,61278,7,488.063344
1780969405.883541,0.000990509,56868,6,459.303247
1780969405.883561,0.001001475,65820,10,525.784468
1780969405.883577,0.001008528,68650,9,544.556026
1780969405.886618,0.000994075,61344,8,493.677036
1780969405.886667,0.000998859,59764,6,478.658149
1780969405.886687,0.000997580,65556,6,525.720243
1780969405.886703,0.000999206,48246,7,386.274702
1780969405.887613,0.001005142,68716,10,546.915759
1780969405.888604,0.000997628,61278,7,491.389576
1780969405.889606,0.001011326,59764,6,472.757548
1780969405.890607,0.000996237,62990,11,505.823414
1780969405.891607,0.001005297,70098,9,557.829179
1780969405.892581,0.000987350,68518,7,555.166861
1780969405.893575,0.000997394,58316,6,467.746949
1780969405.894723,0.001000257,55552,8,444.301814
1780969405.895609,0.001003587,71678,11,571.374480
1780969405.896622,0.001007026,55486,7,440.791002
1780969405.897610,0.000993300,71480,8,575.697171
1780969405.898607,0.000995487,53906,5,433.203045
1780969405.899925,0.001000232,65688,8,525.382111
1780969405.900563,0.001000043,73060,10,584.454868
1780969405.901572,0.000999692,58448,8,467.728060
1780969405.902595,0.001000058,64438,11,515.474103
1780969405.903609,0.001004077,61410,9,489.285184
1780969405.904605,0.001002789,61278,7,488.860568
1780969405.905660,0.001001093,72928,8,582.787014
1780969405.906588,0.000996421,42454,7,340.851909
1780969405.907580,0.000999724,71612,10,573.054163
1780969405.908580,0.001001608,62726,7,501.002388
1780969405.909566,0.000999070,62726,7,502.275116
1780969405.910602,0.000995107,61344,8,493.165057
1780969405.911592,0.001011263,71546,9,565.993218
1780969405.912585,0.000992228,64240,8,517.945472
1780969405.913600,0.001010754,53972,6,427.182084
1780969405.914593,0.000987180,57000,8,461.921838
1780969405.915612,0.001008056,77470,11,614.807114
1780969405.916574,0.000991505,61344,8,494.956657
1780969405.917569,0.001000891,68518,7,547.656038
1780969405.918597,0.000998414,51076,6,409.257082
1780969405.919625,0.001011347,71546,9,565.946208
1780969405.920577,0.000995392,64174,7,515.768662
1780969405.921618,0.000992931,62726,7,505.380535
1780969405.922610,0.001005355,52644,8,418.908744
1780969405.923627,0.001008803,76088,12,603.392337
1780969405.924570,0.000995735,62792,8,504.487640
1780969405.925591,0.001001124,62726,7,501.244601
1780969405.926580,0.000990845,62660,6,505.911621
1780969405.927604,0.001005761,62660,6,498.408668
1780969405.928643,0.000993301,57000,8,459.075346
1780969405.929599,0.001007305,65754,9,522.217203
1780969405.930696,0.001004470,51076,6,406.789650
1780969405.931652,0.000989047,64108,6,518.543608
1780969405.932581,0.000999105,67268,10,538.626070
1780969405.933576,0.001002843,65754,9,524.540731
1780969405.934612,0.001003544,62726,7,500.035873
1780969405.935685,0.000996714,62858,9,504.521859
1780969405.936635,0.001001665,65820,10,525.684735
1780969405.937569,0.000994247,59896,8,481.940604
1780969405.938619,0.001008985,62792,8,497.862704
1780969405.939591,0.000991743,69966,7,564.388153
1780969405.940580,0.001003690,52656,8,419.699310
1780969405.941566,0.000997165,67136,8,538.614973
1780969405.942703,0.001004417,65622,7,522.667378
1780969405.943595,0.000994933,64240,8,516.537294
1780969405.944598,0.001011387,65820,10,520.631568
1780969405.945559,0.000991427,56934,7,459.410526
1780969405.946602,0.001003998,67070,7,534.423375
1780969405.947657,0.000993513,62660,6,504.553036
1780969405.948584,0.001009823,52524,6,416.104604
1780969405.949631,0.000989313,74508,10,602.502949
1780969405.950613,0.001000512,62726,7,501.551206
1780969405.951640,0.000999923,62726,7,501.846642
1780969405.952619,0.001000187,58580,10,468.552381
1780969405.953624,0.001002206,67268,10,536.959467
1780969405.954655,0.001001041,62792,8,501.813612
1780969405.955642,0.000996240,65688,8,527.487352
1780969405.956607,0.001009026,53906,5,427.390374
1780969405.957618,0.000998096,64174,7,514.371363
1780969405.958593,0.000998126,65754,9,527.019635
1780969405.959614,0.001001149,68584,8,548.042299
1780969405.960648,0.000994892,61278,7,492.740921
1780969405.961671,0.001012102,53906,5,426.091441
1780969405.962621,0.000986412,68518,7,555.694781
1780969405.963607,0.001008559,64240,8,509.558687
1780969405.964602,0.000991675,62792,8,506.553054
1780969405.965592,0.001000221,64174,7,513.278565
1780969405.966619,0.001008610,64306,9,510.056414
1780969405.967605,0.000996295,64306,9,516.361118
1780969405.968596,0.000994544,67202,9,540.565324
1780969405.969579,0.001001634,62726,7,500.989383
1780969405.970603,0.001000751,53906,5,430.924376
1780969405.971602,0.001007101,58316,6,463.238543
1780969405.972568,0.000993956,67268,10,541.416320
1780969405.973581,0.000996805,72994,9,585.823707
1780969405.974591,0.000999740,52458,5,419.773141
1780969405.975730,0.001003162,62660,6,499.699949
1780969405.976658,0.000997201,72994,9,585.591069
1780969405.977751,0.001012117,55552,8,439.095480
1780969405.978650,0.000988685,62726,7,507.550939
1780969405.979626,0.000998738,65622,7,525.639357
1780969405.980590,0.001007750,61542,11,488.549740
1780969405.981583,0.000993109,68650,9,553.010797
1780969405.982683,0.001004628,55420,6,441.317582
1780969405.983590,0.000995107,65622,7,527.557338
1780969405.984599,0.001001154,62660,6,500.702190
1780969405.985566,0.000998228,58316,6,467.356155
1780969405.986593,0.001000688,67268,10,537.774011
1780969405.987588,0.001005499,62858,9,500.113874
1780969405.988601,0.000994317,59896,8,481.906676
1780969405.989563,0.001003168,68782,11,548.518294
1780969405.990700,0.001009387,59896,8,474.711880
1780969405.991686,0.000997336,64174,7,514.763330
1780969405.992608,0.000989911,62726,7,506.922339
1780969405.993612,0.001004110,62660,6,499.228172
1780969405.994603,0.000996794,55420,6,444.785984
1780969405.995632,0.001003172,70098,9,559.010818
1780969405.996593,0.001004258,65688,8,523.275891
1780969405.997575,0.000991816,59896,8,483.121869
1780969405.998615,0.000999837,68782,11,550.345706
1780969405.999591,0.001000040,62792,8,502.315907
1780969406.000618,0.001005463,62726,7,499.081518
1780969406.001587,0.001007892,61410,9,487.433177
1780969406.002643,0.000986817,65886,11,534.129428
1780969406.003620,0.001010530,59896,8,474.174938
1780969406.004610,0.000991349,65688,8,530.089807
1780969406.005592,0.000998500,61212,6,490.431647
1780969406.006658,0.001000404,65886,11,526.875142
1780969406.007764,0.001000343,61344,8,490.583730
1780969406.008617,0.000998929,58382,7,467.556753
1780969406.009693,0.001000957,69966,7,559.192852
1780969406.010691,0.001008443,61410,9,487.166850
1780969406.011670,0.001003854,64306,9,512.472929
1780969406.012646,0.000996408,59830,7,480.365473
1780969406.013601,0.000998528,65622,7,525.749904
1780969406.014606,0.000992538,65556,6,528.390853
1780969406.015610,0.001013663,56934,7,449.332766
1780969406.016590,0.000995636,71612,10,575.407076
1780969406.017618,0.001000885,58448,8,467.170554
1780969406.018673,0.000995745,62726,7,503.952317
1780969406.019622,0.000997566,64306,9,515.703222
1780969406.020563,0.000995545,62858,9,505.114284
1780969406.021566,0.001003450,64306,9,512.679257
1780969406.022612,0.001004440,62726,7,499.589821
1780969406.023604,0.000996289,53906,5,432.854322
1780969406.024662,0.000997626,68584,8,549.977647
1780969406.025651,0.000998379,62792,8,503.151609
1780969406.026589,0.001000434,67136,8,536.855005
1780969406.027582,0.000999519,64240,8,514.167314
1780969406.028598,0.000999697,62858,9,503.016414
1780969406.029608,0.001005490,65754,9,523.159852
1780969406.030612,0.001000125,64240,8,513.855768
1780969406.031612,0.001007319,56868,6,451.638458
1780969406.032581,0.000986925,59764,6,484.446133
1780969406.033555,0.001000148,58448,8,467.514808
1780969406.034601,0.001000457,64306,9,514.213005
1780969406.035595,0.000999552,64240,8,514.150339
1780969406.036583,0.001002972,55420,6,442.046239
1780969406.037606,0.001005713,72862,7,579.584832
1780969406.038679,0.000992144,55420,6,446.870616
1780969406.039599,0.001008759,68716,10,544.954741
1780969406.040651,0.000990592,55486,7,448.103760
1780969406.041674,0.001013890,69966,7,552.059888
1780969406.042699,0.000987248,54038,7,437.887947
1780969406.043598,0.001002027,64306,9,513.407323
1780969406.044603,0.000998493,65754,9,526.825927
1780969406.046101,0.001007157,55420,6,440.209421
1780969406.046700,0.001003165,52524,6,418.866288
1780969406.047693,0.000998549,65556,6,525.210080
1780969406.048672,0.000999403,55552,8,444.681475
1780969406.049597,0.001000301,70098,9,560.615255
1780969406.050600,0.000990647,62726,7,506.545722
1780969406.051929,0.001004536,62726,7,499.542077
1780969406.052884,0.000997740,62660,6,502.415459
1780969406.053632,0.001011968,55420,6,438.116620
1780969406.054709,0.000990387,70098,9,566.227142
1780969406.055707,0.000995908,64240,8,516.031601
1780969406.056631,0.000998628,59830,7,479.297596
1780969406.057590,0.000999850,56934,7,455.540331
1780969406.058585,0.001000120,71612,10,572.827261
1780969406.059611,0.001005799,65688,8,522.474172
1780969406.060800,0.000998350,51010,5,408.754445
1780969406.061771,0.001008960,62660,6,496.828417
1780969406.062596,0.000987177,65556,6,531.260351
1780969406.063579,0.001003676,61410,9,489.480669
1780969406.064571,0.000997162,70164,10,562.909537
1780969406.065581,0.001010050,62726,7,496.815009
1780969406.066603,0.000994710,55486,7,446.248655
1780969406.068626,0.002005961,137366,19,547.831189
1780969406.069584,0.000993004,56934,7,458.680932
1780969406.070741,0.000995585,43968,8,353.303836
1780969406.071635,0.001011149,83328,12,659.273757
1780969406.072943,0.001000659,64240,8,513.581550
1780969406.073676,0.000987705,62726,7,508.054530
1780969406.074614,0.001000063,53906,5,431.220833
1780969406.075635,0.001011837,64306,9,508.429717
1780969406.076624,0.000988478,70164,10,567.854823
1780969406.077644,0.001000247,62726,7,501.684084
1780969406.078631,0.001012812,55420,6,437.751527
1780969406.079628,0.001001923,68452,6,546.564956
1780969406.080600,0.000990121,54104,8,437.150611
1780969406.081595,0.000998891,74508,10,596.725769
1780969406.082625,0.001006385,62726,7,498.624284
1780969406.083596,0.000998977,55420,6,443.814022
1780969406.084592,0.001002280,62660,6,500.139682
1780969406.085618,0.000999917,62726,7,501.849654
1780969406.086608,0.000988061,64306,9,520.664210
1780969406.087589,0.001000230,67202,9,537.492377
1780969406.088597,0.001001472,65622,7,524.204371
1780969406.089580,0.000998506,56934,7,456.153493
1780969406.090618,0.001005541,65754,9,523.133318
1780969406.091607,0.000995109,67136,8,539.727809
1780969406.092596,0.000998999,56868,6,455.399855
1780969406.093582,0.001001022,62660,6,500.768215
1780969406.094629,0.001005354,58382,7,464.568699
1780969406.095614,0.001003952,61410,9,489.346104
1780969406.096588,0.000994098,65688,8,528.623938
1780969406.097623,0.001010206,53972,6,427.413815
1780969406.098600,0.000988380,72862,7,589.748882
1780969406.099612,0.000997527,64108,6,514.135457
1780969406.100580,0.000999247,52524,6,420.508643
1780969406.101566,0.001009538,70164,10,556.008788
1780969406.102648,0.000995497,65688,8,527.881048
1780969406.103605,0.001000282,61278,7,490.085796
1780969406.104603,0.001003330,55684,10,443.993502
1780969406.105659,0.000995581,67268,10,540.532614
1780969406.106571,0.000996238,62858,9,504.762918
1780969406.107662,0.001007654,56934,7,452.012298
1780969406.108679,0.000993596,64174,7,516.700953
1780969406.109631,0.000999583,59764,6,478.311456
1780969406.110612,0.001010361,67334,11,533.148053
1780969406.111651,0.000997660,61344,8,491.903053
1780969406.112618,0.000997297,67136,8,538.543684
1780969406.113581,0.000998455,58316,6,467.249901
1780969406.114599,0.001002009,58382,7,466.119566
1780969406.115620,0.000993301,65820,10,530.111215
1780969406.116666,0.001007318,59830,7,475.162759
1780969406.117673,0.001004936,68518,7,545.451651
1780969406.118628,0.000995532,58316,6,468.621802
1780969406.119635,0.001003804,71678,11,571.250961
1780969406.120596,0.000988784,64306,9,520.283500
1780969406.121621,0.001009996,56868,6,450.441388
1780969406.122613,0.000997077,62726,7,503.279085
1780969406.123600,0.000994024,65556,6,527.600943
1780969406.124569,0.000998513,57000,8,456.679082
1780969406.125605,0.001003111,67136,8,535.422301
1780969406.126646,0.000997470,58382,7,468.240649
1780969406.127646,0.000999627,58316,6,466.702080
1780969406.128580,0.000999893,72862,7,582.958377
1780969406.129584,0.000999876,51076,6,408.658674
1780969406.130633,0.001013573,74574,11,588.602893
1780969406.131605,0.000986232,59896,8,485.857283
1780969406.132622,0.001008921,62726,7,497.370954
1780969406.133629,0.000991294,52722,9,425.480231
1780969406.134625,0.001005092,74640,12,594.094869
1780969406.135669,0.000995298,61410,9,493.600911
1780969406.136620,0.000999670,61278,7,490.385827
1780969406.137594,0.001009246,59764,6,473.731875
1780969406.138611,0.000993838,62660,6,504.388039
1780969406.139756,0.000997311,64306,9,515.835081
1780969406.140643,0.001008431,67202,9,533.121255
1780969406.141605,0.000999839,55486,7,443.959477
1780969406.142637,0.000995255,65622,7,527.478887
1780969406.143643,0.000997219,58316,6,467.829033
1780969406.144635,0.001004249,62858,9,500.736371
1780969406.145695,0.000997934,62858,9,503.905068
1780969406.146625,0.000997147,65622,7,526.478042
1780969406.147636,0.001001710,62660,6,500.424274
1780969406.148595,0.001008149,64108,6,508.718453
1780969406.149594,0.000997701,56868,6,455.992326
1780969406.150733,0.001000372,64306,9,514.256697
1780969406.151632,0.001000753,67136,8,536.683877
1780969406.152586,0.000990633,62726,7,506.552881
1780969406.153596,0.001011533,59764,6,472.660803
1780969406.154607,0.001001401,62858,9,502.160473
1780969406.155588,0.000993978,71612,10,576.366881
1780969406.156586,0.000997663,62726,7,502.983472
1780969406.157593,0.001005275,55420,6,441.033548
1780969406.158728,0.000990776,67268,10,543.154053
1780969406.159693,0.001012839,65688,8,518.842580
1780969406.160624,0.000991255,58382,7,471.176438
1780969406.161640,0.001004507,61212,6,487.498843
1780969406.162611,0.000993352,68782,11,553.938584
1780969406.163590,0.000998577,59896,8,479.850828
1780969406.164584,0.000998913,68584,8,549.269055
1780969406.165649,0.001005355,55420,6,440.998453
1780969406.166849,0.000995434,52524,6,422.119397
1780969406.167675,0.001005109,73126,11,582.034386
1780969406.168625,0.000994094,62792,8,505.320422
1780969406.169642,0.001002245,62726,7,500.683964
1780969406.170649,0.001008206,55420,6,439.751400
1780969406.171605,0.001000688,57000,8,455.686488
1780969406.172588,0.000989620,62858,9,508.138477
1780969406.173602,0.001001087,65622,7,524.405971
1780969406.174599,0.001006455,52458,5,416.972443
1780969406.175654,0.000998597,62660,6,501.984284
1780969406.176658,0.001001790,131310,9,1048.603001
1780969406.177649,0.000995386,62792,8,504.664522
1780969406.178613,0.000999899,62726,7,501.858688
1780969406.179577,0.000998804,61212,6,490.282378
1780969406.180627,0.001000309,62858,9,502.708663
1780969406.181605,0.001000704,68650,9,548.813635
1780969406.182613,0.000999516,59830,7,478.871774
1780969406.183601,0.000998105,62660,6,502.231729
1780969406.184606,0.000998634,70230,11,562.608523
1780969406.185577,0.000999771,58448,8,467.691101
1780969406.186592,0.001001667,65688,8,524.629443
1780969406.187620,0.001009458,56868,6,450.681455
1780969406.188609,0.000999816,67268,10,538.243037
1780969406.189655,0.000994425,64306,9,517.332127
1780969406.190760,0.000995101,67202,9,540.262747
1780969406.191630,0.001000545,55420,6,443.118500
1780969406.192679,0.001012171,72862,7,575.886881
1780969406.193641,0.000997823,58250,5,467.016695
1780969406.194602,0.000989351,62924,10,508.810321
1780969406.195683,0.001004263,65688,8,523.273286
1780969406.196626,0.000996698,55420,6,444.828825
1780969406.197629,0.001011882,59896,8,473.541381
1780969406.198605,0.001001994,68782,11,549.160973
1780969406.199634,0.000999013,62792,8,502.832295
1780969406.200612,0.000989416,62726,7,507.175950
1780969406.201595,0.000996607,62858,9,504.576026
1780969406.202613,0.001003487,64306,9,512.660353
1780969406.203673,0.000997737,65622,7,526.166715
1780969406.204641,0.000998720,58316,6,467.125921
1780969406.205621,0.001002337,65556,6,523.225223
1780969406.206587,0.000997734,59896,8,480.256261
1780969406.207601,0.001011469,61410,9,485.709399
1780969406.208624,0.000989982,71480,8,577.626664
1780969406.209590,0.001008127,56868,6,451.276476
1780969406.210625,0.000998126,53906,5,432.057676
1780969406.211623,0.000992482,65556,6,528.420667
1780969406.212672,0.001000529,68716,10,549.437348
1780969406.213639,0.000999670,59896,8,479.326178
1780969406.214715,0.001008433,64240,8,509.622355
1780969406.215675,0.000994822,65622,7,527.708474
1780969406.216906,0.001009247,59962,9,475.300893
1780969406.217674,0.001000712,64306,9,514.081974
1780969406.218623,0.000998682,46798,7,374.878089
1780969406.219790,0.001000067,71480,8,571.801689
1780969406.220646,0.000990991,65820,10,531.346904
1780969406.221767,0.001002717,62792,8,500.974851
1780969406.222615,0.000993876,71480,8,575.363526
1780969406.223647,0.001000698,53972,6,431.474831
1780969406.224674,0.001000373,75890,9,606.893629
1780969406.225694,0.001000753,61344,8,490.382742
1780969406.226619,0.001001968,58316,6,465.611676
1780969406.227670,0.001000444,61542,11,492.117500
1780969406.228614,0.000995525,61476,10,494.018734
1780969406.229631,0.001006382,61278,7,487.115231
1780969406.230660,0.000993996,59830,7,481.531113
1780969406.231673,0.001007535,68518,7,544.044624
1780969406.232588,0.000998278,54104,8,433.578622
1780969406.233718,0.001004101,65754,9,523.883554
1780969406.234670,0.000994037,59830,7,481.511252
1780969406.235711,0.001007765,62792,8,498.465416
1780969406.236644,0.000996072,61410,9,493.217358
1780969406.237633,0.001000041,67202,9,537.593959
1780969406.238676,0.001004379,65688,8,523.212851
1780969406.239642,0.000988493,53972,6,436.802284
1780969406.240656,0.000999697,68584,8,548.838298
1780969406.241669,0.001011310,65754,9,520.149114
1780969406.242811,0.000992389,62792,8,506.188601
1780969406.243644,0.001007911,64174,7,509.362434
1780969406.244670,0.000989863,65556,6,529.818773
1780969406.245635,0.001009398,46666,5,369.852130
1780969406.246640,0.000989327,55486,7,448.676727
1780969406.247666,0.001000475,71546,9,572.096254
1780969406.248636,0.000998663,64174,7,514.079324
1780969406.249635,0.001000802,55684,10,445.115018
1780969406.250607,0.000999468,62858,9,503.131666
1780969406.251667,0.001014358,62726,7,494.705025
1780969406.252678,0.000999507,69966,7,560.004082
1780969406.253613,0.000998703,62660,6,501.931005
1780969406.254629,0.000997537,58250,5,467.150592
1780969406.255632,0.000990386,61410,9,496.049015
1780969406.256593,0.001000317,59896,8,479.016152
1780969406.257602,0.001005275,65688,8,522.746512
1780969406.258582,0.000993958,59764,6,481.018313
1780969406.259613,0.001008115,65556,6,520.226363
1780969406.260592,0.001002917,52590,7,419.496329
1780969406.261593,0.001000380,68650,9,548.991383
1780969406.262690,0.000988762,54038,7,437.217450
1780969406.263758,0.001006100,67070,7,533.306828
1780969406.264591,0.001004322,59896,8,477.105948
1780969406.265690,0.000989367,71612,10,579.053071
1780969406.266632,0.001007881,59830,7,474.897334
1780969406.267704,0.000993548,64174,7,516.725916
1780969406.268595,0.000999309,60028,10,480.556064
1780969406.269581,0.001001304,65754,9,525.346948
1780969406.270608,0.000998871,61278,7,490.778088
1780969406.271606,0.000998800,65622,7,525.606728
1780969406.272648,0.001007520,61212,6,486.040972
1780969406.273592,0.000993447,62792,8,505.649521
1780969406.274599,0.001001801,64306,9,513.523145
1780969406.275606,0.000997572,62726,7,503.029355
1780969406.276581,0.001003190,59896,8,477.644315
1780969406.277564,0.001001784,70164,10,560.312403
1780969406.278611,0.001005558,62792,8,499.559449
1780969406.279617,0.000994200,64174,7,516.387045
1780969406.280646,0.001003583,49826,9,397.184887
1780969406.281666,0.000992146,77602,13,625.730487
1780969406.282658,0.001009378,54038,7,428.287520
1780969406.283654,0.001001402,64174,7,512.673232
1780969406.284666,0.000998121,62660,6,502.223678
1780969406.285702,0.000991624,55420,6,447.104951
1780969406.286601,0.000999845,67268,10,538.227425
1780969406.287619,0.001001001,64306,9,513.933553
1780969406.288702,0.000999623,65622,7,525.173991
1780969406.289590,0.000998947,55354,5,443.298794
1780969406.290624,0.001003267,64372,10,513.299052
1780969406.291609,0.001002883,64240,8,512.442628
1780969406.292574,0.000993917,65622,7,528.188974
1780969406.293639,0.001001617,58316,6,465.774842
1780969406.294630,0.001007753,61344,8,486.976471
1780969406.295754,0.000997992,70098,9,561.912320
1780969406.296628,0.001004331,65688,8,523.237857
1780969406.297629,0.000995051,62726,7,504.303800
1780969406.298768,0.000995285,62660,6,503.654732
1780969406.299663,0.000998556,52524,6,420.799635
1780969406.300597,0.001000267,73060,10,584.323985
1780969406.301591,0.001006640,65754,9,522.562187
1780969406.302640,0.000998090,62726,7,502.768287
1780969406.303609,0.000994208,62660,6,504.200328
1780969406.304679,0.001003283,58316,6,465.001400
1780969406.305620,0.000996486,62858,9,504.637295
1780969406.306612,0.001006992,62858,9,499.372388
1780969406.307602,0.001000493,62726,7,501.560731
1780969406.308615,0.000992237,67070,7,540.757904
1780969406.309657,0.001004188,58514,9,466.159723
1780969406.310705,0.000996277,70098,9,562.879601
1780969406.311705,0.001001919,61278,7,489.285062
1780969406.312631,0.000998491,61212,6,490.436068
1780969406.313645,0.001010512,67334,11,533.068385
1780969406.314641,0.000990146,59896,8,483.936712
1780969406.315656,0.001001461,59830,7,477.941727
1780969406.316597,0.001005655,65754,9,523.074016
1780969406.317599,0.000992748,68848,12,554.807464
1780969406.318601,0.000998655,61344,8,491.412950
1780969406.319589,0.001000280,58382,7,466.925261
1780969406.320586,0.001000075,62726,7,501.770367
1780969406.321615,0.001010026,77206,7,611.516931
1780969406.322634,0.001000067,49694,7,397.525366
1780969406.323668,0.000995883,62792,8,504.412667
1780969406.324690,0.000995285,62792,8,504.715735
1780969406.325616,0.001012307,62660,6,495.185749
1780969406.326663,0.000989254,62660,6,506.725270
1780969406.327640,0.000997500,53972,6,432.858145
1780969406.328640,0.001006093,70164,10,557.912638
1780969406.329636,0.001002770,61344,8,489.396372
1780969406.330693,0.000990997,64240,8,518.588855
1780969406.331580,0.000999845,61476,10,491.884242
1780969406.332583,0.001000024,62858,9,502.851932
1780969406.333597,0.001001502,65688,8,524.715877
1780969406.334607,0.000998144,59764,6,479.001026
1780969406.335629,0.001000024,56868,6,454.933082
1780969406.336572,0.001001845,70164,10,560.278287
1780969406.337584,0.000999574,61344,8,490.961149
1780969406.338603,0.001000186,61278,7,490.132835
1780969406.339631,0.001004700,55618,9,442.862546
1780969406.340591,0.000993802,68716,10,553.156464
1780969406.341644,0.001001343,67136,8,536.367658
1780969406.342636,0.001012555,56868,6,449.303001
1780969406.343815,0.000997943,53906,5,432.136906
1780969406.344618,0.000996354,78918,11,633.654304
1780969406.345575,0.000991817,59896,8,483.121382
1780969406.346678,0.001004541,61278,7,488.007956
1780969406.347617,0.000997423,68518,7,549.560217
1780969406.348626,0.000999508,62858,9,503.111531
1780969406.349665,0.001002284,62858,9,501.718076
1780969406.350662,0.000996619,62938,9,505.212122
1780969406.351584,0.001002960,62726,7,500.327032
1780969406.352660,0.001007344,51076,6,405.629060
1780969406.353614,0.000996528,74508,10,598.140745
1780969406.354658,0.001004780,61278,7,487.891877
1780969406.355583,0.000994238,65622,7,528.018442
1780969406.356620,0.000994110,65556,6,527.555301
1780969406.357592,0.000999561,51142,7,409.315690
1780969406.358616,0.001004153,62858,9,500.784243
1780969406.359614,0.001000809,59830,7,478.253093
1780969406.360619,0.000995096,61212,6,492.109304
1780969406.361613,0.001010716,67004,6,530.348782
1780969406.362609,0.000999960,67268,10,538.165527
1780969406.363610,0.001001958,65688,8,524.477074
1780969406.364592,0.000997241,55354,5,444.057154
1780969406.365656,0.001002493,58448,8,466.421212
1780969406.366664,0.000989894,73192,12,591.513839
1780969406.367654,0.001005752,67190,9,534.445867
1780969406.368602,0.001004373,53906,5,429.370363
1780969406.369584,0.000995694,70466,13,566.165910
1780969406.370590,0.000992242,64372,10,519.002421
1780969406.371606,0.000999259,64174,7,513.772706
1780969406.372591,0.001010285,61212,6,484.710750
1780969406.373603,0.000990629,60094,11,485.299744
1780969406.374601,0.000999334,71612,10,573.277803
1780969406.375630,0.001003538,53906,5,429.727624
1780969406.376604,0.001006186,69966,7,556.286810
1780969406.377595,0.000998539,68848,12,551.589873
1780969406.378614,0.000997246,64240,8,515.339244
1780969406.379586,0.000998923,56868,6,455.434503
1780969406.380619,0.001001213,54038,7,431.780251
1780969406.381592,0.001002700,77536,12,618.617732
1780969406.382631,0.000993532,58382,7,470.096585
1780969406.383619,0.000999276,67070,7,536.948751
1780969406.384617,0.001008175,68518,7,543.699259
1780969406.385572,0.000994425,38044,6,306.058275
1780969406.386602,0.000996661,68716,10,551.569691
1780969406.387799,0.001002679,59896,8,477.887739
1780969406.388690,0.000999465,53906,5,431.478841
1780969406.389573,0.000999719,70296,12,562.526070
1780969406.390609,0.001006411,62792,8,499.136039
1780969406.391604,0.000991151,62726,7,506.288144
1780969406.392589,0.001001702,71480,8,570.868382
1780969406.393638,0.001009016,48180,6,381.995925
1780969406.394583,0.000990151,70164,10,566.895352
1780969406.395589,0.001008741,58448,8,463.532264
1780969406.396589,0.001001622,61212,6,488.902999
1780969406.397577,0.000988819,65622,7,530.912129
1780969406.398606,0.001013515,65820,10,519.538438
1780969406.399580,0.000988468,62726,7,507.662362
1780969406.400606,0.000998097,62660,6,502.235755
1780969406.401598,0.001002891,57000,8,454.685504
1780969406.402653,0.001007792,64306,9,510.470415
1780969406.403636,0.001002562,62726,7,500.525653
1780969406.404623,0.000988452,58250,5,471.444238
1780969406.405588,0.001000451,71744,12,573.693264
1780969406.406584,0.001002842,65754,9,524.541254
1780969406.407722,0.001009036,58448,8,463.396747
1780969406.408660,0.000986204,65754,9,533.390658
1780969406.409786,0.001001392,68848,12,550.018374
1780969406.410661,0.001005058,58448,8,465.230862
1780969406.411597,0.000999599,64174,7,513.597953
1780969406.412626,0.000999474,58514,9,468.358356
1780969406.413580,0.000994447,71678,11,576.626004
1780969406.414636,0.000999898,56868,6,454.990409
1780969406.415615,0.001006505,67004,6,532.567647
1780969406.416594,0.001004983,68914,13,548.578434
1780969406.417564,0.000989116,65754,9,531.820332
1780969406.418614,0.001008494,51142,7,405.690069
1780969406.419583,0.000991296,64108,6,517.367164
1780969406.420598,0.001006722,62858,9,499.506319
1780969406.421606,0.000993173,65886,11,530.711165
1780969406.422603,0.001000153,70086,9,560.602228
1780969406.423615,0.000999965,64174,7,513.409969
1780969406.424618,0.001013156,54118,7,427.322150
1780969406.425612,0.000994544,59830,7,481.265786
1780969406.426600,0.000993001,71612,10,576.933961
1780969406.427597,0.001012461,55420,6,437.903287
1780969406.428641,0.000999670,69966,7,559.912771
1780969406.429594,0.000999298,64240,8,514.281025
1780969406.430619,0.001003218,68716,10,547.964650
1780969406.431565,0.000984445,58448,8,474.972192
1780969406.432587,0.001004129,60028,10,478.249309
1780969406.433644,0.001002092,65820,10,525.460736
1780969406.434604,0.001005265,64306,9,511.753617
1780969406.435614,0.000988274,61278,7,496.040572
1780969406.436608,0.001000173,59962,9,479.613027
1780969406.437617,0.001000009,67268,10,538.139157
1780969406.438646,0.001013130,61344,8,484.391934
1780969406.439612,0.001001000,65622,7,524.451548
1780969406.440633,0.000994902,59764,6,480.561905
1780969406.441653,0.000997278,70164,10,562.844062
1780969406.442719,0.000998416,59830,7,479.399369
1780969406.443691,0.001009889,64174,7,508.364781
1780969406.444746,0.000986232,54038,7,438.339052
1780969406.445626,0.001006314,70164,10,557.790113
1780969406.446687,0.000997468,64306,9,515.753889
1780969406.447644,0.000995895,58382,7,468.981168
1780969406.448609,0.001000019,64504,12,516.022196
1780969406.450124,0.000999627,59896,8,479.346796
1780969406.450688,0.001000691,62726,7,501.461490
1780969406.451662,0.001000842,65688,8,525.061898
1780969406.452582,0.001001537,65754,9,525.224730
1780969406.453608,0.001007043,65688,8,521.828760
1780969406.454784,0.000992070,59830,7,482.465955
1780969406.455662,0.001002095,59764,6,477.112449
1780969406.456646,0.001005422,56868,6,452.490596
1780969406.457634,0.000990213,70098,9,566.326639
1780969406.458698,0.001014087,65688,8,518.204059
1780969406.459650,0.000993234,56868,6,458.043120
1780969406.460673,0.000996520,59962,9,481.371172
1780969406.461623,0.000997759,70230,11,563.101911
1780969406.462836,0.001011389,62858,9,497.201374
1780969406.463798,0.000987465,59830,7,484.715914
1780969406.464666,0.001000528,69966,7,559.432620
1780969406.465673,0.001009476,64306,9,509.618852
1780969406.466655,0.000994852,57000,8,458.359635
1780969406.467615,0.001006348,71480,8,568.232858
1780969406.468581,0.000988242,59764,6,483.800527
1780969406.469570,0.001011926,52524,6,415.239850
1780969406.470618,0.000998931,67268,10,538.719892
1780969406.471608,0.000998740,58448,8,468.173899
1780969406.472583,0.000990361,65622,7,530.085494
1780969406.473602,0.001003881,62660,6,499.342053
1780969406.474602,0.001003539,65556,6,522.598524
1780969406.475581,0.000992526,52590,7,423.888140
1780969406.476590,0.001005153,67268,10,535.385160
1780969406.477567,0.000999895,67202,9,537.672456
1780969406.478729,0.000997867,59764,6,479.133993
1780969406.479624,0.001001850,55684,10,444.649399
1780969406.480646,0.001001076,62924,10,502.850932
1780969406.481692,0.000999733,62726,7,501.942019
1780969406.482671,0.000997499,62726,7,503.066168
1780969406.483645,0.000996994,59764,6,479.553538
1780969406.484629,0.001009698,59896,8,474.565662
1780969406.485637,0.000994480,67268,10,541.131043
1780969406.486657,0.001007018,68584,8,544.848255
1780969406.487656,0.000989653,52524,6,424.585183
1780969406.488621,0.000999807,68452,6,547.721710
1780969406.489652,0.001008719,56802,5,450.488193
1780969406.490617,0.000995223,71612,10,575.645860
1780969406.491661,0.000996404,56934,7,457.115788
1780969406.492656,0.001000720,65622,7,524.598289
1780969406.493664,0.000999736,64240,8,514.055711
1780969406.494668,0.001002133,65820,10,525.439238
1780969406.495605,0.000997462,59896,8,480.387223
1780969406.496601,0.001002682,61278,7,488.912736
1780969406.497599,0.000998924,63056,12,504.991371
1780969406.498612,0.000997406,62990,11,505.230568
1780969406.499668,0.001012662,62792,8,496.054952
1780969406.500601,0.000987679,62726,7,508.067905
1780969406.501637,0.001003166,64174,7,511.771731
1780969406.502595,0.001001923,64306,9,513.460615
1780969406.503603,0.000996744,62858,9,504.506674
1780969406.504599,0.000998151,59830,7,479.526645
1780969406.505597,0.000999211,65622,7,525.390533
1780969406.506606,0.001001750,56802,5,453.622161
1780969406.507598,0.001004801,71612,10,570.158668
1780969406.508745,0.000996302,54038,7,433.908594
1780969406.509620,0.000998312,64240,8,514.788964
1780969406.510610,0.001006527,68518,7,544.589465
1780969406.511699,0.001000460,62858,9,502.632789
1780969406.512590,0.000998140,64306,9,515.406656
1780969406.513740,0.000994078,62792,8,505.328556
1780969406.514607,0.001003395,55552,8,442.912313
1780969406.515617,0.001008565,67400,12,534.620971
1780969406.516577,0.000987658,62792,8,508.613305
1780969406.517563,0.001001929,62792,8,501.368859
1780969406.518604,0.000999081,65622,7,525.458897
1780969406.519610,0.001008521,62660,6,497.044682
1780969406.520582,0.000993686,51076,6,411.204344
1780969406.521625,0.001011729,71612,10,566.254402
1780969406.522614,0.000988368,67136,8,543.408933
1780969406.523572,0.001005620,62726,7,499.003600
1780969406.524595,0.000991214,57132,10,461.107289
1780969406.525564,0.001001773,67334,11,537.718625
1780969406.526613,0.001011997,127230,8,1005.773733
1780969406.527632,0.001000918,67136,8,536.595405
1780969406.528602,0.000985705,53906,5,437.502092
1780969406.529640,0.001000544,62792,8,502.062878
1780969406.530599,0.001010410,77470,11,613.374769
1780969406.531581,0.000989160,54038,7,437.041530
1780969406.532574,0.001010205,68584,8,543.129365
1780969406.533587,0.000997306,58514,9,469.376500
1780969406.534616,0.001004453,71744,12,571.407522
1780969406.535579,0.000994836,55486,7,446.192136
1780969406.536583,0.000994769,65688,8,528.267367
1780969406.537584,0.001002325,51208,8,408.713741
1780969406.538690,0.000999791,68716,10,549.842917
1780969406.539707,0.000999610,61344,8,490.943468
1780969406.540648,0.001008776,52656,8,417.583289
1780969406.541633,0.000987608,71744,12,581.153656
1780969406.542623,0.001000391,61344,8,490.560191
1780969406.543675,0.000999883,62726,7,501.866718
1780969406.544683,0.000999924,58382,7,467.091499
1780969406.545619,0.001000235,71678,11,573.289277
1780969406.546590,0.001009643,56934,7,451.121832
1780969406.547578,0.000990656,67070,7,541.620906
1780969406.548590,0.000999771,62660,6,501.394819
1780969406.549570,0.001000876,55486,7,443.499494
1780969406.550665,0.000999418,65754,9,526.338329
1780969406.551605,0.000999358,61278,7,490.538926
1780969406.552670,0.001007237,71480,8,567.731328
1780969406.553647,0.000993290,58580,10,471.805817
1780969406.554642,0.001010844,67268,10,532.370969
1780969406.555619,0.000996198,54038,7,433.953893
1780969406.556648,0.001006838,74376,8,590.966968
1780969406.557597,0.000988143,53906,5,436.422664
1780969406.558629,0.001011149,59896,8,473.884660
1780969406.559595,0.000992825,70164,10,565.368519
1780969406.560609,0.001005097,59830,7,476.212744
1780969406.561614,0.000990345,62726,7,506.700190
1780969406.562617,0.000998328,62792,8,503.177312
1780969406.563758,0.001003738,64306,9,512.532155
1780969406.564672,0.001003180,65688,8,523.838195
1780969406.565617,0.000993156,64174,7,516.929868
1780969406.566628,0.001011041,62858,9,497.372510
1780969406.567669,0.000988588,64306,9,520.386652
1780969406.568641,0.001005224,65688,8,522.773034
1780969406.569626,0.000995424,65622,7,527.389334
1780969406.570595,0.000999357,52656,8,421.519037
1780969406.571593,0.001000674,68782,11,549.885377
1780969406.572578,0.000999470,56934,7,455.713528
1780969406.573687,0.001000026,71480,8,571.825133
1780969406.574677,0.000999716,53906,5,431.370509
1780969406.575623,0.001014197,67136,8,529.569699
1780969406.576611,0.000986332,64306,9,521.576913
1780969406.577862,0.001005356,62726,7,499.134635
1780969406.578612,0.000994885,65622,7,527.675058
1780969406.579740,0.001003919,62990,11,501.952847
1780969406.580594,0.000996265,68650,9,551.258952
1780969406.581676,0.001003208,56934,7,454.015518
1780969406.582608,0.000995996,69966,7,561.978161
1780969406.583585,0.000999811,60028,10,480.314779
1780969406.584580,0.001000291,64306,9,514.298339
1780969406.585667,0.001000333,61344,8,490.588634
1780969406.586931,0.001003443,59764,6,476.471509
1780969406.587641,0.000996103,69966,7,561.917794
1780969406.588703,0.001010193,65556,6,519.156240
1780969406.589747,0.000992309,61410,9,495.087720
1780969406.591091,0.000998927,68650,9,549.789925
1780969406.591635,0.001004045,61278,7,488.249033
1780969406.592588,0.001000195,64174,7,513.291908
1780969406.593590,0.001007004,53972,6,428.772875
1780969406.594631,0.000988585,71546,9,578.977023
1780969406.595656,0.000999931,71546,9,572.407496
1780969406.596585,0.001005556,45218,5,359.745255
1780969406.597690,0.000999897,65754,9,526.086187
1780969406.598656,0.000999484,71744,12,574.248312
1780969406.599967,0.001003874,62792,8,500.397460
1780969406.600644,0.000995082,62726,7,504.288089
1780969406.601706,0.001002553,59896,8,477.947799
1780969406.602611,0.000994658,73192,12,588.680732
1780969406.603750,0.001010461,58382,7,462.220709
1780969406.604626,0.000995927,56934,7,457.334724
1780969406.605604,0.000996192,70230,11,563.987665
1780969406.606756,0.000995252,58514,9,470.345199
1780969406.607622,0.000999782,64240,8,514.032059
1780969406.608593,0.001009175,70032,8,555.162385
1780969406.609580,0.000992877,58316,6,469.874919
1780969406.610645,0.000997735,67334,11,539.894862
1780969406.611589,0.001002431,68650,9,547.868133
1780969406.612607,0.001008616,52524,6,416.602552
1780969406.613591,0.000996814,55420,6,444.777060
1780969406.614638,0.000992947,65556,6,528.173206
1780969406.615605,0.000999237,64306,9,514.840824
1780969406.616607,0.001006285,57000,8,453.151940
1780969406.617710,0.000998721,65688,8,526.176980
1780969406.618648,0.001005061,62726,7,499.281138
1780969406.619622,0.000993710,62660,6,504.453009
1780969406.620594,0.000996512,55486,7,445.441701
1780969406.621563,0.000999627,70164,10,561.521447
1780969406.622633,0.001005494,65688,8,522.632656
1780969406.623616,0.001002751,62990,11,502.537519
1780969406.624638,0.000997993,62924,10,504.404340
1780969406.625622,0.001002143,62792,8,501.261796
1780969406.626625,0.000999202,62726,7,502.208763
1780969406.627587,0.000997012,55486,7,445.218312
1780969406.628602,0.000995920,65754,9,528.187003
1780969406.629591,0.001012360,64306,9,508.167055
1780969406.630603,0.000988728,62726,7,507.528865
1780969406.631600,0.000998684,56868,6,455.543495
1780969406.632597,0.001013662,70164,10,553.746712
1780969406.633603,0.000995520,61344,8,492.960463
1780969406.634641,0.000997415,59830,7,479.880491
1780969406.635597,0.000995039,59962,9,482.087637
1780969406.636597,0.000997920,70296,12,563.540164
1780969406.637588,0.001007545,64306,9,510.595557
1780969406.638601,0.001000145,61278,7,490.152928
1780969406.639614,0.001003835,64174,7,511.430663
1780969406.640631,0.000989575,52590,7,425.152212
1780969406.641661,0.001013460,68716,10,542.426933
1780969406.642621,0.000997782,59896,8,480.233157
1780969406.643610,0.000994886,65622,7,527.674528
1780969406.644593,0.001004190,65556,6,522.259732
1780969406.645601,0.000992946,65556,6,528.173738
1780969406.646596,0.001005206,57066,9,454.163624
1780969406.647603,0.000994016,57000,8,458.745131
1780969406.648598,0.000997242,62726,7,503.195814
1780969406.649657,0.001006220,62726,7,498.706048
1780969406.650601,0.000998331,61278,7,491.043552
1780969406.651619,0.001007949,73060,10,579.870609
1780969406.652604,0.000986882,57000,8,462.061320
1780969406.653589,0.001006126,71480,8,568.358237
1780969406.654699,0.001006943,55486,7,440.827336
1780969406.655610,0.000994730,68650,9,552.109618
1780969406.656610,0.000999263,58382,7,467.400474
1780969406.657645,0.000993323,67070,7,540.166693
1780969406.658623,0.000999982,55552,8,444.424000
1780969406.659657,0.001000153,68782,11,550.171824
1780969406.660637,0.001012309,67136,8,530.557369
1780969406.661642,0.000987556,59830,7,484.671249
1780969406.662633,0.001000254,52524,6,420.085298
1780969406.663660,0.001000244,65952,12,527.487293
1780969406.664685,0.001002655,68650,9,547.745735
1780969406.665599,0.000996527,67136,8,538.959807
1780969406.666617,0.001010636,55420,6,438.694050
1780969406.667607,0.000998329,65556,6,525.325819
1780969406.668603,0.000996335,59830,7,480.400668
1780969406.669720,0.000994450,73060,10,587.741968
1780969406.670671,0.001012028,62792,8,496.365713
1780969406.671630,0.000990231,64174,7,518.456805
1780969406.672610,0.001004866,56802,5,452.215519
1780969406.673656,0.000996826,59962,9,481.223403
1780969406.674654,0.001002811,64372,10,513.532460
1780969406.675729,0.001006207,62792,8,499.237234
1780969406.676652,0.000998654,62726,7,502.484344
1780969406.677615,0.001001088,61476,10,491.273494
1780969406.678638,0.000993513,62990,11,507.210273
1780969406.679640,0.001004293,64306,9,512.248915
1780969406.680583,0.000989587,61278,7,495.382417
1780969406.681627,0.001005412,61278,7,487.585189
1780969406.682594,0.000996781,67334,11,540.411585
1780969406.683706,0.000998147,64240,8,514.874062
1780969406.684675,0.001005129,59830,7,476.197583
1780969406.685671,0.001002556,61410,9,490.027490
1780969406.686687,0.001001452,65886,11,526.323778
1780969406.687679,0.001001986,64306,9,513.428331
1780969406.688601,0.000999711,61278,7,490.365716
1780969406.689562,0.000989238,55486,7,448.717093
1780969406.690685,0.001000609,70296,12,562.025726
1780969406.691610,0.001010326,67268,10,532.643919
1780969406.692625,0.000999876,59896,8,479.227424
1780969406.693589,0.000997980,62726,7,502.823704
1780969406.694609,0.000992993,65556,6,528.148738
1780969406.695647,0.000999091,51076,6,408.979763
1780969406.696629,0.000998795,71612,10,573.587173
1780969406.697641,0.001002513,62792,8,501.076794
1780969406.698594,0.001010362,62726,7,496.661593
1780969406.699681,0.000999852,53906,5,431.311834
1780969406.700628,0.000988065,67070,7,543.041197
1780969406.701650,0.001005638,65688,8,522.557819
1780969406.702817,0.000994287,56934,7,458.089063
1780969406.703600,0.001004863,62726,7,499.379517
1780969406.704688,0.001001184,64240,8,513.312238
1780969406.705594,0.000993589,73060,10,588.251279
1780969406.706665,0.001003019,54038,7,431.002803
1780969406.707621,0.001002164,68584,8,547.487238
1780969406.708642,0.000999481,52656,8,421.466741
1780969406.709621,0.001002766,73126,11,583.394331
1780969406.710652,0.000997985,62858,9,503.879317
1780969406.711636,0.000994351,61278,7,493.009008
1780969406.712651,0.001008085,61212,6,485.768561
1780969406.713660,0.000992981,64372,10,518.616167
1780969406.714601,0.000999208,68650,9,549.635311
1780969406.715594,0.000999721,53972,6,431.896499
1780969406.716592,0.001011144,64174,7,507.733814
1780969406.717588,0.000999030,62660,6,501.766714
1780969406.718605,0.000990217,68650,9,554.625905
1780969406.719642,0.001009937,64240,8,508.863424
1780969406.720597,0.000996937,56868,6,456.341775
1780969406.721594,0.000993186,70362,13,566.757888
1780969406.722610,0.001003335,55618,9,443.465044
1780969406.723608,0.001006549,62792,8,499.067606
1780969406.724584,0.000990113,64174,7,518.518593
1780969406.725644,0.001002582,52458,5,418.583218
1780969406.726611,0.001005166,64306,9,511.804020
1780969406.727641,0.000992574,65754,9,529.967539
1780969406.728624,0.001003989,55486,7,442.124366
1780969406.729653,0.000995139,72928,8,586.273877
1780969406.730607,0.001000287,46864,8,374.804431
1780969406.731606,0.001003764,65754,9,524.059440
1780969406.732577,0.000996469,65688,8,527.366130
1780969406.733594,0.001000160,55420,6,443.289074
1780969406.734681,0.001004942,68452,6,544.922991
1780969406.735625,0.001002180,55420,6,442.395578
1780969406.736625,0.000992570,65754,9,529.969675
1780969406.737644,0.001000495,67202,9,537.350012
1780969406.738668,0.001000086,58316,6,466.487882
1780969406.739597,0.001001465,62858,9,502.128382
1780969406.740575,0.000998580,67268,10,538.909251
1780969406.741611,0.001005938,62858,9,499.895620
1780969406.742728,0.001004846,59830,7,476.331697
1780969406.743626,0.000988492,52590,7,425.618012
1780969406.744702,0.001008348,52722,9,418.284164
1780969406.745644,0.000994880,74640,12,600.192988
1780969406.746609,0.000999325,55552,8,444.716183
1780969406.747655,0.001004029,71480,8,569.545302
1780969406.748601,0.000999998,53906,5,431.248862
1780969406.749691,0.000995731,67070,7,538.860395
1780969406.750687,0.001010165,65688,8,520.216004
1780969406.751575,0.000990139,68584,8,554.136338
1780969406.752565,0.000997124,62660,6,502.725840
1780969406.753566,0.001003072,62660,6,499.744784
1780969406.754613,0.000997807,52524,6,421.115506
1780969406.755604,0.001003419,64240,8,512.168895
1780969406.756703,0.001000017,65688,8,525.495067
1780969406.757681,0.001006994,65622,7,521.329819
1780969406.758633,0.000996525,62792,8,504.087705
1780969406.759632,0.000994116,65754,9,529.145492
1780969406.760636,0.001011375,59830,7,473.256705
1780969406.761621,0.000991712,65622,7,529.363364
1780969406.762613,0.000995600,45350,7,364.403375
1780969406.763628,0.001005019,74574,11,593.612658
1780969406.764588,0.000994880,57000,8,458.346735
1780969406.765562,0.000999468,65622,7,525.255436
1780969406.766668,0.001001822,56934,7,454.643639
1780969406.767624,0.000998273,67202,9,538.546069
1780969406.768574,0.001002069,71612,10,571.713126
1780969406.769578,0.000997629,59764,6,479.248298
1780969406.770622,0.001004428,52458,5,417.813920
1780969406.771590,0.000995617,65556,6,526.756775
1780969406.772592,0.001000041,62792,8,502.315405
1780969406.773601,0.001008697,70098,9,555.948912
1780969406.774647,0.001001536,55420,6,442.680043
1780969406.775603,0.000994701,59830,7,481.189825
1780969406.776609,0.000995390,68848,12,553.334874
1780969406.777633,0.001011492,71612,10,566.387080
1780969406.778608,0.000989735,55552,8,449.025244
1780969406.779589,0.001003740,58316,6,464.789687
1780969406.780622,0.000994957,65622,7,527.636873
1780969406.781603,0.001006855,58316,6,463.351724
1780969406.782600,0.000993314,70164,10,565.090193
1780969406.783580,0.001013899,65754,9,518.820908
1780969406.784618,0.000990771,59764,6,482.565598
1780969406.785638,0.001001540,62660,6,500.509216
1780969406.786659,0.000994071,65556,6,527.575998
1780969406.787582,0.001009762,59962,9,475.058479
1780969406.788569,0.000998947,62858,9,503.394074
1780969406.789589,0.001000916,61278,7,489.775366
1780969406.790635,0.000995377,65622,7,527.414236
1780969406.791591,0.000994730,62858,9,505.528133
1780969406.792586,0.001007991,61344,8,486.861490
1780969406.793593,0.001003645,68584,8,546.679354
1780969406.794648,0.000989408,51010,5,412.448656
1780969406.795599,0.000998854,71546,9,573.024686
1780969406.796596,0.000999663,62858,9,503.033522
1780969406.797614,0.001000731,65688,8,525.120137
1780969406.798636,0.000999388,62660,6,501.586971
1780969406.799601,0.001010122,62660,6,496.256888
1780969406.800586,0.000993620,55420,6,446.206799
1780969406.801624,0.000996109,70164,10,563.504596
1780969406.802626,0.001008792,57000,8,452.025789
1780969406.803596,0.000991968,71480,8,576.470209
1780969406.804602,0.001010718,55420,6,438.658459
1780969406.805606,0.000999661,67268,10,538.326493
1780969406.806661,0.000993688,65688,8,528.842051
1780969406.807636,0.000996450,59830,7,480.345226
1780969406.808643,0.001007124,58514,9,464.800759
1780969406.809577,0.000992078,64306,9,518.556001
1780969406.810605,0.001002542,56934,7,454.317126
1780969406.811602,0.000997165,65622,7,526.468538
1780969406.812634,0.001001110,55354,5,442.341001
1780969406.813616,0.001008028,71612,10,568.333419
1780969406.814603,0.001001941,68650,9,548.136068
1780969406.815584,0.000993344,56934,7,458.523935
1780969406.816636,0.001001959,55684,10,444.601027
1780969406.817600,0.000996248,78786,9,632.661747
1780969406.818614,0.000997498,61278,7,491.453617
1780969406.819587,0.001009102,69966,7,554.679309
1780969406.820635,0.001002065,46930,9,374.666314
1780969406.821581,0.000995717,74574,11,599.158195
1780969406.822610,0.000993218,64174,7,516.897600
1780969406.823621,0.001015424,55354,5,436.105509
1780969406.824589,0.000988163,64504,12,522.213440
1780969406.825668,0.000996582,68650,9,551.083604
1780969406.826806,0.001011246,62792,8,496.749555
1780969406.827661,0.000996246,55684,10,447.150603
1780969406.828649,0.000999580,70098,9,561.019628
1780969406.829735,0.000993601,70032,8,563.864167
1780969406.830600,0.001004463,53906,5,429.331892
1780969406.831605,0.000995184,62990,11,506.358623
1780969406.832608,0.001002975,67136,8,535.494903
1780969406.833644,0.001015639,68518,7,539.703576
1780969406.834637,0.000983526,46798,7,380.654909
1780969406.835652,0.000998262,79050,13,633.501025
1780969406.836641,0.000998995,56868,6,455.401679
1780969406.837570,0.000999884,67004,6,536.094187
1780969406.838703,0.001010971,59764,6,472.923556
1780969406.839624,0.000989851,65952,12,533.025678
1780969406.840594,0.001004839,58382,7,464.806800
1780969406.841670,0.001002524,65688,8,524.180967
1780969406.842649,0.000993380,65556,6,527.942983
1780969406.843619,0.001004760,57132,10,454.890720
1780969406.844579,0.000996717,67268,10,539.916546
1780969406.845599,0.001007846,62726,7,497.901465
1780969406.846619,0.000994364,64108,6,515.770885
1780969406.847569,0.000995115,59698,5,479.928450
1780969406.848577,0.000999535,70164,10,561.573132
1780969406.849629,0.001003841,62726,7,499.887930
1780969406.850589,0.000998092,62726,7,502.767280
1780969406.851595,0.000999768,62872,8,503.092718
1780969406.852566,0.001004167,65688,8,523.323312
1780969406.853568,0.001004344,64240,8,511.697187
1780969406.854597,0.000994837,64108,6,515.525659
1780969406.855612,0.001008846,58448,8,463.484020
1780969406.856575,0.000986273,70230,11,569.659719
1780969406.857581,0.001001032,59830,7,478.146553
1780969406.858602,0.000998671,65556,6,525.145919
1780969406.859589,0.001007309,57000,8,452.691279
1780969406.860590,0.001004765,65886,11,524.588337
1780969406.861561,0.000989108,62792,8,507.867695
1780969406.862609,0.000999427,67070,7,536.867625
1780969406.863603,0.001007143,65556,6,520.728437
1780969406.864609,0.001005391,56934,7,453.029717
1780969406.865623,0.000999869,70164,10,561.385542
1780969406.866612,0.000993843,62660,6,504.385502
1780969406.867601,0.000996497,62660,6,503.042157
1780969406.868628,0.001001901,49814,9,397.755866
1780969406.869833,0.001001652,76022,11,607.172950
1780969406.870635,0.001009521,65622,7,520.024843
1780969406.871802,0.000996516,61382,7,492.772821
1780969406.872710,0.000994238,55552,8,446.991565
1780969406.873597,0.001005021,73126,11,582.085349
1780969406.874603,0.000988478,56868,6,460.246966
1780969406.875597,0.001008524,68518,7,543.511111
1780969406.876590,0.000998593,65622,7,525.715682
1780969406.877574,0.001005655,68782,11,547.161800
1780969406.878615,0.000989436,54038,7,436.919619
1780969406.879579,0.000997265,69966,7,561.263054
1780969406.880609,0.001011807,67004,6,529.776924
1780969406.881601,0.000992701,54104,8,436.014470
1780969406.882630,0.000999083,67202,9,538.109446
1780969406.883598,0.001003997,65622,7,522.886025
1780969406.884656,0.000995083,62726,7,504.287582
1780969406.885580,0.001007677,56802,5,450.954026
1780969406.886634,0.001001106,61344,8,490.209828
1780969406.887588,0.000989045,62858,9,508.433893
1780969406.888653,0.001001568,62726,7,501.022397
1780969406.889696,0.001012322,64108,6,506.621411
1780969406.890632,0.000990607,58514,9,472.550668
1780969406.891598,0.000995123,64372,10,517.499847
1780969406.892584,0.001006469,75824,8,602.693178
1780969406.893588,0.000993834,53906,5,433.923573
1780969406.894695,0.001007168,71612,10,568.818708
1780969406.895602,0.000996044,62792,8,504.331134
1780969406.896687,0.000997437,65688,8,526.854328
1780969406.897706,0.001003940,61542,11,490.403809
1780969406.898655,0.000996300,64372,10,516.888487
1780969406.899756,0.001000167,62792,8,502.252124
1780969406.900708,0.001005675,59698,5,474.889005
1780969406.901578,0.000993624,61608,12,496.026666
1780969406.902620,0.001011111,70164,10,555.143797
1780969406.903665,0.001001337,55420,6,442.768019
1780969406.904591,0.000987130,59764,6,484.345527
1780969406.905629,0.000999826,62990,11,504.007697
1780969406.906661,0.001002576,74508,10,594.532484
1780969406.907625,0.001002252,58448,8,466.533367
1780969406.908659,0.000998662,68452,6,548.349692
1780969406.909641,0.001000687,49892,10,398.861982
1780969406.910619,0.001002394,78918,11,629.836172
1780969406.911650,0.000998399,58382,7,467.804956
1780969406.912603,0.001003427,58316,6,464.934669
1780969406.913602,0.000995150,54104,8,434.941466
1780969406.914619,0.000996330,65886,11,529.029538
1780969406.915609,0.001009648,62726,7,497.012820
1780969406.916582,0.000990544,59830,7,483.209226
1780969406.917592,0.001008333,62726,7,497.660991
1780969406.918610,0.000991642,71678,11,578.257073
1780969406.919601,0.001000460,55486,7,443.683905
1780969406.920676,0.001001235,70032,8,559.564937
1780969406.921630,0.001000002,55684,10,445.471109
1780969406.922591,0.001006453,70296,12,558.762307
1780969406.923697,0.000994520,55552,8,446.864819
1780969406.924578,0.000997365,72928,8,584.965384
1780969406.925555,0.000999803,52458,5,419.746690
1780969406.926667,0.001008739,62660,6,496.937265
1780969406.927641,0.000992603,61344,8,494.409144
1780969406.928652,0.001001114,65688,8,524.919240
1780969406.929625,0.001007667,65688,8,521.505616
1780969406.930720,0.000990737,59818,7,483.018198
1780969406.931627,0.001000362,61212,6,489.518794
1780969406.932636,0.001004526,65754,9,523.661906
1780969406.933627,0.000994119,62792,8,505.307715
1780969406.934674,0.001011670,55420,6,438.245673
1780969406.935683,0.000991788,72862,7,587.722376
1780969406.936640,0.001000510,55354,5,442.606271
1780969406.937648,0.000997246,68716,10,551.246132
1780969406.938616,0.001012636,67202,9,530.907453
1780969406.939593,0.000999553,59830,7,478.854048
1780969406.940600,0.000990221,59896,8,483.900059
1780969406.941565,0.001001565,70296,12,561.489269
1780969406.942620,0.001004134,57000,8,454.122657
1780969406.943601,0.001003049,67136,8,535.455396
1780969406.944573,0.000990244,54104,8,437.096312
1780969406.945595,0.000999437,71744,12,574.275317
1780969406.946611,0.000998471,58382,7,467.771222
1780969406.947607,0.001001436,62726,7,501.088437
1780969406.948635,0.001011684,59896,8,473.634060
1780969406.949684,0.000998663,62924,10,504.065936
1780969406.950604,0.000988797,62858,9,508.561414
1780969406.951627,0.001010391,56868,6,450.265293
1780969406.952560,0.000988982,68518,7,554.250735
1780969406.953564,0.001000288,58382,7,466.921527
1780969406.954609,0.001000151,65820,10,526.480501
1780969406.955665,0.001011314,67136,8,531.079368
1780969406.956595,0.000992755,59764,6,481.601201
1780969406.957607,0.001009176,53906,5,427.326849
1780969406.958626,0.001000793,67070,7,536.134845
1780969406.959573,0.000986070,65754,9,533.463142
1780969406.960657,0.000999304,58448,8,467.909665
1780969406.961630,0.001004406,72928,8,580.864710
1780969406.962634,0.001001747,53906,5,430.495924
1780969406.963668,0.001004309,61344,8,488.646423
1780969406.964658,0.001003142,64306,9,512.836667
1780969406.965639,0.000986867,64306,9,521.294156
1780969406.966657,0.001005145,56868,6,452.615294
1780969406.967592,0.000994550,68452,6,550.616862
1780969406.968607,0.001006328,64372,10,511.737724
1780969406.969581,0.001009023,64240,8,509.324366
1780969406.970678,0.000985743,59764,6,485.027030
1780969406.971671,0.001007692,60028,10,476.558313
1780969406.972669,0.000992008,57000,8,459.673712
1780969406.973679,0.001003569,72994,9,581.875287
1780969406.974609,0.001008897,62726,7,497.382785
1780969406.975661,0.000989383,62660,6,506.659201
1780969406.976640,0.000996680,54104,8,434.273789
1780969406.977719,0.001001013,68650,9,548.644223
1780969406.978686,0.000999731,56934,7,455.594555
1780969406.979590,0.001004432,68518,7,545.725345
1780969406.980563,0.000995049,55552,8,446.627252
1780969406.981564,0.001007226,67202,9,533.759057
1780969406.982596,0.000993162,61344,8,494.130867
1780969406.983579,0.000999725,67070,7,536.707595
1780969406.984596,0.001005403,55618,9,442.552887
1780969406.985569,0.001000281,71678,11,573.262913
1780969406.986634,0.001006744,62858,9,499.495403
1780969406.987640,0.000987660,52524,6,425.441954
1780969406.988593,0.001013896,71414,7,563.481856
1780969406.989686,0.000999068,61476,10,492.266793
1780969406.990609,0.000991667,67202,9,542.133599
1780969406.991604,0.000996257,56868,6,456.653253
1780969406.992602,0.001002842,68584,8,547.117093
1780969406.993591,0.001002903,65952,12,526.088764
1780969406.994609,0.000997652,62858,9,504.047504
1780969406.995622,0.001007986,58382,7,463.355642
1780969406.996609,0.000998153,62726,7,502.736554
1780969406.997576,0.000991300,62660,6,505.679411
1780969406.998615,0.000999397,59830,7,478.928794
1780969406.999603,0.001005604,68716,10,546.664492
1780969407.000664,0.001005962,62792,8,499.358823
1780969407.001662,0.000989144,62660,6,506.781621
1780969407.002664,0.001007485,62660,6,497.555795
1780969407.003603,0.000994817,58316,6,468.958612
1780969407.004614,0.000996493,71612,10,574.912217
1780969407.005588,0.001009277,56934,7,451.285425
1780969407.006670,0.000990338,68584,8,554.024989
1780969407.007593,0.001000075,53906,5,431.215659
1780969407.008670,0.001007401,62792,8,498.645524
1780969407.009683,0.001002686,68650,9,547.728800
1780969407.010634,0.001003748,58382,7,465.312011
1780969407.011566,0.000986058,67070,7,544.146490
1780969407.012632,0.001003747,51010,5,406.556632
1780969407.013572,0.000996192,76088,12,611.030805
1780969407.014583,0.001000180,52590,7,420.644284
1780969407.015643,0.000999268,72928,8,583.851379
1780969407.016601,0.001003726,56868,6,453.255171
1780969407.017749,0.000999696,61410,9,491.429395
1780969407.018657,0.001003837,72994,9,581.719941
1780969407.019636,0.001005415,55486,7,441.497292
1780969407.020599,0.000987771,67136,8,543.737364
1780969407.021575,0.000999877,64504,12,516.095480
1780969407.022579,0.001003559,64372,10,513.149700
1780969407.023614,0.001003747,64240,8,512.001530
1780969407.024569,0.000997520,64174,7,514.668378
1780969407.025634,0.000997325,52524,6,421.319028
1780969407.026570,0.000997806,71612,10,574.155698
1780969407.027569,0.001000200,62792,8,502.235553
1780969407.028601,0.001007056,62726,7,498.292051
1780969407.029595,0.001000546,62660,6,501.006450
1780969407.030670,0.001002437,55420,6,442.282158
1780969407.031623,0.000990474,62858,9,507.700354
1780969407.032749,0.001011738,59896,8,473.608780
1780969407.033623,0.000989300,64174,7,518.944708
1780969407.034611,0.000999942,56868,6,454.970388
1780969407.035662,0.001008297,68716,10,545.204439
1780969407.036631,0.001000124,71612,10,572.824970
1780969407.037630,0.000989662,52590,7,425.114837
1780969407.038620,0.001011870,64306,9,508.413136
1780969407.039591,0.000988962,61542,12,497.831059
1780969407.040673,0.001002807,61410,9,489.904837
1780969407.041619,0.001001242,58382,7,466.476636
1780969407.042634,0.001002290,65622,7,523.776552
1780969407.043610,0.000999148,68716,10,550.196768
1780969407.044582,0.000993929,65754,9,529.245047
1780969407.045658,0.001001150,54038,7,431.807421
1780969407.046616,0.000999927,64174,7,513.429480
1780969407.047602,0.001005035,62660,6,498.768700
1780969407.048621,0.001006947,67334,11,534.955663
1780969407.049633,0.000987264,62792,8,508.816284
1780969407.050668,0.001000353,62660,6,501.103111
1780969407.051681,0.001009083,62792,8,497.814352
1780969407.052599,0.001001235,65886,11,526.437849
1780969407.053698,0.000989374,62858,9,508.264822
1780969407.054659,0.001002904,64240,8,512.431898
1780969407.056009,0.001003383,59764,6,476.500000
1780969407.056644,0.000994549,59896,8,481.794261
1780969407.057610,0.000999833,73060,10,584.577624
1780969407.058601,0.001004227,61344,8,488.686323
1780969407.059608,0.000994880,59764,6,480.572531
1780969407.060634,0.001002862,65556,6,522.951313
1780969407.061578,0.001008775,53906,5,427.496716
1780969407.062630,0.000996628,62792,8,504.035608
1780969407.063604,0.000992473,67202,9,541.693326
1780969407.064611,0.000999348,56934,7,455.769161
1780969407.065607,0.001007126,65556,6,520.737227
1780969407.066617,0.000992737,61344,8,494.342409
1780969407.067583,0.001004515,70164,10,558.789067
1780969407.068612,0.001006192,67202,9,534.307568
1780969407.069649,0.000993427,58382,7,470.146271
1780969407.070600,0.000999167,64504,12,516.462213
1780969407.071609,0.001007930,65754,9,521.893385
1780969407.072657,0.000995417,61344,8,493.011472
1780969407.073619,0.000997864,64174,7,514.490953
1780969407.074584,0.001001035,62660,6,500.761712
1780969407.075600,0.000994311,58316,6,469.197263
1780969407.076585,0.001004989,62858,9,500.367666
1780969407.077617,0.000995447,67136,8,539.544546
1780969407.078677,0.001000611,59830,7,478.347730
1780969407.079594,0.001005838,59896,8,476.386854
1780969407.080592,0.000993929,70296,12,565.802990
1780969407.081662,0.001005166,59896,8,476.705340
1780969407.082619,0.001007408,55420,6,440.099741
1780969407.083654,0.000998041,70098,9,561.884732
1780969407.084684,0.000994968,73126,11,587.966648
1780969407.085719,0.000996023,56934,7,457.290645
1780969407.086596,0.001004660,65622,7,522.540959
1780969407.087626,0.000994042,49694,7,399.934812
1780969407.088597,0.001001321,70362,13,562.153395
1780969407.089632,0.001012468,65754,9,519.554198
1780969407.090596,0.000991613,67136,8,541.630656
1780969407.091708,0.001000148,51076,6,408.547535
1780969407.092685,0.000994570,69966,7,562.783917
1780969407.093643,0.001011061,65886,11,521.321661
1780969407.094601,0.000988858,59896,8,484.567046
1780969407.095743,0.001005407,56934,7,453.022507
1780969407.096670,0.000995855,59896,8,481.162418
1780969407.097641,0.001005749,68848,12,547.635643
1780969407.098861,0.000999944,57000,8,456.025537
1780969407.099617,0.000997408,62792,8,503.641439
1780969407.100677,0.000999729,72928,8,583.582151
1780969407.101701,0.001003130,52458,5,418.354550
1780969407.102687,0.001002421,64174,7,512.152080
1780969407.103654,0.001000882,65754,9,525.568449
1780969407.104596,0.000988994,65622,7,530.818185
1780969407.105581,0.000999981,55420,6,443.368424
1780969407.106635,0.001002406,65754,9,524.769405
1780969407.107660,0.000999335,65754,9,526.382044
1780969407.108654,0.001001944,65688,8,524.484402
1780969407.109589,0.001007821,57066,9,452.985203
1780969407.110601,0.000987977,61476,10,497.792965
1780969407.111625,0.001010850,67136,8,531.323144
1780969407.112620,0.000991289,55486,7,447.788687
1780969407.113602,0.000998975,64306,9,514.975850
1780969407.114607,0.001000623,61410,9,490.974123
1780969407.115609,0.001003851,67136,8,535.027609
1780969407.116784,0.000996276,62726,7,503.683718
1780969407.117574,0.000997955,58316,6,467.484005
1780969407.118595,0.001001488,56802,5,453.740834
1780969407.119604,0.000998720,75890,9,607.898110
1780969407.120622,0.001013769,62792,8,495.513278
1780969407.121613,0.000992316,46666,5,376.218866
1780969407.122650,0.001000181,70098,9,560.682516
1780969407.124630,0.002005258,131706,21,525.442611
1780969407.125593,0.000990529,62726,7,506.606066
1780969407.126633,0.001009849,62726,7,496.913895
1780969407.127618,0.000988324,58382,7,472.573771
1780969407.128664,0.001002824,73126,11,583.360590
1780969407.129621,0.000997984,40874,5,327.652548
1780969407.130614,0.000999609,80168,8,641.594864
1780969407.131740,0.001003531,59698,5,475.903584
1780969407.132642,0.001008198,70230,11,557.271488
1780969407.133600,0.000991300,62792,8,506.744679
1780969407.134609,0.001002871,56934,7,454.168083
1780969407.135617,0.000993574,68518,7,551.689155
1780969407.136661,0.001003894,56868,6,453.179320
1780969407.137646,0.000997270,65820,10,528.001444
1780969407.138723,0.000999854,67202,9,537.694503
1780969407.139598,0.000999050,59830,7,479.095140
1780969407.140591,0.001000545,59962,9,479.434708
1780969407.141614,0.001000077,67334,11,538.630525
1780969407.142589,0.001003473,59896,8,477.509609
1780969407.143570,0.000998256,64174,7,514.288920
1780969407.144596,0.001012526,61278,7,484.159419
1780969407.145566,0.000984815,65886,11,535.215243
1780969407.146618,0.001006239,64306,9,511.258260
1780969407.147589,0.000994641,62726,7,504.511678
1780969407.148588,0.001009885,67070,7,531.308020
1780969407.149591,0.000991254,54236,10,437.716266
1780969407.150677,0.001000322,71678,11,573.239417
1780969407.151674,0.000999129,62792,8,502.773916
1780969407.152659,0.001008625,62726,7,497.516917
1780969407.153605,0.000999873,54038,7,432.358910
1780969407.154723,0.000990510,70296,12,567.756004
1780969407.155579,0.001000558,65688,8,525.210932
1780969407.156576,0.001013673,56934,7,449.328334
1780969407.157580,0.000996207,64372,10,516.936741
1780969407.158686,0.000989561,67400,12,544.888087
1780969407.159695,0.001010569,61344,8,485.619488
1780969407.160589,0.000999520,58382,7,467.280295
1780969407.161638,0.000991375,62660,6,505.641155
1780969407.162730,0.001010034,68782,11,544.789581
1780969407.163635,0.000990081,67202,9,543.002037
1780969407.164715,0.001000257,58382,7,466.935997
1780969407.165642,0.001000211,67070,7,536.446810
1780969407.166606,0.000997569,52458,5,420.686689
1780969407.167605,0.001000694,67202,9,537.243153
1780969407.168582,0.001004385,65754,9,523.735420
1780969407.169590,0.001006806,58382,7,463.898705
1780969407.170601,0.000990279,68584,8,554.057998
1780969407.171587,0.000997874,63056,12,505.522741
1780969407.172575,0.001004393,65820,10,524.256939
1780969407.173687,0.000996056,64240,8,515.954926
1780969407.174642,0.001001595,52524,6,419.522861
1780969407.175690,0.001006278,72862,7,579.259409
1780969407.176629,0.000996046,55420,6,445.120004
1780969407.177650,0.000996446,70164,10,563.314018
1780969407.179577,0.000999267,61344,8,491.111985
1780969407.179660,0.000999853,58382,7,467.124667
1780969407.180644,0.001000783,65556,6,524.037678
1780969407.181647,0.001004097,58448,8,465.676125
1780969407.184822,0.000995908,64306,9,516.561771
1780969407.184955,0.000999658,62792,8,502.507858
1780969407.185021,0.001000622,67136,8,536.754139
1780969407.185738,0.001005822,54038,7,429.801695
1780969407.186772,0.001008625,67202,9,533.018714
1780969407.187644,0.000985492,61278,7,497.440872
1780969407.188582,0.001004317,55618,9,443.031433
1780969407.189590,0.000995460,65886,11,529.491893
1780969407.190603,0.001012581,70098,9,553.816435
1780969407.191594,0.000999273,53972,6,432.090130
1780969407.192603,0.000993694,62792,8,505.523833
1780969407.193582,0.000994933,67400,12,541.946041
1780969407.194602,0.001006753,65754,9,522.503534
1780969407.195605,0.000991954,56934,7,459.166453
1780969407.196603,0.001002421,62726,7,500.596057
1780969407.197569,0.000997480,74574,11,598.099210
1780969407.198632,0.001005332,64306,9,511.719512
1780969407.199604,0.000996074,53972,6,433.477834
1780969407.200616,0.001007596,62726,7,498.025002
1780969407.201595,0.000995058,62660,6,503.769630
1780969407.202594,0.000998315,61344,8,491.580313
1780969407.203604,0.001002439,65754,9,524.752130
1780969407.204570,0.000998115,65688,8,526.496446
1780969407.205605,0.001004651,58316,6,464.368223
1780969407.206635,0.001001979,55618,9,444.065195
1780969407.207649,0.001004960,67268,10,535.487980
1780969407.208592,0.001002061,62792,8,501.302815
1780969407.209615,0.000998174,64174,7,514.331169
1780969407.210611,0.000996409,59896,8,480.894894
1780969407.211639,0.000998538,62858,9,503.600264
1780969407.212593,0.000990267,67136,8,542.366857
1780969407.213588,0.001004338,62726,7,499.640559
1780969407.214605,0.000995949,55486,7,445.693504
1780969407.215625,0.001000618,61410,9,490.976576
1780969407.216583,0.000999124,70098,9,561.275677
1780969407.217792,0.001000628,53972,6,431.505015
1780969407.218691,0.001000130,65556,6,524.379831
1780969407.219709,0.001000866,53972,6,431.402406
1780969407.220611,0.001001930,70098,9,559.703772
1780969407.221580,0.000997791,56934,7,456.480365
1780969407.222671,0.001011933,64174,7,507.337936
1780969407.223649,0.000990053,59830,7,483.448866
1780969407.224630,0.000997962,68716,10,550.850634
1780969407.225661,0.000999765,62792,8,502.454077
1780969407.226773,0.001004316,62726,7,499.651504
1780969407.227727,0.001007818,62726,7,497.915298
1780969407.228728,0.000987855,64306,9,520.772785
1780969407.229645,0.000999173,65688,8,525.938952
1780969407.230621,0.001000189,62726,7,501.713176
1780969407.231598,0.000999806,53906,5,431.331678
1780969407.232580,0.000999933,62660,6,501.313588
1780969407.233597,0.001001538,55486,7,443.206349
1780969407.234607,0.001003010,65688,8,523.926980
1780969407.235588,0.001002146,72994,9,582.701523
1780969407.236586,0.000996263,55354,5,444.493071
1780969407.237586,0.001000560,67334,11,538.370513
1780969407.238608,0.001001750,67202,9,536.676816
1780969407.239605,0.000999266,59830,7,478.991580
1780969407.240581,0.000995215,59962,9,482.002381
1780969407.241602,0.001004482,68848,12,548.326401
1780969407.242624,0.001004009,57000,8,454.179196
1780969407.243618,0.001003864,68584,8,546.560092
1780969407.244706,0.000988684,62726,7,507.551452
1780969407.245653,0.001012540,65688,8,518.995793
1780969407.246617,0.000998204,64306,9,515.373611
1780969407.247587,0.000989250,61344,8,496.084913
1780969407.248660,0.000999912,64174,7,513.437182
1780969407.249701,0.001011117,65556,6,518.681814
1780969407.250624,0.000988828,55552,8,449.437111
1780969407.251603,0.001002247,67202,9,536.410685
1780969407.252569,0.000997110,67136,8,538.644683
1780969407.253605,0.001009602,52656,8,417.241646
1780969407.254604,0.000990212,65886,11,532.298134
1780969407.255602,0.001005985,67136,8,533.892652
1780969407.256594,0.000993955,64174,7,516.514329
1780969407.257591,0.001012702,62660,6,494.992604
1780969407.258608,0.000996822,49562,5,397.760082
1780969407.259604,0.000990663,74508,10,601.681904
1780969407.260610,0.001011550,62858,9,497.122238
1780969407.261584,0.000993514,53972,6,434.594782
1780969407.262608,0.000999087,64108,6,513.332673
1780969407.263606,0.000998480,74310,7,595.384985
1780969407.264583,0.000999356,55486,7,444.174048
1780969407.265675,0.000998398,64240,8,514.744621
1780969407.266690,0.001013432,67136,8,529.969450
1780969407.267710,0.000993601,56868,6,457.873935
1780969407.268708,0.001008841,70164,10,556.392930
1780969407.269737,0.000985097,65688,8,533.454066
1780969407.270701,0.000998835,53972,6,432.279606
1780969407.271644,0.001003047,65622,7,523.381257
1780969407.272708,0.000998048,63056,12,505.434608
1780969407.273905,0.001002887,70164,10,559.696157
1780969407.274702,0.000997998,55486,7,444.778446
1780969407.275605,0.001001328,62726,7,501.142483
1780969407.276924,0.000999271,71678,11,573.842331
1780969407.277657,0.001001097,57066,9,456.027738
1780969407.278610,0.001001342,62726,7,501.135476
1780969407.279613,0.001009800,68518,7,542.824322
1780969407.280563,0.000987684,58514,9,473.949158
1780969407.281574,0.000997175,62858,9,504.288615
1780969407.282605,0.001005405,67070,7,533.675484
1780969407.283618,0.001008304,62726,7,497.675304
1780969407.284588,0.000990736,58448,8,471.956202
1780969407.285582,0.000996434,68716,10,551.695346
1780969407.286607,0.001005909,61278,7,487.344283
1780969407.287642,0.000994864,57000,8,458.354107
1780969407.288625,0.001009833,68782,11,544.898018
1780969407.289696,0.000990174,59896,8,483.923028
1780969407.290650,0.001010875,56934,7,450.572029
1780969407.291696,0.000989068,122556,7,991.284725
1780969407.292640,0.001011176,62660,6,495.739614
1780969407.294108,0.000989377,61278,7,495.487564
1780969407.295208,0.001010708,70098,9,554.842744
1780969407.295593,0.000997938,65622,7,526.060737
1780969407.296607,0.000995832,55420,6,445.215659
1780969407.297645,0.001006311,71612,10,569.303128
1780969407.298604,0.000987525,62792,8,508.681806
1780969407.299647,0.001014289,62726,7,494.738679
1780969407.300597,0.000997685,56868,6,455.999639
1780969407.301587,0.000997523,67268,10,539.480293
1780969407.302610,0.000991957,65688,8,529.764899
1780969407.303617,0.000999767,65688,8,525.626471
1780969407.304602,0.000999629,53906,5,431.408052
1780969407.305644,0.001007889,59830,7,474.893565
1780969407.306633,0.000993217,73126,11,589.003209
1780969407.307580,0.000998043,58382,7,467.971821
1780969407.308675,0.001005908,68518,7,544.924586
1780969407.309624,0.001005359,53906,5,428.949261
1780969407.310665,0.000993529,61212,6,492.885462
1780969407.311701,0.000999027,61410,9,491.758481
1780969407.312698,0.000997288,67202,9,539.077979
1780969407.313723,0.001006733,61278,7,486.945397
1780969407.314797,0.001004616,64174,7,511.033071
1780969407.315708,0.000989771,52458,5,424.001107
1780969407.316988,0.001004433,70164,10,558.834686
1780969407.317819,0.001003262,67136,8,535.341715
1780969407.319128,0.000994071,56868,6,457.657451
1780969407.319714,0.001009788,77206,7,611.661062
1780969407.320977,0.000989155,61476,10,497.200135
1780969407.322610,0.001000136,58448,8,467.520417
1780969407.322653,0.001009396,65622,7,520.089241
1780969407.323600,0.000989704,59896,8,484.152838
1780969407.324598,0.001007135,68716,10,545.833478
1780969407.325592,0.000995857,61212,6,491.733251
1780969407.326590,0.000997785,64174,7,514.531688
1780969407.327582,0.000996488,55618,9,446.512151
1780969407.328590,0.001000695,70164,10,560.922159
1780969407.329589,0.001001395,52524,6,419.606649
1780969407.330605,0.000998008,64108,6,513.887664
1780969407.331595,0.001008896,60028,10,475.989597
1780969407.332602,0.000995800,78984,12,634.537056
1780969407.333635,0.001005908,55420,6,440.756013
1780969407.334615,0.000996727,55618,9,446.405084
1780969407.335616,0.001001974,46864,8,374.173382
1780969407.336598,0.000991678,74442,9,600.533641
1780969407.337725,0.001004006,65622,7,522.881337
1780969407.339196,0.000995637,62924,10,505.597924
1780969407.339602,0.001005859,70032,8,556.992580
1780969407.340687,0.000994941,54038,7,434.502146
1780969407.341659,0.001013664,65556,6,517.378540
1780969407.342596,0.000991594,59962,9,483.762508
1780969407.343625,0.001006344,55552,8,441.614398
1780969407.344815,0.001002523,81682,9,651.811480
1780969407.345594,0.000992221,52458,5,422.954160
1780969407.346630,0.000993272,65556,6,528.000387
1780969407.347609,0.001004431,65820,10,524.237105
1780969407.348598,0.001007207,62726,7,498.217348
1780969407.349653,0.000997808,62726,7,502.910380
1780969407.350634,0.000994489,62660,6,504.057863
1780969407.351600,0.001004032,58462,7,465.817823
1780969407.352571,0.000993003,74508,10,600.264048
1780969407.353596,0.001007999,65622,7,520.810040
1780969407.354604,0.000996345,55552,8,446.046299
1780969407.355654,0.001003744,71612,10,570.759078
1780969407.356605,0.001002683,68584,8,547.203852
1780969407.357628,0.000993376,61212,6,492.961376
1780969407.358624,0.000997616,48378,9,387.948870
1780969407.359588,0.001000902,76022,11,607.627920
1780969407.360607,0.001008140,65622,7,520.737199
1780969407.361631,0.000990316,61344,8,495.550915
1780969407.362607,0.001008193,67334,11,534.294525
1780969407.363608,0.000994059,61344,8,493.684982
1780969407.364625,0.001004583,62726,7,499.518706
1780969407.365641,0.001005579,61212,6,486.979143
1780969407.366740,0.000987886,55804,12,451.906394
1780969407.367616,0.000997914,73060,10,585.701774
1780969407.368589,0.001009754,68584,8,543.371950
1780969407.369650,0.000994220,58316,6,469.240208
1780969407.370659,0.001005921,60132,10,478.224433
1780969407.371731,0.000989839,57000,8,460.680979
1780969407.372643,0.001000313,62660,6,501.123148
1780969407.373617,0.000999437,61278,7,490.500152
1780969407.374613,0.001001429,70230,11,561.038276
1780969407.375599,0.001004250,70098,9,558.410754
1780969407.376652,0.000995176,62726,7,504.240456
1780969407.377668,0.000999751,62594,5,500.876718
1780969407.378667,0.000999821,58448,8,467.667713
1780969407.379714,0.001001785,68650,9,548.221425
1780969407.380720,0.001010287,67070,7,531.096609
1780969407.381817,0.000988923,56802,5,459.505947
1780969407.382979,0.000999402,64438,11,515.812456
1780969407.383614,0.000999852,61344,8,490.824642
1780969407.384658,0.001000341,59764,6,477.949019
1780969407.385594,0.001010702,55354,5,438.142994
1780969407.386602,0.000988544,61608,12,498.575683
1780969407.387586,0.001000319,70164,10,561.132999
1780969407.388583,0.000999886,67202,9,537.677295
1780969407.389608,0.001005829,65688,8,522.458589
1780969407.390610,0.000996698,48048,4,385.657441
1780969407.391634,0.001001342,71612,10,572.128204
1780969407.392590,0.000995800,67136,8,539.353284
1780969407.393618,0.001008827,64174,7,508.899940
1780969407.394609,0.000992253,54170,9,436.743452
1780969407.395657,0.000999076,71612,10,573.425845
1780969407.396603,0.000999850,64174,7,513.469020
1780969407.397665,0.001011739,61212,6,484.014158
1780969407.398655,0.000989314,55684,10,450.283732
1780969407.399735,0.001000757,62924,10,503.011221
1780969407.400688,0.001004365,70164,10,558.872521
1780969407.401795,0.000994716,62726,7,504.473639
1780969407.402724,0.001001990,51142,7,408.323436
1780969407.403702,0.001011475,58580,10,463.323364
1780969407.404617,0.000987773,75890,9,614.635144
1780969407.405643,0.001001622,58316,6,465.772517
1780969407.406861,0.000999076,56868,6,455.364757
1780969407.407725,0.001008302,55552,8,440.756837
1780969407.408708,0.000988987,67202,9,543.602696
1780969407.409813,0.001000715,64174,7,513.025187
1780969407.410646,0.000999188,46600,4,373.102960
1780969407.411907,0.001014278,65490,5,516.544774
1780969407.412601,0.000991214,65754,9,530.694683
1780969407.413646,0.001004904,58382,7,464.776735
1780969407.414615,0.000990529,71414,7,576.774633
1780969407.415618,0.000999354,59764,6,478.421060
1780969407.416599,0.001003348,51208,8,408.297022
1780969407.417777,0.001006662,83196,10,661.163330
1780969407.418955,0.000993833,55354,5,445.579891
1780969407.419760,0.001007094,64042,5,508.727090
1780969407.420599,0.001001520,68650,9,548.366483
1780969407.422781,0.001993853,119660,14,480.115635
1780969407.423668,0.001003336,73060,10,582.536658
1780969407.425444,0.000996533,65820,10,528.391935
1780969407.426020,0.001008221,62726,7,497.716275
1780969407.426797,0.000998854,62714,7,502.287622
1780969407.427632,0.000998933,58316,6,467.026317
1780969407.428645,0.000987302,70098,9,567.996419
1780969407.429605,0.001012228,64174,7,507.190080
1780969407.430612,0.000992042,59698,5,481.415101
1780969407.431637,0.000995619,61608,12,495.032738
1780969407.432664,0.001014004,72994,9,575.887275
1780969407.433630,0.000987126,58382,7,473.147298
1780969407.434647,0.001006713,56868,6,451.910326
1780969407.435902,0.000991941,62990,11,508.014086
1780969407.436601,0.001004660,74508,10,593.299226
1780969407.437603,0.001004019,59830,7,476.724046
1780969407.438843,0.000992461,58250,5,469.539861
1780969407.439698,0.001006159,71744,12,570.438668
1780969407.440659,0.000999804,61278,7,490.320103
1780969407.441628,0.000999624,65556,6,524.645267
1780969407.442614,0.000995954,52590,7,422.429148
1780969407.443685,0.001003309,57132,10,455.548590
1780969407.444634,0.001005776,80366,11,639.235774
1780969407.445615,0.000989799,55420,6,447.929327
1780969407.446644,0.001009452,62792,8,497.632379
1780969407.447696,0.000990084,65886,11,532.366951
1780969407.448627,0.001009785,56868,6,450.535510
1780969407.449664,0.001000698,62660,6,500.930351
1780969407.450609,0.000989073,54038,7,437.079973
1780969407.451705,0.000999473,80498,13,644.323559
1780969407.452600,0.000999827,59830,7,478.722819
1780969407.453601,0.001004759,62660,6,498.905708
1780969407.454604,0.000995387,61212,6,491.965437
1780969407.455608,0.001009974,71414,7,565.670007
1780969407.456679,0.000991563,48180,6,388.719627
1780969407.457693,0.001009582,70164,10,555.984556
1780969407.458747,0.000992599,62792,8,506.081509
1780969407.459722,0.000996958,58448,8,469.010731
1780969407.460747,0.001007518,71612,10,568.621107
1780969407.461710,0.001003222,61278,7,488.649571
1780969407.462682,0.000992285,65622,7,529.057680
1780969407.463670,0.000996934,51010,5,409.335021
1780969407.464658,0.001006802,68584,8,544.965147
1780969407.465705,0.000995515,64306,9,516.765694
1780969407.466719,0.001009463,61278,7,485.628498
1780969407.467703,0.000994474,61212,6,492.417097
1780969407.468651,0.000993445,52590,7,423.496016
1780969407.469693,0.001002204,70230,11,560.604428
1780969407.470826,0.001002902,67070,7,535.007409
1780969407.471649,0.001002437,62660,6,500.061350
1780969407.472647,0.000998088,62726,7,502.769295
1780969407.473872,0.001006101,65556,6,521.267745
1780969407.474768,0.000988784,49694,7,402.061522
1780969407.475691,0.001011775,68716,10,543.330286
1780969407.477839,0.000993317,61212,6,492.990657
1780969407.478078,0.000997817,68518,7,549.343216
1780969407.478678,0.000996333,64438,11,517.401311
1780969407.479636,0.001009506,65688,8,520.555598
1780969407.480599,0.000991342,55420,6,447.232136
1780969407.481594,0.001009985,67202,9,532.300975
1780969407.482618,0.000995481,64306,9,516.783344
1780969407.483646,0.001006103,65622,7,521.791506
1780969407.484622,0.000999249,53906,5,431.572111
1780969407.485606,0.000989016,57132,10,462.132059
1780969407.486617,0.000999702,76022,11,608.357290
1780969407.488019,0.001008110,65622,7,520.752696
1780969407.488923,0.001002875,65622,7,523.471021
1780969407.489812,0.000992534,51208,8,412.745558
1780969407.491765,0.001006622,76088,12,604.699679
1780969407.492277,0.000990223,61344,8,495.597456
1780969407.492754,0.001013184,62660,6,494.757122
1780969407.493915,0.000999754,59962,9,479.814034
1780969407.495777,0.000996097,64306,9,516.463758
1780969407.496218,0.001003662,72994,9,581.821370
1780969407.496698,0.000987782,53972,6,437.116692
1780969407.497705,0.000998974,64108,6,513.390739
1780969407.499994,0.001012087,55420,6,438.065107
1780969407.500187,0.000993195,71744,12,577.884504
1780969407.500709,0.000994117,62792,8,505.308731
1780969407.501740,0.001002140,62726,7,500.736424
1780969407.502865,0.001011659,62660,6,495.502931
1780969407.503716,0.000995796,57000,8,457.925117
1780969407.504703,0.000999982,64306,9,514.457260
1780969407.505705,0.000990416,59830,7,483.271676
1780969407.509335,0.001008578,65622,7,520.511056
1780969407.509579,0.000992290,59764,6,481.826885
1780969407.509665,0.001006024,59896,8,476.298776
1780969407.509938,0.000994090,65754,9,529.159332
1780969407.511355,0.000999504,61278,7,490.467272
1780969407.511721,0.001001434,59764,6,477.427369
1780969407.512703,0.001007577,64504,12,512.151429
1780969407.513733,0.000990427,61476,10,496.561584
1780969407.517371,0.001000621,58382,7,466.766138
1780969407.520130,0.001000673,65622,7,524.622929
1780969407.520330,0.001009329,56934,7,451.262175
1780969407.520414,0.000989918,73126,11,590.966120
1780969407.520582,0.001006105,58382,7,464.221925
1780969407.520656,0.000994521,65622,7,527.868190
1780969407.524007,0.000999742,52458,5,419.772301
1780969407.524065,0.001008575,65556,6,519.989094
1780969407.524085,0.000995183,57000,8,458.207184
1780969407.524100,0.000995507,68716,10,552.209075
1780969407.524794,0.001001649,62660,6,500.454750
1780969407.525734,0.000998670,61212,6,490.348163
1780969407.529933,0.001000935,70164,10,560.787664
1780969407.530125,0.001006355,56868,6,452.071088
1780969407.530202,0.000995159,72862,7,585.731526
1780969407.530261,0.001005979,56868,6,452.240057
1780969407.531813,0.000998547,73060,10,585.330485
1780969407.531996,0.000998652,64240,8,514.613699
1780969407.532775,0.001005999,61146,5,486.250980
1780969407.533778,0.000990976,64372,10,519.665461
1780969407.535473,0.001001152,62726,7,501.230582
1780969407.535814,0.000996840,56934,7,456.915854
1780969407.537945,0.001001184,58448,8,467.031035
1780969407.538102,0.001011124,74508,10,589.506332
1780969407.539687,0.000987301,59764,6,484.261639
1780969407.539913,0.001000664,53906,5,430.961841
1780969407.540753,0.001003787,59962,9,477.886245
1780969407.541736,0.001001609,70230,11,560.937452
1780969407.542609,0.000993360,68584,8,552.339535
1780969407.543711,0.001000305,61212,6,489.546688
1780969407.544681,0.001000641,52656,8,420.978153
1780969407.545599,0.000999803,71612,10,573.008883
1780969407.546866,0.001000508,55420,6,443.134887
1780969407.547652,0.001006880,69966,7,555.903385
1780969407.548598,0.000993226,65886,11,530.682846
1780969407.549604,0.001000603,66010,9,527.761760
1780969407.550650,0.001003590,62660,6,499.486842
1780969407.551613,0.001002800,62726,7,500.406861
1780969407.552629,0.000992629,55618,9,448.248036
1780969407.553586,0.000999855,67202,9,537.693966
1780969407.554597,0.000999051,55420,6,443.781148
1780969407.555591,0.001004833,61476,10,489.442524
1780969407.556564,0.000995665,67202,9,539.956712
1780969407.557597,0.000999656,61278,7,490.392695
1780969407.558625,0.001001430,59698,5,476.902030
1780969407.559584,0.001012666,65886,11,520.495405
1780969407.560694,0.000987519,68650,9,556.141198
1780969407.561667,0.001001058,65688,8,524.948604
1780969407.563280,0.001003633,64228,8,511.964035
1780969407.563638,0.000997236,54038,7,433.502200
1780969407.564611,0.000997244,68716,10,551.247237
1780969407.565594,0.001011511,58382,7,461.740900
1780969407.566686,0.001000751,62660,6,500.903821
1780969407.567630,0.000988212,72862,7,589.849142
1780969407.568630,0.000999281,48246,7,386.245711
1780969407.569643,0.001004133,70098,9,558.475819
1780969407.570681,0.001007121,67070,7,532.766172
1780969407.571650,0.000993139,56934,7,458.618582
1780969407.572590,0.000996779,70296,12,564.185241
1780969407.573604,0.001009552,62726,7,497.060082
1780969407.574597,0.000990844,62660,6,505.912131
1780969407.575605,0.000997457,57000,8,457.162564
1780969407.576606,0.001001152,76088,12,608.003580
1780969407.577590,0.000999556,59830,7,478.852611
1780969407.578679,0.001007711,67070,7,532.454245
1780969407.579680,0.000998469,52524,6,420.836300
1780969407.580620,0.000993674,65952,12,530.974948
1780969407.581632,0.001010760,71546,9,566.274882
1780969407.582638,0.001003431,58316,6,464.932816
1780969407.583609,0.000993343,68518,7,551.817449
1780969407.584585,0.000997957,51010,5,408.915414
1780969407.585583,0.000994371,73060,10,587.788662
1780969407.586604,0.001001575,62792,8,501.546065
1780969407.587631,0.001005028,65556,6,521.824268
1780969407.588679,0.000998097,52656,8,422.051163
1780969407.589612,0.001000860,58580,10,468.237316
1780969407.590613,0.001002975,83196,10,663.593808
1780969407.591588,0.000997865,58316,6,467.526168
1780969407.592578,0.000993353,59962,9,482.905875
1780969407.593619,0.001000328,73060,10,584.288353
1780969407.594624,0.001000392,54038,7,432.134603
1780969407.595608,0.001006943,62726,7,498.347970
1780969407.596586,0.001003305,60028,10,478.642088
1780969407.597626,0.000995642,78852,10,633.577129
1780969407.598592,0.000996414,53906,5,432.800021
1780969407.599580,0.000997722,61212,6,490.814074
1780969407.600790,0.001013954,74640,12,588.902455
1780969407.601718,0.000987415,58448,8,473.543546
1780969407.602653,0.000999981,65556,6,524.457965
1780969407.603622,0.000999272,54170,9,433.675716
1780969407.604685,0.001005066,74442,9,592.534222
1780969407.605632,0.000993420,61278,7,493.471039
1780969407.606580,0.001000346,57000,8,455.842279
1780969407.607583,0.001003593,71744,12,571.897173
1780969407.608609,0.001005344,56934,7,453.050896
1780969407.609730,0.000998207,67070,7,537.523780
1780969407.610602,0.000993944,52590,7,423.283404
1780969407.611621,0.001000342,74640,12,596.915855
1780969407.612724,0.000999018,59830,7,479.110486
1780969407.613646,0.001000952,68518,7,547.622663
1780969407.614875,0.000999860,65622,7,525.049507
1780969407.615595,0.001000836,48312,8,386.173159
1780969407.616567,0.001006713,72994,9,580.058070
1780969407.617575,0.001002371,64174,7,512.177627
1780969407.618619,0.000992144,61278,7,494.105694
1780969407.619766,0.001003602,65820,10,524.670138
1780969407.620650,0.000999636,68584,8,548.871789
1780969407.621589,0.000994558,48114,5,387.018153
1780969407.622674,0.001003744,68584,8,546.625434
1780969407.623645,0.001005112,77536,12,617.133215
1780969407.624655,0.000990555,55420,6,447.587464
1780969407.625633,0.001000289,69966,7,559.566285
1780969407.626665,0.001010720,52656,8,416.780117
1780969407.627688,0.000988932,64240,8,519.671727
1780969407.628620,0.000999342,56868,6,455.243550
1780969407.629628,0.001010440,70230,11,556.034995
1780969407.630610,0.000990027,67202,9,543.031655
1780969407.631603,0.000999557,53972,6,431.967362
1780969407.632592,0.001007657,67136,8,533.006767
1780969407.633601,0.001000545,58580,10,468.384730
1780969407.634583,0.000992226,72994,9,588.527211
1780969407.635704,0.001000448,56868,6,454.740276
1780969407.636676,0.001004102,80102,7,638.198111
1780969407.637583,0.001003644,48246,7,384.566639
1780969407.638606,0.000991691,64240,8,518.225939
1780969407.639605,0.001005516,67136,8,534.141675
1780969407.640610,0.000998478,65622,7,525.776231
1780969407.641587,0.000996967,54104,8,434.148773
1780969407.642587,0.001011190,127164,10,1006.054253
1780969407.643641,0.000988848,62726,7,507.467275
1780969407.644640,0.000999822,62792,8,502.425432
1780969407.645628,0.001007993,68848,12,546.416493
1780969407.646608,0.001001656,57000,8,455.246112
1780969407.647675,0.000998551,62792,8,503.064941
1780969407.648650,0.001003222,65622,7,523.289960
1780969407.649646,0.000988149,62660,6,507.291917
1780969407.650705,0.000999315,53972,6,432.071969
1780969407.651650,0.001002983,68716,10,548.093038
1780969407.652608,0.001004943,65754,9,523.444613
1780969407.653603,0.000992281,58316,6,470.157143
1780969407.654603,0.001006109,59962,9,476.783331
1780969407.655654,0.000994047,68848,12,554.082453
1780969407.656670,0.001011247,64306,9,508.726355
1780969407.657684,0.000998298,53972,6,432.512136
1780969407.658630,0.001004971,65556,6,521.853864
1780969407.659616,0.000992215,59830,7,482.395449
1780969407.660585,0.000994677,62858,9,505.555070
1780969407.661709,0.001008426,65754,9,521.636689
1780969407.662661,0.000990082,65688,8,530.768159
1780969407.663703,0.001008401,58316,6,462.641350
1780969407.664630,0.000992768,62792,8,505.995358
1780969407.665678,0.001010681,65820,10,520.995250
1780969407.666627,0.000991672,64240,8,518.235868
1780969407.667613,0.001003958,62726,7,499.829674
1780969407.668586,0.000992311,60028,10,483.945054
1780969407.669616,0.001008278,64306,9,510.224363
1780969407.670627,0.000996852,59896,8,480.681184
1780969407.671839,0.000997534,65952,12,528.920318
1780969407.672625,0.001012819,62858,9,496.499375
1780969407.673616,0.000984749,64240,8,521.879179
1780969407.674595,0.000999714,55552,8,444.543139
1780969407.675683,0.001007250,67268,10,534.270539
1780969407.676595,0.000999020,65622,7,525.490981
1780969407.677598,0.000998649,61212,6,490.358474
1780969407.678680,0.000997440,58316,6,467.725377
1780969407.679620,0.000998653,20404,2,163.452170
1780969407.680641,0.001003108,102020,10,813.631234
1780969407.681706,0.001001344,65754,9,525.325962
1780969407.682638,0.001007933,59830,7,474.872834
1780969407.683648,0.000996160,65622,7,526.999679
1780969407.684645,0.001000615,64372,10,514.659484
1780969407.685621,0.000993298,65754,9,529.581254
1780969407.686677,0.001009065,59830,7,474.340107
1780969407.687636,0.000991548,53972,6,435.456478
1780969407.688601,0.000997320,55354,5,444.021979
1780969407.689577,0.001000769,49628,6,396.718923
1780969407.690666,0.001003839,74442,9,593.258481
1780969407.691654,0.000997568,36530,5,292.952460
1780969407.692735,0.000996760,83064,8,666.672017
1780969407.693699,0.001013410,67136,8,529.980955
1780969407.694648,0.000986445,64438,11,522.587676
1780969407.695596,0.001004852,65754,9,523.492017
1780969407.696598,0.000996407,56868,6,456.584508
1780969407.697650,0.000999191,62660,6,501.685864
1780969407.698700,0.001000641,67004,6,535.688624
1780969407.699655,0.001005428,46732,6,371.837665
1780969407.700605,0.001007136,76022,11,603.866806
1780969407.701682,0.000991232,67202,9,542.371513
1780969407.702673,0.001006497,62726,7,498.568799
1780969407.703633,0.000996533,51010,5,409.499736
1780969407.704617,0.000991676,59896,8,483.190074
1780969407.705621,0.001011989,67202,9,531.246881
1780969407.706595,0.000995398,68650,9,551.739103
1780969407.707617,0.001006067,65622,7,521.810178
1780969407.708592,0.000991266,53972,6,435.580359
1780969407.709648,0.001001899,67268,10,537.124002
1780969407.710608,0.000998399,67202,9,538.478103
1780969407.711705,0.001005416,52524,6,417.928499
1780969407.712579,0.000989402,65556,6,530.065636
1780969407.713579,0.001000443,61410,9,491.062459
1780969407.714602,0.001002091,57000,8,455.048494
1780969407.715586,0.001003783,59830,7,476.836129
1780969407.716589,0.000993890,64108,6,516.016863
1780969407.717586,0.001007488,72862,7,578.563715
1780969407.718595,0.000994426,55618,9,447.438020
1780969407.719597,0.000998275,65754,9,526.940973
1780969407.720601,0.001000492,58316,6,466.298581
1780969407.721588,0.001010775,62660,6,495.936287
1780969407.722576,0.000991216,65556,6,529.095576
1780969407.723588,0.001006993,55486,7,440.805448
1780969407.724605,0.000990540,62792,8,507.133483
1780969407.725562,0.001000232,68518,7,548.016860
1780969407.726639,0.001006030,61344,8,487.810503
1780969407.727597,0.001004868,71678,11,570.646095
1780969407.728582,0.000988753,62726,7,507.516033
1780969407.729585,0.001003871,59764,6,476.268365
1780969407.730617,0.001007496,62660,6,497.550362
1780969407.731586,0.000989668,68782,11,556.000598
1780969407.732616,0.000999586,55420,6,443.543627
1780969407.733584,0.001004784,58316,6,464.306756
1780969407.734624,0.000995120,58316,6,468.815821
1780969407.735651,0.001004715,64438,11,513.084805
1780969407.736790,0.000995473,62792,8,504.620417
1780969407.737646,0.001001552,67070,7,535.728549
1780969407.738609,0.000997850,65556,6,525.577993
1780969407.739591,0.001005945,60094,11,477.910820
1780969407.740581,0.000994178,61410,9,494.156982
1780969407.741597,0.001001203,64174,7,512.775132
1780969407.742603,0.000998828,71414,7,571.982363
1780969407.743601,0.001003964,64042,5,510.313119
1780969407.744597,0.001010058,55552,8,439.990575
1780969407.745592,0.000995838,70098,9,563.127738
1780969407.746609,0.000994996,56868,6,457.231989
1780969407.747581,0.000995050,67268,10,540.821064
1780969407.748582,0.000999621,62792,8,502.526458
1780969407.749599,0.001000539,71546,9,572.059660
1780969407.750599,0.001002704,53972,6,430.611626
1780969407.751604,0.000997259,61212,6,491.041946
1780969407.752603,0.001000741,68716,10,549.320953
1780969407.753614,0.001006773,64306,9,510.987084
1780969407.754591,0.000993864,62726,7,504.906104
1780969407.755593,0.000998639,65556,6,525.162746
1780969407.756590,0.001006521,55552,8,441.536739
1780969407.757601,0.000994742,62858,9,505.522035
1780969407.758636,0.001003562,68584,8,546.724567
1780969407.759590,0.000995239,65622,7,527.487367
1780969407.760582,0.000999664,52590,7,420.861409
1780969407.761605,0.001007180,70164,10,557.310511
1780969407.762608,0.000996032,65688,8,527.597507
1780969407.763605,0.001004890,55420,6,441.202520
1780969407.764603,0.001001409,67004,6,535.277794
1780969407.765611,0.000998783,59830,7,479.223215
1780969407.766611,0.001003026,67202,9,535.994082
1780969407.767602,0.000989152,56934,7,460.467148
1780969407.768612,0.001011235,72928,8,576.942056
1780969407.769592,0.001001149,55486,7,443.378558
1780969407.770602,0.000987210,71612,10,580.318271
1780969407.771617,0.001013023,55552,8,438.702774
1780969407.772573,0.000993159,53906,5,434.218489
1780969407.773639,0.000996864,84578,9,678.752568
1780969407.774608,0.001000575,58514,9,467.842990
1780969407.775607,0.001001692,65754,9,525.143457
1780969407.776591,0.001007926,62792,8,498.385794
1780969407.777598,0.000994793,62726,7,504.434591
1780969407.778598,0.000992829,62660,6,504.900643
1780969407.779734,0.001008543,51208,8,406.193886
1780969407.780734,0.000997552,64306,9,515.710459
1780969407.781588,0.000997596,64174,7,514.629169
1780969407.782628,0.000995924,68518,7,550.387379
1780969407.783611,0.001003208,53906,5,429.868980
1780969407.784580,0.000997885,64174,7,514.480125
1780969407.785567,0.001004944,67268,10,535.496505
1780969407.786605,0.000997645,61278,7,491.381203
1780969407.787604,0.000995583,56868,6,456.962403
1780969407.788599,0.001013521,54104,9,427.057752
1780969407.789610,0.000987060,65886,11,533.997933
1780969407.790652,0.001006646,59896,8,476.004474
1780969407.791590,0.000993208,58382,7,470.249938
1780969407.792579,0.001001344,53972,6,431.196472
1780969407.793633,0.001009164,52392,4,415.329917
1780969407.794677,0.000989785,77206,7,624.022389
1780969407.795651,0.001013515,71612,10,565.256558
1780969407.796605,0.000986710,62726,7,508.566853
1780969407.797627,0.000999573,61212,6,489.905190
1780969407.798764,0.001000243,68848,12,550.650192
1780969407.799675,0.000999837,62792,8,502.417894
1780969407.800641,0.001012296,62726,7,495.712716
1780969407.801649,0.001000140,62726,7,501.737757
1780969407.802675,0.000998859,51010,5,408.546151
1780969407.803643,0.000995009,68650,9,551.954806
1780969407.804645,0.000993964,61344,8,493.732167
1780969407.805624,0.001000323,51010,5,407.948233
1780969407.806689,0.000998948,64504,12,516.575437
1780969407.807649,0.001009286,75956,10,602.057296
1780969407.808623,0.001004918,58382,7,464.770260
1780969407.809624,0.000987017,32054,3,259.805049
1780969407.810633,0.000999020,34950,3,279.874277
1780969407.811657,0.001012739,101954,9,805.372361
1780969407.812601,0.000995279,68716,10,552.335576
1780969407.813581,0.000998466,68518,7,548.986145
1780969407.814612,0.001000269,62660,6,501.145192
1780969407.815644,0.000994617,51142,7,411.350299
1780969407.816615,0.000999643,73126,11,585.216922
1780969407.817596,0.001012352,65622,7,518.570616
1780969407.818631,0.001002471,62660,6,500.044390
1780969407.819595,0.000988195,59764,6,483.823537
1780969407.820585,0.000998474,58514,9,468.827431
1780969407.821612,0.001003835,65688,8,523.496391
1780969407.822612,0.000996901,56868,6,456.358254
1780969407.823599,0.001006089,70032,8,556.865248
1780969407.824595,0.000990566,58448,8,472.037199
1780969407.825603,0.001004102,64306,9,512.346355
1780969407.826663,0.001011407,58316,6,461.266335
1780969407.827648,0.000985858,72928,8,591.793139
1780969407.828657,0.001004394,61146,5,487.027999
1780969407.829650,0.000994589,54104,8,435.186796
1780969407.830710,0.001011181,74508,10,589.473101
1780969407.831601,0.000989026,53972,6,436.566885
1780969407.832612,0.001001201,68518,7,547.486469
1780969407.833673,0.001005791,45350,7,360.711122
1780969407.834605,0.000993071,73192,12,589.621487
1780969407.835608,0.001002636,55486,7,442.720987
1780969407.836569,0.000999092,65556,6,524.924632
1780969407.837580,0.001015048,58514,9,461.172280
1780969407.838712,0.000985642,74574,11,605.282648
1780969407.839661,0.000999167,59830,7,479.039040
1780969407.840599,0.001002010,65688,8,524.449856
1780969407.841609,0.001000236,65952,12,527.491512
1780969407.842621,0.001002238,64306,9,513.299236
1780969407.843613,0.001003155,62792,8,500.756114
1780969407.844583,0.000992584,18956,2,152.781024
1780969407.845594,0.001003824,61146,5,487.304547
1780969407.846603,0.000995228,91752,8,737.535519
1780969407.847604,0.001003030,65820,10,524.969343
1780969407.848606,0.001005025,58448,8,465.246138
1780969407.849597,0.000993179,68584,8,552.440195
1780969407.850639,0.001002258,56868,6,453.919051
1780969407.851620,0.000995874,65754,9,528.211400
1780969407.852591,0.001000289,61490,9,491.777876
1780969407.853598,0.001015370,62726,7,494.211962
1780969407.854616,0.000984019,71414,7,580.590415
1780969407.855601,0.001003087,49892,10,397.907659
1780969407.856597,0.000998520,70098,9,561.615190
1780969407.857581,0.001000778,64174,7,512.992892
1780969407.858601,0.000997045,71414,7,573.005230
1780969407.859597,0.001000624,57000,8,455.715633
1780969407.860594,0.001014262,64240,8,506.693537
1780969407.861583,0.000987195,62726,7,508.316999
1780969407.862618,0.001011230,46600,4,368.659949
1780969407.863566,0.000986741,83130,9,673.976251
1780969407.864606,0.001011291,52590,7,416.022688
1780969407.865651,0.000994630,67202,9,540.518585
1780969407.867678,0.001007795,59896,8,475.461775
1780969407.867757,0.000992352,68584,8,552.900584
1780969407.868675,0.001007214,62660,6,497.689667
1780969407.869665,0.000987458,57000,8,461.791793
1780969407.870670,0.001009032,68782,11,545.330574
1780969407.871575,0.000995226,61278,7,492.575556
1780969407.872604,0.000995123,59830,7,480.985768
1780969407.873635,0.001005119,61476,10,489.303257
1780969407.877053,0.000996405,60082,11,482.390193
1780969407.877117,0.001004363,68584,8,546.288543
1780969407.877148,0.001002662,65622,7,523.582224
1780969407.877647,0.000999920,71414,7,571.357709
1780969407.878686,0.000998652,64484,10,516.568334
1780969407.879576,0.000993096,61278,7,493.632036
1780969407.880598,0.001006134,53906,5,428.618852
1780969407.881598,0.000994716,61410,9,493.889713
1780969407.882632,0.001012757,73192,12,578.160408
1780969407.883601,0.000986325,56868,6,461.251616
1780969407.884620,0.001000126,71414,7,571.240024
1780969407.885635,0.001001962,55552,8,443.545763
1780969407.886611,0.001003871,64438,11,513.516179
1780969407.887572,0.000997364,55486,7,445.061181
1780969407.888652,0.001006732,71480,8,568.016116
1780969407.889629,0.000990022,64174,7,518.566254
1780969407.890696,0.000999550,55486,7,444.087840
1780969407.891605,0.001006385,71546,9,568.736617
1780969407.892575,0.000993774,65622,7,528.264978
1780969407.893578,0.001000381,51076,6,408.452380
1780969407.894637,0.000999888,71744,12,574.016290
1780969407.895580,0.001000420,62726,7,501.597329
1780969407.896598,0.000998949,58316,6,467.018837
1780969407.897584,0.001000564,68518,7,547.835021
1780969407.898613,0.001014201,55552,8,438.193218
1780969407.899602,0.000993365,65754,9,529.545535
1780969407.900602,0.000992025,55420,6,446.924221
1780969407.901643,0.001002948,52590,7,419.483363
1780969407.902602,0.001010191,64372,10,509.780824
1780969407.903599,0.000987938,62726,7,507.934708
1780969407.904606,0.001005777,58250,5,463.323381
1780969407.905580,0.000994409,70230,11,564.998909
1780969407.906604,0.000999776,62792,8,502.448548
1780969407.907606,0.000998855,65622,7,525.577787
1780969407.908618,0.001000125,68452,6,547.547557
1780969407.909606,0.001011483,55750,11,440.936724
1780969407.910664,0.000997863,65820,10,527.687669
1780969407.911664,0.001004906,62726,7,499.358149
1780969407.912601,0.000988536,64108,6,518.811657
1780969407.913605,0.000999874,59764,6,478.172250
1780969407.914598,0.000997679,62858,9,504.033863
1780969407.915655,0.001010638,56934,7,450.677691
1780969407.916588,0.000989140,62792,8,507.851265
1780969407.917577,0.000999832,61410,9,491.362549
1780969407.918707,0.001008184,64372,10,510.795648
1780969407.919606,0.001003120,58382,7,465.603318
1780969407.920595,0.000989879,71480,8,577.686768
1780969407.921561,0.000998753,56934,7,456.040683
1780969407.922595,0.001000241,70230,11,561.704629
1780969407.923604,0.001013827,56934,7,449.260081
1780969407.924595,0.000986001,71414,7,579.423347
1780969407.925578,0.001001007,61212,6,489.203372
1780969407.926605,0.001000092,58646,11,469.124841
1780969407.927598,0.001011605,64240,8,508.024377
1780969407.928598,0.000987417,71480,8,579.127157
1780969407.929576,0.001012984,53972,6,426.241678
1780969407.930611,0.000989971,64306,9,519.659667
1780969407.931677,0.000998769,67136,8,537.749970
1780969407.932639,0.000999475,65622,7,525.251757
1780969407.933619,0.001000743,58316,6,466.181627
1780969407.934624,0.001003302,62858,9,501.209008
1780969407.935596,0.001002968,64240,8,512.399199
1780969407.936591,0.000991933,61212,6,493.678504
1780969407.937591,0.001012067,68518,7,541.608411
1780969407.938611,0.000992894,62912,10,506.898017
1780969407.939617,0.001000279,62792,8,502.195887
1780969407.940592,0.000997371,68584,8,550.118261
1780969407.941577,0.001002510,55354,5,441.723275
1780969407.942597,0.000995271,61608,12,495.205828
1780969407.943670,0.001000684,68716,10,549.352243
1780969407.944595,0.000999543,64108,6,513.098486
1780969407.945657,0.001004067,56802,5,452.575376
1780969407.946695,0.001004231,64504,12,513.857867
1780969407.947624,0.000998017,68650,9,550.291228
1780969407.948565,0.000993324,65688,8,529.035843
1780969407.949599,0.001011060,67070,7,530.690562
1780969407.950611,0.000999865,56868,6,455.005426
1780969407.951586,0.000989229,55420,6,448.187427
1780969407.952705,0.001013352,74574,11,588.731260
1780969407.953617,0.000993207,59830,7,481.913639
1780969407.954621,0.000993265,58316,6,469.691371
1780969407.955615,0.001006417,59896,8,476.112784
1780969407.956569,0.000993376,65886,11,530.602712
1780969407.957563,0.001002879,67268,10,536.599131
1780969407.958615,0.001000409,59830,7,478.444316
1780969407.959611,0.001008703,64240,8,509.485944
1780969407.960579,0.000987824,64438,11,521.858145
1780969407.961563,0.000999769,67202,9,537.740218
1780969407.962605,0.001009991,56868,6,450.443618
1780969407.963609,0.001002393,62660,6,500.083301
1780969407.964596,0.000988113,75890,9,614.423654
1780969407.965595,0.000999776,65820,10,526.677976
1780969407.966678,0.001013095,62792,8,495.842937
1780969407.967630,0.000989317,68584,8,554.596757
1780969407.968625,0.001009489,52656,8,417.288351
1780969407.969594,0.000988232,58448,8,473.152053
1780969407.970618,0.001000104,71480,8,571.780535
1780969407.971668,0.001005654,54170,9,430.923558
1780969407.972695,0.000999476,62858,9,503.127639
1780969407.973637,0.001003732,59830,7,476.860357
1780969407.974643,0.001000626,64174,7,513.070818
1780969407.975593,0.000992072,59896,8,482.997202
1780969407.976567,0.001000028,67268,10,538.128932
1780969407.977571,0.000998090,64240,8,514.903466
1780969407.978667,0.001009817,55420,6,439.049848
1780969407.979605,0.001001674,72862,7,581.921863
1780969407.980597,0.000989049,54038,7,437.090579
1780969407.981579,0.001000202,65754,9,525.925763
1780969407.982606,0.000999738,58382,7,467.178401
1780969407.983599,0.000999807,65622,7,525.077340
1780969407.984652,0.001012514,68650,9,542.412253
1780969407.985587,0.000996114,64306,9,516.454944
1780969407.986604,0.000994721,65688,8,528.292858
1780969407.987580,0.000996305,55420,6,445.004291
1780969407.988641,0.001008818,67070,7,531.869971
1780969407.989604,0.000994526,70230,11,564.932440
1780969407.990644,0.001004470,56934,7,453.445100
1780969407.991577,0.001003206,71480,8,570.012540
1780969407.992599,0.000988977,52458,5,424.341517
1780969407.993613,0.001007114,67268,10,534.342686
1780969407.994689,0.001006368,70164,10,557.760183
1780969407.995633,0.000999645,59830,7,478.809978
1780969407.996601,0.000987014,52722,9,427.325246
1780969407.997588,0.001012081,64372,10,508.828839
1780969407.998604,0.000990029,59896,8,483.993903
1780969407.999611,0.001012238,64174,7,507.185069
1780969408.000591,0.000996063,64306,9,516.481387
1780969408.001569,0.001000535,68848,12,550.489488
1780969408.002600,0.000999483,59896,8,479.415858
1780969408.003601,0.000991824,65688,8,529.835939
1780969408.004603,0.001004498,55552,8,442.425968
1780969408.005589,0.001004244,71744,12,571.526442
1780969408.006694,0.000998383,48246,7,386.593121
1780969408.007640,0.000999959,68518,7,548.166475
1780969408.008628,0.000990465,64174,7,518.334318
1780969408.009634,0.001001308,65688,8,524.817539
1780969408.010712,0.001000664,64306,9,514.106633
1780969408.011636,0.001003717,54038,7,430.703077
1780969408.012610,0.001008005,65622,7,520.806940
1780969408.013603,0.000995553,128282,6,1030.840146
1780969408.015239,0.001000006,48180,6,385.437687
1780969408.015651,0.000991432,77470,11,625.115994
1780969408.016584,0.000999524,58382,7,467.278425
1780969408.017598,0.001007773,67136,8,532.945415
1780969408.018617,0.000994327,62924,10,506.264036
1780969408.019623,0.001006915,62858,9,499.410576
1780969408.020710,0.000992155,65688,8,529.659176
1780969408.021714,0.001010779,59764,6,473.013389
1780969408.022629,0.000999752,65556,6,524.578095
1780969408.023597,0.000988580,68716,10,556.078416
1780969408.024580,0.000999452,58448,8,467.840377
1780969408.025564,0.001001283,61344,8,490.123172
1780969408.026604,0.001010927,65622,7,519.301592
1780969408.027610,0.001001035,61344,8,490.244597
1780969408.028602,0.000995448,68716,10,552.241805
1780969408.029577,0.000991274,56934,7,459.481435
1780969408.030626,0.001011095,67070,7,530.672192
1780969408.031596,0.000989464,62660,6,506.617724
1780969408.032603,0.001007148,58316,6,463.216925
1780969408.033595,0.001005837,64306,9,511.462593
1780969408.034581,0.000993911,71612,10,576.405735
1780969408.035600,0.000993014,56868,6,458.144598
1780969408.036612,0.001005075,62726,7,499.274184
1780969408.037561,0.000995708,62858,9,505.031596
1780969408.038636,0.001006481,64240,8,510.610732
1780969408.039643,0.001002408,55420,6,442.294954
1780969408.040601,0.000994569,62660,6,504.017318
1780969408.041577,0.001006383,62660,6,498.100624
1780969408.042628,0.000999573,65688,8,525.728486
1780969408.043608,0.000989873,65820,10,531.947028
1780969408.044644,0.000999066,59830,7,479.087468
1780969408.045645,0.001010394,58316,6,461.728791
1780969408.046591,0.000993529,75824,8,610.542823
1780969408.047599,0.000997120,54104,8,434.082157
1780969408.048605,0.001007676,64306,9,510.529178
1780969408.049582,0.000994262,62792,8,505.235039
1780969408.050675,0.001006620,58514,9,465.033478
1780969408.051680,0.000996220,65886,11,529.087952
1780969408.052593,0.001002493,59896,8,477.976405
1780969408.053563,0.000992501,62858,9,506.663469
1780969408.054592,0.001000178,62924,10,503.302412
1780969408.055588,0.001000871,71612,10,572.397442
1780969408.056596,0.000998797,59830,7,479.216497
1780969408.057595,0.000999847,56868,6,455.013617
1780969408.058614,0.001008122,68650,9,544.775335
1780969408.059594,0.001006405,64306,9,511.173931
1780969408.060609,0.000993331,64306,9,517.901888
1780969408.061578,0.000993012,61542,11,495.800655
1780969408.062664,0.000999434,62858,9,503.148782
1780969408.063633,0.001013197,55486,7,438.106311
1780969408.064630,0.000986882,74376,8,602.917066
1780969408.065622,0.001012960,60028,10,474.079924
1780969408.066661,0.000987912,59962,9,485.565516
1780969408.067621,0.000999084,68650,9,549.703528
1780969408.068634,0.001000721,62726,7,501.446457
1780969408.070148,0.001000097,58514,9,468.066598
1780969408.070641,0.001000031,62924,10,503.376395
1780969408.071691,0.001000834,65688,8,525.066095
1780969408.072683,0.001009164,62726,7,497.251190
1780969408.073619,0.000993465,59962,9,482.851434
1780969408.074631,0.000999056,67334,11,539.180987
1780969408.075582,0.000996626,64240,8,515.659836
1780969408.076608,0.001011941,59830,7,472.992002
1780969408.077596,0.001002963,62660,6,499.799095
1780969408.078609,0.001001762,57066,9,455.725013
1780969408.079633,0.000983370,68650,9,558.487650
1780969408.080614,0.000999847,64174,7,513.470561
1780969408.081627,0.001006986,61278,7,486.823054
1780969408.082608,0.000999168,61476,10,492.217525
1780969408.083599,0.000996531,59896,8,480.836020
1780969408.084596,0.001012333,64174,7,507.137474
1780969408.085593,0.000990010,59830,7,483.469864
1780969408.086597,0.001006529,64372,10,511.635532
1780969408.087677,0.000993256,65754,9,529.603647
1780969408.088647,0.000995969,62726,7,503.838975
1780969408.089621,0.000999778,64174,7,513.505998
1780969408.090670,0.001003164,52458,5,418.340371
1780969408.091623,0.001005484,65820,10,523.688094
1780969408.092591,0.000997642,65754,9,527.275315
1780969408.093678,0.001000292,58382,7,466.919659
1780969408.094618,0.001001558,68518,7,547.291320
1780969408.095579,0.000991454,62660,6,505.600865
1780969408.096611,0.001005422,53972,6,429.447535
1780969408.097595,0.000994141,71546,9,575.741268
1780969408.098587,0.001010138,56934,7,450.900768
1780969408.099590,0.001000915,61212,6,489.248338
1780969408.100644,0.000989163,70164,10,567.461581
1780969408.101680,0.001013356,62858,9,496.236268
1780969408.102661,0.000986912,55486,7,449.774651
1780969408.103661,0.001004405,62726,7,499.607230
1780969408.104709,0.001009052,65556,6,519.743284
1780969408.105705,0.000990281,64240,8,518.963809
1780969408.106651,0.000998985,64240,8,514.442159
1780969408.107587,0.001005150,59830,7,476.187634
1780969408.108602,0.000995204,54104,8,434.917866
1780969408.109596,0.001002314,77536,12,618.855967
1780969408.110610,0.000994799,67136,8,539.895999
1780969408.111645,0.001000357,53906,5,431.094099
1780969408.112624,0.001000455,62858,9,502.635301
1780969408.113593,0.001001714,65820,10,525.659020
1780969408.114622,0.001003198,62726,7,500.208334
1780969408.115600,0.000995311,71480,8,574.533990
1780969408.116643,0.001007158,53972,6,428.707313
1780969408.117609,0.000996247,39492,6,317.126175
1780969408.118604,0.001005110,78852,10,627.608918
1780969408.119586,0.000991711,65688,8,529.896311
1780969408.120565,0.000998367,65622,7,525.834688
1780969408.121613,0.000999720,54104,8,432.953227
1780969408.122666,0.001008200,68650,9,544.733188
1780969408.123644,0.001000714,7306,1,58.406298
1780969408.124653,0.001001345,35016,4,279.751734
1780969408.125591,0.000990704,84512,8,682.439962
1780969408.126607,0.001000491,91818,9,734.183516
1780969408.127590,0.000998837,62660,6,501.863667
1780969408.128579,0.000999715,52524,6,420.311789
1780969408.129618,0.001009545,65754,9,521.058497
1780969408.130686,0.000992985,71546,9,576.411527
1780969408.131605,0.001005899,55552,8,441.809764
1780969408.132573,0.001001907,62990,11,502.960854
1780969408.133582,0.000990273,62792,8,507.270217
1780969408.134623,0.001007945,68584,8,544.347162
1780969408.135584,0.000991739,56868,6,458.733598
1780969408.136633,0.001004649,61476,10,489.532165
1780969408.137620,0.001003630,67334,11,536.723693
1780969408.138602,0.000991662,56934,7,459.301657
1780969408.139600,0.000999662,59830,7,478.801835
1780969408.140609,0.001013258,61476,10,485.372926
1780969408.141625,0.000993009,68782,11,554.129922
1780969408.142654,0.001001474,65688,8,524.730547
1780969408.143616,0.000994975,56868,6,457.241639
1780969408.144593,0.000997501,61410,9,492.510784
1780969408.145626,0.001007869,73126,11,580.440514
1780969408.146602,0.001005663,68584,8,545.582367
1780969408.147711,0.000988713,52458,5,424.454822
1780969408.148642,0.001005893,56934,7,452.803628
1780969408.149593,0.000992363,76088,12,613.388448
1780969408.150606,0.001000025,56868,6,454.932627
1780969408.151605,0.000999811,72862,7,583.006188
1780969408.152618,0.001002395,51142,7,408.158460
1780969408.153624,0.001004916,74640,12,594.198918
1780969408.154591,0.000992891,55486,7,447.066194
1780969408.155583,0.000999742,64108,6,512.996353
1780969408.156589,0.001000475,71414,7,571.040756
1780969408.157558,0.001001136,67268,10,537.533362
1780969408.158648,0.001011554,58382,7,461.721272
1780969408.159584,0.000986861,56868,6,461.001093
1780969408.160609,0.001003511,59764,6,476.439222
1780969408.161602,0.001007764,67070,7,532.426243
1780969408.162600,0.001002211,67202,9,536.429953
1780969408.163573,0.000993802,56934,7,458.312622
1780969408.164635,0.000993930,72796,6,585.924562
1780969408.165736,0.001013035,64504,12,509.392074
1780969408.166712,0.000992724,58448,8,471.011077
1780969408.167614,0.000993157,64108,6,516.397710
1780969408.168594,0.001008784,65622,7,520.404765
1780969408.169583,0.000992607,65556,6,528.354122
1780969408.170584,0.001005156,55552,8,442.136345
1780969408.171683,0.000993318,65688,8,529.039039
1780969408.172624,0.001002077,67136,8,535.974780
1780969408.173605,0.001003454,64438,11,513.729578
1780969408.174604,0.000995637,64240,8,516.172059
1780969408.175568,0.001001338,65688,8,524.801815
1780969408.176618,0.000997264,51076,6,409.729019
1780969408.177613,0.001014246,76154,13,600.674787
1780969408.178616,0.000986640,55420,6,449.363496
1780969408.179573,0.000998924,69966,7,560.330916
1780969408.180595,0.001005566,55618,9,442.481150
1780969408.181601,0.001005286,68848,12,547.887865
1780969408.182613,0.000994788,65688,8,528.257277
1780969408.183607,0.001009866,56868,6,450.499373
1780969408.184565,0.000989052,64174,7,519.074831
1780969408.185737,0.000996691,62990,11,505.593007
1780969408.186624,0.001002230,73060,10,583.179510
1780969408.187708,0.001005062,53972,6,429.601358
1780969408.188652,0.000999992,64108,6,512.868103
1780969408.189685,0.000992653,61476,10,495.448057
1780969408.190662,0.001004576,70032,8,557.703947
1780969408.191654,0.000994866,65622,7,527.685135
1780969408.192677,0.001009311,53906,5,427.269692
1780969408.193765,0.001002439,67268,10,536.834660
1780969408.194651,0.000990722,67202,9,542.650713
1780969408.195611,0.001006717,65622,7,521.473264
1780969408.196691,0.000991949,59830,7,482.524807
1780969408.197608,0.001002264,65556,6,523.263332
1780969408.198645,0.000999767,54038,7,432.404750
1780969408.199631,0.000997196,70098,9,562.360860
1780969408.200594,0.001006076,65688,8,522.330321
1780969408.201598,0.001000160,51076,6,408.542633
1780969408.202646,0.000993399,71744,12,577.765832
1780969408.203612,0.001005250,67136,8,534.283014
1780969408.204607,0.000994516,64174,7,516.222967
1780969408.205596,0.001010254,62726,7,496.714688
1780969408.206617,0.000998566,58448,8,468.255478
1780969408.207588,0.000998850,67202,9,538.234970
1780969408.208603,0.000992413,64174,7,517.316883
1780969408.209611,0.001007782,59698,5,473.896140
1780969408.210616,0.000992323,65952,12,531.697844
1780969408.211614,0.001000227,62792,8,502.221996
1780969408.212586,0.000999235,61278,7,490.599308
1780969408.213585,0.001001166,62726,7,501.223573
1780969408.214607,0.001004354,70362,13,560.455776
1780969408.215609,0.001000672,65754,9,525.678744
1780969408.216632,0.001005645,61278,7,487.472219
1780969408.217616,0.000988014,52458,5,424.755115
1780969408.218595,0.001009788,61278,7,485.472198
1780969408.219592,0.000990898,74442,9,601.006360
1780969408.220575,0.001000012,65622,7,524.969700
1780969408.221644,0.001012201,54038,7,427.093038
1780969408.222650,0.000987567,79116,14,640.896263
1780969408.223613,0.001000591,46732,6,373.635182
1780969408.224648,0.001009709,74310,7,588.763693
1780969408.225594,0.001000066,56934,7,455.441941
1780969408.226601,0.001003690,70296,12,560.300491
1780969408.227616,0.000985883,62726,7,508.993461
1780969408.228618,0.001002141,62792,8,501.262796
1780969408.229586,0.001010309,57000,8,451.347063
1780969408.230603,0.000994873,77602,13,624.015327
1780969408.231609,0.000997604,54038,7,433.342288
1780969408.232596,0.001009465,69966,7,554.479848
1780969408.233593,0.000996486,58250,5,467.643299
1780969408.234624,0.000999402,61410,9,491.573961
1780969408.235618,0.001002318,72994,9,582.601530
1780969408.236726,0.000987836,59764,6,483.999368
1780969408.237621,0.000999863,55354,5,442.892676
1780969408.238664,0.000999510,68782,11,550.525758
1780969408.239617,0.001002407,64240,8,512.685965
1780969408.240590,0.001011069,65622,7,519.228658
1780969408.241588,0.000990444,54104,8,437.008049
1780969408.242603,0.000996810,73192,12,587.409837
1780969408.243596,0.001001022,67136,8,536.539656
1780969408.244590,0.000998360,59764,6,478.897392
1780969408.245598,0.001010448,56868,7,450.239894
1780969408.246640,0.000996027,65886,11,529.190474
1780969408.247591,0.001001803,57000,8,455.179312
1780969408.248610,0.001000721,65622,7,524.597765
1780969408.249616,0.001000859,61212,6,489.275712
1780969408.250592,0.000997507,55684,10,446.585337
1780969408.251580,0.000992375,35082,5,282.812445
1780969408.252609,0.001000169,53972,6,431.703042
1780969408.253610,0.001000712,103468,10,827.155066
1780969408.254608,0.000999434,59896,8,479.439363
1780969408.255603,0.001009358,64306,9,509.678429
1780969408.256595,0.001002152,59764,6,477.085312
1780969408.257654,0.001001654,71348,6,569.841482
1780969408.258645,0.000993097,57198,11,460.764658
1780969408.259675,0.001006930,68782,11,546.468970
1780969408.260626,0.000991846,68518,7,552.650311
1780969408.261601,0.000994181,59830,7,481.441508
1780969408.262570,0.001003019,52458,5,418.400848
1780969408.263563,0.000999670,68716,10,549.909470
1780969408.264602,0.000997823,70032,8,561.478338
1780969408.265568,0.001009064,58250,5,461.814117
1780969408.266600,0.001003831,71744,12,571.761581
1780969408.267586,0.000994106,61344,8,493.661642
1780969408.268580,0.001007096,65622,7,521.277018
1780969408.269561,0.000986690,55486,7,449.875848
1780969408.270679,0.001011363,74640,12,590.411158
1780969408.271685,0.000989370,59896,8,484.316282
1780969408.272614,0.001001233,53906,5,430.716926
1780969408.273621,0.001011959,68782,11,543.753255
1780969408.274616,0.000995799,70164,10,563.680020
1780969408.275594,0.000994122,62726,7,504.775068
1780969408.276582,0.000996112,58250,5,467.818880
1780969408.277571,0.001010299,65952,12,522.237476
1780969408.278608,0.000991956,65688,8,529.765433
1780969408.279608,0.001011397,64174,7,507.606805
1780969408.280599,0.000992051,64174,7,517.505652
1780969408.281603,0.000999671,51076,6,408.742476
1780969408.282609,0.001001328,65754,9,525.334356
1780969408.283610,0.001005660,54038,7,429.870931
1780969408.284607,0.000997986,62726,7,502.820681
1780969408.285589,0.000989120,64306,9,520.106762
1780969408.286610,0.001000395,59962,9,479.506595
1780969408.287589,0.001000286,70098,9,560.623662
1780969408.288579,0.000999336,56868,6,455.246284
1780969408.289593,0.001001252,67268,10,537.471086
1780969408.290689,0.000999638,62858,9,503.046103
1780969408.291628,0.001009932,61344,8,485.925785
1780969408.292590,0.000989291,70032,8,566.320729
1780969408.293592,0.001013599,57000,8,449.882054
1780969408.294595,0.000986211,70164,10,569.160149
1780969408.295577,0.001008370,57000,8,452.214961
1780969408.296607,0.001000035,62726,7,501.790437
1780969408.297562,0.000991994,65556,6,528.680617
1780969408.298624,0.001013951,59764,6,471.533634
1780969408.299585,0.000985711,61410,9,498.401661
1780969408.300601,0.001003092,68584,8,546.980736
1780969408.301600,0.000999572,62726,7,502.022866
1780969408.302609,0.001008644,59764,6,474.014618
1780969408.303662,0.000990447,70230,11,567.259025
1780969408.304616,0.001013273,61278,7,483.802490
1780969408.305609,0.000994948,59830,7,481.070367
1780969408.306606,0.000998260,67334,11,539.610923
1780969408.307635,0.000996468,62924,10,505.176283
1780969408.308605,0.000995753,65688,8,527.745334
1780969408.309623,0.001011268,59764,6,472.784662
1780969408.310611,0.000990499,59896,8,483.764244
1780969408.311617,0.001005334,68716,10,546.811308
1780969408.312672,0.000994410,64240,8,516.808962
1780969408.313597,0.000999742,65622,7,525.111479
1780969408.314626,0.001007497,56934,7,452.082736
1780969408.315593,0.000994475,64306,9,517.306116
1780969408.316606,0.001000781,68650,9,548.771410
1780969408.317592,0.001002171,62726,7,500.720935
1780969408.318596,0.000993286,48180,6,388.045336
1780969408.319632,0.001010423,57132,10,452.341247
1780969408.320599,0.000991380,70296,12,567.257762
1780969408.321654,0.001007350,65688,8,521.669728
1780969408.322593,0.000999209,62726,7,502.205244
1780969408.323629,0.000992626,64108,6,516.673954
1780969408.324685,0.001009114,58448,8,463.360928
1780969408.325582,0.000997252,70164,10,562.858736
1780969408.326622,0.001002591,62792,8,501.037811
1780969408.327600,0.000989851,62726,7,506.953067
1780969408.328569,0.000999916,58580,10,468.679369
1780969408.329593,0.001003371,65820,10,524.790930
1780969408.330628,0.000996991,62792,8,503.852091
1780969408.331676,0.001000639,59830,7,478.334344
1780969408.332594,0.000999647,62858,9,503.041574
1780969408.333606,0.001006122,70296,12,558.946132
1780969408.334627,0.000999764,61344,8,490.867845
1780969408.335572,0.000995363,58382,7,469.231828
1780969408.336647,0.001004773,61212,6,487.369784
1780969408.337581,0.001008088,71678,11,568.823357
1780969408.338604,0.000995619,57000,8,458.006527
1780969408.339679,0.000992254,71480,8,576.304051
1780969408.340605,0.000997649,61278,7,491.379233
1780969408.341633,0.001007785,52458,5,416.422154
1780969408.342616,0.000993491,68650,9,552.798163
1780969408.343625,0.000998974,70164,10,561.888498
1780969408.344652,0.001014436,61278,7,483.247834
1780969408.345612,0.000986918,52458,5,425.226817
1780969408.346624,0.001006058,62660,6,498.261532
1780969408.347608,0.000993199,62924,10,506.839012
1780969408.348582,0.001001244,62792,8,501.711870
1780969408.349583,0.000998197,62726,7,502.714394
1780969408.350635,0.001006403,56868,6,452.049527
1780969408.351654,0.001006061,80102,7,636.955413
1780969408.352662,0.000999211,57146,9,457.528990
1780969408.353691,0.000988824,56934,7,460.619888
1780969408.354691,0.001009442,65688,8,520.588602
1780969408.355613,0.000993149,59764,6,481.410141
1780969408.356622,0.001007428,68452,6,543.578300
1780969408.357601,0.000997225,48246,7,387.042042
1780969408.358624,0.001000398,71612,10,572.668078
1780969408.359613,0.000999685,53972,6,431.912052
1780969408.360609,0.000992606,68518,7,552.227168
1780969408.361675,0.001000460,53906,5,431.049717
1780969408.362690,0.000999742,65754,9,526.167751
1780969408.363614,0.001013494,73060,10,576.698037
1780969408.364620,0.000998056,58382,7,467.965725
1780969408.365638,0.000999185,68518,7,548.591102
1780969408.366616,0.000989675,53906,5,435.747089
1780969408.367716,0.001112419,70230,11,505.061492
1780969408.368568,0.000886363,58502,9,528.018430
1780969408.369649,0.001008268,65688,8,521.194762
1780969408.370600,0.000992454,58382,7,470.607202
1780969408.371614,0.001000257,58580,10,468.519590
1780969408.372601,0.001001594,70400,12,562.303688
1780969408.373665,0.001005226,64240,8,511.248217
1780969408.374610,0.000993230,53972,6,434.719048
1780969408.375595,0.001012367,71612,10,565.897545
1780969408.376621,0.001002026,77602,13,619.560770
1780969408.377649,0.000986316,51076,6,414.276966
1780969408.378643,0.001003254,64174,7,511.726841
1780969408.379627,0.001004964,62660,6,498.803937
1780969408.380585,0.000991403,55486,7,447.737197
1780969408.381597,0.001009223,74508,10,590.616742
1780969408.382670,0.000992672,62858,9,506.576190
1780969408.383621,0.001012089,62726,7,495.814103
1780969408.384582,0.000984798,58316,7,473.729638
1780969408.385576,0.000999840,58448,8,467.658825
1780969408.386756,0.001000943,65754,9,525.536419
1780969408.387613,0.001001069,58316,6,466.029814
1780969408.388599,0.001000784,54104,8,432.492926
1780969408.389631,0.001011910,74706,13,590.613790
1780969408.390597,0.000998506,57000,8,456.682283
1780969408.391637,0.000995930,58382,7,468.964686
1780969408.392629,0.000999588,51208,8,409.832851
1780969408.393600,0.000994962,65886,11,529.756915
1780969408.394609,0.000998726,57000,8,456.581685
1780969408.395636,0.000999598,65688,8,525.715338
1780969408.396643,0.000998800,62726,7,502.410893
1780969408.397594,0.001000489,62990,11,503.673704
1780969408.398633,0.001003019,70230,11,560.148910
1780969408.399583,0.000996570,55486,7,445.415776
1780969408.400657,0.001000307,62726,7,501.653992
1780969408.401599,0.000999143,70230,11,562.321910
1780969408.402709,0.001001185,55552,8,443.889990
1780969408.403657,0.001002649,65688,8,524.115618
1780969408.404641,0.001002222,59764,6,477.051990
1780969408.405612,0.000994323,65556,6,527.442290
1780969408.406652,0.000999171,61410,9,491.687609
1780969408.407636,0.000999940,61344,8,490.781447
1780969408.408638,0.001000200,58382,7,466.962607
1780969408.409634,0.001011808,57066,9,451.200228
1780969408.410655,0.000994712,74706,13,600.825163
1780969408.411659,0.000993615,61410,9,494.436980
1780969408.412648,0.001000914,52524,6,419.808295
1780969408.413668,0.001000369,69966,7,559.521537
1780969408.414822,0.001009294,67268,10,533.188546
1780969408.415760,0.000991889,61344,8,494.765039
1780969408.416664,0.001010724,56868,6,450.116946
1780969408.417616,0.000999442,62726,7,502.088165
1780969408.418662,0.001002465,62660,6,500.047383
1780969408.419633,0.000998398,62792,8,503.142034
1780969408.420611,0.000991859,64306,9,518.670497
1780969408.421714,0.000994215,64240,8,516.910326
1780969408.422652,0.001005095,62726,7,499.264249
1780969408.423642,0.000996199,62660,6,503.192635
1780969408.424636,0.001008094,62924,10,499.350259
1780969408.425719,0.000992031,62792,8,506.371273
1780969408.426700,0.001004727,62792,8,499.972629
1780969408.427668,0.000995083,61212,6,492.115733
1780969408.428649,0.000999157,68716,10,550.191812
1780969408.429614,0.000999940,57000,8,456.027362
1780969408.430589,0.001004722,61332,8,488.350011
1780969408.431603,0.000998094,62858,9,503.824289
1780969408.432587,0.000999168,52656,8,421.598770
1780969408.433642,0.000998429,71480,8,572.739774
1780969408.434596,0.001009838,0,0,0.000000
1780969408.435583,0.001001232,0,0,0.000000
1780969408.436605,0.000993338,97610,9,786.117112
1780969408.437594,0.001001170,80300,10,641.649270
1780969408.438626,0.000994851,68650,9,552.042467
1780969408.439648,0.001000873,58448,8,467.176155
1780969408.440614,0.001011937,67070,7,530.230637
1780969408.441585,0.000986383,59830,7,485.247617
1780969408.442664,0.001001494,61410,9,490.547123
1780969408.443666,0.001001383,61410,9,490.601498
1780969408.444623,0.000997194,64240,8,515.366117
1780969408.445621,0.001010478,65622,7,519.532340
1780969408.446611,0.000989269,62858,9,508.318769
1780969408.447610,0.001010814,62792,8,496.961855
1780969408.448638,0.000988560,59764,6,483.644898
1780969408.449590,0.001007921,64174,7,509.357380
1780969408.450616,0.000998695,67268,10,538.847196
1780969408.451622,0.000994534,58448,8,470.153861
1780969408.452594,0.001007367,62726,7,498.138216
1780969408.453582,0.000993386,67070,7,540.132436
1780969408.454618,0.001001925,55354,5,441.981186
1780969408.455624,0.001007740,73060,10,579.990871
1780969408.456579,0.000989649,61344,8,495.884905
1780969408.457562,0.001003616,58382,7,465.373210
1780969408.458599,0.001004792,69966,7,557.058575
1780969408.459673,0.000998612,54104,8,433.433606
1780969408.460608,0.001001678,67202,9,536.715392
1780969408.461616,0.000992341,67136,8,541.233306
1780969408.462750,0.001009811,62660,6,496.409724
1780969408.463680,0.000994262,55354,5,445.387634
1780969408.464841,0.000994464,67136,8,540.077871
1780969408.465681,0.001003620,65754,9,524.134633
1780969408.466689,0.001006621,54038,7,429.460542
1780969408.467617,0.000989843,62726,7,506.957164
1780969408.468582,0.000999871,62660,6,501.344673
1780969408.469638,0.001013387,58514,9,461.928168
1780969408.470649,0.000986471,65754,9,533.246289
1780969408.471656,0.001002769,53972,6,430.583714
1780969408.472607,0.001004307,62726,7,499.655982
1780969408.473629,0.000993412,64438,11,518.922663
1780969408.474645,0.001000688,70230,11,561.453720
1780969408.475648,0.001008037,52590,7,417.365632
1780969408.476601,0.000994540,71480,8,574.979387
1780969408.477590,0.001000725,58646,11,468.828100
1780969408.478616,0.001000678,62924,10,503.050931
1780969408.479600,0.001007576,62726,7,498.034888
1780969408.480590,0.000989722,58316,6,471.372769
1780969408.481593,0.000999028,65556,6,524.958259
1780969408.482697,0.000999600,55552,8,444.593838
1780969408.483597,0.001000043,67268,10,538.120861
1780969408.484591,0.001005278,64240,8,511.221771
1780969408.485586,0.001000648,56868,6,454.649387
1780969408.486616,0.000992895,65556,6,528.200867
1780969408.487596,0.001000166,62792,8,502.252626
1780969408.488596,0.000999639,64306,9,514.633783
1780969408.489575,0.001000205,62792,8,502.233042
1780969408.490588,0.001001381,67070,7,535.820033
1780969408.491582,0.000998795,62660,6,501.884771
1780969408.492579,0.000999663,55354,5,442.981285
1780969408.493581,0.001003090,70164,10,559.582889
1780969408.494606,0.001004722,62858,9,500.500636
1780969408.495610,0.001005446,55420,6,440.958540
1780969408.496597,0.000987683,74376,8,602.428107
1780969408.497605,0.001007359,62858,9,499.190457
1780969408.498637,0.000991981,54038,7,435.798670
1780969408.499580,0.001004742,65622,7,522.498313
1780969408.500590,0.000998691,68518,7,548.862461
1780969408.501595,0.001003444,52524,6,418.749826
1780969408.502641,0.000993638,71612,10,576.564101
1780969408.503595,0.001004129,68584,8,546.415849
1780969408.504595,0.000995522,55420,6,445.354297
1780969408.505628,0.001004255,67400,12,536.915425
1780969408.506620,0.000995953,65754,9,528.169502
1780969408.507609,0.001005302,59830,7,476.115635
1780969408.508585,0.000994511,65622,7,527.873498
1780969408.509696,0.001002029,55354,5,441.935313
1780969408.510813,0.001004625,67136,8,534.615404
1780969408.511703,0.001006538,65820,10,523.139713
1780969408.512631,0.000992378,59830,7,482.316214
1780969408.513823,0.000995673,62660,6,503.458465
1780969408.514687,0.001000528,63056,12,504.181792
1780969408.515623,0.000999316,64306,9,514.800123
1780969408.516601,0.001010570,67202,9,531.992836
1780969408.518408,0.000997397,61278,7,491.503383
1780969408.518675,0.001000071,49760,8,398.051738
1780969408.519755,0.000992098,0,0,0.000000
1780969408.520625,0.001000008,27776,4,222.206222
1780969408.521597,0.001006578,71612,10,569.152117
1780969408.522632,0.000998217,94846,11,760.123300
1780969408.523602,0.000993881,62660,6,504.366217
1780969408.524594,0.001008814,71414,7,566.320452
1780969408.525631,0.000993701,64372,10,518.240396
1780969408.526608,0.000997503,55486,7,444.999163
1780969408.527821,0.001000376,62726,7,501.619391
1780969408.528602,0.000999940,65622,7,525.007500
1780969408.529594,0.001003147,62660,6,499.707421
1780969408.530607,0.000998710,59830,7,479.258243
1780969408.531600,0.000998305,65754,9,526.925138
1780969408.532596,0.001000903,70098,9,560.278069
1780969408.533598,0.000999721,53972,6,431.896499
1780969408.534621,0.000999304,62792,8,502.685869
1780969408.535681,0.001005018,68716,10,546.983238
1780969408.537943,0.001007787,61344,8,486.960042
1780969408.538641,0.001000677,72928,8,583.029289
1780969408.539039,0.000992803,52458,5,422.706217
1780969408.540895,0.001000285,62858,9,502.720725
1780969408.540960,0.000997578,68650,9,550.533392
1780969408.541578,0.000997758,61344,8,491.854738
1780969408.542647,0.001012698,65622,7,518.393440
1780969408.543656,0.000993335,61410,9,494.576351
1780969408.544647,0.000996994,64240,8,515.469501
1780969408.545698,0.000998176,62726,7,502.724970
1780969408.546638,0.000998134,53972,6,432.583200
1780969408.547721,0.001013425,68518,7,540.882650
1780969408.548706,0.000986279,64306,9,521.604941
1780969408.549717,0.001005002,64306,9,511.887539
1780969408.550743,0.001000608,64240,8,513.607727
1780969408.551605,0.000995457,64240,8,516.265394
1780969408.552601,0.000998596,59896,8,479.841698
1780969408.553738,0.001001781,59896,8,478.316119
1780969408.554647,0.000998491,53972,6,432.428535
1780969408.555635,0.001001384,71414,7,570.522397
1780969408.556601,0.001008098,74706,13,592.847124
1780969408.557648,0.000996145,59896,8,481.022341
1780969408.558601,0.001000193,59830,7,478.547640
1780969408.559589,0.000999424,56868,6,455.206199
1780969408.560776,0.000996805,65688,8,527.188367
1780969408.561693,0.001003191,67202,9,535.905924
1780969408.562625,0.001008592,65688,8,521.027333
1780969408.563603,0.000997173,64174,7,514.847474
1780969408.564612,0.000991219,53906,5,435.068335
1780969408.565592,0.001009828,53972,6,427.573805
1780969408.566606,0.000993170,61410,9,494.658518
1780969408.567611,0.001000387,72994,9,583.726098
1780969408.568595,0.000998185,64174,7,514.325501
1780969408.569586,0.001001560,56868,6,454.235393
1780969408.570669,0.001000053,62858,9,502.837350
1780969408.571601,0.000993409,70098,9,564.504650
1780969408.572602,0.001007310,61278,7,486.666468
1780969408.573597,0.000995521,57132,10,459.112364
1780969408.574618,0.001011329,64372,10,509.207192
1780969408.575610,0.000998289,62792,8,503.196970
1780969408.576596,0.000987115,67136,8,544.098712
1780969408.577607,0.001011008,55486,7,439.054884
1780969408.578635,0.000991000,65754,9,530.809284
1780969408.579600,0.001004139,68650,9,546.936231
1780969408.580601,0.000994597,53972,6,434.121559
1780969408.581590,0.001005927,62660,6,498.326419
1780969408.582639,0.000996691,58382,7,468.606619
1780969408.583640,0.000997117,68716,10,551.317448
1780969408.584647,0.001001501,64240,8,513.149762
1780969408.585697,0.001001968,56868,6,454.050429
1780969408.586922,0.000997212,62858,9,504.269904
1780969408.587672,0.001003177,65820,11,524.892417
1780969408.588624,0.000996730,61344,8,492.362024
1780969408.589609,0.001002041,58316,6,465.577756
1780969408.590605,0.001004180,64240,8,511.780756
1780969408.591587,0.000998049,67400,12,540.254036
1780969408.592595,0.001001574,65754,9,525.205327
1780969408.593589,0.000998764,53972,6,432.310336
1780969408.594600,0.000994776,62792,8,504.973984
1780969408.595591,0.001000841,70230,11,561.367890
1780969408.596574,0.001008195,64240,8,509.742659
1780969408.597646,0.000990697,53972,6,435.830531
1780969408.598600,0.001003094,53972,6,430.444206
1780969408.599654,0.000998526,70164,10,562.140595
1780969408.600620,0.001003534,58448,8,465.937377
1780969408.601604,0.001003528,65688,8,523.656540
1780969408.602675,0.000992232,56868,6,458.505672
1780969408.603623,0.000999912,62792,8,502.380209
1780969408.604629,0.001005456,65820,10,523.702678
1780969408.605712,0.000994007,68584,8,551.980016
1780969408.606622,0.001000824,53972,6,431.420510
1780969408.607660,0.001000589,65556,6,524.139282
1780969408.608663,0.001000582,55354,5,442.574422
1780969408.609633,0.001009366,70164,10,556.103534
1780969408.610684,0.000998619,65688,8,526.230725
1780969408.611642,0.000997684,61278,7,491.361994
1780969408.612631,0.000993173,56868,6,458.071252
1780969408.613621,0.001003262,71678,11,571.559573
1780969408.614602,0.000995884,59830,7,480.618225
1780969408.615600,0.001002301,64174,7,512.213397
1780969408.616602,0.001011793,64240,8,507.929982
1780969408.617758,0.000997409,65952,12,528.986604
1780969408.618634,0.000995629,51142,7,410.932185
1780969408.619602,0.000992154,71546,9,576.894313
1780969408.620592,0.001009732,58382,7,462.554420
1780969408.621567,0.000991196,52656,8,424.989609
1780969408.622662,0.001003848,73060,10,582.239542
1780969408.623610,0.001003333,53972,6,430.341671
1780969408.624700,0.000998357,77338,9,619.722204
1780969408.625632,0.000994764,70164,10,564.266499
1780969408.626617,0.000999646,62858,9,503.042077
1780969408.627607,0.001007762,59830,7,474.953412
1780969408.628587,0.000994234,71414,7,574.625289
1780969408.629629,0.000999161,62858,9,503.286257
1780969408.630617,0.001005505,58448,8,465.024043
1780969408.631593,0.000993158,61278,7,493.601220
1780969408.632573,0.001002564,65622,7,523.633404
1780969408.633592,0.000999839,62660,6,501.360719
1780969408.634603,0.001006491,55420,6,440.500710
1780969408.635588,0.000994178,61410,9,494.156982
1780969408.636592,0.000997080,65622,7,526.513419
1780969408.637585,0.001002312,67070,7,535.322335
1780969408.638613,0.001011148,54038,7,427.537809
1780969408.639614,0.000994205,65820,10,529.629201
1780969408.640610,0.001004685,62792,8,499.993530
1780969408.641610,0.000998001,65622,7,526.027529
1780969408.642594,0.000989648,56868,6,459.702844
1780969408.643603,0.001003669,59896,8,477.416359
1780969408.644639,0.001001463,70164,10,560.492000
1780969408.645631,0.000995426,65688,8,527.918700
1780969408.646613,0.001003014,62990,11,502.405749
1780969408.647727,0.001001140,62858,9,502.291388
1780969408.648737,0.001003858,62792,8,500.405436
1780969408.649740,0.001002902,62726,7,500.355967
1780969408.650794,0.000988918,62792,8,507.965271
1780969408.651722,0.001001550,65754,9,525.217912
1780969408.652632,0.001005591,68584,8,545.621431
1780969408.653613,0.000993254,52524,6,423.045867
1780969408.654621,0.001008328,55618,9,441.269111
1780969408.655600,0.000990381,67268,10,543.370683
1780969408.656600,0.001003460,62792,8,500.603910
1780969408.657789,0.000996602,59830,7,480.271964
1780969408.658605,0.001002103,67004,6,534.907090
1780969408.659609,0.001011359,57000,8,450.878471
1780969408.660628,0.000996509,65754,9,527.874811
1780969408.661592,0.001001876,57000,8,455.146146
1780969408.662611,0.000997015,62792,8,503.839962
1780969408.663601,0.000991102,61476,10,496.223396
1780969408.664587,0.000999887,64240,8,513.978080
1780969408.665600,0.000999900,65688,8,525.556556
1780969408.666670,0.001009744,65622,7,519.909997
1780969408.667587,0.000990590,62660,6,506.041854
1780969408.668570,0.001007856,51076,6,405.422997
1780969408.669574,0.001005182,71612,10,569.942558
1780969408.670592,0.000996374,64240,8,515.790255
1780969408.671665,0.000991007,62660,6,505.828919
1780969408.672678,0.001011146,54104,8,428.060834
1780969408.673661,0.000996792,68782,11,552.026902
1780969408.674659,0.000994922,65754,9,528.716824
1780969408.675632,0.001008777,61344,8,486.482146
1780969408.676675,0.000988198,58316,6,472.099721
1780969408.677639,0.000999748,71414,7,571.456007
1780969408.678686,0.001008428,46666,5,370.207888
1780969408.679609,0.000992062,68650,9,553.594433
1780969408.680715,0.001001075,61278,7,489.697575
1780969408.681686,0.001002490,56868,6,453.814003
1780969408.682615,0.001008907,65556,6,519.817981
1780969408.683579,0.000987495,56868,6,460.705117
1780969408.684569,0.001005063,70098,9,557.959053
1780969408.685610,0.001007293,65688,8,521.699247
1780969408.686700,0.000991491,56868,6,458.848341
1780969408.687628,0.001001796,67202,9,536.652173
1780969408.688602,0.000997266,64306,9,515.858357
1780969408.689575,0.001006581,67136,8,533.576533
1780969408.690609,0.000990243,56868,6,459.426626
1780969408.691603,0.001000157,62660,6,501.201311
1780969408.692606,0.001009593,53972,6,427.673330
1780969408.693579,0.000989981,65688,8,530.822309
1780969408.694601,0.001010924,61344,8,485.448956
1780969408.695609,0.000989103,64174,7,519.048067
1780969408.696595,0.000999958,64108,6,512.885541
1780969408.697602,0.001012586,62858,9,496.613621
1780969408.698576,0.000992773,56934,7,458.787658
1780969408.699575,0.001006030,68584,8,545.383338
1780969408.700559,0.000989307,62726,7,507.231830
1780969408.701725,0.001000152,59896,8,479.095178
1780969408.702639,0.001001937,68716,10,548.665235
1780969408.703622,0.001001042,53972,6,431.326558
1780969408.704581,0.000996252,65622,7,526.951012
1780969408.705560,0.001000013,59896,8,479.161771
1780969408.706642,0.001001874,59896,8,478.271719
1780969408.707628,0.001006377,61344,8,487.642305
1780969408.708584,0.000991783,67070,7,541.005442
1780969408.709609,0.001007020,65556,6,520.792040
1780969408.710618,0.001000416,56868,6,454.754822
1780969408.711612,0.001003291,68716,10,547.924780
1780969408.712607,0.000997286,59896,8,480.472001
1780969408.713611,0.001003048,64174,7,511.831936
1780969408.714614,0.000990608,53906,5,435.336682
1780969408.715598,0.000999669,62726,7,501.974153
1780969408.716597,0.000998462,68716,10,550.574784
1780969408.717608,0.001013082,64240,8,507.283714
1780969408.718649,0.001002426,62726,7,500.593560
1780969408.719598,0.000986702,58316,6,472.815501
1780969408.720587,0.001010068,62858,9,497.851630
1780969408.721600,0.000991331,70164,10,566.220566
1780969408.722626,0.001008240,55420,6,439.736571
1780969408.723618,0.000989534,62660,6,506.581886
1780969408.724666,0.001004639,62660,6,498.965300
1780969408.725575,0.001001030,61212,6,489.192132
1780969408.726620,0.000996775,67202,9,539.355421
1780969408.727611,0.000996852,64306,9,516.072597
1780969408.728590,0.001007044,62726,7,498.297989
1780969408.729630,0.000992588,56868,6,458.341225
1780969408.730594,0.001005334,73060,10,581.378925
1780969408.731616,0.001009027,64306,9,509.845624
1780969408.732568,0.000985638,53972,6,438.067526
1780969408.733594,0.001012748,68518,7,541.244219
1780969408.734618,0.000988299,64108,6,518.936071
1780969408.735568,0.000999017,52656,8,421.662494
1780969408.736596,0.001001483,64240,8,513.158985
1780969408.737608,0.001000567,59830,7,478.368765
1780969408.738660,0.001003993,56868,6,453.134633
1780969408.739611,0.000995292,62660,6,503.651190
1780969408.740602,0.001008106,53972,6,428.304166
1780969408.741585,0.000995136,72994,9,586.806225
1780969408.742614,0.001006314,64240,8,510.695469
1780969408.743583,0.000989960,53972,6,436.154996
1780969408.744581,0.000999522,67202,9,537.873103
1780969408.745583,0.001002084,62792,8,501.291309
1780969408.746604,0.000997387,62726,7,503.122660
1780969408.747617,0.001014712,72928,8,574.965113
1780969408.748587,0.000995728,57132,10,459.016920
1780969408.749592,0.000989505,58514,9,473.076943
1780969408.750601,0.001003256,64174,7,511.725821
1780969408.751610,0.001010298,30606,3,242.352256
1780969408.752596,0.000986297,91818,9,744.749300
1780969408.753577,0.001001361,67268,10,537.412581
1780969408.754594,0.001003328,59896,8,477.578618
1780969408.755600,0.000999272,59830,7,478.988704
1780969408.756614,0.001008828,56868,6,450.962900
1780969408.757593,0.000998381,68716,10,550.619453
1780969408.758609,0.000990306,61344,8,495.555919
1780969408.759589,0.001005268,59896,8,476.656971
1780969408.760609,0.000993353,71678,11,577.261054
1780969408.761604,0.001002497,67070,7,535.223547
1780969408.762716,0.001007795,55354,5,439.406824
1780969408.763638,0.000989677,58514,9,472.994725
1780969408.764610,0.001012161,78918,11,623.758473
1780969408.765598,0.000990497,59830,7,483.232155
1780969408.766597,0.001000000,56802,5,454.416000
1780969408.767616,0.000997225,60028,10,481.560330
1780969408.768606,0.001001676,73192,12,584.556284
1780969408.769617,0.001009695,64240,8,508.985387
1780969408.770592,0.000994657,53906,5,433.564535
1780969408.771583,0.000996247,62792,8,504.228369
1780969408.772612,0.001003954,74508,10,593.716445
1780969408.773610,0.000999118,62726,7,502.250985
1780969408.774606,0.001000825,59698,5,477.190318
1780969408.775606,0.001001998,63056,12,503.442123
1780969408.776601,0.001006877,62858,9,499.429424
1780969408.777575,0.000988483,67136,8,543.345713
1780969408.778630,0.001010358,55354,5,438.292170
1780969408.779568,0.000991165,60094,11,485.037305
1780969408.780614,0.001001655,72994,9,582.987156
1780969408.781585,0.001006023,61212,6,486.764219
1780969408.782606,0.000994415,65556,6,527.393493
1780969408.783677,0.000994577,60028,10,482.842455
1780969408.784616,0.000999938,68650,9,549.234053
1780969408.785628,0.001001388,59830,7,477.976569
1780969408.786622,0.000997926,61278,7,491.242838
1780969408.787603,0.000999471,62660,6,501.545317
1780969408.788597,0.000999820,58250,5,466.083895
1780969408.789623,0.001013328,73060,10,576.792509
1780969408.790668,0.000988063,58382,7,472.698603
1780969408.791633,0.001005694,64174,7,510.485297
1780969408.792605,0.000992843,64108,6,516.561027
1780969408.793626,0.001010650,49628,6,392.840251
1780969408.794622,0.000995948,62792,8,504.379747
1780969408.795599,0.000993845,52458,5,422.263029
1780969408.796580,0.001004985,70098,9,558.002358
1780969408.797574,0.000994241,68782,11,553.443280
1780969408.798618,0.001013143,62858,9,496.340596
1780969408.799652,0.000990787,61212,6,494.249521
1780969408.800595,0.001009209,60028,10,475.841971
1780969408.801575,0.001000518,60028,10,479.975373
1780969408.802633,0.001001958,59830,7,477.704654
1780969408.803597,0.000984957,61278,7,497.711068
1780969408.804596,0.001000027,55486,7,443.876015
1780969408.805581,0.001000377,74508,10,595.839369
1780969408.806601,0.001000191,61344,8,490.658284
1780969408.807647,0.000999588,69900,6,559.430485
1780969408.808734,0.001011144,41072,8,324.954705
1780969408.809708,0.000989673,84908,14,686.351957
1780969408.810717,0.000999217,62792,8,502.729637
1780969408.811647,0.001005302,59830,7,476.115635
1780969408.812598,0.001002648,58316,6,465.295896
1780969408.813588,0.000992457,61476,10,495.545903
1780969408.814627,0.001009092,68650,9,544.251664
1780969408.815609,0.000993160,56868,6,458.077248
1780969408.816600,0.000997071,65622,7,526.518172
1780969408.817580,0.001001615,55486,7,443.172277
1780969408.818601,0.001007839,62858,9,498.952710
1780969408.819601,0.000991436,65622,7,529.510730
1780969408.820600,0.001001983,52458,5,418.833453
1780969408.821584,0.001001570,53972,6,431.099174
1780969408.822615,0.001004689,67004,6,533.530277
1780969408.823611,0.001001124,70164,10,560.681794
1780969408.824580,0.000989439,58382,7,472.041227
1780969408.825610,0.001007800,67070,7,532.407224
1780969408.826650,0.000995306,51142,7,411.065542
1780969408.827613,0.000997849,73126,11,586.269065
1780969408.828619,0.000999516,65688,8,525.758467
1780969408.829641,0.001000238,68584,8,548.541447
1780969408.830775,0.001005898,46930,9,373.238639
1780969408.831604,0.001001095,67202,9,537.027954
1780969408.832751,0.000992709,68518,7,552.169871
1780969408.833638,0.000999627,61146,5,489.350528
1780969408.834644,0.001006179,64438,11,512.338262
1780969408.835575,0.001004360,133088,9,1060.082042
1780969408.836614,0.000989410,58382,7,472.055063
1780969408.837586,0.001002990,65622,7,523.411001
1780969408.838613,0.001009415,61410,9,486.697741
1780969408.839600,0.000994145,68584,8,551.903394
1780969408.840599,0.000995337,65556,6,526.904958
1780969408.841580,0.000998027,51076,6,409.415777
1780969408.842605,0.001000356,71744,12,573.747746
1780969408.843603,0.001012223,65688,8,519.158328
1780969408.844579,0.000988608,52458,5,424.499903
1780969408.845567,0.000998794,76022,11,608.910346
1780969408.846610,0.001000118,59896,8,479.111465
1780969408.847614,0.001007726,65622,7,520.951132
1780969408.848591,0.000992430,61212,6,493.431275
1780969408.849678,0.001001432,60160,12,480.591793
1780969408.850674,0.000999529,71612,10,573.165961
1780969408.851617,0.001001838,57000,8,455.163410
1780969408.852595,0.001007852,65820,10,522.457662
1780969408.853570,0.000995665,66032,12,530.555960
1780969408.854608,0.001000669,67136,8,536.728928
1780969408.855576,0.000992817,58316,6,469.903316
1780969408.856608,0.001004886,59830,7,476.312736
1780969408.857575,0.000995619,58316,6,468.580853
1780969408.858630,0.001005599,59962,9,477.025136
1780969408.859587,0.000997582,67136,8,538.389827
1780969408.860588,0.001005567,69900,6,556.104168
1780969408.861591,0.000991167,51274,9,413.847515
1780969408.862617,0.001003513,68650,9,547.277414
1780969408.863604,0.001004611,65622,7,522.566446
1780969408.864601,0.000998393,62660,6,502.086854
1780969408.865565,0.000994071,59764,6,480.963633
1780969408.866604,0.001001889,65556,6,523.459186
1780969408.867582,0.000997138,61410,9,492.690079
1780969408.868649,0.001004615,65742,9,523.519955
1780969408.869618,0.000996329,65556,6,526.380342
1780969408.870597,0.001001357,51142,7,408.581555
1780969408.871589,0.000999294,76192,12,609.966636
1780969408.872596,0.001002338,62726,7,500.637510
1780969408.873579,0.000999017,62726,7,502.301763
1780969408.874594,0.000997244,49826,9,399.709600
1780969408.875612,0.001010406,65754,9,520.614486
1780969408.876573,0.000989125,71480,8,578.127133
1780969408.877578,0.001001306,55552,8,443.836350
1780969408.878615,0.000999024,68716,10,550.265059
1780969408.879668,0.001008868,61212,6,485.391548
1780969408.880645,0.000996700,68452,6,549.429116
1780969408.881593,0.000998972,65886,11,527.630404
1780969408.882813,0.000999015,64174,7,513.898190
1780969408.883697,0.001003447,55420,6,441.836988
1780969408.884648,0.000995530,62726,7,504.061153
1780969408.885608,0.000998105,65886,11,528.088728
1780969408.886764,0.000999260,65688,8,525.893161
1780969408.887652,0.001000523,61278,7,489.967747
1780969408.888623,0.001000119,67268,10,538.079968
1780969408.889622,0.001007026,67136,8,533.340748
1780969408.890669,0.000993738,67070,7,539.941111
1780969408.891667,0.001006909,49562,5,393.775406
1780969408.892635,0.001003014,71810,13,572.753720
1780969408.893863,0.000988697,62858,9,508.612851
1780969408.894628,0.001007766,65622,7,520.930454
1780969408.895584,0.000999630,56934,7,455.640587
1780969408.896595,0.000994134,71744,12,577.338669
1780969408.897580,0.000999084,62726,7,502.268078
1780969408.898598,0.001000102,62726,7,501.756821
1780969408.899580,0.001002905,62726,7,500.354470
1780969408.900576,0.000996456,55486,7,445.466734
1780969408.901622,0.000999961,70098,9,560.805871
1780969408.902606,0.001001522,67070,7,535.744597
1780969408.903610,0.000998721,62726,7,502.450634
1780969408.904624,0.001010665,54236,10,429.309415
1780969408.905657,0.000996639,67202,9,539.429021
1780969408.906587,0.000992488,62792,8,506.138109
1780969408.907637,0.001011801,54104,8,427.783724
1780969408.908581,0.000992936,70230,11,565.837073
1780969408.909706,0.001000188,64174,7,513.295500
1780969408.910589,0.000996003,56868,6,456.769709
1780969408.911605,0.001001977,61476,10,490.837614
1780969408.912594,0.001009050,68584,8,543.751053
1780969408.913582,0.000998796,61278,7,490.814941
1780969408.914631,0.001004105,64174,7,511.293142
1780969408.915590,0.000995811,55486,7,445.755269
1780969408.916612,0.000990155,68716,10,555.193884
1780969408.917573,0.001010734,56934,7,450.634885
1780969408.918630,0.000988515,72862,7,589.668341
1780969408.919578,0.001004093,55354,5,441.026877
1780969408.920559,0.000995957,58316,6,468.421829
1780969408.921602,0.001006906,71612,10,568.966716
1780969408.922610,0.000999417,134458,9,1076.291478
1780969408.923582,0.000998347,59764,6,478.903628
1780969408.924567,0.001002759,73192,12,583.924951
1780969408.925603,0.000997086,61344,8,492.186231
1780969408.926619,0.000996058,53972,6,433.484797
1780969408.927659,0.000999613,71678,11,573.646001
1780969408.928629,0.001000706,62858,9,502.509228
1780969408.929644,0.001012587,59830,7,472.690248
1780969408.930612,0.000986985,64174,7,520.161907
1780969408.931597,0.000999590,59896,8,479.364539
1780969408.932589,0.001006010,68716,10,546.443872
1780969408.933621,0.001007869,62726,7,497.890103
1780969408.934598,0.000987459,65622,7,531.643339
1780969408.935616,0.001011607,62660,6,495.528402
1780969408.936685,0.000993004,55420,6,446.483599
1780969408.937665,0.000995935,64306,9,516.547767
1780969408.938660,0.001005192,64306,9,511.790782
1780969408.939613,0.001006486,65622,7,521.592948
1780969408.940593,0.000990353,56934,7,459.908740
1780969408.941602,0.000998702,65820,10,527.244363
1780969408.942622,0.000997224,67202,9,539.112577
1780969408.943630,0.001014446,54038,7,426.147868
1780969408.944642,0.000996737,68518,7,549.938449
1780969408.945590,0.000990139,68782,11,555.736114
1780969408.946624,0.001000460,64240,8,513.683705
1780969408.947627,0.001001866,55420,6,442.534231
1780969408.948586,0.000996597,73126,11,587.005580
1780969408.949620,0.001008139,61410,9,487.313753
1780969408.950616,0.000999586,65688,8,525.721649
1780969408.951594,0.000996044,65688,8,527.591151
1780969408.952579,0.000995870,62660,6,503.358872
1780969408.953670,0.001016256,55420,6,436.268027
1780969408.954667,0.000983943,62858,9,511.070255
1780969408.955686,0.001006193,65754,9,522.794335
1780969408.956642,0.000998172,59764,6,478.987589
1780969408.957583,0.001009226,62660,6,496.697469
1780969408.958578,0.000987352,65556,6,531.166190
1780969408.959601,0.001000872,59962,9,479.278070
1780969408.960595,0.000998789,65754,9,526.669797
1780969408.961578,0.000999538,58382,7,467.271880
1780969408.962625,0.001008529,68518,7,543.508417
1780969408.963603,0.000994164,62660,6,504.222643
1780969408.964600,0.001000992,49628,6,396.630543
1780969408.965579,0.000996747,65688,8,527.219044
1780969408.966604,0.001006376,64240,8,510.664006
1780969408.967627,0.001000375,56868,6,454.773460
1780969408.968592,0.001000769,74574,11,596.133573
1780969408.969571,0.000993256,71678,11,577.317429
1780969408.970637,0.001009587,64306,9,509.562821
1780969408.971585,0.000990662,62726,7,506.538052
1780969408.972575,0.000998454,54038,7,432.973377
1780969408.973609,0.001005165,70296,12,559.478295
1780969408.974620,0.000995098,67202,9,540.264376
1780969408.975601,0.001000126,53972,6,431.721603
1780969408.976588,0.001008998,71480,8,566.740469
1780969408.977587,0.000994067,52590,7,423.231030
1780969408.978598,0.001003504,76022,11,606.052392
1780969408.979606,0.000994144,54038,7,434.850484
1780969408.980587,0.001000185,72994,9,583.843989
1780969408.981594,0.000999858,59764,6,478.179902
1780969408.982608,0.000999259,58250,5,466.345562
1780969408.983646,0.001000494,58448,8,467.353128
1780969408.984632,0.000999508,64306,9,514.701233
1780969408.985678,0.001007232,59896,8,475.727538
1780969408.986736,0.000996476,59764,6,479.802825
1780969408.987609,0.001010390,62924,10,498.215541
1780969408.988576,0.000996691,65754,9,527.778419
1780969408.989559,0.000989091,56934,7,460.495546
1780969408.990607,0.001005103,65688,8,522.835968
1780969408.991619,0.001006166,68914,13,547.933442
1780969408.992598,0.000989689,62858,9,508.103051
1780969408.993618,0.001007679,58382,7,463.496808
1780969408.994604,0.000991264,62726,7,506.230429
1780969408.995629,0.001004990,62660,6,498.791033
1780969408.996586,0.000995906,53972,6,433.550958
1780969408.997583,0.000999058,78852,10,631.410789
1780969408.998698,0.001012143,55486,7,438.562535
1780969408.999671,0.000997252,62726,7,503.190768
1780969409.000572,0.000991282,59896,8,483.382125
1780969409.001642,0.000999925,68782,11,550.297272
1780969409.002866,0.000999364,59950,9,479.905220
1780969409.003596,0.001011861,59830,7,473.029398
1780969409.004598,0.000989186,65754,9,531.782698
1780969409.005596,0.000999265,65886,11,527.475695
1780969409.006668,0.001000080,61344,8,490.712743
1780969409.007601,0.001000899,65622,7,524.504470
1780969409.008599,0.001001737,62726,7,500.937871
1780969409.009672,0.000998000,51076,6,409.426854
1780969409.010624,0.000999263,68716,10,550.133448
1780969409.011583,0.001005820,61344,8,487.912350
1780969409.012597,0.001002385,72928,8,582.035845
1780969409.013557,0.000991432,56934,7,459.408210
1780969409.014602,0.000999874,64306,9,514.512829
1780969409.015602,0.001002001,59830,7,477.684154
1780969409.016608,0.001001289,65622,7,524.300177
1780969409.017561,0.000996616,58382,7,468.641884
1780969409.018604,0.001006327,68914,13,547.845780
1780969409.019578,0.000994936,61410,9,493.780504
1780969409.020628,0.001004500,62792,8,500.085615
1780969409.021601,0.000997391,64174,7,514.734943
1780969409.022616,0.001003699,52458,5,418.117384
1780969409.023651,0.000993521,65556,6,527.868057
1780969409.024607,0.001000488,68716,10,549.459864
1780969409.025563,0.000998947,55486,7,444.355907
1780969409.026609,0.000999950,64174,7,513.417671
1780969409.027638,0.001001115,65556,6,523.863892
1780969409.028593,0.001009069,51208,8,405.982148
1780969409.029620,0.001001273,81748,10,653.152537
1780969409.030590,0.000989123,62726,7,507.326187
1780969409.031585,0.000999786,58316,6,466.627858
1780969409.032575,0.001000592,65820,10,526.248461
1780969409.033600,0.000999671,56934,7,455.621900
1780969409.034574,0.001003240,61278,7,488.640804
1780969409.035605,0.001000710,64108,6,512.500125
1780969409.036592,0.000995451,65556,6,526.844616
1780969409.037622,0.001009383,62858,9,498.189488
1780969409.038621,0.000999601,64306,9,514.653347
1780969409.039618,0.000991212,56934,7,459.510175
1780969409.040630,0.001013963,62858,9,495.939201
1780969409.041620,0.000998912,67268,10,538.730138
1780969409.042616,0.000987103,59896,8,485.428572
1780969409.043607,0.001009983,65622,7,519.786967
1780969409.044592,0.000992871,53906,5,434.344442
1780969409.045619,0.000997249,58316,6,467.814959
1780969409.046649,0.001010124,64372,10,509.814637
1780969409.047635,0.000990160,62858,9,507.861356
1780969409.048642,0.001012228,62726,7,495.746018
1780969409.049604,0.000998147,67334,11,539.672012
1780969409.050618,0.000996277,59896,8,480.958609
1780969409.051592,0.001007051,61278,7,486.791632
1780969409.052628,0.000999219,68518,7,548.572435
1780969409.053582,0.000990744,59962,9,484.177547
1780969409.054618,0.001004508,64306,9,512.139276
1780969409.055589,0.000991697,59830,7,482.647422
1780969409.056594,0.001004435,65622,7,522.658012
1780969409.057604,0.001004026,59896,8,477.246605
1780969409.058627,0.001000942,62792,8,501.863245
1780969409.059612,0.000996324,62660,6,503.129504
1780969409.060696,0.000997407,64108,6,514.197314
1780969409.061658,0.000997024,52788,10,423.564528
1780969409.062668,0.001010799,77404,10,612.616356
1780969409.063585,0.001001183,65622,7,524.355687
1780969409.064621,0.001001165,59698,5,477.028262
1780969409.065600,0.000995763,55750,11,447.897743
1780969409.066588,0.000991166,74508,10,601.376561
1780969409.067590,0.001010996,52524,6,415.621822
1780969409.068615,0.000989449,72862,7,589.111718
1780969409.069578,0.000998867,45152,4,361.625722
1780969409.070670,0.001010697,72928,8,577.249166
1780969409.071645,0.000989610,67202,9,543.260476
1780969409.072677,0.001000616,62792,8,502.026752
1780969409.073657,0.001000750,59764,6,477.753685
1780969409.074633,0.001013331,70362,13,555.490753
1780969409.075670,0.000986688,61344,8,497.373030
1780969409.076635,0.001004444,61344,8,488.580747
1780969409.077660,0.001001129,71414,7,570.667716
1780969409.078655,0.000993067,54038,7,435.322088
1780969409.079666,0.001000476,68650,9,548.938705
1780969409.080580,0.000999684,61278,7,490.378960
1780969409.081614,0.001005521,58250,5,463.441340
1780969409.082656,0.000999881,62990,11,503.979974
1780969409.083622,0.001004306,74640,12,594.559825
1780969409.084607,0.000991102,56934,7,459.561175
1780969409.085603,0.000999271,69900,6,559.607954
1780969409.086620,0.001014609,51274,9,404.285789
1780969409.087662,0.000991332,74574,11,601.808476
1780969409.088605,0.001001235,61212,6,489.091971
1780969409.089644,0.000994286,61212,6,492.510203
1780969409.090639,0.000999323,71348,6,571.170683
1780969409.091616,0.001008443,55552,8,440.695210
1780969409.092580,0.000990706,62792,8,507.048509
1780969409.093577,0.000999667,65688,8,525.679051
1780969409.094609,0.001002368,61410,9,490.119397
1780969409.095620,0.001006821,76022,11,604.055736
1780969409.096628,0.001001966,62726,7,500.823381
1780969409.097605,0.000992275,48048,4,387.376483
1780969409.098617,0.001001006,67202,9,537.075702
1780969409.099606,0.000995706,68650,9,551.568435
1780969409.100562,0.001000096,65688,8,525.453556
1780969409.101561,0.000999783,67136,8,537.204573
1780969409.102603,0.001006784,51076,6,405.854682
1780969409.103586,0.001001300,75956,10,606.859083
1780969409.104596,0.000992361,61344,8,494.529712
1780969409.105641,0.001012127,59830,7,472.905080
1780969409.106606,0.000996239,67400,12,541.235587
1780969409.107613,0.000992269,61344,8,494.575564
1780969409.108591,0.001002840,59764,6,476.758007
1780969409.109574,0.001007652,71414,7,566.973519
1780969409.110613,0.000996991,58448,8,468.995207
1780969409.111614,0.001005445,65754,9,523.183267
1780969409.112599,0.000987232,58316,6,472.561667
1780969409.113571,0.001003560,67004,6,534.130495
1780969409.114634,0.001004046,65952,12,525.489868
1780969409.115676,0.000997030,65754,9,527.598969
1780969409.116684,0.001004558,67070,7,534.125456
1780969409.117610,0.000990371,48114,5,388.654353
1780969409.118645,0.000999824,74574,11,596.697019
1780969409.119597,0.000999913,62858,9,502.907753
1780969409.120592,0.000999658,68452,6,547.803349
1780969409.121623,0.001007925,54236,10,430.476474
1780969409.122582,0.000992272,71612,10,577.357821
1780969409.123600,0.001000061,62726,7,501.777392
1780969409.124609,0.000999910,58382,7,467.098039
1780969409.125609,0.001011818,67400,12,532.902162
1780969409.126609,0.000999496,57000,8,456.229940
1780969409.127564,0.000989574,64174,7,518.801019
1780969409.128593,0.001006682,62660,6,497.952680
1780969409.129588,0.000992522,54302,11,437.689039
1780969409.130629,0.001003681,77470,11,617.487030
1780969409.131666,0.000996165,64108,6,514.838405
1780969409.132653,0.001008682,56868,6,451.028173
1780969409.133666,0.000993188,51208,8,412.473771
1780969409.134705,0.001000218,70230,11,561.717546
1780969409.135617,0.001005231,61278,7,487.672983
1780969409.136598,0.000992676,56802,5,457.768698
1780969409.137602,0.001006467,64372,10,511.667049
1780969409.138647,0.001006539,73060,10,580.682914
1780969409.139591,0.000991677,64108,6,517.168393
1780969409.140599,0.001001539,62660,6,500.509716
1780969409.141591,0.000994045,52722,9,424.302723
1780969409.142610,0.001015102,77536,12,611.059775
1780969409.143578,0.000984818,56934,7,462.493577
1780969409.144581,0.001002758,64108,6,511.453411
1780969409.145612,0.001000990,60028,10,479.749048
1780969409.146607,0.001003591,62792,8,500.538566
1780969409.147634,0.001002913,62660,6,499.824013
1780969409.148640,0.001002244,61212,6,488.599583
1780969409.149636,0.000987641,64504,12,522.489447
1780969409.150862,0.001007687,59896,8,475.512734
1780969409.151788,0.001003564,67070,7,534.654491
1780969409.152729,0.001000470,59698,5,477.359641
1780969409.153670,0.000988921,62990,11,509.565476
1780969409.154689,0.001000015,71678,11,573.415399
1780969409.155628,0.000998944,59830,7,479.145978
1780969409.156661,0.001011772,69900,6,552.693690
1780969409.157616,0.000989461,49760,8,402.320051
1780969409.158659,0.001005527,74640,12,593.837858
1780969409.159606,0.000993790,55486,7,446.661770
1780969409.160604,0.001009730,72928,8,577.801987
1780969409.161599,0.000990226,59764,6,482.831192
1780969409.162622,0.001009646,58382,7,462.593820
1780969409.163611,0.001004903,65754,9,523.465449
1780969409.164613,0.000992223,65754,9,530.155016
1780969409.165605,0.001002847,56934,7,454.178953
1780969409.166890,0.000989948,55552,8,448.928631
1780969409.167598,0.001000120,64372,10,514.914210
1780969409.168609,0.001005993,65688,8,522.373416
1780969409.169581,0.000993639,55420,6,446.198267
1780969409.170643,0.001009595,65622,7,519.986727
1780969409.171698,0.001004068,62924,10,501.352498
1780969409.172660,0.000989370,62792,8,507.733204
1780969409.173632,0.000998834,62726,7,502.393791
1780969409.174589,0.000998966,62990,11,504.441593
1780969409.175599,0.000999459,59962,9,479.955656
1780969409.176609,0.001000570,70098,9,560.464535
1780969409.177620,0.000999442,61278,7,490.497698
1780969409.178672,0.001015193,64372,10,507.269061
1780969409.179658,0.000987914,59962,9,485.564533
1780969409.180635,0.000996610,59896,8,480.797905
1780969409.181705,0.000999979,68518,7,548.155511
1780969409.182677,0.001011133,51142,7,404.631240
1780969409.183658,0.000992765,122886,12,990.252477
1780969409.184662,0.000997798,64240,8,515.054149
1780969409.185596,0.001005120,65688,8,522.827125
1780969409.186702,0.000997099,58316,6,467.885335
1780969409.187688,0.001001104,65556,6,523.869648
1780969409.188649,0.001006561,62858,9,499.586215
1780969409.189638,0.000989072,67136,8,543.022146
1780969409.190588,0.001011096,55420,6,438.494465
1780969409.191607,0.000989775,62726,7,506.991993
1780969409.192611,0.001012512,68782,11,543.456275
1780969409.193578,0.000986120,67202,9,545.183142
1780969409.194620,0.001011900,56868,6,449.593833
1780969409.195606,0.000996053,62660,6,503.266392
1780969409.196623,0.000997248,56934,7,456.728918
1780969409.197606,0.000998376,67268,10,539.019367
1780969409.198700,0.001005888,62792,8,499.395559
1780969409.199677,0.001006342,62726,7,498.645590
1780969409.200757,0.000984660,54038,7,439.038856
1780969409.201573,0.001001853,71612,10,571.836387
1780969409.202591,0.000997480,62726,7,503.075751
1780969409.203617,0.001006504,64240,8,510.599064
1780969409.204597,0.001004470,68782,11,547.807301
1780969409.205598,0.000991716,55552,8,448.128295
1780969409.206632,0.001002059,68584,8,547.544606
1780969409.207584,0.001003400,56868,6,453.402432
1780969409.208606,0.001003691,74574,11,594.398077
1780969409.209596,0.000988783,62858,9,508.568614
1780969409.210614,0.001008514,56934,7,451.626849
1780969409.211607,0.000998820,67070,7,537.193889
1780969409.212580,0.000994239,51142,7,411.506690
1780969409.213570,0.001007901,67202,9,533.401594
1780969409.214604,0.000989764,61344,8,495.827288
1780969409.215628,0.001014552,65622,7,517.446124
1780969409.216563,0.000986027,59830,7,485.422813
1780969409.217569,0.001005469,64306,9,511.649787
1780969409.218601,0.000994109,57000,8,458.702215
1780969409.219682,0.001006304,56868,6,452.093999
1780969409.220654,0.001000295,62660,6,501.132166
1780969409.221642,0.001000345,65556,6,524.267128
1780969409.222626,0.000993305,59830,7,481.866093
1780969409.223598,0.001004395,65754,9,523.730206
1780969409.224608,0.000996354,56868,6,456.608796
1780969409.225678,0.001000689,68518,7,547.766589
1780969409.226585,0.001000696,58382,7,466.731155
1780969409.227634,0.000997851,62792,8,503.417845
1780969409.228648,0.001013347,65688,8,518.582480
1780969409.229688,0.001000126,65688,8,525.437795
1780969409.230588,0.000996209,51010,5,409.632918
1780969409.231633,0.000990476,62792,8,507.166251
1780969409.232629,0.001010697,67268,10,532.448399
1780969409.233588,0.000989534,61278,7,495.408950
1780969409.234736,0.001006172,62726,7,498.729839
1780969409.235627,0.000999119,65688,8,525.967377
1780969409.236603,0.000995160,61410,9,493.669360
1780969409.237605,0.001007679,67136,8,532.995130
1780969409.238663,0.000993996,64174,7,516.493024
1780969409.239643,0.000999390,53906,5,431.511222
1780969409.240649,0.001010120,67004,6,530.661704
1780969409.241617,0.000989260,67202,9,543.452682
1780969409.242598,0.000998329,62792,8,503.176808
1780969409.243642,0.001000636,64174,7,513.065690
1780969409.244693,0.001000737,55354,5,442.505873
1780969409.245593,0.000999242,68716,10,550.145010
1780969409.246590,0.000999913,62858,9,502.907753
1780969409.247612,0.001008088,71546,9,567.775829
1780969409.248631,0.001001845,53972,6,430.980840
1780969409.249575,0.000989796,64372,10,520.284988
1780969409.250615,0.001000007,62858,9,502.860480
1780969409.251622,0.001010204,67136,8,531.662912
1780969409.252605,0.000993577,51076,6,411.249455
1780969409.253611,0.001000334,65622,7,524.800717
1780969409.254714,0.000999270,65556,6,524.831127
1780969409.255641,0.001000215,61344,8,490.646511
1780969409.256613,0.001006018,65688,8,522.360435
1780969409.257747,0.000996204,59764,6,479.933829
1780969409.258638,0.001009569,61344,8,486.100504
1780969409.259669,0.000986262,68848,12,558.456069
1780969409.260606,0.001006285,62858,9,499.723239
1780969409.261601,0.001004782,59830,7,476.362037
1780969409.262631,0.000988312,67070,7,542.905479
1780969409.263595,0.000998849,56934,7,455.996852
1780969409.264598,0.001008015,67202,9,533.341270
1780969409.265627,0.000993455,64306,9,517.837245
1780969409.266691,0.001009658,56868,6,450.592181
1780969409.267636,0.000990460,62726,7,506.641359
1780969409.268589,0.001009236,62858,9,498.262052
1780969409.269571,0.001000321,64306,9,514.282915
1780969409.270602,0.000992427,64240,8,517.841615
1780969409.271587,0.000998097,56934,7,456.340416
1780969409.272594,0.000998326,58580,10,469.425819
1780969409.273585,0.001012505,67334,11,532.019101
1780969409.274620,0.000987831,59830,7,484.536323
1780969409.275628,0.001009000,65688,8,520.816650
1780969409.276602,0.001001674,53906,5,430.527297
1780969409.277645,0.000997715,59830,7,479.736197
1780969409.278612,0.000991818,73126,11,589.834022
1780969409.279605,0.001008744,64240,8,509.465236
1780969409.280614,0.000993196,59764,6,481.387360
1780969409.281566,0.000998537,58514,9,468.797851
1780969409.282670,0.000999883,65886,11,527.149677
1780969409.283607,0.001001535,61344,8,489.999850
1780969409.284608,0.000998490,64174,7,514.168394
1780969409.285626,0.000999011,61212,6,490.180789
1780969409.286608,0.001007335,65556,6,520.629185
1780969409.287611,0.001004753,61410,9,488.955992
1780969409.288612,0.000996780,67202,9,539.352716
1780969409.289579,0.001006812,64240,8,510.442863
1780969409.290596,0.000984966,56868,6,461.888025
1780969409.291578,0.001000655,62792,8,502.007185
1780969409.292579,0.000999218,70164,10,561.751290
1780969409.293606,0.001011745,67202,9,531.375001
1780969409.294589,0.000993354,53972,6,434.664782
1780969409.295604,0.000999924,62660,6,501.318100
1780969409.296597,0.000995565,65556,6,526.784288
1780969409.297580,0.000999567,55552,8,444.608515
1780969409.298673,0.001008081,70164,10,556.812399
1780969409.299582,0.000995220,62792,8,504.748699
1780969409.300580,0.000996261,55618,9,446.613889
1780969409.301593,0.001012773,74574,11,589.067837
1780969409.302599,0.000998624,56934,7,456.099593
1780969409.303600,0.000989443,61278,7,495.454513
1780969409.304684,0.001003495,65622,7,523.147599
1780969409.305591,0.001006620,62660,6,497.983350
1780969409.306615,0.000992211,62858,9,506.811555
1780969409.307641,0.001001075,67136,8,536.511250
1780969409.308615,0.001002142,56868,6,453.971593
1780969409.309802,0.000996304,59962,9,481.475534
1780969409.310710,0.001005848,68848,12,547.581742
1780969409.311646,0.000993420,65820,10,530.047714
1780969409.312662,0.001002706,58382,7,465.795557
1780969409.313652,0.000996617,65622,7,526.758022
1780969409.314598,0.000999619,59896,8,479.350633
1780969409.315578,0.000999298,67202,9,537.993672
1780969409.316695,0.000999780,62792,8,502.446538
1780969409.317597,0.001000316,65622,7,524.810160
1780969409.318741,0.001000083,56868,6,454.906243
1780969409.319624,0.001000919,64372,10,514.503172
1780969409.320673,0.001004518,62858,9,500.602279
1780969409.321603,0.001004172,64240,8,511.784834
1780969409.322610,0.000999898,65556,6,524.501499
1780969409.323628,0.000990279,51010,5,412.085887
1780969409.324610,0.001003944,68650,9,547.042465
1780969409.325605,0.001009445,61278,7,485.637157
1780969409.326614,0.000991761,56868,6,458.723422
1780969409.327595,0.000997588,69966,7,561.081328
1780969409.328706,0.001008836,58250,5,461.918488
1780969409.329879,0.000990498,45350,7,366.280396
1780969409.330640,0.000999134,75956,10,608.174679
1780969409.331625,0.001000029,58382,7,467.042456
1780969409.332596,0.000999747,56868,6,455.059130
1780969409.333727,0.001005710,65556,6,521.470404
1780969409.334623,0.001000350,59896,8,479.000350
1780969409.335773,0.001004602,65754,9,523.622290
1780969409.337831,0.000989089,58382,7,472.208264
1780969409.338184,0.000999712,65622,7,525.127237
1780969409.338786,0.001005109,67268,10,535.408597
1780969409.339608,0.000995706,65754,9,528.300522
1780969409.340968,0.000999773,58382,7,467.162046
1780969409.341594,0.001001434,62660,6,500.562194
1780969409.342725,0.001011335,53906,5,426.414591
1780969409.343640,0.000997891,62726,7,502.868550
1780969409.344669,0.000990473,70098,9,566.177978
1780969409.345606,0.001000532,64240,8,513.646740
1780969409.347361,0.001000151,64174,7,513.314490
1780969409.348009,0.001008951,62660,6,496.832849
1780969409.348923,0.001002862,61410,9,489.877969
1780969409.349653,0.001001138,59896,8,478.623327
1780969409.350636,0.000995943,53972,6,433.534851
1780969409.351640,0.000988400,59764,6,483.723189
1780969409.352738,0.001004477,56868,6,452.916294
1780969409.353724,0.000995492,78918,11,634.202987
1780969409.354709,0.001005638,64386,9,512.200215
1780969409.355590,0.001005735,61278,7,487.428597
1780969409.356598,0.000989015,59764,6,483.422395
1780969409.357580,0.001008076,64108,6,508.755292
1780969409.358603,0.000992721,64306,9,518.220124
1780969409.359633,0.000999672,57000,8,456.149617
1780969409.360592,0.001005271,68650,9,546.320345
1780969409.361565,0.000993608,59764,6,481.187752
1780969409.362712,0.001004080,57132,10,455.198789
1780969409.363608,0.001000247,74574,11,596.444678
1780969409.364606,0.000999646,61344,8,490.925788
1780969409.365591,0.001008576,62726,7,497.541088
1780969409.366597,0.000987711,62726,7,508.051444
1780969409.367604,0.001007582,65754,9,522.073638
1780969409.368601,0.000995450,55486,7,445.916922
1780969409.369614,0.000999583,54026,7,432.388306
1780969409.370775,0.000998888,56934,7,455.979049
1780969409.371611,0.001001853,62924,10,502.460940
1780969409.372610,0.001009620,70268,10,556.787702
1780969409.373606,0.000994215,55420,6,445.939762
1780969409.374595,0.000992269,62726,7,505.717704
1780969409.375614,0.001013059,70098,9,553.555124
1780969409.376633,0.000992022,58448,8,471.344386
1780969409.377578,0.001001086,64240,8,513.362488
1780969409.378605,0.000997577,59764,6,479.273279
1780969409.379616,0.001005672,55354,5,440.334423
1780969409.380641,0.000990800,74574,11,602.131611
1780969409.381632,0.001001536,61344,8,489.999361
1780969409.382622,0.000998518,58382,7,467.749204
1780969409.383607,0.001014664,68518,7,540.222182
1780969409.384577,0.000985201,53906,5,437.725906
1780969409.385581,0.001000799,72994,9,583.485795
1780969409.386611,0.001011070,62792,8,496.836025
1780969409.387681,0.000989477,61278,7,495.437489
1780969409.388632,0.001000815,65556,6,524.020923
1780969409.389625,0.001005331,56802,5,452.006354
1780969409.390591,0.000994360,71612,10,576.145460
1780969409.391608,0.001008803,56934,7,451.497468
1780969409.392576,0.000999714,67070,7,536.713500
1780969409.393564,0.000994131,62726,7,504.770498
1780969409.394620,0.001000661,55354,5,442.539481
1780969409.395585,0.001001024,62858,9,502.349594
1780969409.396602,0.000993726,70098,9,564.324572
1780969409.397588,0.000999984,55420,6,443.367094
1780969409.398584,0.001001336,62660,6,500.611183
1780969409.399617,0.001008726,62660,6,496.943670
1780969409.400575,0.000990609,68584,8,553.873425
1780969409.401606,0.001001571,64306,9,513.641070
1780969409.402588,0.000998111,59830,7,479.545862
1780969409.403630,0.001010141,61212,6,484.779848
1780969409.404602,0.000992854,58514,9,471.481205
1780969409.405604,0.000998422,73060,10,585.403767
1780969409.406590,0.000998811,62726,7,502.405360
1780969409.407599,0.001000909,64174,7,512.925750
1780969409.408590,0.001006644,70362,13,559.180803
1780969409.409617,0.001003810,62924,10,501.481356
1780969409.410656,0.000988307,59830,7,484.302954
1780969409.411610,0.001001961,68518,7,547.071193
1780969409.412627,0.001000079,58580,10,468.602980
1780969409.413599,0.001010793,73126,11,578.761428
1780969409.414634,0.000987529,61278,7,496.414789
1780969409.415593,0.000999844,55420,6,443.429175
1780969409.416603,0.001009377,65556,6,519.575936
1780969409.417624,0.000994153,61212,6,492.576092
1780969409.418646,0.001010999,62858,9,497.393172
1780969409.419589,0.000985339,73060,10,593.176562
1780969409.420599,0.001006746,56868,6,451.895513
1780969409.421608,0.000995642,62660,6,503.474140
1780969409.422620,0.001011443,59764,6,472.702861
1780969409.423669,0.000986800,61410,9,497.851642
1780969409.424690,0.001009608,67136,8,531.976767
1780969409.425666,0.000990444,64240,8,518.878402
1780969409.426646,0.001006214,62660,6,498.184283
1780969409.427615,0.000992828,55354,5,446.030934
1780969409.428570,0.000999934,72994,9,583.990543
1780969409.429608,0.001006637,62792,8,499.023978
1780969409.430615,0.000999687,59884,8,479.221996
1780969409.431598,0.001001292,52656,8,420.704450
1780969409.432606,0.000995446,71744,12,576.577735
1780969409.433613,0.001011136,65754,9,520.238623
1780969409.434613,0.001000592,62726,7,501.511105
1780969409.435605,0.000993888,53972,6,434.431244
1780969409.436593,0.000991271,65754,9,530.664168
1780969409.437580,0.001000214,67202,9,537.500975
1780969409.438603,0.001001817,56934,7,454.645908
1780969409.439603,0.000999972,62726,7,501.822051
1780969409.440602,0.001003923,61278,7,488.308366
1780969409.441586,0.001001954,70230,11,560.744306
1780969409.442595,0.000995566,58382,7,469.136150
1780969409.443612,0.001007294,64240,8,510.198611
1780969409.444582,0.000990471,62660,6,506.102652
1780969409.445631,0.000999514,58580,10,468.867870
1780969409.446609,0.001012182,74574,11,589.411786
1780969409.447640,0.001000703,55420,6,443.048537
1780969409.448586,0.000988009,62660,6,507.363799
1780969409.449654,0.001006110,55486,7,441.192315
1780969409.450606,0.000992859,60028,10,483.677944
1780969409.451583,0.001000345,71546,9,572.170601
1780969409.452573,0.001013176,67070,7,529.582225
1780969409.453565,0.000992303,65556,6,528.515988
1780969409.454603,0.001005420,57000,8,453.541803
1780969409.455599,0.001000698,67136,8,536.713374
1780969409.456579,0.000988807,59764,6,483.524085
1780969409.457580,0.000999851,59764,6,478.183249
1780969409.458594,0.001000505,56934,7,455.242103
1780969409.459571,0.001004059,67202,9,535.442638
1780969409.460595,0.001007373,62726,7,498.135249
1780969409.461571,0.000994600,67070,7,539.473155
1780969409.462610,0.000999219,53972,6,432.113481
1780969409.463601,0.001008009,71678,11,568.867937
1780969409.464596,0.000994472,62792,8,505.128350
1780969409.465591,0.000990986,61212,6,494.150271
1780969409.466623,0.001014247,56802,5,448.032876
1780969409.467589,0.000990032,62792,8,507.393700
1780969409.468599,0.001000420,70098,9,560.548570
1780969409.469582,0.000995571,65688,8,527.841811
1780969409.470590,0.001000723,59764,6,477.766575
1780969409.471596,0.001000491,52788,10,422.096750
1780969409.472595,0.001004689,78918,11,628.397444
1780969409.473561,0.000993610,62792,8,505.566570
1780969409.474614,0.001000329,68584,8,548.491546
1780969409.475610,0.001007028,52722,9,418.832446
1780969409.476588,0.000999128,62858,9,503.302880
1780969409.477589,0.001001864,64240,8,512.963835
1780969409.478615,0.000991588,64174,7,517.747290
1780969409.479590,0.001005332,46864,8,372.923572
1780969409.480598,0.000994867,75956,10,610.783150
1780969409.481596,0.000999835,64174,7,513.476724
1780969409.482702,0.001010155,55486,7,439.425633
1780969409.483638,0.001004284,73060,10,581.986769
1780969409.484585,0.000986315,65622,7,532.259978
1780969409.485579,0.001003339,59830,7,477.047140
1780969409.486625,0.000997124,60094,11,482.138631
1780969409.487631,0.001004344,64240,8,511.697187
1780969409.488594,0.000994950,65556,6,527.109905
1780969409.489593,0.001011529,58448,8,462.254666
1780969409.490607,0.000990498,64438,11,520.449309
1780969409.491620,0.001006789,77404,10,615.056382
1780969409.492582,0.000991028,51076,6,412.307220
1780969409.493605,0.001003729,59764,6,476.335744
1780969409.494599,0.001007804,68848,12,546.518966
1780969409.495629,0.000993806,55486,7,446.654578
1780969409.496624,0.001002979,69966,7,558.065523
1780969409.497583,0.000992248,62726,7,505.728407
1780969409.498611,0.001009843,59698,5,472.928960
1780969409.499615,0.001002058,68716,10,548.598983
1780969409.500739,0.000987851,68584,8,555.419795
1780969409.501618,0.001011197,61212,6,484.273589
1780969409.502604,0.000990596,62660,6,506.038789
1780969409.503651,0.000999949,58448,8,467.607848
1780969409.504594,0.001011644,61410,9,485.625378
1780969409.505635,0.000986266,62660,6,508.260449
1780969409.506629,0.001000578,62792,8,502.045818
1780969409.507672,0.001004801,64372,10,512.515413
1780969409.508603,0.000994900,62726,7,504.380340
1780969409.509638,0.000998967,68518,7,548.710818
1780969409.510637,0.001004374,62660,6,499.096950
1780969409.511618,0.001003057,55288,4,440.955998
1780969409.512575,0.000994979,71612,10,575.787027
1780969409.513599,0.000998599,61344,8,491.440508
1780969409.514700,0.001003620,65688,8,523.608537
1780969409.515622,0.001005109,64108,6,510.257096
1780969409.516623,0.000992093,50944,4,410.800197
1780969409.517589,0.001003772,54038,7,430.679477
1780969409.518594,0.000995807,81814,11,657.267924
1780969409.519611,0.001012294,62726,7,495.713696
1780969409.520596,0.000986800,62726,7,508.520470
1780969409.521583,0.001000541,52458,5,419.437085
1780969409.522580,0.001001619,78984,12,630.850653
1780969409.523600,0.001004146,58316,6,464.601761
1780969409.524595,0.001008019,57066,9,452.896225
1780969409.525590,0.000994709,64372,10,517.715231
1780969409.526623,0.000993157,69966,7,563.584609
1780969409.527602,0.000997986,65556,6,525.506370
1780969409.528608,0.001000845,59764,6,477.708336
1780969409.529579,0.000998761,64306,9,515.086192
1780969409.530612,0.001001386,71480,8,571.048527
1780969409.531588,0.000999632,51208,8,409.814812
1780969409.532585,0.000999342,76022,11,608.576443
1780969409.533582,0.001004443,58382,7,464.990049
1780969409.534699,0.000995830,58316,6,468.481568
1780969409.535655,0.001009150,65754,9,521.262449
1780969409.536608,0.001003521,73060,10,582.429267
1780969409.537593,0.000987964,51076,6,413.585920
1780969409.538650,0.000999453,62660,6,501.554350
1780969409.539756,0.001005614,55354,5,440.359820
1780969409.540613,0.000993983,59764,6,481.006214
1780969409.541649,0.001010567,74508,10,589.831253
1780969409.542599,0.000992769,53972,6,434.920913
1780969409.543621,0.000997845,61212,6,490.753574
1780969409.544595,0.000998559,62990,11,504.647197
1780969409.545602,0.001005541,70098,9,557.693819
1780969409.546600,0.000995792,64174,7,515.561483
1780969409.547654,0.001011663,46600,4,368.502159
1780969409.548597,0.000989210,72862,7,589.254051
1780969409.549583,0.001002952,52458,5,418.428798
1780969409.550595,0.000997652,64306,9,515.658767
1780969409.551610,0.001000155,67202,9,537.532682
1780969409.552604,0.001002670,64174,7,512.024894
1780969409.553593,0.001002515,64174,7,512.104058
1780969409.554587,0.000992136,64372,10,519.057871
1780969409.555631,0.001000772,56934,7,455.120647
1780969409.556608,0.001010821,70032,8,554.258370
1780969409.557607,0.000989021,46864,8,379.073852
1780969409.558686,0.001003331,67268,10,536.357394
1780969409.559770,0.000997758,64174,7,514.545611
1780969409.560636,0.001010112,52656,8,417.030983
1780969409.561610,0.000993814,73192,12,589.180672
1780969409.562676,0.000995336,59896,8,481.413312
1780969409.563671,0.001002851,59830,7,477.279277
1780969409.564651,0.001009874,64306,9,509.418007
1780969409.565595,0.000987159,62924,10,509.940141
1780969409.566696,0.001000678,61344,8,490.419496
1780969409.567660,0.001011407,67136,8,531.030535
1780969409.568611,0.000996635,56802,5,455.950273
1780969409.569648,0.001004688,57000,8,453.872247
1780969409.570617,0.000987819,71678,11,580.495010
1780969409.571625,0.000998346,64240,8,514.771432
1780969409.572607,0.001012539,65622,7,518.474844
1780969409.573633,0.001000087,62660,6,501.236392
1780969409.574619,0.000987069,46666,5,378.218747
1780969409.575603,0.000999939,74574,11,596.628394
1780969409.576679,0.001000764,54038,7,431.973972
1780969409.577704,0.001005308,62726,7,499.158467
1780969409.582180,0.001002116,65886,11,525.975037
1780969409.582243,0.001004389,64372,10,512.725647
1780969409.582261,0.000992448,68650,9,553.379119
1780969409.582277,0.001003084,59830,7,477.168413
1780969409.582623,0.001003001,62660,6,499.780160
1780969409.583620,0.001003334,59896,8,477.575762
1780969409.584639,0.000995399,62858,9,505.188372
1780969409.585655,0.000997713,67136,8,538.319136
1780969409.586638,0.001000760,62726,7,501.426916
1780969409.587595,0.001003822,56934,7,453.737814
1780969409.588665,0.000998689,64306,9,515.123327
1780969409.589616,0.000992579,59896,8,482.750491
1780969409.590715,0.001009339,65622,7,520.118612
1780969409.591629,0.000993212,64240,8,517.432331
1780969409.592638,0.001001283,65952,12,526.939936
1780969409.593575,0.000992373,58448,8,471.177672
1780969409.594680,0.001001119,65688,8,524.916618
1780969409.595597,0.001006594,62660,6,497.996213
1780969409.596620,0.000993292,61476,10,495.129328
1780969409.597760,0.001000394,65820,10,526.352617
1780969409.598705,0.001006785,62792,8,498.950620
1780969409.599616,0.001003773,62726,7,499.921795
1780969409.600582,0.001000718,61476,10,491.455135
1780969409.601609,0.000996165,65952,12,529.647197
1780969409.602764,0.000997217,57000,8,457.272590
1780969409.603623,0.000997744,59830,7,479.722253
1780969409.604623,0.001004551,65556,6,522.072050
1780969409.605611,0.001003919,65820,10,524.504467
1780969409.606594,0.000990536,57000,8,460.356817
1780969409.607717,0.001008631,59830,7,474.544209
1780969409.608662,0.001003118,65622,7,523.344213
1780969409.609591,0.000990384,65886,11,532.205690
1780969409.610609,0.001004873,65754,9,523.481077
1780969409.611645,0.001001460,55486,7,443.240868
1780969409.612696,0.000999438,53972,6,432.018795
1780969409.613642,0.000989616,56802,5,459.184168
1780969409.614623,0.001000468,58448,8,467.365273
1780969409.615613,0.001004929,73060,10,581.613228
1780969409.616644,0.001008463,62726,7,497.596838
1780969409.617607,0.000995666,64174,7,515.626726
1780969409.618627,0.000991276,57000,8,460.013155
1780969409.619724,0.001002156,70164,10,560.104415
1780969409.620641,0.000997636,64306,9,515.667037
1780969409.621614,0.001006618,53906,5,428.412764
1780969409.622601,0.000998632,74310,7,595.294363
1780969409.623650,0.000994160,49562,5,398.825139
1780969409.624589,0.001005739,70230,11,558.633999
1780969409.625584,0.001003024,59830,7,477.196956
1780969409.626604,0.000994906,71480,8,574.767868
1780969409.627602,0.001000472,53906,5,431.044547
1780969409.628621,0.001003061,67004,6,534.396213
1780969409.629654,0.000992667,62858,9,506.578742
1780969409.630625,0.001000313,62792,8,502.178818
1780969409.631603,0.001001068,58382,7,466.557716
1780969409.632604,0.001005170,61476,10,489.278431
1780969409.633590,0.000993632,49760,8,400.631220
1780969409.634570,0.000999700,74508,10,596.242873
1780969409.635591,0.001004542,65688,8,523.127953
1780969409.636606,0.001009583,59764,6,473.573743
1780969409.637708,0.000996130,74640,12,599.439832
1780969409.638628,0.000992919,52524,6,423.188598
1780969409.639605,0.001005189,65622,7,522.265962
1780969409.640601,0.001001527,62660,6,500.515713
1780969409.641601,0.001000807,52524,6,419.853178
1780969409.642574,0.000990641,71612,10,578.308388
1780969409.643666,0.001011794,55486,7,438.713809
1780969409.644616,0.000989814,61278,7,495.268808
1780969409.645600,0.001001950,73258,13,584.923399
1780969409.646709,0.000999802,57000,8,456.090306
1780969409.647774,0.001010601,62792,8,497.066597
1780969409.648662,0.000985756,65820,10,534.168699
1780969409.649705,0.001008337,67202,9,533.170954
1780969409.650643,0.000990888,53972,6,435.746522
1780969409.651609,0.001000988,59764,6,477.640092
1780969409.652602,0.001007985,64174,7,509.325040
1780969409.653619,0.000995537,71612,10,575.464297
1780969409.654615,0.000996513,64240,8,515.718310
1780969409.655684,0.001008900,52524,6,416.485281
1780969409.656636,0.000991133,65622,7,529.672607
1780969409.657598,0.001006555,64372,10,511.622316
1780969409.658614,0.001004322,71546,9,569.904871
1780969409.659645,0.000993802,59830,7,481.625112
1780969409.660595,0.001002195,58316,6,465.506214
1780969409.661613,0.001003393,58382,7,465.476638
1780969409.662608,0.000988696,68650,9,555.479136
1780969409.663584,0.001000530,62792,8,502.069903
1780969409.664583,0.001005029,56934,7,453.192893
1780969409.665571,0.000994205,59896,8,481.960964
1780969409.666635,0.001013394,64306,9,507.648555
1780969409.667830,0.000994009,56934,7,458.217179
1780969409.668670,0.000994480,75824,8,609.958974
1780969409.669608,0.000998149,53972,6,432.576699
1780969409.670651,0.001013366,68782,11,542.998285
1780969409.671699,0.000989451,64240,8,519.399142
1780969409.672724,0.001006013,64174,7,510.323425
1780969409.673654,0.000992069,53972,6,435.227792
1780969409.674595,0.000999513,67202,9,537.877947
1780969409.675607,0.000999744,59896,8,479.290698
1780969409.676586,0.000999847,68584,8,548.755960
1780969409.677654,0.001000761,55420,6,443.022860
1780969409.678665,0.001007460,65556,6,520.564588
1780969409.679586,0.000991956,58448,8,471.375747
1780969409.680606,0.001000977,70164,10,560.764133
1780969409.681688,0.000999904,59830,7,478.685954
1780969409.682733,0.001009915,64174,7,508.351693
1780969409.683656,0.000991639,59896,8,483.208103
1780969409.684661,0.001007811,62858,9,498.966572
1780969409.685626,0.000998777,67136,8,537.745663
1780969409.686664,0.000993988,62726,7,504.843117
1780969409.687595,0.001002066,59830,7,477.653169
1780969409.688622,0.000995938,64306,9,516.546211
1780969409.689683,0.001000672,67202,9,537.254965
1780969409.690607,0.000998430,55420,6,444.057170
1780969409.691660,0.000999898,62792,8,502.387243
1780969409.692633,0.001010979,74706,13,591.157680
1780969409.693635,0.001001175,55486,7,443.367044
1780969409.694591,0.000994443,62726,7,504.612130
1780969409.695667,0.000999573,62660,6,501.494138
1780969409.696638,0.000994989,59764,6,480.519885
1780969409.697631,0.000998437,62858,9,503.651207
1780969409.698605,0.001007435,62792,8,498.628696
1780969409.699654,0.000994457,56868,6,457.479811
1780969409.700598,0.000998515,68518,7,548.959204
1780969409.701576,0.001000458,53972,6,431.578337
1780969409.702602,0.001006931,73060,10,580.456854
1780969409.703636,0.001001412,56934,7,454.829780
1780969409.704629,0.000992030,68518,7,552.547806
1780969409.705598,0.001000109,56934,7,455.422359
1780969409.706637,0.000999036,71612,10,573.448805
1780969409.707601,0.000999716,61344,8,490.891413
1780969409.708612,0.001012173,62726,7,495.772956
1780969409.709572,0.000990443,56802,5,458.800759
1780969409.710637,0.000997352,56868,6,456.151890
1780969409.711595,0.001007110,76022,11,603.882396
1780969409.712635,0.001002925,59896,8,477.770521
1780969409.713566,0.000990756,64240,8,518.715001
1780969409.714606,0.001011082,56868,6,449.957570
1780969409.715622,0.001000394,77272,8,617.932535
1780969409.716591,0.001001529,54170,9,432.698404
1780969409.717580,0.000987723,64306,9,520.842382
1780969409.718622,0.001009854,53972,6,427.562796
1780969409.719610,0.000989320,65622,7,530.643270
1780969409.720619,0.001013250,70296,12,555.014064
1780969409.721583,0.000987180,55552,8,450.187403
1780969409.722614,0.001003430,62792,8,500.618877
1780969409.723633,0.000995502,62726,7,504.075331
1780969409.724580,0.001012951,64240,8,507.349319
1780969409.725584,0.000987030,64306,9,521.208069
1780969409.726630,0.001003055,68650,9,547.527304
1780969409.727588,0.000998391,61278,7,491.014042
1780969409.728587,0.001003275,56868,6,453.458922
1780969409.729588,0.001002512,68716,10,548.350543
1780969409.730635,0.001003553,62858,9,501.083650
1780969409.731674,0.000993939,62726,7,504.868005
1780969409.732602,0.000995489,65622,7,527.354898
1780969409.733588,0.001009655,65754,9,521.001728
1780969409.734603,0.000990532,58448,8,472.053402
1780969409.735566,0.001000290,67070,7,536.404443
1780969409.736592,0.001003838,54104,8,431.177142
1780969409.737582,0.001000414,71744,12,573.714482
1780969409.738620,0.000998987,61344,8,491.249636
1780969409.739617,0.001004760,59830,7,476.372467
1780969409.740611,0.001003630,62726,7,499.993025
1780969409.741595,0.000994657,65688,8,528.326850
1780969409.742608,0.000993155,71612,10,576.844501
1780969409.743614,0.001012378,65688,8,519.078842
1780969409.744607,0.000996892,52524,6,421.502028
1780969409.745580,0.000992016,65622,7,529.201142
1780969409.746612,0.000999249,62858,9,503.241935
1780969409.747574,0.001008895,70098,9,555.839805
1780969409.748579,0.000990477,55420,6,447.622711
1780969409.749599,0.001004668,62660,6,498.950897
1780969409.750600,0.000995679,56868,6,456.918344
1780969409.751601,0.001006204,70098,9,557.326347
1780969409.752584,0.001000827,64174,7,512.967776
1780969409.753583,0.000993037,59896,8,482.527841
1780969409.754589,0.001000017,67334,11,538.662843
1780969409.755606,0.001002803,62726,7,500.405364
1780969409.756617,0.001007946,68518,7,543.822784
1780969409.757591,0.000992134,52722,9,425.119994
1780969409.758628,0.001006560,73192,12,581.719917
1780969409.759620,0.000998693,62792,8,502.993412
1780969409.760583,0.000991820,59764,6,482.055212
1780969409.761559,0.000999638,67070,7,536.754305
1780969409.762603,0.001000227,59764,6,478.003493
1780969409.763646,0.001006699,68782,11,546.594364
1780969409.764591,0.000995726,59896,8,481.224755
1780969409.765634,0.001000507,59830,7,478.397452
1780969409.766614,0.000997705,67070,7,537.794238
1780969409.767581,0.000999707,62660,6,501.426918
1780969409.768589,0.001008649,52524,6,416.588922
1780969409.769578,0.000991123,68716,10,554.651643
1780969409.770608,0.001006861,64240,8,510.418022
1780969409.771610,0.000993737,65622,7,528.284647
1780969409.772581,0.000999556,52458,5,419.850414
1780969409.773595,0.001000231,75890,9,606.979788
1780969409.774638,0.000999445,59962,9,479.962379
1780969409.775709,0.001000556,55486,7,443.641335
1780969409.776680,0.001000648,51010,5,407.815735
1780969409.777742,0.001003740,68452,6,545.575547
1780969409.778636,0.001001803,68716,10,548.738624
1780969409.779615,0.000999255,58382,7,467.404216
1780969409.780601,0.000998588,58316,6,467.187669
1780969409.781565,0.000999884,62660,6,501.338155
1780969409.782601,0.000996186,65556,6,526.455903
1780969409.783600,0.001000243,56934,7,455.361347
1780969409.784585,0.000999165,67268,10,538.593726
1780969409.785562,0.000999708,68584,8,548.832259
1780969409.786595,0.001006386,55420,6,440.546669
1780969409.787622,0.001007462,64240,8,510.113533
1780969409.788724,0.000999230,65820,10,526.965764
1780969409.789625,0.000997962,67136,8,538.184821
1780969409.790674,0.000993217,55420,6,446.387849
1780969409.791628,0.001008297,65688,8,521.179771
1780969409.792601,0.000987900,65820,10,533.009414
1780969409.793607,0.001011145,54038,7,427.539077
1780969409.794591,0.000988615,52524,6,425.030978
1780969409.795593,0.001005213,59896,8,476.683051
1780969409.796581,0.000994305,62924,10,506.275237
1780969409.797615,0.001000187,62792,8,502.242081
1780969409.798598,0.001005393,62726,7,499.116266
1780969409.799583,0.000995330,62726,7,504.162439
1780969409.800644,0.001003219,59896,8,477.630507
1780969409.801612,0.000996214,65820,10,528.561132
1780969409.802600,0.000999816,59830,7,478.728086
1780969409.803598,0.001013567,67268,10,530.940727
1780969409.804597,0.000988401,64306,9,520.485107
1780969409.805567,0.000999177,58382,7,467.440704
1780969409.806609,0.001006262,70032,8,556.769509
1780969409.807584,0.000992940,58316,6,469.845106
1780969409.808595,0.000999808,55552,8,444.501344
1780969409.809577,0.001000827,68650,9,548.746187
1780969409.810610,0.001012666,65688,8,518.931217
1780969409.811616,0.000997428,62726,7,503.101978
1780969409.812615,0.001003124,61410,9,489.750021
1780969409.813578,0.000986666,59830,7,485.108436
1780969409.814613,0.001013585,65622,7,517.939788
1780969409.815619,0.000993059,62726,7,505.315394
1780969409.816583,0.000996081,64306,9,516.472054
1780969409.817594,0.001014944,58382,7,460.179084
1780969409.818613,0.000988881,64108,6,518.630654
1780969409.819584,0.001000665,53972,6,431.489060
1780969409.820585,0.000999140,71744,12,574.446024
1780969409.821578,0.000993260,62726,7,505.213137
1780969409.822612,0.001010833,62660,6,495.907830
1780969409.823578,0.000989315,62726,7,507.227728
1780969409.824610,0.001012954,65754,9,519.304924
1780969409.825607,0.000990318,61344,8,495.549914
1780969409.826640,0.001009445,64108,6,508.065323
1780969409.827584,0.000997162,65754,9,527.529128
1780969409.828598,0.001004039,70098,9,558.528105
1780969409.829573,0.000995797,55420,6,445.231307
1780969409.830667,0.000996253,72928,8,585.618312
1780969409.831685,0.000995110,53906,5,433.367165
1780969409.832650,0.000999003,65820,10,527.085504
1780969409.833660,0.001008971,70236,10,556.892121
1780969409.834616,0.000997342,58382,7,468.300743
1780969409.835625,0.000995541,62660,6,503.525219
1780969409.836607,0.001000922,65820,10,526.074959
1780969409.837567,0.000998796,67136,8,537.735433
1780969409.838608,0.001001528,55420,6,442.683579
1780969409.839600,0.000999385,74640,12,597.487455
1780969409.840592,0.001009606,62726,7,497.033496
1780969409.841584,0.000991660,64108,6,517.177258
1780969409.842602,0.001001242,51142,7,408.628483
1780969409.843585,0.001000911,73126,11,584.475543
1780969409.844602,0.001000437,65622,7,524.746686
1780969409.845563,0.000995550,62660,6,503.520667
1780969409.846592,0.001004574,74376,8,592.298825
1780969409.847595,0.001005582,55552,8,441.949040
1780969409.848629,0.000992452,62726,7,505.624453
1780969409.849589,0.000998174,53906,5,432.036899
1780969409.850615,0.001002377,67070,7,535.287621
1780969409.851615,0.000999864,68782,11,550.330845
1780969409.852613,0.001001406,59830,7,477.967977
1780969409.853611,0.000994522,69966,7,562.811079
1780969409.854648,0.001002219,62660,6,500.170122
1780969409.855609,0.001001727,60028,10,479.396083
1780969409.856601,0.001001394,64240,8,513.204593
1780969409.857576,0.000993564,67070,7,540.035670
1780969409.858667,0.001004247,59764,6,476.090046
1780969409.859650,0.000998818,65820,10,527.183130
1780969409.860641,0.000998819,65622,7,525.596730
1780969409.861634,0.000997563,65556,6,525.729202
1780969409.862586,0.001000654,58580,10,468.333710
1780969409.863592,0.001004359,68716,10,547.342136
1780969409.864606,0.000998030,62792,8,503.327555
1780969409.865584,0.001002278,61212,6,488.583008
1780969409.866617,0.001006370,71348,6,567.171120
1780969409.867598,0.000999780,55552,8,444.513793
1780969409.868586,0.000997868,64240,8,515.018018
1780969409.869571,0.000990755,65556,6,529.341765
1780969409.870612,0.001005496,56934,7,452.982409
1780969409.871634,0.000994647,70296,12,565.394557
1780969409.872649,0.001000959,62726,7,501.327227
1780969409.873599,0.001000471,62726,7,501.571760
1780969409.874621,0.001009231,62872,8,498.375496
1780969409.875730,0.001002338,52524,6,419.211883
1780969409.876686,0.000992429,77404,10,623.955971
1780969409.877796,0.001007995,58382,7,463.351505
1780969409.878596,0.000998755,59698,5,478.179333
1780969409.879620,0.000988205,61542,11,498.212415
1780969409.880643,0.001000608,64306,9,514.135406
1780969409.881623,0.000999175,72928,8,583.905722
1780969409.882901,0.001011211,64174,7,507.700173
1780969409.883711,0.000994862,55486,7,446.180475
1780969409.884590,0.000994163,68716,10,552.955602
1780969409.885685,0.001008354,61344,8,486.686223
1780969409.886726,0.000992677,58382,7,470.501482
1780969409.887639,0.001003157,56868,6,453.512262
1780969409.888708,0.000996604,67256,10,539.881437
1780969409.889701,0.001001166,71546,9,571.701396
1780969409.890600,0.001008884,56934,7,451.461219
1780969409.891609,0.000996374,64344,8,516.625283
1780969409.892586,0.000998748,56868,6,455.514304
1780969409.893594,0.000994006,73060,10,588.004499
1780969409.894635,0.001005527,65556,6,521.565309
1780969409.895659,0.000999376,62660,6,501.592994
1780969409.896610,0.000997092,58580,10,470.006780
1780969409.897656,0.000999458,67268,10,538.435832
1780969409.898706,0.000999696,62858,9,503.016917
1780969409.899657,0.001012136,58250,5,460.412435
1780969409.900618,0.000987261,63056,12,510.957082
1780969409.901609,0.000998897,67202,9,538.209645
1780969409.902737,0.001007409,64240,8,510.140370
1780969409.903688,0.000993867,59698,5,480.531097
1780969409.904638,0.001002866,68848,12,549.209964
1780969409.905589,0.001007749,67136,8,532.958108
1780969409.906607,0.000988541,58382,7,472.470034
1780969409.907595,0.001000277,61410,9,491.143953
1780969409.908604,0.001001780,61410,9,490.407075
1780969409.909600,0.000999956,70098,9,560.808676
1780969409.910640,0.001000924,61278,7,489.771451
1780969409.911621,0.001008950,58316,6,462.389613
1780969409.912613,0.000998222,59830,7,479.492538
1780969409.913598,0.000992485,73060,10,588.905626
1780969409.914589,0.000997455,58316,6,467.718343
1780969409.915609,0.001007402,68518,7,544.116450
1780969409.916604,0.001005641,61212,6,486.949120
1780969409.917606,0.000997429,58514,9,469.318618
1780969409.918616,0.000989732,65688,8,530.955855
1780969409.919606,0.001000649,52458,5,419.391815
1780969409.920602,0.001001811,80498,13,642.819853
1780969409.921618,0.000997864,58448,8,468.584897
1780969409.922621,0.001000642,62792,8,502.013707
1780969409.923630,0.000998670,62726,7,502.476293
1780969409.924562,0.001000384,55486,7,443.717612
1780969409.925655,0.001014289,70296,12,554.445528
1780969409.926646,0.000994364,64240,8,516.832870
1780969409.927584,0.000999560,64174,7,513.617992
1780969409.928576,0.000991967,61212,6,493.661584
1780969409.929569,0.001005320,68452,6,544.718100
1780969409.930669,0.000994328,52590,7,423.119936
1780969409.931607,0.000999970,58448,8,467.598028
1780969409.932610,0.001000094,61278,7,490.177923
1780969409.933608,0.000999752,58514,9,468.228121
1780969409.934638,0.001000621,76088,12,608.326229
1780969409.935642,0.001001102,56934,7,454.970622
1780969409.936625,0.001003657,68518,7,546.146741
1780969409.937596,0.001003172,57132,10,455.610803
1780969409.938626,0.001003970,65754,9,523.951911
1780969409.939570,0.000989335,61212,6,494.974907
1780969409.940580,0.001005589,67070,7,533.577833
1780969409.941590,0.000997049,50944,4,408.758246
1780969409.942615,0.001009779,77470,11,613.758060
1780969409.943681,0.000995890,56934,7,457.351716
1780969409.944584,0.000990704,65556,6,529.369014
1780969409.945600,0.001004671,57000,8,453.879927
1780969409.946588,0.000994324,70284,12,565.481674
1780969409.947567,0.001000840,53972,6,431.413613
1780969409.948617,0.000998918,71414,7,571.930829
1780969409.949609,0.001010370,54104,8,428.389600
1780969409.950680,0.000991650,75956,10,612.764584
1780969409.951638,0.000999417,56934,7,455.737695
1780969409.952624,0.001002324,65556,6,523.232009
1780969409.953591,0.001001886,62660,6,500.336366
1780969409.954609,0.001001250,55354,5,442.279151
1780969409.955615,0.001007125,73060,10,580.345042
1780969409.956583,0.000987315,54104,8,438.393015
1780969409.957659,0.001002830,70032,8,558.674950
1780969409.958668,0.000996597,52788,10,423.746008
1780969409.959641,0.001002323,73258,13,584.705729
1780969409.960612,0.001010040,61344,8,485.873827
1780969409.961632,0.000987297,58382,7,473.065349
1780969409.962693,0.001006598,64306,9,511.075921
1780969409.963622,0.000998530,61410,9,492.003245
1780969409.964592,0.000998014,67136,8,538.156779
1780969409.965582,0.001004947,55420,6,441.177495
1780969409.966691,0.000998982,67136,8,537.635313
1780969409.967662,0.000999967,57000,8,456.015048
1780969409.968664,0.000993400,72994,9,587.831689
1780969409.969600,0.001010481,56868,6,450.225190
1780969409.970684,0.000997324,53906,5,432.405116
1780969409.971631,0.000998563,52458,5,420.267925
1780969409.972646,0.001000368,67202,10,537.418230
1780969409.973610,0.000993619,56934,7,458.397031
1780969409.974646,0.000999834,68584,8,548.763095
1780969409.975653,0.001007407,62660,6,497.594319
1780969409.976645,0.001001983,62660,6,500.287929
1780969409.977642,0.000998029,62792,8,503.328060
1780969409.978668,0.000991855,58448,8,471.423746
1780969409.979580,0.001001774,62792,8,501.446434
1780969409.980594,0.001009632,65622,7,519.967671
1780969409.981602,0.001003146,59896,8,477.665265
1780969409.982697,0.000985420,67202,9,545.570417
1780969409.983607,0.001004954,61344,8,488.332799
1780969409.984618,0.000995855,61410,9,493.324831
1780969409.985608,0.000999294,68848,12,551.173128
1780969409.986602,0.001000264,55486,7,443.770844
1780969409.987619,0.001006655,65688,8,522.029891
1780969409.988594,0.001006036,68518,7,544.855254
1780969409.989606,0.000996053,53906,5,432.956881
1780969409.990613,0.000991263,48246,7,389.369925
1780969409.991620,0.001000624,80366,11,642.527063
1780969409.992609,0.001009839,55420,6,439.040283
1780969409.993568,0.000991349,73192,12,590.645676
1780969409.994601,0.000998509,65754,9,526.817485
1780969409.995641,0.001005769,64174,7,510.447230
1780969409.996629,0.001007758,61212,6,485.926185
1780969409.997600,0.000987555,58382,7,472.941760
1780969409.998608,0.001002850,71612,10,571.267887
1780969409.999635,0.000999872,56934,7,455.530308
1780969410.000604,0.001008965,69966,7,554.754625
1780969410.001587,0.000986382,61476,10,498.597906
1780969410.002584,0.001003870,64240,8,511.938797
1780969410.003609,0.000997320,54038,7,433.465688
1780969410.004703,0.001004071,68452,6,545.395694
1780969410.005597,0.001006118,67004,6,532.772498
1780969410.006597,0.000989117,56802,5,459.415822
1780969410.007612,0.000999801,65820,10,526.664806
1780969410.008608,0.001005943,64240,8,510.883817
1780969410.009608,0.001000470,131310,7,1049.986506
1780969410.010580,0.000997400,45350,7,363.745739
1780969410.011590,0.001002934,65886,11,525.546048
1780969410.012604,0.000993793,71546,9,575.942877
1780969410.013589,0.001006953,61278,7,486.839008
1780969410.014631,0.001002786,56868,6,453.680047
1780969410.015600,0.000996761,62792,8,503.968353
1780969410.016578,0.000992670,71612,10,577.126336
1780969410.017656,0.001011409,56868,6,449.812094
1780969410.018646,0.000997308,62660,6,502.633088
1780969410.019615,0.000994061,62660,6,504.274889
1780969410.020609,0.000997782,42256,4,338.799457
1780969410.021586,0.001007397,81748,10,649.182001
1780969410.022599,0.000999340,70164,10,561.682711
1780969410.023629,0.001000103,62726,7,501.756319
1780969410.024594,0.000993690,53906,5,433.986455
1780969410.025592,0.001006027,65754,9,522.880599
1780969410.026636,0.000993849,67334,11,542.005878
1780969410.027726,0.001001861,62726,7,500.875870
1780969410.028628,0.001010109,71480,8,566.117122
1780969410.029605,0.000995523,58316,6,468.626039
1780969410.030630,0.000993813,62660,6,504.400727
1780969410.031617,0.000998392,56868,6,455.676728
1780969410.032623,0.000999353,68650,9,549.555562
1780969410.033602,0.001004809,55420,6,441.238086
1780969410.034634,0.001004073,62660,6,499.246569
1780969410.035688,0.000996732,70362,13,564.741575
1780969410.036596,0.001000494,64240,8,513.666249
1780969410.037631,0.001002214,61278,7,489.141042
1780969410.038673,0.000995009,59896,8,481.571523
1780969410.039598,0.000998608,67400,12,539.951613
1780969410.040590,0.001002213,62792,8,501.226785
1780969410.041570,0.000995826,52458,5,421.423020
1780969410.042615,0.001000187,55486,7,443.805008
1780969410.043596,0.001006337,70296,12,558.826715
1780969410.044585,0.000995468,64240,8,516.259689
1780969410.045577,0.000997800,62726,7,502.914412
1780969410.046681,0.001011696,57000,8,450.728282
1780969410.047688,0.000990031,73126,11,590.898669
1780969410.048603,0.000999570,68650,9,549.436258
1780969410.049693,0.000999444,56934,7,455.725383
1780969410.050699,0.001002992,56934,7,454.113293
1780969410.051638,0.000999202,71612,10,573.353536
1780969410.052573,0.000997086,62858,9,504.333628
1780969410.053619,0.001004686,67136,8,534.582944
1780969410.054648,0.001001310,52722,9,421.224196
1780969410.055640,0.000994586,60028,10,482.838085
1780969410.056593,0.001009860,62792,8,497.431327
1780969410.057575,0.000995924,67136,8,539.286130
1780969410.058732,0.001001126,53906,5,430.762961
1780969410.059677,0.000998368,62792,8,503.157152
1780969410.060605,0.001007854,73060,10,579.925267
1780969410.061586,0.000988339,64108,6,518.915069
1780969410.062608,0.001005374,59764,6,475.556360
1780969410.063667,0.000993328,53972,6,434.676159
1780969410.064582,0.001010666,71612,10,566.849978
1780969410.065591,0.000991473,62726,7,506.123717
1780969410.066598,0.000998378,58316,6,467.285938
1780969410.067608,0.001000752,70230,11,561.417814
1780969410.068627,0.001007886,65622,7,520.868432
1780969410.069574,0.000993228,61278,7,493.566432
1780969410.070601,0.001006159,65622,7,521.762465
1780969410.071587,0.000994572,55354,5,445.248811
1780969410.072566,0.000997026,73126,11,586.753003
1780969410.073590,0.001006659,62726,7,498.488565
1780969410.074593,0.000997100,62726,7,503.267476
1780969410.075691,0.001002288,61410,9,490.158517
1780969410.076624,0.000999644,64240,8,514.103021
1780969410.077652,0.000994607,71546,9,575.471518
1780969410.078637,0.001001819,58448,8,466.735009
1780969410.079704,0.000997293,64438,11,516.903257
1780969410.080668,0.001006974,67136,8,533.368290
1780969410.081625,0.001000432,59764,6,477.905545
1780969410.082606,0.000996683,59830,7,480.232933
1780969410.083610,0.001008984,67268,10,533.352362
1780969410.084562,0.000989189,56868,6,459.916154
1780969410.085578,0.000997109,68452,6,549.203748
1780969410.086603,0.001002388,51208,8,408.688053
1780969410.087655,0.001006440,75956,10,603.759787
1780969410.088609,0.000992755,56868,6,458.264124
1780969410.089574,0.001006181,69966,7,556.289574
1780969410.090620,0.001003688,60028,10,478.459442
1780969410.091595,0.000989728,56934,7,460.199166
1780969410.092630,0.001004467,64108,6,510.583225
1780969410.093596,0.000995120,70296,12,565.125814
1780969410.094615,0.001000149,67268,10,538.063828
1780969410.095598,0.001005021,64108,6,510.301775
1780969410.096608,0.001007681,59764,6,474.467614
1780969410.097614,0.001000679,73324,14,586.193974
1780969410.098601,0.000998155,55486,7,444.708487
1780969410.099592,0.000988484,64306,9,520.441403
1780969410.100590,0.001010531,52656,8,416.858068
1780969410.101604,0.000996598,71678,11,575.381448
1780969410.102597,0.000999970,54038,7,432.316970
1780969410.103602,0.000996013,68584,8,550.868312
1780969410.104597,0.000998550,62660,6,502.007911
1780969410.105601,0.001011891,59896,8,473.537170
1780969410.106637,0.000995887,59962,9,481.677138
1780969410.107615,0.000995857,70098,9,563.116994
1780969410.108617,0.000995155,56868,6,457.158935
1780969410.109606,0.000999617,59962,9,479.879794
1780969410.110664,0.001006465,68848,12,547.246054
1780969410.111621,0.001005839,67202,9,534.495083
1780969410.112608,0.000988662,56934,7,460.695364
1780969410.113575,0.001008777,67070,7,531.891588
1780969410.114602,0.000996939,52458,5,420.952536
1780969410.115599,0.001007205,74508,10,591.800080
1780969410.116569,0.000986257,64306,9,521.616577
1780969410.117563,0.001002337,61278,7,489.081018
1780969410.118604,0.000997063,52458,5,420.900184
1780969410.119596,0.001011344,72862,7,576.357797
1780969410.120630,0.000991684,52524,6,423.715619
1780969410.121610,0.001011587,73126,11,578.307155
1780969410.122633,0.000993708,65688,8,528.831407
1780969410.123591,0.001004670,62726,7,499.475450
1780969410.124606,0.000992680,52458,5,422.758593
1780969410.125616,0.000997713,64174,7,514.568819
1780969410.126628,0.001001202,65754,9,525.400469
1780969410.127622,0.001004030,56868,6,453.117935
1780969410.128611,0.000994301,64372,10,517.927670
1780969410.129596,0.000998774,68716,10,550.402794
1780969410.130697,0.001002211,58448,8,466.552453
1780969410.131647,0.001002206,58448,8,466.554780
1780969410.132613,0.001006351,73258,13,582.365397
1780969410.133567,0.000987737,62858,9,509.107181
1780969410.134608,0.001000082,59830,7,478.600755
1780969410.135580,0.000999717,55420,6,443.485506
1780969410.136616,0.001009868,71414,7,565.729382
1780969410.137592,0.001001559,64372,10,514.174402
1780969410.138622,0.000998963,61344,8,491.261438
1780969410.139584,0.000993735,56934,7,458.343522
1780969410.140600,0.000998095,64240,8,514.900886
1780969410.141594,0.000998008,65886,11,528.140055
1780969410.142609,0.001000217,65820,10,526.445761
1780969410.143601,0.001000143,55486,7,443.824533
1780969410.144638,0.001009192,53972,6,427.843265
1780969410.145663,0.001001448,62660,6,500.555196
1780969410.146632,0.000989669,62924,10,508.646830
1780969410.147624,0.001003987,70098,9,558.557033
1780969410.148663,0.000996245,55420,6,445.031092
1780969410.149586,0.000998987,62726,7,502.316847
1780969410.150636,0.001003122,65754,9,524.394839
1780969410.151603,0.001007202,65754,9,522.270607
1780969410.152583,0.000989986,59830,7,483.481585
1780969410.153596,0.001000081,67070,7,536.516542
1780969410.154611,0.001000440,51208,8,409.483827
1780969410.155595,0.000998956,68650,9,549.773964
1780969410.156578,0.001001898,59830,7,477.733262
1780969410.157605,0.001009103,65622,7,520.240253
1780969410.158615,0.000995675,43902,7,352.741607
1780969410.159596,0.000993372,67202,9,541.203094
1780969410.160608,0.001009048,67202,9,532.795268
1780969410.161588,0.001003861,62660,6,499.352002
1780969410.162608,0.000992728,48378,9,389.859055
1780969410.163569,0.000995527,64240,8,516.229093
1780969410.164593,0.001010358,74376,8,588.908090
1780969410.165644,0.000993644,69966,7,563.308388
1780969410.166648,0.001002645,45284,6,361.316318
1780969410.167712,0.001005480,70164,10,558.252775
1780969410.168665,0.000988259,58382,7,472.604854
1780969410.169628,0.001008345,62726,7,497.655068
1780969410.170625,0.000991789,65622,7,529.322265
1780969410.171596,0.001003874,58382,7,465.253608
1780969410.172582,0.000994803,68650,9,552.069103
1780969410.173589,0.001002857,62660,6,499.851923
1780969410.174606,0.001008923,61212,6,485.365087
1780969410.175626,0.001002321,64504,12,514.837063
1780969410.176648,0.000989497,65688,8,531.081954
1780969410.177676,0.001002794,65556,6,522.986775
1780969410.178670,0.000994374,56868,6,457.517996
1780969410.179599,0.001012748,51274,9,405.028694
1780969410.180602,0.000986119,68782,11,558.001620
1780969410.181606,0.001014112,59830,7,471.979426
1780969410.182595,0.000991256,69966,7,564.665435
1780969410.183647,0.001000780,54170,9,433.022243
1780969410.184564,0.000995668,76088,12,611.352379
1780969410.185639,0.000998854,56934,7,455.994570
1780969410.186597,0.001006894,68452,6,543.866584
1780969410.187670,0.001005929,64504,12,512.990479
1780969410.188613,0.000994961,64240,8,516.522758
1780969410.189618,0.000992153,56868,6,458.542180
1780969410.190592,0.001005798,67070,7,533.466959
1780969410.191594,0.000994525,57198,11,460.103064
1780969410.192585,0.001003342,67268,10,536.351513
1780969410.193562,0.000996266,64108,6,514.786212
1780969410.194597,0.001008899,64306,9,509.910308
1780969410.195598,0.000990716,71678,11,578.797557
1780969410.196597,0.001000864,53972,6,431.403268
1780969410.197604,0.001009488,74376,8,589.415625
1780969410.198606,0.000997285,48114,5,385.959881
1780969410.199601,0.000995828,71810,13,576.886772
1780969410.200580,0.000996492,62726,7,503.574539
1780969410.201584,0.001005043,59830,7,476.238330
1780969410.202599,0.000998689,59764,6,478.739628
1780969410.203598,0.001008257,71810,13,569.775365
1780969410.204589,0.000988501,62726,7,507.645415
1780969410.205587,0.001010042,67070,7,531.225434
1780969410.206641,0.000993833,51142,7,411.674798
1780969410.207625,0.001001556,77470,11,618.797152
1780969410.208675,0.001006590,56934,7,452.490090
1780969410.209668,0.000988767,56868,6,460.112443
1780969410.210620,0.001008640,68782,11,545.542513
1780969410.211650,0.001001669,61278,7,489.407179
1780969410.212612,0.000990746,67136,8,542.104636
1780969410.213596,0.000998119,53972,6,432.589701
1780969410.214635,0.001008763,61278,7,485.965484
1780969410.215702,0.000996311,71546,9,574.487284
1780969410.216591,0.000994958,67136,8,539.809721
1780969410.217674,0.001009714,61410,9,486.553618
1780969410.218690,0.001003023,65820,10,524.973007
1780969410.219646,0.000988291,61278,7,496.032039
1780969410.220622,0.000998619,64108,6,513.573245
1780969410.221625,0.001000226,65622,7,524.857382
1780969410.222654,0.000999614,65820,10,526.763331
1780969410.223618,0.001004738,55420,6,441.269266
1780969410.224584,0.000996349,70032,8,562.308990
1780969410.225619,0.001012005,62660,6,495.333521
1780969410.226614,0.000995538,62660,6,503.526736
1780969410.227627,0.000992294,58382,7,470.683084
1780969410.228617,0.001002586,64240,8,512.594431
1780969410.229666,0.000996291,61278,7,492.049010
1780969410.230587,0.001004943,68518,7,545.447851
1780969410.231578,0.001000027,49760,8,398.069252
1780969410.232607,0.001005098,71546,9,569.464868
1780969410.233627,0.000998291,61278,7,491.063227
1780969410.234650,0.000994224,53906,5,433.753359
1780969410.235588,0.000997895,58580,10,469.628568
1780969410.236579,0.001000053,67136,8,537.059536
1780969410.237577,0.001008598,67004,6,531.462486
1780969410.238604,0.001000262,64306,9,514.313250
1780969410.239601,0.000991195,71678,11,578.517850
1780969410.240600,0.001003342,62726,7,500.136544
1780969410.241588,0.000999365,65556,6,524.781236
1780969410.242596,0.001000333,52524,6,420.052123
1780969410.243582,0.000996659,58382,7,468.621665
1780969410.244577,0.000999475,78786,9,630.619075
1780969410.245601,0.001004889,52458,5,417.622245
1780969410.246620,0.001010262,72928,8,577.497718
1780969410.247592,0.000996694,52722,9,423.175017
1780969410.248709,0.001002264,75956,10,606.275393
1780969410.249576,0.000995177,62660,6,503.709390
1780969410.250638,0.001001741,62660,6,500.408788
1780969410.251629,0.001000704,58382,7,466.727424
1780969410.252608,0.000993321,72994,9,587.878440
1780969410.253584,0.001000859,64108,6,512.423828
1780969410.254603,0.001000918,54104,8,432.435025
1780969410.255596,0.001007956,64306,9,510.387358
1780969410.256591,0.000996386,72994,9,586.070057
1780969410.257581,0.000992966,48048,4,387.106910
1780969410.258600,0.001003276,58580,10,467.109748
1780969410.259593,0.001001742,75956,10,606.591318
1780969410.260599,0.000999056,62726,7,502.282154
1780969410.261726,0.001000402,61278,7,490.027009
1780969410.262711,0.001000919,60028,10,479.783079
1780969410.263616,0.001001688,67202,9,536.710033
1780969410.264636,0.000989492,59764,6,483.189354
1780969410.265570,0.001000386,68782,11,550.043683
1780969410.266624,0.001002356,68584,8,547.382367
1780969410.267570,0.000998140,52458,5,420.446030
1780969410.268586,0.001006233,62792,8,499.224335
1780969410.269588,0.001001196,65886,11,526.458356
1780969410.270609,0.000992234,62792,8,506.267675
1780969410.271620,0.000999518,62660,6,501.521733
1780969410.272656,0.001000791,62660,6,500.883801
1780969410.273595,0.001000949,58316,6,466.085685
1780969410.274624,0.001001125,75956,10,606.965164
1780969410.275590,0.000997235,59896,8,480.496573
1780969410.276626,0.000999888,71480,8,571.904053
1780969410.277640,0.001001520,50944,4,406.933461
1780969410.278649,0.001007981,75956,10,602.836760
1780969410.279607,0.000991430,53972,6,435.508306
1780969410.280598,0.000998189,69900,6,560.214549
1780969410.281566,0.001001264,51274,9,409.674172
1780969410.282600,0.000999536,74640,12,597.397192
1780969410.283591,0.001001477,58382,7,466.367176
1780969410.284580,0.001000374,67004,6,535.831599
1780969410.285580,0.001003219,58514,9,466.609982
1780969410.286607,0.000995507,61476,10,494.027666
1780969410.287743,0.001002699,67070,7,535.115723
1780969410.288687,0.001003756,71414,7,569.174182
1780969410.289602,0.000997926,58382,7,468.026687
1780969410.290621,0.000995624,64570,13,518.830402
1780969410.291605,0.001005306,67202,9,534.778465
1780969410.292599,0.000998054,65622,7,525.999595
1780969410.293572,0.001007481,64108,6,509.055754
1780969410.294604,0.000995357,45284,6,363.961875
1780969410.295588,0.001004380,71744,12,571.449053
1780969410.296591,0.000994966,62726,7,504.346882
1780969410.297587,0.000994796,62726,7,504.433070
1780969410.298610,0.001010309,65754,9,520.664470
1780969410.299607,0.000989356,70098,9,566.817202
1780969410.300578,0.000999928,62792,8,502.372171
1780969410.301605,0.001012288,52590,7,415.612948
1780969410.303930,0.000995997,73192,12,587.889321
1780969410.303995,0.000995603,64174,7,515.659354
1780969410.304628,0.001002167,67070,7,535.399789
1780969410.305617,0.001000531,49562,5,396.285572
1780969410.306598,0.000992839,61278,7,493.759814
1780969410.307582,0.000999955,75956,10,607.675345
1780969410.308595,0.000999913,62726,7,501.851661
1780969410.309586,0.001000117,59698,5,477.528129
1780969410.310633,0.000999920,65886,11,527.130170
1780969410.311610,0.000999916,64240,8,513.963173
1780969410.312572,0.001000557,61278,7,489.951097
1780969410.313589,0.001002343,61410,9,490.131622
1780969410.314727,0.001002838,67334,11,537.147575
1780969410.315704,0.000994752,67070,7,539.390723
1780969410.316843,0.001009682,67004,6,530.891905
1780969410.317650,0.000992937,67334,11,542.503704
1780969410.318653,0.000997100,56868,6,456.267175
1780969410.319689,0.001004841,61212,6,487.336803
1780969410.320696,0.001006721,65622,7,521.471192
1780969410.321635,0.000989950,55354,5,447.327643
1780969410.322656,0.000998916,73126,11,585.642837
1780969410.323999,0.000999427,58448,8,467.852079
1780969410.324727,0.001003505,58316,6,464.898531
1780969410.325709,0.001008784,67136,8,532.411299
1780969410.326700,0.001000330,70230,11,561.654654
1780969410.327672,0.000988933,53972,6,436.607940
1780969410.328601,0.001009819,68518,7,542.814108
1780969410.329580,0.001001401,56934,7,454.834776
1780969410.330591,0.000987369,73192,12,593.026518
1780969410.331605,0.001006279,55486,7,441.118219
1780969410.332594,0.001006941,71414,7,567.373858
1780969410.333565,0.000986287,55354,5,448.988986
1780969410.334603,0.001000964,64240,8,513.425058
1780969410.335678,0.001008183,68584,8,544.218659
1780969410.336600,0.001000875,61212,6,489.267891
1780969410.337632,0.000997545,58316,6,467.676145
1780969410.338630,0.000999402,61278,7,490.517329
1780969410.339595,0.000995327,65754,9,528.501688
1780969410.340644,0.000998545,65622,7,525.740953
1780969410.341607,0.001007606,67070,7,532.509731
1780969410.342592,0.001000835,55750,11,445.627901
1780969410.343669,0.000995250,65754,9,528.542577
1780969410.344626,0.001003155,64174,7,511.777342
1780969410.345591,0.000997668,64108,6,514.062794
1780969410.346619,0.000995811,61212,6,491.755966
1780969410.347615,0.001000496,67202,9,537.349475
1780969410.348594,0.000999696,64240,8,514.076279
1780969410.349592,0.001005786,62660,6,498.396279
1780969410.350634,0.001005271,62660,6,498.651607
1780969410.351586,0.000988095,58316,6,472.148933
1780969410.352600,0.000999607,67268,10,538.355574
1780969410.353597,0.001005561,67070,7,533.592691
1780969410.354600,0.000997990,59698,5,478.545877
1780969410.355599,0.000997243,63056,12,505.842608
1780969410.356620,0.001013252,68796,10,543.169912
1780969410.357594,0.000995335,65556,6,526.906017
1780969410.358641,0.001006133,52458,5,417.105890
1780969410.359619,0.000992355,63056,12,508.334215
1780969410.360588,0.000994165,68716,10,552.954489
1780969410.361593,0.001005357,65622,7,522.178689
1780969410.362619,0.000999910,68518,7,548.193337
1780969410.363655,0.001007874,53906,5,427.878882
1780969410.364618,0.000989859,62858,9,508.015788
1780969410.365607,0.001008740,65688,8,520.950889
1780969410.366601,0.000987065,65622,7,531.855552
1780969410.367676,0.001000403,51076,6,408.443397
1780969410.368614,0.001011798,74706,13,590.679167
1780969410.369570,0.000992998,64306,9,518.075565
1780969410.371617,0.000996790,53960,6,433.070155
1780969410.371686,0.001001261,62726,7,501.176017
1780969410.372597,0.000998941,76088,12,609.349301
1780969410.373681,0.000998230,63028,10,505.118059
1780969410.374632,0.000999617,62660,6,501.472064
1780969410.375676,0.001004438,56802,5,452.408212
1780969410.376655,0.000996296,71612,10,575.025896
1780969410.377613,0.001010713,64240,8,508.472732
1780969410.378624,0.000996548,55420,6,444.895780
1780969410.379695,0.000992419,64174,7,517.313756
1780969410.380661,0.001012041,62990,11,497.924491
1780969410.381654,0.000987850,67202,9,544.228375
1780969410.382575,0.001002333,68518,7,546.868157
1780969410.383635,0.000999273,59764,6,478.459840
1780969410.384634,0.000997590,62660,6,502.491003
1780969410.385596,0.001006204,61410,9,488.250891
1780969410.386653,0.000994310,61344,8,493.560358
1780969410.387624,0.001004055,56934,7,453.632520
1780969410.388595,0.000995505,62660,6,503.543428
1780969410.389570,0.001000100,70164,10,561.255874
1780969410.390605,0.001005687,67136,8,534.050853
1780969410.391609,0.000998692,55354,5,443.411983
1780969410.392582,0.001005226,62792,8,499.724440
1780969410.393658,0.000993568,77602,13,624.834938
1780969410.394619,0.001008444,59830,7,474.632206
1780969410.395689,0.000995821,61212,6,491.751028
1780969410.396608,0.000994594,57000,8,458.478535
1780969410.397647,0.001009754,73126,11,579.356952
1780969410.398624,0.000997858,62726,7,502.885180
1780969410.399603,0.000990287,56802,5,458.873034
1780969410.400577,0.001000207,61344,8,490.650435
1780969410.401647,0.001001537,70164,10,560.450587
1780969410.402609,0.000998328,61344,8,491.573912
1780969410.403588,0.001006052,48312,8,384.170997
1780969410.404583,0.000993554,68782,11,553.825962
1780969410.405560,0.001000079,68650,9,549.156617
1780969410.406707,0.001009163,65688,8,520.732528
1780969410.407654,0.000992156,54170,9,436.786151
1780969410.408617,0.001012775,59896,8,473.123843
1780969410.409597,0.000986762,62726,7,508.540053
1780969410.410608,0.001000114,67004,6,535.970899
1780969410.411600,0.001004540,69966,7,557.198320
1780969410.412609,0.000997531,52458,5,420.702715
1780969410.413561,0.000997683,67268,10,539.393775
1780969410.414602,0.001003607,64240,8,512.072953
1780969410.415616,0.001010920,61212,6,484.406283
1780969410.416567,0.000992612,51142,7,412.181195
1780969410.417568,0.001002037,70296,12,561.224785
1780969410.418591,0.001001265,67070,7,535.882109
1780969410.419579,0.000989142,61212,6,495.071486
1780969410.420594,0.000999602,57000,8,456.181560
1780969410.421602,0.001004094,73192,12,583.148590
1780969410.422588,0.000996083,62792,8,504.311388
1780969410.423569,0.001001708,55354,5,442.076933
1780969410.424583,0.000998937,67202,9,538.188094
1780969410.425591,0.001002806,68716,10,548.189779
1780969410.426604,0.001000418,56922,7,455.185732
1780969410.427678,0.001002545,59698,5,476.371634
1780969410.428621,0.000994248,67466,13,542.850476
1780969410.429618,0.000999992,65688,8,525.508204
1780969410.430616,0.001008408,53906,5,427.652299
1780969410.431613,0.000990869,68518,7,553.195226
1780969410.432602,0.001000267,45416,8,363.231017
1780969410.433576,0.001000066,71678,11,573.386157
1780969410.434621,0.000999521,55486,7,444.100724
1780969410.435612,0.001009575,69966,7,554.419434
1780969410.436590,0.000992703,59830,7,482.158309
1780969410.437592,0.001008748,65952,12,523.040442
1780969410.438615,0.000991674,56934,7,459.296099
1780969410.439596,0.000997989,65622,7,526.033854
1780969410.440596,0.001000032,55420,6,443.345813
1780969410.441577,0.000999299,71744,12,574.354623
1780969410.442607,0.001004308,62858,9,500.706954
1780969410.443600,0.000999385,59830,7,478.934545
1780969410.444587,0.000996532,62660,6,503.024489
1780969410.445594,0.001003813,52722,9,420.173877
1780969410.446595,0.001000741,73126,11,584.574830
1780969410.447613,0.001007080,62726,7,498.280176
1780969410.448677,0.000990316,65622,7,530.109581
1780969410.449630,0.001009313,67400,12,534.224765
1780969410.450593,0.000997799,59830,7,479.695810
1780969410.451609,0.000991920,64108,6,517.041697
1780969410.452618,0.000999440,61410,9,491.555271
1780969410.453586,0.001003756,65754,9,524.063617
1780969410.454588,0.001002592,62726,7,500.510676
1780969410.455599,0.000997687,59764,6,479.220437
1780969410.456621,0.001001961,59764,6,477.176257
1780969410.457614,0.000993758,62660,6,504.428644
1780969410.458682,0.001002907,70164,10,559.684996
1780969410.459710,0.001010085,52590,7,416.519402
1780969410.460592,0.000988931,71414,7,577.706635
1780969410.461584,0.000998805,52656,8,421.751994
1780969410.462638,0.001005512,70296,12,559.285220
1780969410.463728,0.001000727,64174,7,513.019035
1780969410.464601,0.000996337,65622,7,526.906057
1780969410.465630,0.000996795,58514,9,469.617123
1780969410.466696,0.001006016,65754,9,522.886316
1780969410.467769,0.000996214,61278,7,492.087042
1780969410.468640,0.000999059,67070,7,537.065379
1780969410.469628,0.001000806,64372,10,514.561264
1780969410.470627,0.001002888,64174,7,511.913594
1780969410.471630,0.000995210,52458,5,421.683866
1780969410.472580,0.001001790,62726,7,500.911369
1780969410.473641,0.001011187,62660,6,495.734221
1780969410.474634,0.000986746,56934,7,461.589913
1780969410.475590,0.001004983,75956,10,604.635103
1780969410.476598,0.001007355,61212,6,486.120583
1780969410.477585,0.000987332,58316,6,472.513805
1780969410.478595,0.001000569,74310,7,594.141933
1780969410.479629,0.000999255,51076,6,408.912640
1780969410.480610,0.000999863,71612,10,572.974498
1780969410.481640,0.001000640,8754,1,69.987208
1780969410.482615,0.001004830,0,0,0.000000
1780969410.483689,0.001004620,59764,6,475.913281
1780969410.484632,0.000992881,97676,10,787.010729
1780969410.485582,0.001009753,13098,1,103.771913
1780969410.486603,0.000994784,0,0,0.000000
1780969410.487583,0.001005399,30804,6,245.108658
1780969410.488724,0.000991717,71744,12,578.745751
1780969410.489667,0.000996770,102152,12,819.864161
1780969410.490696,0.000999596,58448,8,467.772980
1780969410.491759,0.001010564,73192,12,579.415059
1780969410.492655,0.000995068,59764,6,480.481736
1780969410.493665,0.000994356,61212,6,492.475532
1780969410.494686,0.000999778,58382,7,467.159709
1780969410.495598,0.001006907,71744,12,570.014907
1780969410.496562,0.000992370,59896,8,482.852162
1780969410.497614,0.001010065,71480,8,566.141783
1780969410.498721,0.001002370,59764,6,476.981554
1780969410.499607,0.000991512,51076,6,412.105955
1780969410.500574,0.000997784,74574,11,597.916984
1780969410.501615,0.001005093,61278,7,487.739940
1780969410.502632,0.001002301,55354,5,441.815383
1780969410.503628,0.000991779,65622,7,529.327602
1780969410.504605,0.001012022,74706,13,590.548427
1780969410.505656,0.000994018,56868,6,457.681853
1780969410.506696,0.000998456,61212,6,490.453260
1780969410.507704,0.001000027,61344,8,490.738750
1780969410.508600,0.000997566,67268,10,539.457038
1780969410.509582,0.001007195,61344,8,487.246263
1780969410.510629,0.000990667,68584,8,553.840998
1780969410.511662,0.001006574,56868,6,451.972731
1780969410.512649,0.001003968,70164,10,559.093517
1780969410.513583,0.000988686,62792,8,508.084468
1780969410.514719,0.001008908,56802,5,450.403803
1780969410.515749,0.001000133,61476,10,491.742598
1780969410.516674,0.001000205,70164,10,561.196955
1780969410.517679,0.001001304,64240,8,513.250721
1780969410.518627,0.001002659,56802,5,453.210912
1780969410.519586,0.000987183,46798,7,379.244780
1780969410.520604,0.000999990,83460,14,667.686677
1780969410.521599,0.001013719,67136,8,529.819408
1780969410.522643,0.000986534,52458,5,425.392333
1780969410.523611,0.001003859,70230,11,559.680194
1780969410.524613,0.000997130,64240,8,515.399196
1780969410.525590,0.001000795,67070,7,536.133774
1780969410.526596,0.000997958,62660,6,502.305708
1780969410.527585,0.001000378,52722,9,421.616629
1780969410.528590,0.001007867,73192,12,580.965544
1780969410.529567,0.000995513,62660,6,503.539381
1780969410.530627,0.001001149,58382,7,466.519969
1780969410.531587,0.000995372,70230,11,564.452285
1780969410.532579,0.001000838,64240,8,513.489696
1780969410.533592,0.001010181,65622,7,519.685086
1780969410.534602,0.000995187,55420,6,445.504212
1780969410.535604,0.001002166,61278,7,489.164470
1780969410.536598,0.000991563,68716,10,554.405519
1780969410.537568,0.001000439,59830,7,478.429969
1780969410.538593,0.000999393,69966,7,560.067961
1780969410.539594,0.001004873,60094,11,478.420656
1780969410.540592,0.000999066,65754,9,526.523773
1780969410.541571,0.000998098,64174,7,514.370332
1780969410.542606,0.001001265,67136,8,536.409442
1780969410.543611,0.000997444,64372,10,516.295652
1780969410.544586,0.001012352,56934,7,449.914654
1780969410.545585,0.000991460,67004,6,540.649144
1780969410.546625,0.001007853,62990,11,499.993551
1780969410.547652,0.000995839,68650,9,551.494770
1780969410.548607,0.000993159,67070,7,540.255891
1780969410.549616,0.001003320,61212,6,488.075589
1780969410.550602,0.001000606,59962,9,479.405480
1780969410.551600,0.001000168,71612,10,572.799770
1780969410.552593,0.000994016,64306,9,517.544989
1780969410.553593,0.001013912,65622,7,517.772746
1780969410.554621,0.000993299,55486,7,446.882560
1780969410.555586,0.000997261,68716,10,551.237840
1780969410.556591,0.001010290,64174,7,508.163003
1780969410.557619,0.000985834,58382,7,473.767389
1780969410.558598,0.001000962,70296,12,561.827522
1780969410.559605,0.001006648,56934,7,452.464019
1780969410.560674,0.000998813,61212,6,490.277960
1780969410.561613,0.000995411,68452,6,550.140595
1780969410.562679,0.000998418,61608,12,493.644946
1780969410.563638,0.001000652,64372,10,514.640454
1780969410.564615,0.001002308,68650,9,547.935365
1780969410.565609,0.000996842,56802,5,455.855592
1780969410.566651,0.001000108,58580,10,468.589392
1780969410.567602,0.001006977,74640,12,592.982759
1780969410.568601,0.000992693,58382,7,470.493899
1780969410.569588,0.001010623,59764,6,473.086403
1780969410.570680,0.000998316,61476,10,492.637602
1780969410.571594,0.000991098,65688,8,530.224055
1780969410.572583,0.000999846,65622,7,525.056859
1780969410.573599,0.001004013,62660,6,499.276404
1780969410.574589,0.001004422,56868,6,452.941094
1780969410.575584,0.000996394,52590,7,422.242607
1780969410.576611,0.000995182,70098,9,563.498938
1780969410.577634,0.001010625,62660,6,496.009895
1780969410.578644,0.001003838,65688,8,523.494827
1780969410.579607,0.000990710,67268,10,543.190237
1780969410.580606,0.001001536,64174,7,512.604639
1780969410.581581,0.000993494,61212,6,492.902826
1780969410.582682,0.001009219,61344,8,486.269085
1780969410.583631,0.000995993,65886,11,529.208539
1780969410.584600,0.001006933,64174,7,509.857160
1780969410.585582,0.000989350,67136,8,542.869561
1780969410.586613,0.001010321,61410,9,486.261297
1780969410.587605,0.000987774,62924,10,509.622646
1780969410.588595,0.000999881,61278,7,490.282344
1780969410.589578,0.001001324,61278,7,489.575802
1780969410.590610,0.000999047,65622,7,525.476779
1780969410.591601,0.000999861,59962,9,479.762687
1780969410.592587,0.001007811,70032,8,555.913758
1780969410.593606,0.000992052,61278,7,494.151516
1780969410.594646,0.001009610,65622,7,519.979002
1780969410.595589,0.000991663,59962,9,483.728847
1780969410.596587,0.001011172,67136,8,531.153948
1780969410.597576,0.000987703,62726,7,508.055559
1780969410.598647,0.001000116,62726,7,501.749797
1780969410.599621,0.001010980,64438,11,509.905240
1780969410.600598,0.001001601,65688,8,524.664013
1780969410.601616,0.000993596,62726,7,505.042291
1780969410.602628,0.000995697,64174,7,515.610673
1780969410.603620,0.001012322,49694,7,392.712991
1780969410.604629,0.000992154,71744,12,578.490839
1780969410.605632,0.001001243,62792,8,501.712372
1780969410.606720,0.001006337,59764,6,475.101283
1780969410.607674,0.000985957,64108,6,520.168729
1780969410.608621,0.001000218,65754,9,525.917350
1780969410.609626,0.001000369,71546,9,572.156874
1780969410.610668,0.001005091,52458,5,417.538312
1780969410.611592,0.000996131,68518,7,550.273006
1780969410.612592,0.001007793,65754,9,521.964332
1780969410.613584,0.000997252,61344,8,492.104303
1780969410.614575,0.000993407,65622,7,528.460138
1780969410.615622,0.001011628,68518,7,541.843444
1780969410.616620,0.000989149,55486,7,448.757467
1780969410.617590,0.001005618,62858,9,500.054693
1780969410.618636,0.000999524,62726,7,502.046974
1780969410.619608,0.000994433,69966,7,562.861450
1780969410.620602,0.000999178,62594,5,501.163957
1780969410.621614,0.001007722,62858,9,499.010640
1780969410.622595,0.000995297,64306,9,516.878881
1780969410.623611,0.001008592,58316,6,462.553738
1780969410.624585,0.000992842,64372,10,518.688774
1780969410.625587,0.001006089,70164,10,557.914856
1780969410.626597,0.000999282,64174,7,513.760880
1780969410.627612,0.000996647,53906,5,432.698839
1780969410.628608,0.000994816,62726,7,504.422928
1780969410.629591,0.001003030,65688,8,523.916533
1780969410.630589,0.000996549,64372,10,516.759336
1780969410.631685,0.001000808,62660,6,500.875293
1780969410.632694,0.001000320,69900,6,559.021113
1780969410.633584,0.001010322,55618,9,440.398210
1780969410.634604,0.000997319,65820,10,527.975502
1780969410.635587,0.000996472,67136,8,538.989555
1780969410.636584,0.001002427,56868,6,453.842524
1780969410.637651,0.000991797,71414,7,576.037233
1780969410.638630,0.001000517,58382,7,466.814657
1780969410.639606,0.001010379,61410,9,486.233384
1780969410.640618,0.000992219,58382,7,470.718662
1780969410.641592,0.000997407,65622,7,526.340802
1780969410.642661,0.001012711,62858,9,496.552323
1780969410.643691,0.000991401,64306,9,518.910108
1780969410.644615,0.001006362,62660,6,498.111018
1780969410.645609,0.000992353,65622,7,529.021427
1780969410.646603,0.001000756,55486,7,443.552674
1780969410.647609,0.001001429,62858,9,502.146433
1780969410.648623,0.001008109,58448,8,463.822860
1780969410.649577,0.001002531,65556,6,523.123973
1780969410.650585,0.000983525,58514,9,475.953331
1780969410.651612,0.001006029,74640,12,593.541538
1780969410.652595,0.000994126,53972,6,434.327238
1780969410.653585,0.001006668,67070,7,533.005917
1780969410.654590,0.000998161,71810,13,575.538415
1780969410.655590,0.001005257,52524,6,417.994602
1780969410.656586,0.000997383,61212,6,490.980897
1780969410.657564,0.000992604,70098,9,564.962462
1780969410.658617,0.001014136,73126,11,576.853598
1780969410.659591,0.000986142,55420,6,449.590424
1780969410.660585,0.001000790,62726,7,501.411885
1780969410.661610,0.000999204,64174,7,513.800986
1780969410.662618,0.001014558,52656,8,415.203468
1780969410.663650,0.000986948,71480,8,579.402360
1780969410.664665,0.001011981,56934,7,450.079596
1780969410.665671,0.000994116,68518,7,551.388369
1780969410.666635,0.000992120,68650,9,553.562069
1780969410.667609,0.001003112,59896,8,477.681455
1780969410.668575,0.001005982,67070,7,533.369384
1780969410.669620,0.001003753,58250,5,464.257641
1780969410.670635,0.000987441,61608,12,499.132606
1780969410.671606,0.001013801,74508,10,587.949706
1780969410.672578,0.000986124,58382,7,473.628063
1780969410.673599,0.001013177,62726,7,495.281673
1780969410.674605,0.000987075,58448,8,473.706659
1780969410.675600,0.001000641,71546,9,572.001347
1780969410.676578,0.001002753,62726,7,500.430315
1780969410.677605,0.001009920,64174,7,508.349176
1780969410.678612,0.000989595,55486,7,448.555217
1780969410.679728,0.001002714,74508,10,594.450661
1780969410.680626,0.001003330,62726,7,500.142525
1780969410.681635,0.000992883,59764,6,481.539114
1780969410.682612,0.000998881,65952,12,528.207064
1780969410.683655,0.001014666,70098,9,552.678418
1780969410.684607,0.000990831,56934,7,459.686869
1780969410.685702,0.000994388,64306,9,517.351376
1780969410.686617,0.001003690,64306,9,512.556666
1780969410.687574,0.000996217,70098,9,562.913502
1780969410.688578,0.001009513,61212,6,485.081420
1780969410.689641,0.000990364,58580,10,473.199753
1780969410.690706,0.001006440,71546,9,568.705536
1780969410.691767,0.000994793,55420,6,445.680659
1780969410.692640,0.001011254,59764,6,472.791208
1780969410.693626,0.000988373,59962,9,485.339037
1780969410.694700,0.001009689,61344,8,486.042732
1780969410.695589,0.000991821,62726,7,505.946133
1780969410.696579,0.001009289,61410,9,486.758500
1780969410.697568,0.000992506,71744,12,578.285673
1780969410.698602,0.000995507,58382,7,469.163954
1780969410.699615,0.001004843,65556,6,521.920340
1780969410.700609,0.001005675,64504,12,513.120044
1780969410.701604,0.000988916,57000,8,461.110954
1780969410.704471,0.001007436,55420,6,440.087509
1780969410.704523,0.001004781,71414,7,568.593554
1780969410.705700,0.001001352,56802,5,453.802459
1780969410.705729,0.000988500,73060,10,591.279717
1780969410.707190,0.001000666,57000,8,455.696506
1780969410.707627,0.001001696,58316,6,465.738108
1780969410.708695,0.001009556,73126,11,579.470579
1780969410.709604,0.000992800,65754,9,529.846898
1780969410.710603,0.000994891,52524,6,422.349785
1780969410.711637,0.000999476,68518,7,548.431378
1780969410.712615,0.001007406,67070,7,532.615450
1780969410.713740,0.000993998,65820,10,529.739496
1780969410.714638,0.000998512,52524,6,420.818177
1780969410.715677,0.001011014,56802,5,449.465586
1780969410.716604,0.000994631,65886,11,529.933211
1780969410.717602,0.000993978,62924,10,506.441792
1780969410.718651,0.000999584,64240,8,514.133880
1780969410.719644,0.001007854,67070,7,532.378698
1780969410.720650,0.001000310,48246,7,385.848387
1780969410.721591,0.000992119,70296,12,566.835228
1780969410.722669,0.001004560,59962,9,477.518516
1780969410.723634,0.000996229,67202,9,539.651024
1780969410.724650,0.000999596,59830,7,478.833449
1780969410.725635,0.001009259,62990,11,499.297009
1780969410.726635,0.000990503,65754,9,531.075625
1780969410.727621,0.001000604,64174,7,513.082098
1780969410.728585,0.001002991,52458,5,418.412528
1780969410.729655,0.001003912,58448,8,465.761939
1780969410.730620,0.000992867,80366,11,647.546952
1780969410.731594,0.001011262,62792,8,496.741695
1780969410.732602,0.001000374,64240,8,513.727866
1780969410.733587,0.000987898,55552,8,449.860208
1780969410.734602,0.001001451,68716,10,548.931500
1780969410.735605,0.001008242,62792,8,498.229592
1780969410.736579,0.000989920,62726,7,506.917731
1780969410.737603,0.001006632,55420,6,440.439008
1780969410.738613,0.000993319,58382,7,470.197389
1780969410.739610,0.000999985,73060,10,584.488767
1780969410.740619,0.001012255,59896,8,473.366889
1780969410.741591,0.000999291,67070,7,536.940691
1780969410.742624,0.000992070,54104,8,436.291794
1780969410.743597,0.000997830,67334,11,539.843460
1780969410.744618,0.000998676,64306,9,515.130032
1780969410.745588,0.001002966,67136,8,535.499708
1780969410.746608,0.000996677,56868,6,456.460819
1780969410.747621,0.001014730,70098,9,552.643560
1780969410.748598,0.000995922,64306,9,516.554509
1780969410.749627,0.000989760,53972,6,436.243130
1780969410.750620,0.000999958,65622,7,524.998050
1780969410.751623,0.001000667,62660,6,500.945869
1780969410.752603,0.001014102,62858,9,495.871224
1780969410.753573,0.000985009,71612,10,581.614990
1780969410.754632,0.001008114,53972,6,428.300768
1780969410.755597,0.000992030,62660,6,505.307299
1780969410.756588,0.001001209,62660,6,500.674684
1780969410.757581,0.000998535,62792,8,503.073002
1780969410.758620,0.001000837,65754,9,525.592079
1780969410.759704,0.001012225,64240,8,507.713206
1780969410.760664,0.000988263,53972,6,436.903942
1780969410.761714,0.000999901,62660,6,501.329632
1780969410.762635,0.001008152,65688,8,521.254731
1780969410.763572,0.000998691,67202,9,538.320662
1780969410.764579,0.000991996,59830,7,482.501946
1780969410.765613,0.001000146,56868,6,454.877588
1780969410.766629,0.001004677,65754,9,523.583201
1780969410.767606,0.001001323,75956,10,606.845144
1780969410.768584,0.000998557,54038,7,432.928716
1780969410.769589,0.001005561,64174,7,510.552816
1780969410.770612,0.000998842,62858,9,503.446992
1780969410.771596,0.000991441,65754,9,530.573176
1780969410.772574,0.001006396,62792,8,499.143478
1780969410.773590,0.000993371,56934,7,458.511473
1780969410.774627,0.001000489,62858,9,502.618220
1780969410.775609,0.001009773,64306,9,509.468960
1780969410.776600,0.001000017,65622,7,524.967076
1780969410.777589,0.000989619,62660,6,506.538375
1780969410.778576,0.000999657,65556,6,524.627947
1780969410.779588,0.001006118,55552,8,441.713596
1780969410.780590,0.001002832,68650,9,547.649058
1780969410.781669,0.001001000,64240,8,513.406593
1780969410.782772,0.000991168,59764,6,482.372312
1780969410.783671,0.001007225,61476,10,488.280176
1780969410.784641,0.000992661,64240,8,517.719544
1780969410.785646,0.000998988,62726,7,502.316344
1780969410.786602,0.001004921,65622,7,522.405244
1780969410.787608,0.001006618,59764,6,474.968657
1780969410.788651,0.000988841,65820,10,532.502192
1780969410.789695,0.001000931,58448,8,467.149084
1780969410.790634,0.001012791,67070,7,529.783539
1780969410.791616,0.000993981,59962,9,482.600774
1780969410.792588,0.000992563,65886,11,531.037325
1780969410.793589,0.001003904,64240,8,511.921459
1780969410.794616,0.001004404,62726,7,499.607728
1780969410.795610,0.001003953,56868,6,453.152687
1780969410.796610,0.001000347,68650,9,549.009494
1780969410.797584,0.000990469,64306,9,519.398386
1780969410.798607,0.000997582,67136,8,538.389827
1780969410.799595,0.000999021,53972,6,432.199123
1780969410.800599,0.001009773,62660,6,496.428405
1780969410.801593,0.001003400,73192,12,583.551923
1780969410.802618,0.000991103,65688,8,530.221380
1780969410.803580,0.000996372,52524,6,421.722007
1780969410.804589,0.001008100,57000,8,452.336078
1780969410.805590,0.001003553,70296,12,560.376981
1780969410.806612,0.000988563,58448,8,472.993628
1780969410.807597,0.001010915,68518,7,542.225607
1780969410.808577,0.000989853,56868,6,459.607639
1780969410.809684,0.001009528,71414,7,565.919915
1780969410.810678,0.000996722,48048,4,385.648155
1780969410.811799,0.000992374,62792,8,506.196253
1780969410.812675,0.001000882,72994,9,583.437408
1780969410.813653,0.001012759,65622,7,518.362216
1780969410.814596,0.000987751,57066,9,462.189357
1780969410.815666,0.000999914,68716,10,549.775281
1780969410.816641,0.000997971,59830,7,479.613135
1780969410.817587,0.001000960,58316,6,466.080563
1780969410.818670,0.000999815,65754,9,526.129334
1780969410.819668,0.001000302,64306,9,514.292684
1780969410.820624,0.001005339,64240,8,511.190753
1780969410.821587,0.000993753,65622,7,528.276141
1780969410.822615,0.001011676,59764,6,472.593993
1780969410.823594,0.000995628,62660,6,503.481220
1780969410.824585,0.000998234,59896,8,480.015708
1780969410.825677,0.000995002,65688,8,528.143662
1780969410.826648,0.000999855,61278,7,490.295093
1780969410.827628,0.001007426,53972,6,428.593266
1780969410.828642,0.000999540,64306,9,514.684755
1780969410.829648,0.000994123,64372,10,518.020406
1780969410.830626,0.001003865,62792,8,500.401946
1780969410.831597,0.001000215,62726,7,501.700134
1780969410.832597,0.000997116,55420,6,444.642349
1780969410.833678,0.001006170,73060,10,580.895872
1780969410.834611,0.000999286,62792,8,502.694924
1780969410.835611,0.000992966,64174,7,517.028780
1780969410.836622,0.000999707,51076,6,408.727757
1780969410.837614,0.001000803,62858,9,502.460524
1780969410.838727,0.001002082,68650,9,548.058941
1780969410.839658,0.000997798,65688,8,526.663713
1780969410.840607,0.000998664,59764,6,478.751612
1780969410.841612,0.001011313,55486,7,438.922470
1780969410.842666,0.000988554,67202,9,543.840802
1780969410.843597,0.001000274,57000,8,455.875090
1780969410.844578,0.001003922,65622,7,522.925088
1780969410.845606,0.001007683,56934,7,451.999289
1780969410.846622,0.000996123,59896,8,481.032965
1780969410.847589,0.000995989,62858,9,504.889110
1780969410.848605,0.000996175,56868,6,456.690842
1780969410.849598,0.001000020,33700,6,269.594608
1780969410.850616,0.001009943,84710,11,671.008166
1780969410.851597,0.000990111,80300,10,648.816143
1780969410.852576,0.001000168,62660,6,501.195799
1780969410.853582,0.001001444,62660,6,500.557195
1780969410.854632,0.000998555,55486,7,444.530346
1780969410.855642,0.001005928,64240,8,510.891436
1780969410.856717,0.000996041,61278,7,492.172511
1780969410.857578,0.001000083,124150,8,993.117571
1780969410.858596,0.001001751,62924,10,502.512101
1780969410.859562,0.000996091,67268,10,540.255860
1780969410.860597,0.000999655,59830,7,478.805188
1780969410.861605,0.001003541,65622,7,523.123619
1780969410.862647,0.001007194,55354,5,439.669021
1780969410.863626,0.000996861,59764,6,479.617519
1780969410.864626,0.000996012,68650,9,551.398979
1780969410.865661,0.000997185,64240,8,515.370769
1780969410.866625,0.001012470,58316,6,460.782048
1780969410.867584,0.000988720,62660,6,506.998948
1780969410.868559,0.000998047,65622,7,526.003284
1780969410.869596,0.000999908,65754,9,526.080399
1780969410.870617,0.001009999,55486,7,439.493504
1780969410.871595,0.000991236,65556,6,529.084900
1780969410.872811,0.001001853,71744,12,572.890434
1780969410.873882,0.000999393,58436,8,467.771938
1780969410.874696,0.001007980,51010,5,404.849303
1780969410.875681,0.000993927,68688,8,552.861528
1780969410.876628,0.001009414,45284,6,358.893378
1780969410.877568,0.000990656,71546,9,577.766652
1780969410.878604,0.001003064,68650,9,547.522391
1780969410.879613,0.001004931,59764,6,475.765998
1780969410.880591,0.000991844,62990,11,508.063768
1780969410.881642,0.001006967,70032,8,556.379703
1780969410.882636,0.000990873,59830,7,483.048786
1780969410.883606,0.001001359,65754,9,525.318093
1780969410.884623,0.001006832,71678,11,569.532951
1780969410.885554,0.000989696,59830,7,483.623254
1780969410.886578,0.001005796,61278,7,487.399035
1780969410.887625,0.000995005,52458,5,421.770745
1780969410.888594,0.001007891,67466,13,535.502351
1780969410.889628,0.000992657,61344,8,494.382249
1780969410.890614,0.000999998,59764,6,478.112956
1780969410.891610,0.001010570,65622,7,519.485043
1780969410.892585,0.000988203,43836,6,354.874454
1780969410.893608,0.001013076,74574,11,588.891653
1780969410.894620,0.000998703,62792,8,502.988376
1780969410.895626,0.000997161,58250,5,467.326741
1780969410.896617,0.001004071,61608,12,490.865686
1780969410.897715,0.000993973,68716,10,553.061300
1780969410.898675,0.000998900,65622,7,525.554110
1780969410.900664,0.001999802,125716,18,502.913788
1780969410.901672,0.001007382,55420,6,440.111100
1780969410.902586,0.000986710,62660,6,508.031742
1780969410.903665,0.001011119,62660,6,495.767560
1780969410.904607,0.000997171,64174,7,514.848506
1780969410.905671,0.000996527,72994,9,585.987133
1780969410.906612,0.001001973,61344,8,489.785653
1780969410.907598,0.000997694,61278,7,491.357069
1780969410.908612,0.001006710,64372,10,511.543543
1780969410.909615,0.000999148,64438,11,515.943584
1780969410.910616,0.000993893,59896,8,482.112260
1780969410.911584,0.000995912,64240,8,516.029529
1780969410.912630,0.001000741,65556,6,524.059672
1780969410.913680,0.001010390,57000,8,451.310880
1780969410.914613,0.000989676,70098,9,566.633929
1780969410.915644,0.001012413,56868,6,449.366020
1780969410.916612,0.000989367,71414,7,577.452048
1780969410.917609,0.001005215,52656,8,419.062589
1780969410.918602,0.001001535,75890,9,606.189499
1780969410.919611,0.001002727,52524,6,419.049253
1780969410.920579,0.000989255,56934,7,460.419204
1780969410.921603,0.001001910,62858,9,501.905361
1780969410.922617,0.001003038,83130,9,663.025728
1780969410.923614,0.001004800,61212,6,487.356688
1780969410.924632,0.000998631,58316,6,467.167552
1780969410.925587,0.000990637,61410,9,495.923330
1780969410.926598,0.001002634,67136,8,535.677027
1780969410.927592,0.000998305,52458,5,420.376538
1780969410.928580,0.000998950,62858,9,503.392562
1780969410.929579,0.001000275,76154,13,609.064507
1780969410.930600,0.000999795,55540,8,444.411104
1780969410.931603,0.001011823,69966,7,553.187662
1780969410.932617,0.001002057,59764,6,477.130542
1780969410.933570,0.000997003,53972,6,433.073923
1780969410.934654,0.001000626,73060,10,584.114344
1780969410.935608,0.000992469,56934,7,458.928188
1780969410.936602,0.001006401,68452,6,544.133005
1780969410.937675,0.000992798,55552,8,447.639903
1780969410.938719,0.001000272,64306,9,514.308108
1780969410.939610,0.001006639,75890,9,603.115913
1780969410.940606,0.001000929,64174,7,512.915501
1780969410.941585,0.000994454,55354,5,445.301643
1780969410.942607,0.000994814,61476,10,494.371812
1780969410.943594,0.000999355,61278,7,490.540399
1780969410.944596,0.001002956,65556,6,522.902301
1780969410.945580,0.000998244,64372,10,515.881889
1780969410.946604,0.001003852,73126,11,582.763196
1780969410.947606,0.000999422,62726,7,502.098213
1780969410.948599,0.000995874,58316,6,468.460870
1780969410.949587,0.001007745,59830,7,474.961424
1780969410.950615,0.000995440,71612,10,575.520373
1780969410.951609,0.001007391,61278,7,486.627337
1780969410.952610,0.001001762,64108,6,511.961923
1780969410.953644,0.000988268,56868,6,460.344765
1780969410.954715,0.001014291,71678,11,565.344659
1780969410.955625,0.000992694,61278,7,493.831936
1780969410.956658,0.000993161,61212,6,493.068093
1780969410.957669,0.001003674,65622,7,523.054299
1780969410.958616,0.000995755,46798,7,375.980035
1780969410.959644,0.001004949,64240,8,511.389135
1780969410.960612,0.001007131,70032,8,556.289102
1780969410.961615,0.000992288,54038,7,435.663840
1780969410.962621,0.000999781,71744,12,574.077723
1780969410.963710,0.001004571,62726,7,499.524673
1780969410.964597,0.001001514,56802,5,453.729054
1780969410.965681,0.000991288,65820,10,531.187707
1780969410.966613,0.001007700,65754,9,522.012504
1780969410.967599,0.000993960,68518,7,551.474908
1780969410.968583,0.000996333,65622,7,526.908172
1780969410.969593,0.001001063,59962,9,479.186625
1780969410.970601,0.001000048,64240,8,513.895333
1780969410.971588,0.000999081,61212,6,490.146445
1780969410.972583,0.001006990,51142,7,406.295991
1780969410.973575,0.001003227,78984,12,629.839508
1780969410.974638,0.000999146,56868,6,455.332854
1780969410.975601,0.001001079,61212,6,489.168188
1780969410.976582,0.000989642,59896,8,484.183169
1780969410.977601,0.001006182,62990,11,500.823907
1780969410.978640,0.001004580,62792,8,500.045790
1780969410.979666,0.000994399,62660,6,504.103484
1780969410.980587,0.001007259,61212,6,486.166914
1780969410.981563,0.000987734,62990,11,510.177841
1780969410.982598,0.000999868,67136,8,537.158905
1780969410.983606,0.001010136,67004,6,530.653298
1780969410.984578,0.000990768,64108,6,517.642879
1780969410.985594,0.001009555,62858,9,498.104610
1780969410.986673,0.000989172,64240,8,519.545640
1780969410.987607,0.001013979,55420,6,437.247714
1780969410.988600,0.000992300,62792,8,506.234002
1780969410.989563,0.000994249,68782,11,553.438827
1780969410.990609,0.001003622,61278,7,488.454817
1780969410.991605,0.001002290,67070,7,535.334085
1780969410.992595,0.000993695,67334,11,542.089877
1780969410.993564,0.001003938,65820,10,524.494540
1780969410.994622,0.001003316,61278,7,488.603790
1780969410.995606,0.000995291,64174,7,515.821001
1780969410.996603,0.000997946,57000,8,456.938552
1780969410.997581,0.001014286,71678,11,565.347446
1780969410.998608,0.000986009,65622,7,532.425160
1780969410.999584,0.000999591,61212,6,489.896368
1780969411.000608,0.000999553,58382,7,467.264867
1780969411.001569,0.001007646,73126,11,580.568970
1780969411.002588,0.000992929,53972,6,434.850830
1780969411.003604,0.001008120,62660,6,497.242392
1780969411.004609,0.001006006,65622,7,521.841818
1780969411.005611,0.001000280,68782,11,550.101971
1780969411.006593,0.000986707,62726,7,508.568400
1780969411.007609,0.001002758,59764,6,476.796994
1780969411.008601,0.000999117,68518,7,548.628439
1780969411.009598,0.000997080,54038,7,433.570024
1780969411.010589,0.001001590,76022,11,607.210535
1780969411.011612,0.001004615,64240,8,511.559155
1780969411.012602,0.000999102,58316,6,466.947319
1780969411.013634,0.000995661,67400,12,541.549785
1780969411.014632,0.001004460,62726,7,499.579874
1780969411.015619,0.000998029,51076,6,409.414957
1780969411.016624,0.000996093,61410,9,493.206960
1780969411.017613,0.001011216,64306,9,508.741950
1780969411.018622,0.000989049,58316,6,471.693516
1780969411.019622,0.001000312,67004,6,535.864810
1780969411.020582,0.001002372,65952,12,526.367456
1780969411.021610,0.001002370,71612,10,571.541447
1780969411.022703,0.001009608,59830,7,474.084991
1780969411.023629,0.000986070,53972,6,437.875607
1780969411.024621,0.000998642,70230,11,562.604016
1780969411.025679,0.001001497,65754,9,525.245707
1780969411.026620,0.000999434,52458,5,419.901664
1780969411.027643,0.001006008,65622,7,521.840781
1780969411.028596,0.001004736,71810,13,571.772087
1780969411.029728,0.000997467,55420,6,444.485883
1780969411.030596,0.001001451,64174,7,512.648148
1780969411.031604,0.000994485,56868,6,457.466930
1780969411.032581,0.000996239,55420,6,445.033772
1780969411.033638,0.001012713,68650,9,542.305668
1780969411.034614,0.000991028,65622,7,529.728726
1780969411.035599,0.001004298,58250,5,464.005703
1780969411.036610,0.001001891,67004,6,535.020277
1780969411.037637,0.000998464,55552,8,445.099673
1780969411.038644,0.000996373,74508,10,598.233794
1780969411.039613,0.000998118,53972,6,432.590135
1780969411.040604,0.001000070,68518,7,548.105633
1780969411.041662,0.000999745,54170,9,433.470535
1780969411.042601,0.001003730,64438,11,513.588316
1780969411.043678,0.000994864,65754,9,528.747648
1780969411.044616,0.001012050,56868,6,449.527197
1780969411.045612,0.000989309,59896,8,484.346145
1780969411.046662,0.001005054,73126,11,582.066237
1780969411.047599,0.000992653,56868,6,458.311212
1780969411.048691,0.000999807,55420,6,443.445585
1780969411.049670,0.001010223,61410,9,486.308469
1780969411.050598,0.000988848,71612,10,579.356989
1780969411.051584,0.001004577,62726,7,499.521689
1780969411.052591,0.001009557,62660,6,496.534619
1780969411.053560,0.000985431,58316,6,473.425334
1780969411.054619,0.001009044,71612,10,567.761168
1780969411.055581,0.000991304,59830,7,482.838766
1780969411.056621,0.000999789,56868,6,455.040013
1780969411.057583,0.001000249,64174,7,513.264197
1780969411.058640,0.000999796,58580,10,468.735622
1780969411.059596,0.001004209,67202,9,535.362659
1780969411.060637,0.001004475,64108,6,510.579158
1780969411.061578,0.000991354,65622,7,529.554528
1780969411.062628,0.001012042,51208,8,404.789525
1780969411.063595,0.000988514,68782,11,556.649678
1780969411.064621,0.001008922,68518,7,543.296707
1780969411.065589,0.000991506,58250,5,469.992113
1780969411.066609,0.000999646,64504,12,516.214740
1780969411.067615,0.001004315,64240,8,511.711963
1780969411.068627,0.000996252,56868,6,456.655545
1780969411.069587,0.001001246,61212,6,489.086598
1780969411.070606,0.000997859,62858,9,503.942942
1780969411.071587,0.001007494,73060,10,580.132487
1780969411.072589,0.001003298,61278,7,488.612556
1780969411.073580,0.000989021,67070,7,542.516286
1780969411.074608,0.001014184,62660,6,494.269284
1780969411.075598,0.000986482,55354,5,448.900233
1780969411.076596,0.000999572,62858,9,503.079318
1780969411.077601,0.001014591,62792,8,495.111823
1780969411.078606,0.000987608,62726,7,508.104430
1780969411.079597,0.001007201,59764,6,474.693730
1780969411.080655,0.000995867,76088,12,611.230214
1780969411.081704,0.001006599,58382,7,463.994103
1780969411.082612,0.000988634,67004,6,542.194584
1780969411.083590,0.001004501,49826,9,396.821905
1780969411.084585,0.001007630,74640,12,592.598474
1780969411.085586,0.000987574,62726,7,508.121923
1780969411.086589,0.001000430,58316,6,466.327479
1780969411.087622,0.001000161,64438,11,515.421017
1780969411.088589,0.001005694,62858,9,500.016904
1780969411.089591,0.000998348,59764,6,478.903148
1780969411.090607,0.001000366,55420,6,443.197790
1780969411.091604,0.000999594,68848,12,551.007709
1780969411.092608,0.001007254,65622,7,521.195250
1780969411.093593,0.001001667,55354,5,442.095028
1780969411.094619,0.000997915,64372,10,516.051968
1780969411.095583,0.000988035,68782,11,556.919542
1780969411.096591,0.001011489,67136,8,530.987485
1780969411.097577,0.000998526,65556,6,525.222177
1780969411.098605,0.000995902,64504,12,518.155401
1780969411.099614,0.000999473,57000,8,456.240439
1780969411.100593,0.000994534,64174,7,516.213624
1780969411.101593,0.001006059,61278,7,487.271621
1780969411.102611,0.001001398,68782,11,549.487816
1780969411.103600,0.000993013,59896,8,482.539504
1780969411.104650,0.001001131,71546,9,571.721383
1780969411.105581,0.001002015,43836,6,349.982785
1780969411.106683,0.001005973,64372,10,511.918312
1780969411.107602,0.000991800,65622,7,529.316394
1780969411.108596,0.000999261,69966,7,560.141945
1780969411.109593,0.001013081,65556,6,517.676277
1780969411.110614,0.000993038,64306,9,518.054697
1780969411.111720,0.001000162,56868,6,454.870311
1780969411.112584,0.001003395,68518,7,546.289348
1780969411.113565,0.000989947,52656,8,425.525811
1780969411.114702,0.001007216,71744,12,569.840034
1780969411.115616,0.000995106,65688,8,528.088465
1780969411.116606,0.001009150,61344,8,486.302334
1780969411.117610,0.000992240,62660,6,505.200355
1780969411.118622,0.000999502,54104,8,433.047658
1780969411.119578,0.000996767,65688,8,527.208465
1780969411.120582,0.000999885,65622,7,525.036379
1780969411.121568,0.001002377,69966,7,558.400682
1780969411.122599,0.000998149,45284,6,362.943809
1780969411.123588,0.001000522,62858,9,502.601642
1780969411.124595,0.000999972,62792,8,502.350066
1780969411.125581,0.000999964,67136,8,537.107336
1780969411.126619,0.001001532,56934,7,454.775284
1780969411.127589,0.001003778,70296,12,560.251370
1780969411.128626,0.000993946,62726,7,504.864449
1780969411.129639,0.001006444,62792,8,499.119673
1780969411.130613,0.000995115,54038,7,434.426172
1780969411.131591,0.001008683,74640,12,591.979839
1780969411.132756,0.000990706,58316,6,470.904587
1780969411.133589,0.001006399,71414,7,567.679419
1780969411.134646,0.000994370,58646,11,471.824371
1780969411.135617,0.001007736,65688,8,521.469909
1780969411.136610,0.001002329,62660,6,500.115232
1780969411.137607,0.001002491,68518,7,546.781966
1780969411.138660,0.000996937,55618,9,446.311051
1780969411.139620,0.000998959,68782,11,550.829413
1780969411.140601,0.000998728,58316,6,467.122179
1780969411.141585,0.000995540,68452,6,550.069309
1780969411.142626,0.001010033,64504,12,510.906079
1780969411.143598,0.000988433,64240,8,519.934077
1780969411.144597,0.000998624,56868,6,455.570866
1780969411.145597,0.000998146,69966,7,560.767663
1780969411.146618,0.001000532,60028,10,479.968657
1780969411.147588,0.000999511,56868,6,455.166576
1780969411.148607,0.001011163,120976,6,957.123629
1780969411.149596,0.000992320,76088,12,613.415027
1780969411.150577,0.000998433,59896,8,479.920035
1780969411.151585,0.000998733,53906,5,431.795084
1780969411.152620,0.001009897,77272,8,612.117869
1780969411.153629,0.000989342,62858,9,508.281262
1780969411.154573,0.001000105,59830,7,478.589748
1780969411.155629,0.001008100,58316,6,462.779486
1780969411.156611,0.001003088,70032,8,558.531255
1780969411.157593,0.000988475,52722,9,426.693644
1780969411.158607,0.001011626,68650,9,542.888380
1780969411.159676,0.000989727,64108,6,518.187339
1780969411.160645,0.001002050,58448,8,466.627414
1780969411.161592,0.000996919,65886,11,528.716977
1780969411.162665,0.001000497,64174,7,513.136971
1780969411.163643,0.001006289,56802,5,451.576038
1780969411.164649,0.000999569,64108,6,513.085140
1780969411.165665,0.000997445,68716,10,551.136153
1780969411.166664,0.001004870,65754,9,523.482640
1780969411.167617,0.000991220,56934,7,459.506467
1780969411.168597,0.001007781,67070,7,532.417261
1780969411.169587,0.000995836,53972,6,433.581433
1780969411.170613,0.001003315,77470,11,617.712284
1780969411.171595,0.000992952,61278,7,493.703623
1780969411.172603,0.001006397,68518,7,544.659811
1780969411.173698,0.001002509,55420,6,442.250394
1780969411.174600,0.001002332,64372,10,513.777870
1780969411.175674,0.001001288,61278,8,489.593404
1780969411.176645,0.000989935,59764,6,482.973124
1780969411.177630,0.001009439,60028,10,475.733551
1780969411.178632,0.001001769,67334,11,537.720772
1780969411.179576,0.000987071,62660,6,507.845940
1780969411.180658,0.001009467,64108,6,508.054250
1780969411.181601,0.000992890,67400,12,543.061165
1780969411.182661,0.000999343,59830,7,478.954673
1780969411.183604,0.001006386,64108,6,509.609633
1780969411.184604,0.000993470,65754,9,529.489567
1780969411.185568,0.000999895,59896,8,479.218318
1780969411.188092,0.000998818,65622,7,525.597256
1780969411.188146,0.001000818,67070,7,536.121453
1780969411.188588,0.000998608,49694,7,398.106164
1780969411.189567,0.001010727,77536,12,613.704789
1780969411.190582,0.000989642,55420,6,448.000388
1780969411.191584,0.001001872,67004,6,535.030423
1780969411.192667,0.001005260,51142,7,406.995205
1780969411.193606,0.000998047,77602,13,622.030826
1780969411.194603,0.001000057,55486,7,443.862700
1780969411.195622,0.000996321,67004,6,538.011344
1780969411.196718,0.001004308,62990,11,501.758425
1780969411.197659,0.001005757,61344,8,487.942913
1780969411.199911,0.000995940,72928,8,585.802358
1780969411.199978,0.001001702,52458,5,418.950945
1780969411.200607,0.000993163,53906,5,434.216740
1780969411.201584,0.000996984,72928,8,585.188930
1780969411.202653,0.001000497,67202,9,537.348938
1780969411.203611,0.001006158,62660,6,498.212010
1780969411.205026,0.000998519,62594,5,501.494714
1780969411.206568,0.001000597,56802,5,454.144876
1780969411.207325,0.001003712,75956,10,605.400752
1780969411.207632,0.000991508,65622,7,529.472279
1780969411.208603,0.000999204,58382,7,467.428073
1780969411.209606,0.001006690,71414,7,567.515322
1780969411.210601,0.000993153,42322,5,340.910212
1780969411.211592,0.001002882,67268,10,536.597526
1780969411.212583,0.000997637,61278,7,491.385143
1780969411.213576,0.001006040,62792,8,499.320107
1780969411.214609,0.000996458,67202,9,539.527005
1780969411.215746,0.001000552,61212,6,489.425837
1780969411.216658,0.001003757,65622,7,523.011047
1780969411.217590,0.000998003,54038,7,433.169039
1780969411.218625,0.001006405,71612,10,569.249954
1780969411.219633,0.000998363,58382,7,467.821824
1780969411.220584,0.000990264,68518,7,553.533199
1780969411.221559,0.000999223,59764,6,478.483782
1780969411.222600,0.001001221,61410,9,490.680879
1780969411.223602,0.001013245,74508,10,588.272333
1780969411.224604,0.000985967,53972,6,437.921350
1780969411.225595,0.001006695,59764,6,474.932328
1780969411.226604,0.000994354,67400,12,542.261609
1780969411.227618,0.001000367,64240,8,513.731461
1780969411.228579,0.001009589,72994,9,578.405668
1780969411.229658,0.001003873,51274,9,408.609456
1780969411.230620,0.000996440,65754,9,527.911364
1780969411.231990,0.000997973,69966,7,560.864873
1780969411.232585,0.000990902,55486,7,447.963573
1780969411.233563,0.001001952,62792,8,501.357350
1780969411.234634,0.000998017,65820,10,527.606243
1780969411.235620,0.001012322,68584,8,541.993555
1780969411.236664,0.000995650,58316,6,468.566263
1780969411.237607,0.000994959,58514,9,470.483708
1780969411.238633,0.000997379,65886,11,528.473128
1780969411.239623,0.001006526,65688,8,522.096796
1780969411.240594,0.001000572,61278,7,489.943752
1780969411.241586,0.000993293,62660,6,504.664787
1780969411.242603,0.000999553,68782,11,550.502074
1780969411.243584,0.001006991,65622,7,521.331372
1780969411.244589,0.001004025,55354,5,441.056747
1780969411.245565,0.000989882,70296,12,568.116200
1780969411.246606,0.001006172,62792,8,499.254601
1780969411.247634,0.000993803,65622,7,528.249563
1780969411.248600,0.001005275,61212,6,487.126408
1780969411.249575,0.000997610,64174,7,514.621946
1780969411.250606,0.001003450,65820,10,524.749614
1780969411.251666,0.000999485,62792,8,502.594836
1780969411.252588,0.000993307,53906,5,434.153791
1780969411.253698,0.001006383,77272,8,614.255209
1780969411.254618,0.001001659,58448,8,466.809563
1780969411.255606,0.000997491,58382,7,468.230791
1780969411.256626,0.000994965,71480,8,574.733785
1780969411.257642,0.001008165,58580,10,464.844544
1780969411.258708,0.000992635,64372,10,518.796939
1780969411.259701,0.001013569,64306,9,507.560906
1780969411.260578,0.000987495,67136,8,543.889336
1780969411.261613,0.001007488,58580,10,465.156905
1780969411.262631,0.000989698,68848,12,556.517241
1780969411.263650,0.001012300,56934,7,449.937765
1780969411.264625,0.000996270,59830,7,480.432011
1780969411.265613,0.001005529,56868,6,452.442446
1780969411.266682,0.000988002,51142,7,414.104425
1780969411.267604,0.001001810,65754,9,525.081602
1780969411.268575,0.000999256,65688,8,525.895266
1780969411.269595,0.001002793,61212,6,488.332088
1780969411.270637,0.001003079,67136,8,535.439382
1780969411.271611,0.000993989,64372,10,518.090240
1780969411.272672,0.001003089,58448,8,466.144081
1780969411.273687,0.001008475,65622,7,520.564218
1780969411.274659,0.000986569,55354,5,448.860647
1780969411.275636,0.000998828,65622,7,525.591994
1780969411.276561,0.001000099,68716,10,549.673582
1780969411.277614,0.001001433,65754,9,525.279275
1780969411.278637,0.001008768,53972,6,428.023094
1780969411.279580,0.000992458,62660,6,505.089384
1780969411.280572,0.001008762,62660,6,496.925935
1780969411.281676,0.000990593,58382,7,471.491319
1780969411.282603,0.000997773,70164,10,562.564832
1780969411.283623,0.001000446,62726,7,501.584293
1780969411.284657,0.001001938,56868,6,454.064024
1780969411.285589,0.001000065,62858,9,502.831316
1780969411.286589,0.001005413,68716,10,546.768343
1780969411.287585,0.000993307,54038,7,435.216907
1780969411.288589,0.001002744,68518,7,546.644009
1780969411.289667,0.001000898,65556,6,523.977468
1780969411.290709,0.001010487,67070,7,530.991492
1780969411.291623,0.000992906,70164,10,565.322397
1780969411.292597,0.000991930,65688,8,529.779319
1780969411.293665,0.001011763,56868,6,449.654712
1780969411.294622,0.000989007,56802,5,459.466920
1780969411.295582,0.000999170,67202,9,538.062592
1780969411.296611,0.001013384,68716,10,542.467613
1780969411.297567,0.000992764,59896,8,482.660532
1780969411.298622,0.001004527,62792,8,500.072173
1780969411.299630,0.000999612,61542,11,492.527101
1780969411.300600,0.000991885,64306,9,518.656901
1780969411.301607,0.000998291,62792,8,503.195962
1780969411.302603,0.001010832,65622,7,519.350397
1780969411.303617,0.001002855,62660,6,499.852920
1780969411.304580,0.000986438,53972,6,437.712254
1780969411.305563,0.000999279,64306,9,514.819185
1780969411.306600,0.001003794,67070,7,534.531986
1780969411.307611,0.001010302,61212,6,484.702594
1780969411.308602,0.000989854,58646,11,473.976970
1780969411.309588,0.000998184,65754,9,526.989012
1780969411.310678,0.001012754,61212,6,483.529070
1780969411.311635,0.000998770,70098,9,561.474614
1780969411.312600,0.000986356,65886,11,534.379068
1780969411.313603,0.001013384,62792,8,495.701531
1780969411.314611,0.000998836,68584,8,549.311398
1780969411.315595,0.000989986,53906,5,435.610201
1780969411.316575,0.000998716,64240,8,514.580722
1780969411.317573,0.001006308,68584,8,545.232672
1780969411.318606,0.000993896,55420,6,446.082890
1780969411.319613,0.001011073,65754,9,520.271039
1780969411.320596,0.000996954,71744,12,575.705599
1780969411.321589,0.000994546,61344,8,493.443239
1780969411.322639,0.001006973,67004,6,532.320132
1780969411.323581,0.000998449,51142,7,409.771556
1780969411.324594,0.000995819,79050,13,635.055166
1780969411.325662,0.000996159,56934,7,457.228214
1780969411.326596,0.001001883,65688,8,524.516336
1780969411.327658,0.001005104,57132,10,454.735032
1780969411.328620,0.000993927,62924,10,506.467779
1780969411.329576,0.001011721,62660,6,495.472566
1780969411.330592,0.000989547,61146,5,494.335287
1780969411.331601,0.001004483,60160,12,479.132051
1780969411.332594,0.000992328,59896,8,482.872599
1780969411.333606,0.001000129,65622,7,524.908287
1780969411.334578,0.001000488,59698,5,477.351053
1780969411.335582,0.001001213,58514,9,467.544868
1780969411.336633,0.001005325,74640,12,593.957178
1780969411.337622,0.001007637,59830,7,475.012331
1780969411.338618,0.000985950,56868,6,461.427050
1780969411.339620,0.001011368,64372,10,509.187556
1780969411.340592,0.000988582,78918,11,638.635945
1780969411.341598,0.001011963,58382,7,461.534661
1780969411.342643,0.000994590,64108,6,515.653686
1780969411.343591,0.001000323,68848,12,550.606154
1780969411.344613,0.001002400,55420,6,442.298484
1780969411.345581,0.000990870,65556,6,529.280329
1780969411.346611,0.000999535,67400,12,539.450845
1780969411.347579,0.001000158,65754,9,525.948900
1780969411.348588,0.001000213,64174,7,513.282671
1780969411.349594,0.000999354,61212,6,490.012548
1780969411.350672,0.001010606,49628,6,392.857355
1780969411.351635,0.000993131,68716,10,553.530199
1780969411.352595,0.000997765,56934,7,456.492260
1780969411.353611,0.001009204,62660,6,496.708297
1780969411.354610,0.000989390,65688,8,531.139389
1780969411.355592,0.000999684,49826,9,398.734000
1780969411.356570,0.001001178,73206,11,584.958918
1780969411.357639,0.001002134,56868,6,453.975217
1780969411.358654,0.001010713,59698,5,472.521873
1780969411.359582,0.000990572,62924,10,508.183151
1780969411.360592,0.001008290,74376,8,590.115939
1780969411.361615,0.000998358,56868,6,455.692247
1780969411.362615,0.000992621,59764,6,481.666215
1780969411.363608,0.000996426,73126,11,587.106318
1780969411.364611,0.001011264,67268,10,532.149864
1780969411.365583,0.000989258,59830,7,483.837381
1780969411.366599,0.001001729,56868,6,454.158760
1780969411.367606,0.001009322,68650,9,544.127642
1780969411.368589,0.000988483,68650,9,555.598832
1780969411.369601,0.001014794,67070,7,528.737852
1780969411.370622,0.000985409,49562,5,402.366936
1780969411.371620,0.001004815,65622,7,522.460353
1780969411.372590,0.000996094,62858,9,504.835889
1780969411.373613,0.001001500,65688,8,524.716925
1780969411.374602,0.000998573,64174,7,514.125657
1780969411.375639,0.001009843,56922,7,450.937423
1780969411.376600,0.000991175,67268,10,542.935405
1780969411.377638,0.001007576,65924,10,523.426521
1780969411.378599,0.000991291,54038,7,436.102012
1780969411.379624,0.000999995,62660,6,501.282506
1780969411.380614,0.000999586,62660,6,501.487616
1780969411.381626,0.001003051,59698,5,476.131323
1780969411.382594,0.000996204,65820,10,528.566438
1780969411.383664,0.001001930,56934,7,454.594632
1780969411.384606,0.000998752,65622,7,525.631989
1780969411.385576,0.000999366,62660,6,501.598013
1780969411.386593,0.001000189,53906,5,431.166510
1780969411.387594,0.001009581,52590,7,416.727335
1780969411.388610,0.001002918,76022,11,606.406506
1780969411.389571,0.000998707,62792,8,502.986361
1780969411.390645,0.001002642,54104,8,431.691471
1780969411.391657,0.000995633,68782,11,552.669508
1780969411.392597,0.000991218,55486,7,447.820762
1780969411.393574,0.001003235,65688,8,523.809476
1780969411.394602,0.000996045,67070,7,538.690521
1780969411.395598,0.001001918,52458,5,418.860625
1780969411.396598,0.000999534,78918,11,631.638343
1780969411.397659,0.000998389,53972,6,432.472714
1780969411.398647,0.000999935,59764,6,478.143079
1780969411.399640,0.001000664,59764,6,477.794744
1780969411.400621,0.001000267,56868,6,454.822562
1780969411.401676,0.001012622,62924,10,497.117384
1780969411.402601,0.000988075,65754,9,532.380639
1780969411.403624,0.001003238,53972,6,430.382422
1780969411.404679,0.000996613,62660,6,502.983605
1780969411.405725,0.001006322,62660,6,498.130817
1780969411.406619,0.001003365,64174,7,511.670230
1780969411.407592,0.000998364,64306,9,515.291016
1780969411.408585,0.000996933,61344,8,492.261767
1780969411.409567,0.000998018,59764,6,479.061500
1780969411.410603,0.000998374,64174,7,514.228135
1780969411.411585,0.000998326,68716,10,550.649788
1780969411.412587,0.001007678,64240,8,510.004188
1780969411.413566,0.000994078,68518,7,551.409447
1780969411.414641,0.000996671,61212,6,491.331643
1780969411.415666,0.001001828,57066,9,455.694990
1780969411.416598,0.001001830,67202,9,536.633960
1780969411.417642,0.001000122,56934,7,455.416439
1780969411.418635,0.001005774,68518,7,544.997186
1780969411.419599,0.000999349,58580,10,468.945283
1780969411.420602,0.001001660,61410,9,490.465827
1780969411.421656,0.000996220,64174,7,515.339985
1780969411.422622,0.001004966,65622,7,522.381852
1780969411.423586,0.000989614,64386,9,520.493849
1780969411.424657,0.001003830,62792,8,500.419394
1780969411.425598,0.000995895,64240,8,516.038337
1780969411.426620,0.000999614,64174,7,513.590246
1780969411.427586,0.001000021,64108,6,512.853230
1780969411.428568,0.000999849,65820,10,526.639523
1780969411.429575,0.001009723,62792,8,497.498819
1780969411.430667,0.000997343,62726,7,503.144856
1780969411.431660,0.001001006,62660,6,500.776219
1780969411.432725,0.000996769,58250,5,467.510527
1780969411.433610,0.000995376,64306,9,516.837858
1780969411.434605,0.000999508,68716,10,549.998599
1780969411.435602,0.001001207,56934,7,454.922908
1780969411.436572,0.000998584,62924,10,504.105814
1780969411.437582,0.001005985,67400,12,535.992087
1780969411.438612,0.000998487,58448,8,468.292527
1780969411.439615,0.000998454,65622,7,525.788870
1780969411.440610,0.001000104,57000,8,455.952581
1780969411.441565,0.000998146,65886,11,528.067036
1780969411.442642,0.000999295,61344,8,491.098224
1780969411.443598,0.001005717,67070,7,533.509924
1780969411.444593,0.000999743,59896,8,479.291178
1780969411.445590,0.000999549,68848,12,551.032516
1780969411.446661,0.001005816,59896,8,476.397273
1780969411.447590,0.000989894,65688,8,530.868962
1780969411.448590,0.001012677,71414,7,564.160142
1780969411.449628,0.000993402,55552,8,447.367732
1780969411.450622,0.001005441,58448,8,465.053643
1780969411.451589,0.000994678,64174,7,516.138891
1780969411.452598,0.000992971,62726,7,505.360177
1780969411.453596,0.001000111,62660,6,501.224364
1780969411.454620,0.001004354,52656,8,419.421837
1780969411.455601,0.001010019,70164,10,555.744001
1780969411.456621,0.000990788,64240,8,518.698248
1780969411.457591,0.000997949,64240,8,514.976216
1780969411.458647,0.001005557,52722,9,419.445143
1780969411.459586,0.000999018,65886,11,527.606109
1780969411.460622,0.001001914,65688,8,524.500107
1780969411.461594,0.000996016,56868,6,456.763747
1780969411.462610,0.001000908,59764,6,477.678268
1780969411.463589,0.000993613,65556,6,527.819181
1780969411.464629,0.000999561,61410,9,491.495767
1780969411.465672,0.001006373,64174,7,510.140872
1780969411.466641,0.000994133,65622,7,528.074211
1780969411.467612,0.001008105,54104,8,429.352101
1780969411.468626,0.001002122,65886,11,525.971888
1780969411.469598,0.000995185,59962,9,482.016911
1780969411.470625,0.000995623,67136,8,539.449169
1780969411.471586,0.001001727,55420,6,442.595637
1780969411.472594,0.001012906,65556,6,517.765716
1780969411.473590,0.000996024,58382,7,468.920428
1780969411.474631,0.000992814,64306,9,518.171581
1780969411.475591,0.000995381,62792,8,504.667057
1780969411.476597,0.000999702,72928,8,583.597912
1780969411.477613,0.001009315,56802,5,450.222180
1780969411.478646,0.000996157,58448,8,469.387858
1780969411.479634,0.001007207,65820,10,522.792236
1780969411.480600,0.000994557,62726,7,504.554289
1780969411.481575,0.000992993,62726,7,505.348980
1780969411.482696,0.001012853,58580,10,462.693007
1780969411.483575,0.000987691,65820,10,533.122201
1780969411.484581,0.000999416,64240,8,514.220305
1780969411.485595,0.001012274,68584,8,542.019256
1780969411.486588,0.000988799,55618,9,449.984274
1780969411.487609,0.000998892,68848,12,551.394946
1780969411.488596,0.001000469,58448,8,467.364806
1780969411.489610,0.000999589,61278,7,490.425565
1780969411.490603,0.000999937,65622,7,525.009076
1780969411.491598,0.001000008,62660,6,501.275990
1780969411.492602,0.001004851,58448,8,465.326700
1780969411.493657,0.000994630,70230,11,564.873370
1780969411.494580,0.001001088,56934,7,454.976985
1780969411.495601,0.000999769,58382,7,467.163915
1780969411.496599,0.001000576,68452,6,547.300755
1780969411.497579,0.000998936,64372,10,515.524518
1780969411.498609,0.001011870,64306,9,508.413136
1780969411.499585,0.000995987,67136,8,539.252018
1780969411.500614,0.001003668,53906,5,429.671963
1780969411.501578,0.000988274,71612,10,579.693486
1780969411.502598,0.001013186,64306,9,507.752772
1780969411.503595,0.001003368,71546,9,570.446735
1780969411.504586,0.000990226,55684,10,449.869020
1780969411.505612,0.001002497,60028,10,479.027867
1780969411.506616,0.001002809,67136,8,535.583546
1780969411.507600,0.000989339,52458,5,424.186250
1780969411.508656,0.000999810,62660,6,501.375261
1780969411.509641,0.001000606,65556,6,524.130377
1780969411.510581,0.000998328,64306,9,515.309598
1780969411.511626,0.001003423,61344,8,489.077886
1780969411.512615,0.000996675,68584,8,550.502421
1780969411.513568,0.000999859,58316,6,466.593790
1780969411.514702,0.000999958,65688,8,525.526072
1780969411.515596,0.001010557,65820,10,521.059178
1780969411.516611,0.000995666,36530,5,293.512081
1780969411.517608,0.000993929,88922,9,715.721143
1780969411.518600,0.000999948,55684,10,445.495166
1780969411.519655,0.001010837,67136,8,531.329977
1780969411.520580,0.000990335,67004,6,541.263310
1780969411.521615,0.001007692,62660,6,497.453587
1780969411.522591,0.000991474,52590,7,424.337905
1780969411.523584,0.000999914,71612,10,572.945273
1780969411.524609,0.001012466,61278,7,484.188111
1780969411.525560,0.000987341,72862,7,590.369487
1780969411.526611,0.001009140,45152,4,357.944388
1780969411.527631,0.001001075,72928,8,582.797493
1780969411.528602,0.000995937,67202,9,539.809245
1780969411.529587,0.001007222,62660,6,497.685714
1780969411.530662,0.000990703,61212,6,494.291427
1780969411.531605,0.001005169,65952,12,524.902778
1780969411.532572,0.000990381,64240,8,518.911409
1780969411.533611,0.001012793,67004,6,529.261162
1780969411.534616,0.000987928,55420,6,448.777644
1780969411.535564,0.000999763,61278,7,490.340211
1780969411.536567,0.001007157,65754,9,522.293942
1780969411.537594,0.001004183,67136,8,534.850719
1780969411.538618,0.000996636,56802,5,455.949815
1780969411.539606,0.000996099,61542,11,494.264124
1780969411.540623,0.001006878,77404,10,615.002016
1780969411.541616,0.000995022,58316,6,468.861995
1780969411.542704,0.000996087,59764,6,479.990202
1780969411.543640,0.001000137,64372,10,514.905458
1780969411.544613,0.000999250,67268,10,538.547911
1780969411.545596,0.001000585,61278,7,489.937387
1780969411.546610,0.000999490,61212,6,489.945872
1780969411.547609,0.001004809,55552,8,442.289032
1780969411.548592,0.000997058,62990,11,505.406907
1780969411.549576,0.000997691,65754,9,527.249419
1780969411.550604,0.000998924,65556,6,525.012914
1780969411.551756,0.000999905,61410,9,491.326676
1780969411.552597,0.001004382,74640,12,594.514836
1780969411.553630,0.001004423,61278,7,488.065287
1780969411.554636,0.000992599,55354,5,446.133837
1780969411.555691,0.001002499,68518,7,546.777603
1780969411.556640,0.000998689,62858,9,503.524120
1780969411.557613,0.000999805,58316,6,466.618991
1780969411.558620,0.001004270,69966,7,557.348124
1780969411.559634,0.001006892,60094,11,477.461336
1780969411.560574,0.000986657,65820,10,533.680904
1780969411.561611,0.001005779,61212,6,486.882307
1780969411.562628,0.001000776,70098,9,560.349169
1780969411.563694,0.000994332,67202,9,540.680578
1780969411.564630,0.000999858,58382,7,467.122331
1780969411.565580,0.001008924,58382,7,462.924859
1780969411.566606,0.000990630,61344,8,495.393840
1780969411.567675,0.001003509,65820,10,524.718762
1780969411.568640,0.000995881,67136,8,539.309415
1780969411.569611,0.000999675,62726,7,501.971141
1780969411.570643,0.001000615,56802,5,454.136706
1780969411.571693,0.001013200,65622,7,518.136597
1780969411.572659,0.000988442,64306,9,520.463517
1780969411.573626,0.000999357,67202,9,537.961910
1780969411.574642,0.000999408,61278,7,490.514385
1780969411.575619,0.001001256,62858,9,502.233195
1780969411.576589,0.000999014,62858,9,503.360313
1780969411.577565,0.000998908,64240,8,514.481814
1780969411.578603,0.000999985,65622,7,524.983875
1780969411.579587,0.001000956,63056,12,503.966208
1780969411.580606,0.001008558,58514,9,464.139891
1780969411.581595,0.000991833,67136,8,541.510516
1780969411.582589,0.000999663,46798,7,374.510210
1780969411.583590,0.001000243,68782,11,550.122320
1780969411.584599,0.000999117,67202,9,538.091134
1780969411.585612,0.001003801,59830,7,476.827578
1780969411.586660,0.001003238,58316,6,465.022258
1780969411.587626,0.000994824,65952,12,530.361149
1780969411.588610,0.001007387,65820,10,522.698824
1780969411.589642,0.000992953,64174,7,517.035550
1780969411.590606,0.001009311,56868,6,450.747094
1780969411.591645,0.000996148,59962,9,481.550934
1780969411.592601,0.000992953,68782,11,554.161174
1780969411.593654,0.001000934,59896,8,478.720875
1780969411.595710,0.000998663,64240,8,514.608031
1780969411.595926,0.001012646,56868,6,449.262625
1780969411.596704,0.000992972,56934,7,458.695713
1780969411.597666,0.001002567,59896,8,477.941125
1780969411.598698,0.001002229,64306,9,513.303846
1780969411.599642,0.000995019,65622,7,527.603996
1780969411.600660,0.000994323,53906,5,433.710173
1780969411.601649,0.000999867,64108,6,512.932220
1780969411.602645,0.001001276,59830,7,478.030034
1780969411.603760,0.001009493,74574,11,590.981810
1780969411.604601,0.001001954,55486,7,443.022334
1780969411.605584,0.000989509,62726,7,507.128283
1780969411.606601,0.000998965,62990,11,504.442098
1780969411.607612,0.001000988,70230,11,561.285450
1780969411.608592,0.000997531,55486,7,444.986672
1780969411.609562,0.000999895,62726,7,501.860695
1780969411.610640,0.001005539,58316,6,463.958136
1780969411.611674,0.000999436,57000,8,456.257329
1780969411.612680,0.000998706,65754,9,526.713567
1780969411.613673,0.001009336,55486,7,439.782193
1780969411.614660,0.000994635,64174,7,516.161205
1780969411.615624,0.001006053,58514,9,465.295566
1780969411.616600,0.000990897,59962,9,484.102788
1780969411.617571,0.000996354,70098,9,562.836100
1780969411.618613,0.001000807,56868,6,454.577156
1780969411.619597,0.001004658,67004,6,533.546739
1780969411.620592,0.001000289,52458,5,419.542752
1780969411.621562,0.000993982,68650,9,552.525096
1780969411.622607,0.001005278,62726,7,499.173363
1780969411.623636,0.000995415,55486,7,445.932601
1780969411.624579,0.001006058,73258,13,582.535003
1780969411.625626,0.001005930,55552,8,441.796149
1780969411.626617,0.000990061,53972,6,436.110502
1780969411.627604,0.000997487,65754,9,527.357249
1780969411.628659,0.001015998,68782,11,541.591617
1780969411.629740,0.000984043,62858,9,511.018319
1780969411.630736,0.001012583,62726,7,495.572215
1780969411.631683,0.000987618,62660,6,507.564666
1780969411.632771,0.001011547,62660,6,495.557794
1780969411.633584,0.000996177,58448,8,469.378434
1780969411.634594,0.000994482,67202,9,540.599025
1780969411.635592,0.001004250,56934,7,453.544436
1780969411.636584,0.000994698,59962,9,482.252905
1780969411.637573,0.001005625,67400,12,536.183965
1780969411.638608,0.001004314,68584,8,546.315196
1780969411.639607,0.001000316,59830,7,478.488798
1780969411.640599,0.000989360,61212,6,494.962400
1780969411.641591,0.001007281,56868,6,451.655496
1780969411.642588,0.000991093,68716,10,554.668432
1780969411.643612,0.001009925,70098,9,555.272916
1780969411.644614,0.001005775,61278,7,487.409212
1780969411.645587,0.000991582,54236,10,437.571477
1780969411.646588,0.000993139,67202,9,541.330066
1780969411.647601,0.001000152,67136,8,537.006375
1780969411.648580,0.001006022,61278,7,487.289542
1780969411.649588,0.001001953,65622,7,523.952720
1780969411.650622,0.000991614,64306,9,518.798645
1780969411.651599,0.001003622,62792,8,500.523105
1780969411.652590,0.001007946,62726,7,497.852067
1780969411.653670,0.000989603,56868,6,459.723748
1780969411.654666,0.000998740,73126,11,585.746040
1780969411.655605,0.001000247,62792,8,502.211954
1780969411.656608,0.001010138,62726,7,496.771728
1780969411.657619,0.000999445,56868,6,455.196634
1780969411.658648,0.000990116,71612,10,578.615031
1780969411.659602,0.001000707,62858,9,502.508726
1780969411.660612,0.001008126,59830,7,474.781922
1780969411.661566,0.000994062,65622,7,528.111929
1780969411.662606,0.000997692,56802,5,455.467218
1780969411.663580,0.001000244,64306,9,514.322505
1780969411.664607,0.001009782,67202,9,532.407985
1780969411.665581,0.000991261,58382,7,471.173586
1780969411.666618,0.001008111,69966,7,555.224573
1780969411.667658,0.000990605,61410,9,495.939350
1780969411.668628,0.001009116,57000,8,451.880656
1780969411.669601,0.000991575,62792,8,506.604140
1780969411.670622,0.001002755,62726,7,500.429317
1780969411.671670,0.000997969,55354,5,443.733222
1780969411.672663,0.001003354,58382,7,465.494731
1780969411.673624,0.001001077,71612,10,572.279655
1780969411.674612,0.001007092,64240,8,510.300946
1780969411.675636,0.000996481,62726,7,503.580098
1780969411.676623,0.001001070,55420,6,442.886112
1780969411.677595,0.000988381,73126,11,591.885113
1780969411.678613,0.001009887,64306,9,509.411449
1780969411.679642,0.000991373,53972,6,435.533346
1780969411.680631,0.000999902,61410,9,491.328150
1780969411.681781,0.001013711,74574,11,588.522764
1780969411.682636,0.000986345,57000,8,462.312882
1780969411.683766,0.001001172,71480,8,571.170588
1780969411.684619,0.000998681,55420,6,443.945564
1780969411.685623,0.000999493,73060,10,584.776482
1780969411.686612,0.000999874,61344,8,490.813843
1780969411.687622,0.001012191,59830,7,472.875179
1780969411.688601,0.000990892,55552,8,448.500947
1780969411.689611,0.000997323,64504,12,517.417126
1780969411.690582,0.001000309,62924,10,503.236500
1780969411.691607,0.001008328,68584,8,544.140399
1780969411.692599,0.000990765,61410,9,495.859260
1780969411.693561,0.001000469,65820,10,526.313159
1780969411.694602,0.001000359,59830,7,478.468230
1780969411.695591,0.001005490,62726,7,499.068116
1780969411.696582,0.000994238,64240,8,516.898368
1780969411.697668,0.001006847,61410,9,487.939081
1780969411.698679,0.001001681,64240,8,513.057550
1780969411.699702,0.001002907,62726,7,500.353472
1780969411.700622,0.000991768,62726,7,505.973171
1780969411.701617,0.001006209,62858,9,499.760984
1780969411.702603,0.000990376,65754,9,531.143727
1780969411.703604,0.001001148,53972,6,431.280890
1780969411.704601,0.001009308,62660,6,496.657116
1780969411.705609,0.000995241,62660,6,503.676999
1780969411.706612,0.001008254,58448,8,463.756157
1780969411.709802,0.000987690,64306,9,520.859784
1780969411.709867,0.000999264,56934,7,455.807474
1780969411.709894,0.001007895,59764,6,474.366874
1780969411.710624,0.001002561,74310,7,592.961426
1780969411.711624,0.000997128,48180,6,386.550172
1780969411.712607,0.000992919,70164,10,565.314995
1780969411.713643,0.001005253,62792,8,499.711018
1780969411.714671,0.000994796,59830,7,481.143873
1780969411.715578,0.001008890,68452,6,542.790592
1780969411.716582,0.000991874,45284,6,365.239940
1780969411.717587,0.001005268,68716,10,546.847209
1780969411.718613,0.001001914,61344,8,489.814495
1780969411.719568,0.000991508,65754,9,530.537323
1780969411.720634,0.001015210,62990,11,496.370209
1780969411.721575,0.000991410,67202,9,542.274135
1780969411.722585,0.000992617,58448,8,471.061850
1780969411.723653,0.001000789,65886,11,526.672455
1780969411.724606,0.001006062,65886,11,523.912045
1780969411.725590,0.000992995,56934,7,458.685089
1780969411.726604,0.001000186,62660,6,501.186779
1780969411.727604,0.001002448,72862,7,581.472555
1780969411.728608,0.001009564,52656,8,417.257351
1780969411.729626,0.000987475,62858,9,509.242259
1780969411.730622,0.001004387,62726,7,499.616184
1780969411.731710,0.000997689,62726,7,502.970365
1780969411.732609,0.001009380,55618,9,440.809210
1780969411.733630,0.001002882,64306,9,512.969622
1780969411.734714,0.000987305,59830,7,484.794466
1780969411.735644,0.001003666,65622,7,523.058468
1780969411.736624,0.001001348,58316,6,465.899967
1780969411.737632,0.000993809,68716,10,553.152568
1780969411.738688,0.001003898,65754,9,523.989489
1780969411.739666,0.001004364,59764,6,476.034585
1780969411.740614,0.000994560,62660,6,504.021879
1780969411.741617,0.001000130,65556,6,524.379831
1780969411.742664,0.001010326,59962,9,474.793285
1780969411.743711,0.000991303,59896,8,483.371885
1780969411.744639,0.000996189,64240,8,515.886042
1780969411.745607,0.001003984,68518,7,545.968860
1780969411.746602,0.000995356,49628,6,398.876382
1780969411.747591,0.001000518,67268,10,537.865386
1780969411.748627,0.001000265,65688,8,525.364778
1780969411.749617,0.000999750,62726,7,501.933483
1780969411.750773,0.001011649,61278,7,484.579138
1780969411.751619,0.000993225,64372,10,518.488761
1780969411.752584,0.001005218,62792,8,499.728417
1780969411.753618,0.000989634,64174,7,518.769565
1780969411.754636,0.001000145,53972,6,431.713402
1780969411.755623,0.001003039,67202,9,535.987135
1780969411.756655,0.001002984,61344,8,489.291953
1780969411.757578,0.000993728,64240,8,517.163650
1780969411.758610,0.001002992,70032,8,558.584715
1780969411.759640,0.001002316,46864,8,374.045710
1780969411.760594,0.001008780,68782,11,545.466801
1780969411.761620,0.000993248,64240,8,517.413576
1780969411.762623,0.000992564,59830,7,482.225831
1780969411.763579,0.001002307,64174,7,512.210331
1780969411.764627,0.000997550,64372,10,516.240790
1780969411.765576,0.001008717,59896,8,475.027188
1780969411.766619,0.000991510,58382,7,471.055259
1780969411.767807,0.001005883,67070,7,533.421879
1780969411.768597,0.000995050,61344,8,493.193307
1780969411.769580,0.000999659,65754,9,526.211438
1780969411.770600,0.001004223,64240,8,511.758842
1780969411.771616,0.000996390,56868,6,456.592298
1780969411.772612,0.001004432,62660,6,499.068130
1780969411.773606,0.000993735,62660,6,504.440319
1780969411.774586,0.001000607,70164,10,560.971490
1780969411.775620,0.001013288,62858,9,496.269570
1780969411.776598,0.000987693,65622,7,531.517384
1780969411.777648,0.000998632,56868,6,455.567216
1780969411.778630,0.001004813,62924,10,500.980780
1780969411.779677,0.000997737,62792,8,503.475365
1780969411.780611,0.001001292,62726,7,501.160501
1780969411.781593,0.000998109,62726,7,502.758717
1780969411.782642,0.001009344,58514,9,463.778454
1780969411.783618,0.000997633,61344,8,491.916366
1780969411.784603,0.000990835,62792,8,506.982495
1780969411.785604,0.001004645,62660,6,498.962320
1780969411.786627,0.000996976,62660,6,502.800469
1780969411.787591,0.000999149,54104,8,433.200654
1780969411.788587,0.001000651,68716,10,549.370360
1780969411.789568,0.000998996,56934,7,455.929753
1780969411.790607,0.000999767,62726,7,501.924949
1780969411.791641,0.001002289,62792,8,501.188779
1780969411.792589,0.000997866,74574,11,597.867850
1780969411.793633,0.001006998,55486,7,440.803259
1780969411.794608,0.000994341,65622,7,527.963747
1780969411.795614,0.001006036,56802,5,451.689602
1780969411.796593,0.001003374,59830,7,477.030499
1780969411.797578,0.001002193,65820,10,525.407781
1780969411.798592,0.000997555,61344,8,491.954830
1780969411.799766,0.001003972,65688,8,523.424956
1780969411.800666,0.000989530,55420,6,448.051095
1780969411.801628,0.000997150,68782,11,551.828712
1780969411.802612,0.001000845,64240,8,513.486104
1780969411.803641,0.001000806,64174,7,512.978539
1780969411.804580,0.000997833,53972,6,432.713691
1780969411.805593,0.001000434,67202,9,537.382776
1780969411.806573,0.001001800,67268,10,537.177081
1780969411.807665,0.001009410,59830,7,474.177985
1780969411.808605,0.000990540,58316,6,470.983504
1780969411.809602,0.000998837,72862,7,583.574697
1780969411.810647,0.000998403,51076,6,409.261591
1780969411.811607,0.001002852,71678,11,571.793246
1780969411.812583,0.000997119,59830,7,480.022946
1780969411.813564,0.001004122,56868,6,453.076419
1780969411.814619,0.001002166,67070,7,535.400323
1780969411.815604,0.001000541,65754,9,525.747571
1780969411.816604,0.000995871,65688,8,527.682802
1780969411.817578,0.000997626,59830,7,479.778995
1780969411.818620,0.001001306,65886,11,526.400521
1780969411.819607,0.001005013,62924,10,500.881083
1780969411.820591,0.001002483,64306,9,513.173789
1780969411.821563,0.000990446,59764,6,482.723945
1780969411.822607,0.001005967,67070,7,533.377337
1780969411.823595,0.000994418,59962,9,482.388694
1780969411.824570,0.001004493,58382,7,464.966904
1780969411.825590,0.001004531,64108,6,510.550695
1780969411.826603,0.000990818,65622,7,529.841000
1780969411.827621,0.001004726,62858,9,500.498643
1780969411.828691,0.001004620,62792,8,500.025880
1780969411.829685,0.001003569,62660,6,499.497294
1780969411.830736,0.000990456,58316,6,471.023448
1780969411.831598,0.000997551,67400,12,540.523743
1780969411.832577,0.001001815,67136,8,536.114951
1780969411.833584,0.001006369,64108,6,509.618241
1780969411.834617,0.001004967,64174,7,510.854585
1780969411.835577,0.000990171,58448,8,472.225504
1780969411.836604,0.001005374,64240,8,511.172957
1780969411.837596,0.000991676,61212,6,493.806445
1780969411.838604,0.000999219,65688,8,525.914739
1780969411.839649,0.000999900,64438,11,515.555556
1780969411.840695,0.001011535,70098,9,554.389121
1780969411.841638,0.000998262,55420,6,444.131901
1780969411.842667,0.000990860,61212,6,494.213108
1780969411.843682,0.001016353,65556,6,516.009693
1780969411.844662,0.000991879,64306,9,518.660038
1780969411.845593,0.001003188,61278,7,488.666132
1780969411.846655,0.000993806,67136,8,540.435457
1780969411.847598,0.000996744,61212,6,491.295659
1780969411.848622,0.001000441,61278,7,490.007907
1780969411.849566,0.000997381,68716,10,551.171518
1780969411.850597,0.001006339,67136,8,533.704845
1780969411.851617,0.000999451,55420,6,443.603538
1780969411.852607,0.001006540,62660,6,498.022930
1780969411.853605,0.000991419,65556,6,528.987240
1780969411.854622,0.001001953,57000,8,455.111168
1780969411.855594,0.000995176,116830,7,939.170559
1780969411.856632,0.001003531,62660,6,499.516208
1780969411.857601,0.001006113,57146,9,454.390312
1780969411.858618,0.000989049,67202,9,543.568620
1780969411.859591,0.001010798,65622,7,519.367866
1780969411.860590,0.000997869,58250,5,466.995167
1780969411.861590,0.000993354,62990,11,507.291459
1780969411.862588,0.001000055,71678,11,573.392463
1780969411.863581,0.000997963,61344,8,491.753702
1780969411.864615,0.001009786,55420,6,439.063326
1780969411.865644,0.000990699,64306,9,519.277803
1780969411.866615,0.001001119,65754,9,525.444028
1780969411.867610,0.000998857,70032,8,560.897105
1780969411.868637,0.001012508,68584,8,541.893990
1780969411.869567,0.000986599,64372,10,521.970932
1780969411.870604,0.001003299,64240,8,512.230153
1780969411.871610,0.001007373,59764,6,474.612681
1780969411.872624,0.000993290,58514,9,471.274250
1780969411.873616,0.001004554,74706,13,594.938649
1780969411.874615,0.000994373,55420,6,445.868904
1780969411.875659,0.001001693,61382,7,490.226047
1780969411.876607,0.000996658,68518,7,549.982040
1780969411.877614,0.001007695,62858,9,499.024010
1780969411.878609,0.001004536,62726,7,499.542077
1780969411.879607,0.001000321,62660,6,501.119141
1780969411.880577,0.000987152,61212,6,496.069501
1780969411.881624,0.000999768,67466,13,539.853246
1780969411.882606,0.001010968,59962,9,474.491774
1780969411.883655,0.000989241,71546,9,578.593083
1780969411.884577,0.001007597,55420,6,440.017189
1780969411.885589,0.001002742,71744,12,572.382527
1780969411.886620,0.000998966,59830,7,479.135426
1780969411.887608,0.000990349,58382,7,471.607484
1780969411.888589,0.000999889,59830,7,478.693135
1780969411.889578,0.000999526,68716,10,549.988695
1780969411.894203,0.001003923,68584,8,546.527971
1780969411.894267,0.000996843,65622,7,526.638598
1780969411.894286,0.001000777,55552,8,444.070957
1780969411.894312,0.001008509,65886,11,522.640849
1780969411.894590,0.000990662,59830,7,483.151670
1780969411.895588,0.000999728,65622,7,525.118832
1780969411.896605,0.001012655,67070,7,529.854689
1780969411.897593,0.001000477,64372,10,514.730474
1780969411.898632,0.000992445,64240,8,517.832222
1780969411.899599,0.001005471,58316,6,463.989513
1780969411.901373,0.000992004,61212,6,493.643171
1780969411.901591,0.000998648,62660,6,501.958648
1780969411.902613,0.000998505,61410,9,492.015563
1780969411.903678,0.001006672,62726,7,498.482127
1780969411.904628,0.000992776,62660,6,504.927597
1780969411.905616,0.001004569,62660,6,499.000069
1780969411.906599,0.000995348,62660,6,503.622854
1780969411.907656,0.001004388,59830,7,476.548903
1780969411.908619,0.000996301,71612,10,575.023010
1780969411.909645,0.001000119,59830,7,478.583049
1780969411.910661,0.000999226,59764,6,478.482345
1780969411.911658,0.001000385,54170,9,433.193221
1780969411.912612,0.001012840,70164,10,554.196122
1780969411.913588,0.001000038,62726,7,501.788932
1780969411.914597,0.000986473,56868,6,461.182415
1780969411.915632,0.001009509,59698,5,473.085431
1780969411.916610,0.000992611,74574,11,601.033033
1780969411.917701,0.000998164,59896,8,480.049371
1780969411.918674,0.001007850,61344,8,486.929603
1780969411.919648,0.001003487,65886,11,525.256431
1780969411.920638,0.000990609,62792,8,507.098159
1780969411.921624,0.001002316,56934,7,454.419564
1780969411.922597,0.001002846,65622,7,523.486158
1780969411.923649,0.001005654,62660,6,498.461698
1780969411.924613,0.000987258,59896,8,485.352360
1780969411.925612,0.001000668,70164,10,560.937294
1780969411.926681,0.001003372,56934,7,453.941310
1780969411.927648,0.001000100,65622,7,524.923508
1780969411.928696,0.001007144,61476,10,488.319446
1780969411.929660,0.000990196,65820,10,531.773507
1780969411.930630,0.000998911,58436,8,467.997649
1780969411.931804,0.001011952,67136,8,530.744541
1780969411.932641,0.000988277,62660,6,507.226213
1780969411.933619,0.001001499,61212,6,488.963044
1780969411.934661,0.001009856,64306,9,509.427087
1780969411.935600,0.000988790,64240,8,519.746357
1780969411.936595,0.001000034,61278,7,490.207333
1780969411.937589,0.001014011,55420,6,437.233916
1780969411.938614,0.000992936,62660,6,504.846234
1780969411.939594,0.000992728,70098,9,564.891894
1780969411.940626,0.001008258,61344,8,486.732562
1780969411.941612,0.000992080,64240,8,518.022740
1780969411.942611,0.001012093,56868,6,449.508099
1780969411.943610,0.000999713,64174,7,513.539386
1780969411.944586,0.000991541,68782,11,554.950325
1780969411.945579,0.000998184,64240,8,514.854977
1780969411.946608,0.000997737,53972,6,432.755325
1780969411.947605,0.001007462,65622,7,521.087644
1780969411.948611,0.001004595,61278,7,487.981724
1780969411.949582,0.000987705,68716,10,556.571041
1780969411.950611,0.001004315,61344,8,488.643503
1780969411.951578,0.000995539,56868,6,456.982599
1780969411.952573,0.001006718,65622,7,521.472746
1780969411.953577,0.001005506,62858,9,500.110392
1780969411.954637,0.000995849,62858,9,504.960089
1780969411.955618,0.000992955,62726,7,505.368320
1780969411.956598,0.000999209,62660,6,501.676826
1780969411.957563,0.001002912,62660,6,499.824511
1780969411.958678,0.001009404,62792,8,497.656043
1780969411.959598,0.000989047,61344,8,496.186733
1780969411.960601,0.001003992,59830,7,476.736866
1780969411.961573,0.000995609,65622,7,527.291336
1780969411.962602,0.001005272,62792,8,499.701573
1780969411.963619,0.001003792,64306,9,512.504583
1780969411.964601,0.000989822,67202,9,543.144121
1780969411.965558,0.001000351,59830,7,478.472056
1780969411.966599,0.001005167,51208,8,407.558147
1780969411.967618,0.001006452,70296,12,558.762862
1780969411.968609,0.000996196,64240,8,515.882417
1780969411.969591,0.000998295,58316,6,467.324789
1780969411.970596,0.000994859,59830,7,481.113404
1780969411.971637,0.001013098,68848,12,543.663101
1780969411.972582,0.000985933,62792,8,509.503181
1780969411.973589,0.000999782,64174,7,513.503944
1780969411.974614,0.001000675,59830,7,478.317136
1780969411.975638,0.001005567,58646,11,466.570601
1780969411.976576,0.000994472,62792,8,505.128350
1780969411.977626,0.001012642,64240,8,507.504133
1780969411.978606,0.000986795,64174,7,520.262061
1780969411.979642,0.001013087,55486,7,438.153880
1780969411.980583,0.000994864,74508,10,599.141189
1780969411.981622,0.000992095,62726,7,505.806400
1780969411.982617,0.001007556,62726,7,498.044774
1780969411.983597,0.001005138,48312,8,384.520335
1780969411.984592,0.000998406,75956,10,608.618137
1780969411.985687,0.000993742,56934,7,458.340294
1780969411.986660,0.000995508,56868,6,456.996830
1780969411.987620,0.001012294,55618,9,439.540292
1780969411.988642,0.000989589,64306,9,519.860265
1780969411.989572,0.000997553,59830,7,479.814105
1780969411.990611,0.001009499,65622,7,520.036176
1780969411.991613,0.001005595,62660,6,498.490943
1780969411.992628,0.000986285,59962,9,486.366517
1780969411.993634,0.001002528,67202,9,536.260334
1780969411.994606,0.000996360,57000,8,457.665904
1780969411.995610,0.001000671,65886,11,526.734561
1780969411.996591,0.001006164,59962,9,476.757268
1780969411.997625,0.001004303,65688,8,523.252445
1780969411.998584,0.000988659,65622,7,530.998049
1780969411.999580,0.001007165,53906,5,428.180090
1780969412.000556,0.000992224,68716,10,554.036185
1780969412.001643,0.001011641,64240,8,508.006299
1780969412.002767,0.001001823,53972,6,430.990305
1780969412.003593,0.000988748,72928,8,590.063393
1780969412.004708,0.001011146,57000,8,450.973450
1780969412.005713,0.000988396,64174,7,519.419342
1780969412.006628,0.001007969,67136,8,532.841784
1780969412.007656,0.000991750,58316,6,470.408873
1780969412.008591,0.001010129,70164,10,555.683482
1780969412.009637,0.000991547,62858,9,507.150947
1780969412.010720,0.001002542,58382,7,465.871754
1780969412.011600,0.001005868,62924,10,500.455328
1780969412.012721,0.000990200,58448,8,472.211674
1780969412.013609,0.000999862,67136,8,537.162128
1780969412.014634,0.001013369,59764,6,471.804446
1780969412.015578,0.000986466,67004,6,543.386189
1780969412.016601,0.001012568,60028,10,474.263457
1780969412.017575,0.000999174,68650,9,549.654014
1780969412.018583,0.000987913,55486,7,449.318918
1780969412.019569,0.000999834,56868,6,455.019533
1780969412.020574,0.001011889,77536,12,613.000042
1780969412.021560,0.000988544,55486,7,449.032112
1780969412.022593,0.000999282,65622,7,525.353204
1780969412.023660,0.001014146,65622,7,517.653277
1780969412.024600,0.000995604,58448,8,469.648575
1780969412.025595,0.000991266,64174,7,517.915474
1780969412.026611,0.000999394,61278,7,490.521256
1780969412.027587,0.001007737,65622,7,520.945445
1780969412.028611,0.001004876,62660,6,498.847619
1780969412.029609,0.000999015,62924,10,503.888330
1780969412.030592,0.000988158,62858,9,508.890279
1780969412.031601,0.001012493,53972,6,426.448380
1780969412.032611,0.001001685,68518,7,547.221931
1780969412.033597,0.000986463,64438,11,522.578140
1780969412.034604,0.000999156,64240,8,514.354115
1780969412.035598,0.001000128,56934,7,455.413707
1780969412.036583,0.001003381,69966,7,557.841936
1780969412.037603,0.001002292,68716,10,548.470905
1780969412.038612,0.000994505,62858,9,505.642506
1780969412.039571,0.001005477,56934,7,452.990968
1780969412.040611,0.000994498,55420,6,445.812862
1780969412.041616,0.000999937,73060,10,584.516825
1780969412.042616,0.001000967,67202,9,537.096628
1780969412.043607,0.001000154,56934,7,455.401868
1780969412.044588,0.001006141,68518,7,544.798393
1780969412.045570,0.000999783,57000,8,456.098973
1780969412.046617,0.000993159,67202,9,541.319164
1780969412.047590,0.001000901,64174,7,512.929850
1780969412.048594,0.001005864,62660,6,498.357631
1780969412.049564,0.000995991,65556,6,526.558975
1780969412.050612,0.001008920,51076,6,404.995441
1780969412.051634,0.000993195,71612,10,576.821269
1780969412.052610,0.001009347,62792,8,497.684146
1780969412.053576,0.000987316,62726,7,508.254703
1780969412.054604,0.000998335,53906,5,431.967225
1780969412.055575,0.001013258,65688,8,518.628030
1780969412.056563,0.000987617,62858,9,509.169040
1780969412.057562,0.000998949,62726,7,502.335955
1780969412.058640,0.001007205,68518,7,544.222874
1780969412.059596,0.001000190,58580,10,468.550975
1780969412.060597,0.001005276,70296,12,559.416518
1780969412.061612,0.000996375,62726,7,503.633672
1780969412.062598,0.001001609,58316,6,465.778562
1780969412.063640,0.001000909,52656,8,420.865433
1780969412.064619,0.000988974,71678,11,579.817063
1780969412.065583,0.001003233,61344,8,489.170512
1780969412.066619,0.001006150,55420,6,440.650002
1780969412.067602,0.000990167,51010,5,412.132499
1780969412.068600,0.001005759,73060,10,581.133254
1780969412.069616,0.001001470,64240,8,513.165646
1780969412.070640,0.001004809,59830,7,476.349237
1780969412.071620,0.001002220,65886,11,525.920457
1780969412.072609,0.000996966,67268,10,539.781698
1780969412.073587,0.000993532,65622,7,528.393650
1780969412.074624,0.001006934,61212,6,486.323831
1780969412.075578,0.000988398,58382,7,472.538390
1780969412.076622,0.001011223,73126,11,578.515323
1780969412.077571,0.000992646,61278,7,493.855816
1780969412.078612,0.000996396,55354,5,444.433739
1780969412.079634,0.001011852,65622,7,518.826864
1780969412.080609,0.000989001,65820,10,532.416044
1780969412.081684,0.000999170,68518,7,548.599337
1780969412.082606,0.001001789,61212,6,488.821498
1780969412.083655,0.000998532,67400,12,539.992709
1780969412.084643,0.001004865,67136,8,534.487717
1780969412.085627,0.001006812,52458,5,416.824591
1780969412.086616,0.000992112,64174,7,517.473834
1780969412.087606,0.001000709,71414,7,570.907227
1780969412.088595,0.001000540,52656,8,421.020649
1780969412.089597,0.001000895,68716,10,549.236433
1780969412.090621,0.000993786,61278,7,493.289300
1780969412.091619,0.001006184,64240,8,510.761451
1780969412.092631,0.000997055,62792,8,503.819749
1780969412.093617,0.000996669,68518,7,549.975970
1780969412.094712,0.001011442,56868,6,449.797418
1780969412.095663,0.000997199,63056,12,505.864928
1780969412.096638,0.000991793,64306,9,518.705012
1780969412.097628,0.000999078,59830,7,479.081713
1780969412.098586,0.000999844,62660,6,501.358212
1780969412.099614,0.001003980,55552,8,442.654236
1780969412.100587,0.001007809,71744,12,569.504738
1780969412.101587,0.000989149,64240,8,519.557721
1780969412.102611,0.001001044,53906,5,430.798247
1780969412.103623,0.000998246,61344,8,491.614291
1780969412.104594,0.001005242,76088,12,605.529813
1780969412.105585,0.000995961,59830,7,480.581067
1780969412.106659,0.000998730,58316,6,467.121244
1780969412.107629,0.001000957,59896,8,478.709875
1780969412.108590,0.001000076,76088,12,608.657742
1780969412.109637,0.001000828,59830,7,478.244014
1780969412.110613,0.001011677,56868,6,449.692936
1780969412.111625,0.000986960,65820,10,533.517062
1780969412.112601,0.001004266,59962,9,477.658310
1780969412.113590,0.000995772,59764,6,480.142041
1780969412.114617,0.000999643,56802,5,454.578284
1780969412.115629,0.001013992,65886,11,519.814752
1780969412.116649,0.000986825,68716,10,557.067363
1780969412.117595,0.000999018,64108,6,513.368128
1780969412.118644,0.001002861,65622,7,523.478329
1780969412.119602,0.000997320,55486,7,445.080817
1780969412.120654,0.001000328,71612,10,572.708152
1780969412.121660,0.001006940,61212,6,486.320933
1780969412.122610,0.000994644,74376,8,598.212024
1780969412.123585,0.001009138,60028,10,475.875450
1780969412.124620,0.001002704,65688,8,524.086869
1780969412.125598,0.000996932,53972,6,433.104765
1780969412.126597,0.000996655,55618,9,446.437333
1780969412.127598,0.001006535,73126,11,581.209794
1780969412.128595,0.000997367,64306,9,515.806118
1780969412.129583,0.000988255,62726,7,507.771780
1780969412.130607,0.001007486,53906,5,428.043665
1780969412.131602,0.000998799,61344,8,491.342102
1780969412.132601,0.000998002,62858,9,503.870734
1780969412.133598,0.000998111,70098,9,561.845326
1780969412.134662,0.001008352,59830,7,474.675510
1780969412.135635,0.000993631,57066,9,459.454264
1780969412.136610,0.001005297,65754,9,523.260290
1780969412.137585,0.000993093,61278,7,493.633527
1780969412.138623,0.000997687,57066,9,457.586397
1780969412.139648,0.001006424,65886,11,523.723600
1780969412.140623,0.000998952,59896,8,479.670695
1780969412.141650,0.001000888,62858,9,502.417853
1780969412.142603,0.000993522,71678,11,577.162861
1780969412.143626,0.001001616,62858,9,502.052683
1780969412.144609,0.001005170,59830,7,476.178159
1780969412.145572,0.001000637,56868,6,454.654385
1780969412.146607,0.000994242,74574,11,600.047071
1780969412.147612,0.001008403,58448,8,463.687633
1780969412.148582,0.000994160,64174,7,516.407822
1780969412.149566,0.000996022,68518,7,550.333226
1780969412.150613,0.001000732,51076,6,408.309118
1780969412.151643,0.001007887,68716,10,545.426223
1780969412.152635,0.001004058,58448,8,465.694213
1780969412.153609,0.000993595,65622,7,528.360147
1780969412.154608,0.000993456,52458,5,422.428371
1780969412.155644,0.001014492,69966,7,551.732296
1780969412.156595,0.000985667,51142,7,415.085419
1780969412.157650,0.000999837,64240,8,514.003783
1780969412.158624,0.001011683,65556,6,518.391631
1780969412.159599,0.001000185,65622,7,524.878897
1780969412.160592,0.001001225,56802,5,453.860021
1780969412.161559,0.000987409,61410,9,497.544584
1780969412.162616,0.001007754,68716,10,545.498207
1780969412.163607,0.000993627,65622,7,528.343131
1780969412.164587,0.001001695,52458,5,418.953873
1780969412.165611,0.000997073,65952,12,529.164866
1780969412.166621,0.001011153,64306,9,508.773648
1780969412.167583,0.000988712,67136,8,543.219866
1780969412.168597,0.000999495,58316,6,466.763716
1780969412.169569,0.001010826,70362,13,556.867354
1780969412.170686,0.000995138,67268,10,540.773239
1780969412.171614,0.001001227,59830,7,478.053428
1780969412.172647,0.000993861,58316,6,469.409706
1780969412.173592,0.000999906,70164,10,561.364768
1780969412.174606,0.001000849,56868,6,454.558080
1780969412.175582,0.000997803,52458,5,420.588032
1780969412.176581,0.001000122,69966,7,559.659722
1780969412.177595,0.000999914,60094,11,480.793348
1780969412.178587,0.001008656,71612,10,567.979569
1780969412.179606,0.000998484,62726,7,502.569896
1780969412.180613,0.001000445,59764,6,477.899335
1780969412.181597,0.000993135,59962,9,483.011877
1780969412.182638,0.001011334,75824,8,599.793936
1780969412.183645,0.000999854,67070,7,536.638349
1780969412.184596,0.000989782,54236,10,438.367236
1780969412.185583,0.001002390,67268,10,536.860902
1780969412.186633,0.001007147,58316,6,463.217385
1780969412.187591,0.000989834,71348,6,576.646185
1780969412.188583,0.001006712,54302,11,431.519640
1780969412.189592,0.001001343,70098,9,560.031877
1780969412.190593,0.001001032,68584,8,548.106354
1780969412.191611,0.000998063,56868,6,455.826937
1780969412.192581,0.000992369,65952,12,531.673198
1780969412.193584,0.001000172,65688,8,525.413629
1780969412.194617,0.001001910,55420,6,442.514797
1780969412.195601,0.000998716,49694,7,398.063113
1780969412.196602,0.001012604,68848,12,543.928327
1780969412.197669,0.000998015,59896,8,480.121040
1780969412.198691,0.000998617,58316,6,467.174102
1780969412.199583,0.000990394,62792,8,507.208242
1780969412.200598,0.001009280,70230,11,556.674065
1780969412.201565,0.000989929,68518,7,553.720519
1780969412.202582,0.001011506,61212,6,484.125650
1780969412.203598,0.001001048,55552,8,443.950740
1780969412.204596,0.000988251,73126,11,591.962973
1780969412.205570,0.001003850,56868,6,453.199183
1780969412.206631,0.001006121,59764,6,475.203281
1780969412.207608,0.000996327,67070,7,538.538050
1780969412.208593,0.001000138,73126,11,584.927280
1780969412.209621,0.000994047,56868,6,457.668501
1780969412.210622,0.001011925,58316,6,461.030215
1780969412.211596,0.000987512,68518,7,555.075786
1780969412.212592,0.001009115,52656,8,417.443007
1780969412.213754,0.001002945,68650,9,547.587355
1780969412.214672,0.000989410,64108,6,518.353362
1780969412.215625,0.001007574,56868,6,451.524156
1780969412.216621,0.000991510,45350,7,365.906547
1780969412.217580,0.001006577,71744,12,570.201783
1780969412.218585,0.000992377,65688,8,529.540689
1780969412.219584,0.001000146,56802,5,454.349665
1780969412.220591,0.001008736,64174,7,508.945849
1780969412.221736,0.001001867,60094,11,479.856109
1780969412.222627,0.000997546,74574,11,598.059638
1780969412.223650,0.001002110,56934,7,454.512978
1780969412.224625,0.000997506,59698,5,478.778073
1780969412.225602,0.001002526,71744,12,572.505850
1780969412.226673,0.000990460,61344,8,495.478868
1780969412.227623,0.000999848,55420,6,443.427401
1780969412.228603,0.001000941,62726,7,501.336243
1780969412.229605,0.001000036,58580,10,468.623130
1780969412.230657,0.001010199,73060,10,578.579072
1780969412.231592,0.000988099,53906,5,436.442097
1780969412.232677,0.000999991,71348,6,570.789137
1780969412.233628,0.001001337,52788,10,421.740133
1780969412.234723,0.001002931,70164,10,559.671603
1780969412.235589,0.000997398,67136,8,538.489149
1780969412.236664,0.001005838,61146,5,486.328812
1780969412.237684,0.000993107,60094,11,484.088824
1780969412.238657,0.001010392,71546,9,566.481128
1780969412.239624,0.001004479,53906,5,429.325053
1780969412.240590,0.000995129,68518,7,550.827079
1780969412.241585,0.000993224,59764,6,481.373789
1780969412.242612,0.000998542,64306,9,515.199160
1780969412.243631,0.001008184,64240,8,509.748221
1780969412.244630,0.000995679,59830,7,480.717179
1780969412.245606,0.000993991,67334,11,541.928448
1780969412.246684,0.001007735,73060,10,579.993748
1780969412.247602,0.001000870,59896,8,478.751486
1780969412.248612,0.001002520,64108,6,511.574831
1780969412.249606,0.001003800,55420,6,441.681610
1780969412.250613,0.000994277,74508,10,599.494909
1780969412.251590,0.000992839,59830,7,482.092263
1780969412.252607,0.000998588,53906,5,431.857783
1780969412.253601,0.000998848,65754,9,526.638688
1780969412.254610,0.001000751,73192,12,585.096592
1780969412.255566,0.001006220,62792,7,499.230785
1780969412.256583,0.000993320,59698,5,480.795715
1780969412.257603,0.001009766,58580,10,464.107526
1780969412.258630,0.000990197,67334,11,544.004880
1780969412.259604,0.001007495,62726,7,498.074928
1780969412.260640,0.001000078,59764,6,478.074710
1780969412.261622,0.000997326,58580,10,469.896503
1780969412.262613,0.001006642,77602,13,616.719747
1780969412.263618,0.000998749,59764,6,478.710867
1780969412.264606,0.000995412,59764,6,480.315688
1780969412.265580,0.000994125,59830,7,481.468628
1780969412.266612,0.001009406,65952,12,522.699489
1780969412.267606,0.000996241,64240,8,515.859114
1780969412.268605,0.000994318,59764,6,480.844156
1780969412.269585,0.001000891,61212,6,489.260069
1780969412.270650,0.001010266,62660,6,496.186153
1780969412.271616,0.000989424,58250,5,470.981096
1780969412.272638,0.001006957,64306,9,510.893712
1780969412.273586,0.000993225,67202,9,541.283194
1780969412.274727,0.001000657,53972,6,431.492509
1780969412.275689,0.001002167,61212,6,488.637123
1780969412.276611,0.001001713,67466,13,538.805027
1780969412.277589,0.001001350,70164,10,560.555250
1780969412.278601,0.000993262,55486,7,446.899207
1780969412.279618,0.001017838,59764,6,469.732904
1780969412.280591,0.000994321,70296,12,565.579928
1780969412.281561,0.000987827,65754,9,532.514297
1780969412.282608,0.001013945,64240,8,506.851950
1780969412.283597,0.000986283,57132,10,463.412631
1780969412.284608,0.000999830,71744,12,574.049588
1780969412.285607,0.001010548,61278,7,485.107090
1780969412.286600,0.000996742,59698,5,479.145055
1780969412.287613,0.001000642,57132,10,456.762758
1780969412.288592,0.001001253,71678,11,572.706399
1780969412.289618,0.001002180,65688,8,524.360893
1780969412.290601,0.000998461,58316,6,467.247093
1780969412.291612,0.001004682,57132,10,454.926036
1780969412.292594,0.000985900,76022,11,616.873922
1780969412.293639,0.001000299,65622,7,524.819079
1780969412.294613,0.001002152,51010,5,407.203698
1780969412.295656,0.001006496,57132,10,454.106127
1780969412.296606,0.000991514,65754,9,530.534112
1780969412.297559,0.001000071,75824,8,606.548935
1780969412.298603,0.001008402,56868,6,451.153409
1780969412.299629,0.000991418,64042,5,516.770928
1780969412.300652,0.001000578,58382,7,466.786198
1780969412.301609,0.001001748,67202,9,536.677887
1780969412.302715,0.001009809,71480,8,566.285307
1780969412.303664,0.000997533,51010,5,409.089223
1780969412.304677,0.000990666,56802,5,458.697482
1780969412.305594,0.000999182,91884,10,735.673781
1780969412.306638,0.001000388,68584,8,548.459198
1780969412.307672,0.000999647,61212,6,489.868924
1780969412.308586,0.001001959,67070,7,535.510934
1780969412.309669,0.000998595,54038,7,432.912242
1780969412.310619,0.000999372,67202,9,537.953835
1780969412.311600,0.001002057,61344,8,489.744595
1780969412.312570,0.001006460,59830,7,475.567832
1780969412.313560,0.000991066,64438,11,520.151029
1780969412.314607,0.001001385,67202,9,536.872432
1780969412.315598,0.001012544,52524,6,414.986410
1780969412.316594,0.000989373,67136,8,542.856941
1780969412.317580,0.000996795,74640,12,599.039923
1780969412.318609,0.001008578,61278,7,486.054623
1780969412.319579,0.000992094,55420,6,446.893137
1780969412.320583,0.000999492,64174,7,513.652936
1780969412.321582,0.001005592,61344,8,488.022976
1780969412.322612,0.000999251,72994,9,584.389708
1780969412.323605,0.001001796,56868,6,454.128385
1780969412.324588,0.000999153,62792,8,502.761839
1780969412.325582,0.000994133,70296,12,565.686885
1780969412.326621,0.001007640,64240,8,510.023421
1780969412.327594,0.000993974,55420,6,446.047885
1780969412.328588,0.001000834,62858,9,502.444961
1780969412.329587,0.000999660,73126,11,585.206970
1780969412.330600,0.001003991,58448,8,465.725290
1780969412.331721,0.000996261,70032,8,562.358659
1780969412.332704,0.000998732,51142,7,409.655443
1780969412.333638,0.001000055,70296,12,562.337071
1780969412.334600,0.001000327,70032,8,560.072856
1780969412.335583,0.000998948,56802,5,454.894549
1780969412.336666,0.001002879,64174,7,511.918188
1780969412.337614,0.000997198,58646,11,470.486303
1780969412.338594,0.001000000,68584,8,548.672000
1780969412.339645,0.000999640,68518,7,548.341403
1780969412.340658,0.001001217,56868,6,454.391006
1780969412.341680,0.001012100,62792,8,496.330402
1780969412.342705,0.000992680,68650,9,553.249788
1780969412.343662,0.000994742,67070,7,539.396145
1780969412.344620,0.001003252,58316,6,465.015769
1780969412.345614,0.001009194,67070,7,531.671809
1780969412.347667,0.001995528,128546,17,515.336292
1780969412.348600,0.000991389,59830,7,482.797368
1780969412.349564,0.000999573,54170,9,433.545124
1780969412.350590,0.001001185,71546,9,571.690547
1780969412.351616,0.001000137,65622,7,524.904088
1780969412.352611,0.001002777,59764,6,476.787960
1780969412.353592,0.001008965,48378,9,383.585159
1780969412.354604,0.000996110,76022,11,610.551044
1780969412.355604,0.000991616,62726,7,506.050729
1780969412.356642,0.001008273,61212,6,485.677986
1780969412.357589,0.000992383,58660,10,472.881942
1780969412.358622,0.001001610,67202,9,536.751830
1780969412.359616,0.001008049,67070,7,532.275713
1780969412.360606,0.000997057,59698,5,478.993678
1780969412.361569,0.001003775,62990,11,502.024856
1780969412.362608,0.000988146,70164,10,568.045613
1780969412.363584,0.001000678,59764,6,477.788060
1780969412.364563,0.001002257,61146,5,488.066434
1780969412.365563,0.001004882,64504,12,513.524971
1780969412.366610,0.000992834,68716,10,553.695784
1780969412.367601,0.001000601,65556,6,524.132996
1780969412.368608,0.001005180,64108,6,510.221055
1780969412.369616,0.001002380,54170,9,432.331052
1780969412.370686,0.000995783,68584,8,550.995548
1780969412.371621,0.001002519,65556,6,523.130235
1780969412.373733,0.002001129,115436,16,461.483493
1780969412.374653,0.000992980,72928,8,587.548591
1780969412.375605,0.001010631,61382,7,485.890498
1780969412.376596,0.000990476,62858,9,507.699328
1780969412.377626,0.001004264,62726,7,499.677376
1780969412.378620,0.000995345,62660,6,503.624371
1780969412.379616,0.001007191,68584,8,544.754669
1780969412.380604,0.001004944,57000,8,453.756627
1780969412.381598,0.000994994,67202,9,540.320846
1780969412.382615,0.000994325,58382,7,469.721670
1780969412.383583,0.000996804,68518,7,549.901485
1780969412.384602,0.001001983,55354,5,441.955602
1780969412.385628,0.001004365,65754,9,523.745849
1780969412.386600,0.001004647,64372,10,512.593976
1780969412.387618,0.000999884,55420,6,443.411436
1780969412.388633,0.000995514,62726,7,504.069255
1780969412.389720,0.000994956,71810,13,577.392367
1780969412.390610,0.000999127,61344,8,491.180801
1780969412.391625,0.001001143,64108,6,512.278466
1780969412.392713,0.001000917,59764,6,477.673973
1780969412.393578,0.000998147,72862,7,583.978111
1780969412.394615,0.001001640,48114,5,384.281778
1780969412.395612,0.001007705,70164,10,557.020160
1780969412.396586,0.000995363,67136,8,539.590079
1780969412.397575,0.001007803,62726,7,497.922709
1780969412.398603,0.000987101,65952,12,534.510653
1780969412.399575,0.000999633,55552,8,444.579161
1780969412.400588,0.001002346,64174,7,512.190401
1780969412.401583,0.001002547,61212,6,488.451913
1780969412.402614,0.001004960,62990,11,501.432893
1780969412.403616,0.000999549,68650,9,549.447801
1780969412.404605,0.000999187,62660,6,501.687872
1780969412.405607,0.000993710,61344,8,493.858369
1780969412.406616,0.001010664,71678,11,567.373529
1780969412.407587,0.000990277,62726,7,506.734984
1780969412.408584,0.001012543,59764,6,472.189329
1780969412.409611,0.000984623,52458,5,426.217953
1780969412.410602,0.001004525,65952,12,525.239292
1780969412.411606,0.000996994,74442,9,597.331579
1780969412.412672,0.000999713,55420,6,443.487281
1780969412.413637,0.000999682,62792,8,502.495794
1780969412.414625,0.000999957,76088,12,608.730175
1780969412.415607,0.001009589,64240,8,509.038827
1780969412.416586,0.000995136,56868,6,457.167664
1780969412.417571,0.001002731,59962,9,478.389518
1780969412.418609,0.000995170,70164,10,564.036295
1780969412.419592,0.000996009,58316,6,468.397374
1780969412.420607,0.001009965,67004,6,530.743145
1780969412.421578,0.000990190,68914,13,556.773952
1780969412.422599,0.001011161,64306,9,508.769622
1780969412.423589,0.001001186,53972,6,431.264520
1780969412.424595,0.000987689,69966,7,566.704702
1780969412.425612,0.001013101,64372,10,508.316545
1780969412.426602,0.000996578,52524,6,421.634834
1780969412.427593,0.000992698,71414,7,575.514406
1780969412.428643,0.001002902,67070,7,535.007409
1780969412.429683,0.001006475,51076,6,405.979284
1780969412.430699,0.000998131,73060,10,585.574439
1780969412.431804,0.001002792,59830,7,477.307358
1780969412.432677,0.000996459,68584,8,550.621752
1780969412.433619,0.000992545,49496,4,398.942113
1780969412.434592,0.000999147,70218,11,562.223577
1780969412.435605,0.001003705,61344,8,488.940476
1780969412.436608,0.001006947,62660,6,497.821633
1780969412.437638,0.000992619,68518,7,552.219935
1780969412.438606,0.001000968,65754,9,525.523293
1780969412.439602,0.001006901,62858,9,499.417520
1780969412.440595,0.000995801,68518,7,550.455362
1780969412.441609,0.000993389,59764,6,481.293834
1780969412.442611,0.001002527,65820,10,525.232737
1780969412.443568,0.001002530,64240,8,512.623064
1780969412.444590,0.001004032,55420,6,441.579551
1780969412.445565,0.000994132,65754,9,529.136976
1780969412.446598,0.000995982,67334,11,540.845116
1780969412.447604,0.001009574,67070,7,531.471690
1780969412.448597,0.000991201,53906,5,435.076236
1780969412.449563,0.001000602,80432,12,643.068873
1780969412.450600,0.001000150,56868,6,454.875769
1780969412.451609,0.001007714,61212,6,485.947402
1780969412.452603,0.000996641,65622,7,526.745338
1780969412.453590,0.001000117,55354,5,442.780195
1780969412.454610,0.000995399,70164,10,563.906534
1780969412.455634,0.001004914,135852,8,1081.501502
1780969412.456570,0.000993676,58250,5,468.965739
1780969412.457564,0.001000663,58316,6,466.218897
1780969412.458612,0.001011949,64504,12,509.938742
1780969412.459624,0.001000560,72994,9,583.625170
1780969412.460634,0.000987238,53906,5,436.822732
1780969412.461597,0.001006407,68518,7,544.654399
1780969412.462614,0.001000455,45416,8,363.162761
1780969412.463573,0.000992608,65820,10,530.481318
1780969412.464585,0.001006075,61344,8,487.788684
1780969412.465622,0.000993541,54104,8,435.645836
1780969412.466605,0.001008864,70230,11,556.903606
1780969412.467580,0.000994323,65688,8,528.504319
1780969412.468614,0.001005321,55354,5,440.488162
1780969412.469607,0.000992101,64372,10,519.076183
1780969412.470595,0.001007979,68716,10,545.376441
1780969412.471579,0.000991470,67136,8,541.708776
1780969412.472600,0.001005270,65556,6,521.698648
1780969412.473622,0.000998896,61608,12,493.408723
1780969412.474639,0.001010983,71612,10,566.672239
1780969412.475572,0.000999418,53972,6,432.027440
1780969412.476668,0.001000215,69966,7,559.607684
1780969412.477598,0.000994501,54236,10,436.287143
1780969412.478619,0.000996690,68716,10,551.553643
1780969412.479616,0.000994476,65688,8,528.423009
1780969412.480591,0.001003322,58250,5,464.457074
1780969412.481574,0.001006166,64504,12,512.869646
1780969412.482618,0.000991729,67268,10,542.632110
1780969412.483627,0.000999499,64174,7,513.649338
1780969412.484610,0.001003090,58250,5,464.564496
1780969412.485576,0.001008323,68782,11,545.714022
1780969412.486609,0.001000253,65688,8,525.371081
1780969412.487599,0.000993042,53972,6,434.801348
1780969412.488593,0.000993986,70098,9,564.176960
1780969412.489613,0.001010526,67334,11,533.061000
1780969412.490634,0.000989986,58382,7,471.780409
1780969412.491571,0.000999843,67004,6,536.116170
1780969412.492593,0.001000085,62792,8,502.293305
1780969412.493625,0.001006211,65952,12,524.359205
1780969412.494680,0.000999330,61410,9,491.609378
1780969412.495608,0.000995456,59896,8,481.355278
1780969412.496566,0.000999635,64108,6,513.051264
1780969412.497590,0.001005739,62726,7,498.944557
1780969412.498608,0.000993641,65688,8,528.867066
1780969412.499607,0.001000057,71480,8,571.807407
1780969412.500587,0.001000719,56868,6,454.617130
1780969412.501569,0.000999255,61278,7,490.589489
1780969412.502617,0.001000122,65820,10,526.495768
1780969412.503608,0.001010761,62726,7,496.465534
1780969412.504593,0.000998726,62660,6,501.919445
1780969412.505563,0.000990835,62660,6,505.916727
1780969412.506655,0.001013048,58316,6,460.519146
1780969412.507621,0.000986357,73060,10,592.564356
1780969412.508564,0.001001836,61212,6,488.798566
1780969412.509591,0.001002773,59698,5,476.263322
1780969412.510621,0.000996351,68848,12,552.801171
1780969412.511616,0.000999038,59830,7,479.100895
1780969412.512593,0.001011977,68518,7,541.656579
1780969412.513602,0.000989364,54038,7,436.951415
1780969412.514616,0.000999573,67202,9,537.845660
1780969412.515699,0.001001905,62792,8,501.380869
1780969412.516671,0.001006473,67004,6,532.584580
1780969412.517604,0.000994494,57132,10,459.586483
1780969412.518616,0.000996004,68716,10,551.933526
1780969412.519604,0.001000159,59830,7,478.563908
1780969412.520594,0.001004198,68518,7,545.852511
1780969412.521600,0.000995963,60028,10,482.170522
1780969412.522611,0.001000263,65688,8,525.365829
1780969412.523608,0.000999798,52458,5,419.748789
1780969412.524638,0.000999782,64174,7,513.503944
1780969412.525647,0.000999891,75956,10,607.714241
1780969412.526662,0.001000394,53972,6,431.605947
1780969412.527656,0.001000403,71414,7,571.081854
1780969412.528640,0.001000666,59764,6,477.793789
1780969412.529635,0.000999269,65886,11,527.473583
1780969412.530620,0.000999820,55552,8,444.496009
1780969412.531655,0.001001450,73060,10,583.633731
1780969412.532631,0.000998343,62726,7,502.640876
1780969412.533642,0.001001334,55420,6,442.769346
1780969412.534674,0.001012007,71678,11,566.620587
1780969412.535657,0.000987512,59896,8,485.227521
1780969412.536619,0.000999701,62726,7,501.958085
1780969412.537594,0.001006106,65622,7,521.789951
1780969412.538608,0.001000998,53906,5,430.818044
1780969412.539642,0.000993211,55486,7,446.922155
1780969412.540598,0.001005488,68650,9,546.202441
1780969412.541585,0.000997283,65688,8,526.935684
1780969412.542612,0.000999679,55420,6,443.502364
1780969412.543652,0.000996252,62660,6,503.165866
1780969412.544670,0.001007201,58250,5,462.668325
1780969412.545619,0.000993382,70164,10,565.051511
1780969412.546683,0.001011385,67202,9,531.564142
1780969412.547652,0.000988353,59830,7,484.280414
1780969412.548587,0.001001512,62660,6,500.523209
1780969412.549588,0.000998891,62660,6,501.836537
1780969412.550604,0.001008029,61410,9,487.366931
1780969412.551586,0.000991724,62858,9,507.060432
1780969412.552582,0.001000561,53972,6,431.533909
1780969412.553643,0.001007963,75758,7,601.276039
1780969412.554745,0.000991746,57000,8,459.795149
1780969412.555598,0.001010918,62792,8,496.910729
1780969412.556717,0.000991272,62726,7,506.226344
1780969412.557613,0.001001170,62726,7,501.221571
1780969412.558637,0.001001680,59896,8,478.364348
1780969412.559657,0.001004653,68650,9,546.656408
1780969412.560664,0.000991757,64240,8,518.191452
1780969412.561699,0.000998263,52458,5,420.394225
1780969412.562607,0.001000748,69966,7,559.309636
1780969412.563613,0.001000769,57066,9,456.177200
1780969412.564590,0.001001355,65754,9,525.320191
1780969412.565567,0.000999419,61278,7,490.508986
1780969412.566598,0.001002661,64372,10,513.609286
1780969412.567605,0.001003858,71612,10,570.694262
1780969412.568608,0.000997485,52524,6,421.251447
1780969412.569575,0.000993491,64306,9,517.818480
1780969412.570659,0.001011812,62924,10,497.515349
1780969412.571585,0.000995261,67202,9,540.175894
1780969412.572590,0.001003849,56934,7,453.725610
1780969412.573661,0.000990844,64240,8,518.668933
1780969412.574616,0.001002990,65820,10,524.990279
1780969412.575600,0.000997625,56934,7,456.556321
1780969412.576585,0.000997648,67070,7,537.824964
1780969412.577566,0.001007812,62660,6,497.394355
1780969412.578590,0.000994571,59830,7,481.252721
1780969412.579616,0.001006413,67268,10,534.714874
1780969412.580581,0.001001448,62726,7,501.082433
1780969412.581632,0.000994576,62726,7,504.544650
1780969412.582589,0.000998354,62990,11,504.750820
1780969412.583608,0.000997118,68716,10,551.316895
1780969412.584668,0.001013693,56934,7,449.319469
1780969412.585598,0.000993393,62726,7,505.145496
1780969412.586614,0.000993220,51142,7,411.928878
1780969412.587675,0.001012013,73192,12,578.585453
1780969412.588611,0.000987885,64306,9,520.756971
1780969412.589670,0.001012104,56934,7,450.024899
1780969412.590600,0.000987285,65622,7,531.737036
1780969412.591686,0.001014946,53906,5,424.897482
1780969412.592645,0.000997904,71546,9,573.570203
1780969412.593781,0.000988224,59896,8,484.877922
1780969412.594617,0.001006688,64240,8,510.505738
1780969412.595841,0.000992632,56868,6,458.320908
1780969412.596677,0.000999401,71414,7,571.654421
1780969412.597625,0.001006834,52524,6,417.339899
1780969412.598595,0.000995417,64306,9,516.816570
1780969412.599624,0.001007898,71546,9,567.882861
1780969412.600630,0.001000718,64174,7,513.023649
1780969412.601588,0.000989364,58250,5,471.009659
1780969412.602636,0.001001802,55552,8,443.616603
1780969412.603612,0.001004812,68650,9,546.569906
1780969412.604582,0.000996603,71546,9,574.318962
1780969412.605566,0.001001225,53972,6,431.247722
1780969412.606614,0.001006248,70296,12,558.876142
1780969412.607581,0.000989079,61410,9,496.704510
1780969412.608578,0.001000287,59830,7,478.502670
1780969412.609561,0.000999981,62726,7,501.817535
1780969412.610613,0.001006067,64108,6,509.771218
1780969412.611567,0.000993578,61278,7,493.392567
1780969412.612583,0.001008068,61344,8,486.824302
1780969412.613613,0.000992929,67136,8,540.912794
1780969412.614706,0.001000591,55420,6,443.098129
1780969412.615627,0.001008506,68650,9,544.567905
1780969412.616685,0.000992052,64240,8,518.037361
1780969412.617658,0.001004580,64240,8,511.576977
1780969412.618582,0.000999235,53972,6,432.106562
1780969412.619656,0.000995233,70098,9,563.470062
1780969412.620572,0.000999321,64306,9,514.797548
1780969412.621618,0.001011042,59896,8,473.934812
1780969412.622601,0.000989253,62726,7,507.259518
1780969412.623664,0.001001372,56802,5,453.793395
1780969412.624639,0.001005596,64372,10,512.110231
1780969412.625630,0.000996333,62792,8,504.184846
1780969412.626791,0.001003229,46666,5,372.126404
1780969412.627649,0.000998847,71480,8,572.500093
1780969412.628634,0.000994333,59830,7,481.367912
1780969412.629684,0.001000012,67202,9,537.609549
1780969412.630599,0.000999809,65754,9,526.132491
1780969412.631576,0.001008289,62726,7,497.682708
1780969412.632634,0.000993265,58316,6,469.691371
1780969412.633597,0.001003874,68716,10,547.606572
1780969412.634606,0.001000537,62858,9,502.594107
1780969412.635625,0.000999492,64174,7,513.652936
1780969412.636600,0.001006672,62660,6,497.957627
1780969412.637583,0.000994533,53972,6,434.149495
1780969412.638602,0.000993324,68716,10,553.422650
1780969412.639612,0.001010764,65754,9,520.430091
1780969412.640580,0.000988756,59764,6,483.549025
1780969412.641589,0.001009133,62660,6,496.743244
1780969412.642625,0.000993455,51076,6,411.299958
1780969412.643593,0.000998357,68716,10,550.632690
1780969412.644660,0.001000923,61344,8,490.299454
1780969412.645637,0.001000309,67070,7,536.394254
1780969412.646662,0.001014015,59896,8,472.545278
1780969412.647621,0.000984941,65886,11,535.146775
1780969412.648576,0.001006612,59962,9,476.545084
1780969412.649581,0.000993357,67136,8,540.679735
1780969412.650734,0.001011991,59830,7,472.968633
1780969412.651657,0.000988618,68848,12,557.125199
1780969412.652700,0.001004467,59896,8,477.037075
1780969412.653681,0.000994980,64174,7,515.982231
1780969412.654688,0.001011890,62660,6,495.389815
1780969412.655635,0.000987356,61212,6,495.967007
1780969412.656673,0.001003075,65820,10,524.945792
1780969412.657598,0.001002165,62792,8,501.250792
1780969412.658635,0.000994770,62726,7,504.446254
1780969412.659606,0.001008059,56868,6,451.306918
1780969412.660608,0.001004251,74310,7,591.963563
1780969412.661618,0.000998819,55486,7,444.412852
1780969412.662645,0.000996029,65754,9,528.129201
1780969412.663695,0.000999660,56934,7,455.626913
1780969412.664643,0.000993980,64174,7,516.501338
1780969412.665607,0.001004596,65556,6,522.048664
1780969412.666621,0.001000439,55552,8,444.220987
1780969412.667744,0.000994299,61410,9,494.096846
1780969412.668668,0.001012721,67070,7,529.820158
1780969412.669644,0.000994890,61344,8,493.272623
1780969412.670673,0.001005860,62990,11,500.984232
1780969412.671606,0.000993944,64306,9,517.582479
1780969412.672592,0.000995600,59896,8,481.285657
1780969412.673597,0.001010468,65688,8,520.060012
1780969412.674630,0.000993716,62990,11,507.106658
1780969412.675596,0.000992853,59896,8,482.617266
1780969412.676601,0.001003503,64174,7,511.599866
1780969412.677644,0.000996849,62726,7,503.394195
1780969412.678622,0.001000105,62990,11,503.867094
1780969412.679609,0.000999579,62924,10,503.604017
1780969412.680624,0.001000147,62792,8,502.262167
1780969412.681633,0.001009557,62726,7,497.057620
1780969412.682651,0.000994987,64438,11,518.101242
1780969412.683587,0.000995401,64372,10,517.355317
1780969412.684595,0.000999582,62726,7,502.017843
1780969412.685601,0.001010600,56868,6,450.172175
1780969412.686602,0.000989998,67334,11,544.114231
1780969412.687576,0.001005446,67202,9,534.704002
1780969412.688583,0.000995273,61344,8,493.082802
1780969412.689606,0.001007426,56868,6,451.590489
1780969412.690614,0.000992169,67268,10,542.391468
1780969412.691603,0.001011522,67268,10,532.014133
1780969412.692585,0.000988383,62792,8,508.240227
1780969412.693580,0.001011730,56868,6,449.669378
1780969412.694625,0.000999358,62858,9,503.187046
1780969412.695611,0.000989129,68848,12,556.837379
1780969412.696630,0.000999965,64240,8,513.937988
1780969412.697591,0.001007948,56868,6,451.356618
1780969412.698595,0.000998305,65688,8,526.396242
1780969412.699606,0.000998829,68914,13,551.958343
1780969412.700583,0.000996200,62858,9,504.782172
1780969412.701556,0.000997627,58382,7,468.166960
1780969412.702609,0.001000588,62726,7,501.513110
1780969412.703615,0.001012426,68848,12,544.023958
1780969412.704596,0.000987197,65754,9,532.854131
1780969412.705587,0.001008366,53972,6,428.193731
1780969412.706627,0.001004893,59764,6,475.783989
1780969412.707588,0.000989964,71678,11,579.237225
1780969412.708600,0.001002494,58382,7,465.894060
1780969412.709613,0.000994397,64240,8,516.815718
1780969412.710620,0.001000544,62858,9,502.590591
1780969412.711607,0.001003563,62858,9,501.078657
1780969412.712641,0.001002856,65688,8,524.007435
1780969412.713598,0.001004890,61476,10,489.414762
1780969412.714622,0.000992524,64306,9,518.322983
1780969412.715605,0.000995556,61278,7,492.412280
1780969412.716590,0.001002682,67070,7,535.124795
1780969412.717583,0.000997711,55354,5,443.847968
1780969412.718593,0.000999729,61212,6,489.828744
1780969412.719662,0.001003828,58514,9,466.326901
1780969412.720622,0.001000429,67136,8,536.857688
1780969412.721684,0.001000689,67070,7,536.190565
1780969412.722624,0.001001364,46798,7,373.874036
1780969412.723604,0.001001951,65820,10,525.534682
1780969412.724582,0.000996903,65688,8,527.136542
1780969412.725601,0.000999645,61278,7,490.398091
1780969412.726627,0.001001764,64504,12,515.123322
1780969412.727617,0.001001378,62858,9,502.172007
1780969412.728613,0.001003376,65688,8,523.735868
1780969412.729690,0.000989547,62990,11,509.243118
1780969412.730910,0.001006939,62924,10,499.923034
1780969412.731595,0.001007021,62792,8,498.833689
1780969412.732570,0.000985355,62660,6,508.730356
1780969412.733656,0.001007824,62660,6,497.388433
1780969412.735200,0.000997712,54104,8,433.824591
1780969412.735595,0.000994746,61344,8,493.344030
1780969412.736654,0.001008648,72928,8,578.421808
1780969412.737668,0.000997944,58250,5,466.960070
1780969412.738616,0.000994345,55684,10,448.005471
1780969412.739593,0.001002305,67202,9,536.379645
1780969412.740674,0.001009673,69966,7,554.365621
1780969412.741618,0.000986796,56868,6,461.031459
1780969412.742596,0.000999625,68848,12,550.990621
1780969412.743662,0.001010967,58448,8,462.511635
1780969412.744645,0.001001326,62660,6,500.616183
1780969412.745625,0.001000373,62660,6,501.093092
1780969412.746579,0.000987215,68650,9,556.312455
1780969412.747656,0.001000371,67136,8,536.888814
1780969412.748613,0.001000534,62726,7,501.540178
1780969412.749640,0.001005230,55486,7,441.578544
1780969412.750654,0.000994700,62858,9,505.543380
1780969412.751592,0.000999403,67136,8,537.408833
1780969412.752612,0.001000030,52458,5,419.651410
1780969412.753620,0.001012081,71678,11,566.579157
1780969412.754591,0.000991419,67268,10,542.801782
1780969412.755589,0.001001015,62792,8,501.826646
1780969412.756686,0.000997051,59698,5,478.996561
1780969412.757615,0.001006551,64504,12,512.673476
1780969412.758873,0.000993634,64240,8,517.212575
1780969412.759643,0.001003870,71546,9,570.161475
1780969412.760613,0.001000871,52590,7,420.353872
1780969412.761584,0.000993329,70230,11,565.613206
1780969412.762595,0.001000227,68650,9,549.075360
1780969412.763597,0.001000637,56868,6,454.654385
1780969412.764599,0.000999411,59764,6,478.393774
1780969412.765702,0.001000422,61212,6,489.489435
1780969412.766654,0.001009322,42454,7,336.495192
1780969412.767635,0.000997406,93332,10,748.597863
1780969412.768602,0.001002121,61146,5,488.132671
1780969412.769587,0.001005022,60028,10,477.824366
1780969412.770608,0.000990569,58448,8,472.035769
1780969412.771611,0.001008189,65622,7,520.711890
1780969412.772597,0.000987003,64108,6,519.617468
1780969412.773574,0.001004239,55420,6,441.488530
1780969412.774662,0.001006200,70098,9,557.328563
1780969412.775605,0.000989585,64240,8,519.328810
1780969412.776590,0.000999685,64108,6,513.025603
1780969412.777584,0.001000016,57000,8,455.992704
1780969412.778584,0.001000718,71678,11,573.012577
1780969412.779582,0.000999602,62792,8,502.536009
1780969412.780679,0.001009302,62660,6,496.660068
1780969412.781568,0.000990639,59896,8,483.695877
1780969412.782624,0.001004351,73126,11,582.473657
1780969412.783608,0.001003643,58316,6,464.834608
1780969412.784576,0.000991759,58250,5,469.872217
1780969412.785617,0.000999802,61542,11,492.433502
1780969412.786595,0.001007543,70164,10,557.109721
1780969412.787625,0.001006141,72994,9,580.387838
1780969412.788662,0.000986441,61146,5,495.891797
1780969412.789602,0.001000268,48444,10,387.448164
1780969412.790673,0.001009282,74508,10,590.582216
1780969412.791618,0.000996244,61212,6,491.542233
1780969412.792618,0.001007081,68518,7,544.289883
1780969412.793587,0.000998763,45350,7,363.249339
1780969412.794595,0.000994551,65886,11,529.975838
1780969412.795646,0.000993764,61278,7,493.300220
1780969412.796591,0.001013177,65622,7,518.148359
1780969412.797591,0.000986741,59896,8,485.606659
1780969412.798683,0.001007944,64438,11,511.441112
1780969412.799578,0.000992218,62792,8,506.275839
1780969412.800584,0.000999960,67070,7,536.581463
1780969412.801584,0.001001633,56934,7,454.729427
1780969412.802625,0.001009861,70296,12,556.876639
1780969412.803657,0.001002898,62726,7,500.357963
1780969412.804596,0.000998789,62660,6,501.887786
1780969412.805588,0.000997967,67070,7,537.653049
1780969412.806592,0.000991525,58646,11,473.178185
1780969412.807589,0.001001151,121504,9,970.914477
1780969412.808578,0.000997718,67070,7,537.787230
1780969412.809623,0.001011910,68518,7,541.692443
1780969412.810617,0.000989191,54038,7,437.027834
1780969412.811607,0.001007062,67202,9,533.845980
1780969412.812614,0.000990245,62726,7,506.751360
1780969412.813581,0.001000512,59764,6,477.867332
1780969412.814600,0.001010175,68848,12,545.236221
1780969412.815612,0.000995887,64240,8,516.042483
1780969412.816610,0.001007475,64108,6,509.058786
1780969412.817582,0.000990041,64108,6,518.022991
1780969412.818615,0.001000501,49892,10,398.936133
1780969412.819602,0.000996004,76022,11,610.616022
1780969412.820596,0.000999510,61212,6,489.936069
1780969412.821583,0.001003775,62660,6,499.394785
1780969412.822623,0.000998567,60028,10,480.913149
1780969412.823587,0.001007856,73126,11,580.448001
1780969412.824631,0.001004436,58316,6,464.467622
1780969412.825569,0.000988927,61212,6,495.179118
1780969412.826584,0.000997076,56934,7,456.807706
1780969412.827646,0.000999876,65886,11,527.153367
1780969412.828646,0.000999526,75956,10,607.936162
1780969412.829669,0.001000219,55420,6,443.262925
1780969412.830603,0.000999635,62660,6,501.463034
1780969412.831610,0.001009433,58316,6,462.168366
1780969412.832580,0.000990821,68650,9,554.287808
1780969412.833588,0.001003176,71546,9,570.555914
1780969412.834629,0.001007542,58448,8,464.083879
1780969412.835595,0.001002568,73126,11,583.509547
1780969412.836600,0.000993822,59896,8,482.146702
1780969412.837611,0.000992690,56868,6,458.294130
1780969412.838607,0.001011886,59764,6,472.495914
1780969412.839603,0.000987950,73126,11,592.143327
1780969412.840585,0.001000193,65688,8,525.402597
1780969412.841615,0.001004879,56868,6,452.735105
1780969412.842624,0.001006488,67004,6,532.576643
1780969412.843624,0.000999815,55750,11,446.082525
1780969412.844598,0.000992286,70164,10,565.675622
1780969412.845609,0.000996606,61212,6,491.363688
1780969412.846597,0.001000276,61212,6,489.560881
1780969412.847606,0.000999463,68452,6,547.910228
1780969412.848599,0.001004053,58382,7,465.170663
1780969412.849721,0.001010484,64306,9,509.110486
1780969412.850627,0.000990903,53972,6,435.739926
1780969412.851608,0.000995794,53906,5,433.069490
1780969412.852743,0.001002909,62858,9,501.405412
1780969412.853596,0.001005987,76154,13,605.606235
1780969412.854622,0.000995536,62726,7,504.058115
1780969412.855603,0.001003699,62660,6,499.432599
1780969412.856658,0.001002620,55486,7,442.728053
1780969412.857597,0.000989174,74640,12,603.655171
1780969412.858642,0.001009836,57014,7,451.669380
1780969412.859595,0.000998627,68518,7,548.897636
1780969412.860586,0.000990527,62660,6,506.074039
1780969412.861582,0.001000916,68782,11,549.752427
1780969412.862644,0.001012911,58316,6,460.581433
1780969412.863612,0.000994744,56802,5,456.817030
1780969412.864607,0.000991666,64372,10,519.303879
1780969412.865587,0.001000717,74640,12,596.692172
1780969412.866652,0.001014020,56934,7,449.174572
1780969412.867605,0.000993509,69900,6,562.853482
1780969412.868615,0.001003730,57132,10,455.357516
1780969412.869574,0.000996146,67268,10,540.226031
1780969412.870596,0.000992992,67136,8,540.878476
1780969412.871592,0.000999680,56868,6,455.089629
1780969412.872675,0.000999676,70164,10,561.493924
1780969412.873594,0.001006786,67136,8,533.467887
1780969412.874635,0.000993815,53960,6,434.366557
1780969412.875621,0.001000328,70230,11,561.655777
1780969412.876603,0.001001038,65792,8,525.790230
1780969412.877586,0.001003360,61212,6,488.056131
1780969412.878613,0.000994494,53972,6,434.166521
1780969412.879594,0.000999789,67004,6,536.145127
1780969412.880582,0.001003615,61410,9,489.510420
1780969412.881609,0.000995949,65688,8,527.641476
1780969412.882607,0.001006154,65556,6,521.240287
1780969412.883572,0.000995419,59896,8,481.373170
1780969412.884602,0.001009343,73192,12,580.115976
1780969412.885597,0.001001256,59830,7,478.039582
1780969412.886621,0.000995504,59764,6,480.271300
1780969412.887614,0.001007246,60028,10,476.769329
1780969412.888584,0.000990778,70296,12,567.602430
1780969412.889575,0.000994569,67136,8,540.020853
1780969412.890620,0.001010348,58250,5,461.227221
1780969412.891613,0.000995352,57132,10,459.190317
1780969412.892607,0.000995128,76022,11,611.153540
1780969412.893579,0.001000088,61278,7,490.180864
1780969412.894633,0.001014107,58250,5,459.517585
1780969412.895583,0.000990325,62990,11,508.843057
1780969412.896635,0.001000874,68716,10,549.247957
1780969412.897619,0.000993662,65622,7,528.324521
1780969412.898619,0.001012899,68518,7,541.163532
1780969412.899606,0.000993369,58250,5,469.110673
1780969412.900590,0.001004381,64306,9,512.204034
1780969412.901591,0.001001917,64174,7,512.409711
1780969412.902612,0.000987760,52458,5,424.864340
1780969412.903604,0.001000630,68518,7,547.798887
1780969412.904634,0.001000913,43836,6,350.368114
1780969412.905607,0.001009866,78918,11,625.176013
1780969412.906595,0.000992730,58316,6,469.944496
1780969412.907632,0.001005047,58448,8,465.235954
1780969412.908608,0.000990732,61476,10,496.408716
1780969412.909813,0.001014937,78852,10,621.532174
1780969412.917900,0.000986285,52524,6,426.035071
1780969412.918003,0.001013097,58316,6,460.496872
1780969412.918126,0.000987890,65952,12,534.083754
1780969412.918178,0.001004892,70098,9,558.054000
1780969412.918197,0.000993321,62726,7,505.182111
1780969412.918216,0.001000003,56934,7,455.470634
1780969412.918270,0.001000069,74706,13,597.606765
1780969412.918322,0.001003576,58448,8,465.917878
1780969412.918709,0.000997226,64174,7,514.820111
1780969412.919660,0.000999721,58316,6,466.658198
1780969412.920661,0.001005527,58580,10,466.064064
1780969412.921611,0.001005717,75956,10,604.193824
1780969412.923423,0.000990837,62792,8,506.981471
1780969412.923751,0.000999495,56934,7,455.702130
1780969412.924754,0.001011346,62726,7,496.178360
1780969412.925884,0.000992664,64306,9,518.249881
1780969412.926975,0.000995010,55486,7,446.114109
1780969412.927953,0.001003498,71480,8,569.846676
1780969412.928626,0.001000456,48378,9,386.847597
1780969412.929787,0.001004187,77404,10,616.650086
1780969412.930891,0.000996726,62726,7,503.456316
1780969412.931871,0.001000441,62660,6,501.059033
1780969412.932608,0.000995653,62924,10,505.589799
1780969412.933620,0.001003043,64306,9,512.887284
1780969412.934628,0.001000079,58502,9,467.979030
1780969412.935607,0.001003324,62726,7,500.145516
1780969412.936588,0.000990686,62924,10,508.124673
1780969412.937588,0.001005862,67268,10,535.007784
1780969412.938607,0.001005178,61344,8,488.223976
1780969412.939651,0.000993389,58514,9,471.227284
1780969412.940641,0.000995803,65820,10,528.779287
1780969412.941665,0.001000763,61344,8,490.377842
1780969412.942649,0.001000485,62726,7,501.564741
1780969412.943718,0.001011206,69966,7,553.525197
1780969412.944679,0.000988338,55618,9,450.194164
1780969412.945763,0.001000239,67202,9,537.487540
1780969412.946772,0.001012008,65688,8,519.268622
1780969412.947831,0.001001555,61212,6,488.935705
1780969412.948955,0.000993797,51142,7,411.689711
1780969412.949858,0.000992391,72994,9,588.429359
1780969412.950621,0.001012722,52524,6,414.913471
1780969412.952822,0.000987802,74310,7,601.821013
1780969412.952999,0.001000994,55354,5,442.392262
1780969412.953609,0.000998000,65820,10,527.615230
1780969412.955057,0.001007905,62792,8,498.396178
1780969412.955656,0.000998982,53972,6,432.215996
1780969412.956630,0.000994042,64174,7,516.469123
1780969412.957645,0.000998942,64372,10,515.521422
1780969412.958601,0.001000998,70098,9,560.224896
1780969412.959594,0.001000529,53972,6,431.547711
1780969412.960612,0.001005122,61278,7,487.725868
1780969412.961593,0.000999760,68716,10,549.859966
1780969412.962608,0.001002139,62792,8,501.263797
1780969412.963618,0.001001713,65688,8,524.605351
1780969412.964571,0.000989494,62660,6,506.602364
1780969412.965601,0.001004702,58382,7,464.870180
1780969412.966651,0.000998616,64306,9,515.160983
1780969412.967630,0.001009875,57000,8,451.541032
1780969412.968598,0.000987703,61278,7,496.327337
1780969412.969601,0.001000018,52656,8,421.240418
1780969412.970958,0.001001775,68716,10,548.753962
1780969412.971612,0.001008331,67136,8,532.650489
1780969412.972600,0.000994131,56868,6,457.629829
1780969412.973606,0.000996107,65556,6,526.497655
1780969412.974615,0.000999774,59896,8,479.276316
1780969412.975619,0.001012235,73060,10,577.415324
1780969412.976574,0.000986873,53972,6,437.519316
1780969412.977607,0.001011412,65622,7,519.052572
1780969412.978608,0.000989407,63056,12,509.848829
1780969412.979634,0.001000006,62858,9,502.860983
1780969412.980602,0.001008995,62792,8,497.857769
1780969412.981614,0.001007735,62726,7,497.956308
1780969412.982636,0.000990528,62660,6,506.073528
1780969412.983760,0.000998892,64306,9,515.018641
1780969412.984620,0.001005448,65754,9,523.181706
1780969412.985697,0.000998025,55420,6,444.237369
1780969412.986749,0.001000652,67070,7,536.210391
1780969412.987625,0.000990195,59764,6,482.846308
1780969412.988604,0.001002756,58382,7,465.772331
1780969412.989609,0.001003524,73060,10,582.427525
1780969412.990699,0.001004115,58382,7,465.141941
1780969412.991603,0.001000989,62726,7,501.312202
1780969412.992616,0.000987828,61410,9,497.333544
1780969412.993600,0.001000233,71612,10,572.762546
1780969412.994679,0.001000816,62792,8,501.926428
1780969412.995578,0.000998973,62726,7,502.323887
1780969412.996581,0.001004207,53906,5,429.441340
1780969412.997601,0.001004782,68650,9,546.586225
1780969412.998715,0.000998602,65688,8,526.239683
1780969412.999665,0.001000022,64174,7,513.380706
1780969413.000589,0.000994531,59830,7,481.272077
1780969413.001712,0.001001033,70296,12,561.787673
1780969413.002714,0.001004884,51142,7,407.147492
1780969413.003608,0.001004753,72928,8,580.664104
1780969413.004676,0.001002905,62726,7,500.354470
1780969413.005627,0.000998163,62660,6,502.202546
1780969413.006712,0.000990586,52524,6,424.185280
1780969413.007597,0.001002098,65754,9,524.930695
1780969413.008715,0.001000249,70098,9,560.644400
1780969413.009701,0.000993033,59830,7,481.998081
1780969413.010672,0.001005696,68518,7,545.039455
1780969413.011730,0.001009876,52656,8,417.128440
1780969413.012678,0.000995187,67202,9,540.216060
1780969413.013693,0.001003349,62726,7,500.133054
1780969413.014682,0.000990661,55420,6,447.539572
1780969413.015699,0.000997404,62660,6,502.584710
1780969413.016635,0.000998326,62726,7,502.649435
1780969413.017594,0.001004367,64306,9,512.211174
1780969413.018620,0.000995793,67202,9,539.887306
1780969413.019692,0.001000221,55420,6,443.262039
1780969413.020597,0.001004666,62726,7,499.477438
1780969413.021595,0.000998863,71612,10,573.548124
1780969413.023190,0.001007652,67136,8,533.009412
1780969413.023612,0.000993902,55420,6,446.080197
1780969413.024655,0.000999302,55552,8,444.726419
1780969413.025608,0.001007146,62990,11,500.344538
1780969413.026605,0.000987831,65754,9,532.512140
1780969413.027600,0.001000547,65754,9,525.744418
1780969413.028585,0.001000188,55552,8,444.332465
1780969413.029596,0.000999309,71678,11,573.820510
1780969413.030610,0.001005341,62792,8,499.667277
1780969413.031628,0.000994584,62726,7,504.540592
1780969413.032781,0.000999519,62924,10,503.634248
1780969413.034414,0.001000391,61410,9,491.087985
1780969413.035004,0.001000712,61344,8,490.402833
1780969413.035578,0.001008477,68518,7,543.536442
1780969413.036607,0.001000909,59764,6,477.677791
1780969413.037594,0.000999252,58316,6,466.877224
1780969413.038864,0.000997084,65754,9,527.570395
1780969413.039677,0.000998344,61278,7,491.037158
1780969413.040694,0.001003771,65622,7,523.003753
1780969413.041635,0.000995882,61344,8,492.781273
1780969413.042619,0.000995458,68716,10,552.236257
1780969413.043641,0.001000160,56934,7,455.399136
1780969413.044639,0.001000358,67070,7,536.367980
1780969413.045698,0.001012675,65556,6,517.883823
1780969413.046641,0.000994132,59830,7,481.465238
1780969413.047624,0.000994094,59962,9,482.545916
1780969413.048611,0.001001687,65688,8,524.618968
1780969413.049625,0.000997469,62726,7,503.081299
1780969413.050679,0.000999938,46732,6,373.879181
1780969413.051608,0.000999120,68782,11,550.740652
1780969413.052607,0.001000986,64240,8,513.413774
1780969413.053671,0.001007453,64174,7,509.593996
1780969413.054719,0.000993540,56934,7,458.433480
1780969413.055636,0.000999149,57000,8,456.388387
1780969413.056677,0.001002134,62792,8,501.266298
1780969413.057779,0.001009500,59830,7,474.135711
1780969413.058619,0.000989904,51010,5,412.241995
1780969413.059641,0.001008421,56802,5,450.621318
1780969413.060657,0.000990237,51076,6,412.636571
1780969413.061629,0.001011633,73060,10,577.758930
1780969413.062661,0.000988472,58448,8,473.037173
1780969413.063631,0.001000258,68584,8,548.530479
1780969413.064622,0.000999708,56868,6,455.076882
1780969413.065578,0.000998796,73060,10,585.184562
1780969413.066617,0.001000974,54038,7,431.883346
1780969413.067617,0.001001130,68584,8,548.052700
1780969413.068617,0.000998807,59764,6,478.683069
1780969413.069718,0.001000041,65688,8,525.482455
1780969413.070619,0.001000257,67202,9,537.477868
1780969413.071597,0.000998835,54038,7,432.808222
1780969413.072606,0.001000392,65622,7,524.770290
1780969413.073647,0.001012489,71612,10,565.829357
1780969413.074663,0.000997569,70164,10,562.679875
1780969413.075613,0.001000042,51076,6,408.590839
1780969413.076580,0.000989829,62660,6,506.430909
1780969413.077611,0.000999894,62660,6,501.333141
1780969413.078704,0.001008556,55420,6,439.598793
1780969413.079635,0.000998945,59896,8,479.674056
1780969413.080715,0.001000410,67202,9,537.395668
1780969413.081673,0.001004892,62726,7,499.365106
1780969413.082653,0.000996221,61278,7,492.083584
1780969413.083599,0.000999735,62858,9,502.997294
1780969413.084584,0.001001773,71480,8,570.827922
1780969413.085594,0.000994379,59764,6,480.814659
1780969413.086606,0.001006269,65556,6,521.180718
1780969413.087592,0.000995171,53972,6,433.871164
1780969413.088578,0.000993908,68650,9,552.566233
1780969413.089609,0.001004062,70032,8,557.989447
1780969413.090621,0.001001792,51208,9,408.931195
1780969413.091660,0.001003720,60028,10,478.444188
1780969413.092604,0.000993305,65754,9,529.577522
1780969413.093639,0.000997341,58382,7,468.301213
1780969413.094650,0.001005985,64240,8,510.862488
1780969413.095600,0.000994489,64438,11,518.360686
1780969413.096584,0.001008214,67268,10,533.759698
1780969413.097612,0.001004165,58382,7,465.118780
1780969413.098620,0.001001850,65622,7,524.006588
1780969413.099598,0.000985209,61344,8,498.119688
1780969413.100588,0.001000612,64240,8,513.605673
1780969413.101645,0.001011930,72994,9,577.067584
1780969413.102628,0.000988067,49682,7,402.256122
1780969413.103606,0.001000324,62924,10,503.228954
1780969413.104613,0.000999096,62792,8,502.790523
1780969413.105637,0.001009430,71480,8,566.497925
1780969413.106632,0.000998384,54142,7,433.837081
1780969413.107614,0.000994425,67202,9,540.630012
1780969413.108600,0.001006407,61344,8,487.627769
1780969413.109577,0.000991914,55486,7,447.506538
1780969413.110603,0.000998911,64240,8,514.480269
1780969413.111595,0.000999852,62924,10,503.466513
1780969413.112608,0.001010871,67136,8,531.312106
1780969413.113616,0.001001600,68518,7,547.268371
1780969413.114649,0.000988090,17508,2,141.752270
1780969413.115625,0.001000169,104784,8,838.130356
1780969413.116604,0.001001875,64306,9,513.485215
1780969413.117611,0.001005201,61278,7,487.687537
1780969413.118603,0.000993298,56802,5,457.482045
1780969413.119627,0.001002987,64372,10,513.442348
1780969413.120589,0.001000892,74574,11,596.060314
1780969413.121605,0.001001900,61212,6,488.767342
1780969413.122642,0.001003156,62660,6,499.702938
1780969413.123605,0.000990548,54170,9,437.495205
1780969413.124626,0.001010785,78984,12,625.129973
1780969413.125629,0.000999766,56868,6,455.050482
1780969413.126619,0.001000908,69966,7,559.220228
1780969413.127670,0.000988694,45152,4,365.346609
1780969413.128603,0.001009219,71546,9,567.139541
1780969413.129588,0.000991607,68650,9,553.848450
1780969413.130608,0.001007494,62660,6,497.551350
1780969413.131617,0.000998331,62792,8,503.175800
1780969413.132586,0.000998764,73060,10,585.203311
1780969413.133597,0.000994904,51076,6,410.700932
1780969413.134606,0.001002744,72862,7,581.300910
1780969413.135609,0.001009797,51340,10,406.735215
1780969413.136657,0.000994619,73126,11,588.172959
1780969413.137614,0.001006195,64240,8,510.755867
1780969413.138680,0.001000914,56868,6,454.528561
1780969413.139646,0.000995373,61410,9,493.563719
1780969413.140617,0.001004553,71744,12,571.350641
1780969413.141584,0.000994411,67136,8,540.106656
1780969413.142599,0.000991343,56868,6,458.916843
1780969413.143658,0.001010379,55552,8,439.850789
1780969413.144656,0.001001147,79050,13,631.675468
1780969413.145675,0.000988111,55420,6,448.694529
1780969413.146744,0.001000394,65556,6,524.241449
1780969413.147598,0.000999999,62990,11,503.920504
1780969413.148693,0.001003944,70164,10,559.106882
1780969413.149622,0.000996185,52524,6,421.801171
1780969413.150644,0.001006203,61212,6,486.677142
1780969413.151594,0.000992908,45152,4,363.796042
1780969413.152639,0.001000141,68650,9,549.122574
1780969413.153616,0.001003253,77404,10,617.224170
1780969413.154877,0.001007986,55420,6,439.847379
1780969413.155608,0.001000286,64174,7,513.245212
1780969413.156637,0.000997176,65952,12,529.110207
1780969413.157636,0.000991398,59896,8,483.325567
1780969413.158665,0.001000452,62726,7,501.581285
1780969413.159632,0.001011301,67004,6,530.041995
1780969413.160605,0.000994760,64438,11,518.219470
1780969413.161616,0.000993556,68584,8,552.230574
1780969413.162653,0.001009112,55420,6,439.356583
1780969413.163622,0.000998447,67334,11,539.509859
1780969413.164571,0.000994045,67136,8,540.305519
1780969413.165636,0.001001652,55420,6,442.628777
1780969413.166684,0.001005007,58250,5,463.678362
1780969413.167645,0.000997049,71612,10,574.591620
1780969413.168579,0.001006284,68650,9,545.770379
1780969413.169598,0.000987319,67070,7,543.451509
1780969413.170641,0.001000123,53906,5,431.194963
1780969413.171638,0.001008042,57132,10,453.409679
1780969413.172698,0.000999445,75956,10,607.985432
1780969413.173642,0.000992480,67136,8,541.157504
1780969413.174721,0.001009202,49562,5,392.880712
1780969413.175606,0.000996129,68914,13,553.454422
1780969413.176601,0.000994394,65820,10,529.528537
1780969413.177599,0.001009393,62792,8,497.661466
1780969413.178657,0.000993324,53906,5,434.146361
1780969413.179663,0.001000583,61344,8,490.466058
1780969413.180677,0.001002242,76088,12,607.342338
1780969413.181689,0.000996962,56934,7,456.859940
1780969413.182722,0.000998627,68584,8,549.426362
1780969413.183667,0.001000616,64174,7,513.075945
1780969413.184649,0.001013500,51076,6,403.165269
1780969413.185657,0.000986417,71546,9,580.249529
1780969413.186718,0.001006492,58382,7,464.043430
1780969413.188008,0.000994932,65556,6,527.119441
1780969413.188916,0.001005317,73126,11,581.913963
1780969413.189915,0.000993817,61344,8,493.805198
1780969413.190946,0.001004157,62726,7,499.730620
1780969413.191883,0.000997777,61212,6,490.787020
1780969413.192897,0.000998276,54038,7,433.050579
1780969413.193834,0.000999188,76022,11,608.670240
1780969413.194818,0.000999831,65622,7,525.064736
1780969413.195790,0.001000310,58250,5,465.855585
1780969413.196791,0.001011715,70296,12,555.856145
1780969413.197784,0.000988656,62792,8,508.099885
1780969413.198763,0.001010851,68518,7,542.259937
1780969413.199740,0.000999679,62660,6,501.440963
1780969413.200753,0.000993485,51208,8,412.350463
1780969413.203171,0.000995465,71546,9,574.975514
1780969413.203353,0.001000007,65556,6,524.444329
1780969413.203979,0.001000037,56934,7,455.455148
1780969413.204837,0.001001289,68650,9,548.492993
1780969413.206412,0.001012109,64306,9,508.293079
1780969413.207085,0.000992581,53906,5,434.471343
1780969413.207721,0.001001951,61212,6,488.742463
1780969413.208759,0.000996131,62990,11,505.877239
1780969413.209744,0.000996110,74508,10,598.391744
1780969413.210763,0.001003956,53906,5,429.548705
1780969413.211775,0.000997698,67136,8,538.327229
1780969413.212811,0.000998519,68716,10,550.543355
1780969413.213777,0.001000269,70098,9,560.633190
1780969413.215391,0.001007583,40940,6,325.055107
1780969413.215581,0.000994127,46864,8,377.126866
1780969413.216585,0.000996575,80300,10,644.607782
1780969413.217581,0.001001089,81616,8,652.217735
1780969413.218648,0.001008004,58580,10,464.918790
1780969413.219614,0.001002560,65820,10,525.215448
1780969413.220602,0.000992737,62726,7,505.479296
1780969413.221641,0.000995485,62660,6,503.553544
1780969413.222607,0.001000037,60028,10,480.206232
1780969413.223621,0.001010558,76022,11,601.821964
1780969413.224596,0.000989671,62726,7,507.045271
1780969413.225609,0.001010915,61212,6,484.408679
1780969413.226600,0.000992002,59764,6,481.966770
1780969413.227609,0.001009466,61344,8,486.150103
1780969413.228599,0.000987178,70032,8,567.532907
1780969413.229651,0.001010344,55354,5,438.298243
1780969413.230592,0.000992045,62660,6,505.299659
1780969413.231598,0.000997710,62660,6,502.430566
1780969413.232601,0.001004860,62792,8,499.906455
1780969413.233583,0.001000332,65688,8,525.329591
1780969413.234619,0.000995434,65556,6,526.853614
1780969413.235634,0.000999863,56868,6,455.006336
1780969413.236609,0.001002098,51274,9,409.333219
1780969413.237632,0.001006808,70230,11,558.040858
1780969413.238641,0.000990768,61344,8,495.324839
1780969413.239641,0.001000923,53906,5,430.850325
1780969413.240599,0.001008326,67268,10,533.700410
1780969413.241583,0.000998877,73060,10,585.137109
1780969413.242638,0.000995164,58382,7,469.325659
1780969413.243664,0.000997058,62660,6,502.759117
1780969413.244597,0.001002197,71678,11,572.166949
1780969413.245774,0.001003638,58316,6,464.836923
1780969413.246680,0.000993906,67004,6,539.318608
1780969413.247597,0.001009190,68782,11,545.245197
1780969413.248562,0.000993857,64174,7,516.565260
1780969413.249589,0.001009191,64174,7,508.716388
1780969413.250859,0.000994192,42256,4,340.022853
1780969413.251620,0.000995128,85894,7,690.516195
1780969413.252603,0.001007422,51208,8,406.645874
1780969413.253638,0.000995767,62858,9,505.001672
1780969413.254615,0.001003986,53906,5,429.535870
1780969413.255609,0.000990909,68650,9,554.238583
1780969413.256612,0.001008927,78852,10,625.234531
1780969413.257652,0.000992985,52458,5,422.628741
1780969413.258607,0.001004949,62726,7,499.336782
1780969413.259660,0.001003460,70164,10,559.376557
1780969413.260591,0.000993210,62726,7,505.238570
1780969413.261562,0.000997816,61278,7,491.296993
1780969413.262595,0.001003569,59896,8,477.463931
1780969413.263592,0.001003171,61476,10,490.253406
1780969413.264597,0.000991850,74442,9,600.429500
1780969413.265593,0.001005373,56868,6,452.512650
1780969413.266629,0.001003811,64438,11,513.546873
1780969413.267642,0.000992746,68716,10,553.744865
1780969413.268614,0.000998524,58382,7,467.746394
1780969413.269576,0.000999803,67136,8,537.193827
1780969413.270616,0.001012346,70362,13,556.031238
1780969413.271629,0.000988422,57000,8,461.341411
1780969413.272606,0.001007994,65688,8,521.336437
1780969413.273592,0.001004410,23300,2,185.581585
1780969413.274582,0.000987009,0,0,0.000000
1780969413.275594,0.000999792,0,0,0.000000
1780969413.276603,0.001008536,71348,6,565.953025
1780969413.277614,0.000997311,103402,9,829.446381
1780969413.278621,0.001007922,61410,9,487.418669
1780969413.279620,0.000996157,58382,7,468.857821
1780969413.280583,0.000991831,62726,7,505.941032
1780969413.281566,0.000998521,62726,7,502.551273
1780969413.282616,0.001010429,62924,10,498.196311
1780969413.283583,0.000997535,65754,9,527.331873
1780969413.284572,0.000997267,64174,7,514.798946
1780969413.285558,0.000994251,52458,5,422.090599
1780969413.286616,0.001000470,62726,7,501.572261
1780969413.287584,0.000999978,70098,9,560.796338
1780969413.288671,0.001005558,59830,7,475.994423
1780969413.289600,0.000995490,71414,7,573.900290
1780969413.290607,0.001002713,62660,6,499.923707
1780969413.291581,0.000996076,53972,6,433.476964
1780969413.292585,0.001007275,70164,10,557.257948
1780969413.293583,0.000994714,62792,8,505.005459
1780969413.294605,0.001003594,61278,7,488.468444
1780969413.295589,0.001005557,58316,6,463.949831
1780969413.296586,0.000994931,57000,8,458.323241
1780969413.297582,0.000993553,70098,9,564.422834
1780969413.298660,0.001014728,62792,8,495.044978
1780969413.299677,0.000992444,53972,6,435.063339
1780969413.300653,0.000993245,71414,7,575.197459
1780969413.301680,0.001002020,62858,9,501.850262
1780969413.302644,0.001010981,64306,9,508.860206
1780969413.303727,0.000998483,58382,7,467.765600
1780969413.304644,0.000996945,65622,7,526.584716
1780969413.305623,0.000995319,68650,9,551.782896
1780969413.306604,0.000999680,58448,8,467.733675
1780969413.307634,0.000996406,61278,7,491.992220
1780969413.308614,0.001005505,65622,7,522.101829
1780969413.309855,0.001002141,62660,6,500.209052
1780969413.310632,0.000997818,54038,7,433.249350
1780969413.311592,0.000994916,71612,10,575.823487
1780969413.312566,0.001000234,62792,8,502.218481
1780969413.313638,0.001004332,62726,7,499.643544
1780969413.314623,0.000995216,62660,6,503.689651
1780969413.315655,0.001001704,58316,6,465.734389
1780969413.316619,0.001006028,61410,9,488.336309
1780969413.317715,0.001003000,68650,9,547.557328
1780969413.318598,0.000989546,59830,7,483.696564
1780969413.319657,0.001006622,58316,6,463.458975
1780969413.320620,0.001004621,62792,8,500.025383
1780969413.321573,0.000992672,61344,8,494.374778
1780969413.322607,0.000996375,65688,8,527.415883
1780969413.323696,0.001013975,61410,9,484.508987
1780969413.324595,0.000985660,64438,11,523.003876
1780969413.325623,0.001000168,67202,9,537.525696
1780969413.326603,0.000999511,57000,8,456.223093
1780969413.327615,0.001009896,67334,11,533.393538
1780969413.328603,0.000995818,57000,8,457.915001
1780969413.329605,0.001000434,67136,8,536.855005
1780969413.330632,0.001007046,65622,7,521.302900
1780969413.331605,0.000987718,62660,6,507.513278
1780969413.332737,0.001014153,62792,8,495.325656
1780969413.333586,0.000985934,65754,9,533.536728
1780969413.334645,0.001005633,52458,5,417.313274
1780969413.335615,0.000993547,61212,6,492.876532
1780969413.336575,0.001002330,77602,13,619.372861
1780969413.337617,0.000997607,62792,8,503.540974
1780969413.338652,0.001000513,62726,7,501.550704
1780969413.339620,0.001005454,62660,6,498.560849
1780969413.340597,0.000994247,59698,5,480.347439
1780969413.341584,0.001006723,67268,10,534.550219
1780969413.342585,0.001001084,55486,7,443.407346
1780969413.343663,0.001001784,65688,8,524.568170
1780969413.344573,0.000994933,64372,10,517.598672
1780969413.345577,0.001005929,60028,10,477.393534
1780969413.346579,0.000989153,54038,7,437.044623
1780969413.347599,0.001000579,67202,9,537.304900
1780969413.348596,0.000999146,65886,11,527.538518
1780969413.349585,0.001008630,64306,9,510.046300
1780969413.350599,0.000994717,62792,8,505.003936
1780969413.351604,0.001003742,62726,7,499.937235
1780969413.352596,0.000993516,61212,6,492.891911
1780969413.353572,0.001003147,73126,11,583.172755
1780969413.354628,0.001008674,54038,7,428.586441
1780969413.355617,0.000996008,65688,8,527.610220
1780969413.356601,0.000995673,62726,7,503.988759
1780969413.357627,0.000996720,64306,9,516.140942
1780969413.358582,0.000999776,62792,8,502.448548
1780969413.359622,0.001013907,62872,8,496.077056
1780969413.360614,0.000999508,65622,7,525.234415
1780969413.361588,0.000994800,62858,9,505.492561
1780969413.362578,0.000992042,54038,7,435.771873
1780969413.363719,0.001012943,64240,8,507.353326
1780969413.364697,0.001000445,67070,7,536.321337
1780969413.365650,0.000994252,59896,8,481.938181
1780969413.366616,0.000991973,59830,7,482.513133
1780969413.367695,0.001012585,68650,9,542.374220
1780969413.368614,0.000988864,62726,7,507.459064
1780969413.369801,0.001005262,56802,5,452.037379
1780969413.370754,0.001003324,59896,8,477.580522
1780969413.371736,0.000996858,64306,9,516.069490
1780969413.372684,0.000993137,61278,7,493.611657
1780969413.373677,0.001005921,65622,7,521.885914
1780969413.374679,0.000998550,59896,8,479.863803
1780969413.375616,0.000995985,62858,9,504.891138
1780969413.376573,0.001009744,64410,9,510.307563
1780969413.377572,0.001002508,62726,7,500.552614
1780969413.378609,0.000987571,59830,7,484.663887
1780969413.379609,0.001011616,64306,9,508.540790
1780969413.380605,0.000988958,65754,9,531.905298
1780969413.381586,0.000999671,58316,6,466.681538
1780969413.382606,0.001002786,54038,7,431.102947
1780969413.383666,0.000996805,68782,11,552.019703
1780969413.384584,0.001005176,64306,9,511.798929
1780969413.385592,0.001001565,55420,6,442.667226
1780969413.386609,0.000999438,62660,6,501.561878
1780969413.387641,0.000993160,62660,6,504.732369
1780969413.388644,0.001001329,37912,4,302.893455
1780969413.389638,0.001004389,73060,10,581.925927
1780969413.390627,0.001007007,74508,10,591.916441
1780969413.391740,0.001001078,59830,7,478.124582
1780969413.392647,0.000995394,61212,6,491.961977
1780969413.393589,0.000992699,68716,10,553.771083
1780969413.394691,0.001007751,62858,9,498.996280
1780969413.395643,0.000991487,56934,7,459.382725
1780969413.396668,0.001000030,62726,7,501.792946
1780969413.397676,0.001000191,64438,11,515.405558
1780969413.398743,0.001008347,61476,10,487.736860
1780969413.399675,0.000999244,61344,8,491.123289
1780969413.400639,0.000994453,72928,8,586.678305
1780969413.401594,0.001006902,43836,6,348.284143
1780969413.402609,0.000994158,67268,10,541.306311
1780969413.403601,0.001002157,61344,8,489.695726
1780969413.404604,0.001001539,71480,8,570.961291
1780969413.405608,0.001004809,51010,5,406.126936
1780969413.406619,0.000999530,71612,10,573.165388
1780969413.407599,0.000993950,64240,8,517.048141
1780969413.408572,0.000994593,62792,8,505.066897
1780969413.409584,0.001009389,62660,6,496.617261
1780969413.410607,0.000992975,52458,5,422.632997
1780969413.411596,0.000996637,67202,9,539.430103
1780969413.412606,0.001011020,59896,8,473.945125
1780969413.413569,0.000997171,68584,8,550.228597
1780969413.414587,0.000991830,62660,6,505.409193
1780969413.415699,0.001001126,62660,6,500.716194
1780969413.416665,0.001005974,55486,7,441.251961
1780969413.417655,0.000994108,65754,9,529.149750
1780969413.418612,0.000999171,62792,8,502.752782
1780969413.419595,0.001006000,65622,7,521.844930
1780969413.420561,0.000994167,52590,7,423.188458
1780969413.421570,0.001011292,71678,11,567.021197
1780969413.422603,0.000991573,62792,8,506.605162
1780969413.423604,0.000997874,56868,6,455.913272
1780969413.424581,0.001002356,62660,6,500.101760
1780969413.425591,0.001005689,68716,10,546.618289
1780969413.426591,0.000992546,62858,9,506.640498
1780969413.427630,0.001004743,56868,6,452.796387
1780969413.428586,0.000994753,65688,8,528.275863
1780969413.429563,0.000998864,67334,11,539.284627
1780969413.430621,0.001006842,65688,8,521.932935
1780969413.431678,0.000993548,62726,7,505.066690
1780969413.432579,0.001000331,56868,6,454.793463
1780969413.433586,0.001003933,68782,11,548.100321
1780969413.434604,0.000995301,64294,9,516.780351
1780969413.435575,0.001001074,64174,7,512.841209
1780969413.436559,0.000998681,53972,6,432.346265
1780969413.437574,0.000999690,65754,9,526.195120
1780969413.438618,0.001014884,70164,10,553.079958
1780969413.439655,0.000985615,61278,7,497.378794
1780969413.440646,0.001012531,55420,6,437.873013
1780969413.441595,0.000987985,64174,7,519.635420
1780969413.442698,0.000999908,70098,9,560.835597
1780969413.443597,0.001000703,64174,7,513.031339
1780969413.444638,0.000999188,55420,6,443.720301
1780969413.445586,0.000999881,62660,6,501.339659
1780969413.446625,0.001007362,58316,6,463.118521
1780969413.447594,0.001003648,77470,11,617.507333
1780969413.448586,0.000994295,59830,7,481.386309
1780969413.449637,0.000995210,55420,6,445.493916
1780969413.450612,0.000999415,65556,6,524.754982
1780969413.451658,0.001004598,56802,5,452.336158
1780969413.452629,0.001001581,76022,11,607.215992
1780969413.453611,0.001003815,53972,6,430.135035
1780969413.454625,0.000990707,62726,7,506.515044
1780969413.455604,0.001003182,64240,8,512.289894
1780969413.456585,0.001001598,70164,10,560.416455
1780969413.457592,0.000995677,58382,7,469.083849
1780969413.458687,0.001012166,62726,7,495.776385
1780969413.459618,0.000997456,62990,11,505.205242
1780969413.460613,0.000989994,62858,9,507.946513
1780969413.461598,0.001012703,62792,8,496.034869
1780969413.462607,0.001001087,62726,7,501.263127
1780969413.463606,0.000993310,62792,8,505.719262
1780969413.464595,0.001004659,68650,9,546.653143
1780969413.465593,0.000996151,61278,7,492.118163
1780969413.466662,0.000996359,56868,6,456.606504
1780969413.467602,0.000995154,65820,10,529.124136
1780969413.468596,0.000999740,68716,10,549.870966
1780969413.469600,0.001003728,58448,8,465.847321
1780969413.470603,0.001001443,59830,7,477.950318
1780969413.471604,0.001008547,69966,7,554.984547
1780969413.472588,0.000994699,52590,7,422.962122
1780969413.473624,0.000995496,64306,9,516.775557
1780969413.474610,0.000996513,59830,7,480.314858
1780969413.475672,0.001006761,72928,8,579.505960
1780969413.476629,0.000993113,54104,8,435.833586
1780969413.477595,0.001005443,71612,10,569.794608
1780969413.478618,0.001008409,56934,7,451.673874
1780969413.479660,0.000987732,72928,8,590.670344
1780969413.480615,0.000998465,48246,7,386.561372
1780969413.481628,0.001003380,77470,11,617.672268
1780969413.482618,0.001006404,57000,8,453.098358
1780969413.483603,0.000996417,62726,7,503.612443
1780969413.484606,0.001003767,65556,6,522.479819
1780969413.485670,0.000990413,49694,7,401.400224
1780969413.486650,0.001010065,73126,11,579.178568
1780969413.487680,0.000995291,62792,8,504.712692
1780969413.488624,0.000999966,52458,5,419.678269
1780969413.489672,0.000994841,70098,9,563.692087
1780969413.490641,0.001006562,65820,10,523.127239
1780969413.491622,0.000995004,64240,8,516.500436
1780969413.492634,0.001010099,59830,7,473.854543
1780969413.493626,0.000998943,68716,10,550.309677
1780969413.494642,0.001001262,65820,10,525.896319
1780969413.495639,0.000988559,58382,7,472.461431
1780969413.496644,0.000999161,65622,7,525.416825
1780969413.497594,0.001012555,65556,6,517.945198
1780969413.498607,0.000987162,48246,7,390.987497
1780969413.499645,0.001007318,64240,8,510.186456
1780969413.500597,0.000993861,56934,7,458.285414
1780969413.501610,0.001008020,67070,7,532.291026
1780969413.502764,0.000998133,52458,5,420.448978
1780969413.503596,0.001001633,67202,9,536.739504
1780969413.504659,0.000998397,65754,9,526.876583
1780969413.505615,0.000992470,65688,8,529.491068
1780969413.506659,0.001001896,58382,7,466.172138
1780969413.507643,0.001000988,65886,11,526.567751
1780969413.508645,0.001007707,64306,9,510.513473
1780969413.509618,0.000990510,62792,8,507.148843
1780969413.510609,0.001011941,64174,7,507.333926
1780969413.511587,0.000987633,52590,7,425.988196
1780969413.512593,0.001004036,74508,10,593.667956
1780969413.513585,0.000997960,64240,8,514.970540
1780969413.514706,0.001003164,57132,10,455.614436
1780969413.515619,0.000995055,62990,11,506.424268
1780969413.516582,0.001006827,68584,8,544.951615
1780969413.517596,0.000993201,56868,6,458.058339
1780969413.518661,0.000999714,64372,10,515.123325
1780969413.519695,0.001010204,58514,9,463.383633
1780969413.520613,0.000989143,61278,7,495.604781
1780969413.521638,0.001000830,61278,7,489.817452
1780969413.522618,0.001000219,71810,13,574.354216
1780969413.523682,0.001003319,61344,8,489.128582
1780969413.524608,0.001001322,65622,7,524.282898
1780969413.525687,0.001001216,62660,6,500.671184
1780969413.526607,0.001004194,58580,10,466.682733
1780969413.527581,0.001002335,62858,9,501.692548
1780969413.528616,0.000986516,64174,7,520.409198
1780969413.529629,0.001012532,71414,7,564.240933
1780969413.530602,0.000987501,48180,6,390.318592
1780969413.531590,0.001000339,73126,11,584.809749
1780969413.532599,0.001002506,64174,7,512.108656
1780969413.533616,0.000999099,61212,6,490.137614
1780969413.534615,0.001004792,48378,9,385.178226
1780969413.535589,0.001002505,77536,12,618.738061
1780969413.536565,0.000991744,62726,7,505.985416
1780969413.537615,0.000999019,62660,6,501.772239
1780969413.538578,0.001000117,49760,8,398.033430
1780969413.539659,0.001009861,70164,10,555.830951
1780969413.540588,0.001002330,70032,8,558.953638
1780969413.541610,0.000988061,62726,7,507.871478
1780969413.542628,0.001012391,59698,5,471.738686
1780969413.543568,0.000988787,61410,9,496.851192
1780969413.544577,0.001008285,72994,9,579.153712
1780969413.545623,0.001001336,54038,7,431.727212
1780969413.546631,0.000994844,56868,6,457.301848
1780969413.547601,0.000994896,54038,7,434.521799
1780969413.548579,0.001013071,74508,10,588.373372
1780969413.549588,0.000987605,61212,6,495.841961
1780969413.550604,0.001005408,59764,6,475.540278
1780969413.551591,0.001000504,59962,9,479.454355
1780969413.552583,0.000995735,67268,10,540.449015
1780969413.553643,0.001010374,65622,7,519.585817
1780969413.554603,0.000989004,68518,7,554.238406
1780969413.555591,0.001007767,49892,10,396.059804
1780969413.556589,0.000999855,71678,11,573.507159
1780969413.557587,0.000999202,64240,8,514.330436
1780969413.558625,0.001004332,61212,6,487.583787
1780969413.559622,0.000997385,57000,8,457.195566
1780969413.560600,0.000989525,73126,11,591.200829
1780969413.561596,0.001014213,62726,7,494.775752
1780969413.562649,0.000989066,62660,6,506.821587
1780969413.563582,0.001001346,52722,9,421.209053
1780969413.564601,0.000997776,68650,9,550.424143
1780969413.565589,0.001006014,71546,9,568.946357
1780969413.566596,0.000991015,61278,7,494.668597
1780969413.567582,0.001000250,58250,5,465.883529
1780969413.568580,0.001000092,61410,9,491.234806
1780969413.569592,0.001012040,68650,9,542.666298
1780969413.570606,0.000993063,59830,7,481.983520
1780969413.571597,0.001004058,67070,7,534.391440
1780969413.572614,0.000990855,59764,6,482.524688
1780969413.573626,0.001015515,55420,6,436.586363
1780969413.574608,0.000986685,67202,9,544.870957
1780969413.575634,0.000997937,64240,8,514.982409
1780969413.576600,0.001000914,62792,8,501.877284
1780969413.577592,0.001009554,64240,8,509.056474
1780969413.578596,0.000996387,70164,10,563.347374
1780969413.579591,0.001000762,58382,7,466.700374
1780969413.580587,0.000994654,62726,7,504.505084
1780969413.581576,0.001000357,56868,6,454.781643
1780969413.582591,0.000997328,71678,11,574.960294
1780969413.583613,0.001015116,62858,9,495.375898
1780969413.584596,0.000984182,64174,7,521.643355
1780969413.585585,0.001002672,62990,11,502.577114
1780969413.586594,0.000997663,62858,9,504.041946
1780969413.587594,0.000999830,62792,8,502.421412
1780969413.588593,0.001014765,62726,7,494.506610
1780969413.589598,0.000998024,57000,8,456.902840
1780969413.590654,0.000989301,67334,11,544.497580
1780969413.591590,0.001010297,51076,6,404.443446
1780969413.592603,0.000996505,61212,6,491.413490
1780969413.593613,0.001006138,80168,8,637.431446
1780969413.594615,0.000995015,56802,5,456.692613
1780969413.595630,0.000996859,64306,9,516.068973
1780969413.596610,0.000993445,59896,8,482.329671
1780969413.597594,0.001007219,70032,8,556.240500
1780969413.598648,0.001002600,52524,6,419.102334
1780969413.599592,0.000996565,72862,7,584.905149
1780969413.600720,0.000993504,57000,8,458.981544
1780969413.601627,0.000999787,64306,9,514.557601
1780969413.602622,0.001010374,56934,7,450.795448
1780969413.603603,0.000990766,54038,7,436.333100
1780969413.604602,0.000999066,65820,10,527.052267
1780969413.605563,0.001003222,65688,8,523.816264
1780969413.606598,0.000999672,58316,6,466.681071
1780969413.607622,0.000996941,62660,6,502.818121
1780969413.608595,0.001001809,64240,8,512.991997
1780969413.609588,0.001005107,71612,10,569.985086
1780969413.610617,0.001007882,53972,6,428.399356
1780969413.611605,0.000990746,62726,7,506.495106
1780969413.612604,0.001002248,70296,12,561.106632
1780969413.613592,0.001003497,64306,9,512.655245
1780969413.614590,0.000988867,57000,8,461.133803
1780969413.615603,0.001006319,71480,8,568.249233
1780969413.616604,0.000994075,55420,6,446.002565
1780969413.617602,0.000999948,65754,9,526.059355
1780969413.618612,0.001011246,58448,8,462.384029
1780969413.619623,0.000993293,70032,8,564.039010
1780969413.620627,0.001008300,61476,10,487.759595
1780969413.621614,0.000990176,64438,11,520.618557
1780969413.622622,0.001009542,59896,8,474.638995
1780969413.623608,0.000989054,59830,7,483.937176
1780969413.624609,0.000997691,64108,6,514.050944
1780969413.625589,0.001008577,61344,8,486.578615
1780969413.626592,0.000991706,65754,9,530.431398
1780969413.627607,0.001008970,64240,8,509.351120
1780969413.628590,0.000999525,56868,6,455.160201
1780969413.629581,0.000995360,83064,8,667.609709
1780969413.630590,0.000997248,39492,6,316.807855
1780969413.631600,0.001007156,71612,10,568.825485
1780969413.632629,0.001001446,55486,7,443.247065
1780969413.633618,0.001004824,64174,7,510.927287
1780969413.634615,0.000991908,59830,7,482.544752
1780969413.635599,0.000997843,68716,10,550.916327
1780969413.636580,0.000995629,62726,7,504.011032
1780969413.637603,0.001009076,62726,7,497.294555
1780969413.638619,0.000991052,62660,6,505.805952
1780969413.639608,0.000999793,57000,8,456.094412
1780969413.640661,0.001000810,65754,9,525.606259
1780969413.641660,0.001000563,55486,7,443.638232
1780969413.642717,0.001009497,68518,7,542.987250
1780969413.643691,0.000994436,65556,6,527.382355
1780969413.644610,0.000995124,51208,8,411.671309
1780969413.645595,0.001013703,71612,10,565.151726
1780969413.646613,0.000991593,53972,6,435.436716
1780969413.647586,0.001003473,68716,10,547.825402
1780969413.648623,0.001003587,58514,9,466.438884
1780969413.649625,0.000991206,68584,8,553.539829
1780969413.650607,0.001006159,62726,7,498.736283
1780969413.651590,0.000989978,55486,7,448.381681
1780969413.652607,0.001005982,70164,10,557.974198
1780969413.653613,0.001007425,64240,8,510.132268
1780969413.654607,0.000992096,62726,7,505.805890
1780969413.655578,0.000994524,53972,6,434.153424
1780969413.656613,0.001007364,70164,10,557.208715
1780969413.657592,0.000992717,65754,9,529.891198
1780969413.658588,0.001004124,56934,7,453.601348
1780969413.659610,0.000995840,64174,7,515.536632
1780969413.660632,0.001000368,62924,10,503.206820
1780969413.661703,0.001001755,62792,8,501.455945
1780969413.662802,0.001000478,62726,7,501.568250
1780969413.663733,0.000997965,62726,7,502.831262
1780969413.664665,0.001011121,67202,9,531.702932
1780969413.665581,0.000998857,61344,8,491.313571
1780969413.666594,0.000990521,64240,8,518.838066
1780969413.667620,0.001006791,56868,6,451.875315
1780969413.668571,0.000992409,65754,9,530.055652
1780969413.669559,0.001001717,61410,9,490.437918
1780969413.670609,0.000998670,71480,8,572.601560
1780969413.671579,0.000999342,55420,6,443.651923
1780969413.672596,0.001012442,62660,6,495.119720
1780969413.673570,0.000988065,55420,6,448.715419
1780969413.674657,0.001010701,71612,10,566.830348
1780969413.675630,0.001001826,67202,9,536.636102
1780969413.676610,0.000997473,55420,6,444.483209
1780969413.677604,0.000989632,55354,5,447.471383
1780969413.678604,0.001000883,68650,9,548.715484
1780969413.679574,0.000999235,65622,7,525.377914
1780969413.680588,0.000999785,58316,6,466.628325
1780969413.681595,0.001000528,62726,7,501.543185
1780969413.686788,0.001005329,57132,10,454.633259
1780969413.686927,0.001006286,71546,9,568.792570
1780969413.686997,0.000999809,53972,6,431.858485
1780969413.687052,0.000991367,71414,7,576.287086
1780969413.687071,0.001009359,55618,9,440.818381
1780969413.687643,0.000996453,61344,8,492.498894
1780969413.688632,0.000997587,62660,6,502.492514
1780969413.689620,0.000993561,69966,7,563.355446
1780969413.690703,0.001003092,57000,8,454.594394
1780969413.691791,0.001002686,65688,8,524.096277
1780969413.692687,0.001004282,59830,7,476.599202
1780969413.693714,0.000990813,64306,9,519.218056
1780969413.694676,0.000999405,60028,10,480.509903
1780969413.695661,0.001001373,56934,7,454.847494
1780969413.696628,0.001004649,59764,6,475.899543
1780969413.697617,0.001005511,67004,6,533.094118
1780969413.698668,0.000988235,68716,10,556.272547
1780969413.699733,0.001008251,65688,8,521.203550
1780969413.700650,0.000993524,58382,7,470.100370
1780969413.701616,0.000999484,65622,7,525.247027
1780969413.702610,0.001003747,61410,9,489.446046
1780969413.703586,0.000998788,68584,8,549.337797
1780969413.704582,0.000998374,65556,6,525.302141
1780969413.705580,0.000997650,51076,6,409.570491
1780969413.706615,0.001012768,70296,12,555.278208
1780969413.707690,0.000989890,64306,9,519.702189
1780969413.708609,0.001009208,65688,8,520.709309
1780969413.709630,0.000987633,57132,10,462.779190
1780969413.710675,0.001012328,68716,10,543.033483
1780969413.711640,0.000989003,62792,8,507.921614
1780969413.712635,0.001011392,64240,8,508.131367
1780969413.713620,0.000991913,65820,10,530.853008
1780969413.714617,0.001004675,64174,7,511.003061
1780969413.715607,0.000991589,55420,6,447.120732
1780969413.716587,0.000999524,62858,9,503.103477
1780969413.717604,0.001005839,68650,9,546.011837
1780969413.718758,0.000995280,64108,6,515.296198
1780969413.719675,0.001004659,68518,7,545.602040
1780969413.720607,0.000994334,39558,7,318.267303
1780969413.721614,0.001000726,73192,12,585.111209
1780969413.722616,0.001001767,58382,7,466.232168
1780969413.723603,0.000998116,69900,6,560.255521
1780969413.724606,0.001007349,51274,9,407.199491
1780969413.725578,0.000992644,73126,11,589.343209
1780969413.726687,0.001001705,67136,8,536.173824
1780969413.727638,0.000997144,61212,6,491.098578
1780969413.728636,0.001000177,55618,9,444.865259
1780969413.729591,0.001000090,75890,9,607.065364
1780969413.730630,0.001003926,65556,6,522.397069
1780969413.731748,0.000997298,51142,7,410.244481
1780969413.732711,0.000999736,65886,11,527.227188
1780969413.733693,0.001011178,70032,8,554.062687
1780969413.734635,0.000995667,55420,6,445.289439
1780969413.735722,0.000994071,67268,10,541.353686
1780969413.736613,0.000998792,71612,10,573.588895
1780969413.737584,0.000999267,62660,6,501.647708
1780969413.738634,0.001012665,61146,5,483.050170
1780969413.739669,0.000997037,54302,11,435.707000
1780969413.740641,0.000991981,68716,10,554.171905
1780969413.741608,0.001013006,71546,9,565.019358
1780969413.742620,0.000985511,56868,6,461.632595
1780969413.743617,0.001006994,56868,6,451.784221
1780969413.744592,0.001002572,74508,10,594.534856
1780969413.745587,0.000996411,64240,8,515.771102
1780969413.746616,0.001005042,58316,6,464.187566
1780969413.747573,0.000988731,58580,10,473.981295
1780969413.748590,0.001000756,75956,10,607.188965
1780969413.749595,0.000999686,62660,6,501.437451
1780969413.750634,0.001008659,61212,6,485.492124
1780969413.751605,0.000991245,67136,8,541.831737
1780969413.752583,0.001000576,58448,8,467.314827
1780969413.753628,0.001009774,67070,7,531.366425
1780969413.754612,0.000998126,61212,6,490.615413
1780969413.755679,0.001002362,46732,6,372.975033
1780969413.756618,0.000997503,62990,11,505.181438
1780969413.757568,0.000991296,71612,10,577.926270
1780969413.758618,0.001012269,65556,6,518.091535
1780969413.759604,0.000993490,62660,6,504.564716
1780969413.760675,0.000994490,55618,9,447.409225
1780969413.761737,0.001001142,65820,10,525.959354
1780969413.762653,0.000999592,61278,7,490.424093
1780969413.763596,0.000999232,64108,6,513.258182
1780969413.764596,0.001008552,61344,8,486.590677
1780969413.765666,0.001003847,67334,11,536.607670
1780969413.766611,0.000998418,62792,8,503.131955
1780969413.767613,0.001001633,65622,7,524.120112
1780969413.768613,0.000993915,65556,6,527.658804
1780969413.769639,0.000994148,55354,5,445.438707
1780969413.770617,0.000999184,59896,8,479.559320
1780969413.771592,0.001000383,64306,9,514.251042
1780969413.772613,0.001012475,61278,7,484.183807
1780969413.773563,0.000989832,61410,9,496.326649
1780969413.774608,0.001002897,65820,10,525.038962
1780969413.775627,0.000994936,59830,7,481.076170
1780969413.776676,0.001011801,71480,8,565.170424
1780969413.777636,0.000998958,51076,6,409.034214
1780969413.778625,0.000996521,65754,9,527.868454
1780969413.779599,0.000992801,65754,9,529.846364
1780969413.780600,0.001006035,65688,8,522.351608
1780969413.781598,0.001001051,49562,5,396.079720
1780969413.782672,0.001001463,68914,13,550.506609
1780969413.783609,0.000995844,73060,10,586.919236
1780969413.784671,0.001003879,52458,5,418.042413
1780969413.785623,0.000991309,61212,6,493.989261
1780969413.786579,0.000999780,65952,12,527.732101
1780969413.787674,0.001007160,70098,9,556.797331
1780969413.788649,0.001002883,58316,6,465.186866
1780969413.789623,0.000990434,71414,7,576.829955
1780969413.790619,0.001006675,51076,6,405.898627
1780969413.791609,0.001003730,68650,9,547.159097
1780969413.792616,0.001003385,62660,6,499.588892
1780969413.793596,0.000985798,70098,9,568.862992
1780969413.794622,0.001007656,65886,11,523.083274
1780969413.795602,0.000996875,65754,9,527.681003
1780969413.796586,0.001000676,64174,7,513.045181
1780969413.797639,0.000996964,55618,9,446.298964
1780969413.798627,0.001003969,65886,11,525.004258
1780969413.799718,0.000996158,70098,9,562.946842
1780969413.800600,0.000998156,59830,7,479.524243
1780969413.801634,0.001011392,58448,8,462.317282
1780969413.802651,0.000988659,65952,12,533.668333
1780969413.803684,0.001011295,67268,10,532.133552
1780969413.804625,0.000991567,59896,8,483.243190
1780969413.805676,0.000996771,64240,8,515.584823
1780969413.806610,0.001000503,64438,11,515.244832
1780969413.807607,0.001000538,58448,8,467.332575
1780969413.808615,0.001011196,56868,6,449.906843
1780969413.809593,0.000987782,62660,6,507.480395
1780969413.810665,0.001011891,55486,7,438.671754
1780969413.811628,0.000988237,73126,11,591.971359
1780969413.812586,0.000999730,62858,9,502.999810
1780969413.813594,0.000999801,62726,7,501.907880
1780969413.814646,0.001013256,58514,9,461.987889
1780969413.815602,0.000991957,68716,10,554.185312
1780969413.816608,0.001007866,65688,8,521.402647
1780969413.817582,0.000989889,56868,6,459.590924
1780969413.818604,0.000997394,51274,9,411.263753
1780969413.819607,0.001009024,67334,11,533.854497
1780969413.820605,0.000999065,70164,10,561.837318
1780969413.821590,0.001001080,56868,6,454.453191
1780969413.822608,0.000996240,58448,8,469.348751
1780969413.823589,0.001006595,68848,12,547.175378
1780969413.824601,0.000989253,58448,8,472.663717
1780969413.825589,0.001008052,64240,8,509.814970
1780969413.826617,0.000990864,65622,7,529.816403
1780969413.827591,0.001006168,58316,6,463.668095
1780969413.828601,0.001000758,68782,11,549.839222
1780969413.829568,0.000997282,59830,7,479.944489
1780969413.830633,0.000995484,64174,7,515.720996
1780969413.831679,0.001000443,59830,7,478.428056
1780969413.832584,0.000999933,71744,12,573.990457
1780969413.833586,0.001009044,56934,7,451.389632
1780969413.834600,0.000994387,55420,6,445.862627
1780969413.835588,0.001005514,64372,10,512.151994
1780969413.836580,0.000992057,67268,10,542.452702
1780969413.837593,0.001005376,62726,7,499.124706
1780969413.838608,0.001003123,64240,8,512.320025
1780969413.839583,0.000993887,41006,7,330.065692
1780969413.840595,0.000996339,68782,11,552.277889
1780969413.841583,0.001004296,68650,9,546.850729
1780969413.842603,0.000996242,58382,7,468.817817
1780969413.843590,0.001008119,62990,11,499.861623
1780969413.844599,0.000991369,64372,10,519.459455
1780969413.845568,0.001007112,61344,8,487.286419
1780969413.846615,0.000999106,59830,7,479.068287
1780969413.847654,0.000995282,57000,8,458.161606
1780969413.848606,0.001005881,76022,11,604.620228
1780969413.849614,0.000992292,54038,7,435.662083
1780969413.850641,0.001007947,64174,7,509.344241
1780969413.851607,0.000999689,61278,7,490.376507
1780969413.852600,0.000996280,68782,11,552.310595
1780969413.853582,0.000997500,70098,9,562.189474
1780969413.854628,0.000999064,55420,6,443.775374
1780969413.855594,0.000999682,57000,8,456.145054
1780969413.856629,0.001008658,74706,13,592.517979
1780969413.857627,0.000991884,65754,9,530.336209
1780969413.858611,0.001003993,56934,7,453.660533
1780969413.859605,0.000996475,68664,8,551.255174
1780969413.860592,0.000998752,51142,7,409.647240
1780969413.861632,0.001007526,74508,10,591.611532
1780969413.862588,0.000993860,61212,6,492.721309
1780969413.863585,0.001003146,62858,9,501.286951
1780969413.864589,0.000999311,68716,10,550.107024
1780969413.865621,0.001006998,58316,6,463.285925
1780969413.866602,0.001002495,56868,6,453.811740
1780969413.867589,0.000987103,74508,10,603.851878
1780969413.868571,0.001011905,65754,9,519.843266
1780969413.869594,0.000989216,62726,7,507.278491
1780969413.870603,0.001002009,64174,7,512.362663
1780969413.871609,0.001001785,61344,8,489.877569
1780969413.872595,0.001000428,65754,9,525.806955
1780969413.873582,0.000994332,58382,7,469.718364
1780969413.874655,0.001012067,55474,7,438.500613
1780969413.875733,0.000995549,65490,5,526.262394
1780969413.876969,0.000994222,74508,10,599.528073
1780969413.877673,0.001012933,57038,7,450.477968
1780969413.878626,0.000986536,68452,6,555.089728
1780969413.879583,0.001010710,67334,11,532.963956
1780969413.880684,0.000998595,56868,6,455.584096
1780969413.881605,0.001000112,69966,7,559.665317
1780969413.882588,0.000989112,56868,6,459.951957
1780969413.883638,0.001009748,53972,6,427.607680
1780969413.884714,0.000991915,70164,10,565.887198
1780969413.885692,0.000999326,71546,9,572.754036
1780969413.886619,0.001006346,53972,6,429.053228
1780969413.887697,0.000998736,64108,6,513.513081
1780969413.888603,0.001004555,70164,10,558.766817
1780969413.889653,0.000992693,58382,7,470.493899
1780969413.890632,0.001004236,67004,6,533.770946
1780969413.891659,0.000995215,53972,6,433.851982
1780969413.892615,0.000998018,49826,9,399.399610
1780969413.893656,0.001012569,87540,10,691.626941
1780969413.894613,0.000987326,59764,6,484.249377
1780969413.895645,0.001010129,56868,6,450.382080
1780969413.896659,0.001004791,56934,7,453.300239
1780969413.897576,0.000986284,73060,10,592.608214
1780969413.898627,0.001008541,58382,7,463.100657
1780969413.899608,0.000994692,64240,8,516.662444
1780969413.900652,0.001005018,71612,10,570.035562
1780969413.901650,0.000990325,58316,6,471.085755
1780969413.902616,0.000999987,68518,7,548.151126
1780969413.903576,0.000999881,58316,6,466.583523
1780969413.904584,0.000999908,65556,6,524.496254
1780969413.905653,0.001011513,51208,8,405.001221
1780969413.906673,0.000989426,70098,9,566.777101
1780969413.907614,0.000999962,67070,7,536.580390
1780969413.908571,0.001000861,56934,7,455.080176
1780969413.909618,0.001012508,70296,12,555.420797
1780969413.910607,0.000995848,62726,7,503.900194
1780969413.911605,0.000992448,62660,6,505.094473
1780969413.912593,0.000998328,57000,8,456.763709
1780969413.913608,0.001005286,71744,12,570.934043
1780969413.914626,0.001003852,68584,8,546.566625
1780969413.915605,0.001003863,59764,6,476.272161
1780969413.916589,0.000986111,64174,7,520.622932
1780969413.917582,0.001007110,59962,9,476.309440
1780969413.918619,0.000993249,65754,9,529.607379
1780969413.919609,0.001002511,62726,7,500.551116
1780969413.920597,0.000997462,68452,6,549.009386
1780969413.921646,0.001004036,55552,8,442.629547
1780969413.922602,0.001000436,65754,9,525.802750
1780969413.923610,0.001006369,64108,6,509.618241
1780969413.924576,0.000988961,58316,6,471.735488
1780969413.925597,0.001001510,62594,5,499.997005
1780969413.926659,0.001009121,68716,10,544.759251
1780969413.927671,0.001003807,61344,8,488.890793
1780969413.928658,0.000986279,67004,6,543.489216
1780969413.929625,0.000999452,51142,7,409.360329
1780969413.930625,0.001002000,79104,14,631.568862
1780969413.931669,0.001002714,64240,8,512.528996
1780969413.932637,0.001004163,55420,6,441.521944
1780969413.933586,0.000995582,68518,7,550.576447
1780969413.934630,0.001008396,58448,8,463.690852
1780969413.935616,0.000997978,67202,9,538.705262
1780969413.936576,0.000989597,62726,7,507.083186
1780969413.937582,0.000999342,59896,8,479.483500
1780969413.938627,0.001006926,70230,11,557.975462
1780969413.939596,0.000998229,65622,7,525.907382
1780969413.940588,0.001003970,59830,7,476.747313
1780969413.941665,0.000996680,67070,7,538.347313
1780969413.942620,0.001001864,43902,7,350.562551
1780969413.943621,0.001002918,67268,10,536.578265
1780969413.944619,0.001001527,64174,7,512.609246
1780969413.945614,0.000993672,58250,5,468.967627
1780969413.946697,0.000996518,68848,12,552.708531
1780969413.947689,0.001011356,64306,9,508.671526
1780969413.948612,0.000998059,65622,7,525.996960
1780969413.949583,0.000988668,58316,6,471.875291
1780969413.950594,0.001004241,62594,5,498.637279
1780969413.951652,0.001008333,70164,10,556.673242
1780969413.952760,0.000998241,61278,7,491.087823
1780969413.953614,0.001000096,64174,7,513.342719
1780969413.954762,0.000996590,48180,6,386.758848
1780969413.955637,0.000994484,35082,5,282.212685
1780969413.956635,0.001003775,89120,12,710.278698
1780969413.957602,0.001005474,81682,9,649.898456
1780969413.958650,0.000998532,70296,12,563.194770
1780969413.959606,0.000989702,55420,6,447.973228
1780969413.960662,0.001001577,62660,6,500.490726
1780969413.961625,0.001010291,65820,10,521.196368
1780969413.962589,0.001003408,70164,10,559.405546
1780969413.963582,0.000992825,62726,7,505.434492
1780969413.964577,0.000992607,59764,6,481.673009
1780969413.965783,0.001000923,57132,10,456.634526
1780969413.966705,0.000999059,70164,10,561.840692
1780969413.967616,0.001010897,68584,8,542.757571
1780969413.968609,0.000996727,58250,5,467.530226
1780969413.969607,0.001001815,54236,10,433.101920
1780969413.970598,0.000992838,67202,9,541.494181
1780969413.971598,0.001005527,48180,6,383.321383
1780969413.972697,0.000994402,23300,2,187.449341
1780969413.973732,0.000997998,106364,10,852.618943
1780969413.974617,0.001000075,62660,6,501.242407
1780969413.975605,0.001011269,59896,8,473.828427
1780969413.976617,0.000991259,65688,8,530.137936
1780969413.977604,0.000996585,65556,6,526.245127
1780969413.978683,0.001002639,64438,11,514.147166
1780969413.979653,0.000998659,62924,10,504.067955
1780969413.980629,0.001003487,62660,6,499.538111
1780969413.981672,0.000996059,62660,6,503.263361
1780969413.982676,0.001009616,57066,9,452.179839
1780969413.983586,0.000999576,73060,10,584.727925
1780969413.984598,0.000991190,55486,7,447.833412
1780969413.985611,0.000999059,62660,6,501.752149
1780969413.986604,0.001012666,57198,11,451.860732
1780969413.987608,0.000994757,65754,9,528.804522
1780969413.988609,0.000994020,62792,8,505.358041
1780969413.989568,0.001001925,56802,5,453.542930
1780969413.990618,0.001003994,121240,11,966.061550
1780969413.991609,0.000992511,71612,10,577.218792
1780969413.992667,0.001005385,61212,6,487.073111
1780969413.993620,0.000994749,65622,7,527.747201
1780969413.994657,0.001004717,58382,7,464.863240
1780969413.995620,0.001006075,64306,9,511.341600
1780969413.996678,0.000990725,67190,9,542.552171
1780969413.997602,0.001008672,61212,6,485.485867
1780969413.998624,0.000990805,52722,9,425.690222
1780969413.999621,0.001007031,74640,12,592.950962
1780969414.000685,0.001000434,61344,8,490.539106
1780969414.001683,0.000992722,61212,6,493.286137
1780969414.002698,0.001012855,68518,7,541.187041
1780969414.003625,0.000988196,51142,7,414.023129
1780969414.004625,0.001005398,71612,10,569.820111
1780969414.005618,0.000992550,62660,6,505.042567
1780969414.006672,0.001000177,59764,6,478.027389
1780969414.007663,0.001013421,62858,9,496.204440
1780969414.008617,0.000993247,65622,7,528.545266
1780969414.009662,0.000992822,61212,6,493.236451
1780969414.010770,0.001000275,51274,9,410.079228
1780969414.011614,0.001001290,68782,11,549.547084
1780969414.012602,0.001006986,59830,7,475.319419
1780969414.013588,0.000992028,69900,6,563.693767
1780969414.014707,0.001011844,51274,9,405.390554
1780969414.015607,0.000990319,80432,12,649.746193
1780969414.016599,0.001001414,62792,8,501.626700
1780969414.017580,0.000995962,58250,5,467.889337
1780969414.018607,0.001006706,57132,10,454.011400
1780969414.019603,0.001001656,76022,11,607.170526
1780969414.020606,0.000992012,53972,6,435.252799
1780969414.021587,0.001007169,69966,7,555.743872
1780969414.022601,0.001000279,62594,5,500.612329
1780969414.023595,0.000991845,48312,8,389.673790
1780969414.024609,0.001009360,39426,5,312.483158
1780969414.025585,0.000999394,97808,12,782.938461
1780969414.026582,0.000998026,59764,6,479.057660
1780969414.027583,0.000993252,63056,12,507.875141
1780969414.028599,0.001000483,62858,9,502.621234
1780969414.029607,0.001010422,62726,7,496.632100
1780969414.030642,0.000998718,56802,5,454.999309
1780969414.031691,0.000991178,68518,7,553.022767
1780969414.032656,0.000999955,57000,8,456.020521
1780969414.033595,0.001011233,71546,9,566.010010
1780969414.034602,0.000997871,67004,6,537.175647
1780969414.035604,0.000997010,56868,6,456.308362
1780969414.036596,0.000993085,62726,7,505.302164
1780969414.037605,0.001009110,70164,10,556.244612
1780969414.038602,0.000991177,58382,7,471.213517
1780969414.039596,0.001001270,58250,5,465.408931
1780969414.040586,0.001004686,68848,12,548.215064
1780969414.041577,0.000993878,68650,9,552.582913
1780969414.042629,0.001013202,64174,7,506.702513
1780969414.043596,0.000986883,61212,6,496.204717
1780969414.044594,0.001007839,55618,9,441.483213
1780969414.045594,0.001005844,40874,5,325.092161
1780969414.046603,0.000998928,0,0,0.000000
1780969414.047658,0.000988464,58316,6,471.972677
1780969414.048632,0.001012399,100572,10,794.722239
1780969414.049638,0.000993839,57066,9,459.358105
1780969414.050683,0.001000349,49628,6,396.885487
1780969414.051750,0.000999030,84644,10,677.809475
1780969414.052669,0.001001823,56934,7,454.643185
1780969414.053688,0.000993112,74640,12,601.261489
1780969414.054623,0.001013487,61278,7,483.700334
1780969414.055652,0.000994430,55420,6,445.843347
1780969414.056638,0.000990805,53972,6,435.783025
1780969414.057676,0.001000647,58646,11,468.864645
1780969414.058597,0.001003217,65754,9,524.345182
1780969414.059602,0.000995569,55420,6,445.333272
1780969414.060591,0.001007912,72862,7,578.320330
1780969414.061628,0.000992224,49892,10,402.264005
1780969414.062610,0.001008954,73060,10,579.293010
1780969414.063599,0.001005046,65754,9,523.390969
1780969414.064703,0.000998118,61278,7,491.148341
1780969414.065616,0.000995283,64438,11,517.947157
1780969414.066599,0.000997300,67136,8,538.542064
1780969414.067585,0.000995333,55420,6,445.438863
1780969414.068588,0.001005042,68518,7,545.394123
1780969414.069582,0.000996101,49694,7,399.108123
1780969414.070695,0.000999211,67202,9,538.040514
1780969414.071667,0.001000449,67136,8,536.846956
1780969414.072618,0.001002708,56802,5,453.188765
1780969414.073801,0.000996798,65952,12,529.310853
1780969414.074610,0.001004888,68650,9,546.528568
1780969414.075618,0.001004039,53906,5,429.513196
1780969414.076591,0.000991968,61212,6,493.661086
1780969414.077618,0.000998603,71876,14,575.812410
1780969414.078622,0.001012084,67202,9,531.197015
1780969414.079597,0.000998567,52458,5,420.266242
1780969414.080592,0.000988933,67202,9,543.632380
1780969414.081577,0.001001907,71612,10,571.805567
1780969414.082596,0.000998942,62660,6,501.810916
1780969414.083596,0.001000241,61278,7,490.105884
1780969414.084654,0.001010395,65886,11,521.665289
1780969414.085603,0.000990093,62792,8,507.362440
1780969414.086609,0.001002295,67070,7,535.331414
1780969414.087766,0.000998723,64174,7,514.048440
1780969414.088629,0.001003560,48246,7,384.598828
1780969414.089574,0.001007697,75956,10,603.006658
1780969414.090606,0.000987402,58382,7,473.015044
1780969414.091591,0.001010872,65688,8,519.852167
1780969414.092584,0.000993262,65886,11,530.663611
1780969414.093573,0.000998958,59896,8,479.667814
1780969414.094611,0.001003957,67004,6,533.919281
1780969414.095589,0.001005455,62990,11,501.186030
1780969414.096581,0.001001066,62858,9,502.328518
1780969414.097571,0.000987574,61278,7,496.392169
1780969414.098637,0.001009567,68518,7,542.949601
1780969414.099582,0.000988756,59830,7,484.083030
1780969414.100564,0.000999844,65820,10,526.642156
1780969414.101601,0.001000058,55486,7,443.862256
1780969414.102593,0.001001018,67070,7,536.014337
1780969414.103661,0.001007500,55486,7,440.583623
1780969414.104613,0.000991941,65820,10,530.838024
1780969414.105614,0.001000007,70032,8,560.252078
1780969414.106592,0.001002885,55354,5,441.558105
1780969414.107610,0.001007370,65622,7,521.135233
1780969414.108602,0.000996649,65820,10,528.330435
1780969414.109587,0.000996527,67136,8,538.959807
1780969414.110642,0.001006723,67136,8,533.501271
1780969414.111586,0.000989325,53906,5,435.901246
1780969414.112582,0.000999866,67334,11,538.744192
1780969414.113576,0.001000607,64240,8,513.608240
1780969414.114607,0.001000158,67070,7,536.475237
1780969414.115616,0.001004943,53972,6,429.652229
1780969414.116621,0.000998180,65886,11,528.049049
1780969414.117598,0.000999015,65688,8,526.022132
1780969414.118637,0.001008070,61278,7,486.299563
1780969414.119608,0.000994313,56868,6,457.546064
1780969414.120583,0.001002444,68716,10,548.387740
1780969414.121595,0.000992436,68584,8,552.853786
1780969414.122605,0.001004642,55486,7,441.836993
1780969414.123609,0.001010532,65820,10,521.072069
1780969414.124580,0.000989676,70164,10,567.167437
1780969414.125567,0.001000124,64174,7,513.328347
1780969414.126630,0.000995715,55354,5,444.737701
1780969414.127741,0.001011489,64438,11,509.648647
1780969414.128752,0.000999177,71546,9,572.839447
1780969414.129675,0.000994814,65622,7,527.712718
1780969414.130702,0.000997393,59764,6,479.361696
1780969414.131643,0.001000221,55684,10,445.373572
1780969414.132632,0.000996426,70230,11,563.855219
1780969414.133641,0.001000010,53906,5,431.243688
1780969414.134615,0.001004217,71414,7,568.912894
1780969414.135659,0.001003690,55420,6,441.730016
1780969414.136608,0.000994441,73126,11,588.278239
1780969414.137659,0.001011144,62726,7,496.277484
1780969414.138613,0.000999544,56802,5,454.623308
1780969414.139584,0.000995116,65886,11,529.674932
1780969414.140573,0.000991895,58382,7,470.872421
1780969414.141560,0.000999694,69966,7,559.899329
1780969414.142639,0.001009263,64240,8,509.203250
1780969414.143599,0.000991736,59962,9,483.693241
1780969414.144597,0.000999866,67070,7,536.631909
1780969414.145592,0.001004843,68518,7,545.502133
1780969414.146640,0.001003936,55684,10,443.725496
1780969414.147614,0.000990287,67136,8,542.355903
1780969414.148609,0.001003555,71414,7,569.288181
1780969414.149565,0.000998418,61212,6,490.471927
1780969414.150620,0.001009411,49892,10,395.414752
1780969414.151606,0.001001417,79050,13,631.505157
1780969414.152609,0.000998447,59830,7,479.384484
1780969414.153639,0.000992250,58382,7,470.703956
1780969414.154680,0.001003745,65622,7,523.017300
1780969414.155599,0.000994303,59764,6,480.851410
1780969414.156967,0.001003956,62858,9,500.882509
1780969414.157694,0.000996267,67202,9,539.630440
1780969414.158609,0.001009690,62726,7,496.992146
1780969414.159591,0.000997112,56868,6,456.261684
1780969414.160593,0.001002300,74508,10,594.696199
1780969414.161604,0.000989579,55486,7,448.562469
1780969414.162630,0.001005782,68584,8,545.517816
1780969414.163589,0.000995675,56934,7,457.450473
1780969414.164575,0.001000375,73060,10,584.260902
1780969414.165562,0.001000101,61344,8,490.702439
1780969414.166635,0.001006761,56868,6,451.888780
1780969414.167618,0.001002145,65820,10,525.432946
1780969414.168597,0.001000933,70296,12,561.843800
1780969414.169569,0.000994780,59896,8,481.682382
1780969414.170595,0.000997225,62726,7,503.204392
1780969414.171587,0.001002529,62660,6,500.015461
1780969414.172596,0.001006559,58382,7,464.012542
1780969414.173593,0.000998734,67268,10,538.826154
1780969414.174610,0.001003651,70032,8,558.217946
1780969414.175587,0.000987809,55420,6,448.831707
1780969414.176581,0.000996596,62726,7,503.521989
1780969414.177598,0.001012549,68782,11,543.436416
1780969414.178598,0.000993962,56934,7,458.238846
1780969414.179588,0.000993835,65622,7,528.232554
1780969414.180577,0.000999863,64108,6,512.934272
1780969414.181602,0.001011287,59764,6,472.775780
1780969414.182607,0.000996791,61410,9,492.861593
1780969414.183590,0.000995207,68584,8,551.314450
1780969414.184587,0.000996479,62726,7,503.581109
1780969414.185588,0.001003336,60094,11,479.153544
1780969414.186598,0.001006569,58514,9,465.057040
1780969414.187597,0.000990721,64240,8,518.733327
1780969414.188607,0.001013373,62792,8,495.706911
1780969414.189618,0.000997652,68782,11,551.551042
1780969414.190593,0.000990405,56934,7,459.884593
1780969414.191597,0.000998288,71480,8,572.820669
1780969414.192596,0.001015321,55486,7,437.189815
1780969414.193574,0.000986968,68716,10,556.986650
1780969414.194618,0.001001681,59764,6,477.309642
1780969414.195606,0.000999675,61212,6,489.855203
1780969414.196582,0.001001864,67400,12,538.196801
1780969414.197585,0.000998917,70098,9,561.391988
1780969414.198618,0.000998690,55420,6,443.941563
1780969414.199588,0.000996961,69966,7,561.434199
1780969414.200610,0.000999957,45284,6,362.287578
1780969414.201601,0.001000335,64240,8,513.747894
1780969414.202653,0.000999766,62726,7,501.925451
1780969414.203609,0.001010334,62660,6,496.152757
1780969414.204600,0.001000641,64108,6,512.535465
1780969414.205631,0.000989450,67334,11,544.415584
1780969414.206606,0.001008362,62792,8,498.170300
1780969414.207625,0.000994384,62660,6,504.111088
1780969414.208617,0.001008563,55486,7,440.119259
1780969414.209586,0.000994027,73192,12,589.054422
1780969414.210607,0.001004844,62858,9,500.439869
1780969414.211607,0.000998483,64240,8,514.700801
1780969414.212608,0.001003292,56868,6,453.451239
1780969414.213605,0.000987629,58316,6,472.371710
1780969414.214594,0.001000092,71612,10,572.843298
1780969414.215595,0.001008077,65688,8,521.293512
1780969414.216589,0.000994719,64306,9,517.179223
1780969414.217599,0.000998897,67202,9,538.209645
1780969414.218602,0.001001635,61212,6,488.896654
1780969414.219595,0.000996633,65622,7,526.749566
1780969414.220562,0.000999524,65556,6,524.697756
1780969414.221657,0.001013906,61476,10,485.062718
1780969414.222678,0.000999253,61344,8,491.118866
1780969414.223684,0.000993806,65556,6,527.716677
1780969414.224709,0.000993350,65622,7,528.490462
1780969414.225632,0.001000561,45416,8,363.124287
1780969414.226682,0.001001987,74574,11,595.408922
1780969414.227636,0.000997137,64174,7,514.866062
1780969414.228608,0.000999946,61212,6,489.722445
1780969414.229584,0.001000590,62858,9,502.567485
1780969414.230645,0.001007779,62858,9,498.982416
1780969414.231612,0.001005293,62726,7,499.165915
1780969414.232578,0.000992567,61212,6,493.363168
1780969414.233636,0.001005842,55684,10,442.884668
1780969414.234595,0.000991054,75890,9,612.600322
1780969414.235652,0.001000442,55354,5,442.636355
1780969414.236624,0.001000438,70164,10,561.066253
1780969414.237585,0.000998669,61344,8,491.406061
1780969414.238649,0.001011316,64108,6,507.125369
1780969414.239566,0.000989757,72928,8,589.461858
1780969414.240570,0.000996172,61146,5,491.047731
1780969414.241644,0.001000604,54104,8,432.570727
1780969414.242571,0.001001208,68650,9,548.537367
1780969414.243597,0.000998735,65622,7,525.640936
1780969414.244566,0.001001382,56934,7,454.843406
1780969414.245614,0.000999354,58580,10,468.942937
1780969414.246647,0.001007864,77404,10,614.400356
1780969414.247638,0.001004662,52524,6,418.242155
1780969414.248643,0.000998556,69966,7,560.537416
1780969414.249624,0.000999924,55750,11,446.033899
1780969414.250601,0.000995105,65754,9,528.619593
1780969414.251610,0.001000717,71480,8,571.430284
1780969414.252581,0.000991938,62726,7,505.886457
1780969414.253577,0.000999896,49628,6,397.065295
1780969414.254630,0.001004263,70164,10,558.929284
1780969414.255628,0.001002385,55420,6,442.305102
1780969414.256577,0.000994041,62660,6,504.285035
1780969414.257612,0.001001442,67334,11,537.896353
1780969414.258610,0.000998601,67202,9,538.369178
1780969414.259586,0.000999249,62726,7,502.185141
1780969414.260589,0.001002905,62858,9,501.407411
1780969414.261564,0.000997715,68716,10,550.987005
1780969414.262613,0.001009011,64174,7,508.807139
1780969414.263628,0.001003341,59698,5,475.993705
1780969414.264618,0.000988985,55750,11,450.967406
1780969414.265644,0.001005690,74574,11,593.216598
1780969414.266583,0.000992957,62792,8,505.899047
1780969414.267684,0.001001454,49562,5,395.920332
1780969414.268708,0.001010548,58514,9,463.225893
1780969414.269609,0.000988267,70296,12,569.044600
1780969414.271048,0.001011990,67136,8,530.724612
1780969414.271647,0.001001866,56802,5,453.569639
1780969414.272626,0.000996172,46798,7,375.822649
1780969414.273604,0.001001790,68848,12,549.799858
1780969414.274639,0.000987910,70098,9,567.646850
1780969414.275642,0.001014264,61278,7,483.329784
1780969414.276599,0.000994763,62726,7,504.449804
1780969414.277563,0.000991085,58580,10,472.855507
1780969414.278609,0.001005053,65754,9,523.387324
1780969414.279595,0.001001310,61344,8,490.109956
1780969414.280595,0.001006714,65622,7,521.474818
1780969414.281590,0.000994457,61212,6,492.425515
1780969414.282615,0.001000844,52590,7,420.365212
1780969414.283629,0.001000626,67268,10,537.807333
1780969414.284641,0.001000939,59830,7,478.190979
1780969414.285711,0.000997305,62726,7,503.164027
1780969414.286712,0.001001709,62660,6,500.424774
1780969414.287694,0.001004167,55420,6,441.520185
1780969414.288686,0.000988192,62792,8,508.338461
1780969414.289606,0.001004268,62792,8,500.201142
1780969414.290626,0.001004046,67136,8,534.923699
1780969414.291616,0.000991977,61344,8,494.721148
1780969414.292589,0.001007037,64372,10,511.377437
1780969414.293581,0.000990773,62792,8,507.014220
1780969414.294688,0.001002955,56868,6,453.603601
1780969414.295650,0.001005151,67004,6,533.285049
1780969414.296597,0.000992659,59830,7,482.179681
1780969414.297570,0.001010426,67202,9,532.068652
1780969414.298655,0.000996343,65688,8,527.432822
1780969414.299580,0.001002428,64174,7,512.148503
1780969414.300589,0.001000096,55486,7,443.845391
1780969414.301594,0.001001043,70098,9,560.199712
1780969414.302634,0.000989039,56934,7,460.519757
1780969414.303609,0.001010097,61212,6,484.800965
1780969414.304599,0.000989841,67400,12,544.733952
1780969414.305590,0.001011926,64306,9,508.385000
1780969414.306613,0.000992424,68584,8,552.860471
1780969414.307600,0.000998659,60094,11,481.397554
1780969414.308604,0.001003212,55552,8,442.993106
1780969414.309600,0.001000065,71546,9,572.330798
1780969414.310617,0.000994379,51010,5,410.386784
1780969414.311625,0.000999486,60160,12,481.527505
1780969414.312615,0.001000497,76022,11,607.873887
1780969414.313586,0.000999410,67136,8,537.405069
1780969414.314612,0.001000076,61146,5,489.130826
1780969414.315591,0.001009235,58646,11,464.874880
1780969414.316605,0.001000286,65754,9,525.881598
1780969414.317608,0.000990322,68584,8,554.033940
1780969414.318613,0.001001796,53972,6,431.001921
1780969414.319611,0.001011003,71810,13,568.227790
1780969414.320586,0.000987192,62792,8,508.853394
1780969414.321611,0.001013128,64174,7,506.739524
1780969414.322598,0.000988706,59962,9,485.175573
1780969414.323600,0.000998521,67202,9,538.412312
1780969414.324603,0.001001269,62726,7,501.172013
1780969414.325587,0.000998737,72928,8,584.161796
1780969414.326626,0.001007783,53972,6,428.441440
1780969414.327605,0.000998748,64372,10,515.621558
1780969414.328586,0.000996510,55552,8,445.972444
1780969414.329606,0.001005395,65688,8,522.684119
1780969414.330635,0.000991198,64174,7,517.951005
1780969414.331620,0.001008721,61410,9,487.032589
1780969414.332601,0.001001497,64306,9,513.679023
1780969414.333578,0.000990462,61212,6,494.411699
1780969414.334598,0.001006224,64504,12,512.840083
1780969414.335588,0.001001656,65820,10,525.689458
1780969414.336587,0.000997277,58382,7,468.331266
1780969414.337595,0.000994419,59830,7,481.326282
1780969414.338608,0.001010901,65820,10,520.881867
1780969414.339612,0.001002865,57000,8,454.697292
1780969414.340603,0.000988918,68584,8,554.820521
1780969414.341597,0.000997231,65622,7,526.433695
1780969414.342607,0.001005778,52590,7,418.303045
1780969414.343680,0.001004611,71612,10,570.266501
1780969414.344584,0.000998956,59830,7,479.140222
1780969414.345618,0.001004143,65622,7,522.809998
1780969414.346626,0.000992458,45284,6,365.025019
1780969414.347654,0.001008531,71678,11,568.573499
1780969414.348612,0.000985637,67136,8,544.914609
1780969414.349646,0.000999719,62726,7,501.949048
1780969414.350632,0.001005372,67334,11,535.793716
1780969414.351638,0.000998234,65622,7,525.904748
1780969414.352606,0.001000059,55354,5,442.805874
1780969414.353645,0.001004306,53972,6,429.924744
1780969414.354722,0.000992436,71744,12,578.326461
1780969414.355606,0.001000648,70098,9,560.420847
1780969414.356601,0.001011148,55420,6,438.471915
1780969414.357567,0.000998335,62660,6,502.116023
1780969414.358617,0.000994278,58382,7,469.743874
1780969414.359606,0.000995404,70164,10,563.903701
1780969414.360623,0.001008292,61358,7,486.827229
1780969414.361590,0.000991473,59698,5,481.691382
1780969414.362605,0.001011374,61608,12,487.321209
1780969414.363586,0.000993903,70098,9,564.224074
1780969414.364604,0.000994482,64108,6,515.709686
1780969414.365590,0.001009009,65622,7,520.288719
1780969414.366637,0.001005976,49694,7,395.190343
1780969414.367607,0.000986585,68716,10,557.202877
1780969414.368656,0.000999487,59764,6,478.357397
1780969414.369625,0.001007047,67070,7,532.805321
1780969414.370662,0.000997491,70362,13,564.311858
1780969414.371665,0.001008872,53972,6,427.978971
1780969414.372685,0.000998429,64108,6,513.670977
1780969414.373656,0.000987727,59896,8,485.121901
1780969414.374624,0.000999864,74640,12,597.201219
1780969414.375579,0.001000098,59830,7,478.593098
1780969414.376643,0.001000582,59818,7,478.265649
1780969414.377614,0.001007755,70296,12,558.040397
1780969414.378649,0.000994657,64410,9,518.047930
1780969414.379614,0.001002775,64240,8,512.497819
1780969414.380590,0.001002495,61344,8,489.530621
1780969414.381598,0.000993490,67268,10,541.670273
1780969414.382655,0.001002287,56934,7,454.432712
1780969414.383629,0.001000701,64174,7,513.032364
1780969414.384645,0.001003436,68518,7,546.267026
1780969414.385637,0.000993350,65820,10,530.085066
1780969414.386675,0.000998767,64240,8,514.554446
1780969414.387646,0.001003484,53906,5,429.750748
1780969414.388583,0.000996012,64306,9,516.507833
1780969414.389602,0.001011863,67334,11,532.356653
1780969414.390617,0.001000045,65754,9,526.008330
1780969414.391621,0.000996910,61278,7,491.743487
1780969414.392639,0.001001533,60028,10,479.488943
1780969414.393632,0.000993190,70098,9,564.629124
1780969414.394618,0.001002906,58382,7,465.702668
1780969414.395590,0.000996927,61212,6,491.205474
1780969414.396594,0.001004313,74706,13,595.081414
1780969414.397657,0.000991972,62792,8,506.401390
1780969414.398604,0.001000625,62726,7,501.494566
1780969414.399592,0.001005351,56868,6,452.522552
1780969414.400562,0.000996044,61410,9,493.231223
1780969414.401558,0.001000457,64240,8,513.685246
1780969414.402690,0.001003404,65622,7,523.195044
1780969414.403636,0.000998229,55486,7,444.675520
1780969414.404642,0.001002279,79050,13,630.962038
1780969414.405614,0.001003240,55420,6,441.928153
1780969414.406909,0.000992335,62660,6,505.151990
1780969414.407640,0.000999848,69966,7,559.813092
1780969414.408658,0.000999287,51208,8,409.956299
1780969414.409629,0.001012416,62792,8,496.175485
1780969414.410590,0.000994648,67070,7,539.447121
1780969414.411664,0.000997463,64174,7,514.697788
1780969414.412635,0.001005463,61344,8,488.085588
1780969414.413614,0.000989379,65688,8,531.145294
1780969414.414609,0.001006849,62660,6,497.870088
1780969414.415611,0.001000945,53972,6,431.368357
1780969414.416603,0.000999847,64372,10,515.054803
1780969414.417579,0.000992392,71744,12,578.352103
1780969414.418589,0.001000137,62858,9,502.795117
1780969414.419716,0.001013748,64174,7,506.429606
1780969414.420639,0.000988975,58448,8,472.796582
1780969414.421584,0.001004501,68848,12,548.316030
1780969414.422609,0.001005734,54104,8,430.364291
1780969414.423607,0.000987060,62726,7,508.386522
1780969414.424607,0.001006472,71348,6,567.113641
1780969414.425592,0.000993555,55750,11,448.893116
1780969414.426598,0.000999770,74574,11,596.729248
1780969414.427609,0.000999820,53972,6,431.853734
1780969414.428610,0.000999846,64240,8,513.999156
1780969414.429587,0.001007273,65820,11,522.757981
1780969414.430601,0.000993433,62726,7,505.125157
1780969414.431625,0.001000348,53906,5,431.097978
1780969414.432602,0.001004549,62792,8,500.061222
1780969414.433582,0.000994520,65820,10,529.461449
1780969414.434622,0.001013215,70086,9,553.375147
1780969414.435585,0.000987718,59764,6,484.057190
1780969414.436602,0.001012795,59896,8,473.114500
1780969414.437599,0.000999507,65820,10,526.819722
1780969414.438650,0.000987487,67136,8,543.893742
1780969414.439631,0.001004141,59830,7,476.666126
1780969414.440757,0.000996272,62660,6,503.155765
1780969414.441650,0.000998999,71678,11,573.998573
1780969414.442619,0.001007435,62726,7,498.104592
1780969414.443705,0.000998146,55420,6,444.183516
1780969414.444653,0.000994081,61410,9,494.205201
1780969414.445635,0.001013501,64306,9,507.594960
1780969414.446595,0.000987664,67070,7,543.261676
1780969414.447720,0.001006742,62660,6,497.923003
1780969414.448663,0.001007161,64504,12,512.362969
1780969414.449631,0.000992936,61410,9,494.775091
1780969414.450615,0.001002124,65688,8,524.390195
1780969414.451625,0.000992274,61278,7,494.040960
1780969414.452624,0.000998544,58382,7,467.737025
1780969414.453563,0.001001162,73126,11,584.329010
1780969414.454624,0.001007085,53972,6,428.738389
1780969414.455617,0.000997358,61278,7,491.522603
1780969414.456609,0.000999917,56868,6,454.981763
1780969414.457611,0.001000447,68782,11,550.010145
1780969414.458725,0.000993829,62726,7,504.923885
1780969414.459639,0.001000844,65556,6,524.005739
1780969414.460639,0.001006320,64504,12,512.791160
1780969414.461601,0.000994669,65688,8,528.320476
1780969414.462615,0.001011027,55420,6,438.524392
1780969414.463608,0.000999716,64174,7,513.537845
1780969414.464608,0.000998733,70098,9,561.495415
1780969414.465694,0.000988709,62792,8,508.072648
1780969414.466603,0.001009196,65622,7,520.192312
1780969414.467598,0.001004664,64174,7,511.008656
1780969414.468582,0.000986792,59764,6,484.511427
1780969414.469561,0.001002174,58316,6,465.515968
1780969414.470597,0.000999584,62858,9,503.073278
1780969414.471618,0.001006240,67070,7,533.232628
1780969414.472610,0.001004080,55354,5,441.032587
1780969414.473584,0.000993367,59962,9,482.899070
1780969414.474637,0.000997494,74574,11,598.090816
1780969414.475593,0.001004251,65622,7,522.753774
1780969414.476588,0.000991683,61212,6,493.802959
1780969414.477624,0.001013208,46732,6,368.982479
1780969414.478622,0.000988693,62990,11,509.682986
1780969414.479602,0.001000591,62792,8,502.039295
1780969414.480603,0.000997449,71546,9,573.831845
1780969414.481612,0.001007658,64174,7,509.490323
1780969414.482669,0.000997749,55486,7,444.889446
1780969414.483618,0.001002630,72994,9,582.420235
1780969414.484595,0.000999623,53972,6,431.938841
1780969414.485637,0.000992749,62660,6,504.941330
1780969414.486606,0.000999774,67466,13,539.850006
1780969414.487677,0.001000345,65820,10,526.378399
1780969414.488617,0.001012166,67136,8,530.632327
1780969414.489600,0.000992720,59764,6,481.618180
1780969414.490588,0.000996484,59830,7,480.328836
1780969414.491612,0.001006040,64306,9,511.359389
1780969414.492597,0.000992086,59896,8,482.990386
1780969414.493600,0.001000602,65688,8,525.187837
1780969414.494684,0.001004731,58316,6,464.331249
1780969414.495640,0.000996759,58382,7,468.574650
1780969414.496685,0.001006376,67202,9,534.209878
1780969414.497622,0.000995595,67202,9,539.994677
1780969414.498596,0.000996424,55420,6,444.951145
1780969414.499683,0.001008147,65556,6,520.209850
1780969414.500657,0.000991452,65556,6,528.969632
1780969414.501639,0.001008776,65820,10,521.979111
1780969414.502597,0.000996278,62792,8,504.212680
1780969414.503585,0.000999200,56868,6,455.308247
1780969414.504636,0.001001150,56934,7,454.948809
1780969414.505600,0.001006727,62990,11,500.552781
1780969414.506706,0.000996379,62924,10,505.221407
1780969414.507681,0.001002139,62792,8,501.263797
1780969414.508616,0.000997059,62726,7,503.288171
1780969414.509578,0.000992383,60028,10,483.909942
1780969414.510666,0.000999892,65820,10,526.616875
1780969414.511616,0.001002943,61344,8,489.311955
1780969414.512593,0.001003758,59830,7,476.848005
1780969414.513573,0.001004102,68518,7,545.904699
1780969414.514600,0.000989061,59962,9,485.001431
1780969414.515580,0.001008694,62858,9,498.529782
1780969414.516577,0.000992270,56934,7,459.020226
1780969414.517607,0.001010093,67202,9,532.244061
1780969414.518610,0.000991195,60094,11,485.022624
1780969414.519597,0.000998886,65820,10,527.147242
1780969414.520591,0.001001230,58382,7,466.482227
1780969414.521571,0.001002651,65622,7,523.587968
1780969414.522606,0.000995367,67268,10,540.648826
1780969414.523606,0.001003540,64306,9,512.633278
1780969414.524610,0.000996222,59896,8,480.985162
1780969414.525591,0.001000739,62660,6,500.909828
1780969414.526594,0.000999540,65556,6,524.689357
1780969414.527572,0.001000205,51076,6,408.524253
1780969414.528564,0.001004217,71612,10,570.490243
1780969414.529587,0.001001525,62792,8,501.571104
1780969414.530607,0.000995272,62726,7,504.191819
1780969414.531602,0.001000256,53906,5,431.137629
1780969414.532560,0.000998294,61344,8,491.590654
1780969414.533576,0.000999163,67202,9,538.066362
1780969414.534627,0.001017673,68584,8,539.143713
1780969414.535582,0.000987507,61212,6,495.891168
1780969414.536597,0.001003804,54038,7,430.665747
1780969414.537602,0.000991950,67202,9,541.978930
1780969414.538609,0.001004730,67202,9,535.085048
1780969414.539593,0.001006092,65622,7,521.797211
1780969414.540598,0.000990151,54038,7,436.604114
1780969414.541687,0.000999039,67268,10,538.661654
1780969414.542603,0.001000549,61278,7,489.955015
1780969414.543754,0.001006583,68518,7,544.559167
1780969414.544650,0.001003194,58316,6,465.042654
1780969414.545621,0.000995795,65820,10,528.783535
1780969414.546584,0.000994782,59896,8,481.681414
1780969414.547601,0.001000876,68584,8,548.191784
1780969414.548605,0.001009569,55420,6,439.157700
1780969414.549603,0.000995090,58382,7,469.360560
1780969414.550580,0.000993423,64306,9,517.853925
1780969414.551602,0.001000919,67136,8,536.594869
1780969414.552600,0.001007749,55354,5,439.426881
1780969414.553587,0.000999655,59896,8,479.333370
1780969414.554622,0.000996387,74706,13,599.815132
1780969414.555683,0.000996511,55486,7,445.442148
1780969414.556597,0.001001059,62726,7,501.277148
1780969414.557750,0.001008211,62726,7,497.721211
1780969414.558706,0.000989885,62924,10,508.535840
1780969414.559633,0.001010279,57000,8,451.360466
1780969414.560628,0.000988992,62726,7,507.393386
1780969414.561598,0.001011579,59764,6,472.639309
1780969414.562600,0.000989076,61278,7,495.638353
1780969414.563582,0.001001732,68716,10,548.777517
1780969414.564590,0.001009086,16060,2,127.323142
1780969414.565584,0.000995518,24814,3,199.405737
1780969414.566600,0.001005705,104982,11,835.091801
1780969414.567626,0.000997579,68782,11,551.591403
1780969414.568588,0.000997844,68716,10,550.915774
1780969414.569611,0.001000087,58316,6,466.487416
1780969414.570616,0.001001946,64108,6,511.867905
1780969414.571577,0.000994034,51340,10,413.185062
1780969414.572666,0.000996846,71678,11,575.238302
1780969414.573669,0.001000114,48180,6,385.396065
1780969414.574619,0.001005760,0,0,0.000000
1780969414.575673,0.001004200,0,0,0.000000
1780969414.576606,0.000998042,81550,7,653.679905
1780969414.577582,0.000991687,78720,8,635.039080
1780969414.578607,0.000999263,72928,8,583.854301
1780969414.579607,0.001007083,67202,9,533.834848
1780969414.580589,0.001005265,62726,7,499.179818
1780969414.581609,0.001000383,62726,7,501.615881
1780969414.582609,0.000994636,56868,6,457.397480
1780969414.583587,0.001004123,68650,9,546.944946
1780969414.584590,0.000989324,135720,7,1097.476661
1780969414.585594,0.001004217,59698,5,475.578486
1780969414.586622,0.000997056,60094,11,482.171513
1780969414.587591,0.001000984,68650,9,548.660118
1780969414.588603,0.000998494,67070,7,537.369278
1780969414.589579,0.001009406,59764,6,473.656784
1780969414.590604,0.000995045,65556,6,527.059580
1780969414.591603,0.000994066,58316,6,469.312903
1780969414.592660,0.001002020,65754,9,524.971557
1780969414.593647,0.000998090,62792,8,503.297298
1780969414.595642,0.001006788,62726,7,498.424693
1780969414.595692,0.001006316,59764,6,475.111198
1780969414.596663,0.000993874,55750,11,448.749037
1780969414.597696,0.000993705,74508,10,599.839993
1780969414.598664,0.001004910,64174,7,510.883562
1780969414.599686,0.000995079,61212,6,492.117711
1780969414.600599,0.000999535,49628,6,397.208702
1780969414.601569,0.001007764,68716,10,545.492794
1780969414.602600,0.000991975,67202,9,541.965271
1780969414.603593,0.001004807,61212,6,487.353293
1780969414.604617,0.001001584,53906,5,430.565983
1780969414.605583,0.000995222,65622,7,527.496378
1780969414.606634,0.001008532,70098,9,556.039868
1780969414.607611,0.000992726,67136,8,541.023404
1780969414.608580,0.000998006,53906,5,432.109627
1780969414.609602,0.001003519,68848,12,548.852588
1780969414.610635,0.001007836,59830,7,474.918538
1780969414.611584,0.000987532,62726,7,508.143534
1780969414.612581,0.001000599,64174,7,513.084662
1780969414.613575,0.001000398,67070,7,536.346534
1780969414.614673,0.001003081,62924,10,501.845813
1780969414.615640,0.000997350,55420,6,444.538026
1780969414.616650,0.001004834,61278,7,487.865657
1780969414.617658,0.000994491,61212,6,492.408679
1780969414.618756,0.001003254,55750,11,444.553423
1780969414.619660,0.001001346,68782,11,549.516351
1780969414.620630,0.001002718,61278,7,488.895183
1780969414.621600,0.001004624,68452,6,545.095479
1780969414.622598,0.000987673,60160,12,487.286784
1780969414.623591,0.001006419,70098,9,557.207286
1780969414.624583,0.000998362,62792,8,503.160176
1780969414.625587,0.000999091,56868,6,455.357920
1780969414.626592,0.001008577,62990,11,499.634634
1780969414.627607,0.000992619,62792,8,506.071312
1780969414.628609,0.001006805,53972,6,428.857624
1780969414.629674,0.000997442,67136,8,538.465394
1780969414.630695,0.000992873,65886,11,530.871521
1780969414.631628,0.000997817,59830,7,479.687157
1780969414.632601,0.001003953,65556,6,522.383020
1780969414.633642,0.000996338,56868,6,456.616128
1780969414.634774,0.001000993,67070,7,536.027724
1780969414.635623,0.001001964,73060,10,583.334331
1780969414.636627,0.001005707,62660,6,498.435429
1780969414.637619,0.000991050,56802,5,458.519752
1780969414.638592,0.001004378,57000,8,454.012334
1780969414.639601,0.000996260,71744,12,576.106639
1780969414.640641,0.000999892,64240,8,513.975509
1780969414.641666,0.001006070,56868,6,452.199151
1780969414.642672,0.000993993,59962,9,482.594948
1780969414.643605,0.001001223,76088,12,607.960464
1780969414.644607,0.001010210,61278,7,485.269399
1780969414.645663,0.000999015,56802,5,454.864041
1780969414.646843,0.000996823,70296,12,564.160337
1780969414.647666,0.000992861,62924,10,507.011555
1780969414.648644,0.001007352,65688,8,521.668692
1780969414.649627,0.000998794,62660,6,501.885274
1780969414.650639,0.000999251,62660,6,501.655740
1780969414.651649,0.001005416,55354,5,440.446542
1780969414.652634,0.000989086,62792,8,507.878991
1780969414.653680,0.001002695,70098,9,559.276749
1780969414.654661,0.001006609,55420,6,440.449072
1780969414.655721,0.000998501,62858,9,503.618925
1780969414.656653,0.000992766,67334,11,542.597148
1780969414.657654,0.001013331,58382,7,460.911588
1780969414.658689,0.000996615,59764,6,479.735906
1780969414.659638,0.000992609,67070,7,540.555244
1780969414.660653,0.001004995,53972,6,429.629998
1780969414.661623,0.000992409,75956,10,612.295938
1780969414.662651,0.001001830,55420,6,442.550133
1780969414.663635,0.001007761,68452,6,543.398683
1780969414.664657,0.001004452,59896,8,477.044199
1780969414.665584,0.000994768,64438,11,518.215302
1780969414.666612,0.000990331,67136,8,542.331806
1780969414.667622,0.000999955,59764,6,478.133516
1780969414.668584,0.000999547,65820,10,526.798640
1780969414.669674,0.001008097,65820,10,522.330688
1780969414.670604,0.001004252,67136,8,534.813971
1780969414.671603,0.000995828,58316,6,468.482509
1780969414.672615,0.001005376,61608,12,490.228531
1780969414.673583,0.000987340,68650,9,556.242024
1780969414.674612,0.001010099,64174,7,508.259091
1780969414.675604,0.000989725,52458,5,424.020814
1780969414.676664,0.001013117,64108,6,506.223862
1780969414.677620,0.000995412,73126,11,587.704388
1780969414.678622,0.001003717,67202,9,535.625082
1780969414.679621,0.000989392,61212,6,494.946391
1780969414.680595,0.001004297,53906,5,429.402856
1780969414.681574,0.001006673,62726,7,498.481632
1780969414.682608,0.000999123,70098,9,561.276239
1780969414.683594,0.000998262,56868,6,455.736069
1780969414.684651,0.001001711,67136,8,536.170612
1780969414.685633,0.000987745,65886,11,533.627606
1780969414.686598,0.001009256,62792,8,497.729020
1780969414.687609,0.001000427,67136,8,536.858761
1780969414.688592,0.000992023,59830,7,482.488813
1780969414.689576,0.001000114,65886,11,527.027919
1780969414.690710,0.001004914,65622,7,522.408883
1780969414.691681,0.000993166,56868,6,458.074481
1780969414.692605,0.001000331,74640,12,596.922419
1780969414.693641,0.001008045,61344,8,486.835409
1780969414.694605,0.001000344,64240,8,513.743272
1780969414.695595,0.001001725,58316,6,465.724625
1780969414.696589,0.000992275,64306,9,518.453050
1780969414.697584,0.001001896,67136,8,536.071608
1780969414.698626,0.000999608,62726,7,502.004786
1780969414.699683,0.001004862,64240,8,511.433411
1780969414.700652,0.001001981,64306,9,513.430893
1780969414.701590,0.000988664,61278,7,495.844898
1780969414.702625,0.001008100,72928,8,578.736236
1780969414.703671,0.000993027,51076,6,411.477231
1780969414.704629,0.000999076,71678,11,573.954334
1780969414.705628,0.001002652,62726,7,500.480725
1780969414.706647,0.000997735,55354,5,443.837291
1780969414.707599,0.001008164,67202,9,533.262445
1780969414.708583,0.000999097,68716,10,550.224853
1780969414.709641,0.000996791,58382,7,468.559608
1780969414.710609,0.000999882,71480,8,571.907485
1780969414.711606,0.001000864,52524,6,419.829268
1780969414.712610,0.001006964,64504,12,512.463206
1780969414.713609,0.000987757,68650,9,556.007196
1780969414.714684,0.001006589,65622,7,521.539576
1780969414.715638,0.001006429,59896,8,476.107107
1780969414.716623,0.000993662,64306,9,517.729369
1780969414.717610,0.000993252,58382,7,470.229106
1780969414.718625,0.001015347,69900,6,550.747675
1780969414.719678,0.000992301,64504,12,520.035755
1780969414.720694,0.000993631,64240,8,517.214137
1780969414.721713,0.001010274,59830,7,473.772462
1780969414.722686,0.000989029,65688,8,531.333257
1780969414.723660,0.001007720,58646,11,465.573770
1780969414.724573,0.000993361,68650,9,552.870507
1780969414.725590,0.001004567,52524,6,418.281707
1780969414.726607,0.001000424,59830,7,478.437143
1780969414.727601,0.000997479,62990,11,505.193593
1780969414.728591,0.001003155,71612,10,571.094198
1780969414.729610,0.000996389,53972,6,433.340794
1780969414.730690,0.001009183,58514,9,463.852443
1780969414.731646,0.000993644,65820,10,529.928224
1780969414.732666,0.000993894,62726,7,504.890864
1780969414.733634,0.001010715,59764,6,473.043341
1780969414.734602,0.000989068,68518,7,554.202542
1780969414.735606,0.001008495,61344,8,486.618179
1780969414.736588,0.000991277,59896,8,483.384564
1780969414.737588,0.001000017,72994,9,583.942073
1780969414.738605,0.001000583,56868,6,454.678922
1780969414.739604,0.000999901,65886,11,527.140187
1780969414.740600,0.000999724,65754,9,526.177225
1780969414.741591,0.001010001,56934,7,450.961930
1780969414.742642,0.000997298,58316,6,467.791974
1780969414.743695,0.000994121,71546,9,575.752851
1780969414.744679,0.001011739,62858,9,497.029372
1780969414.745623,0.000990192,62726,7,506.778483
1780969414.746603,0.000997028,62660,6,502.774245
1780969414.747663,0.001013829,59962,9,473.152770
1780969414.748647,0.000997833,76154,13,610.555073
1780969414.749595,0.000995310,62726,7,504.172569
1780969414.750771,0.000993721,56802,5,457.287307
1780969414.751765,0.001001954,57000,8,455.110714
1780969414.752651,0.001006954,76088,12,604.500305
1780969414.753610,0.000990602,55486,7,448.099237
1780969414.754830,0.001000888,62726,7,501.362790
1780969414.755635,0.000998466,62660,6,502.050145
1780969414.756587,0.001005331,67400,12,536.340767
1780969414.757703,0.000996123,61344,8,492.662051
1780969414.758767,0.001006194,62660,6,498.194185
1780969414.759594,0.000993640,67202,9,541.057123
1780969414.760642,0.001009304,70098,9,555.614562
1780969414.761603,0.000994101,55420,6,445.990900
1780969414.762602,0.001003915,64174,7,511.389909
1780969414.763587,0.000995955,57000,8,457.852011
1780969414.764582,0.000995480,67202,9,540.057058
1780969414.765585,0.000999815,72862,7,583.003856
1780969414.766680,0.001005931,64174,7,510.365025
1780969414.767655,0.001007179,54038,7,429.222611
1780969414.768657,0.000987066,62858,9,509.453269
1780969414.769597,0.001007669,68518,7,543.972277
1780969414.770829,0.000994391,61212,6,492.458198
1780969414.771653,0.001008512,65952,12,523.162838
1780969414.772615,0.001003349,54038,7,430.861046
1780969414.773594,0.000987232,74376,8,602.703316
1780969414.774580,0.001000455,54038,7,432.107391
1780969414.775629,0.001008656,68848,12,546.057328
1780969414.776645,0.000990109,67136,8,542.453407
1780969414.777606,0.001000160,64108,6,512.781955
1780969414.778612,0.001002854,64372,10,513.510441
1780969414.779607,0.001000953,62726,7,501.330232
1780969414.780598,0.001005782,62660,6,498.398261
1780969414.781723,0.000991258,62726,7,506.233493
1780969414.782644,0.001003957,57066,9,454.728639
1780969414.783595,0.000996288,73126,11,587.187641
1780969414.784611,0.001005418,55420,6,440.970820
1780969414.785596,0.000995665,72862,7,585.433856
1780969414.786595,0.000998549,58646,11,469.849752
1780969414.787596,0.001001730,61344,8,489.904465
1780969414.788599,0.001006379,65622,7,521.648405
1780969414.789706,0.001005311,68452,6,544.722976
1780969414.790644,0.000998372,55750,11,446.727272
1780969414.791626,0.000993764,70098,9,564.302993
1780969414.792597,0.000997493,58382,7,468.229852
1780969414.793609,0.001008660,67070,7,531.953285
1780969414.794613,0.001001777,65952,12,526.680089
1780969414.795605,0.000985623,56934,7,462.115839
1780969414.796588,0.001006256,65622,7,521.712169
1780969414.797662,0.001004008,59896,8,477.255161
1780969414.798666,0.000990376,71744,12,579.529391
1780969414.799594,0.001009537,65754,9,521.062626
1780969414.800607,0.000996827,56868,6,456.392132
1780969414.801714,0.001006293,59830,7,475.646755
1780969414.802757,0.000988179,71810,13,581.352164
1780969414.803624,0.000999776,56934,7,455.574049
1780969414.804577,0.001001395,62660,6,500.581689
1780969414.805586,0.000997040,67268,10,539.741635
1780969414.806592,0.001013063,62858,9,496.379791
1780969414.807602,0.000989242,69966,7,565.815038
1780969414.808596,0.000998278,64240,8,514.806497
1780969414.809580,0.000999974,51142,7,409.146638
1780969414.810607,0.001007732,77536,12,615.528732
1780969414.811587,0.000998470,58382,7,467.771691
1780969414.812612,0.001007547,67070,7,532.540914
1780969414.813602,0.000991345,49562,5,399.957633
1780969414.814622,0.000996937,74574,11,598.424976
1780969414.815576,0.000997984,64240,8,514.958156
1780969414.816614,0.001006840,55420,6,440.348020
1780969414.817635,0.000997897,71414,7,572.516001
1780969414.818635,0.000997901,59962,9,480.705000
1780969414.819627,0.001000339,64240,8,513.745840
1780969414.820589,0.001002501,71546,9,570.940079
1780969414.821563,0.000993838,52458,5,422.266003
1780969414.822613,0.001008042,70296,12,557.881517
1780969414.823595,0.000997913,64240,8,514.994794
1780969414.824577,0.000997907,64174,7,514.468783
1780969414.825593,0.000997902,61212,6,490.725542
1780969414.826662,0.001003375,58382,7,465.484988
1780969414.827591,0.000995408,71678,11,576.069310
1780969414.828585,0.001003398,64174,7,511.653402
1780969414.829573,0.000996833,53906,5,432.618102
1780969414.830624,0.001000074,67070,7,536.520297
1780969414.831592,0.001000491,71678,11,573.142587
1780969414.832584,0.001003053,59830,7,477.183160
1780969414.833620,0.001005423,58316,6,464.011665
1780969414.834643,0.000991988,65760,8,530.328996
1780969414.835571,0.001003206,60094,11,479.215635
1780969414.836583,0.001004380,68650,9,546.804994
1780969414.837566,0.000991099,62726,7,506.314707
1780969414.838676,0.001013873,65622,7,517.792662
1780969414.839683,0.000987598,48378,9,391.884147
1780969414.840604,0.000999750,73126,11,585.154289
1780969414.841615,0.001004807,62726,7,499.407349
1780969414.842686,0.000996701,61278,7,491.846602
1780969414.843620,0.001004360,62660,6,499.103907
1780969414.844644,0.001005287,51208,8,407.509497
1780969414.845610,0.000998712,77338,9,619.501918
1780969414.846599,0.000989503,55420,6,448.063321
1780969414.847613,0.001007573,62792,8,498.560402
1780969414.848605,0.001000562,65820,10,526.264239
1780969414.849594,0.000990913,56868,6,459.115987
1780969414.850618,0.001007219,69966,7,555.716284
1780969414.851619,0.001002361,56868,6,453.872407
1780969414.852604,0.000995367,70164,10,563.924663
1780969414.853596,0.000996243,55420,6,445.031985
1780969414.854669,0.001008961,62660,6,496.827925
1780969414.855594,0.000990310,62792,8,507.251265
1780969414.856613,0.001000302,70164,10,561.142535
1780969414.857600,0.000999872,68584,8,548.742239
1780969414.859136,0.001006105,58250,5,463.172333
1780969414.859625,0.000999293,61410,9,491.627581
1780969414.860586,0.000994292,67136,8,540.171298
1780969414.861809,0.001004890,64108,6,510.368299
1780969414.862624,0.001004658,58448,8,465.416092
1780969414.863605,0.000993729,71678,11,577.042634
1780969414.864601,0.001002267,56868,6,453.914975
1780969414.865584,0.000998633,56868,6,455.566760
1780969414.866597,0.000995630,62858,9,505.071161
1780969414.867606,0.001009836,67202,9,532.379515
1780969414.868600,0.000995238,62726,7,504.209043
1780969414.869592,0.001006219,58250,5,463.119858
1780969414.870598,0.000989361,70362,13,568.949049
1780969414.871584,0.001003012,68650,9,547.550777
1780969414.872591,0.001011182,55420,6,438.457172
1780969414.873619,0.000994943,64108,6,515.470736
1780969414.874613,0.000996651,57022,7,457.708867
1780969414.875587,0.000996693,68716,10,551.551982
1780969414.876586,0.001002045,67070,7,535.464974
1780969414.877664,0.000995740,62660,6,503.424589
1780969414.878662,0.001001901,57000,8,455.134789
1780969414.879630,0.001007783,71744,12,569.519430
1780969414.880574,0.000990475,62858,9,507.699841
1780969414.881607,0.001001985,62660,6,500.286930
1780969414.882617,0.001005924,56868,6,452.264783
1780969414.883588,0.000991342,74574,11,601.802405
1780969414.884584,0.001004514,64240,8,511.610590
1780969414.885569,0.001001008,59830,7,478.158017
1780969414.886611,0.000994339,59764,6,480.834001
1780969414.887610,0.001002212,58250,5,464.971483
1780969414.888590,0.001010303,67268,10,532.656045
1780969414.889621,0.000997649,65622,7,526.213127
1780969414.890739,0.000992437,58250,5,469.551216
1780969414.891745,0.001000087,58634,11,469.031194
1780969414.892597,0.000999441,80300,10,642.759302
1780969414.893639,0.000999236,58478,7,468.181691
1780969414.894600,0.000998463,64174,7,514.182298
1780969414.895598,0.001014312,62924,10,496.289110
1780969414.896588,0.000994831,56868,6,457.307824
1780969414.897583,0.000995693,65556,6,526.716568
1780969414.898602,0.000997585,52656,8,422.267777
1780969414.899564,0.000997962,80432,12,644.770041
1780969414.900589,0.001007882,59830,7,474.896863
1780969414.901563,0.000992170,58316,6,470.209742
1780969414.902618,0.001012322,67070,7,530.028983
1780969414.903602,0.000994422,52590,7,423.079940
1780969414.904610,0.001004674,78918,11,628.406826
1780969414.905607,0.000988379,54038,7,437.386873
1780969414.906604,0.000999993,62726,7,501.811513
1780969414.907599,0.001009160,62792,8,497.776368
1780969414.908627,0.000992656,73060,10,588.804178
1780969414.909704,0.001012252,64240,8,507.699664
1780969414.910776,0.000997848,52524,6,421.098203
1780969414.911672,0.000995838,68518,7,550.434910
1780969414.912790,0.000992426,48246,7,388.913632
1780969414.913660,0.001007003,74508,10,591.918793
1780969414.914625,0.000997855,61278,7,491.277791
1780969414.915601,0.000994581,57066,9,459.015404
1780969414.916602,0.001005209,65886,11,524.356626
1780969414.917583,0.001001479,59896,8,478.460357
1780969414.918601,0.000993661,58382,7,470.035555
1780969414.919607,0.001010544,67070,7,530.961542
1780969414.920596,0.000990514,65556,6,529.470558
1780969414.921586,0.001005915,54170,9,430.811749
1780969414.922601,0.001003558,58448,8,465.926234
1780969414.923589,0.000999818,64240,8,514.013550
1780969414.924600,0.000993650,65622,7,528.330901
1780969414.925610,0.001006451,56868,6,452.027968
1780969414.926607,0.001004160,64372,10,512.842575
1780969414.927582,0.000986853,64240,8,520.766517
1780969414.928594,0.001002435,53972,6,430.727179
1780969414.929569,0.000995565,72862,7,585.492660
1780969414.930610,0.001009985,65556,6,519.263157
1780969414.931595,0.000989970,48180,6,389.345132
1780969414.932592,0.001000548,77470,11,619.420558
1780969414.933577,0.001012562,62726,7,495.582493
1780969414.934614,0.000991911,59764,6,482.010987
1780969414.935597,0.000995171,111038,9,892.614435
1780969414.936653,0.001012007,62858,9,496.897749
1780969414.937587,0.000995268,67070,7,539.111074
1780969414.938616,0.001004906,62726,7,499.358149
1780969414.939588,0.000996974,58448,8,469.003204
1780969414.940591,0.000998835,64240,8,514.519415
1780969414.941587,0.001005546,64240,8,511.085520
1780969414.942610,0.000993728,65622,7,528.289431
1780969414.943657,0.000995473,56934,7,457.543299
1780969414.944589,0.000997197,59896,8,480.514883
1780969414.945693,0.001004027,61344,8,488.783668
1780969414.946590,0.000998957,65622,7,525.524122
1780969414.947587,0.000998508,59764,6,478.826409
1780969414.948582,0.000998878,65556,6,525.037092
1780969414.949610,0.001013712,48246,7,380.747194
1780969414.950590,0.000990894,80354,11,648.739421
1780969414.951564,0.000998348,56868,6,455.696811
1780969414.952599,0.000998676,64438,11,516.187432
1780969414.953588,0.000998375,62858,9,503.682484
1780969414.954698,0.001000720,71480,8,571.428571
1780969414.955648,0.001008567,53906,5,427.584880
1780969414.956596,0.000991210,59896,8,483.417238
1780969414.957600,0.000999474,70164,10,561.607405
1780969414.958606,0.001007939,58316,6,462.853407
1780969414.959587,0.001001619,71414,7,570.388541
1780969414.960595,0.000997392,51076,6,409.676436
1780969414.961598,0.000998215,68848,12,551.768907
1780969414.962603,0.001002702,68584,8,547.193483
1780969414.963605,0.000994632,55420,6,445.752801
1780969414.964615,0.000997541,62726,7,503.044988
1780969414.965590,0.001009466,70362,13,557.617592
1780969414.966590,0.001003245,67136,8,535.350787
1780969414.967625,0.000995123,56868,6,457.173636
1780969414.968601,0.000999153,68518,7,548.608672
1780969414.969656,0.000998117,55420,6,444.196422
1780969414.970776,0.000995886,59962,9,481.677622
1780969414.971670,0.000999990,70032,8,560.261603
1780969414.972631,0.001000290,65556,6,524.295954
1780969414.973636,0.001008875,52656,8,417.542312
1780969414.974607,0.000993598,68782,11,553.801437
1780969414.975606,0.001004247,67070,7,534.290867
1780969414.976587,0.001000654,61212,6,489.375948
1780969414.977581,0.000994730,57000,8,458.415852
1780969414.978615,0.001004084,73126,11,582.628545
1780969414.979587,0.001003001,62726,7,500.306580
1780969414.980595,0.000989696,62660,6,506.498965
1780969414.981573,0.001011868,61410,9,485.517874
1780969414.982636,0.000998870,59896,8,479.710072
1780969414.983610,0.000997467,64174,7,514.695724
1780969414.984608,0.000998581,59698,5,478.262655
1780969414.985578,0.001001392,70230,11,561.059006
1780969414.986639,0.000991970,64240,8,518.080184
1780969414.987613,0.001006829,67070,7,532.920685
1780969414.988707,0.001002872,51142,7,407.964326
1780969414.989674,0.001003709,122886,12,979.455201
1780969414.990719,0.000986808,68650,9,556.541901
1780969414.991636,0.001011361,55420,6,438.379570
1780969414.992598,0.000999940,67004,6,536.064164
1780969414.993603,0.000988587,55750,11,451.148963
1780969414.994643,0.000999400,76022,11,608.541125
1780969414.995635,0.001000400,65688,8,525.293882
1780969414.996596,0.001014841,56868,6,448.290915
1780969414.997609,0.000996840,60028,10,481.746318
1780969414.998595,0.000991631,65688,8,529.939060
1780969414.999609,0.001008588,55354,5,439.061341
1780969415.000589,0.000995885,64306,9,516.573701
1780969415.001593,0.001004317,70164,10,558.899232
1780969415.002619,0.001000892,65688,8,525.035668
1780969415.003670,0.000997953,61212,6,490.700464
1780969415.004653,0.000989720,59830,7,483.611526
1780969415.005616,0.001004762,71744,12,571.231794
1780969415.006623,0.001008606,62726,7,497.526289
1780969415.007640,0.000994186,62660,6,504.211486
1780969415.008612,0.001000330,55486,7,443.741565
1780969415.009592,0.001002205,67334,11,537.486842
1780969415.010642,0.001001097,56868,6,454.445473
1780969415.011609,0.000991600,58316,6,470.480032
1780969415.012584,0.000996166,67136,8,539.155121
1780969415.013590,0.001007212,70296,12,558.341243
1780969415.014628,0.000994244,56934,7,458.108875
1780969415.015581,0.000998385,67136,8,537.956800
1780969415.016598,0.001000208,59764,6,478.012573
1780969415.017605,0.001003353,64504,12,514.307527
1780969415.018617,0.001007374,64240,8,510.158094
1780969415.019596,0.000989536,65622,7,530.527439
1780969415.020615,0.001008786,62924,10,499.007718
1780969415.021595,0.001002007,70164,10,560.187703
1780969415.022616,0.000988736,61278,7,495.808790
1780969415.023603,0.001001196,65688,8,524.876248
1780969415.024596,0.000999671,50944,4,407.686129
1780969415.025607,0.001005360,58316,6,464.040742
1780969415.026616,0.000994914,80432,12,646.745347
1780969415.027601,0.001001666,59830,7,477.843912
1780969415.028582,0.000997539,61212,6,490.904115
1780969415.029588,0.001006102,51142,7,406.654594
1780969415.030605,0.000995274,73126,11,587.785876
1780969415.031595,0.000998214,64174,7,514.310559
1780969415.032608,0.001013035,58316,6,460.525056
1780969415.033596,0.000987077,62660,6,507.842853
1780969415.034799,0.001014571,67070,7,528.854067
1780969415.035632,0.000994568,67202,9,540.552280
1780969415.036582,0.000990951,65688,8,530.302709
1780969415.037588,0.001006967,61212,6,486.307893
1780969415.038620,0.000998352,55750,11,446.736221
1780969415.039603,0.001007917,75956,10,602.875038
1780969415.040608,0.000986645,53906,5,437.085274
1780969415.041668,0.001000964,64108,6,512.370075
1780969415.042659,0.000999703,64504,12,516.185307
1780969415.043670,0.001007380,71612,10,568.699001
1780969415.044701,0.000992457,64108,6,516.761935
1780969415.045617,0.000999798,58316,6,466.622258
1780969415.046621,0.001004178,59764,6,476.122759
1780969415.047629,0.000995231,62924,10,505.804180
1780969415.048583,0.001000304,65688,8,525.344295
1780969415.049599,0.001013246,62726,7,495.247946
1780969415.050606,0.000987288,69966,7,566.934876
1780969415.051588,0.001000402,58514,9,467.923895
1780969415.052577,0.001009039,65622,7,520.273250
1780969415.053588,0.000989784,61212,6,494.750370
1780969415.054631,0.001006310,64174,7,510.172810
1780969415.055632,0.001002154,57132,10,456.073617
1780969415.056578,0.000995352,67268,10,540.656974
1780969415.057568,0.000996283,64240,8,515.837367
1780969415.058604,0.001012725,58250,5,460.144659
1780969415.059617,0.001000462,60094,11,480.529995
1780969415.060572,0.000987929,61344,8,496.748248
1780969415.061567,0.001003205,67136,8,535.372132
1780969415.062622,0.001006237,59764,6,475.148499
1780969415.063711,0.000995836,71414,7,573.700891
1780969415.064681,0.000994830,59698,5,480.065941
1780969415.065660,0.001005200,57000,8,453.641066
1780969415.066629,0.001003516,65754,9,524.188952
1780969415.067615,0.001003597,68584,8,546.705500
1780969415.068631,0.000990877,57000,8,460.198390
1780969415.069661,0.001002440,68782,11,548.916643
1780969415.070627,0.000994206,59896,8,481.960479
1780969415.071632,0.001011551,65688,8,519.503218
1780969415.072631,0.000989039,56868,6,459.985906
1780969415.073620,0.000998767,56934,7,456.034290
1780969415.074618,0.001002720,68716,10,548.236796
1780969415.075607,0.001005422,67136,8,534.191613
1780969415.076599,0.000997188,51142,7,410.289735
1780969415.077562,0.000996360,68848,12,552.796178
1780969415.078690,0.001003227,57000,8,454.533221
1780969415.079689,0.001007276,71480,8,567.709347
1780969415.080659,0.000989329,59830,7,483.802658
1780969415.081594,0.000998335,64438,11,516.363746
1780969415.082726,0.001000505,64306,9,514.188335
1780969415.083666,0.000999704,64240,8,514.072165
1780969415.084620,0.001000161,59830,7,478.562951
1780969415.085655,0.000999375,62990,11,504.235147
1780969415.086667,0.001000670,65886,11,526.735087
1780969415.087659,0.001005201,62792,8,499.736869
1780969415.088630,0.001008117,64174,7,509.258350
1780969415.089593,0.000986024,55420,6,449.644228
1780969415.090643,0.001000112,65556,6,524.389268
1780969415.091623,0.001000907,57066,9,456.114304
1780969415.092637,0.000998755,70164,10,562.011705
1780969415.093670,0.001000513,62726,7,501.550704
1780969415.094672,0.001007873,49694,7,394.446523
1780969415.095621,0.001000972,65886,11,526.576168
1780969415.096673,0.000999209,67202,9,538.041591
1780969415.097627,0.001002994,56934,7,454.112388
1780969415.098649,0.000995438,64240,8,516.275248
1780969415.099631,0.000994583,65820,10,529.427911
1780969415.100677,0.000999974,65754,9,526.045677
1780969415.101630,0.000998631,56868,6,455.567672
1780969415.102676,0.001000933,64108,6,512.385944
1780969415.103638,0.001003814,65556,6,522.455355
1780969415.104616,0.000996905,62726,7,503.365918
1780969415.105616,0.000999478,62792,8,502.598356
1780969415.106647,0.001003226,62726,7,500.194373
1780969415.107662,0.001008028,62726,7,497.811569
1780969415.108642,0.000996316,68650,9,551.230734
1780969415.109576,0.000996411,56934,7,457.112577
1780969415.110759,0.001002338,65688,8,524.278237
1780969415.111599,0.000996055,61212,6,491.635502
1780969415.112596,0.000998497,65820,10,527.352611
1780969415.113578,0.001011574,62792,8,496.588485
1780969415.114604,0.000998935,65688,8,526.064258
1780969415.115623,0.000987783,59764,6,484.025338
1780969415.116616,0.001008253,64306,9,510.237014
1780969415.117568,0.000991642,67202,9,542.147267
1780969415.118665,0.001003276,56934,7,453.984746
1780969415.119629,0.001008419,68650,9,544.614887
1780969415.120631,0.000989061,61410,9,496.713550
1780969415.121622,0.000999811,67136,8,537.189529
1780969415.122656,0.001005228,55420,6,441.054169
1780969415.123652,0.000994833,65556,6,527.171897
1780969415.124603,0.001013006,64174,7,506.800552
1780969415.125600,0.000997915,64372,10,516.051968
1780969415.126592,0.000988650,56934,7,460.700956
1780969415.127612,0.001011990,64174,7,507.309361
1780969415.128593,0.001000985,65622,7,524.459407
1780969415.129601,0.000993954,62924,10,506.454021
1780969415.130588,0.000993337,56934,7,458.527167
1780969415.131682,0.001004325,68584,8,546.309213
1780969415.132618,0.001006754,62660,6,497.917068
1780969415.133563,0.000988507,64174,7,519.361016
1780969415.134636,0.001008111,64306,9,510.308885
1780969415.135592,0.001003064,65688,8,523.898774
1780969415.136593,0.000992406,62726,7,505.647890
1780969415.137661,0.001002153,64108,6,511.762176
1780969415.138680,0.000994519,49628,6,399.212081
1780969415.139617,0.001002283,64306,9,513.276190
1780969415.140637,0.000998640,71546,9,573.147481
1780969415.141597,0.000998756,58250,5,466.580426
1780969415.142693,0.001000423,60028,10,480.020951
1780969415.143661,0.001000273,70098,9,560.630948
1780969415.144727,0.001001402,67070,7,535.808796
1780969415.145661,0.000998231,52590,7,421.465573
1780969415.146638,0.000999724,67400,12,539.348860
1780969415.147600,0.001000334,64306,9,514.276232
1780969415.148601,0.001003167,65556,6,522.792317
1780969415.149576,0.000996495,51076,6,410.045208
1780969415.150635,0.001011433,67466,13,533.627042
1780969415.151573,0.000992047,70098,9,565.279669
1780969415.152591,0.000998599,64174,7,514.112271
1780969415.153595,0.000998181,62924,10,504.309339
1780969415.154643,0.001013979,62792,8,495.410654
1780969415.155576,0.000986094,62726,7,508.884549
1780969415.156603,0.001007534,61212,6,486.034218
1780969415.157603,0.001004234,73192,12,583.067293
1780969415.158680,0.000992998,62726,7,505.346436
1780969415.159592,0.000994968,58316,6,468.887442
1780969415.160575,0.000999937,62660,6,501.311583
1780969415.161591,0.001010273,59764,6,473.250300
1780969415.162645,0.000994220,70164,10,564.575245
1780969415.163595,0.001003696,54038,7,430.712088
1780969415.164593,0.000998558,71414,7,572.137022
1780969415.165618,0.001001471,67070,7,535.771880
1780969415.166629,0.000992945,51010,5,410.979460
1780969415.167615,0.000998789,64306,9,515.071752
1780969415.168588,0.001006861,71546,9,568.467743
1780969415.169583,0.000993335,55354,5,445.803279
1780969415.170596,0.001007432,62990,11,500.202495
1780969415.171612,0.000996058,75956,10,610.052828
1780969415.172598,0.000996071,59830,7,480.527994
1780969415.173602,0.001007139,62660,6,497.726729
1780969415.174625,0.000993130,54170,9,436.357778
1780969415.175627,0.001006814,78984,12,627.595564
1780969415.176584,0.000999505,61278,7,490.466781
1780969415.177581,0.000994144,56868,6,457.623845
1780969415.178641,0.001015278,57000,8,449.138069
1780969415.179646,0.000991701,73192,12,590.436029
1780969415.180691,0.001004435,62726,7,499.592308
1780969415.181593,0.001000508,62660,6,501.025479
1780969415.182650,0.000996011,62660,6,503.287614
1780969415.183618,0.000998423,58316,6,467.264877
1780969415.184595,0.001003887,70098,9,558.612673
1780969415.185585,0.000992325,64174,7,517.362759
1780969415.186627,0.000997205,59698,5,478.922589
1780969415.187575,0.001008707,65952,12,523.061702
1780969415.188564,0.000991854,68584,8,553.178190
1780969415.189596,0.000999664,52524,6,420.333232
1780969415.190627,0.001002774,62660,6,499.893296
1780969415.191640,0.001001207,58580,10,468.075033
1780969415.192610,0.001001472,74508,10,595.187883
1780969415.193639,0.001007129,61212,6,486.229669
1780969415.194664,0.000995118,59764,6,480.457594
1780969415.195799,0.001003313,48246,7,384.693510
1780969415.196601,0.000992174,73126,11,589.622385
1780969415.197627,0.001009753,58448,8,463.067701
1780969415.198637,0.000998343,67070,7,537.450556
1780969415.199689,0.000998621,62660,6,501.972220
1780969415.200673,0.000990343,55552,8,448.749575
1780969415.201656,0.001004889,70098,9,558.055666
1780969415.202688,0.000994704,55420,6,445.720536
1780969415.203674,0.001006490,57000,8,453.059643
1780969415.204631,0.000999721,73192,12,585.699410
1780969415.205608,0.001006240,62792,8,499.220862
1780969415.206597,0.000988109,62660,6,507.312452
1780969415.207604,0.001001085,59896,8,478.648666
1780969415.208600,0.000998986,61410,9,491.778664
1780969415.209614,0.001000428,62726,7,501.593318
1780969415.210614,0.000999663,61146,5,489.332905
1780969415.211624,0.001003676,62726,7,499.970110
1780969415.212710,0.001009832,70164,10,555.846913
1780969415.213604,0.000987538,64240,8,520.405291
1780969415.214587,0.000997936,65556,6,525.532699
1780969415.215573,0.001002999,57198,11,456.215809
1780969415.216584,0.000996761,65754,9,527.741354
1780969415.217605,0.001006315,62660,6,498.134282
1780969415.218632,0.001000678,59764,6,477.788060
1780969415.219615,0.000994314,74310,7,597.879543
1780969415.220590,0.000999309,48114,5,385.178158
1780969415.221592,0.001001274,70164,10,560.597798
1780969415.222605,0.000998643,62792,8,503.018596
1780969415.223663,0.001011280,65556,6,518.598212
1780969415.224641,0.000994272,59896,8,481.928486
1780969415.225672,0.000997406,65688,8,526.870703
1780969415.226633,0.000997678,61278,7,491.364949
1780969415.227781,0.001012887,64174,7,506.860094
1780969415.228694,0.000987260,62660,6,507.748719
1780969415.229612,0.000999407,61410,9,491.571502
1780969415.230661,0.001014211,64306,9,507.239618
1780969415.231588,0.000985143,62660,6,508.839833
1780969415.232601,0.001011247,62660,6,495.704808
1780969415.233588,0.000995502,58316,6,468.635924
1780969415.234644,0.000998309,73060,10,585.470030
1780969415.235654,0.000994838,55486,7,446.191239
1780969415.236616,0.001009528,62924,10,498.640949
1780969415.237591,0.000990564,67268,10,543.270299
1780969415.238606,0.001007490,65688,8,521.597237
1780969415.239610,0.000993246,65622,7,528.545798
1780969415.242428,0.001000574,52524,6,419.950948
1780969415.242490,0.000999884,64504,12,516.091867
1780969415.242571,0.001001206,70098,9,560.108509
1780969415.243620,0.001008239,61212,6,485.694364
1780969415.244591,0.000990365,61212,6,494.460123
1780969415.245569,0.001002422,65556,6,523.180856
1780969415.246607,0.000997489,55354,5,443.946750
1780969415.247627,0.001002309,67202,9,536.377504
1780969415.248582,0.000996754,65622,7,526.685622
1780969415.249577,0.001001063,62858,9,502.330023
1780969415.250594,0.001012038,62924,10,497.404248
1780969415.251601,0.000988264,65622,7,531.210284
1780969415.252594,0.000998875,69966,7,560.358403
1780969415.253619,0.001011117,54104,8,428.073111
1780969415.254606,0.000989982,62792,8,507.419327
1780969415.255600,0.001004348,62726,7,499.635584
1780969415.256584,0.000998059,62726,7,502.783904
1780969415.257577,0.000996379,61542,11,494.125227
1780969415.258601,0.001003874,65754,9,524.002016
1780969415.259584,0.001002986,64174,7,511.863575
1780969415.260646,0.000994180,64108,6,515.866342
1780969415.261661,0.001001745,52788,10,421.568363
1780969415.262612,0.000997903,62924,10,504.449831
1780969415.263603,0.000999885,67136,8,537.149772
1780969415.264601,0.001009832,65622,7,519.864690
1780969415.265727,0.000991092,58316,6,470.721184
1780969415.266662,0.001000398,67004,6,535.818744
1780969415.267699,0.001000455,52656,8,421.056419
1780969415.268706,0.000999875,71546,9,572.439555
1780969415.269625,0.000998742,55354,5,443.389784
1780969415.270649,0.001009167,58448,8,463.336593
1780969415.271645,0.001003609,61542,11,490.565549
1780969415.272598,0.000990411,77404,10,625.227305
1780969415.273623,0.001012400,67004,6,529.466614
1780969415.274579,0.000983727,51010,5,414.830537
1780969415.275588,0.001008538,62924,10,499.130424
1780969415.276656,0.000995429,77338,9,621.545083
1780969415.277634,0.000996102,59764,6,479.982974
1780969415.278626,0.001013951,59896,8,472.575105
1780969415.279603,0.000997723,60028,10,481.319966
1780969415.280578,0.000996720,68650,9,551.007304
1780969415.281632,0.000995865,62726,7,503.891592
1780969415.282737,0.001000722,56934,7,455.143386
1780969415.283625,0.000998963,67268,10,538.702635
1780969415.284593,0.000995826,67202,9,539.869415
1780969415.285572,0.000999700,68452,6,547.780334
1780969415.286601,0.001001582,61542,11,491.558355
1780969415.287616,0.001002683,62792,8,500.991839
1780969415.288614,0.001002548,62660,6,500.005985
1780969415.289635,0.001001763,56868,6,454.143345
1780969415.290620,0.001001872,51208,8,408.898542
1780969415.291648,0.001003160,74508,10,594.186371
1780969415.292576,0.000990921,61278,7,494.715522
1780969415.293651,0.001004369,61278,7,488.091528
1780969415.294629,0.000992107,68716,10,554.101523
1780969415.295609,0.001000379,67202,9,537.412321
1780969415.296653,0.001013394,56934,7,449.452039
1780969415.297643,0.000998252,70296,12,563.352741
1780969415.298590,0.000989484,62792,8,507.674707
1780969415.299617,0.000998179,55354,5,443.639868
1780969415.300606,0.000999942,62792,8,502.365137
1780969415.301611,0.001011262,64438,11,509.763049
1780969415.302651,0.001001669,72928,8,582.451888
1780969415.303834,0.000990141,61212,6,494.571985
1780969415.304620,0.000997995,53972,6,432.643450
1780969415.305645,0.001000129,57132,10,456.997047
1780969415.306606,0.001002927,70230,11,560.200294
1780969415.307604,0.001001765,62726,7,500.923869
1780969415.308611,0.000994049,58382,7,469.852090
1780969415.309690,0.000999542,67268,10,538.390583
1780969415.310583,0.001011855,61278,7,484.480484
1780969415.311848,0.000999857,58316,6,466.594723
1780969415.312702,0.000989289,67070,7,542.369318
1780969415.313712,0.001008208,58382,7,463.253614
1780969415.314605,0.000991358,74508,10,601.260090
1780969415.315631,0.001007273,62792,8,498.708890
1780969415.316638,0.000994554,58316,6,469.082624
1780969415.317579,0.000998287,57132,10,457.840280
1780969415.318599,0.000999696,77470,11,619.948464
1780969415.319595,0.001000017,61278,7,490.215666
1780969415.320590,0.001010550,58250,5,461.135025
1780969415.321581,0.001000741,76154,13,608.780893
1780969415.322610,0.000988517,56934,7,460.762941
1780969415.323613,0.001005075,62726,7,499.274184
1780969415.324673,0.001009026,68782,11,545.333817
1780969415.325637,0.000989214,57000,8,460.972044
1780969415.326643,0.001007531,67070,7,532.549371
1780969415.327668,0.001002279,56934,7,454.436340
1780969415.328623,0.000987366,68848,12,557.831645
1780969415.329631,0.000998862,64240,8,514.505507
1780969415.330598,0.001004437,62726,7,499.591313
1780969415.331581,0.000996421,62792,8,504.140318
1780969415.332597,0.001012188,68650,9,542.586950
1780969415.333575,0.000988498,70098,9,567.309190
1780969415.334612,0.001010242,62726,7,496.720588
1780969415.335603,0.000989181,46864,8,379.012537
1780969415.336593,0.001011607,67136,8,530.925547
1780969415.337584,0.000988627,67136,8,543.266571
1780969415.338624,0.001010305,52590,7,416.428702
1780969415.339603,0.000991677,70296,12,567.087872
1780969415.340640,0.001001715,56934,7,454.692203
1780969415.341582,0.001004904,62726,7,499.359143
1780969415.342599,0.000999553,59896,8,479.382284
1780969415.343574,0.000991550,67202,9,542.197569
1780969415.344572,0.000999464,68518,7,548.437963
1780969415.345587,0.001006878,65556,6,520.865487
1780969415.346583,0.000993035,55684,10,448.596474
1780969415.347651,0.001010277,65688,8,520.158333
1780969415.348618,0.000990952,64174,7,518.079584
1780969415.349658,0.000999206,55552,8,444.769147
1780969415.350623,0.001004061,65820,10,524.430289
1780969415.351636,0.001011508,67136,8,530.977511
1780969415.352593,0.000985317,59830,7,485.772599
1780969415.353583,0.001002598,57000,8,454.818382
1780969415.354678,0.000999667,68782,11,550.439296
1780969415.355635,0.001010370,134470,8,1064.718865
1780969415.356578,0.000986488,62660,6,508.146070
1780969415.357594,0.001013806,62660,6,494.453574
1780969415.358685,0.000993487,58382,7,470.117878
1780969415.359604,0.001003877,68650,9,547.078975
1780969415.360646,0.000997525,65834,9,527.978747
1780969415.361624,0.000992665,64174,7,517.185556
1780969415.362619,0.001000226,61146,5,489.057473
1780969415.363606,0.001010131,61410,9,486.352760
1780969415.364590,0.000993364,64240,8,517.353156
1780969415.365602,0.000994629,67070,7,539.457426
1780969415.366612,0.001010496,55354,5,438.232314
1780969415.367584,0.000999813,62726,7,501.901856
1780969415.368587,0.001001787,74574,11,595.527792
1780969415.369568,0.000989051,56934,7,460.514170
1780969415.370597,0.001007578,61212,6,486.012994
1780969415.371575,0.000994208,63056,12,507.386784
1780969415.372581,0.000997043,67202,9,539.210445
1780969415.373603,0.001000616,67070,7,536.229683
1780969415.374610,0.001011945,62726,7,495.884658
1780969415.376092,0.000994063,58568,10,471.342360
1780969415.376607,0.001005836,64240,8,510.938165
1780969415.377629,0.000996044,61382,7,493.006333
1780969415.378605,0.000998579,57000,8,456.648898
1780969415.379577,0.000993290,73060,10,588.428354
1780969415.380589,0.001002740,62726,7,500.436803
1780969415.381581,0.001006067,62726,7,498.781890
1780969415.382588,0.001003825,58316,6,464.750330
1780969415.383599,0.000997078,68716,10,551.339013
1780969415.384765,0.001141540,72994,9,511.547559
1780969415.385593,0.000848723,53906,5,508.113955
1780969415.386603,0.000999731,62660,6,501.414881
1780969415.387729,0.001005266,56934,7,453.086049
1780969415.388626,0.001002921,71546,9,570.700982
1780969415.389597,0.001001044,61278,7,489.712740
1780969415.390620,0.000996649,68518,7,549.987006
1780969415.392480,0.000995098,45350,7,364.587206
1780969415.392568,0.001001480,71612,10,572.049367
1780969415.393605,0.000997486,59830,7,479.846334
1780969415.394903,0.001000365,59698,5,477.409745
1780969415.395895,0.001000956,61608,12,492.393272
1780969415.396638,0.000999026,68650,9,549.735442
1780969415.397693,0.001004998,65622,7,522.365219
1780969415.398758,0.001007764,61212,6,485.923292
1780969415.399640,0.000990589,65556,6,529.430470
1780969415.400979,0.001340815,72994,9,435.520187
1780969415.401609,0.000656214,42388,6,516.758253
1780969415.402608,0.001003735,61278,7,488.399827
1780969415.403635,0.001004157,55354,5,440.998768
1780969415.404627,0.000996823,65820,10,528.238213
1780969415.405621,0.001008052,65820,10,522.354006
1780969415.406617,0.000992749,68584,8,552.679479
1780969415.407602,0.000998765,58250,5,466.576222
1780969415.408623,0.001004120,64504,12,513.914672
1780969415.409618,0.000999451,67268,10,538.439603
1780969415.410595,0.000991458,64174,7,517.815177
1780969415.411631,0.001011903,59698,5,471.966186
1780969415.412604,0.000999837,63056,12,504.530238
1780969415.413664,0.000989133,65754,9,531.811192
1780969415.414611,0.000999070,67070,7,537.059465
1780969415.415628,0.001009471,53906,5,427.201970
1780969415.416597,0.001002536,51340,10,409.681049
1780969415.417584,0.000988386,57000,8,461.358214
1780969415.418618,0.001002065,67136,8,535.981199
1780969415.419594,0.000997216,67004,6,537.528479
1780969415.420575,0.001008411,52656,8,417.734436
1780969415.421576,0.000992288,71744,12,578.412719
1780969415.422602,0.001005899,61344,8,487.874031
1780969415.424682,0.001987028,119594,13,481.499003
1780969415.424753,0.000009317,0,0,0.000000
1780969415.425623,0.001008101,62924,10,499.346792
1780969415.426632,0.000989797,67202,9,543.157839
1780969415.427708,0.001012000,65556,6,518.229249
1780969415.428592,0.000992374,55618,9,448.363218
1780969415.429608,0.001008977,70230,11,556.841236
1780969415.430591,0.000995092,62792,8,504.813625
1780969415.431607,0.000991374,62726,7,506.174259
1780969415.432609,0.001014140,62726,7,494.811367
1780969415.433662,0.000986503,55552,8,450.496349
1780969415.434687,0.001000124,65808,10,526.398727
1780969415.435779,0.001008726,59764,6,473.976085
1780969415.436612,0.001002112,62792,8,501.277302
1780969415.437601,0.000995466,64438,11,517.851941
1780969415.438630,0.000993091,64240,8,517.495376
1780969415.439611,0.001000187,62726,7,501.714179
1780969415.440630,0.001008308,59764,6,474.172574
1780969415.441615,0.000991511,62660,6,505.571799
1780969415.442592,0.001001252,58316,6,465.944637
1780969415.443618,0.001007876,70164,10,556.925654
1780969415.444610,0.000991398,59830,7,482.792985
1780969415.445634,0.001008338,62726,7,497.658523
1780969415.446615,0.000994731,61212,6,492.289875
1780969415.447591,0.001008492,62858,9,498.629637
1780969415.448608,0.000993686,65688,8,528.843115
1780969415.449592,0.000994195,65688,8,528.572363
1780969415.450631,0.001012233,65622,7,518.631580
1780969415.451581,0.000990161,55552,8,448.832059
1780969415.452585,0.000997672,72994,9,585.314612
1780969415.453604,0.001003379,61212,6,488.046890
1780969415.454603,0.000997377,65622,7,526.356633
1780969415.455616,0.001000106,57000,8,455.951669
1780969415.456618,0.001000142,70098,9,560.704380
1780969415.457605,0.001008719,64174,7,508.954426
1780969415.458657,0.000995301,62726,7,504.177128
1780969415.459610,0.000998661,58250,5,466.624811
1780969415.460675,0.001012085,64372,10,508.826828
1780969415.461586,0.000987784,62726,7,508.013898
1780969415.462599,0.001010970,72862,7,576.571016
1780969415.463582,0.000985922,54038,7,438.476877
1780969415.464581,0.001004176,59962,9,477.701120
1780969415.465607,0.000995615,64306,9,516.713790
1780969415.466606,0.001012183,56934,7,449.989775
1780969415.467608,0.000996300,61410,9,493.104487
1780969415.468597,0.000991496,76022,11,613.392288
1780969415.469727,0.000999926,62792,8,502.373176
1780969415.470599,0.001008333,61278,7,486.172723
1780969415.471588,0.000997680,58382,7,468.142090
1780969415.472566,0.000993859,71744,12,577.498418
1780969415.473583,0.001002230,62726,7,500.691458
1780969415.474604,0.001004542,53906,5,429.298128
1780969415.475578,0.000993069,58580,10,471.910814
1780969415.476563,0.000999664,65688,8,525.680629
1780969415.477587,0.001003987,61212,6,487.751335
1780969415.478619,0.001006979,65622,7,521.337585
1780969415.479608,0.001000548,52590,7,420.489572
1780969415.480595,0.000988587,67202,9,543.822648
1780969415.481604,0.001008816,62792,8,497.946107
1780969415.482599,0.000999248,62726,7,502.185644
1780969415.483591,0.001002462,58250,5,464.855526
1780969415.484597,0.001001191,67202,9,536.976461
1780969415.485572,0.001000647,62792,8,502.011199
1780969415.486636,0.000997810,59764,6,479.161363
1780969415.487601,0.000992158,60028,10,484.019682
1780969415.488596,0.000997821,74574,11,597.894813
1780969415.489583,0.000999685,62792,8,502.494286
1780969415.490607,0.001001257,58250,5,465.414973
1780969415.491596,0.000999045,64438,11,515.996777
1780969415.492620,0.001010174,73060,10,578.593391
1780969415.493658,0.000994810,59764,6,480.606347
1780969415.494611,0.000995277,59764,6,480.380839
1780969415.495597,0.000999894,48246,7,386.008917
1780969415.496596,0.000999554,76022,11,608.447368
1780969415.497591,0.001013321,59764,6,471.826795
1780969415.498649,0.000987729,61212,6,495.779713
1780969415.499654,0.000999693,56802,5,454.555549
1780969415.500664,0.001000480,70164,10,561.042700
1780969415.501572,0.000998903,64240,8,514.484389
1780969415.502709,0.001000481,65556,6,524.195862
1780969415.503649,0.001005773,52524,6,417.780155
1780969415.504607,0.000993816,67334,11,542.023876
1780969415.505687,0.001013160,70098,9,553.499941
1780969415.506693,0.000986974,62792,8,508.965788
1780969415.507628,0.001000944,59698,5,477.133586
1780969415.508641,0.001010760,67400,12,533.459971
1780969415.509636,0.000988337,59962,9,485.356715
1780969415.510596,0.001001285,71480,8,571.106129
1780969415.511604,0.001004549,56868,6,452.883831
1780969415.512594,0.001001012,55354,5,442.384307
1780969415.513577,0.000999025,74508,10,596.645730
1780969415.514589,0.000994118,62792,8,505.308223
1780969415.515616,0.001006404,53906,5,428.503861
1780969415.516613,0.000994380,65820,10,529.535992
1780969415.517584,0.001005621,74508,10,592.732252
1780969415.518618,0.000993419,58316,6,469.618560
1780969415.519596,0.001001255,64108,6,512.221162
1780969415.520586,0.001007868,68782,11,545.960384
1780969415.521585,0.000998297,58316,6,467.323853
1780969415.522664,0.000992457,68518,7,552.310075
1780969415.523648,0.001009698,59764,6,473.519805
1780969415.524576,0.000991119,51010,5,411.736633
1780969415.525599,0.001002923,80432,12,641.580660
1780969415.526595,0.000999434,56934,7,455.729943
1780969415.527671,0.000998693,53906,5,431.812379
1780969415.528594,0.001010719,73060,10,578.281402
1780969415.529591,0.000989695,73060,10,590.565780
1780969415.530600,0.000998212,55420,6,444.154148
1780969415.531704,0.001010982,56934,7,450.524342
1780969415.532598,0.000991680,73192,12,590.448532
1780969415.533578,0.000996849,65622,7,526.635428
1780969415.534606,0.001004478,61212,6,487.512917
1780969415.535607,0.001008926,62660,6,496.845160
1780969415.536614,0.000997749,58448,8,468.638906
1780969415.537623,0.000989126,62858,9,508.392257
1780969415.538615,0.001000548,62660,6,501.005449
1780969415.539618,0.001003188,56868,6,453.498248
1780969415.540681,0.001006608,51208,8,406.974711
1780969415.541632,0.000994411,74640,12,600.476061
1780969415.542675,0.000995335,56934,7,457.606735
1780969415.543652,0.001010249,69900,6,553.526903
1780969415.544642,0.000992721,68584,8,552.695067
1780969415.545625,0.001004752,71678,11,570.711977
1780969415.546626,0.001005365,59830,7,476.085800
1780969415.547610,0.000993615,59698,5,480.652969
1780969415.548575,0.000999362,67070,7,536.902544
1780969415.549624,0.000994345,54104,8,435.293585
1780969415.550720,0.000999773,65688,8,525.623316
1780969415.551696,0.001011208,65556,6,518.635137
1780969415.552615,0.000991163,64174,7,517.969295
1780969415.553650,0.001001388,58382,7,466.408625
1780969415.554625,0.000996166,68650,9,551.313737
1780969415.555658,0.001012599,62726,7,495.564384
1780969415.556621,0.000989382,61212,6,494.951394
1780969415.557617,0.000997290,77536,12,621.973548
1780969415.558657,0.001004169,51010,5,406.385778
1780969415.559638,0.001001349,72796,6,581.583444
1780969415.560600,0.000997128,54302,11,435.667236
1780969415.561706,0.000998213,64306,9,515.368964
1780969415.562613,0.001003350,68584,8,546.840086
1780969415.563619,0.001008265,62726,7,497.694555
1780969415.564587,0.000988867,53906,5,436.103136
1780969415.565565,0.001001202,68650,9,548.540654
1780969415.566588,0.001001550,71546,9,571.482203
1780969415.567623,0.000997229,65622,7,526.434751
1780969415.568730,0.001006128,53906,5,428.621408
1780969415.569626,0.000993793,52722,9,424.410315
1780969415.570723,0.001007603,68584,8,544.531924
1780969415.571693,0.000996831,65556,6,526.115259
1780969415.572613,0.000998001,65556,6,525.498471
1780969415.573612,0.001007727,55750,11,442.580183
1780969415.574571,0.000989075,74508,10,602.647929
1780969415.575606,0.001007888,53972,6,428.396806
1780969415.576679,0.000994083,64108,6,515.916679
1780969415.577630,0.001010279,61212,6,484.713629
1780969415.578653,0.000988843,77470,11,626.752680
1780969415.579633,0.001011530,53972,6,426.854369
1780969415.580642,0.000991149,55420,7,447.319222
1780969415.581633,0.000996104,68782,11,552.408182
1780969415.582667,0.000999902,67136,8,537.140640
1780969415.583658,0.001011539,56802,5,449.232308
1780969415.584593,0.000989378,65622,7,530.612162
1780969415.585601,0.001003799,49760,8,396.573418
1780969415.586589,0.000995630,64240,8,516.175688
1780969415.587591,0.001012635,67070,7,529.865154
1780969415.588572,0.001000292,58448,8,467.447505
1780969415.589602,0.000999123,65952,12,528.079125
1780969415.592046,0.000988942,65754,9,531.913904
1780969415.592116,0.000999098,62792,8,502.789516
1780969415.592654,0.001011058,52524,6,415.596336
1780969415.593648,0.000990014,71612,10,578.674645
1780969415.594858,0.000999515,69966,7,559.999600
1780969415.595712,0.001002150,59764,6,477.086265
1780969415.596614,0.001000834,42388,6,338.821423
1780969415.597642,0.001006363,73126,11,581.309130
1780969415.598587,0.000990385,67136,8,542.302236
1780969415.599644,0.001002743,53906,5,430.068323
1780969415.600692,0.000997623,61212,6,490.862781
1780969415.601661,0.001000388,65952,12,527.411364
1780969415.602627,0.001002277,75956,10,606.267529
1780969415.603606,0.000996366,59830,7,480.385722
1780969415.604622,0.001011884,65622,7,518.810457
1780969415.605573,0.000998609,48378,9,387.563100
1780969415.606638,0.000989488,71678,11,579.515871
1780969415.607594,0.001001092,64240,8,513.359412
1780969415.608582,0.000999400,59698,5,477.870722
1780969415.609586,0.001006731,57198,11,454.524595
1780969415.610619,0.000993041,74574,11,600.772778
1780969415.611615,0.001007322,62726,7,498.160469
1780969415.612641,0.001004571,59698,5,475.410897
1780969415.613638,0.000996621,46930,9,376.712913
1780969415.614643,0.000995595,83130,9,667.982463
1780969415.615577,0.001002324,68452,6,546.346291
1780969415.616591,0.000993090,51142,7,411.982801
1780969415.617574,0.001001685,76022,11,607.152947
1780969415.618595,0.001000676,56868,6,454.636666
1780969415.619596,0.001003889,53906,5,429.577374
1780969415.620581,0.000997907,68716,10,550.880994
1780969415.621591,0.001004596,71546,9,569.749432
1780969415.622637,0.000999914,67136,8,537.134194
1780969415.623609,0.001003895,52590,7,419.087654
1780969415.624586,0.000991809,70164,10,565.947677
1780969415.625603,0.000995646,56868,6,456.933488
1780969415.626612,0.001000554,61212,6,489.424859
1780969415.627590,0.001009697,57000,8,451.620635
1780969415.628614,0.001001361,67268,10,537.412581
1780969415.629600,0.000992453,75956,10,612.268793
1780969415.630884,0.001005114,55354,5,440.578880
1780969415.631623,0.000991889,62726,7,505.911448
1780969415.632601,0.000999095,65688,8,525.980012
1780969415.633608,0.001000236,67202,9,537.489153
1780969415.634631,0.001000069,65622,7,524.939779
1780969415.635608,0.001009361,59962,9,475.247211
1780969415.636599,0.000992022,67334,11,543.004087
1780969415.637584,0.001002689,65688,8,524.094709
1780969415.638612,0.001003216,58316,6,465.032456
1780969415.639595,0.000992837,61344,8,494.292618
1780969415.640592,0.000999374,67268,10,538.481089
1780969415.641582,0.001004882,65622,7,522.425519
1780969415.642608,0.001005506,58316,6,463.973363
1780969415.643600,0.000989793,61476,10,496.879651
1780969415.644609,0.001012621,70230,11,554.837397
1780969415.645593,0.000999733,56934,7,455.593644
1780969415.646586,0.000988255,61278,7,496.050109
1780969415.647616,0.001010863,57132,10,452.144356
1780969415.648582,0.000991219,76022,11,613.563703
1780969415.649668,0.001004574,64174,7,511.054437
1780969415.650615,0.000998782,61212,6,490.293177
1780969415.651669,0.000994499,59698,5,480.225722
1780969415.652682,0.001000899,58382,7,466.636494
1780969415.653606,0.001009485,74508,10,590.463454
1780969415.654616,0.001003748,65688,8,523.541765
1780969415.655592,0.000987110,49562,5,401.673572
1780969415.656606,0.001009900,79050,13,626.200614
1780969415.657561,0.000988010,62792,8,508.432101
1780969415.658612,0.001000274,58250,5,465.872351
1780969415.659635,0.001001837,51274,9,409.439859
1780969415.660592,0.000998918,77536,12,620.959879
1780969415.661569,0.000999681,61278,7,490.380431
1780969415.662618,0.001008057,59698,5,473.766860
1780969415.663605,0.000991739,55684,10,449.182698
1780969415.664571,0.001000768,77404,10,618.756795
1780969415.665661,0.000999952,61212,6,489.719507
1780969415.666610,0.001006660,58250,5,462.916973
1780969415.667672,0.001003915,64504,12,514.019613
1780969415.668659,0.000991448,65754,9,530.569430
1780969415.669619,0.001001528,65622,7,524.175061
1780969415.670844,0.001006281,59764,6,475.127723
1780969415.671696,0.000990826,62858,9,507.519988
1780969415.672601,0.001003622,67202,9,535.675782
1780969415.673646,0.000996844,65688,8,527.167741
1780969415.674687,0.001011302,61212,6,484.223308
1780969415.675592,0.000990938,64306,9,519.152561
1780969415.676674,0.000998493,65688,8,526.297130
1780969415.677629,0.001009068,65688,8,520.781553
1780969415.678651,0.000988129,56934,7,460.943865
1780969415.679677,0.001011650,70164,10,554.848021
1780969415.680712,0.000995856,62726,7,503.896146
1780969415.681663,0.000996309,62726,7,503.667035
1780969415.682630,0.001002708,61410,9,489.953207
1780969415.683660,0.000996549,68782,11,552.161509
1780969415.684705,0.001003041,58316,6,465.113590
1780969415.685630,0.000996008,71414,7,573.601818
1780969415.686660,0.000997650,51340,10,411.687466
1780969415.687662,0.001003200,73126,11,583.141946
1780969415.688614,0.001008475,65688,8,521.087781
1780969415.689700,0.000989968,51208,8,413.815396
1780969415.690757,0.001008420,71678,11,568.636084
1780969415.691649,0.001003564,67202,9,535.706741
1780969415.692594,0.000996471,59764,6,479.805233
1780969415.693596,0.000998233,61278,7,491.091759
1780969415.694646,0.001006378,65952,12,524.272192
1780969415.695609,0.000992604,64240,8,517.749274
1780969415.696611,0.000992572,55420,6,446.677924
1780969415.697616,0.001000227,71414,7,571.182342
1780969415.698718,0.001014969,64042,5,504.779949
1780969415.699661,0.000985852,55552,8,450.793831
1780969415.700598,0.001008011,64240,8,509.835706
1780969415.701592,0.000992589,65556,6,528.363703
1780969415.702626,0.001005320,56934,7,453.061712
1780969415.703614,0.001002649,70230,11,560.355618
1780969415.704683,0.000991496,62726,7,506.111976
1780969415.705639,0.001004664,62660,6,498.952884
1780969415.706635,0.000995027,67136,8,539.772288
1780969415.707621,0.001002439,58448,8,466.446337
1780969415.708572,0.000998028,61344,8,491.721675
1780969415.709604,0.001000636,58382,7,466.759141
1780969415.710613,0.001000415,69966,7,559.495809
1780969415.711590,0.001008968,41072,8,325.655521
1780969415.712596,0.000989137,71678,11,579.721515
1780969415.713562,0.000999795,58382,7,467.151766
1780969415.714588,0.001001487,68518,7,547.330120
1780969415.715606,0.000998548,58514,9,468.792687
1780969415.716600,0.001012180,70098,9,554.035843
1780969415.717580,0.000987725,65622,7,531.500165
1780969415.718612,0.001011904,56868,6,449.592056
1780969415.719617,0.001000041,70362,13,562.872922
1780969415.720581,0.000988546,61410,9,496.972321
1780969415.721572,0.001004461,64174,7,511.111930
1780969415.722576,0.000995333,61212,6,491.992127
1780969415.723576,0.001000125,64372,10,514.911636
1780969415.724590,0.001002811,71480,8,570.237064
1780969415.725572,0.000997981,62660,6,502.294132
1780969415.726616,0.001005078,43836,6,348.916204
1780969415.727607,0.000995470,71744,12,576.563834
1780969415.728587,0.001002333,55420,6,442.328049
1780969415.729565,0.000996798,62660,6,502.890255
1780969415.730605,0.000999637,70164,10,561.515830
1780969415.731582,0.001004350,65754,9,523.753672
1780969415.732640,0.000995966,65688,8,527.632469
1780969415.733650,0.001009548,54038,7,428.215399
1780969415.734655,0.000998246,67334,11,539.618491
1780969415.735607,0.001003484,64174,7,511.609552
1780969415.736588,0.001003553,53972,6,430.247331
1780969415.737599,0.000997079,74442,9,597.280657
1780969415.738721,0.000990813,58580,10,472.985316
1780969415.739607,0.000999373,75890,9,607.500903
1780969415.740591,0.001003671,64108,6,510.988162
1780969415.741615,0.001001365,49562,5,395.955521
1780969415.742627,0.001005791,61410,9,488.451378
1780969415.743589,0.000987141,76022,11,616.098409
1780969415.744594,0.001010622,62792,8,497.056268
1780969415.745600,0.000997012,61212,6,491.163597
1780969415.746621,0.000992298,65952,12,531.711240
1780969415.747570,0.000999554,64306,9,514.677546
1780969415.748598,0.001011428,65556,6,518.522327
1780969415.749613,0.001001294,58448,8,466.979728
1780969415.750614,0.000987462,65820,10,533.245836
1780969415.751608,0.001000075,64174,7,513.353498
1780969415.752605,0.001008035,61278,7,486.316447
1780969415.753606,0.000994198,65622,7,528.039686
1780969415.754618,0.001010139,53906,5,426.919464
1780969415.755612,0.000990930,58514,9,472.396638
1780969415.756583,0.000996585,78720,8,631.918000
1780969415.757583,0.001006701,61146,5,485.911904
1780969415.758605,0.000992987,44034,9,354.759931
1780969415.759610,0.001010512,67268,10,532.545878
1780969415.760603,0.000997702,81748,10,655.490317
1780969415.761612,0.000997371,56868,6,456.143200
1780969415.762618,0.000994646,64240,8,516.686339
1780969415.763585,0.001000326,71546,9,572.181469
1780969415.764567,0.001008891,65688,8,520.872919
1780969415.765559,0.000991163,56868,6,459.000185
1780969415.766614,0.001013897,65622,7,517.780406
1780969415.767669,0.000985597,67202,9,545.472440
1780969415.768596,0.001001779,62726,7,500.916869
1780969415.769647,0.001011117,65622,7,519.204009
1780969415.770616,0.000987360,46732,6,378.642035
1780969415.771611,0.001004043,65820,10,524.439690
1780969415.772594,0.001009269,58382,7,462.766616
1780969415.773575,0.000986911,69966,7,567.151445
1780969415.774621,0.001006232,51010,5,405.552596
1780969415.775580,0.000993046,70164,10,565.242698
1780969415.776579,0.001013207,62792,8,495.788126
1780969415.777622,0.000987233,65688,8,532.299872
1780969415.778619,0.001004807,62726,7,499.407349
1780969415.779613,0.001007675,58316,6,462.974669
1780969415.780576,0.000986990,71678,11,580.982583
1780969415.781584,0.001000039,62792,8,502.316410
1780969415.782599,0.001000982,59764,6,477.642955
1780969415.783689,0.001007271,64504,12,512.307016
1780969415.784682,0.001006721,62792,8,498.982340
1780969415.785669,0.000995501,67070,7,538.984893
1780969415.786603,0.000990521,59764,6,482.687394
1780969415.787603,0.001000317,65952,12,527.448799
1780969415.788593,0.001011660,70032,8,553.798707
1780969415.789601,0.000991431,59764,6,482.244352
1780969415.790595,0.001001466,59764,6,477.412114
1780969415.791616,0.001002329,55618,9,443.910133
1780969415.792571,0.001004658,78852,10,627.891282
1780969415.793677,0.000994209,58316,6,469.245400
1780969415.794635,0.001004238,67070,7,534.295655
1780969415.795603,0.001000017,57066,9,456.520239
1780969415.796584,0.000989726,61344,8,495.846325
1780969415.797597,0.000999462,65556,6,524.730305
1780969415.798600,0.001001111,52656,8,420.780513
1780969415.799611,0.001012177,80432,12,635.714900
1780969415.800606,0.000993799,55420,6,446.126430
1780969415.801563,0.000992396,71414,7,575.689543
1780969415.802595,0.001000104,46732,6,373.817123
1780969415.803603,0.001006773,62858,9,499.481015
1780969415.804602,0.000998617,71546,9,573.160681
1780969415.805678,0.000998288,53906,5,431.987563
1780969415.806595,0.000996553,59896,8,480.825405
1780969415.807595,0.001004452,62924,10,501.160832
1780969415.808677,0.000997101,62660,6,502.737436
1780969415.809691,0.001008048,62660,6,497.277907
1780969415.810583,0.001000492,72862,7,582.609356
1780969415.811610,0.000995222,53906,5,433.318395
1780969415.812600,0.001004801,68716,10,547.101366
1780969415.813621,0.000990032,55420,6,447.823909
1780969415.814636,0.001003519,68518,7,546.221845
1780969415.815614,0.001010438,53906,5,426.793133
1780969415.816853,0.000994774,57000,8,458.395575
1780969415.817663,0.001005686,62726,7,498.970852
1780969415.818651,0.000989361,69900,6,565.213304
1780969415.819724,0.001004062,43968,8,350.320996
1780969415.820609,0.000992726,75956,10,612.100418
1780969415.821619,0.001000234,65622,7,524.853184
1780969415.822729,0.001002206,62660,6,500.176610
1780969415.823641,0.001000447,64108,6,512.634852
1780969415.824589,0.000996543,61212,6,491.394752
1780969415.825608,0.000999498,64306,9,514.706383
1780969415.826609,0.001005790,62726,7,498.919257
1780969415.827610,0.001006701,67004,6,532.463959
1780969415.828613,0.000990195,55618,9,449.349876
1780969415.829593,0.000999212,76154,13,609.712453
1780969415.830622,0.001008848,56868,6,450.953959
1780969415.831654,0.000989505,62660,6,506.596733
1780969415.832588,0.001009076,59764,6,473.811685
1780969415.833601,0.000990893,57198,11,461.789517
1780969415.834635,0.001006626,70098,9,557.092704
1780969415.835598,0.001003677,67070,7,534.594297
1780969415.836592,0.000989787,59764,6,483.045342
1780969415.837588,0.001009625,71810,13,569.003343
1780969415.838644,0.000993796,64174,7,516.596968
1780969415.839626,0.000997508,59764,6,479.306432
1780969415.840611,0.001005444,58382,7,464.527114
1780969415.841599,0.001003845,65820,10,524.543132
1780969415.842637,0.000999641,58382,7,467.223733
1780969415.843610,0.000999961,68452,6,547.637358
1780969415.844575,0.001000572,52722,9,421.534882
1780969415.845580,0.000989530,77404,10,625.783958
1780969415.846610,0.001005123,53972,6,429.575286
1780969415.847608,0.001007436,62660,6,497.579995
1780969415.848598,0.000987221,57000,8,461.902654
1780969415.849580,0.001001812,80498,13,642.819212
1780969415.850623,0.001013338,59830,7,472.339930
1780969415.851588,0.000992815,59764,6,481.572096
1780969415.852578,0.000992277,57000,8,459.549098
1780969415.853577,0.000999765,77536,12,620.433802
1780969415.854578,0.001007155,64240,8,510.269025
1780969415.855561,0.000993173,53906,5,434.212368
1780969415.856564,0.000999929,59698,5,477.617911
1780969415.857661,0.001003366,76022,11,606.135747
1780969415.858851,0.001007842,55486,7,440.434116
1780969415.859636,0.000993048,67070,7,540.316279
1780969415.860617,0.001009759,67268,10,532.943009
1780969415.861606,0.000993974,61556,10,495.433482
1780969415.862606,0.000992420,67136,8,541.190222
1780969415.863625,0.001006341,52656,8,418.593697
1780969415.864583,0.000993025,71678,11,577.451726
1780969415.865585,0.001000036,65622,7,524.957102
1780969415.866602,0.000999927,59698,5,477.618866
1780969415.867601,0.001005121,60028,10,477.777302
1780969415.868607,0.001006890,68650,9,545.441905
1780969415.869609,0.000993541,68518,7,551.707479
1780969415.870600,0.000998161,58316,6,467.387526
1780969415.871614,0.000996343,67334,11,540.649154
1780969415.872625,0.001002918,59830,7,477.247392
1780969415.873600,0.001009760,68518,7,542.845825
1780969415.874639,0.001001599,61212,6,488.914226
1780969415.875679,0.000998208,65820,10,527.505289
1780969415.876609,0.000988922,58382,7,472.288007
1780969415.877658,0.001010461,64162,7,507.982000
1780969415.878640,0.000989967,64174,7,518.595064
1780969415.879649,0.000999120,51246,7,410.329090
1780969415.880601,0.001003287,76022,11,606.183475
1780969415.881650,0.001011200,62726,7,496.250000
1780969415.882610,0.000985359,58448,8,474.531617
1780969415.883600,0.001000888,61344,8,490.316599
1780969415.884607,0.001011247,71546,9,566.002174
1780969415.885623,0.000998280,56868,6,455.727852
1780969415.886664,0.000997949,71810,13,575.660680
1780969415.887599,0.000999492,64240,8,514.181204
1780969415.888633,0.001001513,53972,6,431.123710
1780969415.889637,0.000990584,61212,6,494.350807
1780969415.890644,0.001008422,56868,6,451.144461
1780969415.891617,0.000991183,65754,9,530.711281
1780969415.892625,0.001014219,70098,9,552.922002
1780969415.893620,0.000990756,58316,6,470.880822
1780969415.894651,0.001003961,52722,9,420.111937
1780969415.895589,0.001001311,80300,10,641.558916
1780969415.896639,0.000991860,55420,6,446.998568
1780969415.897606,0.001001492,58382,7,466.360191
1780969415.898765,0.001003059,65952,12,526.006945
1780969415.899611,0.000997665,68650,9,550.485383
1780969415.900609,0.001003160,55486,7,442.489732
1780969415.901566,0.000992833,61212,6,493.230986
1780969415.902604,0.001006794,62990,11,500.519471
1780969415.903583,0.000992704,70098,9,564.905551
1780969415.904586,0.001000622,64240,8,513.600540
1780969415.905605,0.001008859,64174,7,508.883798
1780969415.906646,0.000992285,55486,7,447.339222
1780969415.907600,0.000999115,68650,9,549.686473
1780969415.908587,0.001007971,56934,7,451.870143
1780969415.909622,0.000991828,74376,8,599.910468
1780969415.910608,0.000999653,49562,5,396.633632
1780969415.911605,0.001001024,77470,11,619.126015
1780969415.912584,0.000999107,61278,7,490.662161
1780969415.913571,0.001006809,68584,8,544.961358
1780969415.914611,0.000995167,56868,6,457.153422
1780969415.915608,0.001005255,67268,10,535.330836
1780969415.916579,0.000992179,55420,6,446.854852
1780969415.917598,0.001000186,68452,6,547.514162
1780969415.918594,0.001003226,57132,10,455.586279
1780969415.919626,0.000999943,68716,10,549.759336
1780969415.920605,0.000998861,53972,6,432.268354
1780969415.921594,0.001002908,59764,6,476.725682
1780969415.922619,0.001001588,65754,9,525.197986
1780969415.923655,0.000998496,65754,9,526.824344
1780969415.924583,0.001002435,65622,7,523.700789
1780969415.925598,0.000995488,61212,6,491.915523
1780969415.926595,0.001006740,46732,6,371.353080
1780969415.927577,0.000990856,70164,10,566.492003
1780969415.928592,0.001005063,65688,8,522.856776
1780969415.929593,0.000997991,52458,5,420.508802
1780969415.930617,0.001000340,62726,7,501.637443
1780969415.931595,0.000996995,56868,6,456.315227
1780969415.932573,0.000999587,74640,12,597.366712
1780969415.933569,0.001005772,56934,7,452.858103
1780969415.934608,0.000999387,59818,7,478.837527
1780969415.935596,0.001008053,54104,8,429.374249
1780969415.936579,0.000986618,60028,10,486.737522
1780969415.937678,0.001000160,77338,9,618.605023
1780969415.938632,0.001006451,58316,6,463.537718
1780969415.939618,0.000998367,52656,8,421.937023
1780969415.940607,0.000998751,68716,10,550.415469
1780969415.941585,0.001002869,68584,8,547.102363
1780969415.942588,0.000992636,56868,6,458.319062
1780969415.943606,0.001005159,61410,9,488.758495
1780969415.944602,0.000999753,74640,12,597.267525
1780969415.945607,0.001001354,58382,7,466.424461
1780969415.946610,0.001006545,62726,7,498.545023
1780969415.947597,0.000993321,70362,13,566.680861
1780969415.948596,0.001001689,59962,9,478.887160
1780969415.949574,0.001001450,125650,8,1003.744570
1780969415.950651,0.000991686,53972,6,435.395881
1780969415.951631,0.000999160,71678,11,573.906081
1780969415.952599,0.001002434,64174,7,512.145438
1780969415.953609,0.001002891,61212,6,488.284370
1780969415.954609,0.000998087,53972,6,432.603571
1780969415.955582,0.001001661,52590,7,420.022343
1780969415.956626,0.001007102,65820,10,522.846742
1780969415.957594,0.000989314,68584,8,554.598439
1780969415.958609,0.001004346,56802,5,452.449654
1780969415.959573,0.000996436,59896,8,480.881863
1780969415.960575,0.001004271,70230,11,559.450587
1780969415.961607,0.001002882,67136,8,535.544561
1780969415.962692,0.001002106,61212,6,488.666868
1780969415.963695,0.000990017,51076,6,412.728266
1780969415.964629,0.001003403,76022,11,606.113396
1780969415.965680,0.000995363,65688,8,527.952114
1780969415.966655,0.001000503,58448,8,467.348923
1780969415.967643,0.001005982,65886,11,523.953709
1780969415.968662,0.000993808,58382,7,469.966030
1780969415.969678,0.001000485,55486,7,443.672819
1780969415.970600,0.000999606,71744,12,574.178226
1780969415.971606,0.001012803,67136,8,530.298587
1780969415.972653,0.001000680,61212,6,489.363233
1780969415.973624,0.000998454,67070,7,537.390806
1780969415.974650,0.000996142,57000,8,457.766061
1780969415.975617,0.000995333,65688,8,527.968027
1780969415.976614,0.001005577,64174,7,510.544692
1780969415.977595,0.001002260,56934,7,454.444954
1780969415.978626,0.000992071,67334,11,542.977267
1780969415.979598,0.000996260,62792,8,504.221789
1780969415.980572,0.001000079,62660,6,501.240402
1780969415.981586,0.001004874,62726,7,499.374051
1780969415.982651,0.000998272,58382,7,467.864470
1780969415.983573,0.001003498,68650,9,547.285595
1780969415.984590,0.001004983,71546,9,569.530032
1780969415.985586,0.000996759,135654,6,1088.760673
1780969415.986592,0.000996179,49892,10,400.666948
1780969415.987665,0.001002464,76022,11,606.681138
1780969415.988613,0.000993318,67136,8,540.700964
1780969415.989648,0.001012333,61146,5,483.208588
1780969415.990727,0.000993580,48444,10,390.056161
1780969415.991686,0.000995125,78918,11,634.436880
1780969415.992626,0.001007490,55420,6,440.063921
1780969415.993712,0.000991465,68518,7,552.862683
1780969415.994671,0.001013873,55354,5,436.772653
1780969415.995680,0.000999397,71612,10,573.241665
1780969415.996645,0.000993612,68650,9,552.730845
1780969415.997597,0.000992306,56868,6,458.471480
1780969415.998613,0.001013224,52656,8,415.750120
1780969415.999607,0.000991399,71612,10,577.866227
1780969416.000594,0.001002103,74442,9,594.286216
1780969416.001611,0.000996909,61212,6,491.214344
1780969416.002638,0.001005699,55486,7,441.372617
1780969416.003684,0.000992165,70296,12,566.808948
1780969416.004573,0.001004004,56934,7,453.655563
1780969416.005564,0.001003462,62660,6,499.550556
1780969416.006603,0.000997690,62660,6,502.440638
1780969416.007595,0.000994377,62660,7,504.114637
1780969416.008587,0.001003386,48180,6,384.139304
1780969416.009605,0.001005648,74508,10,592.716338
1780969416.010600,0.000990325,52590,7,424.830232
1780969416.011612,0.001003462,71480,8,569.867120
1780969416.012604,0.001004895,54038,7,430.198180
1780969416.013577,0.000999792,71546,9,572.487077
1780969416.014585,0.000993400,56868,6,457.966579
1780969416.015606,0.001004082,62660,6,499.242094
1780969416.016588,0.000995813,64504,12,518.201711
1780969416.017571,0.001001709,73060,10,583.482828
1780969416.018617,0.001008563,53972,6,428.110093
1780969416.019622,0.000990675,62726,7,506.531405
1780969416.020656,0.001008406,74508,10,591.095253
1780969416.021574,0.000989799,56868,6,459.632713
1780969416.022602,0.000999489,67004,6,536.306052
1780969416.023581,0.001000087,52656,8,421.211355
1780969416.024579,0.000999569,73060,10,584.732020
1780969416.025568,0.001009599,58316,6,462.092375
1780969416.026628,0.000997369,59764,6,479.373231
1780969416.027586,0.000993035,67202,9,541.386759
1780969416.028586,0.000999962,70164,10,561.333331
1780969416.029637,0.001000384,65688,8,525.302284
1780969416.030627,0.001012988,55684,10,439.760392
1780969416.031599,0.000986695,68716,10,557.140758
1780969416.032596,0.001003337,61278,7,488.593563
1780969416.033585,0.001010821,61212,6,484.453726
1780969416.034612,0.000988344,62858,9,508.794509
1780969416.035603,0.000999235,61410,9,491.656117
1780969416.036789,0.001012838,71480,8,564.591771
1780969416.037602,0.000995247,58316,6,468.755997
1780969416.038610,0.000992025,54038,7,435.779340
1780969416.039624,0.000999498,56934,7,455.700762
1780969416.040589,0.001005964,78720,8,626.026379
1780969416.041577,0.000993221,55354,5,445.854447
1780969416.042617,0.001009407,58580,10,464.272588
1780969416.043602,0.000991507,71612,10,577.803283
1780969416.044606,0.001007833,67136,8,532.913687
1780969416.045601,0.000997354,56802,5,455.621575
1780969416.046607,0.000994668,62990,11,506.621305
1780969416.047599,0.001001035,73126,11,584.403143
1780969416.048582,0.001003577,64108,6,511.036024
1780969416.049606,0.000999993,59764,6,478.115347
1780969416.050582,0.000995206,67070,7,539.144659
1780969416.051618,0.001011687,59962,9,474.154556
1780969416.052587,0.000991526,62792,8,506.629176
1780969416.053585,0.001006477,65688,8,522.122214
1780969416.054666,0.000990252,52524,6,424.328353
1780969416.055709,0.001007612,59962,9,476.072139
1780969416.056968,0.000998459,74508,10,596.983952
1780969416.057634,0.000993191,61278,7,493.584819
1780969416.058689,0.001009071,59764,6,473.814033
1780969416.059646,0.000991427,58580,10,472.692392
1780969416.060626,0.001005945,80300,10,638.603502
1780969416.061638,0.000994022,52458,5,422.187839
1780969416.062606,0.000999677,71414,7,571.496593
1780969416.063583,0.001000011,55354,5,442.827129
1780969416.064650,0.001014415,61410,9,484.298832
1780969416.065567,0.000987066,68650,9,556.396431
1780969416.066726,0.001011238,64240,8,508.208750
1780969416.067630,0.000993064,56868,6,458.121531
1780969416.068610,0.000994895,52656,8,423.409506
1780969416.069578,0.001010374,68716,10,544.083676
1780969416.070649,0.000990678,61278,7,494.836869
1780969416.071629,0.001007559,65622,7,521.037478
1780969416.072615,0.001003741,53906,5,429.640714
1780969416.073623,0.000996058,77404,10,621.682673
1780969416.074600,0.001000866,58382,7,466.651879
1780969416.075607,0.000992215,65622,7,529.095005
1780969416.076575,0.000997477,55420,6,444.481427
1780969416.077595,0.001003914,62990,11,501.955347
1780969416.078594,0.000999380,70164,10,561.660229
1780969416.079599,0.000996932,55552,8,445.783664
1780969416.080601,0.001007568,62726,7,498.038842
1780969416.081606,0.001000525,62660,6,501.016966
1780969416.082619,0.000992491,54038,7,435.574731
1780969416.083594,0.001007475,65820,10,522.653168
1780969416.084594,0.001005268,68650,9,546.321976
1780969416.085604,0.000991695,59764,6,482.115973
1780969416.086761,0.000997842,62792,8,503.422386
1780969416.087611,0.001009542,71612,10,567.481095
1780969416.088622,0.000991421,65688,8,530.051310
1780969416.089632,0.000997345,65622,7,526.373522
1780969416.090621,0.001006819,52656,8,418.394965
1780969416.091601,0.000997392,71744,12,575.452781
1780969416.092600,0.000997132,61410,9,492.693044
1780969416.093608,0.001010876,61278,7,484.949687
1780969416.094612,0.000998515,59764,6,478.823052
1780969416.095600,0.000993346,64240,8,517.362530
1780969416.096593,0.000994389,62858,9,505.701491
1780969416.097592,0.001013338,64240,8,507.155559
1780969416.098600,0.000998278,56868,6,455.728765
1780969416.099607,0.000999731,62660,6,501.414881
1780969416.100599,0.000992108,61278,7,494.123624
1780969416.101610,0.001000554,49694,7,397.331878
1780969416.102582,0.000997002,14612,2,117.247508
1780969416.103585,0.000999267,91884,10,735.611203
1780969416.104603,0.001006141,48114,5,382.562683
1780969416.105606,0.000998157,0,0,0.000000
1780969416.106609,0.001000309,0,0,0.000000
1780969416.107632,0.000996710,39294,3,315.389632
1780969416.108584,0.001002682,13098,1,104.503721
1780969416.109639,0.000998087,65490,5,524.924180
1780969416.110620,0.001000366,99124,10,792.701871
1780969416.111607,0.001006635,62858,9,499.549489
1780969416.112560,0.000990937,62726,7,506.397480
1780969416.113571,0.001008347,58448,8,463.713384
1780969416.114596,0.000991869,64306,9,518.665267
1780969416.115604,0.001009337,67070,7,531.596484
1780969416.116608,0.001001364,68716,10,548.979192
1780969416.117596,0.000990180,61410,9,496.152215
1780969416.118604,0.000999405,68584,8,548.998654
1780969416.119607,0.001011600,48114,5,380.498221
1780969416.120564,0.000988085,73126,11,592.062424
1780969416.121568,0.001004198,59962,9,477.690655
1780969416.122615,0.001007420,64174,7,509.610689
1780969416.123606,0.000989185,52524,6,424.786061
1780969416.124590,0.001012671,49562,5,391.534862
1780969416.125666,0.000992285,43902,7,353.946699
1780969416.127068,0.001000486,94912,12,758.927161
1780969416.127754,0.001000059,62726,7,501.778395
1780969416.128604,0.000993427,62660,6,504.596714
1780969416.129615,0.001001645,59698,5,476.799665
1780969416.130667,0.001011565,67268,10,531.991518
1780969416.131596,0.000986912,68650,9,556.483253
1780969416.132638,0.001000600,53972,6,431.517090
1780969416.133615,0.000999718,65622,7,525.124085
1780969416.134658,0.000999699,59764,6,478.255955
1780969416.135661,0.000999849,62858,9,502.939944
1780969416.136617,0.001001174,70164,10,560.653792
1780969416.137579,0.001011823,62726,7,495.944449
1780969416.138614,0.000987692,52458,5,424.893590
1780969416.139704,0.001004872,68716,10,547.062710
1780969416.140644,0.000994830,67202,9,540.409919
1780969416.141624,0.001003559,57000,8,454.382851
1780969416.142706,0.001004372,67334,11,536.327178
1780969416.143624,0.000996052,67202,9,539.746921
1780969416.144626,0.000998475,56868,6,455.638849
1780969416.145650,0.000997837,67070,7,537.723095
1780969416.146604,0.000999082,51010,5,408.454962
1780969416.147615,0.001002543,74310,7,592.972072
1780969416.148700,0.001005183,36530,5,290.733130
1780969416.149686,0.001004143,86224,12,686.945983
1780969416.150615,0.000999652,65688,8,525.686939
1780969416.151600,0.000996411,62660,6,503.085574
1780969416.152568,0.000994961,51010,5,410.146729
1780969416.153569,0.001000903,67268,10,537.658494
1780969416.154623,0.000996275,62858,9,504.744172
1780969416.155593,0.001005406,56934,7,453.022958
1780969416.156586,0.000995678,68518,7,550.523362
1780969416.157557,0.000999248,59764,6,478.471811
1780969416.158623,0.001013873,55552,8,438.334979
1780969416.159601,0.000986245,64306,9,521.622923
1780969416.160600,0.001002981,64174,7,511.866127
1780969416.161588,0.000997132,55420,6,444.635214
1780969416.162615,0.001001485,68650,9,548.385647
1780969416.163595,0.000999151,65820,10,527.007429
1780969416.164595,0.001006785,65688,8,521.962485
1780969416.165562,0.000992162,53972,6,435.186996
1780969416.166621,0.000999991,65556,6,524.452720
1780969416.167622,0.001007538,65754,9,522.096437
1780969416.168582,0.001005732,65688,8,522.508979
1780969416.169581,0.000997198,59830,7,479.984918
1780969416.170600,0.000989371,62660,6,506.665346
1780969416.171597,0.001010244,65688,8,520.175324
1780969416.172595,0.000990629,67268,10,543.234652
1780969416.173589,0.001007882,58382,7,463.403454
1780969416.174610,0.001002845,64174,7,511.935543
1780969416.175606,0.000992501,65622,7,528.942540
1780969416.176589,0.001000740,62924,10,503.019765
1780969416.177598,0.000996118,62792,8,504.293668
1780969416.178618,0.001010653,62726,7,496.518587
1780969416.179603,0.001000734,62660,6,500.912330
1780969416.180661,0.000988578,62660,6,507.071774
1780969416.181590,0.001008104,62792,8,498.297795
1780969416.182614,0.001000288,65754,9,525.880546
1780969416.183612,0.001005514,64240,8,511.101785
1780969416.184659,0.000985375,56868,6,461.696309
1780969416.185577,0.000999683,59896,8,479.319944
1780969416.186643,0.001015304,67202,9,529.512343
1780969416.187596,0.000985557,59896,8,486.190043
1780969416.188595,0.001001708,59764,6,477.296777
1780969416.189641,0.000998674,72862,7,583.669946
1780969416.190603,0.000999431,42388,6,339.297060
1780969416.191586,0.001003378,71612,10,570.967273
1780969416.192561,0.000995557,59896,8,481.306445
1780969416.193604,0.001010640,58448,8,462.661284
1780969416.194621,0.001003686,67334,11,536.693747
1780969416.195583,0.000986301,59896,8,485.823293
1780969416.196600,0.001010607,67136,8,531.450900
1780969416.197581,0.001000137,59830,7,478.574435
1780969416.198622,0.000989209,57132,10,462.041894
1780969416.199595,0.001005205,71546,9,569.404251
1780969416.200601,0.001000073,64174,7,513.354525
1780969416.201590,0.000994562,52458,5,421.958611
1780969416.202618,0.001010278,74310,7,588.432095
1780969416.203610,0.001001969,57000,8,455.103900
1780969416.204576,0.000987716,62792,8,508.583439
1780969416.205584,0.001004019,68584,8,546.475714
1780969416.206617,0.001004427,58316,6,464.471783
1780969416.207589,0.000992592,70230,11,566.033174
1780969416.208583,0.000998691,62858,9,503.523112
1780969416.209576,0.001000513,56934,7,455.238463
1780969416.210606,0.001006197,56868,6,452.142076
1780969416.211601,0.000999132,74310,7,594.996457
1780969416.212598,0.000995814,49562,5,398.162709
1780969416.213619,0.000999937,71612,10,572.932095
1780969416.214614,0.001012733,59896,8,473.143464
1780969416.215661,0.000987092,59830,7,484.899077
1780969416.216662,0.001003777,64306,9,512.512241
1780969416.217600,0.000997865,64306,9,515.548696
1780969416.218729,0.001001748,61344,8,489.895662
1780969416.219660,0.001001577,56868,6,454.227683
1780969416.220661,0.000995395,65556,6,526.874256
1780969416.221640,0.000999749,59764,6,478.232036
1780969416.222605,0.001003951,70164,10,559.102984
1780969416.223603,0.000995727,64306,9,516.655670
1780969416.224581,0.001002547,56868,6,453.788201
1780969416.225580,0.001001198,62990,11,503.317026
1780969416.226615,0.000996568,62858,9,504.595773
1780969416.227595,0.001003892,62792,8,500.388488
1780969416.228599,0.000996722,62726,7,503.458336
1780969416.229582,0.001000615,57000,8,455.719732
1780969416.230625,0.001004908,70164,10,558.570536
1780969416.231597,0.000992953,65688,8,529.233509
1780969416.232606,0.001011981,70032,8,553.623042
1780969416.233615,0.000996101,53906,5,432.936018
1780969416.234686,0.001003346,67202,9,535.823136
1780969416.235619,0.000988843,62858,9,508.537756
1780969416.236580,0.001004651,64240,8,511.540824
1780969416.237582,0.000995642,56868,6,456.935324
1780969416.238584,0.000999345,55354,5,443.122245
1780969416.239602,0.001006176,70098,9,557.341857
1780969416.240565,0.000999909,64306,9,514.494819
1780969416.241568,0.001005792,62792,8,499.443225
1780969416.242586,0.000991142,62726,7,506.292741
1780969416.243579,0.000999328,55354,5,443.129783
1780969416.244600,0.001007901,67136,8,532.877733
1780969416.245631,0.000991204,62858,9,507.326443
1780969416.246603,0.001003318,67202,9,535.838089
1780969416.247630,0.001001137,64174,7,512.808936
1780969416.248569,0.001003148,53906,5,429.894692
1780969416.249581,0.000990723,64174,7,518.199335
1780969416.250596,0.001008238,62858,9,498.755254
1780969416.251686,0.000998251,62792,8,503.216125
1780969416.252609,0.001001999,53972,6,430.914602
1780969416.253637,0.000992191,62660,6,505.225304
1780969416.254656,0.000999401,62660,6,501.580447
1780969416.255641,0.001000903,65754,9,525.557422
1780969416.256620,0.001000625,62858,9,502.549906
1780969416.257619,0.000998972,67136,8,537.640695
1780969416.258659,0.001007273,58316,6,463.159441
1780969416.259647,0.001002972,55354,5,441.519803
1780969416.260628,0.000990460,73060,10,590.109646
1780969416.261595,0.000998730,62792,8,502.974778
1780969416.262612,0.001005719,65688,8,522.515733
1780969416.263580,0.000994283,51010,5,410.426408
1780969416.264607,0.001010618,62660,6,496.013330
1780969416.265565,0.000996207,70164,10,563.449163
1780969416.266757,0.001001798,67202,9,536.651101
1780969416.267662,0.000992664,58382,7,470.507644
1780969416.268640,0.001008640,58382,7,463.055203
1780969416.269640,0.000990704,60028,10,484.730051
1780969416.270620,0.001012430,64306,9,508.131920
1780969416.271576,0.000986975,67202,9,544.710859
1780969416.272595,0.001000401,62726,7,501.606856
1780969416.273580,0.001000199,53906,5,431.162199
1780969416.274569,0.001001701,58316,6,465.735783
1780969416.275588,0.001007011,67268,10,534.397340
1780969416.276597,0.000991157,71546,9,577.474608
1780969416.277597,0.000999891,62726,7,501.862703
1780969416.278622,0.001010636,56868,6,450.156139
1780969416.279580,0.000999488,71678,11,573.717743
1780969416.280581,0.000989622,58448,8,472.487475
1780969416.281664,0.001000944,64174,7,512.907815
1780969416.282674,0.001011936,52458,5,414.713974
1780969416.283644,0.001000243,68452,6,547.482962
1780969416.284640,0.000993589,59962,9,482.791174
1780969416.285594,0.000993580,65754,9,529.430947
1780969416.286654,0.001003570,62726,7,500.022918
1780969416.287627,0.001008809,61212,6,485.419936
1780969416.288611,0.000994754,67268,10,540.981992
1780969416.289564,0.000994476,61344,8,493.477972
1780969416.290593,0.001000749,56934,7,455.131107
1780969416.291597,0.000997303,68518,7,549.626342
1780969416.292649,0.001006247,58448,8,464.681137
1780969416.293651,0.001003285,71612,10,571.020199
1780969416.294667,0.000996955,58448,8,469.012142
1780969416.295661,0.001008201,64174,7,509.215920
1780969416.296656,0.000994527,65556,6,527.334100
1780969416.297642,0.000992684,59830,7,482.167538
1780969416.298627,0.001004529,64306,9,512.128570
1780969416.299600,0.000998633,55486,7,444.495626
1780969416.300584,0.000996573,62726,7,503.533610
1780969416.301579,0.001011048,55420,6,438.515283
1780969416.302602,0.000999691,74574,11,596.776404
1780969416.303604,0.000988216,62858,9,508.860411
1780969416.304590,0.001010110,61212,6,484.794725
1780969416.305627,0.000994972,58448,8,469.946893
1780969416.306585,0.000994486,71612,10,576.072464
1780969416.307673,0.001004242,58448,8,465.608887
1780969416.308581,0.000996544,61278,7,491.924090
1780969416.309594,0.001013038,62924,10,496.913245
1780969416.310610,0.001002318,67400,12,537.953025
1780969416.311666,0.000985135,61344,8,498.157105
1780969416.312649,0.000999948,67136,8,537.115930
1780969416.313583,0.001000660,62660,6,500.949373
1780969416.314661,0.000998620,52590,7,421.301396
1780969416.315639,0.001001905,67268,10,537.120785
1780969416.316629,0.001006984,59896,8,475.844701
1780969416.317593,0.001000980,71480,8,571.280145
1780969416.318590,0.000990146,65688,8,530.733851
1780969416.319627,0.001006454,67202,9,534.168477
1780969416.320609,0.001004445,58382,7,464.989123
1780969416.321597,0.000996464,57000,8,457.618138
1780969416.322610,0.001002544,68848,12,549.386361
1780969416.323596,0.001004149,57000,8,454.115873
1780969416.324584,0.000986243,67136,8,544.579784
1780969416.325591,0.001000327,62726,7,501.643962
1780969416.326606,0.000999392,62990,11,504.226570
1780969416.327700,0.001009766,62792,8,497.477633
1780969416.328668,0.000996889,62726,7,503.373997
1780969416.329581,0.000993416,62660,6,504.602302
1780969416.330690,0.001004932,62660,6,498.819821
1780969416.331609,0.001000162,61278,7,490.144597
1780969416.332605,0.000999813,67136,8,537.188454
1780969416.333610,0.000997298,53972,6,432.945820
1780969416.334668,0.001013636,83130,9,656.093509
1780969416.335652,0.000985054,62924,10,511.029852
1780969416.336688,0.001001083,59896,8,478.649622
1780969416.337621,0.001007826,59830,7,474.923251
1780969416.339401,0.001000514,69966,7,559.440448
1780969416.339637,0.000990221,61476,10,496.664886
1780969416.340577,0.001003185,62726,7,500.214816
1780969416.341650,0.001001962,67070,7,535.509331
1780969416.342645,0.000998545,53906,5,431.876380
1780969416.343583,0.000995424,63056,12,506.766966
1780969416.344567,0.000999499,62858,9,503.116061
1780969416.345599,0.001005538,70032,8,557.170390
1780969416.346620,0.001002519,49562,5,395.499736
1780969416.347590,0.000992039,62990,11,507.963901
1780969416.348560,0.001000124,77404,10,619.155225
1780969416.349588,0.001007157,48114,5,382.176761
1780969416.350613,0.000992744,74310,7,598.825075
1780969416.351611,0.001010806,59830,7,473.523109
1780969416.352599,0.000991346,68650,9,553.994266
1780969416.353702,0.001011097,58382,7,461.929963
1780969416.354603,0.000987118,67070,7,543.562168
1780969416.355622,0.001003946,49628,6,395.463501
1780969416.356652,0.001005932,68848,12,547.536016
1780969416.357622,0.001000946,65688,8,525.007343
1780969416.358675,0.000999657,68584,8,548.860259
1780969416.359628,0.000996348,59830,7,480.394400
1780969416.360684,0.000994437,58316,6,469.137814
1780969416.361662,0.001000983,68650,9,548.660667
1780969416.362623,0.000998574,70112,8,561.696980
1780969416.363668,0.001006490,58316,6,463.519757
1780969416.364656,0.000993280,60028,10,483.472938
1780969416.365578,0.001004349,65820,10,524.279907
1780969416.366662,0.001006212,69966,7,556.272436
1780969416.367629,0.000996927,56868,6,456.346352
1780969416.368616,0.000997429,51142,7,410.190600
1780969416.369568,0.000998661,70230,11,562.593312
1780969416.370618,0.001002303,58382,7,465.982842
1780969416.371615,0.001003491,61212,6,487.992418
1780969416.372583,0.000994539,46732,6,375.908838
1780969416.373599,0.001004371,62990,11,501.726951
1780969416.374611,0.000990908,62792,8,506.945145
1780969416.375583,0.000999852,62726,7,501.882279
1780969416.376610,0.001009327,74310,7,588.986523
1780969416.377620,0.000998649,49814,9,399.051118
1780969416.378645,0.000999199,74574,11,597.070253
1780969416.379617,0.000999645,62726,7,501.986205
1780969416.380626,0.000995490,61382,7,493.280696
1780969416.381641,0.001005425,51340,10,408.503867
1780969416.382670,0.001006447,76022,11,604.280206
1780969416.383651,0.000993898,58316,6,469.392231
1780969416.384627,0.000996814,69900,6,560.987306
1780969416.385594,0.001004437,64372,10,512.701145
1780969416.386642,0.001004512,64174,7,511.085980
1780969416.387619,0.000999176,65622,7,525.408937
1780969416.388566,0.000987942,56868,6,460.496669
1780969416.389612,0.001011139,62792,8,496.802121
1780969416.390617,0.000989037,64306,9,520.150409
1780969416.391599,0.000999151,59830,7,479.046711
1780969416.392615,0.001012845,68518,7,541.192384
1780969416.393593,0.000991263,65556,6,529.070489
1780969416.394675,0.000996809,65820,10,528.245632
1780969416.395589,0.001002914,65688,8,523.977131
1780969416.396621,0.001005229,53906,5,429.004734
1780969416.397603,0.000992815,70230,11,565.906035
1780969416.398581,0.000998432,65754,9,526.858114
1780969416.399592,0.001003907,62726,7,499.855066
1780969416.400609,0.000998742,65622,7,525.637252
1780969416.401595,0.000996566,55486,7,445.417564
1780969416.402637,0.001004230,71546,9,569.957082
1780969416.403606,0.000996543,62660,6,503.018936
1780969416.404630,0.000999259,62726,7,502.180115
1780969416.405595,0.001009534,52392,4,415.177696
1780969416.406579,0.000990942,68716,10,554.752952
1780969416.407675,0.001000843,70098,9,560.311657
1780969416.408641,0.000999222,55420,6,443.705203
1780969416.409630,0.001007492,65622,7,521.072128
1780969416.410625,0.000997440,58316,6,467.725377
1780969416.411604,0.000999676,62858,9,503.026981
1780969416.412586,0.000996326,56868,6,456.621628
1780969416.413600,0.001005903,68452,6,544.402393
1780969416.414616,0.000998586,58580,10,469.303595
1780969416.415684,0.001001817,75956,10,606.545906
1780969416.416585,0.000992988,53906,5,434.293264
1780969416.417683,0.001005010,61344,8,488.305589
1780969416.418574,0.000994744,71612,10,575.923052
1780969416.419640,0.001000379,59830,7,478.458664
1780969416.420573,0.001000374,59830,7,478.461056
1780969416.421637,0.000999599,70296,12,562.593600
1780969416.422788,0.001008535,59896,8,475.112911
1780969416.423713,0.000999421,64254,7,514.329797
1780969416.424784,0.001005559,56934,7,452.954029
1780969416.425667,0.000987993,67334,11,545.218438
1780969416.426698,0.001012591,65688,8,518.969653
1780969416.427649,0.000994440,56802,5,456.956679
1780969416.428586,0.001001089,65754,9,525.459774
1780969416.429606,0.000990089,68716,10,555.230893
1780969416.430707,0.001007600,59830,7,475.029774
1780969416.431624,0.000999092,71414,7,571.831223
1780969416.432644,0.000998776,55552,8,444.960632
1780969416.433615,0.001001307,64306,9,513.776494
1780969416.434649,0.001004642,61278,7,487.958895
1780969416.435672,0.001000431,69900,6,558.959089
1780969416.436653,0.000997540,52788,10,423.345430
1780969416.437614,0.001002096,78852,10,629.496575
1780969416.438605,0.000999839,51010,5,408.145711
1780969416.439603,0.000990548,68518,7,553.374496
1780969416.440609,0.001005119,61212,6,487.202013
1780969416.441574,0.000995003,73126,11,587.945966
1780969416.442608,0.000998493,56934,7,456.159432
1780969416.443642,0.001012897,61212,6,483.460806
1780969416.444580,0.000986833,58580,10,474.892915
1780969416.445576,0.000999618,74508,10,596.291783
1780969416.446635,0.001005605,62726,7,499.011043
1780969416.447587,0.000994237,64174,7,516.367828
1780969416.448575,0.001000135,49694,7,397.498338
1780969416.449558,0.000999424,77536,12,620.645492
1780969416.450667,0.001001615,55420,6,442.645128
1780969416.451627,0.000998964,62660,6,501.799865
1780969416.452662,0.001003935,55552,8,442.674078
1780969416.453699,0.000996492,78852,10,633.036693
1780969416.454733,0.001001058,62726,7,501.277648
1780969416.455711,0.001007013,51076,6,405.762388
1780969416.456670,0.001004659,71612,10,570.239255
1780969416.457621,0.000989862,64240,8,519.183482
1780969416.458644,0.001009211,61278,7,485.749759
1780969416.459637,0.000988861,62726,7,507.460604
1780969416.460655,0.001004111,58580,10,466.721309
1780969416.461732,0.001008126,68650,9,544.773173
1780969416.462632,0.000993812,58316,6,469.432850
1780969416.463638,0.000993875,71414,7,574.832851
1780969416.464697,0.001000885,51142,7,408.774235
1780969416.465627,0.000998220,73060,10,585.522230
1780969416.466644,0.001011292,61278,7,484.750201
1780969416.467738,0.000991758,58316,6,470.405079
1780969416.468595,0.001005214,64174,7,510.729059
1780969416.469576,0.000992125,65820,10,530.739574
1780969416.470634,0.001002942,62726,7,500.336011
1780969416.471609,0.001003300,59698,5,476.013157
1780969416.472620,0.000993391,60028,10,483.418916
1780969416.473627,0.001012025,73126,11,578.056866
1780969416.474624,0.001001140,64240,8,513.334798
1780969416.475600,0.000999878,53906,5,431.300619
1780969416.476594,0.000998771,61344,8,491.355876
1780969416.477590,0.000998594,70230,11,562.631059
1780969416.478609,0.000996207,65622,7,526.974815
1780969416.479576,0.001002915,58316,6,465.172024
1780969416.480607,0.000990636,67070,7,541.631841
1780969416.481674,0.001002831,73126,11,583.356518
1780969416.482610,0.001000620,56868,6,454.662109
1780969416.483592,0.001009539,68518,7,542.964660
1780969416.484597,0.000987863,56868,6,460.533495
1780969416.485595,0.001011108,58382,7,461.924938
1780969416.486598,0.000987637,67202,9,544.345746
1780969416.487588,0.001001638,64240,8,513.079576
1780969416.488611,0.000998224,62660,6,502.171857
1780969416.489599,0.001001679,60094,11,479.946170
1780969416.490607,0.001004243,65754,9,523.809476
1780969416.491605,0.000994208,64108,6,515.851814
1780969416.492613,0.001005705,61212,6,486.918132
1780969416.493562,0.000998007,65886,11,528.140584
1780969416.494624,0.001005645,67202,9,534.598193
1780969416.495602,0.000995547,67070,7,538.959989
1780969416.496602,0.001002044,61212,6,488.697103
1780969416.497595,0.000993522,58316,6,469.569874
1780969416.498604,0.001000556,71612,10,572.577647
1780969416.499600,0.000998840,62792,8,502.919386
1780969416.500613,0.001012103,53906,5,426.091020
1780969416.501576,0.000994992,62858,9,505.395018
1780969416.502650,0.000996506,70164,10,563.280101
1780969416.503592,0.000996521,68584,8,550.587494
1780969416.504587,0.001002879,62660,6,499.840958
1780969416.505648,0.001007997,62594,5,496.779256
1780969416.506607,0.000995431,46798,7,376.102412
1780969416.507586,0.001004279,71612,10,570.455023
1780969416.508570,0.000994573,67070,7,539.487800
1780969416.509560,0.000994963,58448,8,469.951144
1780969416.510597,0.001005711,64438,11,512.576675
1780969416.511606,0.001001385,71546,9,571.576367
1780969416.512609,0.000993232,55354,5,445.849509
1780969416.513605,0.001002213,62660,6,500.173117
1780969416.514585,0.000997620,68848,12,552.097993
1780969416.515595,0.001013912,68650,9,541.664365
1780969416.516604,0.000996229,49628,6,398.526845
1780969416.517586,0.001003322,65556,6,522.711552
1780969416.518640,0.000991697,58580,10,472.563696
1780969416.519637,0.001002898,71612,10,571.240545
1780969416.520602,0.001000579,59830,7,478.363028
1780969416.521566,0.000996299,55486,7,445.536932
1780969416.522597,0.000997497,74706,13,599.147667
1780969416.523654,0.000999520,61278,7,490.459421
1780969416.524594,0.000997490,61278,7,491.457558
1780969416.525599,0.001000674,67070,7,536.198602
1780969416.526587,0.000999309,51076,6,408.890543
1780969416.527598,0.001000658,73060,10,584.095665
1780969416.528609,0.001008844,61278,7,485.926466
1780969416.529602,0.000991663,61212,6,493.812918
1780969416.530603,0.000999017,59896,8,479.639486
1780969416.531613,0.001011930,70230,11,555.216270
1780969416.532594,0.000998331,67202,9,538.514781
1780969416.533581,0.001000560,53972,6,431.534341
1780969416.534595,0.000989500,61212,6,494.892370
1780969416.535586,0.001009039,71810,13,569.333792
1780969416.536583,0.000991690,62792,8,506.545392
1780969416.537588,0.001011027,67070,7,530.707884
1780969416.538607,0.000991177,59764,6,482.367932
1780969416.539603,0.000996842,59962,9,481.215679
1780969416.540589,0.000999851,67202,9,537.696117
1780969416.541600,0.001000178,58316,6,466.444973
1780969416.542612,0.001000136,62660,6,501.211835
1780969416.543612,0.001006986,60028,10,476.892429
1780969416.544569,0.000993475,73192,12,589.381716
1780969416.545577,0.000999325,56868,6,455.251295
1780969416.546619,0.001006363,61278,7,487.124427
1780969416.547574,0.000994556,74508,10,599.326735
1780969416.548596,0.000999232,62858,9,503.250496
1780969416.549606,0.001011483,65688,8,519.538143
1780969416.550598,0.000988960,56934,7,460.556544
1780969416.551704,0.001007637,67334,11,534.589341
1780969416.552601,0.001000767,67136,8,536.676369
1780969416.553620,0.000994657,56802,5,456.856987
1780969416.554628,0.000996738,68452,6,549.408169
1780969416.555633,0.001000691,65754,9,525.668763
1780969416.556611,0.001008977,65754,9,521.351825
1780969416.557588,0.000997848,64174,7,514.499202
1780969416.558608,0.000992841,64174,7,517.093875
1780969416.559599,0.001002958,54038,7,431.029016
1780969416.560603,0.001002845,73060,10,582.821872
1780969416.561615,0.001005330,59830,7,476.102374
1780969416.562626,0.000999542,58250,5,466.213526
1780969416.563602,0.000998383,58580,10,469.399018
1780969416.564603,0.000990144,68650,9,554.666796
1780969416.565634,0.001010969,61278,7,484.905076
1780969416.566644,0.000996218,61212,6,491.555061
1780969416.567660,0.000996321,55552,8,446.057044
1780969416.568592,0.001006139,67202,9,534.335713
1780969416.569581,0.000991497,70032,8,565.060711
1780969416.570601,0.000998637,48114,5,385.437351
1780969416.571607,0.001008891,68452,6,542.790054
1780969416.572599,0.000991740,70164,10,565.987053
1780969416.573606,0.001000365,62792,8,502.152714
1780969416.574609,0.001010490,67070,7,530.989916
1780969416.575632,0.001001464,51076,6,408.010672
1780969416.576592,0.000998847,76088,12,609.406646
1780969416.577650,0.001000055,62726,7,501.780402
1780969416.578737,0.001003414,56802,5,452.869902
1780969416.579637,0.000991523,68452,6,552.297829
1780969416.580753,0.000993827,65754,9,529.299365
1780969416.581634,0.001002983,61344,8,489.292441
1780969416.582617,0.001004239,67070,7,534.295123
1780969416.583588,0.001002493,56802,5,453.285958
1780969416.584578,0.000996514,62990,11,505.682810
1780969416.585599,0.001006616,65754,9,522.574646
1780969416.586599,0.000986779,68650,9,556.558257
1780969416.587571,0.001000436,59764,6,477.903634
1780969416.588596,0.001000177,55354,5,442.753633
1780969416.589592,0.001004457,68518,7,545.711763
1780969416.590645,0.001003243,58448,8,466.072527
1780969416.591587,0.000991973,68650,9,553.644101
1780969416.592600,0.000999824,55420,6,443.438045
1780969416.593586,0.001013269,65622,7,518.101314
1780969416.594595,0.000986652,51142,7,414.671029
1780969416.595622,0.001000617,77470,11,619.377844
1780969416.596592,0.001000463,58382,7,466.839853
1780969416.597621,0.001000231,64108,6,512.745556
1780969416.598592,0.001000923,64372,10,514.501115
1780969416.599638,0.000999841,70098,9,560.873179
1780969416.600578,0.000997992,64174,7,514.424965
1780969416.601563,0.001000063,65622,7,524.942929
1780969416.602598,0.001004145,54104,8,431.045317
1780969416.603608,0.000996734,67202,9,539.377607
1780969416.604595,0.000998766,59764,6,478.702719
1780969416.605602,0.001005359,70032,8,557.269592
1780969416.606604,0.001006755,52392,4,416.323733
1780969416.607598,0.000988630,70164,10,567.767517
1780969416.608577,0.001000392,61278,7,490.031907
1780969416.609586,0.001000306,65556,6,524.287568
1780969416.610660,0.001010077,59962,9,474.910329
1780969416.611605,0.000997169,73060,10,586.139361
1780969416.612611,0.000991833,61212,6,493.728279
1780969416.613620,0.001010933,58316,6,461.482611
1780969416.614609,0.000993860,70296,12,565.842272
1780969416.615601,0.001001884,59896,8,478.266945
1780969416.616586,0.001003249,56802,5,452.944384
1780969416.617591,0.000999108,64306,9,514.907297
1780969416.618631,0.001007995,58514,9,464.399129
1780969416.619600,0.000982644,65688,8,534.785741
1780969416.620576,0.001002168,55354,5,441.874017
1780969416.621601,0.000998380,62858,9,503.679962
1780969416.622626,0.001011695,77602,13,613.639486
1780969416.623594,0.001000629,56868,6,454.658020
1780969416.624570,0.000995962,68452,6,549.836239
1780969416.625569,0.000999517,54236,10,434.097669
1780969416.626620,0.001002235,71678,11,572.145255
1780969416.627617,0.000997275,62726,7,503.179163
1780969416.628594,0.000992255,56802,5,457.962923
1780969416.629559,0.000999615,68584,8,548.883320
1780969416.630604,0.001006254,54104,8,430.141893
1780969416.631613,0.000996958,64240,8,515.488115
1780969416.632580,0.000996591,64108,6,514.618334
1780969416.633587,0.001007328,58448,8,464.182471
1780969416.634616,0.001003454,67334,11,536.817831
1780969416.635610,0.000990042,67136,8,542.490117
1780969416.636579,0.001005806,61278,7,487.394189
1780969416.637579,0.001006258,68518,7,544.735048
1780969416.638587,0.000988375,38044,6,307.931706
1780969416.639594,0.001010713,68716,10,543.901187
1780969416.640578,0.000988510,67136,8,543.330872
1780969416.641596,0.001010893,59764,6,472.960046
1780969416.642640,0.000998363,51208,8,410.335720
1780969416.643603,0.001000859,65886,11,526.635620
1780969416.644631,0.001001611,67136,8,536.224143
1780969416.645695,0.001001540,67070,7,535.734968
1780969416.646635,0.000991650,57132,10,460.904553
1780969416.647623,0.000997720,65754,9,527.234094
1780969416.648580,0.001000026,65622,7,524.962351
1780969416.649587,0.001006710,62660,6,497.938830
1780969416.650607,0.000998792,59962,9,480.276174
1780969416.651581,0.000999949,64306,9,514.474238
1780969416.652637,0.001006162,62792,8,499.259563
1780969416.653600,0.000993013,65886,11,530.796676
1780969416.654675,0.000993425,65688,8,528.982057
1780969416.655603,0.001004915,64240,8,511.406437
1780969416.656605,0.000999034,57132,10,457.497943
1780969416.657571,0.000995388,65820,10,528.999747
1780969416.658589,0.001000238,64240,8,513.797716
1780969416.659597,0.001013482,64174,7,506.562524
1780969416.660591,0.000999370,68848,12,551.131213
1780969416.661580,0.000993627,61344,8,493.899622
1780969416.662576,0.000994078,65622,7,528.103429
1780969416.663601,0.001008441,56868,6,451.135961
1780969416.664592,0.001004837,61212,6,487.338743
1780969416.665599,0.000997598,65754,9,527.298571
1780969416.666604,0.000994559,67136,8,540.026283
1780969416.667584,0.000994048,56802,5,457.136879
1780969416.668597,0.000999857,62660,6,501.351693
1780969416.669572,0.001009502,70164,10,556.028616
1780969416.670608,0.000999450,65688,8,525.793186
1780969416.671615,0.000991759,64108,6,517.125632
1780969416.672649,0.001006888,51142,7,406.337150
1780969416.673673,0.001002382,71744,12,572.588095
1780969416.674692,0.000996827,68650,9,550.948159
1780969416.675633,0.001005925,62660,6,498.327410
1780969416.676593,0.000987481,57000,8,461.781037
1780969416.677586,0.001013394,65820,10,519.600471
1780969416.678610,0.000987571,62660,6,507.588821
1780969416.679595,0.001006862,53906,5,428.308944
1780969416.680589,0.000997256,70296,12,563.915384
1780969416.681570,0.001003391,61344,8,489.093484
1780969416.682633,0.000995896,71480,8,574.196502
1780969416.683601,0.000995245,56868,6,457.117594
1780969416.684592,0.001009829,55354,5,438.521770
1780969416.685571,0.000990320,70164,10,566.798611
1780969416.686647,0.001063786,68518,7,515.276569
1780969416.687590,0.000944215,56802,5,481.263272
1780969416.688592,0.000999850,65886,11,527.167075
1780969416.689571,0.000999663,68650,9,549.385143
1780969416.690620,0.001005828,65556,6,521.409227
1780969416.691604,0.000996607,62660,6,502.986634
1780969416.692593,0.001002204,52722,9,420.848450
1780969416.693574,0.000988470,67268,10,544.421176
1780969416.694609,0.001002599,68584,8,547.249698
1780969416.695609,0.001009615,65556,6,519.453455
1780969416.696610,0.000992147,48246,7,389.022998
1780969416.697594,0.001007886,74574,11,591.924087
1780969416.698606,0.000990719,64108,6,517.668481
1780969416.699610,0.001005578,61212,6,486.979628
1780969416.700612,0.001004196,63056,12,502.340181
1780969416.701582,0.000986608,65820,10,533.707410
1780969416.702629,0.001011888,62660,6,495.390794
1780969416.703580,0.000990413,61212,6,494.436159
1780969416.704618,0.001002972,68848,12,549.151920
1780969416.705611,0.000995925,67070,7,538.755428
1780969416.706593,0.001007750,58316,6,462.940213
1780969416.707595,0.000999015,62660,6,501.774248
1780969416.708707,0.000995705,68782,11,552.629544
1780969416.709616,0.001005037,65622,7,522.344948
1780969416.710597,0.000994955,58316,6,468.893568
1780969416.711605,0.001003827,64174,7,511.434739
1780969416.712614,0.001005215,65886,11,524.353497
1780969416.713596,0.000987903,64240,8,520.213017
1780969416.714615,0.000999441,56868,6,455.198456
1780969416.715581,0.001002136,71414,7,570.094279
1780969416.716610,0.000998573,59962,9,480.381504
1780969416.717593,0.001005514,68650,9,546.188318
1780969416.718641,0.001007693,55420,6,439.975270
1780969416.719596,0.000986105,69966,7,567.615011
1780969416.720630,0.001004960,58580,10,466.327018
1780969416.721608,0.001003750,58382,7,465.311083
1780969416.722628,0.001004037,64108,6,510.801893
1780969416.723594,0.000995582,58382,7,469.128610
1780969416.724643,0.001004089,74574,11,594.162470
1780969416.725623,0.000988070,64240,8,520.125092
1780969416.726691,0.001001130,53906,5,430.761240
1780969416.727695,0.001006283,65622,7,521.698170
1780969416.728607,0.000992036,73126,11,589.704406
1780969416.729598,0.001007634,56934,7,452.021270
1780969416.730661,0.000992298,68518,7,552.398574
1780969416.731582,0.001000527,55552,8,444.181916
1780969416.732578,0.000999413,71612,10,573.232487
1780969416.733597,0.001011117,61344,8,485.356294
1780969416.734586,0.000992219,68584,8,552.974696
1780969416.735602,0.001001820,51010,5,407.338644
1780969416.736602,0.001004379,62726,7,499.620163
1780969416.737627,0.000990275,64306,9,519.500139
1780969416.738621,0.001005093,61212,6,487.214616
1780969416.739583,0.001002604,67070,7,535.166427
1780969416.740591,0.000995421,70362,13,565.485357
1780969416.741600,0.001007755,58382,7,463.461853
1780969416.742601,0.001002368,62726,7,500.622526
1780969416.743636,0.000991713,62726,7,506.001232
1780969416.744601,0.000996573,58250,5,467.602474
1780969416.745593,0.000999910,70164,10,561.362523
1780969416.746603,0.000999095,65688,8,525.980012
1780969416.747620,0.001001138,55486,7,443.383430
1780969416.748590,0.000998244,65820,10,527.486266
1780969416.749581,0.001000621,71678,11,573.068125
1780969416.750620,0.001013641,62726,7,495.054955
1780969416.751561,0.000986401,52656,8,427.055528
1780969416.752598,0.000999794,68716,10,549.841267
1780969416.753601,0.000999790,56868,6,455.039558
1780969416.754592,0.001000488,59830,7,478.406538
1780969416.755584,0.001002478,71480,8,570.426483
1780969416.756577,0.000996884,52590,7,422.035061
1780969416.757591,0.001009253,70098,9,555.642639
1780969416.758602,0.000995686,65622,7,527.250559
1780969416.759608,0.001007774,59698,5,473.899902
1780969416.760590,0.000997592,68914,13,552.642764
1780969416.761573,0.000990297,59962,9,484.396095
1780969416.762563,0.000999998,65688,8,525.505051
1780969416.763612,0.001011457,59896,8,473.740357
1780969416.764665,0.000989377,65886,11,532.747375
1780969416.765677,0.001002203,62792,8,501.231786
1780969416.766617,0.000997095,67070,7,538.123248
1780969416.767691,0.000999438,55552,8,444.665902
1780969416.768634,0.001000367,67268,10,537.946574
1780969416.769630,0.001001275,59896,8,478.557839
1780969416.770609,0.001001384,61278,7,489.546468
1780969416.771585,0.001000695,59896,8,478.835210
1780969416.772580,0.000996313,62990,11,505.784829
1780969416.773599,0.001002840,65754,9,524.542300
1780969416.774606,0.001001314,65622,7,524.287087
1780969416.775663,0.000996902,53906,5,432.588158
1780969416.776634,0.000998936,67400,12,539.774320
1780969416.777615,0.001001285,67202,9,536.926050
1780969416.778624,0.001001405,53906,5,430.642947
1780969416.779604,0.000999680,61212,6,489.852753
1780969416.780591,0.000999139,67334,11,539.136196
1780969416.781593,0.000999185,59830,7,479.030410
1780969416.782622,0.001008660,68518,7,543.437828
1780969416.783591,0.000991052,58316,6,470.740183
1780969416.784600,0.000999705,55354,5,442.962674
1780969416.785597,0.001000809,74508,10,595.582174
1780969416.786675,0.000999205,61344,8,491.142458
1780969416.787642,0.001005380,56868,6,452.509499
1780969416.788616,0.001001501,72862,7,582.022384
1780969416.789686,0.000996453,49694,7,398.967136
1780969416.790627,0.000998092,68650,9,550.249877
1780969416.791641,0.000999730,65622,7,525.117782
1780969416.792609,0.001003670,59764,6,476.363745
1780969416.793629,0.000996443,64306,9,516.284424
1780969416.794606,0.000999575,67136,8,537.316359
1780969416.795589,0.001008640,62726,7,497.509518
1780969416.796594,0.000997393,64174,7,514.733911
1780969416.797580,0.000993083,62660,6,504.771504
1780969416.798614,0.001011343,55354,5,437.865294
1780969416.799614,0.001002003,59830,7,477.683201
1780969416.800606,0.000990053,65688,8,530.783706
1780969416.801572,0.000997433,62660,6,502.570097
1780969416.802636,0.001008030,74376,8,590.268147
1780969416.803644,0.000994616,55552,8,446.821688
1780969416.804648,0.001001335,64240,8,513.234831
1780969416.805595,0.001002713,65688,8,524.082165
1780969416.806610,0.001002182,62726,7,500.715439
1780969416.807605,0.000993458,41072,8,330.739699
1780969416.808596,0.000997519,76022,11,609.688638
1780969416.809604,0.001013883,65622,7,517.787555
1780969416.810650,0.000995424,56802,5,456.504967
1780969416.811612,0.000993942,67400,12,542.486383
1780969416.812576,0.000996557,64240,8,515.695540
1780969416.813677,0.001000935,65622,7,524.485606
1780969416.814646,0.001002195,53906,5,430.303484
1780969416.815650,0.000997007,70362,13,564.585805
1780969416.816579,0.000999832,64306,9,514.534442
1780969416.817579,0.001002099,55420,6,442.431337
1780969416.818611,0.001006718,61212,6,486.428176
1780969416.819606,0.000996009,62660,6,503.288625
1780969416.820595,0.001007354,58250,5,462.598054
1780969416.821589,0.000996350,58448,8,469.296934
1780969416.822614,0.000992740,71546,9,576.553780
1780969416.823597,0.001002030,55486,7,442.988733
1780969416.824574,0.000997180,58646,11,470.494795
1780969416.825603,0.001000056,62858,9,502.835841
1780969416.826630,0.001011232,62660,6,495.712161
1780969416.827609,0.001001821,59698,5,476.715900
1780969416.828595,0.000987915,61542,11,498.358664
1780969416.829613,0.001001537,73126,11,584.110223
1780969416.830603,0.001001545,56868,6,454.242196
1780969416.831626,0.000995455,59698,5,479.764530
1780969416.832643,0.001003525,68848,12,548.849306
1780969416.833563,0.001002094,68716,10,548.579275
1780969416.834630,0.000995235,55420,6,445.482725
1780969416.835606,0.001000369,61278,7,490.043174
1780969416.836763,0.001012342,65886,11,520.661990
1780969416.837754,0.000987132,73060,10,592.099132
1780969416.838713,0.000999844,56868,6,455.014982
1780969416.839731,0.001007511,70164,10,557.127416
1780969416.840682,0.000994434,67202,9,540.625119
1780969416.842369,0.001001693,62726,7,500.959875
1780969416.843078,0.000996970,58250,5,467.416271
1780969416.843938,0.001010142,48378,9,383.138212
1780969416.844661,0.001002104,81880,12,653.664689
1780969416.845644,0.000986813,64174,7,520.252571
1780969416.846779,0.001001784,65622,7,524.041111
1780969416.847673,0.001009319,49760,8,394.404544
1780969416.848727,0.000989391,81814,11,661.530174
1780969416.849637,0.001009402,56934,7,451.229540
1780969416.850716,0.000989762,64174,7,518.702476
1780969416.851614,0.000999610,62792,8,502.531987
1780969416.852602,0.001000284,67136,8,536.935510
1780969416.853568,0.001004173,62660,6,499.196852
1780969416.854591,0.000996771,61410,9,492.871482
1780969416.855609,0.001003110,68716,10,548.023646
1780969416.856583,0.000996634,58316,6,468.103637
1780969416.857571,0.001009801,71414,7,565.766918
1780969416.858590,0.000993579,49826,9,401.184002
1780969416.859593,0.001005588,64306,9,511.589239
1780969416.860593,0.000990315,61212,6,494.485088
1780969416.861783,0.001013724,65688,8,518.389621
1780969416.862633,0.000996603,64584,12,518.433117
1780969416.863591,0.000994324,68584,8,551.804040
1780969416.864606,0.000995247,61278,7,492.565162
1780969416.865569,0.000999495,53972,6,431.994157
1780969416.866612,0.001007127,58580,10,465.323638
1780969416.867667,0.000993224,68650,9,552.946767
1780969416.868609,0.001005215,62726,7,499.204648
1780969416.869631,0.000995248,56934,7,457.646737
1780969416.870590,0.000999438,67400,12,539.503201
1780969416.871596,0.001008519,59896,8,475.120449
1780969416.872593,0.001003314,64108,6,511.169983
1780969416.873601,0.000988299,61212,6,495.493773
1780969416.874586,0.001002148,51340,10,409.839664
1780969416.875612,0.001009311,84776,12,671.951460
1780969416.876591,0.000989244,55486,7,448.714372
1780969416.877656,0.001010236,72862,7,576.989931
1780969416.878595,0.000990181,51444,10,415.633101
1780969416.879575,0.000999093,67400,12,539.689498
1780969416.880588,0.001008850,65622,7,520.370719
1780969416.881575,0.001003172,56868,6,453.505481
1780969416.882607,0.000988151,68518,7,554.716840
1780969416.883641,0.001011924,57000,8,450.626727
1780969416.884607,0.000988163,68650,9,555.778753
1780969416.885671,0.001004882,58382,7,464.786910
1780969416.886631,0.001001645,64306,9,513.603123
1780969416.887665,0.000994925,65820,10,529.245923
1780969416.888645,0.001011060,59764,6,472.881926
1780969416.889638,0.000992808,67070,7,540.446894
1780969416.890618,0.001003365,67400,12,537.391677
1780969416.891608,0.000997376,55486,7,445.055826
1780969416.892593,0.001006463,62726,7,498.585641
1780969416.893642,0.000993358,56868,6,457.985943
1780969416.894634,0.000997597,61410,9,492.463390
1780969416.895735,0.000998047,71546,9,573.488022
1780969416.896657,0.001003884,67136,8,535.010021
1780969416.897608,0.001008133,59830,7,474.778625
1780969416.898615,0.000995984,62990,11,505.951903
1780969416.899663,0.000995307,57000,8,458.150098
1780969416.900637,0.001003456,62726,7,500.079724
1780969416.901600,0.000991530,55486,7,447.679848
1780969416.902600,0.001000515,74640,12,596.812641
1780969416.903591,0.001002006,62792,8,501.330331
1780969416.904737,0.000998183,62660,6,502.192484
1780969416.905674,0.001008665,48048,4,381.081925
1780969416.906666,0.000991889,64438,11,519.719444
1780969416.907850,0.000998973,78852,10,631.464514
1780969416.908670,0.001003051,53972,6,430.462658
1780969416.909627,0.000997680,67070,7,537.807714
1780969416.910578,0.000998681,65820,10,527.255450
1780969416.911660,0.001002627,65622,7,523.600501
1780969416.912613,0.001002147,55354,5,441.883277
1780969416.913653,0.001001833,74640,12,596.027482
1780969416.914629,0.000998209,58514,9,468.951893
1780969416.915637,0.001001647,67136,8,536.204871
1780969416.916616,0.001000402,59764,6,477.919876
1780969416.917601,0.001007042,73258,13,581.965797
1780969416.918620,0.000995551,55552,8,446.402043
1780969416.919587,0.000991305,62726,7,506.209492
1780969416.920666,0.000999447,62858,9,503.142238
1780969416.921634,0.001000414,70230,11,561.607494
1780969416.922654,0.001009203,58382,7,462.796880
1780969416.923630,0.000997676,67004,6,537.280640
1780969416.924675,0.000994792,55618,9,447.273400
1780969416.925640,0.001000543,76154,13,608.901367
1780969416.926638,0.000999775,56868,6,455.046385
1780969416.927658,0.000997533,62660,6,502.519716
1780969416.928625,0.001008671,67136,8,532.470944
1780969416.929613,0.000991202,55552,8,448.360677
1780969416.930575,0.001000128,62858,9,502.799642
1780969416.931627,0.001005597,65622,7,522.054063
1780969416.932617,0.000998281,58250,5,466.802433
1780969416.933610,0.000999976,65952,12,527.628663
1780969416.934669,0.001007669,68650,9,545.020240
1780969416.935651,0.000989057,58382,7,472.223542
1780969416.936599,0.001003088,59764,6,476.640135
1780969416.937633,0.000997459,54038,7,433.405283
1780969416.938629,0.001008464,68770,11,545.542528
1780969416.939611,0.000990895,61344,8,495.261355
1780969416.940603,0.001009293,64108,6,508.141838
1780969416.941586,0.000997618,70362,13,564.240020
1780969416.942610,0.000999097,64306,9,514.912966
1780969416.943598,0.000994930,53972,6,433.976260
1780969416.944607,0.000998175,69900,6,560.222406
1780969416.945591,0.001001277,55750,11,445.431184
1780969416.946608,0.000999709,73126,11,585.178287
1780969416.947595,0.001007864,58382,7,463.411730
1780969416.948598,0.000995187,59764,6,480.424282
1780969416.949592,0.000997063,63056,12,505.933928
1780969416.950629,0.001010286,70098,9,555.074504
1780969416.951604,0.000990088,55486,7,448.331865
1780969416.952593,0.001006819,65688,8,521.944858
1780969416.953620,0.001001846,68782,11,549.242099
1780969416.954626,0.000996789,58382,7,468.560548
1780969416.955604,0.001001590,64108,6,512.049841
1780969416.956578,0.000992072,59962,9,483.529421
1780969416.957579,0.001000763,65820,10,526.158541
1780969416.958606,0.001003791,65688,8,523.519338
1780969416.959598,0.000995137,61212,6,492.089029
1780969416.960602,0.001003958,63056,12,502.459266
1780969416.961591,0.001007682,68716,10,545.537183
1780969416.962607,0.000989035,53972,6,436.562912
1780969416.963606,0.001008470,64108,6,508.556526
1780969416.964609,0.001002602,67400,12,537.800643
1780969416.965606,0.000988072,62858,9,508.934572
1780969416.966605,0.001007139,67070,7,532.756650
1780969416.967595,0.000998443,68518,7,548.998791
1780969416.968629,0.001005310,52458,5,417.447355
1780969416.969567,0.000989120,57000,8,461.015852
1780969416.970641,0.001002387,74442,9,594.117841
1780969416.971607,0.001002896,52458,5,418.452163
1780969416.972602,0.001008815,64240,8,509.429380
1780969416.973614,0.000995747,73126,11,587.506666
1780969416.974599,0.000989962,62726,7,506.896224
1780969416.975607,0.001007962,59830,7,474.859171
1780969416.976583,0.000995400,70296,12,564.966847
1780969416.977592,0.001010398,62792,8,497.166463
1780969416.978666,0.000986950,62660,6,507.908202
1780969416.979634,0.001000315,55486,7,443.748219
1780969416.980645,0.001008984,71678,11,568.318229
1780969416.981637,0.000990017,68584,8,554.204625
1780969416.982610,0.001000537,61212,6,489.433174
1780969416.983587,0.000999867,55420,6,443.418975
1780969416.984580,0.000999823,63056,12,504.537303
1780969416.985579,0.000999928,73060,10,584.522086
1780969416.986658,0.001004843,58382,7,464.804950
1780969416.987602,0.001001475,59830,7,477.935046
1780969416.988598,0.000999548,59962,9,479.912921
1780969416.989602,0.000999103,68584,8,549.164601
1780969416.990607,0.001005603,62726,7,499.012036
1780969416.991611,0.000994391,71414,7,574.534564
1780969416.992598,0.000995647,55486,7,445.828692
1780969416.993573,0.000998851,70230,11,562.486297
1780969416.994688,0.001007331,64108,6,509.131557
1780969416.995646,0.000999144,59764,6,478.521615
1780969416.996644,0.000995047,56868,6,457.208554
1780969416.997614,0.001006775,70230,11,558.059149
1780969416.998621,0.001006423,65622,7,521.625599
1780969416.999646,0.000988976,65556,6,530.293961
1780969417.000636,0.000997222,55486,7,445.124556
1780969417.001659,0.001001084,70296,12,561.759053
1780969417.002699,0.001011373,62858,9,497.209239
1780969417.003679,0.000997725,62660,6,502.423012
1780969417.004580,0.000993924,62660,6,504.344397
1780969417.005594,0.001008099,58316,6,462.779945
1780969417.006646,0.000996615,71546,9,574.312046
1780969417.007570,0.000991746,64108,6,517.132411
1780969417.008585,0.001004221,58250,5,464.041282
1780969417.009589,0.000994684,70296,12,565.373526
1780969417.010609,0.001003931,56934,7,453.688550
1780969417.011601,0.001007958,68518,7,543.816310
1780969417.012604,0.000995397,55354,5,444.879782
1780969417.013628,0.000993782,63056,12,507.604283
1780969417.014602,0.001007827,74508,10,591.434840
1780969417.015596,0.000996203,62726,7,503.720627
1780969417.016591,0.000995103,62660,6,503.746848
1780969417.017599,0.000999863,61542,11,492.403459
1780969417.018729,0.001010180,61344,8,485.806490
1780969417.019638,0.001000648,65622,7,524.636036
1780969417.020628,0.000995860,59896,8,481.160002
1780969417.021600,0.000994249,65820,10,529.605763
1780969417.022598,0.001007060,64174,7,509.792862
1780969417.023623,0.001007883,61212,6,485.865919
1780969417.024613,0.000998011,65622,7,526.022258
1780969417.025586,0.000986962,65556,6,531.376081
1780969417.026575,0.001000017,40874,5,326.986441
1780969417.027621,0.001008999,78786,9,624.666625
1780969417.028601,0.000993171,61212,6,493.063128
1780969417.029646,0.001001437,64108,6,512.128072
1780969417.030646,0.001007331,71612,10,568.726665
1780969417.031659,0.000993966,65688,8,528.694140
1780969417.032618,0.001004426,56868,6,452.939291
1780969417.033589,0.001000209,57000,8,455.904716
1780969417.034612,0.000998269,71744,12,574.947234
1780969417.035595,0.000991601,70098,9,565.533919
1780969417.036579,0.001002001,64174,7,512.366754
1780969417.037583,0.000997826,58316,6,467.544442
1780969417.038704,0.000999918,68716,10,549.773081
1780969417.039629,0.001008741,62858,9,498.506554
1780969417.040615,0.001002771,55486,7,442.661385
1780969417.041627,0.000993260,62726,7,505.213137
1780969417.042612,0.000998412,67268,10,538.999932
1780969417.043683,0.001007763,16060,2,127.490293
1780969417.044573,0.000989601,74376,8,601.260508
1780969417.045600,0.001002995,94780,10,755.975852
1780969417.046755,0.001011601,64372,10,509.070276
1780969417.047601,0.000995824,70098,9,563.135654
1780969417.048654,0.000989548,58382,7,471.989231
1780969417.049634,0.001000000,55486,7,443.888000
1780969417.050802,0.001012937,73192,12,578.057668
1780969417.051633,0.000986920,62858,9,509.528635
1780969417.052677,0.000999608,62660,6,501.476579
1780969417.053638,0.001001557,59896,8,478.423095
1780969417.054681,0.000998937,70230,11,562.437871
1780969417.055615,0.001003258,65688,8,523.797468
1780969417.056684,0.001000927,61212,6,489.242472
1780969417.057593,0.000995661,61410,9,493.420954
1780969417.058632,0.001009155,58448,8,463.342103
1780969417.059605,0.000997063,72994,9,585.672119
1780969417.060607,0.001006498,59698,5,474.500694
1780969417.061670,0.000997437,38176,8,306.192772
1780969417.062644,0.000990472,65820,10,531.625326
1780969417.063644,0.001005496,29158,3,231.988989
1780969417.064657,0.000998000,107944,12,865.282565
1780969417.065681,0.001009455,52590,7,416.779351
1780969417.066630,0.000986757,71612,10,580.584683
1780969417.067672,0.001002164,64306,9,513.337138
1780969417.068617,0.001010250,59764,6,473.261074
1780969417.069582,0.000993395,65556,6,527.935011
1780969417.070709,0.001007799,54104,8,429.482466
1780969417.071605,0.000986296,70164,10,569.111098
1780969417.072609,0.001009749,64306,9,509.481069
1780969417.073601,0.000999363,53972,6,432.051217
1780969417.074616,0.001002510,68848,12,549.404993
1780969417.075582,0.000988401,52590,7,425.657198
1780969417.076581,0.000999890,73060,10,584.544300
1780969417.077571,0.001000708,55420,6,443.046323
1780969417.078668,0.001010209,29356,6,232.474666
1780969417.079620,0.000992140,64306,9,518.523595
1780969417.080586,0.000996582,87540,10,702.721903
1780969417.081604,0.001001632,67004,6,535.158621
1780969417.082609,0.001007673,61476,10,488.063092
1780969417.083627,0.000997485,72994,9,585.424342
1780969417.084584,0.000992834,56868,6,458.227659
1780969417.085637,0.001000456,71414,7,571.051600
1780969417.086632,0.001002679,53906,5,430.095773
1780969417.087689,0.001000719,64240,8,513.550757
1780969417.088733,0.000997871,67202,9,538.763026
1780969417.089673,0.001006174,64240,8,510.766527
1780969417.090610,0.001004263,65622,7,522.747527
1780969417.091658,0.000990772,62660,6,505.948896
1780969417.092641,0.001002635,58250,5,464.775317
1780969417.093615,0.001006927,62858,9,499.404624
1780969417.094691,0.000999567,67202,9,537.848889
1780969417.095632,0.000988467,53972,6,436.813773
1780969417.096773,0.001007059,62858,9,499.339165
1780969417.097661,0.000994753,67268,10,540.982535
1780969417.098683,0.001005077,71480,8,568.951434
1780969417.099617,0.000997735,53906,5,432.226994
1780969417.100607,0.000999113,61410,9,491.716152
1780969417.101617,0.000999585,128678,10,1029.851388
1780969417.102683,0.001008203,62726,7,497.725161
1780969417.103602,0.001000498,58250,5,465.768048
1780969417.104573,0.000987475,64372,10,521.507886
1780969417.105577,0.001014774,74574,11,587.906273
1780969417.106601,0.000992497,53972,6,435.040106
1780969417.107743,0.000995057,69966,7,562.508479
1780969417.108685,0.001005948,55552,8,441.788244
1780969417.109583,0.001000478,70098,9,560.516073
1780969417.110629,0.000992025,65622,7,529.196341
1780969417.111607,0.001007260,54038,7,429.188094
1780969417.112603,0.000992003,71678,11,578.046639
1780969417.113676,0.001000406,67070,7,536.342245
1780969417.114637,0.001011793,56802,5,449.119533
1780969417.115638,0.000998771,62990,11,504.540080
1780969417.116601,0.000995210,67202,9,540.203575
1780969417.117645,0.000994693,62726,7,504.485304
1780969417.118618,0.001002430,58250,5,464.870365
1780969417.119633,0.001006047,62990,11,500.891111
1780969417.120566,0.000998893,72994,9,584.599151
1780969417.121580,0.001007601,62726,7,498.022531
1780969417.122589,0.000984980,64174,7,521.220735
1780969417.123626,0.001012962,49694,7,392.464870
1780969417.124628,0.000996901,77668,14,623.275531
1780969417.125641,0.000990365,62858,9,507.756231
1780969417.126637,0.000999882,56868,6,454.997690
1780969417.127602,0.001001807,55420,6,442.560294
1780969417.128631,0.001010097,62726,7,496.791892
1780969417.129571,0.001000321,73060,10,584.292442
1780969417.130604,0.000988999,54038,7,437.112677
1780969417.131586,0.000998842,68452,6,548.250875
1780969417.132582,0.001003408,57000,8,454.451230
1780969417.133594,0.001007644,68782,11,546.081751
1780969417.134627,0.000995119,68584,8,551.363204
1780969417.135648,0.000996238,53906,5,432.876481
1780969417.136595,0.001003963,64372,10,512.943206
1780969417.137571,0.000993440,73060,10,588.339507
1780969417.138653,0.000999442,56934,7,455.726295
1780969417.139608,0.001003928,67070,7,534.460639
1780969417.140616,0.000995926,62660,6,503.330569
1780969417.141578,0.000999952,57000,8,456.021889
1780969417.142622,0.001000894,64306,9,513.988494
1780969417.143623,0.001006495,64240,8,510.603629
1780969417.144622,0.000999664,62726,7,501.976664
1780969417.145613,0.001008545,58382,7,463.098821
1780969417.146611,0.000989234,73060,10,590.840994
1780969417.147582,0.000995465,62726,7,504.094067
1780969417.148607,0.001000321,53906,5,431.109614
1780969417.149595,0.001000249,59764,6,477.992980
1780969417.150624,0.001000132,64504,12,515.963893
1780969417.151609,0.001000547,72994,9,583.632753
1780969417.152590,0.001009513,64240,8,509.077149
1780969417.153607,0.001003218,57132,10,455.589912
1780969417.154608,0.000985976,68848,12,558.618060
1780969417.155583,0.001001509,62726,7,501.051913
1780969417.156603,0.000999812,59764,6,478.201902
1780969417.157635,0.001006211,45350,7,360.560558
1780969417.158627,0.001005884,81748,10,650.158468
1780969417.159611,0.000988323,61344,8,496.550217
1780969417.160643,0.001012145,67136,8,530.643337
1780969417.161603,0.000989763,61410,9,496.361250
1780969417.162669,0.001000314,67136,8,536.919407
1780969417.163626,0.000996325,65622,7,526.912403
1780969417.164705,0.001012384,51010,5,403.088156
1780969417.165597,0.000998235,61344,8,491.619709
1780969417.166653,0.001000695,73060,10,584.074069
1780969417.167586,0.000992412,64174,7,517.317404
1780969417.168582,0.000996077,61212,6,491.624643
1780969417.169651,0.001004421,58382,7,465.000234
1780969417.170596,0.001011040,73126,11,578.620035
1780969417.171592,0.000985195,61278,7,497.590832
1780969417.172608,0.001000839,55354,5,442.460775
1780969417.173614,0.001010266,57000,8,451.366274
1780969417.174627,0.000998502,77536,12,621.218585
1780969417.175613,0.000999667,67136,8,537.266910
1780969417.176633,0.000999001,62726,7,502.309807
1780969417.177600,0.000998106,54038,7,433.124337
1780969417.178612,0.000992922,67268,10,541.980135
1780969417.179664,0.001004965,67070,7,533.909141
1780969417.180640,0.000999812,56868,6,455.029546
1780969417.181598,0.000995125,67070,7,539.188544
1780969417.182678,0.001005347,63056,12,501.765062
1780969417.183654,0.000995526,61344,8,492.957492
1780969417.184597,0.001009444,72862,7,577.442632
1780969417.185574,0.000995172,65622,7,527.522880
1780969417.186628,0.000994920,39492,6,317.549150
1780969417.187614,0.001014787,71744,12,565.588641
1780969417.188582,0.000988268,61344,8,496.577851
1780969417.189608,0.001005524,72928,8,580.218871
1780969417.190606,0.000995667,51010,5,409.855906
1780969417.191588,0.000996039,59896,8,481.073532
1780969417.192605,0.001000820,73060,10,584.001119
1780969417.193565,0.000998420,64174,7,514.204443
1780969417.194605,0.001003968,61212,6,487.760566
1780969417.195595,0.000996867,45152,4,362.351246
1780969417.196679,0.001008484,87474,9,693.904911
1780969417.197620,0.000995251,76022,11,611.078009
1780969417.198611,0.000998575,53906,5,431.863405
1780969417.199601,0.000997609,61212,6,490.869669
1780969417.200621,0.001009159,71744,12,568.742884
1780969417.201587,0.000991522,64240,8,518.314268
1780969417.206488,0.001010160,58316,6,461.835749
1780969417.206566,0.001002450,56868,6,453.832111
1780969417.206588,0.000998630,65622,7,525.696204
1780969417.206603,0.000987723,74508,10,603.472836
1780969417.208054,0.000999973,56868,6,454.956284
1780969417.208090,0.001007702,68650,9,545.002392
1780969417.208655,0.001007176,71612,10,568.814189
1780969417.209605,0.000997345,49562,5,397.551499
1780969417.210600,0.000999507,68452,6,547.886108
1780969417.211590,0.001001235,60028,10,479.631655
1780969417.212572,0.000994861,65754,9,528.749242
1780969417.213567,0.001001833,62660,6,500.362835
1780969417.214669,0.000990701,69966,7,564.981765
1780969417.215806,0.001005050,62660,6,498.761256
1780969417.216737,0.001011966,58316,6,461.011536
1780969417.217727,0.000990795,67268,10,543.143637
1780969417.220024,0.000992205,64240,8,517.957479
1780969417.220243,0.001000961,55354,5,442.406847
1780969417.220601,0.000999567,56868,6,455.141076
1780969417.221580,0.001005723,70164,10,558.117891
1780969417.222696,0.000994070,64240,8,516.985725
1780969417.223614,0.001008817,53906,5,427.478918
1780969417.224636,0.000997220,61212,6,491.061150
1780969417.225611,0.001003654,76154,13,607.013971
1780969417.226658,0.000990041,58382,7,471.754200
1780969417.227668,0.001004790,61212,6,487.361538
1780969417.228586,0.000998170,69966,7,560.754180
1780969417.229617,0.001003962,51010,5,406.469568
1780969417.230613,0.000996249,74508,10,598.308254
1780969417.231584,0.001001398,53972,6,431.173220
1780969417.232608,0.000998645,69966,7,560.487461
1780969417.233587,0.000997019,58316,6,467.922878
1780969417.234612,0.001006325,62660,6,498.129332
1780969417.235600,0.000992730,55486,7,447.138698
1780969417.236600,0.001004642,74508,10,593.309856
1780969417.237579,0.000995753,61212,6,491.784609
1780969417.238692,0.001001425,65622,7,524.228974
1780969417.239661,0.001003100,61212,6,488.182634
1780969417.240646,0.001007213,49628,6,394.180774
1780969417.241653,0.000987891,64306,9,520.753808
1780969417.242600,0.001006402,67070,7,533.146794
1780969417.243642,0.000997222,65556,6,525.908975
1780969417.244688,0.001008309,51142,7,405.764503
1780969417.245620,0.000996545,71744,12,575.941879
1780969417.246651,0.000995498,65622,7,527.350130
1780969417.247599,0.000996247,61212,6,491.540752
1780969417.248604,0.001007855,53906,5,427.886948
1780969417.249701,0.001003211,58580,10,467.140013
1780969417.250604,0.000993591,74508,10,599.908816
1780969417.251662,0.001008433,58316,6,462.626669
1780969417.252652,0.000987447,71480,8,579.109562
1780969417.253717,0.001015595,59830,7,471.290229
1780969417.254621,0.000988352,59962,9,485.349349
1780969417.255589,0.000998991,61212,6,490.190602
1780969417.256565,0.000998275,70098,9,561.753024
1780969417.257613,0.001001109,65886,11,526.504107
1780969417.258633,0.001002692,61344,8,489.434442
1780969417.259594,0.001002459,67070,7,535.243835
1780969417.260643,0.001001614,59764,6,477.341571
1780969417.261605,0.000993423,65820,10,530.046113
1780969417.262602,0.001008769,65622,7,520.412503
1780969417.263583,0.000988867,55354,5,447.817553
1780969417.264579,0.001005994,64306,9,511.382772
1780969417.265592,0.000999543,65886,11,527.328989
1780969417.266635,0.000999511,70098,9,561.058358
1780969417.267652,0.000996707,62726,7,503.465913
1780969417.268589,0.001006454,60028,10,477.144509
1780969417.269560,0.000990636,65754,9,531.004324
1780969417.270610,0.001010813,62726,7,496.439994
1780969417.271585,0.001002050,65556,6,523.375081
1780969417.272604,0.000987240,59962,9,485.896033
1780969417.273605,0.001013526,67202,9,530.441252
1780969417.274643,0.000988520,62726,7,507.635657
1780969417.275613,0.001008029,65754,9,521.842130
1780969417.276599,0.000997839,67334,11,539.838591
1780969417.277569,0.001002828,62726,7,500.392889
1780969417.278602,0.000989799,59764,6,483.039486
1780969417.279604,0.001006097,62660,6,498.242217
1780969417.280596,0.000994268,68782,11,553.428251
1780969417.281600,0.000999734,56868,6,455.065047
1780969417.282599,0.001004339,68518,7,545.775878
1780969417.283610,0.001000008,52656,8,421.244630
1780969417.284618,0.001008471,64438,11,511.173846
1780969417.285568,0.000987106,64240,8,520.633042
1780969417.286669,0.001010986,67070,7,530.729407
1780969417.287670,0.000991927,54104,8,436.354691
1780969417.288616,0.000998058,65886,11,528.113597
1780969417.289649,0.001009347,72994,9,578.544346
1780969417.290628,0.000989392,58382,7,472.063651
1780969417.291595,0.000999849,55552,8,444.483117
1780969417.292597,0.001004493,71612,10,570.333492
1780969417.293600,0.001003564,74442,9,593.421047
1780969417.294627,0.000997134,42256,4,339.019630
1780969417.295667,0.001008853,75692,6,600.222233
1780969417.296568,0.000985978,70164,10,569.294650
1780969417.298688,0.002011290,118146,13,469.931238
1780969417.299615,0.000996033,68518,7,550.327148
1780969417.300664,0.000994372,70164,10,564.488944
1780969417.301652,0.001003372,59830,7,477.031450
1780969417.302643,0.000995297,61212,6,492.009923
1780969417.303728,0.001006628,65622,7,521.519370
1780969417.304681,0.001006805,54038,7,429.382055
1780969417.305655,0.000987412,68716,10,556.736195
1780969417.306634,0.001009695,71480,8,566.349244
1780969417.307693,0.000998143,52458,5,420.444766
1780969417.308625,0.000990656,71678,11,578.832612
1780969417.309649,0.001000624,64240,8,513.599514
1780969417.310619,0.001009053,61278,7,485.825819
1780969417.311718,0.000992415,62660,6,505.111269
1780969417.312639,0.001004008,57198,11,455.757325
1780969417.313607,0.001007070,73126,11,580.901030
1780969417.314703,0.000987861,59830,7,484.521608
1780969417.315691,0.001000871,64174,7,512.945225
1780969417.316623,0.000999404,59830,7,478.925440
1780969417.317621,0.001001481,67268,10,537.348187
1780969417.318604,0.001001647,56868,6,454.195939
1780969417.319606,0.000997972,69966,7,560.865435
1780969417.320594,0.000997295,56868,6,456.177961
1780969417.321562,0.001000602,62792,8,502.033776
1780969417.322635,0.001015584,65754,9,517.960110
1780969417.323598,0.000998331,53972,6,432.497839
1780969417.324621,0.001000142,59698,5,477.516193
1780969417.325629,0.000994733,64504,12,518.764332
1780969417.326612,0.001002962,61344,8,489.302685
1780969417.327593,0.000988215,72862,7,589.847351
1780969417.328660,0.001003050,55552,8,443.064653
1780969417.329570,0.000996900,71744,12,575.736784
1780969417.330597,0.001013113,59830,7,472.444831
1780969417.331598,0.000986994,58316,6,472.675619
1780969417.332600,0.000999763,71480,8,571.975558
1780969417.333574,0.001007511,56802,5,451.028326
1780969417.334620,0.001002372,62858,9,501.674029
1780969417.335613,0.001001287,65688,8,524.828546
1780969417.336592,0.000999434,56868,6,455.201644
1780969417.337572,0.001001192,65556,6,523.823602
1780969417.338616,0.000997050,57132,10,458.408304
1780969417.339591,0.001006300,68716,10,546.286396
1780969417.340607,0.000989378,59830,7,483.778697
1780969417.341560,0.000995980,69900,6,561.457057
1780969417.342657,0.001002083,55750,11,445.072913
1780969417.343606,0.000998234,73060,10,585.514018
1780969417.344672,0.001005714,67070,7,533.511515
1780969417.345646,0.000996494,42256,4,339.237366
1780969417.346634,0.000998467,77140,6,618.067497
1780969417.347701,0.001010985,58382,7,461.981137
1780969417.348620,0.000995797,65688,8,527.722016
1780969417.349646,0.001000762,64174,7,513.001093
1780969417.350612,0.000999770,62726,7,501.923442
1780969417.351632,0.001005811,62594,5,497.858942
1780969417.352713,0.001000583,62726,7,501.515616
1780969417.353651,0.000989881,65754,9,531.409331
1780969417.354738,0.000997145,61344,8,492.157109
1780969417.355617,0.001006899,62792,8,498.894129
1780969417.356593,0.000992340,68716,10,553.971421
1780969417.357582,0.000998982,70098,9,561.355460
1780969417.358640,0.001011898,59830,7,473.012102
1780969417.359590,0.000991404,62990,11,508.289254
1780969417.360592,0.001008563,68650,9,544.537129
1780969417.361600,0.000988214,56868,6,460.369920
1780969417.362637,0.001000766,68518,7,547.724443
1780969417.363620,0.000999956,49628,6,397.041470
1780969417.364579,0.001007356,74654,11,592.870842
1780969417.365566,0.000991781,59764,6,482.074168
1780969417.366630,0.001000315,62660,6,501.122147
1780969417.367623,0.001003757,58448,8,465.833862
1780969417.368602,0.000996012,70296,12,564.619703
1780969417.369570,0.000999828,57066,9,456.606536
1780969417.370651,0.001004731,67070,7,534.033488
1780969417.371601,0.001000719,51076,6,408.314422
1780969417.372583,0.001005115,54170,9,431.154644
1780969417.373582,0.000989450,84710,11,684.905756
1780969417.374604,0.001000144,62660,6,501.207826
1780969417.375604,0.001005109,69966,7,556.882885
1780969417.376592,0.001001281,51142,7,408.612567
1780969417.377586,0.000995355,62792,8,504.680240
1780969417.378787,0.001006668,56868,6,451.930527
1780969417.379623,0.000992044,68518,7,552.540008
1780969417.380596,0.001009402,62660,6,496.610865
1780969417.381585,0.000994480,67256,10,541.034510
1780969417.382645,0.000996374,67202,9,539.572490
1780969417.383619,0.001009968,64108,6,507.802227
1780969417.384625,0.000998682,57302,11,459.020990
1780969417.385577,0.000990840,71546,9,577.659360
1780969417.386614,0.001007079,59764,6,474.751236
1780969417.387601,0.000993692,52656,8,423.922101
1780969417.388581,0.000999004,68848,12,551.333128
1780969417.389587,0.001009726,71546,9,566.854771
1780969417.390640,0.000997150,55420,6,444.627187
1780969417.391645,0.001007475,65820,10,522.653168
1780969417.392592,0.000991625,68716,10,554.370856
1780969417.393567,0.000995236,64174,7,515.849507
1780969417.394621,0.001011955,61212,6,483.910846
1780969417.395609,0.000994732,56802,5,456.822541
1780969417.396569,0.000998577,70164,10,562.111885
1780969417.397655,0.000994755,65754,9,528.805585
1780969417.398709,0.001000448,62726,7,501.583291
1780969417.399642,0.001003865,53972,6,430.113611
1780969417.400622,0.000998501,62660,6,502.032547
1780969417.401647,0.001007313,67202,9,533.712957
1780969417.402625,0.000999950,55552,8,444.438222
1780969417.403668,0.001000350,65688,8,525.320138
1780969417.404640,0.000994638,61278,7,492.866752
1780969417.405607,0.001008507,58448,8,463.639816
1780969417.406605,0.000986375,67202,9,545.042200
1780969417.407598,0.001012415,59830,7,472.770554
1780969417.408608,0.000996791,68518,7,549.908657
1780969417.409588,0.000991917,56868,6,458.651278
1780969417.410617,0.000997293,55486,7,445.092866
1780969417.411611,0.001001945,61410,9,490.326315
1780969417.412594,0.000998625,71480,8,572.627363
1780969417.413583,0.001000002,55420,6,443.359113
1780969417.414601,0.000999702,64240,8,514.073194
1780969417.415605,0.001001327,68716,10,548.999478
1780969417.416595,0.000998031,54038,7,433.156886
1780969417.417564,0.001002085,67070,7,535.443600
1780969417.418607,0.000998592,62660,6,501.986797
1780969417.419625,0.001001646,62660,6,500.456249
1780969417.420659,0.001003948,62858,9,500.886500
1780969417.421571,0.000994580,62792,8,505.073498
1780969417.422610,0.001007988,65622,7,520.815724
1780969417.423605,0.000998521,62660,6,502.022491
1780969417.424580,0.000996457,53972,6,433.311222
1780969417.425605,0.001004740,76022,11,605.306846
1780969417.426685,0.001000003,62792,8,502.334493
1780969417.427638,0.000992179,62726,7,505.763577
1780969417.428621,0.001011220,55486,7,438.962837
1780969417.429605,0.000998610,76022,11,609.022541
1780969417.430577,0.000994072,56934,7,458.188139
1780969417.431657,0.000995908,62726,7,503.869835
1780969417.432652,0.001013769,54104,8,426.953280
1780969417.433627,0.000997842,71678,11,574.664125
1780969417.434611,0.000988483,62858,9,508.722962
1780969417.435594,0.000999833,55486,7,443.962142
1780969417.436594,0.001006782,65622,7,521.439597
1780969417.437588,0.001005589,64108,6,510.013534
1780969417.438592,0.000988325,55606,9,450.102952
1780969417.439626,0.001008217,71612,10,568.226880
1780969417.440608,0.000998712,67136,8,537.780661
1780969417.441580,0.000992840,56868,6,458.224890
1780969417.442599,0.001000178,67268,10,538.048227
1780969417.443597,0.000999338,67202,9,537.972138
1780969417.444604,0.001010515,62792,8,497.108900
1780969417.445611,0.000991349,51076,6,412.173715
1780969417.446734,0.000999570,68848,12,551.020939
1780969417.447662,0.001005708,64372,10,512.053200
1780969417.448616,0.000992691,64240,8,517.703898
1780969417.449581,0.001000066,65622,7,524.941354
1780969417.450655,0.001000673,58580,10,468.324817
1780969417.451613,0.001005248,55552,8,442.095881
1780969417.452587,0.000995492,74442,9,598.232834
1780969417.453614,0.000998559,52788,10,422.913418
1780969417.454597,0.001012159,65886,11,520.756126
1780969417.455566,0.000988043,59896,8,484.966747
1780969417.456602,0.001006822,62726,7,498.407862
1780969417.457623,0.000993958,59962,9,482.611941
1780969417.458600,0.001010840,70296,12,556.337304
1780969417.459620,0.000992505,62792,8,506.129440
1780969417.460670,0.001010542,56934,7,450.720504
1780969417.462057,0.000986509,55552,8,450.493609
1780969417.462621,0.001000283,68716,10,549.572471
1780969417.463593,0.000999686,67202,9,537.784864
1780969417.464634,0.001003801,65688,8,523.514123
1780969417.465639,0.000996033,52458,5,421.335438
1780969417.466677,0.001000192,62858,9,502.767469
1780969417.467665,0.001009328,55552,8,440.308800
1780969417.468707,0.001000312,67136,8,536.920481
1780969417.469749,0.000994817,65622,7,527.711127
1780969417.470614,0.001003468,62660,6,499.547569
1780969417.471586,0.001002154,59896,8,478.138091
1780969417.472594,0.001000986,64240,8,513.413774
1780969417.473632,0.000988948,65622,7,530.842875
1780969417.474603,0.001004270,62660,6,499.148635
1780969417.475654,0.000994774,52458,5,421.868686
1780969417.476595,0.000999805,68584,8,548.779012
1780969417.477608,0.001007680,67136,8,532.994601
1780969417.478638,0.001002395,65688,8,524.248425
1780969417.479686,0.000990474,53906,5,435.395578
1780969417.480601,0.001013460,55486,7,437.992619
1780969417.481588,0.000992655,74574,11,601.006392
1780969417.482599,0.001002990,65754,9,524.463853
1780969417.483679,0.000990405,54038,7,436.492142
1780969417.484601,0.001002643,64174,7,512.038682
1780969417.485662,0.000997738,67268,10,539.364041
1780969417.486680,0.001001255,57000,8,455.428437
1780969417.487640,0.000998993,59830,7,479.122476
1780969417.488604,0.001005158,67070,7,533.806625
1780969417.489626,0.000997586,58316,6,467.656924
1780969417.490607,0.001000186,67334,11,538.571826
1780969417.491710,0.000996087,59896,8,481.050350
1780969417.492577,0.001002457,67070,7,535.244903
1780969417.493631,0.001001581,62660,6,500.488727
1780969417.494707,0.000997190,55420,6,444.609352
1780969417.495689,0.001007510,67268,10,534.132664
1780969417.496619,0.000996641,51142,7,410.514920
1780969417.497653,0.001003183,72928,8,581.572854
1780969417.498579,0.000991970,64108,6,517.015636
1780969417.499586,0.001000036,51010,5,408.065310
1780969417.500663,0.001001285,77272,8,617.382663
1780969417.501642,0.001002144,78984,12,630.520165
1780969417.502663,0.000996690,55486,7,445.362149
1780969417.503634,0.001006773,59764,6,474.895533
1780969417.504607,0.000992754,74376,8,599.350897
1780969417.505612,0.000999863,52458,5,419.721502
1780969417.506616,0.001001025,62858,9,502.349092
1780969417.507609,0.000999835,62792,8,502.418899
1780969417.508568,0.001003800,65754,9,524.040646
1780969417.509558,0.000995778,68848,12,553.119270
1780969417.510609,0.000999948,67202,9,537.643957
1780969417.511604,0.001005151,58382,7,464.662523
1780969417.512584,0.000995446,59764,6,480.299283
1780969417.513611,0.001007887,64438,11,511.470036
1780969417.514611,0.000992668,61410,9,494.908670
1780969417.515630,0.001010063,61278,7,485.340023
1780969417.516589,0.000993385,70032,8,563.986773
1780969417.517561,0.000994910,57132,10,459.394317
1780969417.518806,0.001002657,67268,10,536.717940
1780969417.519723,0.000998989,67136,8,537.631545
1780969417.520648,0.001000986,62726,7,501.313705
1780969417.521603,0.000998618,42256,4,338.515829
1780969417.522607,0.001012312,78852,10,623.143853
1780969417.523630,0.000998601,77404,10,620.099519
1780969417.524632,0.000989804,55486,7,448.460503
1780969417.525634,0.001004665,62726,7,499.477935
1780969417.526585,0.000993660,71414,7,574.957229
1780969417.527606,0.001008120,54104,8,429.345713
1780969417.528560,0.000992003,62858,9,506.917822
1780969417.529601,0.001000618,58382,7,466.767538
1780969417.530632,0.001010333,65622,7,519.606902
1780969417.531643,0.000989241,62660,6,506.731929
1780969417.532594,0.000999614,53972,6,431.942730
1780969417.533581,0.001007926,70164,10,556.898026
1780969417.534647,0.000996205,61344,8,492.621499
1780969417.535656,0.000995738,62726,7,503.955860
1780969417.536630,0.001007213,54170,9,430.256559
1780969417.537670,0.001000547,73192,12,585.215887
1780969417.538713,0.001006715,52590,7,417.913709
1780969417.539637,0.000998037,67136,8,538.144377
1780969417.540765,0.000994658,62726,7,504.503055
1780969417.541697,0.001005469,58316,6,463.990436
1780969417.542617,0.000989761,55354,5,447.413062
1780969417.543586,0.000998332,68584,8,549.588714
1780969417.544621,0.001001481,74376,8,594.128096
1780969417.545613,0.001000619,55354,5,442.558057
1780969417.546603,0.001001436,61146,5,488.466562
1780969417.547627,0.001001364,55420,6,442.756081
1780969417.548562,0.000994731,64306,9,517.172984
1780969417.549589,0.001000149,70032,8,560.172534
1780969417.550575,0.001000521,62726,7,501.546694
1780969417.551585,0.000999145,62660,6,501.708961
1780969417.552581,0.001011761,55486,7,438.728119
1780969417.553581,0.000996301,70164,10,563.396002
1780969417.554637,0.000999869,62660,6,501.345676
1780969417.555611,0.000997813,58250,5,467.021376
1780969417.556579,0.001004284,68782,11,547.908759
1780969417.557578,0.000999624,59830,7,478.820036
1780969417.558615,0.000994244,68518,7,551.317383
1780969417.559604,0.000997398,52656,8,422.346947
1780969417.560621,0.001003160,73126,11,583.165198
1780969417.561621,0.001007008,55486,7,440.798881
1780969417.562618,0.000988759,67070,7,542.660042
1780969417.563598,0.001012382,61278,7,484.228285
1780969417.564642,0.000988050,58448,8,473.239209
1780969417.565596,0.001007887,65622,7,520.867915
1780969417.566605,0.000995842,64174,7,515.535597
1780969417.567664,0.001005510,54170,9,430.985271
1780969417.568626,0.001001133,65754,9,525.436680
1780969417.569594,0.000997542,62726,7,503.044483
1780969417.570620,0.001002443,64108,6,511.614127
1780969417.571609,0.001002917,58316,6,465.171096
1780969417.572588,0.000995472,55552,8,446.437469
1780969417.573579,0.000991458,62792,8,506.663923
1780969417.574598,0.000999578,62660,6,501.491629
1780969417.575605,0.001004270,58448,8,465.595905
1780969417.576658,0.000996121,77404,10,621.643355
1780969417.577605,0.001011070,55486,7,439.027960
1780969417.578681,0.000995972,67070,7,538.730004
1780969417.579609,0.000992278,61344,8,494.571078
1780969417.580690,0.001010932,64240,8,508.362580
1780969417.581564,0.000989532,62660,6,506.582910
1780969417.582592,0.000999952,64240,8,513.944669
1780969417.583603,0.001010630,73192,12,579.377220
1780969417.584598,0.000989399,59830,7,483.768429
1780969417.585591,0.001000333,56868,6,454.792554
1780969417.586620,0.001000654,68518,7,547.785748
1780969417.587620,0.001010956,59764,6,472.930573
1780969417.588630,0.000997704,67268,10,539.382422
1780969417.589602,0.000998368,65622,7,525.834161
1780969417.590631,0.000998542,58316,6,467.209191
1780969417.591631,0.001003626,67268,10,536.199740
1780969417.592598,0.000995002,68584,8,551.428037
1780969417.593631,0.001000626,64108,6,512.543148
1780969417.595068,0.000994157,53972,6,434.313695
1780969417.595631,0.001013268,55618,9,439.117785
1780969417.596601,0.000987587,76154,13,616.889449
1780969417.597576,0.000998822,56868,6,455.480556
1780969417.598683,0.001000255,71414,7,571.166353
1780969417.599604,0.001005525,68518,7,545.132145
1780969417.600623,0.000996487,51208,8,411.108223
1780969417.601654,0.000998483,65688,8,526.302401
1780969417.602605,0.001009062,62660,6,496.778196
1780969417.603617,0.000993463,69966,7,563.411018
1780969417.604600,0.000997536,52590,7,421.759215
1780969417.605613,0.001000125,70098,9,560.713911
1780969417.606601,0.001001943,61278,7,489.273342
1780969417.607628,0.001009672,64306,9,509.519923
1780969417.608669,0.000999843,70230,11,561.928223
1780969417.609638,0.000988473,64174,7,519.378880
1780969417.610641,0.000999530,56868,6,455.157924
1780969417.611632,0.000999627,58448,8,467.758474
1780969417.612627,0.001005097,68848,12,547.990890
1780969417.613683,0.001000991,62792,8,501.838678
1780969417.614733,0.001003199,56934,7,454.019591
1780969417.615669,0.000997395,65556,6,525.817755
1780969417.616766,0.001002400,57132,10,455.961692
1780969417.617651,0.000999588,76088,12,608.954889
1780969417.618632,0.000994673,67136,8,539.964390
1780969417.619595,0.001006712,49562,5,393.852462
1780969417.620577,0.001001790,62858,9,501.965482
1780969417.621564,0.000993680,74574,11,600.386442
1780969417.622609,0.001009783,55420,6,439.064631
1780969417.623606,0.000991529,62660,6,505.562621
1780969417.624672,0.000997057,62660,6,502.759622
1780969417.625587,0.000995864,59896,8,481.158070
1780969417.626616,0.001010292,67202,9,532.139223
1780969417.627771,0.000990047,59764,6,482.918488
1780969417.628593,0.001000017,68518,7,548.134682
1780969417.629566,0.001005814,61344,8,487.915261
1780969417.630649,0.000996225,64240,8,515.867399
1780969417.631622,0.000999579,72862,7,583.141503
1780969417.632607,0.001006012,54104,8,430.245365
1780969417.633583,0.000994857,71744,12,576.919095
1780969417.634580,0.000999816,61344,8,490.842315
1780969417.635663,0.001004687,58382,7,464.877121
1780969417.636630,0.000999440,62858,9,503.145762
1780969417.637627,0.001006288,74508,10,592.339370
1780969417.638586,0.000987468,51076,6,413.793662
1780969417.639663,0.001005648,61212,6,486.945731
1780969417.640600,0.001000768,71612,10,572.456354
1780969417.641586,0.001000960,68650,9,548.673274
1780969417.642602,0.000994025,64174,7,516.477956
1780969417.643605,0.000999051,54038,7,432.714646
1780969417.644597,0.001001773,70230,11,560.845621
1780969417.645610,0.001001028,70098,9,560.208106
1780969417.646606,0.001007598,58382,7,463.534068
1780969417.647594,0.000993902,54236,10,436.550082
1780969417.648609,0.000994887,71612,10,575.840271
1780969417.649618,0.001000050,62792,8,502.310884
1780969417.650609,0.001008079,62726,7,497.786384
1780969417.651606,0.000994836,59698,5,480.063046
1780969417.652599,0.000997112,67268,10,539.702661
1780969417.653596,0.001000155,64240,8,513.840355
1780969417.654612,0.000999919,59830,7,478.678773
1780969417.655619,0.001010667,65622,7,519.435185
1780969417.656583,0.000997057,65556,6,525.996006
1780969417.657598,0.001002182,59896,8,478.124732
1780969417.658640,0.001000401,61344,8,490.555287
1780969417.659688,0.000990518,61278,7,494.916801
1780969417.660614,0.001011524,65622,7,518.995100
1780969417.661584,0.000991260,55354,5,446.736477
1780969417.662606,0.001004151,65556,6,522.280016
1780969417.663597,0.000991792,67268,10,542.597641
1780969417.664666,0.001009058,64306,9,509.829960
1780969417.665626,0.000994657,53972,6,434.095372
1780969417.666609,0.001009951,62660,6,496.340912
1780969417.667659,0.000987767,74310,7,601.842337
1780969417.668671,0.001009320,52590,7,416.835097
1780969417.669704,0.000990725,71546,9,577.726412
1780969417.670591,0.001003076,53972,6,430.451930
1780969417.671609,0.001000433,65622,7,524.748784
1780969417.672587,0.000994980,63056,12,506.993105
1780969417.674715,0.002005541,135852,18,541.906648
1780969417.675685,0.000994533,58382,7,469.623431
1780969417.676587,0.001000762,52656,8,420.927253
1780969417.677593,0.001007839,65754,9,521.940508
1780969417.678595,0.000991778,61278,7,494.288036
1780969417.679627,0.001000115,59764,6,478.057023
1780969417.680577,0.001012274,67136,8,530.575714
1780969417.681642,0.000998939,70098,9,561.379624
1780969417.682618,0.000990141,59830,7,483.405899
1780969417.683666,0.000999438,51010,5,408.309470
1780969417.684692,0.001010961,65820,10,520.850953
1780969417.685691,0.000988298,71612,10,579.679408
1780969417.686601,0.000999883,51076,6,408.655813
1780969417.687667,0.001006479,71414,7,567.634297
1780969417.688665,0.001003331,62858,9,501.194521
1780969417.689650,0.000996434,60028,10,481.942607
1780969417.690632,0.000998894,72994,9,584.598566
1780969417.691617,0.000996298,59830,7,480.418509
1780969417.692656,0.000998420,59962,9,480.455119
1780969417.693681,0.001010141,74574,11,590.602698
1780969417.694622,0.000993851,55420,6,446.103088
1780969417.695588,0.000995775,53906,5,433.077754
1780969417.696642,0.001001959,65556,6,523.422615
1780969417.697647,0.001009390,62858,9,498.186033
1780969417.698668,0.001003335,59830,7,477.049041
1780969417.699695,0.000996424,65622,7,526.860052
1780969417.700596,0.000998981,59764,6,478.599693
1780969417.701621,0.001004114,68782,11,548.001522
1780969417.702624,0.000988008,61344,8,496.708529
1780969417.703605,0.000998067,62726,7,502.779873
1780969417.704686,0.001011998,65556,6,518.230273
1780969417.705665,0.000993542,54038,7,435.113966
1780969417.706649,0.001005563,71546,9,569.201532
1780969417.707594,0.000993000,62660,6,504.813696
1780969417.708661,0.000996447,55354,5,444.410992
1780969417.709598,0.001001508,74442,9,594.639284
1780969417.710603,0.001006473,61344,8,487.595792
1780969417.711565,0.000991382,64240,8,518.387463
1780969417.712618,0.001011588,64108,6,506.989011
1780969417.713584,0.000988205,64504,12,522.191246
1780969417.714629,0.001014075,61410,9,484.461208
1780969417.715670,0.000993659,71546,9,576.020546
1780969417.716637,0.000994024,52458,5,422.186989
1780969417.717621,0.000999723,71414,7,571.470297
1780969417.718660,0.001001476,55618,9,444.288231
1780969417.719620,0.000999448,65622,7,525.265947
1780969417.720583,0.001001402,64108,6,512.145971
1780969417.721605,0.001000217,64438,11,515.392160
1780969417.722628,0.001006233,62858,9,499.749064
1780969417.723597,0.000991055,62726,7,506.337186
1780969417.724632,0.001012438,71414,7,564.293320
1780969417.725580,0.000997488,57000,8,457.148357
1780969417.726623,0.000997294,58448,8,468.852715
1780969417.727681,0.001003579,72862,7,580.817255
1780969417.728637,0.000990276,56868,6,459.411316
1780969417.729579,0.001010897,68518,7,542.235262
1780969417.730603,0.000986880,52524,6,425.778210
1780969417.731598,0.001000045,70164,10,561.286742
1780969417.732604,0.001007564,57000,8,452.576710
1780969417.733593,0.001004672,65754,9,523.585807
1780969417.734593,0.000988027,65886,11,533.475300
1780969417.735613,0.001003888,67136,8,535.007889
1780969417.736598,0.000996094,56868,6,456.727979
1780969417.737611,0.001005290,62660,6,498.642183
1780969417.738630,0.001003126,64240,8,512.318492
1780969417.739618,0.000998402,70098,9,561.681567
1780969417.740769,0.001004179,64174,7,511.255463
1780969417.741650,0.001001162,57066,9,455.998130
1780969417.742609,0.000987454,68650,9,556.177807
1780969417.743663,0.001005536,62726,7,499.045285
1780969417.744617,0.000997519,62726,7,503.056082
1780969417.745630,0.001004254,59698,5,475.560964
1780969417.746618,0.001005148,58382,7,464.663910
1780969417.747603,0.000996025,74508,10,598.442810
1780969417.748589,0.001002559,64174,7,512.081583
1780969417.749603,0.000989042,61212,6,495.121542
1780969417.750644,0.001000748,60094,11,480.392666
1780969417.751600,0.000999247,64306,9,514.835671
1780969417.752585,0.001013363,64174,7,506.622010
1780969417.753601,0.000987272,59896,8,485.345477
1780969417.754576,0.000999500,73126,11,585.300650
1780969417.755625,0.001006645,67136,8,533.542609
1780969417.756677,0.000993785,48114,5,387.319189
1780969417.757678,0.000999255,61344,8,491.117883
1780969417.758625,0.001012692,67268,10,531.399478
1780969417.759660,0.000987395,65688,8,532.212539
1780969417.760591,0.001008136,58250,5,462.239222
1780969417.761595,0.001004614,57132,10,454.956829
1780969417.762714,0.000988247,71546,9,579.175044
1780969417.763594,0.001009913,70032,8,554.756697
1780969417.764602,0.001002332,51010,5,407.130572
1780969417.765594,0.000998198,59962,9,480.561973
1780969417.766697,0.000998331,73126,11,585.986011
1780969417.767691,0.000991219,64174,7,517.940031
1780969417.768683,0.001000363,64174,7,513.205706
1780969417.769658,0.001000160,46732,6,373.796193
1780969417.770612,0.001001832,70230,11,560.812591
1780969417.771637,0.000998314,65622,7,525.862604
1780969417.772608,0.001008792,61212,6,485.428116
1780969417.773727,0.000998479,68452,6,548.450193
1780969417.774630,0.000995403,58514,9,470.273849
1780969417.775628,0.001005555,65688,8,522.600952
1780969417.776647,0.001003600,58316,6,464.854524
1780969417.777615,0.001000228,59764,6,478.003015
1780969417.778642,0.000988369,55684,10,450.714258
1780969417.779615,0.001004451,83196,10,662.618684
1780969417.780594,0.000995638,55354,5,444.772096
1780969417.781603,0.000998536,62858,9,503.601272
1780969417.782628,0.000999757,71546,9,572.507119
1780969417.783622,0.001007980,62726,7,497.835275
1780969417.784594,0.001001323,56868,6,454.342904
1780969417.785614,0.000991610,73192,12,590.490213
1780969417.786711,0.001002256,56868,6,453.919957
1780969417.787599,0.000996679,68452,6,549.440693
1780969417.788587,0.001001358,45416,8,362.835270
1780969417.789606,0.000998278,83262,11,667.244996
1780969417.790613,0.001009936,56868,6,450.468148
1780969417.791638,0.000997757,61212,6,490.796857
1780969417.792591,0.001000936,65622,7,524.485082
1780969417.793583,0.000993985,62858,9,505.907031
1780969417.794659,0.001010425,58382,7,462.237177
1780969417.795586,0.000992827,61212,6,493.233967
1780969417.796607,0.000994109,57000,8,458.702215
1780969417.797607,0.001004912,76088,12,605.728661
1780969417.798609,0.001006718,53972,6,428.894686
1780969417.799601,0.000993582,62660,6,504.517997
1780969417.800601,0.000999936,64372,10,515.008961
1780969417.801616,0.001006093,65886,11,523.895902
1780969417.802594,0.000997438,62726,7,503.096934
1780969417.803567,0.000992296,61212,6,493.497908
1780969417.804628,0.000999557,58514,9,468.319466
1780969417.805591,0.001007711,74508,10,591.502921
1780969417.806661,0.000992645,55486,7,447.176987
1780969417.807626,0.000999886,56868,6,454.995870
1780969417.808598,0.000999456,67136,8,537.380335
1780969417.809680,0.001006619,74508,10,592.144595
1780969417.810620,0.000998600,53972,6,432.381334
1780969417.811601,0.000998953,61278,7,490.737802
1780969417.812585,0.000996716,64306,9,516.143014
1780969417.813594,0.001012864,67136,8,530.266650
1780969417.814615,0.000991814,55354,5,446.486942
1780969417.815608,0.001002357,65622,7,523.741541
1780969417.816600,0.000991875,68716,10,554.231128
1780969417.817611,0.001013125,61278,7,483.873165
1780969417.818612,0.000987310,56802,5,460.256657
1780969417.819596,0.000999429,61212,6,489.975776
1780969417.820604,0.001007758,67334,11,534.525154
1780969417.821579,0.000992406,70032,8,564.543141
1780969417.822588,0.001012245,68452,6,540.991558
1780969417.823610,0.000996775,54236,10,435.291816
1780969417.824598,0.000992041,71678,11,578.024497
1780969417.825605,0.001011198,62660,6,495.728829
1780969417.826608,0.000989352,61146,5,494.432720
1780969417.827664,0.001004108,48378,9,385.440610
1780969417.828590,0.001003089,83196,10,663.518392
1780969417.829582,0.001001442,64108,6,512.125515
1780969417.830575,0.000994270,58316,6,469.216611
1780969417.831629,0.001004976,67004,6,533.377912
1780969417.832620,0.000990998,53972,6,435.698155
1780969417.833612,0.001000250,67202,9,537.481630
1780969417.834584,0.001005182,67136,8,534.319158
1780969417.835610,0.001003625,61212,6,487.927264
1780969417.836584,0.000990679,56868,6,459.224431
1780969417.837580,0.001004338,74508,10,593.489443
1780969417.838661,0.000995875,58382,7,468.990586
1780969417.839598,0.001003571,68518,7,546.193543
1780969417.840604,0.000995906,48246,7,387.554649
1780969417.841578,0.000999882,70230,11,561.906305
1780969417.842619,0.001006544,65688,8,522.087460
1780969417.843570,0.000995659,68584,8,551.064170
1780969417.844665,0.001005980,54170,9,430.783912
1780969417.845630,0.001001233,71612,10,572.190489
1780969417.846746,0.000997851,62726,7,502.888708
1780969417.847626,0.001000089,53906,5,431.209622
1780969417.848663,0.001008227,61344,8,486.747528
1780969417.849598,0.000987865,77602,13,628.442145
1780969417.850648,0.000996922,56868,6,456.348641
1780969417.851660,0.001000667,68518,7,547.778632
1780969417.852639,0.000999350,55552,8,444.705058
1780969417.853589,0.001002049,65754,9,524.956364
1780969417.854613,0.000998386,55486,7,444.605593
1780969417.855722,0.001000708,61146,5,488.821914
1780969417.856656,0.001005944,65952,12,524.498382
1780969417.857749,0.000994642,67202,9,540.512064
1780969417.858640,0.001009460,61212,6,485.106889
1780969417.859735,0.000996054,59830,7,480.536196
1780969417.860632,0.000993886,71678,11,576.951481
1780969417.861769,0.000999503,49694,7,397.749682
1780969417.863120,0.001005648,75758,7,602.660175
1780969417.863758,0.000996957,61542,11,493.838751
1780969417.864931,0.000997978,58594,9,469.701737
1780969417.865615,0.001011619,69966,7,553.299216
1780969417.866667,0.001000507,49562,5,396.295078
1780969417.867633,0.001000426,27842,5,222.641155
1780969417.868642,0.000997140,70296,12,563.980986
1780969417.869596,0.000997551,86092,10,690.426855
1780969417.870656,0.000992565,77272,8,622.806567
1780969417.871658,0.001002161,62924,10,502.306516
1780969417.872598,0.000998589,62726,7,502.517052
1780969417.873621,0.001003429,62726,7,500.093180
1780969417.874660,0.001004908,56934,7,453.247461
1780969417.875621,0.000991588,67334,11,543.241750
1780969417.876621,0.000999002,67136,8,537.624549
1780969417.877672,0.001007897,56802,5,450.855593
1780969417.878943,0.001001555,64174,7,512.594915
1780969417.879673,0.001002112,67400,12,538.063610
1780969417.880637,0.000988922,62858,9,508.497131
1780969417.881616,0.001003494,72928,8,581.392614
1780969417.882627,0.001008558,51142,7,405.664325
1780969417.883648,0.000997354,70230,11,563.330573
1780969417.884611,0.000998894,62726,7,502.363614
1780969417.885597,0.001000930,65622,7,524.488226
1780969417.886606,0.000989836,51010,5,412.270315
1780969417.887604,0.000999375,56934,7,455.756848
1780969417.888637,0.001012533,76022,11,600.648078
1780969417.889588,0.000987823,62792,8,508.528350
1780969417.890636,0.001014807,61212,6,482.550869
1780969417.891609,0.000987751,52590,7,425.937306
1780969417.892611,0.001004809,62990,11,501.508247
1780969417.893651,0.000993122,64240,8,517.479222
1780969417.894670,0.001000189,67070,7,536.458609
1780969417.895588,0.001003632,56934,7,453.823712
1780969417.896587,0.000997492,70230,11,563.252638
1780969417.897658,0.000999037,62726,7,502.291707
1780969417.898704,0.001000322,62660,6,501.118640
1780969417.899787,0.001000463,57132,10,456.844481
1780969417.900744,0.001002507,58568,10,467.372298
1780969417.901685,0.001007889,70032,8,555.870736
1780969417.902646,0.000988736,59868,6,484.400285
1780969417.903629,0.001004461,61542,11,490.149443
1780969417.904654,0.000995181,68650,9,551.859410
1780969417.905660,0.000999432,55420,6,443.611972
1780969417.906620,0.001006620,64240,8,510.540224
1780969417.907608,0.001007313,74508,10,591.736630
1780969417.908583,0.000986540,53972,6,437.666998
1780969417.909603,0.001011319,74376,8,588.348484
1780969417.910619,0.000989039,56802,5,459.452054
1780969417.911625,0.001014195,54104,8,426.773944
1780969417.912602,0.000989316,70164,10,567.373822
1780969417.913641,0.000999872,62792,8,502.400307
1780969417.914614,0.001001106,62660,6,500.726197
1780969417.915575,0.001002013,60028,10,479.259251
1780969417.916568,0.000999160,74508,10,596.565115
1780969417.917577,0.000995338,65622,7,527.434902
1780969417.918607,0.000998173,61212,6,490.592312
1780969417.919619,0.001013831,51010,5,402.512845
1780969417.920591,0.000997512,68716,10,551.099135
1780969417.921580,0.000993336,56868,6,457.996086
1780969417.922599,0.001008144,62660,6,497.230554
1780969417.923572,0.000993905,59896,8,482.106439
1780969417.924598,0.000994567,70230,11,564.909151
1780969417.925589,0.001002960,65622,7,523.426657
1780969417.926630,0.000996436,59764,6,479.822086
1780969417.927596,0.001003602,68518,7,546.176672
1780969417.928590,0.001005593,42454,7,337.743003
1780969417.929575,0.000991978,71612,10,577.528937
1780969417.930596,0.001004247,59764,6,476.090046
1780969417.931653,0.001004772,69900,6,556.544171
1780969417.932673,0.000995247,54236,10,435.960118
1780969417.933568,0.000994106,71612,10,576.292669
1780969417.934587,0.000999672,52524,6,420.329868
1780969417.935600,0.001000853,68584,8,548.204382
1780969417.936559,0.000999444,65886,11,527.381224
1780969417.937561,0.001002336,67202,9,536.363056
1780969417.938616,0.001010841,59764,6,472.984376
1780969417.939611,0.000999046,59830,7,479.097059
1780969417.940583,0.000988152,72862,7,589.884957
1780969417.941590,0.001007296,52524,6,417.148485
1780969417.942605,0.000992699,70164,10,565.440279
1780969417.944072,0.001004321,55486,7,441.978212
1780969417.944674,0.001002040,68518,7,547.028063
1780969417.945685,0.001005652,55618,9,442.443310
1780969417.946599,0.000988565,70230,11,568.338956
1780969417.947615,0.001009315,62726,7,497.176798
1780969417.948597,0.001002039,71480,8,570.676391
1780969417.949582,0.000988413,50944,4,412.329664
1780969417.950610,0.001006360,68716,10,546.253826
1780969417.951670,0.001001571,62792,8,501.548068
1780969417.952636,0.000991257,68518,7,552.978693
1780969417.953598,0.001000376,56868,6,454.773005
1780969417.954752,0.001010500,55354,5,438.230579
1780969417.955631,0.000996874,71612,10,574.692489
1780969417.956640,0.000995799,65688,8,527.720956
1780969417.957573,0.000996460,58250,5,467.655500
1780969417.958674,0.001006776,65886,11,523.540490
1780969417.959646,0.000997808,68650,9,550.406491
1780969417.960654,0.001005686,64174,7,510.489358
1780969417.961637,0.000989233,64108,6,518.446109
1780969417.962596,0.001007351,52788,10,419.222297
1780969417.963609,0.001006240,68650,9,545.794244
1780969417.964617,0.000997077,65622,7,526.515003
1780969417.965580,0.000990159,68518,7,553.591898
1780969417.966607,0.001009669,57132,10,452.679046
1780969417.967593,0.000990209,59830,7,483.372702
1780969417.968597,0.001000163,68584,8,548.582581
1780969417.969568,0.001000615,56868,6,454.664381
1780969417.970614,0.001004313,62714,7,499.557409
1780969417.971601,0.000997168,59830,7,479.999358
1780969417.972577,0.000997696,68650,9,550.468279
1780969417.973609,0.000999634,62792,8,502.519922
1780969417.974656,0.001002451,62726,7,500.581076
1780969417.975580,0.000997435,62660,6,502.569090
1780969417.976572,0.001000300,55420,6,443.227032
1780969417.977601,0.001006549,65754,9,522.609431
1780969417.978589,0.000998052,67070,7,537.607259
1780969417.979649,0.001000522,56868,6,454.706643
1780969417.980589,0.000994658,64108,6,515.618434
1780969417.981613,0.001007863,68452,6,543.343689
1780969417.982590,0.000993238,67268,10,541.807704
1780969417.983603,0.001003558,61344,8,489.012095
1780969417.984606,0.001006234,61278,7,487.186877
1780969417.985597,0.000989484,62660,6,506.607484
1780969417.986611,0.001011781,68782,11,543.848916
1780969417.987602,0.000990407,59896,8,483.809181
1780969417.988607,0.000999212,67070,7,536.983143
1780969417.989583,0.001001067,57000,8,455.513967
1780969417.990594,0.001000491,71744,12,573.670328
1780969417.991658,0.001002049,62858,9,501.835739
1780969417.992599,0.000994842,59896,8,481.652363
1780969417.993606,0.001000228,58316,6,466.421656
1780969417.994617,0.001000887,58514,9,467.697153
1780969417.995673,0.001006117,74574,11,592.964834
1780969417.996598,0.001005499,54038,7,429.939761
1780969417.997665,0.000991974,71480,8,576.466722
1780969417.998668,0.000997277,53906,5,432.425495
1780969417.999777,0.001009337,64240,8,509.165918
1780969418.000602,0.000989655,68716,10,555.474382
1780969418.001596,0.001000361,58382,7,466.887454
1780969418.002650,0.001010200,68518,7,542.609384
1780969418.003617,0.000995647,52590,7,422.559401
1780969418.004587,0.001000678,67268,10,537.779386
1780969418.005597,0.000992930,70032,8,564.245214
1780969418.006611,0.000999997,59830,7,478.641436
1780969418.007596,0.000999324,51142,7,409.412763
1780969418.008597,0.000999954,73126,11,585.034912
1780969418.009584,0.001000649,68650,9,548.843800
1780969418.010606,0.001002804,59830,7,477.301646
1780969418.011657,0.001003379,54038,7,430.848164
1780969418.012732,0.000993853,68848,12,554.190610
1780969418.013655,0.001003254,65754,9,524.325844
1780969418.014689,0.001008563,56868,6,451.081390
1780969418.015654,0.000988872,65622,7,530.883674
1780969418.016657,0.000999777,61212,6,489.805227
1780969418.017682,0.001001893,53972,6,430.960192
1780969418.018641,0.001010220,65688,8,520.187682
1780969418.019675,0.000991104,61344,8,495.156916
1780969418.020609,0.001005456,64174,7,510.606133
1780969418.021614,0.001001637,52458,5,418.978133
1780969418.022608,0.000998120,67070,7,537.570633
1780969418.023575,0.000993442,70164,10,565.017384
1780969418.024663,0.001000542,59830,7,478.380718
1780969418.025670,0.001005802,65688,8,522.472614
1780969418.026605,0.000992610,53906,5,434.458649
1780969418.027670,0.001006896,51076,6,405.809537
1780969418.028638,0.000994297,74574,11,600.013879
1780969418.029602,0.000998856,62792,8,502.911331
1780969418.030608,0.001010258,59830,7,473.779965
1780969418.031682,0.000997724,58514,9,469.179853
1780969418.032635,0.001000131,65952,12,527.546891
1780969418.033705,0.000994641,59962,9,482.280541
1780969418.034744,0.001011186,68584,8,542.602449
1780969418.035733,0.000997395,53972,6,432.903714
1780969418.036681,0.000986707,65556,6,531.513408
1780969418.037598,0.001006893,62792,8,498.897102
1780969418.038671,0.000993047,64306,9,518.050002
1780969418.039653,0.001001311,59830,7,478.013325
1780969418.040607,0.000998690,64174,7,514.065426
1780969418.041661,0.001013091,58514,9,462.063132
1780969418.042611,0.000996122,74574,11,598.914591
1780969418.043621,0.000991843,59830,7,482.576375
1780969418.044597,0.001003009,65688,8,523.927502
1780969418.045662,0.000999383,55486,7,444.162048
1780969418.046640,0.001011973,73126,11,578.086570
1780969418.047651,0.000985057,55552,8,451.157649
1780969418.048613,0.001010695,53972,6,427.207021
1780969418.049580,0.000992978,62660,6,504.824880
1780969418.050615,0.001005538,62660,6,498.519201
1780969418.051610,0.001002598,53972,6,430.657153
1780969418.052600,0.000992133,71612,10,577.438710
1780969418.053609,0.001009032,68650,9,544.284027
1780969418.054608,0.000986210,49562,5,402.040133
1780969418.055597,0.001001701,72862,7,581.906178
1780969418.056590,0.001008821,55354,5,438.959934
1780969418.057591,0.000999829,67268,10,538.236038
1780969418.058602,0.000990249,67202,9,542.909915
1780969418.059607,0.001003289,58382,7,465.524889
1780969418.060588,0.001010996,56868,6,449.995846
1780969418.061604,0.000985169,65556,6,532.343182
1780969418.062623,0.001008054,64306,9,510.337740
1780969418.063669,0.000999553,64306,9,514.678061
1780969418.064607,0.000993193,67202,9,541.300633
1780969418.065614,0.001001951,51208,8,408.866302
1780969418.066605,0.001012126,71678,11,566.553967
1780969418.067599,0.000987311,62792,8,508.792062
1780969418.068597,0.000999023,62726,7,502.298746
1780969418.069609,0.001005998,58316,6,463.746449
1780969418.070576,0.000993396,59896,8,482.353462
1780969418.071580,0.001002233,73060,10,583.177764
1780969418.072576,0.001011794,52524,6,415.294022
1780969418.073558,0.000987960,62726,7,507.923398
1780969418.074601,0.000998202,73060,10,585.532788
1780969418.075602,0.001004825,67268,10,535.559923
1780969418.076608,0.001006098,53972,6,429.158988
1780969418.077578,0.000988375,59764,6,483.735424
1780969418.078613,0.001010635,61212,6,484.542886
1780969418.079596,0.000989193,70230,11,567.978140
1780969418.080606,0.001011037,67202,9,531.747107
1780969418.081577,0.000990494,55420,6,447.615028
1780969418.082600,0.000999056,67004,6,536.538492
1780969418.083620,0.001009358,53906,5,427.249796
1780969418.084649,0.000990278,58448,8,472.174480
1780969418.085675,0.001005151,74574,11,593.534703
1780969418.086586,0.000995406,58382,7,469.211558
1780969418.087760,0.001003251,62726,7,500.181909
1780969418.088636,0.000997174,57155,10,458.535822
1780969418.089578,0.001012124,67202,9,531.176022
1780969418.090612,0.000987549,64306,9,520.934151
1780969418.091586,0.000999531,59764,6,478.336340
1780969418.092623,0.001008734,64108,6,508.423430
1780969418.093563,0.000991157,54038,7,436.160971
1780969418.094597,0.001003569,71546,9,570.332483
1780969418.095614,0.001011374,64240,8,508.140411
1780969418.096598,0.000987988,65622,7,531.358680
1780969418.097635,0.000997063,43902,7,352.250560
1780969418.098640,0.001009592,80432,12,637.342610
1780969418.099606,0.000999604,59830,7,478.829617
1780969418.100604,0.000998602,59764,6,478.781336
1780969418.101595,0.000992059,67004,6,540.322703
1780969418.102629,0.001013749,68716,10,542.272298
1780969418.103611,0.000991198,57000,8,460.049354
1780969418.104594,0.000997481,67070,7,537.915008
1780969418.105604,0.001004007,58448,8,465.717869
1780969418.106611,0.000994351,57132,10,459.652577
1780969418.107593,0.001010222,72994,9,578.043242
1780969418.108660,0.000994073,58316,6,469.309598
1780969418.109627,0.001005030,71414,7,568.452683
1780969418.110620,0.000998145,65688,8,526.480622
1780969418.111583,0.000995884,62858,9,504.942343
1780969418.112581,0.000997154,64240,8,515.386791
1780969418.113568,0.001006297,55420,6,440.585632
1780969418.114620,0.000997768,58514,9,469.159163
1780969418.115607,0.000997926,70164,10,562.478581
1780969418.116756,0.000999211,61212,6,490.082675
1780969418.117668,0.001009615,61212,6,485.032413
1780969418.118611,0.000993370,51142,7,411.866676
1780969418.119668,0.001007721,65952,12,523.573489
1780969418.120595,0.000993895,71546,9,575.883770
1780969418.121630,0.001001815,53906,5,430.466703
1780969418.122646,0.000993088,61212,6,493.104337
1780969418.123641,0.001002440,64504,12,514.775947
1780969418.124667,0.001008256,72994,9,579.170369
1780969418.125618,0.000998090,55420,6,444.208438
1780969418.126615,0.000997710,61344,8,491.878402
1780969418.127593,0.000997131,71612,10,574.544368
1780969418.128607,0.000997525,64240,8,515.195108
1780969418.129601,0.001006036,59764,6,475.243431
1780969418.130639,0.001005370,60028,10,477.658971
1780969418.131591,0.000992962,76088,12,613.018424
1780969418.132561,0.000993455,61344,8,493.985133
1780969418.133620,0.001002117,58250,5,465.015562
1780969418.134678,0.001001129,57132,10,456.540566
1780969418.135727,0.001002920,71612,10,571.228014
1780969418.136612,0.000996968,16060,2,128.870736
1780969418.137601,0.000997293,30606,3,245.512603
1780969418.138642,0.001003339,97676,10,778.807562
1780969418.139685,0.000997276,68716,10,551.229549
1780969418.140594,0.001000157,0,0,0.000000
1780969418.141575,0.001006095,0,0,0.000000
1780969418.142628,0.001005774,0,0,0.000000
1780969418.143618,0.000990392,0,0,0.000000
1780969418.144587,0.001006044,0,0,0.000000
1780969418.145582,0.000995095,0,0,0.000000
1780969418.146608,0.000996687,1514,1,12.152260
1780969418.147607,0.001009212,0,0,0.000000
1780969418.148604,0.000998821,0,0,0.000000
1780969418.149599,0.000995644,0,0,0.000000
1780969418.150594,0.000994557,0,0,0.000000
1780969418.151594,0.000999480,14612,2,116.956818
1780969418.152586,0.001006141,13164,2,104.669226
1780969418.153605,0.001006766,21918,3,174.165596
1780969418.154632,0.000997919,62858,9,503.912642
1780969418.155569,0.000989907,52524,6,424.476239
1780969418.156638,0.001004183,74376,8,592.529449
1780969418.157607,0.001006765,78654,7,625.003849
1780969418.158599,0.000993339,49694,7,400.217851
1780969418.159688,0.001000890,65754,9,525.564248
1780969418.160608,0.000994226,64108,6,515.842474
1780969418.161587,0.001000485,61212,6,489.458613
1780969418.162650,0.001009775,59830,7,474.006586
1780969418.163617,0.000999228,71612,10,573.338617
1780969418.164600,0.000990363,59830,7,483.297538
1780969418.165582,0.001000578,23300,2,186.292323
1780969418.166601,0.001007831,0,0,0.000000
1780969418.167598,0.000991752,81550,7,657.825747
1780969418.168601,0.001007544,26196,2,207.998857
1780969418.169601,0.001001099,0,0,0.000000
1780969418.170599,0.000995400,29092,2,233.811533
1780969418.171621,0.001004940,96096,8,764.988955
1780969418.172595,0.000990954,81682,9,659.421123
1780969418.173604,0.001009050,59764,6,473.823894
1780969418.174593,0.000991048,55354,5,446.832040
1780969418.175572,0.001000333,58514,9,467.956171
1780969418.176600,0.001013221,80366,11,634.538763
1780969418.177588,0.000995579,61212,6,491.870560
1780969418.178620,0.001004073,59764,6,476.172549
1780969418.179629,0.000988817,67004,6,542.094240
1780969418.180673,0.001010153,57066,9,451.939459
1780969418.181703,0.001002036,71612,10,571.731954
1780969418.182623,0.000986754,58382,7,473.325672
1780969418.183632,0.001004807,59830,8,476.350185
1780969418.184589,0.000999555,56868,6,455.146540
1780969418.185610,0.000999266,62924,10,503.761761
1780969418.186697,0.000999470,62792,8,502.602379
1780969418.187635,0.001000994,62726,7,501.309698
1780969418.188629,0.000995379,54038,7,434.310951
1780969418.189589,0.001009659,79116,14,626.873033
1780969418.190613,0.000989782,58448,8,472.411097
1780969418.191599,0.000999764,65622,7,525.099924
1780969418.192592,0.001006989,56868,6,451.786464
1780969418.193595,0.000997439,55354,5,443.969005
1780969418.194694,0.000997895,75956,10,608.929797
1780969418.195640,0.000998413,61278,7,491.003222
1780969418.196665,0.001011073,59698,5,472.353628
1780969418.197623,0.000995064,52722,9,423.868214
1780969418.198576,0.000993313,81748,10,658.386631
1780969418.199636,0.001002081,61278,7,489.205962
1780969418.200608,0.001005408,55552,8,442.025526
1780969418.201602,0.001003712,79050,13,630.061213
1780969418.202701,0.001001291,55420,6,442.788360
1780969418.203641,0.000988524,65556,6,530.536436
1780969418.204587,0.000999300,58514,9,468.439908
1780969418.205593,0.001013273,71678,11,565.912642
1780969418.206606,0.000992204,68650,9,553.515205
1780969418.207607,0.001003342,61212,6,488.064887
1780969418.208608,0.001003014,58580,10,467.231763
1780969418.209589,0.001000666,62792,8,502.001667
1780969418.210610,0.000998979,55420,6,443.813133
1780969418.211625,0.001003298,61212,6,488.086291
1780969418.212586,0.000993725,64504,12,519.290548
1780969418.213593,0.001001384,75890,9,606.280907
1780969418.214608,0.001002348,53906,5,430.237802
1780969418.215596,0.000993908,58250,5,468.856272
1780969418.216644,0.000999858,65952,12,527.690932
1780969418.217603,0.000993860,67202,9,540.937355
1780969418.218675,0.001000800,62660,6,500.879297
1780969418.219662,0.001003723,69966,7,557.651862
1780969418.220598,0.001003654,54038,7,430.730112
1780969418.221583,0.000991742,65820,10,530.944540
1780969418.222589,0.001000030,59764,6,478.097657
1780969418.223621,0.000999915,70032,8,560.303626
1780969418.224617,0.001000219,67268,10,538.026172
1780969418.225568,0.001004790,65622,7,522.473353
1780969418.226604,0.000997988,65622,7,526.034381
1780969418.227629,0.001005014,49826,9,396.619351
1780969418.228590,0.000992142,70098,9,565.225542
1780969418.229585,0.000999721,64108,6,513.007129
1780969418.230613,0.001009642,54038,7,428.175532
1780969418.231610,0.000992550,68848,12,554.918140
1780969418.232616,0.001011686,65754,9,519.955797
1780969418.233584,0.000986507,65556,6,531.621164
1780969418.234609,0.001002961,56934,7,454.127329
1780969418.235613,0.001005893,70098,9,557.498660
1780969418.236621,0.001005188,62792,8,499.743332
1780969418.237568,0.000986113,71480,8,579.892974
1780969418.238608,0.001008861,49760,8,394.583595
1780969418.239600,0.000993223,65688,8,529.089640
1780969418.240798,0.000998248,68518,7,549.106034
1780969418.241618,0.001000719,52524,6,419.890099
1780969418.242698,0.000999214,63056,12,504.844808
1780969418.243601,0.001011181,77404,10,612.384924
1780969418.244630,0.000995755,55420,6,445.250087
1780969418.245597,0.001003634,71414,7,569.243370
1780969418.246607,0.000990881,49562,5,400.144922
1780969418.247628,0.001002725,71612,10,571.339101
1780969418.248587,0.000996200,55486,7,445.581209
1780969418.249598,0.000998888,67070,7,537.157319
1780969418.250607,0.001000995,65556,6,523.926693
1780969418.251599,0.000999443,64306,9,514.734707
1780969418.252608,0.001008573,58382,7,463.085964
1780969418.253596,0.000991363,65622,7,529.549721
1780969418.254620,0.001008851,64108,6,508.364466
1780969418.255582,0.000991093,62792,8,506.850518
1780969418.256595,0.000999669,64240,8,514.090164
1780969418.257596,0.001001461,62726,7,501.075928
1780969418.258600,0.001011662,65556,6,518.402391
1780969418.259608,0.000987447,59764,6,484.190038
1780969418.260600,0.001003244,68650,9,547.424156
1780969418.261705,0.001012317,62660,6,495.180857
1780969418.262649,0.000983769,61146,5,497.238681
1780969418.263589,0.001000980,60160,12,480.808807
1780969418.264665,0.001001544,71612,10,572.012812
1780969418.265637,0.000998783,62726,7,502.419444
1780969418.266623,0.001005143,65622,7,522.289863
1780969418.267597,0.000993654,57000,8,458.912257
1780969418.268585,0.001006394,65886,11,523.739211
1780969418.269558,0.000996393,67136,8,539.032289
1780969418.270602,0.001009178,64240,8,509.246139
1780969418.271605,0.000993782,51142,7,411.695925
1780969418.272596,0.000996067,65754,9,528.109053
1780969418.273589,0.001009099,72994,9,578.686531
1780969418.274602,0.000989075,58316,6,471.681116
1780969418.275602,0.001006288,61410,9,488.210135
1780969418.276596,0.000995222,68716,10,552.367211
1780969418.277597,0.001012546,58382,7,461.268920
1780969418.278608,0.000994697,67004,6,538.889732
1780969418.279599,0.001004257,58382,7,465.076171
1780969418.280591,0.000998738,60094,11,481.359476
1780969418.281698,0.001002531,70098,9,559.368239
1780969418.282617,0.000992549,64108,6,516.714036
1780969418.283599,0.000995061,62726,7,504.298731
1780969418.284611,0.001003221,60028,10,478.682165
1780969418.285577,0.001003214,67268,10,536.419946
1780969418.286622,0.001002298,62792,8,501.184279
1780969418.287603,0.000994000,62726,7,504.837022
1780969418.288592,0.000995603,61410,9,493.449698
1780969418.289573,0.001013985,65886,11,519.818341
1780969418.290607,0.001000621,67202,9,537.282348
1780969418.291588,0.000988852,62660,6,506.931270
1780969418.292604,0.000996527,67004,6,537.900127
1780969418.293579,0.001009421,61410,9,486.694848
1780969418.294584,0.000990999,61410,9,495.742175
1780969418.295608,0.001010295,65622,7,519.626446
1780969418.296594,0.001000690,56868,6,454.630305
1780969418.297572,0.000988398,64108,6,518.884093
1780969418.298615,0.001000962,64306,9,513.953577
1780969418.299597,0.000999694,65688,8,525.664853
1780969418.300601,0.001000021,62726,7,501.797462
1780969418.301633,0.000999775,60028,10,480.332075
1780969418.302663,0.001000472,71612,10,572.625721
1780969418.303595,0.000999534,64174,7,513.631352
1780969418.304578,0.000999693,58316,6,466.671268
1780969418.305587,0.001012447,54104,8,427.510773
1780969418.306640,0.000988015,71678,11,580.379853
1780969418.307634,0.001008819,68584,8,543.875561
1780969418.308587,0.000990752,59764,6,482.574852
1780969418.309618,0.001010032,64438,11,510.383829
1780969418.310645,0.001000368,62858,9,502.679014
1780969418.311628,0.001005350,62660,6,498.612424
1780969418.312605,0.000988477,62726,7,507.657740
1780969418.313612,0.001006288,51010,5,405.530027
1780969418.314609,0.000991982,67202,9,541.961447
1780969418.315595,0.001008027,61278,7,486.320307
1780969418.316598,0.000994557,56934,7,457.964702
1780969418.317588,0.000998824,75824,8,607.306192
1780969418.318880,0.001012094,58514,9,462.518304
1780969418.319693,0.000988199,64306,9,520.591500
1780969418.320624,0.001005096,54038,7,430.112148
1780969418.321635,0.000992274,74574,11,601.237158
1780969418.322697,0.001009642,64240,8,509.012105
1780969418.323645,0.000989831,61278,7,495.260302
1780969418.324636,0.001005663,64174,7,510.501033
1780969418.325634,0.000994386,55354,5,445.332094
1780969418.326694,0.001000264,71612,10,572.744795
1780969418.327746,0.001005057,67136,8,534.385612
1780969418.328680,0.001004297,55420,6,441.463033
1780969418.329607,0.001001294,55552,8,443.841669
1780969418.330626,0.000988689,80300,10,649.749314
1780969418.331609,0.001010747,65622,7,519.394072
1780969418.332573,0.001002239,52458,5,418.726471
1780969418.333616,0.000994986,62660,6,503.806084
1780969418.334590,0.000991417,70230,11,566.704021
1780969418.335596,0.001000011,64240,8,513.914347
1780969418.336702,0.001000291,55420,6,443.231020
1780969418.337623,0.001000076,62660,6,501.241906
1780969418.338612,0.000999597,62792,8,502.538523
1780969418.339601,0.001005857,73060,10,581.076634
1780969418.340609,0.001004718,58382,7,464.862777
1780969418.341599,0.000995822,68518,7,550.443754
1780969418.342627,0.001001233,51274,9,409.686856
1780969418.343707,0.000993888,62858,9,505.956406
1780969418.344649,0.001000439,56868,6,454.744367
1780969418.345616,0.000998414,61212,6,490.473892
1780969418.346604,0.001007982,71810,13,569.930812
1780969418.347661,0.000992369,65754,9,530.077018
1780969418.348649,0.000999534,58316,6,466.745503
1780969418.349637,0.001010864,61278,7,484.955444
1780969418.350724,0.000990118,72862,7,588.713668
1780969418.351595,0.000999146,55420,6,443.738953
1780969418.352642,0.001012549,62858,9,496.631768
1780969418.353614,0.000998523,61320,8,491.285629
1780969418.354627,0.000994957,68452,6,550.391625
1780969418.355618,0.001005122,65952,12,524.927322
1780969418.356666,0.001001328,62858,9,502.197082
1780969418.357680,0.000992434,59830,7,482.288999
1780969418.358629,0.001004772,59896,8,476.892270
1780969418.359644,0.000990682,67334,11,543.738556
1780969418.360616,0.001003347,62726,7,500.134051
1780969418.361603,0.001004514,71480,8,569.270314
1780969418.362626,0.000995968,53972,6,433.523969
1780969418.363602,0.001007314,56934,7,452.164866
1780969418.364753,0.000989317,68862,11,556.844773
1780969418.365582,0.001006105,62660,6,498.238255
1780969418.366615,0.001004760,68452,6,545.021697
1780969418.367704,0.000989604,58316,6,471.428976
1780969418.368625,0.001001766,56868,6,454.141985
1780969418.369799,0.001008674,65754,9,521.508436
1780969418.370690,0.000997541,65688,8,526.799400
1780969418.371693,0.001002805,58382,7,465.749572
1780969418.372573,0.000989088,55618,9,449.852794
1780969418.373632,0.001011966,71678,11,566.643543
1780969418.374589,0.000989555,62792,8,507.638282
1780969418.375617,0.000997454,52458,5,420.735192
1780969418.376595,0.001012164,52722,9,416.707174
1780969418.377635,0.000992115,71678,11,577.981383
1780969418.378642,0.000998494,67136,8,537.898075
1780969418.379655,0.001004660,62726,7,499.480421
1780969418.380593,0.000995110,49760,8,400.036177
1780969418.381610,0.000997446,78984,12,633.489933
1780969418.382606,0.001009778,56868,6,450.538633
1780969418.383627,0.001001007,52458,5,419.241823
1780969418.384637,0.000990178,73126,11,590.810945
1780969418.385637,0.000999153,65820,10,527.006374
1780969418.386668,0.001002651,58316,6,465.294504
1780969418.387654,0.001007062,75890,9,602.862584
1780969418.388611,0.001004016,54104,8,431.100700
1780969418.389702,0.000994802,71612,10,575.889473
1780969418.390593,0.000994134,51076,6,411.019038
1780969418.391594,0.001007063,61278,7,486.785832
1780969418.392587,0.000992108,48312,8,389.570490
1780969418.393667,0.001007576,70164,10,557.091475
1780969418.394610,0.000998769,58382,7,467.631655
1780969418.395699,0.000999345,60028,10,480.538753
1780969418.396628,0.000999215,70296,12,562.809806
1780969418.397624,0.001000404,58448,8,467.395172
1780969418.398618,0.000999673,64240,8,514.088107
1780969418.399728,0.000994858,54026,7,434.441900
1780969418.400711,0.001004242,65556,6,522.232689
1780969418.401602,0.001007778,62792,8,498.458986
1780969418.402636,0.000992333,67372,10,543.140256
1780969418.403588,0.001001530,56934,7,454.776192
1780969418.404597,0.000997179,69966,7,561.311460
1780969418.405591,0.000997906,53906,5,432.152928
1780969418.406621,0.001007598,71678,11,569.099978
1780969418.407590,0.000989530,62858,9,508.184694
1780969418.408629,0.001009187,58316,6,462.281024
1780969418.409590,0.000996767,62660,6,502.905895
1780969418.410603,0.001001728,65556,6,523.543317
1780969418.411583,0.000993644,55552,8,447.258777
1780969418.412598,0.000998503,70164,10,562.153544
1780969418.413595,0.001002185,62792,8,501.240789
1780969418.414635,0.000998922,62726,7,502.349533
1780969418.415577,0.000998591,62660,6,501.987300
1780969418.416648,0.001000167,55420,6,443.285971
1780969418.417704,0.001013204,65754,9,519.176790
1780969418.418668,0.000986879,68650,9,556.501861
1780969418.419653,0.001000492,59830,7,478.404625
1780969418.420603,0.001013624,56868,6,448.829152
1780969418.421578,0.000996380,70098,9,562.821414
1780969418.422594,0.000989262,68584,8,554.627591
1780969418.423680,0.001001731,53906,5,430.502800
1780969418.424615,0.001003220,70362,13,561.089292
1780969418.425606,0.000995161,64240,8,516.418951
1780969418.426584,0.001005519,65622,7,522.094560
1780969418.427652,0.000995584,59764,6,480.232708
1780969418.428630,0.001001035,64042,5,511.806280
1780969418.429628,0.000997966,62858,9,503.888910
1780969418.430591,0.001001130,65688,8,524.910851
1780969418.431601,0.000998553,55486,7,444.531237
1780969418.432585,0.000999998,65820,10,526.561053
1780969418.433634,0.001001830,70164,10,560.286675
1780969418.434591,0.001001439,64306,9,513.708773
1780969418.435623,0.000997605,53906,5,432.283319
1780969418.436620,0.001007090,64306,9,510.826242
1780969418.437571,0.000992964,65688,8,529.227646
1780969418.438591,0.000999386,55354,5,443.104066
1780969418.439573,0.001001179,70032,8,559.596236
1780969418.440577,0.001000345,52392,4,418.991448
1780969418.441578,0.000998123,68716,10,550.761780
1780969418.442676,0.001000265,68650,9,549.054501
1780969418.443652,0.001005369,65622,7,522.172456
1780969418.444611,0.000995535,55486,7,445.878849
1780969418.445570,0.001005677,65886,11,524.112613
1780969418.446617,0.001002581,65688,8,524.151166
1780969418.447610,0.000994968,70032,8,563.089466
1780969418.448584,0.001002272,53906,5,430.270426
1780969418.449570,0.001002316,65820,10,525.343305
1780969418.450645,0.001003484,68518,7,546.240897
1780969418.451628,0.000991194,61212,6,494.046574
1780969418.452632,0.001008283,70296,12,557.748172
1780969418.453579,0.000994108,58382,7,469.824204
1780969418.454603,0.000994074,64108,6,515.921350
1780969418.455639,0.001008065,56868,6,451.304231
1780969418.456623,0.000997334,77470,11,621.416697
1780969418.457638,0.001000474,55486,7,443.677697
1780969418.458693,0.001009073,65688,8,520.778972
1780969418.459605,0.000989862,61410,9,496.311607
1780969418.460603,0.000996228,67268,10,540.181565
1780969418.461581,0.000999211,62726,7,502.204239
1780969418.462672,0.001015100,62660,6,493.823269
1780969418.463625,0.000984756,64306,9,522.411643
1780969418.464641,0.001004468,62726,7,499.575895
1780969418.465634,0.000995994,59830,7,480.565144
1780969418.466651,0.001000068,58382,7,467.024242
1780969418.467663,0.001001259,65754,9,525.370558
1780969418.468646,0.001006608,67202,9,534.086755
1780969418.469689,0.001000367,70098,9,560.578268
1780969418.470583,0.000991310,59830,7,482.835843
1780969418.471666,0.001008083,67334,11,534.352826
1780969418.472625,0.001003886,65622,7,522.943840
1780969418.473680,0.000990245,56868,6,459.425698
1780969418.474591,0.000997677,57000,8,457.061754
1780969418.475592,0.001005393,70098,9,557.775914
1780969418.476583,0.001001440,67136,8,536.315705
1780969418.477562,0.000997320,56802,5,455.637107
1780969418.478611,0.001006134,67334,11,535.387930
1780969418.479607,0.000989933,67070,7,542.016480
1780969418.480627,0.001001376,68518,7,547.390790
1780969418.481674,0.000998633,59764,6,478.766474
1780969418.482597,0.001000405,51010,5,407.914795
1780969418.483603,0.000999936,74574,11,596.630184
1780969418.484603,0.001014696,61278,7,483.124010
1780969418.485612,0.000999236,65622,7,525.377388
1780969418.486624,0.000986394,51196,8,415.217449
1780969418.487623,0.001003151,73192,12,583.696771
1780969418.488608,0.001003143,67268,10,536.457913
1780969418.489659,0.000997357,61278,7,491.523096
1780969418.490659,0.000998342,64174,7,514.244618
1780969418.491596,0.000997442,65820,10,527.910395
1780969418.492608,0.001011423,62792,8,496.662623
1780969418.493559,0.000988130,55420,6,448.685902
1780969418.494644,0.001012567,64240,8,507.541723
1780969418.495605,0.000988707,68716,10,556.006987
1780969418.496681,0.001003041,58316,6,465.113590
1780969418.497585,0.000995913,59698,5,479.543896
1780969418.498609,0.001006632,64438,11,512.107702
1780969418.499584,0.000994831,70098,9,563.697754
1780969418.500625,0.001009490,56934,7,451.190205
1780969418.501621,0.000993013,62660,6,504.807087
1780969418.502600,0.000996638,64438,11,517.242971
1780969418.503614,0.001009952,67136,8,531.795570
1780969418.504589,0.000999820,67070,7,536.656598
1780969418.505596,0.000989602,51076,6,412.901348
1780969418.506620,0.001002560,70362,13,561.458666
1780969418.507678,0.001003290,64240,8,512.234748
1780969418.508575,0.000994382,67136,8,540.122408
1780969418.509565,0.000999886,64438,11,515.562774
1780969418.510637,0.001014755,62858,9,495.552128
1780969418.511615,0.000987595,62726,7,508.111118
1780969418.512591,0.000998447,62660,6,502.059699
1780969418.513600,0.000999240,57000,8,456.346824
1780969418.514603,0.001011726,65688,8,519.413359
1780969418.515605,0.001000086,64174,7,513.347852
1780969418.516673,0.000989984,65754,9,531.354042
1780969418.517629,0.001011978,68782,11,543.743046
1780969418.518580,0.000986325,62726,7,508.765366
1780969418.519605,0.000999783,56868,6,455.042744
1780969418.520612,0.000999743,67334,11,538.810474
1780969418.521586,0.001008079,71546,9,567.780898
1780969418.522678,0.000997601,53906,5,432.285052
1780969418.523595,0.001003799,64108,6,510.923004
1780969418.524617,0.001000705,60094,11,480.413309
1780969418.525619,0.000991100,65754,9,530.755726
1780969418.526624,0.000998476,62660,6,502.045117
1780969418.527628,0.001001036,62660,6,500.761211
1780969418.528611,0.001012444,60028,10,474.321543
1780969418.529575,0.000993390,74508,10,600.030200
1780969418.530612,0.001000307,64174,7,513.234437
1780969418.531622,0.000993190,61212,6,493.053696
1780969418.532674,0.001005953,49628,6,394.674503
1780969418.533612,0.001002735,68716,10,548.228595
1780969418.534628,0.000998229,64240,8,514.831767
1780969418.535676,0.000996526,55420,6,444.905602
1780969418.536641,0.001001838,61212,6,488.797590
1780969418.537650,0.001001160,64504,12,515.434096
1780969418.538596,0.000995336,75890,9,609.964876
1780969418.539577,0.000998594,55354,5,443.455498
1780969418.540585,0.001001260,67070,7,535.884785
1780969418.541596,0.001010046,43968,8,348.245525
1780969418.542614,0.000999098,64372,10,515.440928
1780969418.543582,0.000990747,61278,7,494.802407
1780969418.544580,0.001000586,59698,5,477.304300
1780969418.545641,0.000998359,61542,11,493.145251
1780969418.546615,0.001000136,65754,9,525.960469
1780969418.547683,0.001005528,62726,7,499.049256
1780969418.548644,0.000995787,56934,7,457.399022
1780969418.549620,0.001001943,74640,12,595.962046
1780969418.550636,0.000996565,62792,8,504.067472
1780969418.551588,0.000999971,59830,7,478.653881
1780969418.552628,0.001001744,56868,6,454.151959
1780969418.553684,0.001011463,62726,7,496.120965
1780969418.554637,0.000987618,74442,9,603.002375
1780969418.555668,0.001012509,62792,8,496.129911
1780969418.556628,0.000986121,65622,7,532.364690
1780969418.557635,0.001000282,55552,8,444.290710
1780969418.558608,0.000999799,71546,9,572.483069
1780969418.559588,0.001005559,65622,7,522.073792
1780969418.560631,0.001002607,51076,6,407.545529
1780969418.561603,0.000997150,76154,13,610.973274
1780969418.562733,0.001007012,62726,7,498.313823
1780969418.563630,0.000993803,55354,5,445.593342
1780969418.574541,0.000998601,65622,7,525.711470
1780969418.574695,0.000997908,67400,12,540.330371
1780969418.574716,0.000999255,64240,8,514.303156
1780969418.574790,0.001003316,55420,6,441.894677
1780969418.574825,0.001004473,68518,7,545.703070
1780969418.574855,0.001000790,55618,9,444.592772
1780969418.574871,0.000998717,58448,8,468.184681
1780969418.574888,0.000994433,68584,8,551.743556
1780969418.574963,0.001001093,58382,7,466.546065
1780969418.574997,0.001003622,58580,10,466.948712
1780969418.575030,0.000994169,71546,9,575.725053
1780969418.575591,0.001010026,67070,7,531.233849
1780969418.576608,0.000987840,52590,7,425.898931
1780969418.577620,0.001008681,68848,12,546.043794
1780969418.578642,0.000994351,59896,8,481.890198
1780969418.579602,0.001001387,65622,7,524.248867
1780969418.580600,0.000995129,62660,6,503.733687
1780969418.581612,0.001003738,45284,6,360.922870
1780969418.582633,0.001002546,70164,10,559.886529
1780969418.583592,0.000993679,55420,6,446.180306
1780969418.584580,0.001006863,61278,7,486.882525
1780969418.585593,0.000995261,65622,7,527.475707
1780969418.586592,0.000998020,55354,5,443.710547
1780969418.587695,0.001000572,70164,10,560.991113
1780969418.588616,0.001014098,57000,8,449.660684
1780969418.589609,0.000990891,65556,6,529.269112
1780969418.590694,0.001005456,56868,6,452.475295
1780969418.591721,0.000992437,62660,6,505.100072
1780969418.592613,0.001003293,75956,10,605.653583
1780969418.593755,0.000995282,56934,7,457.631104
1780969418.594748,0.001002340,65622,7,523.750424
1780969418.595771,0.000996763,59764,6,479.664675
1780969418.596733,0.001011972,55486,7,438.636642
1780969418.597745,0.000988526,67202,9,543.856206
1780969418.598658,0.001005584,61212,6,486.976722
1780969418.599646,0.000994351,65622,7,527.958437
1780969418.600665,0.001004111,51010,5,406.409252
1780969418.601627,0.001000252,68584,8,548.533769
1780969418.602951,0.001001372,70164,10,560.542935
1780969418.603611,0.000999472,62660,6,501.544816
1780969418.605429,0.000994560,62660,6,504.021879
1780969418.605651,0.001007614,54170,9,430.085330
1780969418.606756,0.000997694,71612,10,574.220152
1780969418.608500,0.000995654,62726,7,503.998377
1780969418.608667,0.001011543,64108,6,507.011565
1780969418.609567,0.000986823,59764,6,484.496207
1780969418.610608,0.001001156,62858,9,502.283360
1780969418.611606,0.001000750,62726,7,501.431926
1780969418.612587,0.000998439,55354,5,443.524341
1780969418.613589,0.000998374,70032,8,561.168460
1780969418.614616,0.001012182,51274,9,405.255181
1780969418.615617,0.000999184,71678,11,573.892296
1780969418.616641,0.000995978,62792,8,504.364554
1780969418.617596,0.001000697,56868,6,454.627125
1780969418.619779,0.001006451,67004,6,532.596222
1780969418.619841,0.000990283,61410,9,496.100610
1780969418.620610,0.001007773,64306,9,510.480039
1780969418.622615,0.000994332,61278,7,493.018428
1780969418.622676,0.000993767,56868,6,457.797452
1780969418.623635,0.001010869,56934,7,450.574704
1780969418.624590,0.000993635,74508,10,599.882251
1780969418.625598,0.001005788,64108,6,509.912626
1780969418.626597,0.000989796,58316,6,471.337528
1780969418.627616,0.001011826,62594,5,494.899321
1780969418.628582,0.000988758,55552,8,449.468930
1780969418.629710,0.001001462,71546,9,571.532420
1780969418.630631,0.001001520,56868,6,454.253535
1780969418.631674,0.000997589,51196,8,410.557855
1780969418.632614,0.001000052,74508,10,596.033006
1780969418.633701,0.001001312,65622,7,524.288134
1780969418.634708,0.001006787,55354,5,439.846760
1780969418.635669,0.001001310,70362,13,562.159571
1780969418.636676,0.001000155,64476,10,515.728062
1780969418.637638,0.000992608,62660,6,505.013057
1780969418.638662,0.000996968,59764,6,479.566044
1780969418.639637,0.001011864,68782,11,543.804306
1780969418.640714,0.000993744,67136,8,540.469175
1780969418.641686,0.000995521,59830,7,480.793474
1780969418.642710,0.001008601,59698,5,473.511329
1780969418.643659,0.000991253,62858,9,507.301365
1780969418.644620,0.001000162,71546,9,572.275291
1780969418.645665,0.001013184,58382,7,460.978460
1780969418.646677,0.000986928,64240,8,520.726943
1780969418.647632,0.000998976,67202,9,538.167083
1780969418.648628,0.001000821,61212,6,489.294289
1780969418.649597,0.001000089,59764,6,478.069452
1780969418.650642,0.000999870,61212,6,489.759669
1780969418.651609,0.000999860,62858,9,502.934411
1780969418.652617,0.000999838,67136,8,537.175022
1780969418.653605,0.001000686,65556,6,524.088475
1780969418.654635,0.001002417,54104,8,431.788368
1780969418.655588,0.000996641,73060,10,586.449885
1780969418.656593,0.001008833,56934,7,451.484041
1780969418.657617,0.000995531,69966,7,562.240653
1780969418.658641,0.001005399,58316,6,464.022741
1780969418.659617,0.000999534,70164,10,561.573693
1780969418.660595,0.000996701,64306,9,516.150781
1780969418.661622,0.000993558,53972,6,434.575536
1780969418.662625,0.001014427,62726,7,494.671376
1780969418.663640,0.000990848,67202,9,542.581708
1780969418.664670,0.001010120,67268,10,532.752544
1780969418.665604,0.000998112,67202,9,538.632939
1780969418.666592,0.000988833,52458,5,424.403312
1780969418.667635,0.001011768,72862,7,576.116264
1780969418.668601,0.000989050,48114,5,389.173449
1780969418.669641,0.001001520,70164,10,560.460101
1780969418.670624,0.000995758,65754,9,528.272934
1780969418.671618,0.001005956,59764,6,475.281225
1780969418.672618,0.000994610,62660,6,503.996541
1780969418.673658,0.001000367,65556,6,524.255598
1780969418.674610,0.001007236,58514,9,464.749076
1780969418.675605,0.000991559,58448,8,471.564476
1780969418.676583,0.001007119,61212,6,486.234497
1780969418.677602,0.000997559,59764,6,479.281927
1780969418.678603,0.000997153,67004,6,537.562440
1780969418.679632,0.001007770,71546,9,567.954990
1780969418.680594,0.001000307,62792,8,502.181830
1780969418.681597,0.000990392,64174,7,518.372523
1780969418.682636,0.001012180,56868,6,449.469462
1780969418.683601,0.000997805,61212,6,490.773247
1780969418.684587,0.000997129,62858,9,504.311879
1780969418.685632,0.000992000,62726,7,505.854839
1780969418.686671,0.001011644,62660,6,495.510278
1780969418.687656,0.000990580,59764,6,482.658644
1780969418.688584,0.000999616,68848,12,550.995582
1780969418.689603,0.000998672,65688,8,526.202797
1780969418.690666,0.001008241,58382,7,463.238452
1780969418.691697,0.000997407,59830,7,479.884340
1780969418.692689,0.001002335,65622,7,523.753037
1780969418.693630,0.001002192,73060,10,583.201622
1780969418.694647,0.000997593,56934,7,456.570966
1780969418.695676,0.000992975,59764,6,481.494499
1780969418.696667,0.001006718,73324,14,582.677572
1780969418.697617,0.000997352,64240,8,515.284473
1780969418.698669,0.001006347,56868,6,452.074682
1780969418.699681,0.001003530,68518,7,546.215858
1780969418.710324,0.000986798,61212,6,496.247459
1780969418.712054,0.001002645,65820,10,525.170923
1780969418.712262,0.001002607,64240,8,512.583694
1780969418.713046,0.001005966,67070,7,533.377868
1780969418.713165,0.001001479,56934,7,454.799352
1780969418.713264,0.000988364,62990,11,509.852645
1780969418.713344,0.000998374,67334,11,539.549307
1780969418.719865,0.000999393,55486,7,444.157604
1780969418.720028,0.001001873,70164,10,560.262628
1780969418.720087,0.001009247,64372,10,510.257648
1780969418.720248,0.000992884,64240,8,517.603265
1780969418.720328,0.001008031,64174,7,509.301797
1780969418.720388,0.001001444,65622,7,524.219028
1780969418.720489,0.000987224,55552,8,450.167338
1780969418.720566,0.001012653,65754,9,519.459282
1780969418.720628,0.000987417,40874,5,331.158973
1780969418.720703,0.001004640,0,0,0.000000
1780969418.720767,0.000994995,0,0,0.000000
1780969418.720813,0.001002452,11650,1,92.972033
1780969418.720890,0.001004835,72862,7,580.091259
1780969418.720990,0.000991578,99124,10,799.727303
1780969418.721648,0.001011566,56802,5,449.220318
1780969418.722802,0.000996497,65754,9,527.881168
1780969418.723594,0.000992652,55552,8,447.705742
1780969418.724800,0.001010550,65688,8,520.017812
1780969418.725882,0.000993206,58382,7,470.250885
1780969418.726870,0.001009865,62990,11,498.997391
1780969418.727609,0.000988398,62858,9,508.766711
1780969418.728601,0.001008830,59830,7,474.450601
1780969418.729590,0.000988120,62726,7,507.841153
1780969418.730614,0.001002004,65622,7,523.926052
1780969418.731632,0.001009896,55420,6,439.015503
1780969418.732604,0.000991239,71612,10,577.959503
1780969418.733688,0.001008868,62792,8,497.920442
1780969418.734610,0.000988579,59830,7,484.169702
1780969418.735588,0.000999604,68716,10,549.945779
1780969418.736572,0.001005506,60094,11,478.119474
1780969418.737623,0.001000332,62924,10,503.224929
1780969418.738896,0.001001552,68584,8,547.821781
1780969418.739717,0.001007504,54170,9,430.132287
1780969418.740663,0.000996368,68782,11,552.261815
1780969418.741673,0.000993285,64306,9,517.925872
1780969418.742756,0.001011266,56934,7,450.397818
1780969418.743756,0.000995871,64108,6,514.990395
1780969418.744659,0.001000712,61212,6,489.347585
1780969418.745691,0.001000227,62858,9,502.749876
1780969418.746639,0.001001353,70164,10,560.553571
1780969418.747608,0.000987397,55486,7,449.553726
1780969418.748632,0.001009972,62726,7,496.853378
1780969418.749615,0.000990755,65754,9,530.940545
1780969418.750670,0.000998971,62858,9,503.381980
1780969418.751627,0.001000077,58316,6,466.492080
1780969418.752740,0.001004904,65622,7,522.414081
1780969418.753784,0.000997709,64108,6,514.041669
1780969418.754722,0.001008063,58316,6,462.796472
1780969418.755680,0.000994132,67268,10,541.320469
1780969418.756743,0.000996291,64240,8,515.833225
1780969418.757774,0.001009260,65688,8,520.682480
1780969418.758682,0.000988830,49562,5,400.974890
1780969418.759782,0.001001731,65556,6,523.541749
1780969418.760682,0.000998717,68716,10,550.434207
1780969418.761705,0.001000971,64306,9,513.948956
1780969418.762717,0.001012535,65622,7,518.476892
1780969418.763789,0.000997718,51010,5,409.013369
1780969418.764756,0.000988420,74310,7,601.444730
1780969418.765864,0.001009530,51142,7,405.273741
1780969418.766604,0.000990922,73060,10,589.834518
1780969418.767626,0.001004595,64240,8,511.569339
1780969418.768888,0.000999062,53972,6,432.181386
1780969418.769688,0.001002908,65556,6,522.927327
1780969418.770606,0.000993495,59896,8,482.305397
1780969418.771646,0.001011963,64372,10,508.888171
1780969418.772674,0.000987808,62726,7,508.001555
1780969418.773651,0.001007452,62726,7,498.096187
1780969418.774598,0.000991895,61476,10,495.826675
1780969418.775704,0.001002249,61476,10,490.704406
1780969418.776603,0.001001736,62792,8,501.465456
1780969418.777645,0.001003244,64174,7,511.731942
1780969418.778620,0.001000043,65622,7,524.953427
1780969418.779629,0.000994707,61410,9,493.894182
1780969418.780657,0.001014249,58448,8,461.014997
1780969418.781606,0.000986150,61278,7,497.108959
1780969418.782665,0.001000182,55420,6,443.279323
1780969418.783633,0.001010783,62660,6,495.932361
1780969418.784620,0.000996014,55420,6,445.134305
1780969418.785574,0.000995893,71612,10,575.258587
1780969418.786609,0.001006049,67202,9,534.383514
1780969418.787641,0.001000726,55420,6,443.038354
1780969418.788652,0.001001496,49562,5,395.903728
1780969418.789679,0.000988555,55486,7,449.027115
1780969418.790699,0.001006056,73126,11,581.486518
1780969418.791598,0.001000110,61344,8,490.698023
1780969418.792652,0.001001592,56868,6,454.220880
1780969418.793597,0.001002092,62660,6,500.233511
1780969418.794764,0.001001869,59764,6,477.220076
1780969418.795604,0.000995999,64372,10,517.044696
1780969418.797022,0.000991284,62792,8,506.752858
1780969418.798141,0.001001101,62726,7,501.256117
1780969418.799172,0.001000579,54236,10,433.636924
1780969418.799809,0.001002857,67268,10,536.610903
1780969418.802003,0.000995485,62792,8,504.614334
1780969418.802989,0.001003449,58382,7,465.450661
1780969418.803504,0.000997393,64174,7,514.733911
1780969418.804020,0.001010315,65754,9,520.661378
1780969418.805210,0.000988575,58448,8,472.987887
1780969418.805725,0.001007916,70032,8,555.855845
1780969418.809677,0.000996022,57066,9,458.351322
1780969418.811501,0.001001600,65820,10,525.718850
1780969418.812753,0.000994671,62726,7,504.496462
1780969418.813405,0.001005026,52524,6,418.090676
1780969418.813875,0.000994456,64240,8,516.785056
1780969418.814161,0.001008857,67268,10,533.419503
1780969418.815739,0.001000150,65688,8,525.425186
1780969418.816274,0.000990995,62726,7,506.367842
1780969418.816701,0.001003849,59830,7,476.804778
1780969418.816966,0.000996415,65754,9,527.924610
1780969418.817306,0.001007534,64240,8,510.077079
1780969418.817804,0.001002304,56868,6,453.898219
1780969418.819091,0.000993133,64108,6,516.410189
1780969418.820050,0.001009453,56868,6,450.683687
1780969418.820784,0.000994094,62858,9,505.851559
1780969418.822015,0.001001752,62858,9,501.984523
1780969418.822809,0.000991978,62726,7,505.866058
1780969418.823806,0.001000614,62726,7,501.500079
1780969418.824739,0.000998849,62660,6,501.857638
1780969418.825743,0.001001183,55420,6,442.836125
1780969418.827414,0.001002931,70164,10,559.671603
1780969418.827916,0.001009286,67136,8,532.146488
1780969418.828804,0.000996919,59830,7,480.119247
1780969418.829782,0.000993232,67400,12,542.874172
1780969418.830714,0.000998704,58448,8,468.190775
1780969418.831643,0.001004130,59830,7,476.671347
1780969418.832622,0.001005458,68518,7,545.168470
1780969418.833591,0.000987480,53906,5,436.715680
1780969418.834593,0.001006236,71546,9,568.820833
1780969418.835660,0.000996478,59896,8,480.861595
1780969418.836595,0.001005391,67136,8,534.208084
1780969418.837563,0.000991888,62660,6,505.379640
1780969418.838589,0.001001567,53972,6,431.100466
1780969418.839589,0.001004495,71678,11,570.857993
1780969418.840582,0.000993931,65688,8,528.712758
1780969418.841666,0.000999972,67070,7,536.575024
1780969418.842669,0.001001322,43770,5,349.697700
1780969418.843603,0.001005385,80498,13,640.534721
1780969418.844609,0.001002394,58448,8,466.467277
1780969418.845659,0.000991753,64174,7,517.661152
1780969418.846674,0.001000489,53972,6,431.564965
1780969418.847623,0.001001145,81748,10,653.236045
1780969418.848608,0.000999014,67136,8,537.618091
1780969418.849652,0.001000068,55354,5,442.801889
1780969418.850649,0.001003594,59764,6,476.399819
1780969418.851638,0.000998765,62990,11,504.543111
1780969418.852590,0.001002383,75890,9,605.676672
1780969418.853572,0.000994138,58316,6,469.278913
1780969418.854589,0.001002399,58448,8,466.464951
1780969418.855663,0.001003370,71744,12,572.024278
1780969418.856591,0.001001230,59830,7,478.051996
1780969418.857583,0.000992883,61278,7,493.737933
1780969418.858591,0.001005451,59896,8,476.570216
1780969418.859585,0.000998135,74508,10,597.177736
1780969418.860595,0.001010244,59764,6,473.263885
1780969418.861588,0.000994367,61212,6,492.470084
1780969418.862618,0.001002373,65622,7,523.733181
1780969418.863624,0.000993523,52458,5,422.399884
1780969418.864591,0.001002406,74508,10,594.633312
1780969418.865599,0.001006539,58594,9,465.706744
1780969418.866627,0.000987377,67070,7,543.419585
1780969418.867600,0.001001947,52458,5,418.848502
1780969418.868583,0.000999282,75758,7,606.499467
1780969418.869630,0.000998429,45284,6,362.842025
1780969418.870608,0.001004554,76022,11,605.418922
1780969418.871612,0.001006774,65688,8,521.968187
1780969418.872621,0.000989176,55684,10,450.346551
1780969418.873626,0.001011973,67202,9,531.255281
1780969418.874609,0.000994109,57000,8,458.702215
1780969418.875607,0.001002327,71480,8,570.512418
1780969418.876626,0.001002228,53972,6,430.816142
1780969418.877616,0.000988874,65754,9,531.950481
1780969418.878661,0.001013464,65754,9,519.043597
1780969418.879591,0.000986356,59830,7,485.260900
1780969418.880597,0.001002474,64174,7,512.125003
1780969418.881628,0.000997192,64372,10,516.426125
1780969418.882602,0.001007350,67202,9,533.693354
1780969418.883677,0.000998552,52524,6,420.801320
1780969418.884623,0.000996900,61212,6,491.218778
1780969418.885609,0.000998851,58514,9,468.650479
1780969418.886716,0.001002321,67202,9,536.371083
1780969418.887577,0.001005792,56934,7,452.849098
1780969418.888939,0.000991241,62792,8,506.774841
1780969418.889624,0.001001070,62858,9,502.326511
1780969418.890661,0.001010433,56868,6,450.246577
1780969418.891621,0.000992441,64108,6,516.770266
1780969418.892636,0.001004268,70296,12,559.978014
1780969418.893615,0.000997093,67202,9,539.183406
1780969418.894640,0.001006311,52458,5,417.032110
1780969418.896638,0.000991725,61146,5,493.249641
1780969418.896712,0.001010179,68980,14,546.279422
1780969418.897603,0.000987033,67202,9,544.678851
1780969418.898645,0.001002447,67372,10,537.660345
1780969418.899596,0.001009522,59896,8,474.648398
1780969418.900601,0.001001269,64372,10,514.323324
1780969418.901582,0.000986421,67202,9,545.016783
1780969418.902615,0.000999144,53972,6,432.145917
1780969418.903662,0.001001051,69966,7,559.140343
1780969418.904660,0.001007874,55486,7,440.420132
1780969418.905632,0.001004853,48180,6,383.578494
1780969418.906638,0.000998330,88988,10,713.094868
1780969418.907670,0.000999063,59764,6,478.560411
1780969418.908597,0.000991624,42256,4,340.903407
1780969418.909648,0.001002992,0,0,0.000000
1780969418.910632,0.001006315,0,0,0.000000
1780969418.911638,0.000987901,0,0,0.000000
1780969418.912668,0.001012026,85828,6,678.464783
1780969418.913649,0.000995690,90370,9,726.089446
1780969418.914690,0.000992620,58448,8,471.060426
1780969418.915830,0.001001377,62726,7,501.117961
1780969418.916671,0.001001571,64108,6,512.059554
1780969418.917631,0.001007175,69966,7,555.740561
1780969418.918612,0.000989249,52458,5,424.224841
1780969418.919601,0.001001330,73126,11,584.230973
1780969418.920620,0.000999152,56934,7,455.858568
1780969418.921606,0.001004637,59830,7,476.430790
1780969418.922615,0.001000222,65622,7,524.859481
1780969418.923602,0.000996428,75758,7,608.236621
1780969418.924590,0.001010136,70230,11,556.202333
1780969418.925578,0.000988481,65754,9,532.161974
1780969418.926600,0.001006381,53972,6,429.038307
1780969418.927590,0.000993971,59764,6,481.012021
1780969418.928620,0.000999958,73192,12,585.560594
1780969418.929609,0.001004734,62792,8,499.969146
1780969418.930615,0.000996064,56934,7,457.271822
1780969418.931587,0.001004676,64306,9,512.053637
1780969418.932609,0.001003540,71678,11,571.401240
1780969418.933590,0.000990795,52524,6,424.095802
1780969418.934592,0.001008903,72928,8,578.275612
1780969418.935643,0.000992116,58316,6,470.235335
1780969418.936596,0.001000154,49694,7,397.490786
1780969418.937635,0.001002282,71678,11,572.118426
1780969418.938635,0.000996211,62792,8,504.246590
1780969418.939606,0.001003849,62726,7,499.883947
1780969418.940660,0.001006008,64372,10,511.900502
1780969418.941672,0.000998383,68782,11,551.147205
1780969418.942609,0.000992202,59896,8,482.933919
1780969418.943679,0.000999738,56868,6,455.063227
1780969418.944603,0.001000065,65622,7,524.941879
1780969418.945650,0.001005127,56802,5,452.098093
1780969418.946594,0.000996507,68650,9,551.125080
1780969418.947590,0.001008988,55486,7,439.933874
1780969418.948584,0.000995732,74376,8,597.558379
1780969418.949586,0.000995754,49562,5,398.186701
1780969418.950609,0.001000535,73060,10,584.167470
1780969418.951602,0.000996966,57000,8,457.387714
1780969418.952592,0.001014359,70032,8,552.325163
1780969418.953588,0.000992794,56868,6,458.246122
1780969418.954657,0.000999049,67400,12,539.713267
1780969418.955591,0.000993803,62858,9,505.999680
1780969418.956589,0.001001246,62792,8,501.710868
1780969418.957591,0.000998643,62792,8,503.018596
1780969418.958653,0.001011249,67454,13,533.629205
1780969418.959602,0.000989915,57000,8,460.645611
1780969418.960604,0.001004124,64240,8,511.809298
1780969418.961582,0.000995212,64174,7,515.861947
1780969418.962632,0.001013077,62792,8,495.851747
1780969418.963667,0.000991946,67268,10,542.513403
1780969418.964618,0.000994940,62726,7,504.360062
1780969418.965604,0.001007654,62726,7,497.996336
1780969418.966599,0.000998508,51274,9,410.804921
1780969418.967645,0.000994436,70164,10,564.452614
1780969418.968618,0.001000249,64174,7,513.264197
1780969418.969604,0.001000117,55420,6,443.308133
1780969418.970638,0.001004705,67400,12,536.674944
1780969418.971613,0.000994563,62726,7,504.551245
1780969418.972619,0.001001216,67070,7,535.908335
1780969418.973600,0.001001899,59764,6,477.205786
1780969418.974629,0.001000530,67268,10,537.858935
1780969418.975594,0.001008526,61344,8,486.603221
1780969418.976597,0.000988123,67070,7,543.009322
1780969418.977592,0.001011192,68518,7,542.077073
1780969418.978681,0.000991623,42388,6,341.968672
1780969418.979658,0.001002610,68716,10,548.296945
1780969418.980655,0.000994694,64240,8,516.661405
1780969418.981655,0.001012004,65556,6,518.227201
1780969418.982606,0.000997451,68848,12,552.191536
1780969418.983621,0.000999057,54038,7,432.712047
1780969418.984767,0.000991433,65556,6,528.979770
1780969418.985667,0.001009653,65622,7,519.956856
1780969418.986648,0.000991918,62858,9,506.961261
1780969418.987609,0.001000534,62792,8,502.067896
1780969418.988613,0.000997958,62726,7,502.834789
1780969418.989609,0.000999577,59764,6,478.314327
1780969418.990743,0.001013228,65874,11,520.111959
1780969418.991626,0.000997585,68584,8,550.000251
1780969418.992588,0.000999824,62660,6,501.368241
1780969418.993628,0.001002368,52578,7,419.630315
1780969418.994656,0.000995153,68848,12,553.466653
1780969418.995590,0.000994330,70032,8,563.450766
1780969418.996627,0.001001398,56868,6,454.308876
1780969418.997608,0.001001844,59764,6,477.231984
1780969418.998636,0.000996539,71810,13,576.475181
1780969418.999608,0.001001601,65754,9,525.191169
1780969419.000617,0.001007223,59764,6,474.683362
1780969419.001606,0.000995958,58448,8,469.481645
1780969419.002611,0.000995947,67400,12,541.394271
1780969419.003590,0.001008538,58448,8,463.625565
1780969419.004613,0.000988683,64108,6,518.734519
1780969419.005575,0.000999546,65820,10,526.799167
1780969419.006611,0.001007534,67202,9,533.595889
1780969419.007669,0.000999124,68518,7,548.624595
1780969419.008582,0.000993556,58316,6,469.553805
1780969419.009568,0.001000030,58382,7,467.041989
1780969419.010666,0.000999943,70230,11,561.872027
1780969419.011655,0.001012290,67136,8,530.567328
1780969419.012671,0.000994726,52458,5,421.889043
1780969419.013636,0.001000346,67070,7,536.374414
1780969419.014650,0.001001947,67268,10,537.098270
1780969419.015604,0.000990194,65688,8,530.708124
1780969419.016580,0.001000215,58316,6,466.427718
1780969419.017646,0.001007638,58250,5,462.467672
1780969419.018629,0.000992558,64438,11,519.369145
1780969419.019620,0.001011630,67136,8,530.913476
1780969419.020577,0.000988013,62726,7,507.896151
1780969419.021597,0.001003565,68518,7,546.196808
1780969419.022631,0.001010503,52524,6,415.824594
1780969419.023590,0.000992128,65754,9,530.205780
1780969419.024606,0.000993902,62792,8,505.418039
1780969419.025602,0.001004676,61278,7,487.942381
1780969419.026833,0.001002761,57000,8,454.744451
1780969419.027647,0.001000093,71744,12,573.898627
1780969419.028666,0.001003458,55420,6,441.832144
1780969419.029649,0.000989377,64174,7,518.904321
1780969419.030673,0.001002826,64108,6,511.418731
1780969419.031649,0.001008062,61344,8,486.827199
1780969419.032635,0.000988639,71612,10,579.479466
1780969419.033623,0.001010872,55420,6,438.591632
1780969419.034650,0.000992175,55420,6,446.856653
1780969419.035643,0.001006365,62792,8,499.158854
1780969419.036610,0.001003802,67136,8,535.053726
1780969419.037588,0.000987779,62726,7,508.016469
1780969419.038618,0.001011386,67268,10,532.085673
1780969419.039686,0.000993750,70230,11,565.373585
1780969419.040655,0.001007328,62726,7,498.157502
1780969419.041713,0.000987751,56868,6,460.585714
1780969419.042689,0.001009621,59764,6,473.555919
1780969419.043680,0.000989874,68452,6,553.217884
1780969419.044652,0.001010865,59896,8,474.017797
1780969419.045627,0.000989266,58382,7,472.123777
1780969419.046623,0.000999283,68584,8,549.065680
1780969419.047602,0.001002370,65886,11,525.841755
1780969419.048613,0.001003022,59896,8,477.724317
1780969419.049635,0.001006711,62726,7,498.462816
1780969419.050653,0.000989438,61212,6,494.923381
1780969419.051584,0.001000645,72862,7,582.520274
1780969419.052595,0.001000870,53906,5,430.873140
1780969419.053570,0.001006064,70098,9,557.403903
1780969419.054675,0.000991188,58382,7,471.208287
1780969419.055635,0.001000652,59830,7,478.328130
1780969419.056677,0.001002956,70032,8,558.604764
1780969419.057609,0.000998881,54170,9,433.845473
1780969419.058703,0.000998765,65754,9,526.682453
1780969419.059692,0.001001494,64240,8,513.153349
1780969419.061891,0.000997909,61344,8,491.780313
1780969419.062126,0.001001477,65886,11,526.310639
1780969419.062648,0.001001048,62726,7,501.282656
1780969419.063650,0.000996636,62660,6,502.971998
1780969419.064657,0.001003798,57000,8,454.274665
1780969419.065651,0.001009841,73192,12,579.829894
1780969419.066755,0.000987172,26328,4,213.360995
1780969419.067708,0.001000822,99124,10,792.340696
1780969419.068682,0.000998827,70230,11,562.499812
1780969419.069644,0.001003743,62792,8,500.462768
1780969419.070664,0.000996781,65622,7,526.671355
1780969419.071678,0.001000507,59764,6,477.869720
1780969419.072660,0.001006000,53906,5,428.675944
1780969419.073654,0.001001327,54104,8,432.258393
1780969419.074618,0.000993142,80300,10,646.836001
1780969419.075598,0.000998767,58382,7,467.632591
1780969419.076711,0.001000472,61410,9,491.048225
1780969419.077681,0.000999925,74574,11,596.636748
1780969419.078788,0.001001477,65688,8,524.728975
1780969419.079662,0.001011617,62726,7,496.045440
1780969419.080631,0.000995893,53972,6,433.556617
1780969419.081580,0.000989539,57000,8,460.820645
1780969419.082616,0.001012727,80234,9,633.805557
1780969419.083643,0.000992410,52524,6,423.405649
1780969419.084797,0.001008369,64108,6,508.607464
1780969419.085644,0.000987587,52458,5,424.938765
1780969419.086720,0.000999859,67268,10,538.219889
1780969419.087674,0.001000025,59896,8,479.156021
1780969419.088622,0.001000259,62858,9,502.733792
1780969419.089605,0.001000934,70296,12,561.843238
1780969419.090642,0.001005773,58514,9,465.425101
1780969419.091679,0.001001622,68584,8,547.783495
1780969419.092607,0.001001586,56868,6,454.223601
1780969419.093606,0.000997033,61476,10,493.271537
1780969419.094622,0.000998113,64438,11,516.478595
1780969419.095575,0.001002621,64306,9,513.103157
1780969419.096579,0.000998353,57000,8,456.752271
1780969419.097590,0.000999871,73258,13,586.139612
1780969419.098623,0.001005917,57000,8,453.317719
1780969419.099582,0.000987183,64240,8,520.592433
1780969419.100571,0.001001755,68518,7,547.183693
1780969419.101635,0.000997676,56934,7,456.532983
1780969419.102627,0.001002442,61410,9,490.083217
1780969419.103632,0.001004801,64240,8,511.464459
1780969419.104597,0.000996192,62726,7,503.726189
1780969419.105660,0.000997529,62726,7,503.051039
1780969419.106871,0.001005393,64306,9,511.688464
1780969419.107672,0.000997935,65754,9,527.120504
1780969419.108608,0.001007194,61344,8,487.246747
1780969419.109581,0.000992381,65622,7,529.006501
1780969419.110629,0.001010008,58646,11,464.519093
1780969419.111611,0.000989880,64306,9,519.707439
1780969419.112657,0.000996743,57000,8,457.490045
1780969419.113624,0.001005946,71480,8,568.459937
1780969419.114640,0.000993816,55486,7,446.650084
1780969419.115607,0.001003057,65754,9,524.428821
1780969419.116600,0.001003891,68650,9,547.071345
1780969419.117563,0.000994405,59830,7,481.333058
1780969419.118607,0.001003867,58316,6,464.730886
1780969419.119604,0.000996697,57000,8,457.511159
1780969419.120574,0.001002993,73060,10,582.735872
1780969419.121624,0.001006720,59830,7,475.445010
1780969419.122639,0.000996355,62726,7,503.643782
1780969419.123616,0.000999470,61410,9,491.540516
1780969419.124615,0.000997819,67202,9,538.791103
1780969419.125600,0.001000601,65688,8,525.188362
1780969419.126602,0.000999485,52524,6,420.408510
1780969419.127611,0.001006220,53906,5,428.582219
1780969419.128578,0.000988213,53972,6,436.926047
1780969419.129577,0.001000727,64306,9,514.074268
1780969419.130600,0.001000151,71546,9,572.281585
1780969419.131602,0.001000400,62726,7,501.607357
1780969419.132573,0.001001111,56802,5,453.911704
1780969419.133611,0.000998840,62858,9,503.448000
1780969419.134628,0.001006748,64306,9,510.999774
1780969419.135614,0.000992709,62792,8,506.025431
1780969419.136599,0.001000040,62726,7,501.787928
1780969419.137564,0.001004586,60028,10,478.031746
1780969419.138610,0.000995259,68716,10,552.346676
1780969419.139591,0.001005235,56934,7,453.100021
1780969419.140613,0.000999467,65622,7,525.255961
1780969419.141578,0.000995283,56802,5,456.569639
1780969419.142601,0.001004949,71414,7,568.498501
1780969419.143639,0.001007433,59962,9,476.156727
1780969419.144565,0.000988253,59896,8,484.863694
1780969419.145646,0.000999948,59830,7,478.664891
1780969419.146621,0.001011986,53972,6,426.662029
1780969419.147585,0.000987509,68716,10,556.681509
1780969419.148577,0.001000609,67202,9,537.288791
1780969419.149583,0.000999027,59830,7,479.106170
1780969419.150613,0.001008679,58316,6,462.513842
1780969419.151614,0.001005261,68848,12,547.901490
1780969419.152573,0.000987064,58514,9,474.246857
1780969419.153616,0.001005229,68584,8,545.817918
1780969419.154617,0.001002653,62726,7,500.480226
1780969419.155598,0.001001517,62660,6,500.520710
1780969419.156579,0.001000453,55420,6,443.159249
1780969419.157608,0.000994012,73060,10,588.000950
1780969419.158599,0.000995440,61344,8,493.000080
1780969419.159581,0.000999713,64174,7,513.539386
1780969419.160580,0.001000028,62660,6,501.265965
1780969419.161593,0.001008236,54104,8,429.296316
1780969419.162598,0.000991943,64306,9,518.626574
1780969419.163585,0.001006421,61278,7,487.096354
1780969419.164609,0.001006215,71480,8,568.307966
1780969419.165592,0.000998858,57000,8,456.521347
1780969419.166618,0.001001116,64306,9,513.874516
1780969419.167596,0.000987333,59830,7,484.780717
1780969419.168600,0.000999995,65622,7,524.978625
1780969419.169589,0.001009103,59896,8,474.845482
1780969419.170609,0.000995403,67202,9,540.098834
1780969419.171598,0.000997276,58448,8,468.861178
1780969419.172667,0.001003915,58316,6,464.708666
1780969419.173619,0.000997545,62858,9,504.101569
1780969419.174665,0.000997061,70296,12,564.025671
1780969419.175652,0.001002755,61410,9,489.930242
1780969419.176610,0.000999756,67136,8,537.219081
1780969419.177564,0.001001103,56868,6,454.442750
1780969419.178644,0.001001987,68716,10,548.637857
1780969419.179577,0.000993823,65754,9,529.301495
1780969419.180591,0.001000404,54038,7,432.129420
1780969419.181598,0.001006728,64174,7,509.960983
1780969419.182669,0.000997700,58316,6,467.603488
1780969419.183609,0.000995866,62858,9,504.951469
1780969419.184597,0.001005375,71612,10,569.833147
1780969419.185610,0.001004396,53972,6,429.886220
1780969419.186614,0.000998961,62660,6,501.801372
1780969419.187624,0.000994347,62660,6,504.129846
1780969419.188598,0.000996503,62792,8,504.098834
1780969419.189601,0.001006488,65754,9,522.641105
1780969419.190599,0.000997234,64240,8,515.345446
1780969419.191631,0.000997054,53972,6,433.051771
1780969419.192608,0.001008913,67202,9,532.866560
1780969419.193621,0.000990641,62858,9,507.614767
1780969419.194612,0.000999860,68584,8,548.748825
1780969419.195606,0.001012985,53972,6,426.241257
1780969419.196604,0.000987035,64240,8,520.670493
1780969419.197658,0.001003954,65754,9,523.960261
1780969419.198597,0.000995890,67202,9,539.834721
1780969419.199602,0.001001676,58316,6,465.747407
1780969419.200600,0.000998279,57000,8,456.786129
1780969419.201616,0.001012590,64438,11,509.094500
1780969419.202674,0.001000914,59896,8,478.730440
1780969419.203641,0.000993534,68584,8,552.242802
1780969419.204621,0.000992827,62726,7,505.433474
1780969419.205590,0.001002203,62660,6,500.178108
1780969419.206636,0.001008754,52524,6,416.545560
1780969419.207606,0.000992206,71546,9,576.864079
1780969419.208571,0.001010999,64240,8,508.328891
1780969419.209615,0.000990675,62726,7,506.531405
1780969419.210604,0.000996798,62924,10,505.009039
1780969419.211576,0.001006198,62792,8,499.241700
1780969419.212586,0.000996714,56868,6,456.443875
1780969419.213568,0.001000082,58514,9,468.073618
1780969419.214588,0.001004263,60028,10,478.185495
1780969419.215587,0.000991239,58448,8,471.716710
1780969419.216600,0.001001727,61278,7,489.378843
1780969419.217574,0.000998779,62924,10,504.007393
1780969419.218643,0.001003205,61476,10,490.236791
1780969419.219571,0.000998882,65754,9,526.620762
1780969419.220589,0.001004870,64174,7,510.903898
1780969419.221585,0.000993058,57066,9,459.719372
1780969419.222628,0.001010863,67268,10,532.360963
1780969419.223642,0.001000224,70098,9,560.658413
1780969419.224571,0.000988301,56868,6,460.329394
1780969419.225676,0.001000751,67004,6,535.629742
1780969419.226699,0.000999611,53906,5,431.415821
1780969419.227668,0.001010045,71678,11,567.721240
1780969419.228593,0.000999767,59830,7,478.751549
1780969419.229640,0.000998123,71546,9,573.444355
1780969419.230675,0.000992342,58646,11,472.788615
1780969419.231654,0.001008812,58514,9,464.023029
1780969419.232599,0.001000515,62726,7,501.549702
1780969419.233682,0.000995670,56934,7,457.452770
1780969419.234668,0.001002532,65622,7,523.650118
1780969419.235590,0.000993730,59896,8,482.191340
1780969419.236641,0.001004726,64306,9,512.028155
1780969419.237697,0.000996473,62792,8,504.114010
1780969419.238694,0.001006285,64174,7,510.185484
1780969419.239617,0.000992479,69966,7,563.969615
1780969419.240642,0.001002204,43836,6,349.916783
1780969419.241670,0.001010377,70164,10,555.547088
1780969419.242603,0.000993457,56934,7,458.471781
1780969419.243586,0.000992486,65622,7,528.950534
1780969419.244582,0.001000237,59896,8,479.054464
1780969419.245564,0.001002300,67202,9,536.382321
1780969419.246600,0.000997548,58448,8,468.733334
1780969419.247610,0.001005295,64174,7,510.687908
1780969419.248597,0.001006687,59896,8,475.985088
1780969419.249599,0.000998819,65886,11,527.711227
1780969419.250598,0.000988891,61410,9,496.798939
1780969419.251672,0.001012998,67136,8,530.196506
1780969419.252584,0.000990885,55486,7,447.971258
1780969419.253662,0.000995818,64504,12,518.199109
1780969419.254675,0.001002430,68716,10,548.395399
1780969419.255671,0.001008425,64174,7,509.102809
1780969419.256580,0.000991545,53972,6,435.457796
1780969419.257580,0.001013080,65754,9,519.240336
1780969419.258604,0.000992494,71612,10,577.228678
1780969419.259655,0.001000806,54038,7,431.955844
1780969419.260587,0.000992378,68584,8,552.886098
1780969419.261632,0.001009937,61410,9,486.446184
1780969419.262590,0.000993476,61410,9,494.506158
1780969419.263607,0.001003139,59830,7,477.142250
1780969419.264585,0.000992945,58316,6,469.842741
1780969419.265661,0.001010018,65556,6,519.246192
1780969419.266707,0.000992026,51076,6,411.892430
1780969419.267809,0.001009536,75956,10,601.908203
1780969419.268585,0.000996471,64240,8,515.740047
1780969419.269595,0.000993524,55420,6,446.249914
1780969419.270648,0.001012100,61344,8,484.884893
1780969419.271614,0.000987554,67268,10,544.926151
1780969419.272578,0.001011235,67136,8,531.120857
1780969419.273563,0.000996013,64174,7,515.447088
1780969419.274671,0.000999420,56934,7,455.736327
1780969419.275648,0.001000913,64306,9,513.978737
1780969419.276601,0.000994110,68650,9,552.453954
1780969419.277600,0.000998123,56868,6,455.799536
1780969419.278620,0.001010766,65556,6,518.861932
1780969419.279617,0.000988655,68452,6,553.899995
1780969419.280592,0.001007973,55618,9,441.424522
1780969419.281610,0.001001166,62858,9,502.278343
1780969419.282694,0.001000420,64240,8,513.704244
1780969419.283782,0.000990228,56934,7,459.966796
1780969419.284634,0.001012844,59962,9,473.612916
1780969419.285618,0.000987260,57000,8,461.884407
1780969419.286658,0.000999627,71480,8,572.053376
1780969419.287640,0.001000356,62726,7,501.629420
1780969419.288637,0.000999955,65754,9,526.055673
1780969419.289630,0.001009281,65754,9,521.194791
1780969419.290674,0.000995063,54038,7,434.448874
1780969419.291651,0.000995637,65622,7,527.276507
1780969419.292647,0.001010891,56802,5,449.520275
1780969419.293576,0.000994185,73060,10,587.898631
1780969419.294607,0.000994479,58448,8,470.179863
1780969419.295592,0.001009825,61278,7,485.454410
1780969419.296589,0.001002387,69966,7,558.395111
1780969419.297572,0.000998170,61476,10,492.709659
1780969419.298616,0.000998606,65688,8,526.237575
1780969419.299601,0.000990626,58382,7,471.475612
1780969419.300609,0.001005904,65622,7,521.894733
1780969419.301566,0.000999711,55354,5,442.960015
1780969419.302590,0.000995200,58382,7,469.308682
1780969419.303590,0.001004266,71612,10,570.462407
1780969419.304587,0.001005970,64240,8,510.870105
1780969419.305607,0.000999878,64174,7,513.454641
1780969419.306656,0.000999493,65556,6,524.714030
1780969419.307642,0.000994758,55552,8,446.757905
1780969419.308644,0.001004319,74574,11,594.026400
1780969419.309708,0.000990648,53972,6,435.852089
1780969419.310661,0.001000291,62726,7,501.662016
1780969419.311632,0.001000919,64438,11,515.030687
1780969419.312689,0.001001136,61410,9,490.722539
1780969419.313690,0.001003246,59830,7,477.091361
1780969419.314637,0.000999695,65622,7,525.136167
1780969419.315617,0.001007764,57066,9,453.010824
1780969419.316651,0.000990928,65754,9,530.847852
1780969419.317632,0.000996126,61278,7,492.130514
1780969419.318630,0.000999819,57132,10,457.138742
1780969419.319648,0.001007095,67334,11,534.877047
1780969419.320573,0.000993826,64306,9,517.643934
1780969419.321590,0.001003443,62726,7,500.086203
1780969419.322659,0.000996180,54104,8,434.491759
1780969419.323591,0.001005952,68782,11,547.000254
1780969419.324582,0.000997166,59830,7,480.000321
1780969419.325592,0.000996223,62726,7,503.710515
1780969419.326620,0.001013819,59830,7,472.115831
1780969419.327583,0.000989351,64306,9,519.985324
1780969419.328581,0.000997979,67202,9,538.704722
1780969419.329600,0.000999674,65622,7,525.147198
1780969419.330608,0.001006398,49694,7,395.024632
1780969419.331605,0.000993080,64372,10,518.564466
1780969419.332654,0.001000216,64306,9,514.336903
1780969419.333641,0.001005464,65688,8,522.648250
1780969419.334662,0.001000067,64174,7,513.357605
1780969419.335626,0.000997396,55552,8,445.576281
1780969419.336655,0.000998208,68650,9,550.185933
1780969419.337674,0.001010600,55486,7,439.232139
1780969419.338596,0.000991048,62660,6,505.807993
1780969419.339658,0.001003686,62660,6,499.439068
1780969419.340616,0.000993741,53972,6,434.495507
1780969419.341710,0.001012601,64306,9,508.046111
1780969419.342601,0.000987533,55486,7,449.491814
1780969419.343670,0.001000723,68518,7,547.747978
1780969419.344639,0.001001613,45416,8,362.742896
1780969419.345574,0.000996965,65886,11,528.692582
1780969419.346641,0.001005071,65754,9,523.377950
1780969419.347640,0.001009677,58382,7,462.579617
1780969419.348583,0.000988702,67202,9,543.759394
1780969419.349596,0.001003299,67334,11,536.900764
1780969419.350590,0.000993539,58448,8,470.624706
1780969419.351639,0.001015826,61278,7,482.586585
1780969419.352617,0.000990129,64108,6,517.976950
1780969419.353650,0.001003621,62726,7,499.997509
1780969419.354650,0.001001925,64306,9,513.459590
1780969419.355675,0.000989197,65754,9,531.776785
1780969419.356599,0.001003595,56868,6,453.314335
1780969419.357631,0.001006718,62660,6,497.934874
1780969419.358718,0.000989188,52458,6,424.251002
1780969419.359685,0.001000207,64372,10,514.869422
1780969419.360653,0.001012503,62858,9,496.654331
1780969419.361658,0.000988617,62726,7,507.585850
1780969419.362749,0.000999801,62660,6,501.379775
1780969419.363611,0.000999782,64372,10,515.088289
1780969419.364887,0.001000999,64240,8,513.407106
1780969419.365717,0.001012482,65834,9,520.179124
1780969419.366619,0.000996665,59764,6,479.711839
1780969419.367579,0.000988346,56802,5,459.774209
1780969419.368591,0.001005564,59896,8,476.516661
1780969419.369582,0.000994563,64306,9,517.260344
1780969419.370636,0.001003112,61278,7,488.703156
1780969419.371663,0.000997029,61410,9,492.743942
1780969419.372642,0.001004701,64372,10,512.566425
1780969419.373633,0.000995089,67202,9,540.269262
1780969419.374619,0.000999931,58382,7,467.088229
1780969419.375713,0.001000895,67070,7,536.080208
1780969419.376609,0.001008603,58382,7,463.072190
1780969419.377588,0.000990422,65754,9,531.119058
1780969419.378619,0.001001242,56934,7,454.907005
1780969419.379596,0.001004219,65622,7,522.770432
1780969419.380623,0.001004952,62726,7,499.335292
1780969419.381620,0.000994595,61476,10,494.480668
1780969419.382710,0.001002470,65754,9,524.735902
1780969419.383602,0.001005736,53972,6,429.313458
1780969419.384587,0.000992524,72928,8,587.818531
1780969419.385583,0.001000218,65820,10,526.445235
1780969419.386609,0.001001794,62792,8,501.436423
1780969419.387593,0.000994498,62726,7,504.584222
1780969419.388602,0.001010816,56934,7,450.598328
1780969419.389585,0.000995705,73126,11,587.531448
1780969419.390612,0.000992032,61278,7,494.161479
1780969419.391610,0.000999929,61212,6,489.730771
1780969419.392611,0.001009710,53906,5,427.100851
1780969419.393615,0.000990730,53906,5,435.283074
1780969419.394618,0.000999903,65754,9,526.083030
1780969419.395645,0.001004698,61344,8,488.457228
1780969419.396627,0.001005743,64240,8,510.985411
1780969419.397599,0.000998085,68518,7,549.195710
1780969419.398600,0.000994191,52524,6,422.647157
1780969419.399589,0.001012022,70230,11,555.165797
1780969419.401690,0.000985067,59950,9,486.870436
1780969419.401756,0.001004742,56934,7,453.322345
1780969419.402626,0.000995367,64410,9,517.678404
1780969419.403632,0.001006896,65952,12,524.002479
1780969419.404623,0.000997293,67268,10,539.604710
1780969419.405635,0.001008984,54038,7,428.454762
1780969419.406589,0.000992400,64174,7,517.323660
1780969419.407583,0.001003228,61278,7,488.646649
1780969419.408642,0.001000356,65820,10,526.372611
1780969419.409597,0.000998899,71546,9,572.998872
1780969419.410637,0.001002205,62726,7,500.703948
1780969419.411595,0.000989521,55420,6,448.055170
1780969419.412586,0.001012360,70230,11,554.980442
1780969419.413572,0.000986906,58448,8,473.787777
1780969419.414825,0.001002465,62726,7,500.574085
1780969419.415680,0.001004572,65622,7,522.586733
1780969419.416751,0.000996241,61410,9,493.133690
1780969419.417760,0.001009759,65688,8,520.425171
1780969419.418618,0.000991095,56868,6,459.031677
1780969419.419609,0.001005531,65622,7,522.088329
1780969419.420585,0.000996452,62660,6,503.064874
1780969419.421585,0.001001802,62792,8,501.432419
1780969419.422582,0.000992314,64306,9,518.432674
1780969419.423661,0.001005903,61344,8,487.872091
1780969419.424647,0.001001888,64174,7,512.424542
1780969419.425634,0.000997603,67268,10,539.437031
1780969419.426662,0.000997917,65754,9,527.130012
1780969419.427691,0.001010082,56934,7,450.925766
1780969419.428604,0.000987373,68518,7,555.153929
1780969419.429624,0.001012409,61542,11,486.301485
1780969419.430603,0.000990145,58514,9,472.771160
1780969419.431588,0.000996743,72994,9,585.860146
1780969419.432673,0.000999531,53972,6,431.978598
1780969419.433613,0.001000592,67004,6,535.714857
1780969419.434657,0.001007865,59896,8,475.428753
1780969419.435646,0.001004367,64372,10,512.736878
1780969419.436633,0.000987988,62792,8,508.443422
1780969419.437654,0.001000197,62726,7,501.709163
1780969419.438642,0.001010952,61476,10,486.480070
1780969419.439635,0.000992011,62990,11,507.978238
1780969419.440606,0.001008829,59896,8,474.974451
1780969419.441705,0.000990505,68584,8,553.931580
1780969419.442665,0.001000847,58250,5,465.605632
1780969419.443681,0.000996831,55552,8,445.828832
1780969419.444648,0.001000704,71546,9,571.965336
1780969419.445593,0.000998051,55420,6,444.225796
1780969419.446606,0.001005066,71414,7,568.432322
1780969419.447562,0.000999595,67268,10,538.362037
1780969419.448588,0.000997093,62792,8,503.800548
1780969419.449632,0.000999531,53972,6,431.978598
1780969419.450621,0.000999963,69966,7,559.748711
1780969419.451581,0.001000605,52590,7,420.465618
1780969419.452587,0.001000834,65820,10,526.121215
1780969419.453559,0.000998051,65622,7,526.001176
1780969419.454669,0.001015592,61212,6,482.177882
1780969419.455657,0.000985238,46732,6,379.457552
1780969419.456614,0.001004942,70296,12,559.602445
1780969419.457666,0.000999706,62858,9,503.011885
1780969419.458605,0.001000413,52458,5,419.490750
1780969419.459685,0.001000266,65622,7,524.836394
1780969419.460636,0.000993274,65688,8,529.062474
1780969419.461622,0.001004656,52722,9,419.821312
1780969419.462650,0.001006243,61410,9,488.231968
1780969419.463648,0.000996306,64174,7,515.295502
1780969419.464693,0.000993712,59698,5,480.606051
1780969419.465804,0.001007220,67400,12,535.334882
1780969419.466701,0.000998000,68650,9,550.300601
1780969419.467710,0.001004690,61278,7,487.935582
1780969419.468607,0.000991390,65622,7,529.535299
1780969419.469605,0.001004329,48246,7,384.304346
1780969419.470628,0.000994977,64306,9,517.045118
1780969419.471607,0.001005804,62726,7,498.912313
1780969419.472604,0.000996838,64108,6,514.490820
1780969419.473646,0.001002777,71810,13,572.889087
1780969419.474605,0.001003492,58448,8,465.956879
1780969419.475636,0.000995430,59896,8,481.367851
1780969419.476605,0.000999595,69966,7,559.954782
1780969419.477689,0.001000211,53972,6,431.684914
1780969419.478751,0.000996106,68716,10,551.877009
1780969419.479665,0.001004640,58382,7,464.898869
1780969419.480640,0.000999828,67004,6,536.124213
1780969419.481615,0.001008572,58514,9,464.133448
1780969419.482596,0.000985624,76076,12,617.484964
1780969419.483627,0.001008456,61278,7,486.113425
1780969419.484582,0.000991504,59764,6,482.208846
1780969419.485640,0.000999841,64504,12,516.114062
1780969419.486614,0.001009223,62726,7,497.222120
1780969419.487649,0.000999171,68584,8,549.127226
1780969419.488616,0.000992424,59830,7,482.293858
1780969419.489616,0.000999891,52524,6,420.237806
1780969419.490728,0.000999726,67202,9,537.763347
1780969419.491652,0.001000631,64174,7,513.068254
1780969419.492609,0.000998987,71348,6,571.362791
1780969419.493610,0.001008985,55750,11,442.028375
1780969419.494637,0.000991442,68650,9,553.940624
1780969419.495644,0.001012907,61278,7,483.977305
1780969419.496591,0.000992756,64108,6,516.606296
1780969419.497613,0.001004673,60094,11,478.515895
1780969419.498628,0.000989344,70164,10,567.357764
1780969419.499596,0.001000125,56868,6,454.887139
1780969419.500622,0.001011413,72862,7,576.318477
1780969419.501598,0.000989681,53972,6,436.277952
1780969419.502617,0.000999352,64306,9,514.781578
1780969419.503588,0.001004967,56934,7,453.220852
1780969419.504647,0.000994579,62726,7,504.543128
1780969419.505621,0.000999706,57000,8,456.134103
1780969419.506645,0.001008545,77602,13,615.556073
1780969419.507687,0.001002054,64174,7,512.339654
1780969419.508658,0.000996767,55420,6,444.798032
1780969419.509575,0.001004865,62858,9,500.429411
1780969419.510613,0.000998820,71678,11,574.101440
1780969419.511623,0.000989742,62726,7,507.008897
1780969419.512576,0.001011508,61212,6,484.124693
1780969419.513593,0.001000235,55486,7,443.783711
1780969419.514610,0.000989429,73192,12,591.791831
1780969419.515583,0.000999066,64306,9,514.928944
1780969419.516670,0.001000250,56868,6,454.830292
1780969419.517653,0.001003316,59698,5,476.005566
1780969419.518631,0.001010110,60028,10,475.417529
1780969419.519619,0.000990984,76088,12,614.242006
1780969419.520595,0.001004782,56868,6,452.778812
1780969419.521558,0.000991008,68518,7,553.117634
1780969419.522600,0.001005869,65886,11,524.012570
1780969419.523645,0.000992687,68518,7,552.182108
1780969419.524622,0.001000519,65622,7,524.703679
1780969419.525620,0.000999284,51010,5,408.372395
1780969419.526618,0.001008746,61278,7,485.973674
1780969419.527655,0.001006233,77470,11,615.920965
1780969419.528581,0.000985660,51076,6,414.552686
1780969419.529631,0.001009506,59764,6,473.609865
1780969419.530627,0.000991571,58580,10,472.623746
1780969419.531578,0.000999008,64240,8,514.430315
1780969419.532593,0.001000227,53906,5,431.150129
1780969419.533681,0.001003727,62726,7,499.944706
1780969419.534629,0.000998296,71678,11,574.402782
1780969419.535587,0.000998386,67136,8,537.956261
1780969419.536579,0.001002576,62660,6,499.992021
1780969419.537577,0.000996375,55618,9,446.562790
1780969419.538601,0.001008448,77536,12,615.091705
1780969419.539602,0.000992062,54038,7,435.763087
1780969419.540572,0.001000019,62726,7,501.798466
1780969419.541630,0.000999796,60028,10,480.321986
1780969419.542604,0.001000032,67136,8,537.070814
1780969419.543581,0.000999649,64108,6,513.044078
1780969419.544579,0.000999757,57000,8,456.110835
1780969419.545560,0.001000940,67334,11,538.166124
1780969419.546597,0.001002048,58382,7,466.101424
1780969419.547636,0.000998098,61212,6,490.629177
1780969419.548617,0.001006412,65622,7,521.631300
1780969419.549621,0.001005456,58316,6,463.996435
1780969419.550620,0.001002376,71546,9,571.011277
1780969419.551616,0.000984779,56934,7,462.511894
1780969419.552570,0.001003506,64306,9,512.650647
1780969419.553587,0.000998096,60028,10,481.140091
1780969419.554621,0.000999806,65754,9,526.134070
1780969419.555637,0.001007180,55486,7,440.723605
1780969419.556608,0.000999177,65622,7,525.408411
1780969419.557600,0.000996829,62990,11,505.523013
1780969419.558586,0.000995213,62858,9,505.282789
1780969419.559605,0.001003250,55486,7,442.450037
1780969419.560606,0.001007358,74376,8,590.661910
1780969419.561680,0.001000308,58580,10,468.495703
1780969419.562612,0.000989809,57066,9,461.228378
1780969419.563669,0.001007364,71546,9,568.183894
1780969419.564765,0.000998718,51142,7,409.661186
1780969419.565635,0.000993624,66018,13,531.533055
1780969419.566631,0.001003272,61410,9,489.677774
1780969419.567625,0.001009380,68650,9,544.096376
1780969419.568591,0.000994479,59830,7,481.297242
1780969419.569626,0.001000783,62858,9,502.470566
1780969419.570590,0.000992238,64306,9,518.472383
1780969419.571643,0.001000505,59896,8,478.926142
1780969419.572572,0.000999686,65688,8,525.669060
1780969419.573570,0.001000089,59896,8,479.125358
1780969419.574631,0.000999502,62858,9,503.114551
1780969419.575678,0.001001079,59896,8,478.651535
1780969419.576600,0.001005470,74376,8,591.771013
1780969419.577571,0.000993902,48246,7,388.336073
1780969419.578624,0.001001990,65820,10,525.514227
1780969419.579614,0.001010448,64306,9,509.128624
1780969419.580583,0.000986799,65622,7,531.998918
1780969419.581557,0.001000591,55420,6,443.098129
1780969419.582592,0.000999939,68716,10,549.761535
1780969419.583600,0.001000240,64306,9,514.324562
1780969419.584595,0.001000355,55486,7,443.730476
1780969419.585613,0.001005103,62660,6,498.734956
1780969419.586611,0.001001319,62660,6,500.619683
1780969419.587605,0.000993005,61344,8,494.208992
1780969419.588591,0.001011467,71546,9,565.879065
1780969419.589580,0.000989143,59830,7,483.893633
1780969419.590610,0.000999673,56868,6,455.092815
1780969419.591646,0.001003080,62792,8,500.793556
1780969419.592597,0.001006604,70164,10,557.629415
1780969419.593610,0.000995640,65754,9,528.335543
1780969419.594606,0.000994603,59764,6,480.706372
1780969419.595636,0.001000068,52458,5,419.635465
1780969419.596656,0.001008302,65688,8,521.177187
1780969419.597590,0.001001986,74574,11,595.409517
1780969419.598681,0.000989739,51076,6,412.844194
1780969419.599641,0.001012249,72928,8,576.364116
1780969419.600612,0.000987320,45284,6,366.924604
1780969419.601618,0.001000420,70296,12,562.131905
1780969419.602628,0.001008198,67268,10,533.768169
1780969419.603602,0.000991280,56934,7,459.478654
1780969419.604591,0.001006559,69966,7,556.080667
1780969419.605574,0.000993238,55750,11,449.036384
1780969419.606605,0.001000254,65886,11,526.954154
1780969419.607596,0.001000296,64240,8,513.767925
1780969419.608601,0.001004675,62726,7,499.472964
1780969419.609579,0.000994785,53906,5,433.508748
1780969419.610654,0.001000377,64108,6,512.670723
1780969419.611654,0.001012670,67268,10,531.411022
1780969419.612593,0.000987220,62792,8,508.838962
1780969419.613581,0.001009142,68584,8,543.701481
1780969419.614621,0.000996376,52458,5,421.190394
1780969419.615615,0.000998697,68452,6,548.330475
1780969419.616621,0.000995614,58514,9,470.174184
1780969419.617621,0.001000585,68650,9,548.878906
1780969419.618606,0.001000037,61278,7,490.205862
1780969419.619616,0.001008589,58316,6,462.555114
1780969419.620602,0.000992280,67004,6,540.202362
1780969419.621599,0.000998466,57000,8,456.700579
1780969419.622602,0.001000783,65754,9,525.620439
1780969419.623605,0.001009309,58382,7,462.748276
1780969419.624599,0.000996382,65622,7,526.882260
1780969419.625586,0.000996733,58580,10,470.176065
1780969419.626621,0.001007446,73126,11,580.684225
1780969419.627622,0.001002361,56934,7,454.399164
1780969419.628591,0.000987423,72928,8,590.855186
1780969419.629606,0.001015098,57000,8,449.217711
1780969419.630600,0.000987567,62858,9,509.194819
1780969419.631609,0.001009147,64240,8,509.261782
1780969419.632586,0.000987578,62726,7,508.119865
1780969419.633629,0.001005883,65556,6,521.380717
1780969419.634604,0.000998334,59764,6,478.909864
1780969419.635586,0.000996212,67268,10,540.190241
1780969419.636600,0.001002003,62858,9,501.858777
1780969419.637675,0.000998790,68584,8,549.336697
1780969419.638617,0.000999293,57198,11,457.907741
1780969419.639688,0.001009732,64372,10,510.012558
1780969419.640658,0.000991183,64174,7,517.958843
1780969419.641639,0.001001534,56868,6,454.247185
1780969419.642609,0.001003802,68518,7,546.067850
1780969419.643644,0.000994274,52656,8,423.673957
1780969419.644596,0.001010697,65754,9,520.464590
1780969419.645569,0.000988737,56934,7,460.660418
1780969419.646611,0.001011107,65622,7,519.209144
1780969419.647600,0.000990787,53906,5,435.258032
1780969419.648661,0.000997900,58382,7,468.038882
1780969419.649672,0.001005512,65754,9,523.148406
1780969419.650686,0.000995497,56934,7,457.532268
1780969419.651705,0.000999988,62660,6,501.286015
1780969419.652601,0.001003084,72862,7,581.103876
1780969419.653585,0.001005862,58250,5,463.284228
1780969419.654676,0.000997018,62858,9,504.368025
1780969419.655620,0.000993969,68584,8,552.001119
1780969419.656639,0.000999817,53972,6,431.855029
1780969419.657626,0.000999192,62660,6,501.685362
1780969419.658619,0.001011571,75758,7,599.131450
1780969419.659671,0.000994399,48180,6,387.611009
1780969419.660601,0.000995301,62792,8,504.707621
1780969419.661603,0.001013075,62726,7,495.331540
1780969419.662643,0.000991762,56868,6,458.722960
1780969419.663687,0.000993973,68716,10,553.061300
1780969419.664663,0.001010082,70098,9,555.186609
1780969419.665663,0.000990593,59830,7,483.185324
1780969419.666653,0.001013385,62660,6,494.658989
1780969419.667593,0.000991747,52524,6,423.688703
1780969419.668708,0.001003561,74574,11,594.475074
1780969419.669683,0.001002040,59896,8,478.192487
1780969419.670594,0.000998964,59830,7,479.136385
1780969419.671597,0.000994668,62726,7,504.497983
1780969419.672559,0.000999550,71810,13,574.738632
1780969419.673569,0.001006344,55486,7,441.089727
1780969419.674686,0.001003383,64240,8,512.187270
1780969419.675604,0.000997240,61212,6,491.051302
1780969419.676611,0.000997240,68914,13,552.837832
1780969419.677580,0.000994432,61410,9,494.030763
1780969419.678646,0.001006450,62726,7,498.592081
1780969419.679591,0.000995992,62726,7,503.827340
1780969419.680612,0.001009215,64174,7,508.704290
1780969419.681603,0.000990691,61476,10,496.429260
1780969419.682597,0.000994865,65688,8,528.216391
1780969419.683606,0.001010303,62726,7,496.690597
1780969419.684601,0.000998388,65622,7,525.823628
1780969419.685615,0.001002618,62858,9,501.550940
1780969419.686632,0.000988341,56934,7,460.844992
1780969419.687601,0.001001928,68584,8,547.616196
1780969419.688610,0.000998646,62660,6,501.959653
1780969419.689599,0.000999445,62660,6,501.558365
1780969419.690598,0.001001462,55486,7,443.239983
1780969419.691594,0.001001415,65754,9,525.288716
1780969419.692583,0.000997114,64240,8,515.407466
1780969419.693574,0.000999736,56868,6,455.064137
1780969419.694613,0.001006248,65556,6,521.191595
1780969419.695596,0.000993551,64240,8,517.255783
1780969419.696581,0.001000857,61344,8,490.331786
1780969419.697594,0.001000472,56934,7,455.257119
1780969419.698654,0.001009968,67070,7,531.264357
1780969419.699609,0.000996122,72862,7,585.165271
1780969419.700598,0.000995641,48114,5,386.597177
1780969419.701583,0.000997482,73126,11,586.484769
1780969419.702620,0.001000898,55486,7,443.489746
1780969419.703590,0.001005095,67070,7,533.840085
1780969419.704605,0.000998217,62660,6,502.175379
1780969419.705654,0.000996740,65556,6,526.163292
1780969419.706622,0.000999986,37978,5,303.828254
1780969419.707637,0.001006991,83196,10,660.947317
1780969419.708612,0.000992049,64174,7,517.506696
1780969419.709616,0.001003707,64174,7,511.495885
1780969419.710612,0.001003857,54104,8,431.168981
1780969419.711582,0.000993608,71612,10,576.581509
1780969419.712590,0.000998431,53972,6,432.454521
1780969419.713588,0.001006318,71480,8,568.249798
1780969419.714603,0.000994019,55486,7,446.558869
1780969419.715597,0.001000135,67268,10,538.071360
1780969419.716586,0.001013106,64240,8,507.271697
1780969419.717586,0.000992637,64174,7,517.200145
1780969419.718613,0.001000510,58316,6,466.290192
1780969419.719609,0.001004577,64108,6,510.527316
1780969419.720634,0.000992947,65820,10,530.300207
1780969419.721600,0.000996402,62858,9,504.679838
1780969419.722615,0.001000154,61278,7,490.148517
1780969419.723707,0.001005814,61212,6,486.865365
1780969419.724615,0.000995925,67334,11,540.876070
1780969419.725596,0.001010017,62792,8,497.354005
1780969419.726579,0.000990622,62726,7,506.558506
1780969419.727622,0.001007951,59764,6,474.340519
1780969419.728600,0.000990340,59830,7,483.308763
1780969419.729578,0.000999323,62858,9,503.204670
1780969419.730617,0.001002265,55486,7,442.884866
1780969419.731607,0.001005900,65622,7,521.896809
1780969419.732584,0.000996577,62660,6,503.001775
1780969419.733595,0.000995081,58382,7,469.364805
1780969419.734619,0.001011918,68716,10,543.253505
1780969419.735598,0.000990282,62792,8,507.265607
1780969419.736685,0.001002166,62726,7,500.723433
1780969419.737658,0.001000570,62660,6,500.994433
1780969419.738669,0.001000859,64306,9,514.006468
1780969419.739654,0.001006530,62858,9,499.601602
1780969419.740607,0.000987614,58316,6,472.378885
1780969419.741616,0.001000375,58448,8,467.408722
1780969419.742646,0.000999626,71744,12,574.166738
1780969419.743642,0.001004298,59830,7,476.591609
1780969419.744645,0.001000566,68518,7,547.833926
1780969419.745675,0.001007894,55354,5,439.363663
1780969419.746694,0.000987182,64504,12,522.732384
1780969419.747676,0.001001962,62792,8,501.352347
1780969419.748601,0.001000189,64174,7,513.294987
1780969419.749669,0.001008396,62726,7,497.629899
1780969419.750598,0.000989602,63056,12,509.748363
1780969419.751594,0.001004868,67202,9,535.011564
1780969419.752640,0.000994555,67136,8,540.028455
1780969419.753632,0.000999898,55420,6,443.405227
1780969419.754580,0.001000715,57198,11,457.257061
1780969419.755604,0.000999390,73060,10,584.836750
1780969419.756599,0.001008438,61278,7,486.122102
1780969419.757602,0.001003202,64174,7,511.753366
1780969419.758625,0.000991505,55354,5,446.626089
1780969419.759604,0.000997939,73060,10,585.687101
1780969419.760592,0.001001934,61344,8,489.804718
1780969419.761590,0.001004317,59764,6,476.056863
1780969419.762649,0.000993331,57000,8,459.061481
1780969419.763615,0.001014956,80366,11,633.454061
1780969419.764597,0.000984183,62726,7,509.872656
1780969419.765593,0.001000909,51010,5,407.709392
1780969419.766628,0.001001142,60028,10,479.676210
1780969419.767628,0.001002993,73126,11,583.262296
1780969419.768592,0.001003989,67136,8,534.954068
1780969419.769588,0.000991547,56868,6,458.822426
1780969419.770614,0.001006209,62858,9,499.760984
1780969419.771599,0.000993820,71744,12,577.521080
1780969419.772605,0.001008766,64240,8,509.454125
1780969419.773578,0.000991462,61278,7,494.445576
1780969419.774600,0.001000123,54104,8,432.778768
1780969419.775571,0.000999860,67334,11,538.747425
1780969419.776564,0.000999643,65688,8,525.691672
1780969419.777563,0.001000157,68452,6,547.530038
1780969419.778648,0.001000109,65820,10,526.502611
1780969419.779604,0.001007539,67136,8,533.069191
1780969419.780596,0.001006469,53972,6,429.000794
1780969419.781585,0.000987412,56934,7,461.278575
1780969419.782625,0.001002894,79050,13,630.575116
1780969419.783643,0.001004701,55420,6,441.285517
1780969419.784590,0.000990746,62660,6,505.962174
1780969419.785602,0.001004061,62726,7,499.778400
1780969419.786597,0.000999448,56934,7,455.723559
1780969419.787607,0.001003690,68650,9,547.180902
1780969419.788617,0.000993600,68650,9,552.737520
1780969419.789742,0.001013194,58316,6,460.452786
1780969419.790628,0.000997411,58448,8,468.797717
1780969419.791591,0.000990508,75956,10,613.471067
1780969419.792572,0.001003006,58382,7,465.656237
1780969419.793654,0.001007348,59764,6,474.624459
1780969419.794698,0.000996211,64504,12,517.994682
1780969419.795677,0.000994484,74442,9,598.839197
1780969419.796567,0.000997253,56868,6,456.197174
1780969419.797564,0.001002448,68584,8,547.332131
1780969419.798613,0.001010142,62924,10,498.337857
1780969419.799599,0.000991891,67136,8,541.478852
1780969419.800602,0.001001609,68518,7,547.263453
1780969419.801598,0.000995770,51010,5,409.813511
1780969419.802611,0.001006157,61278,7,487.224161
1780969419.803583,0.000995452,62858,9,505.161474
1780969419.804585,0.001003417,64174,7,511.643713
1780969419.805572,0.000998743,64240,8,514.566810
1780969419.806609,0.000995936,64306,9,516.547248
1780969419.807608,0.001008713,62726,7,497.473513
1780969419.808657,0.000992763,65622,7,528.802947
1780969419.809660,0.001010136,58580,10,463.937529
1780969419.810696,0.000994370,62792,8,505.180164
1780969419.811666,0.000992856,67202,9,541.484364
1780969419.812600,0.001008131,53906,5,427.769804
1780969419.813597,0.000993882,67400,12,542.519132
1780969419.814648,0.000997890,68650,9,550.361262
1780969419.815697,0.001013464,59830,7,472.281206
1780969419.816652,0.000986303,64306,9,521.592249
1780969419.817661,0.001003167,65820,10,524.897649
1780969419.818629,0.001005258,71480,8,568.848992
1780969419.819671,0.000994159,56868,6,457.616941
1780969419.820671,0.000998541,64504,12,516.785991
1780969419.821574,0.000999601,64306,9,514.653347
1780969419.822659,0.001010944,64174,7,507.834262
1780969419.823669,0.000992528,58382,7,470.572115
1780969419.824666,0.001003143,70164,10,559.553324
1780969419.825637,0.001005098,55486,7,441.636537
1780969419.826616,0.000999031,71546,9,572.923163
1780969419.827646,0.000989075,48378,9,391.298941
1780969419.828806,0.000999536,70098,9,561.044325
1780969419.829625,0.001001611,61278,7,489.435519
1780969419.830586,0.001001499,53972,6,431.129737
1780969419.831593,0.001003157,51010,5,406.795746
1780969419.832565,0.000994556,58316,6,469.081681
1780969419.833576,0.001000063,68716,10,549.693369
1780969419.834681,0.000998854,56934,7,455.994570
1780969419.835593,0.001000817,62864,8,502.501456
1780969419.836583,0.001005168,59764,6,475.653821
1780969419.837589,0.001003442,60028,11,478.576739
1780969419.838598,0.000990975,62858,9,507.443679
1780969419.839601,0.001004101,62726,7,499.758490
1780969419.840597,0.000997710,62792,8,503.488990
1780969419.841582,0.001001522,71678,11,572.552575
1780969419.842608,0.000995934,55420,6,445.170061
1780969419.843596,0.001001337,64174,7,512.706511
1780969419.844593,0.001004634,59830,7,476.432213
1780969419.845606,0.000999757,70362,13,563.032817
1780969419.846613,0.001002840,61344,8,489.362211
1780969419.847687,0.000999932,62726,7,501.842125
1780969419.848634,0.000991930,68518,7,552.603510
1780969419.849625,0.001003813,49892,10,397.619875
1780969419.850598,0.000997760,74508,10,597.402181
1780969419.851659,0.001001538,67202,9,536.790416
1780969419.852597,0.001000845,55420,6,442.985677
1780969419.853581,0.000995709,62858,9,505.031088
1780969419.854610,0.001007801,62924,10,499.495436
1780969419.855610,0.001007319,72994,9,579.709109
1780969419.856602,0.000987529,55420,6,448.958967
1780969419.857606,0.001008601,64108,6,508.490473
1780969419.858603,0.000994828,55552,8,446.726469
1780969419.859610,0.001008495,67268,10,533.610975
1780969419.860595,0.000985391,62726,7,509.247598
1780969419.861578,0.000999782,62660,6,501.389303
1780969419.862629,0.001000935,62660,6,500.811741
1780969419.863587,0.001000161,61410,9,491.200917
1780969419.864617,0.001004617,57000,8,453.904324
1780969419.865606,0.001001694,69966,7,558.781424
1780969419.866615,0.000997247,62858,9,504.252206
1780969419.867682,0.000996454,67268,10,540.059049
1780969419.868626,0.001004274,59896,8,477.128752
1780969419.869660,0.001004444,62726,7,499.587832
1780969419.870628,0.000993506,53906,5,434.066830
1780969419.871679,0.000996857,72862,7,584.733818
1780969419.872653,0.001005458,64372,10,512.180519
1780969419.873655,0.001006447,67202,9,534.172192
1780969419.875010,0.000988172,59830,7,484.369118
1780969419.875664,0.001005879,62660,6,498.350199
1780969419.876859,0.000995942,58316,6,468.428884
1780969419.877703,0.000999191,64306,9,514.864525
1780969419.878628,0.001012122,64306,9,508.286550
1780969419.879599,0.000986988,57014,7,462.125173
1780969419.880627,0.000999388,56868,6,455.222596
1780969419.881606,0.001003673,70230,11,559.783914
1780969419.882585,0.000996468,64240,8,515.741599
1780969419.883601,0.001006574,62726,7,498.530659
1780969419.884599,0.000998192,64174,7,514.321894
1780969419.885581,0.000999942,59962,9,479.723824
1780969419.886603,0.000995896,65754,9,528.199732
1780969419.887602,0.001000065,59764,6,478.080925
1780969419.888623,0.001012647,58316,6,460.701508
1780969419.889600,0.000987116,69966,7,567.033662
1780969419.890608,0.001005692,53972,6,429.332241
1780969419.891662,0.000994553,70164,10,564.386212
1780969419.892610,0.001000730,62792,8,501.969562
1780969419.893576,0.001003256,65622,7,523.272226
1780969419.894653,0.000996392,52656,8,422.773366
1780969419.895588,0.000999708,73114,11,585.082844
1780969419.896670,0.001013463,58448,8,461.372541
1780969419.897609,0.000995225,68584,8,551.304479
1780969419.898631,0.001006426,49864,8,396.364959
1780969419.899609,0.000991645,76088,12,613.832571
1780969419.900590,0.001004454,58382,7,464.984957
1780969419.901608,0.000990581,67070,7,541.661914
1780969419.902617,0.001006303,55486,7,441.107698
1780969419.903604,0.000998023,67400,12,540.268110
1780969419.904564,0.000993538,64306,9,517.793985
1780969419.905607,0.001002401,56934,7,454.381031
1780969419.906611,0.000997697,67070,7,537.798550
1780969419.907603,0.001001081,61212,6,489.167210
1780969419.908590,0.001004826,62858,9,500.448834
1780969419.909569,0.000994138,62792,8,505.298057
1780969419.910617,0.001001861,62726,7,500.875870
1780969419.911591,0.001002832,62660,6,499.864384
1780969419.912626,0.000995291,62660,6,503.651696
1780969419.913609,0.001003633,64240,8,512.059687
1780969419.914599,0.001008091,68650,9,544.792087
1780969419.915610,0.000996325,51076,6,410.115173
1780969419.916596,0.000993189,70164,10,565.161314
1780969419.917573,0.000998902,54104,8,433.307772
1780969419.918652,0.001012613,72994,9,576.678356
1780969419.919657,0.000988465,59764,6,483.691380
1780969419.920598,0.001000057,65622,7,524.946078
1780969419.921570,0.000999304,53906,5,431.548358
1780969419.922595,0.001003520,59896,8,477.487245
1780969419.923595,0.001000548,65754,9,525.743892
1780969419.924605,0.000995813,62726,7,503.917904
1780969419.925703,0.001008554,64174,7,509.037692
1780969419.927605,0.000992339,56934,7,458.988309
1780969419.927662,0.001011182,67268,10,532.193018
1780969419.928593,0.000993573,59830,7,481.736118
1780969419.929565,0.000993494,64240,8,517.285459
1780969419.930648,0.001006815,67334,11,535.025799
1780969419.931652,0.001007815,58382,7,463.434261
1780969419.932600,0.000992952,62726,7,505.369847
1780969419.933698,0.000992830,65622,7,528.767261
1780969419.934670,0.001002989,62924,10,501.891845
1780969419.935611,0.000998078,62792,8,503.303349
1780969419.936589,0.001011148,62726,7,496.275520
1780969419.937625,0.000992584,62726,7,505.557212
1780969419.938593,0.000994906,65754,9,528.725327
1780969419.939584,0.001003267,65754,9,524.319050
1780969419.940594,0.001007717,55420,6,439.964792
1780969419.941594,0.001003862,67070,7,534.495777
1780969419.942612,0.000985499,56934,7,462.173985
1780969419.943603,0.001000809,65820,10,526.134357
1780969419.944687,0.001009975,65688,8,520.313869
1780969419.945702,0.001001818,56868,6,454.118413
1780969419.946634,0.000995381,61410,9,493.559752
1780969419.947631,0.000992147,61476,10,495.700738
1780969419.948643,0.001000715,67136,8,536.704256
1780969419.949632,0.001009367,65622,7,520.104184
1780969419.950610,0.000990230,56934,7,459.965867
1780969419.951637,0.001000140,64306,9,514.375987
1780969419.952651,0.001001094,59896,8,478.644363
1780969419.953589,0.000999804,64174,7,513.492645
1780969419.954709,0.000999398,65622,7,525.292226
1780969419.955622,0.001008387,55486,7,440.196076
1780969419.956625,0.000997799,67268,10,539.331068
1780969419.957636,0.000992519,59896,8,482.779675
1780969419.958588,0.001007472,64174,7,509.584385
1780969419.959630,0.001004374,62660,6,499.096950
1780969419.960677,0.001001662,52458,5,418.967676
1780969419.961629,0.000988881,65820,10,532.480652
1780969419.962593,0.000998367,65808,10,527.325122
1780969419.963656,0.001012071,56934,7,450.039572
1780969419.964580,0.000987260,68518,7,555.217471
1780969419.965592,0.001000500,62858,9,502.612694
1780969419.966672,0.001005446,62792,8,499.615096
1780969419.967618,0.001002527,61278,7,488.988326
1780969419.968595,0.001005219,68518,7,545.298089
1780969419.969562,0.000986476,53906,5,437.160154
1780969419.970602,0.001013647,55552,8,438.432709
1780969419.971606,0.000998269,68716,10,550.681229
1780969419.972617,0.000996792,64240,8,515.573961
1780969419.973602,0.001001558,62726,7,501.027399
1780969419.974623,0.001000895,56934,7,455.064717
1780969419.975720,0.001001895,67202,9,536.599145
1780969419.976619,0.000990941,58448,8,471.858567
1780969419.977618,0.001000330,64174,7,513.222637
1780969419.978637,0.001005009,62660,6,498.781603
1780969419.979614,0.000991817,58316,6,470.377096
1780969419.980600,0.001001699,71678,11,572.451405
1780969419.981638,0.000998993,62858,9,503.370894
1780969419.982695,0.000998884,56868,6,455.452285
1780969419.983628,0.001011610,64174,7,507.499926
1780969419.984605,0.001000045,62924,10,503.369348
1780969419.985600,0.000997657,62792,8,503.515737
1780969419.986613,0.000991767,62726,7,505.973681
1780969419.987604,0.000998548,65688,8,526.268141
1780969419.988611,0.000999814,55552,8,444.498677
1780969419.989635,0.001004004,58448,8,465.719260
1780969419.990617,0.000996047,65688,8,527.589562
1780969419.991598,0.001001283,55684,10,444.901192
1780969419.992599,0.000999727,70230,11,561.993424
1780969419.993609,0.001000353,58382,7,466.891187
1780969419.994653,0.001000182,56868,6,454.861215
1780969419.995641,0.001002755,64438,11,514.087688
1780969419.996606,0.001000787,62924,10,502.996142
1780969419.997607,0.001000700,61344,8,490.408714
1780969419.998644,0.001002349,59830,7,477.518309
1780969419.999566,0.000997356,62792,8,503.667697
1780969420.000586,0.001003662,65886,11,525.164846
1780969420.001583,0.000996311,68716,10,551.763455
1780969420.002602,0.000999588,61278,7,490.426056
1780969420.003579,0.000994988,61212,6,492.162720
1780969420.004593,0.001006972,52722,9,418.855738
1780969420.005606,0.001004126,71678,11,571.067774
1780969420.006619,0.000990113,61278,7,495.119244
1780969420.007582,0.000999195,64108,6,513.277188
1780969420.008582,0.001001063,59830,7,478.131746
1780969420.009566,0.001002165,71612,10,571.658360
1780969420.010593,0.000999948,59764,6,478.136863
1780969420.011633,0.000996183,65622,7,526.987511
1780969420.012602,0.001005409,62660,6,498.583164
1780969420.013619,0.001008623,64306,9,510.049840
1780969420.014703,0.000987279,58448,8,473.608777
1780969420.015673,0.001006785,67136,8,533.468417
1780969420.016760,0.001005753,61410,9,488.469833
1780969420.017596,0.000998938,68782,11,550.840993
1780969420.018654,0.000989298,59830,7,483.817818
1780969420.019665,0.001008734,68518,7,543.397962
1780969420.020638,0.000989036,52656,8,425.917762
1780969420.021567,0.001005107,68782,11,547.460121
1780969420.022614,0.000999432,62792,8,502.621489
1780969420.023596,0.001005566,67136,8,534.115115
1780969420.024581,0.000991952,58316,6,470.313080
1780969420.025656,0.001008007,58316,6,462.822183
1780969420.026604,0.000991393,61410,9,495.545157
1780969420.027601,0.001006774,67070,7,532.949798
1780969420.028650,0.000992749,67004,6,539.947157
1780969420.029674,0.001000201,51274,9,410.109568
1780969420.030635,0.001012044,73060,10,577.524297
1780969420.031599,0.000987448,62726,7,508.186760
1780969420.032580,0.001000495,59896,8,478.930929
1780969420.033613,0.001012684,76088,12,601.079903
1780969420.034596,0.000986484,55420,6,449.434557
1780969420.035595,0.001000589,62660,6,500.984920
1780969420.036608,0.001005489,64174,7,510.589375
1780969420.037597,0.001005098,61542,11,489.838802
1780969420.038612,0.001000586,65754,9,525.723926
1780969420.039600,0.000988818,59896,8,484.586648
1780969420.040607,0.001009693,61212,6,484.994944
1780969420.041567,0.000989714,68914,13,557.041731
1780969420.042622,0.001010526,67136,8,531.493499
1780969420.043578,0.000989156,58382,7,472.176280
1780969420.044580,0.001003548,65622,7,523.119970
1780969420.045576,0.001009939,60028,10,475.498025
1780969420.046664,0.000986551,62858,9,509.719214
1780969420.047614,0.001013250,62726,7,495.245991
1780969420.048653,0.000986987,51208,8,415.065244
1780969420.049673,0.001000599,71612,10,572.553041
1780969420.050611,0.001012566,58382,7,461.259809
1780969420.051600,0.000987090,55420,6,449.158638
1780969420.052580,0.001003774,65556,6,522.476175
1780969420.053603,0.001004760,62792,8,499.956208
1780969420.054611,0.001004550,74574,11,593.889801
1780969420.055747,0.000991710,59830,7,482.641095
1780969420.056673,0.001006063,65622,7,521.812252
1780969420.057586,0.000995808,55354,5,444.696166
1780969420.058637,0.000993262,65754,9,529.600448
1780969420.059579,0.001006148,62792,8,499.266509
1780969420.060666,0.000993271,62726,7,505.207542
1780969420.061624,0.001009564,62660,6,496.531176
1780969420.062604,0.001001228,62660,6,500.665183
1780969420.063604,0.001000002,58382,7,467.055066
1780969420.064649,0.000992423,73060,10,588.942417
1780969420.065618,0.000997114,64240,8,515.407466
1780969420.066612,0.001002626,56868,6,453.752446
1780969420.067644,0.000997469,61476,10,493.055925
1780969420.068585,0.001012415,41006,7,324.025227
1780969420.069573,0.000999961,0,0,0.000000
1780969420.070571,0.000989665,0,0,0.000000
1780969420.071604,0.000998886,0,0,0.000000
1780969420.072678,0.001009819,64306,9,509.445752
1780969420.073623,0.001002789,102152,12,814.943124
1780969420.074596,0.000986916,59764,6,484.450551
1780969420.075576,0.001001793,56868,6,454.129745
1780969420.076596,0.001008121,70098,9,556.266559
1780969420.077576,0.000990452,64240,8,518.874211
1780969420.078601,0.001006345,68584,8,545.212626
1780969420.079579,0.000992619,55420,6,446.656774
1780969420.080593,0.001012272,62660,6,495.202870
1780969420.081582,0.000991169,55420,6,447.310196
1780969420.082586,0.000996430,68716,10,551.697560
1780969420.083586,0.001005498,70098,9,557.717668
1780969420.084595,0.000994404,65688,8,528.461269
1780969420.085577,0.000999951,49628,6,397.043455
1780969420.086607,0.001004057,51208,8,408.008709
1780969420.087580,0.000996176,0,0,0.000000
1780969420.088604,0.001011150,106562,13,843.095485
1780969420.089582,0.001000241,67070,7,536.430720
1780969420.090604,0.000992379,67268,10,542.276691
1780969420.091601,0.000998312,65820,10,527.450336
1780969420.092612,0.001013653,58448,8,461.286061
1780969420.093709,0.000995988,59830,7,480.568039
1780969420.094637,0.000988668,68518,7,554.426764
1780969420.095611,0.001001490,48180,6,384.866549
1780969420.096582,0.000998306,74574,11,597.604342
1780969420.097574,0.001011837,59896,8,473.562441
1780969420.098620,0.001003204,62726,7,500.205342
1780969420.099587,0.000986679,64108,6,519.788097
1780969420.100588,0.001004039,52524,6,418.501672
1780969420.101562,0.000993875,65820,10,529.805056
1780969420.102604,0.001013498,61344,8,484.216052
1780969420.103606,0.000991783,68518,7,552.685416
1780969420.104600,0.000999669,51340,10,410.855993
1780969420.105603,0.001002209,65820,10,525.399393
1780969420.106604,0.000999346,62792,8,502.664743
1780969420.107569,0.000993982,62726,7,504.846164
1780969420.108561,0.000999962,53906,5,431.264388
1780969420.109588,0.001004636,70098,9,558.196202
1780969420.110604,0.000995842,70164,10,563.655680
1780969420.111650,0.001003442,64240,8,512.157155
1780969420.112589,0.000999181,52524,6,420.536419
1780969420.113615,0.001009095,74310,7,589.121936
1780969420.114604,0.001002122,49628,6,396.183299
1780969420.115668,0.000986414,70164,10,569.043018
1780969420.116683,0.000999341,59830,7,478.955632
1780969420.117599,0.001008206,59764,6,474.220546
1780969420.118604,0.000992066,65622,7,529.174470
1780969420.119615,0.001011264,64372,10,509.239922
1780969420.120606,0.000996447,56934,7,457.096062
1780969420.121637,0.000996377,65622,7,526.884904
1780969420.122596,0.000999305,61344,8,491.093310
1780969420.123562,0.000997438,67334,11,540.055623
1780969420.124583,0.000998231,61410,9,492.150614
1780969420.125590,0.001013158,52590,7,415.256061
1780969420.126632,0.000996792,61344,8,492.331399
1780969420.127583,0.000990481,67202,9,542.782749
1780969420.128593,0.001011910,68650,9,542.736014
1780969420.129565,0.000990334,62726,7,506.705818
1780969420.130664,0.001003603,52458,5,418.157379
1780969420.131694,0.001002088,65556,6,523.355234
1780969420.132631,0.000998126,62858,9,503.808136
1780969420.133590,0.000993726,62858,9,506.038888
1780969420.134642,0.001008938,62726,7,497.362573
1780969420.135593,0.001002347,62726,7,500.633014
1780969420.136614,0.000991997,55618,9,448.533615
1780969420.137679,0.001010114,61410,9,486.360945
1780969420.138593,0.000988251,64240,8,520.029830
1780969420.139586,0.001008273,64174,7,509.179558
1780969420.140577,0.000990580,52722,9,425.786913
1780969420.141623,0.001010523,71612,10,566.930194
1780969420.142595,0.000989437,61278,7,495.457518
1780969420.143597,0.001006862,56868,6,451.843450
1780969420.144619,0.001006208,67202,9,534.299071
1780969420.145617,0.000986333,59896,8,485.807532
1780969420.146614,0.001009582,67202,9,532.513456
1780969420.147603,0.000990972,65622,7,529.758661
1780969420.148623,0.001014347,56934,7,449.029770
1780969420.149589,0.000990580,67202,9,542.728502
1780969420.150678,0.000995644,64306,9,516.698740
1780969420.151591,0.000999409,58382,7,467.332193
1780969420.152620,0.001014074,62660,6,494.322900
1780969420.153583,0.000985705,64108,6,520.301713
1780969420.154607,0.001008658,61344,8,486.539541
1780969420.155631,0.000995499,62858,9,505.137624
1780969420.156615,0.000998581,65688,8,526.250750
1780969420.157604,0.000997458,62660,6,502.557501
1780969420.158592,0.001006698,52458,5,416.871793
1780969420.159615,0.000999798,67268,10,538.252727
1780969420.160627,0.000997173,65754,9,527.523308
1780969420.161600,0.001002008,56934,7,454.559245
1780969420.162586,0.000994525,62660,6,504.039617
1780969420.163587,0.000999519,45152,4,361.389829
1780969420.164613,0.000999891,86158,11,689.339138
1780969420.165579,0.001004285,65754,9,523.787570
1780969420.166594,0.001000050,59896,8,479.144043
1780969420.167626,0.001004961,68584,8,545.963475
1780969420.168604,0.000991709,52524,6,423.704938
1780969420.169566,0.000999051,71612,10,573.440195
1780969420.170606,0.001006422,65754,9,522.675379
1780969420.171633,0.000994078,53972,6,434.348210
1780969420.172618,0.001005066,65754,9,523.380554
1780969420.173586,0.001002851,60028,10,478.858774
1780969420.174643,0.001000835,67268,10,537.695025
1780969420.175609,0.000997000,62726,7,503.317954
1780969420.176573,0.001005729,62660,6,498.424526
1780969420.177558,0.000988175,67202,9,544.049384
1780969420.178631,0.001009453,57000,8,451.729798
1780969420.179611,0.000999104,64174,7,513.852412
1780969420.180604,0.000993387,62726,7,505.148547
1780969420.181583,0.001010128,68782,11,544.738885
1780969420.182588,0.000994568,39426,5,317.130654
1780969420.183611,0.000997877,80234,9,643.237593
1780969420.184572,0.000995310,62726,7,504.172569
1780969420.185587,0.001001830,52722,9,421.005560
1780969420.186677,0.001007458,70164,10,557.156725
1780969420.187570,0.000991612,61278,7,494.370782
1780969420.188609,0.001006911,59764,6,474.830447
1780969420.189590,0.001005078,62660,6,498.747361
1780969420.190623,0.000994937,58316,6,468.902051
1780969420.191721,0.000993081,71612,10,576.887485
1780969420.192668,0.001007265,59896,8,475.711953
1780969420.193638,0.000992028,62726,7,505.840561
1780969420.194640,0.001001316,62858,9,502.203101
1780969420.195593,0.001000594,61476,10,491.516039
1780969420.196587,0.001005899,67202,9,534.463202
1780969420.197573,0.001001354,58382,7,466.424461
1780969420.198601,0.000991170,69966,7,564.714428
1780969420.199604,0.001005994,52458,5,417.163522
1780969420.200606,0.000994011,62924,10,506.424979
1780969420.201583,0.001001019,70164,10,560.740605
1780969420.202617,0.001006367,59830,7,475.611780
1780969420.203595,0.001000964,58382,7,466.606192
1780969420.204572,0.000991754,64438,11,519.790190
1780969420.205699,0.000999609,65754,9,526.237759
1780969420.206681,0.001001764,64240,8,513.015041
1780969420.207660,0.000998664,62726,7,502.479312
1780969420.208622,0.001000026,62990,11,503.906898
1780969420.209598,0.000999819,55552,8,444.496454
1780969420.210588,0.001002245,70098,9,559.527860
1780969420.211641,0.001009456,62726,7,497.107353
1780969420.212607,0.000993865,56868,6,457.752310
1780969420.213603,0.001008185,67268,10,533.775051
1780969420.214602,0.000985964,64240,8,521.236069
1780969420.215589,0.001004176,65688,8,523.318621
1780969420.216603,0.000998584,51010,5,408.658661
1780969420.217613,0.000997392,64174,7,514.734427
1780969420.218681,0.001005396,64372,10,512.212103
1780969420.219623,0.001002417,64240,8,512.680850
1780969420.220697,0.000998275,58316,6,467.334151
1780969420.221598,0.000999815,64108,6,512.958897
1780969420.222598,0.001007664,10202,1,80.995252
1780969420.223577,0.000986148,0,0,0.000000
1780969420.224560,0.000999653,64042,5,512.513842
1780969420.225569,0.001010462,0,0,0.000000
1780969420.226692,0.000989504,81484,6,658.786624
1780969420.227610,0.001000082,105048,12,840.315094
1780969420.228609,0.001006537,59896,8,476.056022
1780969420.229590,0.001003020,61278,7,488.747981
1780969420.230607,0.000997367,67070,7,537.976492
1780969420.231615,0.001008606,62858,9,498.573278
1780969420.232653,0.000997486,62858,9,504.131386
1780969420.233564,0.000989786,62726,7,506.986359
1780969420.234612,0.001003478,62726,7,500.068761
1780969420.235606,0.001003386,68650,9,547.346684
1780969420.236597,0.000990840,62792,8,506.979936
1780969420.237593,0.001003426,61278,7,488.550227
1780969420.238606,0.001002929,55552,8,443.118107
1780969420.239595,0.000993411,62990,11,507.262352
1780969420.240595,0.000999817,62858,9,502.956041
1780969420.241614,0.001008984,59830,7,474.378186
1780969420.242584,0.000991439,65886,11,531.639365
1780969420.243611,0.001011021,62924,10,497.904593
1780969420.244658,0.000988677,64240,8,519.805761
1780969420.245632,0.001000685,62726,7,501.464497
1780969420.246629,0.001000026,62660,6,501.266967
1780969420.247670,0.001009002,55486,7,439.927770
1780969420.248610,0.000990461,67202,9,542.793709
1780969420.249600,0.001000154,64240,8,513.840869
1780969420.250658,0.001000835,51010,5,407.739537
1780969420.251660,0.001004016,39426,5,314.146388
1780969420.252630,0.000998592,64372,10,515.702109
1780969420.253641,0.001002297,89054,11,710.799294
1780969420.254693,0.000994464,67070,7,539.546932
1780969420.255640,0.001001949,71744,12,572.835544
1780969420.256651,0.000997132,62792,8,503.780843
1780969420.257637,0.001010119,62660,6,496.258362
1780969420.258630,0.001004451,67400,12,536.810656
1780969420.259636,0.000987890,59896,8,485.041857
1780969420.260587,0.000997953,68650,9,550.326518
1780969420.261608,0.001005262,53972,6,429.515887
1780969420.262626,0.001002582,40940,6,326.676521
1780969420.263590,0.001005412,73060,10,581.333821
1780969420.264605,0.000991543,68584,8,553.351695
1780969420.265606,0.001004813,69966,7,557.046933
1780969420.266604,0.000999077,137300,11,1099.414760
1780969420.267610,0.000997334,71546,9,573.898012
1780969420.268606,0.001000052,59764,6,478.087139
1780969420.269589,0.001002378,59764,6,476.977747
1780969420.270636,0.001002056,61278,7,489.218167
1780969420.271627,0.001000003,71546,9,572.366283
1780969420.272747,0.000996230,67136,8,539.120484
1780969420.273674,0.001005992,65622,7,521.849080
1780969420.274704,0.001000275,54104,8,432.713004
1780969420.275628,0.000993457,73060,10,588.329440
1780969420.276579,0.000993844,53972,6,434.450477
1780969420.277666,0.000999960,59764,6,478.131125
1780969420.278679,0.001005254,68848,12,547.905306
1780969420.279620,0.000997518,62792,8,503.585900
1780969420.280600,0.000998830,62792,8,502.924422
1780969420.281596,0.001010746,72928,8,577.221181
1780969420.282605,0.000988575,52458,5,424.514073
1780969420.283699,0.001000880,64306,9,513.995684
1780969420.284643,0.001007970,64240,8,509.856444
1780969420.285617,0.000991004,67004,6,540.897918
1780969420.286724,0.000999907,55420,6,443.401236
1780969420.287627,0.001000658,61278,7,489.901645
1780969420.288672,0.001000297,74508,10,595.887022
1780969420.289679,0.001000721,56868,6,454.616222
1780969420.290646,0.001006671,68452,6,543.987062
1780969420.291588,0.001000269,52722,9,421.662573
1780969420.292562,0.000995426,73192,12,588.226548
1780969420.293562,0.000995737,59764,6,480.158917
1780969420.294610,0.001009586,67070,7,531.465373
1780969420.295597,0.000989831,65952,12,533.036448
1780969420.296617,0.001008756,67136,8,532.426077
1780969420.297568,0.000998134,55420,6,444.188856
1780969420.298592,0.001001658,71414,7,570.366333
1780969420.299586,0.000996276,52590,7,422.292618
1780969420.300583,0.000995289,71612,10,575.607688
1780969420.301599,0.001013039,62726,7,495.349143
1780969420.302618,0.000988691,56868,6,460.147812
1780969420.303603,0.001002500,61410,9,490.054863
1780969420.304677,0.000997087,76088,12,610.482335
1780969420.305610,0.001003247,53972,6,430.378561
1780969420.306691,0.001008828,71480,8,566.835972
1780969420.307617,0.000995743,53972,6,433.621929
1780969420.308598,0.000990781,55552,8,448.551193
1780969420.309617,0.001003938,73060,10,582.187346
1780969420.310605,0.000995960,58316,6,468.420418
1780969420.311605,0.001002412,55420,6,442.293189
1780969420.312594,0.001005330,56868,6,452.532004
1780969420.313617,0.000992772,67202,9,541.530180
1780969420.314653,0.000999604,70098,9,561.006158
1780969420.315611,0.000999755,61212,6,489.816005
1780969420.316632,0.001000565,52788,10,422.065533
1780969420.317609,0.001007205,76088,12,604.349661
1780969420.318574,0.000992691,56868,6,458.293668
1780969420.319618,0.001008197,68452,6,543.163687
1780969420.320593,0.000991380,51274,9,413.758599
1780969420.321580,0.001004980,78984,12,628.740870
1780969420.322600,0.000994953,53972,6,433.966228
1780969420.323679,0.001003404,69966,7,557.829150
1780969420.324622,0.001002611,72928,8,581.904647
1780969420.325593,0.001000735,73060,10,584.050723
1780969420.326637,0.001007112,64174,7,509.766540
1780969420.327610,0.000998356,61212,6,490.502386
1780969420.328579,0.000997793,58382,7,468.089073
1780969420.329606,0.000990088,64372,10,520.131544
1780969420.330637,0.000999955,62792,8,502.358606
1780969420.331585,0.000999922,65688,8,525.544993
1780969420.332584,0.000999908,68716,10,549.778580
1780969420.333586,0.001002299,62726,7,500.656990
1780969420.334580,0.000997991,59764,6,479.074461
1780969420.335616,0.001008831,67070,7,531.863117
1780969420.336621,0.000999081,49760,8,398.446172
1780969420.337603,0.000992117,62792,8,506.327379
1780969420.338593,0.001004430,62660,6,499.069124
1780969420.339665,0.001006443,64174,7,510.105391
1780969420.340680,0.000993138,61344,8,494.142808
1780969420.341707,0.001003481,65754,9,524.207235
1780969420.342661,0.000994316,68584,8,551.808479
1780969420.343622,0.001003821,58316,6,464.752182
1780969420.344603,0.001007641,57132,10,453.590118
1780969420.345573,0.000992559,71612,10,577.190877
1780969420.346618,0.000996845,67136,8,538.787876
1780969420.347591,0.001010667,56802,5,449.619904
1780969420.348604,0.000986319,68914,13,558.959120
1780969420.349581,0.001009067,64306,9,509.825413
1780969420.350608,0.000991078,64174,7,518.013718
1780969420.351613,0.001005598,55486,7,441.416948
1780969420.352616,0.001001333,70230,11,561.092064
1780969420.353585,0.000999115,62792,8,502.780961
1780969420.354605,0.000994011,67136,8,540.324000
1780969420.355582,0.001002036,61476,10,490.808713
1780969420.356606,0.001009367,65820,10,521.673484
1780969420.357596,0.000991003,56868,6,459.074291
1780969420.358610,0.000997959,59764,6,479.089822
1780969420.359711,0.001007646,69966,7,555.480794
1780969420.360620,0.000993678,65754,9,529.378732
1780969420.361586,0.001000977,64240,8,513.418390
1780969420.362608,0.000997656,59698,5,478.706087
1780969420.363584,0.001003471,64504,12,514.247048
1780969420.364588,0.000997994,67268,10,539.225687
1780969420.365578,0.000998518,59830,7,479.350397
1780969420.366605,0.001011671,68650,9,542.864232
1780969420.367591,0.000990284,64584,12,521.741238
1780969420.368580,0.000998663,67136,8,537.807048
1780969420.369584,0.001003744,56868,6,453.247043
1780969420.370600,0.001001702,59764,6,477.299636
1780969420.371591,0.001007322,71612,10,568.731746
1780969420.372605,0.000994718,59830,7,481.181601
1780969420.373580,0.000991660,64174,7,517.709699
1780969420.374605,0.001005721,62792,8,499.478484
1780969420.375597,0.001006392,73060,10,580.767733
1780969420.376594,0.000997301,52524,6,421.329167
1780969420.377565,0.000994637,72862,7,586.038927
1780969420.378616,0.001010762,55354,5,438.116985
1780969420.379988,0.000991746,67256,10,542.526010
1780969420.380932,0.001009851,70164,10,555.836455
1780969420.381690,0.000990019,55590,7,449.203500
1780969420.382729,0.000994910,59962,9,482.150144
1780969420.383629,0.000999665,70164,10,561.500103
1780969420.384666,0.000999487,65688,8,525.773722
1780969420.385612,0.001008969,61278,7,485.866265
1780969420.386595,0.000993524,61476,10,495.013709
1780969420.387666,0.001009742,68716,10,544.424219
1780969420.388641,0.000993028,59896,8,482.532215
1780969420.389615,0.000995817,62726,7,503.915880
1780969420.390608,0.001008559,56868,6,451.083179
1780969420.391611,0.001001286,55552,8,443.845215
1780969420.392599,0.000993770,67268,10,541.517655
1780969420.393598,0.001004236,62792,8,500.217080
1780969420.394794,0.000990779,65688,8,530.394770
1780969420.395637,0.001001685,56934,7,454.705821
1780969420.396606,0.000998416,65754,9,526.866557
1780969420.397571,0.001005562,58448,8,464.997683
1780969420.398620,0.000994726,56868,6,457.356096
1780969420.399600,0.001004810,62660,6,498.880385
1780969420.400578,0.000994547,58382,7,469.616821
1780969420.401614,0.001000555,67268,10,537.845496
1780969420.402626,0.001009476,58382,7,462.671723
1780969420.403632,0.001001932,64174,7,512.402039
1780969420.404617,0.001001999,65622,7,523.928667
1780969420.405597,0.000996754,62858,9,504.501612
1780969420.406630,0.000999875,62858,9,502.926866
1780969420.407661,0.000993404,62726,7,505.139903
1780969420.408660,0.000996627,62726,7,503.506327
1780969420.409654,0.001000552,52524,6,419.960182
1780969420.410671,0.001015948,65754,9,517.774532
1780969420.411685,0.000987300,62792,8,508.797731
1780969420.412597,0.001008235,65688,8,521.211821
1780969420.413626,0.000999130,53906,5,431.623512
1780969420.414624,0.000991094,48246,7,389.436320
1780969420.415604,0.000998050,118410,10,949.130805
1780969420.416590,0.001007382,59830,7,475.132571
1780969420.417713,0.001002606,62726,7,500.503687
1780969420.418654,0.000991878,59896,8,483.091671
1780969420.419633,0.001001022,71612,10,572.311098
1780969420.420619,0.001003814,67202,9,535.573323
1780969420.421595,0.000993476,65622,7,528.423434
1780969420.422587,0.000999161,56934,7,455.854462
1780969420.423591,0.001001396,64372,10,514.258096
1780969420.424574,0.000998076,58448,8,468.485366
1780969420.425565,0.001000184,65622,7,524.879422
1780969420.426594,0.001003259,68452,6,545.837117
1780969420.427617,0.001007334,62924,10,499.727002
1780969420.428792,0.001000917,58448,8,467.155618
1780969420.429723,0.000990594,62726,7,506.572824
1780969420.430689,0.001007228,65622,7,521.208703
1780969420.432706,0.001991031,122952,20,494.023448
1780969420.433605,0.001000428,65754,9,525.806955
1780969420.434950,0.001001781,59818,7,477.693228
1780969420.435964,0.001000976,55420,6,442.927703
1780969420.436670,0.001007450,65556,6,520.569755
1780969420.437779,0.000990628,68650,9,554.395797
1780969420.439155,0.001010145,56934,7,450.897643
1780969420.439646,0.000994313,65688,8,528.509634
1780969420.440623,0.000998540,51010,5,408.676668
1780969420.441795,0.000997449,62660,6,502.562036
1780969420.443160,0.001011621,68716,10,543.412998
1780969420.444039,0.001000151,59896,8,479.095657
1780969420.444685,0.001000870,61278,7,489.797876
1780969420.445616,0.000995394,64174,7,515.767626
1780969420.446613,0.000991468,62660,6,505.593726
1780969420.447611,0.001007401,65754,9,522.167439
1780969420.448583,0.000996227,65754,9,528.024235
1780969420.449624,0.001006651,58448,8,464.494646
1780969420.450600,0.000995245,67334,11,541.245623
1780969420.451611,0.000996919,58448,8,469.029079
1780969420.452592,0.001007324,64240,8,510.183417
1780969420.453719,0.000988578,61278,7,495.888033
1780969420.454790,0.001006612,58448,8,464.512642
1780969420.455639,0.000994954,61410,9,493.771571
1780969420.456616,0.001005141,68650,9,546.391004
1780969420.457645,0.000998747,72928,8,584.155947
1780969420.458630,0.001005493,42322,5,336.726362
1780969420.459614,0.001002698,80366,11,641.198048
1780969420.461050,0.000998443,59830,7,479.386405
1780969420.461627,0.000987868,67136,8,543.683974
1780969420.462713,0.001008010,52722,9,418.424420
1780969420.463647,0.000992460,70230,11,566.108458
1780969420.464623,0.000999834,56934,7,455.547621
1780969420.465603,0.001010460,65688,8,520.064129
1780969420.466592,0.000992502,59764,6,481.723966
1780969420.467585,0.000999951,62660,6,501.304564
1780969420.468596,0.000997747,68716,10,550.969334
1780969420.469565,0.001000398,59896,8,478.977367
1780969420.470591,0.000999229,59830,7,479.009316
1780969420.471627,0.001009629,56868,6,450.605123
1780969420.472595,0.001001237,59830,7,478.048654
1780969420.473611,0.000993364,43836,6,353.030712
1780969420.474592,0.000995619,77338,9,621.426469
1780969420.475586,0.000999717,77272,8,618.350993
1780969420.476581,0.001001415,58448,8,466.923304
1780969420.477582,0.000998252,64306,9,515.348830
1780969420.478639,0.001000226,62792,8,502.222498
1780969420.479599,0.001005254,65622,7,522.232192
1780969420.481170,0.000996313,62660,6,503.135059
1780969420.481685,0.001003406,53972,6,430.310363
1780969420.482624,0.001010120,68716,10,544.220489
1780969420.483630,0.000997761,61344,8,491.853259
1780969420.484622,0.000993424,64174,7,516.790414
1780969420.485624,0.000993376,55354,5,445.784879
1780969420.486676,0.001000236,57000,8,455.892409
1780969420.487609,0.001007674,81748,10,649.003547
1780969420.488635,0.001000006,59830,7,478.637128
1780969420.489743,0.000993506,53906,5,434.066830
1780969420.490665,0.001004863,59896,8,476.849083
1780969420.491612,0.000996289,70164,10,563.402788
1780969420.492571,0.000998044,59830,7,479.578055
1780969420.493567,0.000999673,62726,7,501.972145
1780969420.494593,0.001000176,56934,7,455.391851
1780969420.495660,0.001000861,73060,10,583.977196
1780969420.496625,0.001011917,67202,9,531.284680
1780969420.497586,0.000987629,58316,6,472.371710
1780969420.498661,0.001014599,57000,8,449.438645
1780969420.499663,0.000985020,65820,10,534.567826
1780969420.500592,0.001000520,65688,8,525.230880
1780969420.501652,0.001011693,62726,7,496.008176
1780969420.502612,0.000993728,61278,7,493.318091
1780969420.503604,0.000997874,64372,10,516.073172
1780969420.504600,0.000999915,62792,8,502.378702
1780969420.505590,0.001006583,64174,7,510.034443
1780969420.506631,0.001000112,53972,6,431.727647
1780969420.507609,0.000989330,62792,8,507.753732
1780969420.508562,0.001000418,71546,9,572.128850
1780969420.509576,0.001013176,64174,7,506.715516
1780969420.510733,0.000986633,52590,7,426.419956
1780969420.511630,0.001005206,74574,11,593.502227
1780969420.512584,0.000994769,64240,8,516.622452
1780969420.513606,0.001013454,68584,8,541.388164
1780969420.514625,0.000986934,53906,5,436.957284
1780969420.515600,0.000999799,70230,11,561.952953
1780969420.516580,0.001002588,64240,8,512.593408
1780969420.517628,0.001010157,55420,6,438.902072
1780969420.518584,0.000995229,62660,6,503.683072
1780969420.519620,0.000996818,64570,13,518.208941
1780969420.520625,0.001001294,68716,10,549.017571
1780969420.521595,0.000998658,62726,7,502.482331
1780969420.522600,0.000998891,62726,7,502.365123
1780969420.523589,0.000999107,55486,7,444.284746
1780969420.524615,0.001008765,70164,10,556.434849
1780969420.525620,0.000993520,51142,7,411.804493
1780969420.526736,0.001007309,72862,7,578.666526
1780969420.527665,0.000995853,56802,5,456.308311
1780969420.528589,0.000994698,68782,11,553.189008
1780969420.529585,0.000997172,67136,8,538.611192
1780969420.530625,0.001008162,52458,5,416.266433
1780969420.531675,0.000999662,64174,7,513.565585
1780969420.532641,0.000992045,68848,12,555.200621
1780969420.533616,0.001001037,65754,9,525.487070
1780969420.534588,0.001008214,56868,6,451.237535
1780969420.535645,0.000995901,62660,6,503.343204
1780969420.536626,0.000997233,67400,12,540.696106
1780969420.537628,0.001008567,59896,8,475.097837
1780969420.538667,0.001003477,62660,6,499.543089
1780969420.539596,0.000997281,65622,7,526.407301
1780969420.540618,0.000999352,58580,10,468.943876
1780969420.541601,0.000998830,73192,12,586.221880
1780969420.542619,0.000989893,61344,8,495.762673
1780969420.543613,0.000999924,61278,7,490.261260
1780969420.544610,0.001010572,58316,6,461.647463
1780969420.545576,0.000989523,58316,6,471.467566
1780969420.546608,0.001008206,70164,10,556.743364
1780969420.547639,0.001006888,58316,6,463.336538
1780969420.548624,0.000996497,67004,6,537.916321
1780969420.549603,0.000994021,70362,13,566.281799
1780969420.550631,0.001004235,64240,8,511.752727
1780969420.551599,0.001001074,53906,5,430.785337
1780969420.552586,0.000995626,59764,6,480.212449
1780969420.553610,0.001002361,64504,12,514.816518
1780969420.554659,0.000992096,65688,8,529.690675
1780969420.555602,0.000999512,62660,6,501.524744
1780969420.556656,0.001007508,61410,9,487.618957
1780969420.557659,0.000995810,77536,12,622.897942
1780969420.558614,0.000996453,51010,5,409.532612
1780969420.559608,0.001005934,61146,5,486.282400
1780969420.560601,0.000999833,54302,11,434.488560
1780969420.561617,0.000996393,68716,10,551.718047
1780969420.562873,0.001011544,64174,7,507.533039
1780969420.563618,0.000988748,60028,10,485.688972
1780969420.564614,0.001008352,67268,10,533.686649
1780969420.565582,0.000999581,62726,7,502.018346
1780969420.566646,0.000993255,58250,5,469.164515
1780969420.567622,0.001002200,64372,10,513.845540
1780969420.568577,0.000993425,71744,12,577.750711
1780969420.569615,0.001003813,62792,8,500.427869
1780969420.570627,0.000996922,53906,5,432.579480
1780969420.571643,0.001011553,62726,7,496.076824
1780969420.572670,0.000996598,73192,12,587.534793
1780969420.573631,0.000992693,57000,8,459.356518
1780969420.574603,0.001009854,64240,8,508.905248
1780969420.575601,0.000989283,64174,7,518.953626
1780969420.576640,0.001000497,58448,8,467.351726
1780969420.577641,0.001001523,71612,10,572.024806
1780969420.578606,0.001008194,64174,7,509.219456
1780969420.579592,0.000997027,67070,7,538.159950
1780969420.580581,0.000993391,55552,8,447.372686
1780969420.581603,0.001006126,62792,8,499.277426
1780969420.582627,0.001001316,62660,6,500.621183
1780969420.583603,0.000992368,57000,8,459.506957
1780969420.584795,0.001006720,70230,11,558.089638
1780969420.585648,0.000993432,59830,7,481.804492
1780969420.586627,0.000999709,71414,7,571.478300
1780969420.587615,0.001013427,54038,7,426.576359
1780969420.588589,0.000986991,71744,12,581.516954
1780969420.589656,0.001009819,58382,7,462.514569
1780969420.590582,0.000989263,69966,7,565.803027
1780969420.591623,0.001004873,62990,11,501.476306
1780969420.592594,0.001007992,65688,8,521.337471
1780969420.593653,0.001001733,56868,6,454.156946
1780969420.594647,0.000986006,71414,7,579.420409
1780969420.595608,0.001003354,59962,9,478.092478
1780969420.596587,0.000996669,67202,9,539.412784
1780969420.597670,0.000999147,56868,6,455.332399
1780969420.598611,0.001004331,61212,6,487.584273
1780969420.599637,0.000996679,72928,8,585.368007
1780969420.600627,0.001009580,62858,9,498.092276
1780969420.601571,0.000990391,58382,7,471.587484
1780969420.602609,0.001000267,61212,6,489.565286
1780969420.603685,0.000999970,56934,7,455.485665
1780969420.604664,0.001011263,62990,11,498.307562
1780969420.605593,0.000988511,62792,8,508.174416
1780969420.607630,0.001006214,59830,7,475.684099
1780969420.607880,0.001007601,65622,7,521.015759
1780969420.608646,0.000988219,62660,6,507.255983
1780969420.609577,0.001006071,58316,6,463.712800
1780969420.610624,0.000992005,65754,9,530.271521
1780969420.611614,0.001009691,72994,9,578.347237
1780969420.612641,0.000989640,53972,6,436.296027
1780969420.613646,0.001001059,55552,8,443.945861
1780969420.614637,0.001005927,71744,12,570.570230
1780969420.615736,0.000994221,68716,10,552.923344
1780969420.616607,0.001003910,54038,7,430.620275
1780969420.617589,0.000999066,68518,7,548.656445
1780969420.618621,0.001001262,53906,5,430.704451
1780969420.619599,0.000994956,71546,9,575.269660
1780969420.620584,0.001000392,62858,9,502.666955
1780969420.621617,0.000999310,61278,7,490.562488
1780969420.622634,0.001002888,61278,7,488.812310
1780969420.623612,0.001004945,64372,10,512.441974
1780969420.624667,0.001002700,64306,9,513.062731
1780969420.625635,0.000993750,62726,7,504.964025
1780969420.626616,0.000995723,68518,7,550.498482
1780969420.627602,0.001000185,51142,7,409.060324
1780969420.628616,0.001010188,70164,10,555.651027
1780969420.629574,0.000989450,64240,8,519.399666
1780969420.630622,0.001009253,64174,7,508.685136
1780969420.631587,0.000990652,55486,7,448.076620
1780969420.632662,0.001006050,67268,10,534.907808
1780969420.633595,0.000993725,62726,7,504.976729
1780969420.634649,0.001004533,62660,6,499.017952
1780969420.635594,0.000996630,62660,6,502.975026
1780969420.636671,0.001010205,42388,6,335.678402
1780969420.637772,0.000990205,78852,10,637.055963
1780969420.638662,0.000999319,62792,8,502.678324
1780969420.639593,0.001000077,71678,11,573.379850
1780969420.640563,0.000999578,67268,10,538.371193
1780969420.641565,0.000999891,64240,8,513.976023
1780969420.642602,0.001007128,56868,6,451.724111
1780969420.643611,0.001002206,56934,7,454.469440
1780969420.644604,0.000998185,71612,10,573.937697
1780969420.645592,0.000991847,65754,9,530.355992
1780969420.646726,0.001002305,59830,7,477.539272
1780969420.647613,0.001005914,59698,5,474.776174
1780969420.648584,0.001002898,54170,9,432.107752
1780969420.649657,0.000990091,71612,10,578.629641
1780969420.650619,0.001011797,65688,8,519.376911
1780969420.651602,0.000996126,56868,6,456.713307
1780969420.652571,0.000993339,52656,8,424.072749
1780969420.653671,0.000998507,78984,12,632.816795
1780969420.654671,0.000999051,64240,8,514.408173
1780969420.655639,0.001002502,62726,7,500.555610
1780969420.656612,0.001004925,53906,5,429.134513
1780969420.657641,0.000994107,65688,8,528.619153
1780969420.658591,0.000999024,65754,9,526.545909
1780969420.659689,0.001014244,68650,9,541.487058
1780969420.660648,0.000985804,59764,6,484.997018
1780969420.661775,0.001005647,51274,9,407.888653
1780969420.662672,0.000998353,61410,9,492.090473
1780969420.663669,0.001007642,64240,8,510.022409
1780969420.664653,0.001000481,52524,6,419.989985
1780969420.665664,0.000987900,64174,7,519.680130
1780969420.666619,0.000999956,73126,11,585.033741
1780969420.667580,0.001001432,54038,7,431.685826
1780969420.668562,0.000998649,68584,8,549.414259
1780969420.669590,0.001012071,55552,8,439.115438
1780969420.670613,0.000997146,71744,12,575.594747
1780969420.671602,0.001002258,55552,8,443.414769
1780969420.672572,0.000994778,67136,8,539.907396
1780969420.673572,0.001002785,58448,8,466.285395
1780969420.674611,0.000992381,64438,11,519.461779
1780969420.675599,0.000998173,59962,9,480.574009
1780969420.676603,0.001001269,65688,8,524.837981
1780969420.677597,0.001006590,53972,6,428.949225
1780969420.678619,0.001005618,65688,8,522.568212
1780969420.679612,0.000993750,70164,10,564.842264
1780969420.680608,0.000999955,64240,8,513.943127
1780969420.681606,0.000997742,53972,6,432.753157
1780969420.682609,0.001002123,70296,12,561.176622
1780969420.683599,0.000993621,59962,9,482.775626
1780969420.684594,0.000999049,67136,8,537.599257
1780969420.685606,0.001011363,62726,7,496.170020
1780969420.686612,0.000989952,46798,7,378.183993
1780969420.687598,0.001000539,68782,11,549.959572
1780969420.688622,0.001010384,61278,7,485.185830
1780969420.689580,0.001000296,62726,7,501.659509
1780969420.690624,0.001000317,55420,6,443.219499
1780969420.691693,0.001001915,67070,7,535.534452
1780969420.692595,0.000986004,65754,9,533.498850
1780969420.693613,0.001002133,58448,8,466.588766
1780969420.694732,0.001009455,67070,7,531.534343
1780969420.695635,0.000988986,56868,6,460.010556
1780969420.696591,0.000999337,65556,6,524.795940
1780969420.697651,0.001012169,64306,9,508.262948
1780969420.698596,0.000987535,59896,8,485.216220
1780969420.699589,0.001006551,59830,7,475.524837
1780969420.700767,0.000995642,67070,7,538.908564
1780969420.701633,0.001009616,59896,8,474.604206
1780969420.702593,0.000989554,64372,10,520.412226
1780969420.703636,0.001001231,62726,7,501.191034
1780969420.704588,0.001011756,59830,7,473.078489
1780969420.705604,0.000998711,62858,9,503.513028
1780969420.706614,0.000993669,62792,8,505.536552
1780969420.707640,0.000995738,56868,6,456.891271
1780969420.708648,0.001011241,68518,7,542.050807
1780969420.709683,0.000986690,61212,6,496.301777
1780969420.710609,0.001012775,70164,10,554.231690
1780969420.711601,0.000987058,61344,8,497.186589
1780969420.712578,0.000999982,62726,7,501.817033
1780969420.713565,0.000999886,53906,5,431.297168
1780969420.714610,0.001000147,48246,7,385.911271
1780969420.715668,0.000999775,72994,9,584.083419
1780969420.716659,0.001006326,65688,8,522.200559
1780969420.717683,0.000995014,53972,6,433.939623
1780969420.718651,0.000999575,59764,6,478.315284
1780969420.719637,0.001003215,65820,10,524.872535
1780969420.720642,0.000995816,67136,8,539.344618
1780969420.721662,0.001001120,56868,6,454.435033
1780969420.722684,0.001000367,55420,6,443.197347
1780969420.723678,0.001004332,65556,6,522.185891
1780969420.724638,0.000996854,67202,9,539.312678
1780969420.725573,0.001001081,65688,8,524.936544
1780969420.726644,0.000999406,57000,8,456.271025
1780969420.727626,0.001002071,59962,9,478.704603
1780969420.728559,0.000994588,62858,9,505.600309
1780969420.729591,0.001001148,65688,8,524.901413
1780969420.730646,0.001001028,62726,7,501.292671
1780969420.731588,0.001000816,62660,6,500.871289
1780969420.732606,0.000997131,55420,6,444.635660
1780969420.733683,0.001003527,67202,9,535.726493
1780969420.734597,0.000996797,61278,7,491.799233
1780969420.735854,0.001008879,71480,8,566.807318
1780969420.736582,0.000991415,55618,9,448.796922
1780969420.737595,0.001011280,55552,8,439.458904
1780969420.738678,0.000989341,61278,7,495.505594
1780969420.739630,0.000999149,64174,7,513.829269
1780969420.740672,0.001000329,62792,8,502.170786
1780969420.741626,0.001006421,64306,9,511.165804
1780969420.742616,0.001001341,61344,8,490.094783
1780969420.743606,0.001001446,67070,7,535.785255
1780969420.744593,0.001001130,51208,8,409.201602
1780969420.745577,0.000988325,70164,10,567.942731
1780969420.746607,0.001001114,58382,7,466.536279
1780969420.747593,0.000999915,62726,7,501.850657
1780969420.748609,0.001001082,59830,7,478.122671
1780969420.749580,0.000998621,73126,11,585.815840
1780969420.750630,0.001001782,56934,7,454.661793
1780969420.751620,0.001008797,69966,7,554.847011
1780969420.752583,0.000989836,45350,7,366.525364
1780969420.753586,0.001016805,78918,11,620.909614
1780969420.754616,0.000989074,64240,8,519.597118
1780969420.755593,0.000994967,62726,7,504.346375
1780969420.756589,0.000998810,52458,5,420.163995
1780969420.757566,0.001001114,75758,7,605.389596
1780969420.758609,0.001004136,57000,8,454.121752
1780969420.759586,0.000996122,58448,8,469.404350
1780969420.760583,0.001003921,65688,8,523.451546
1780969420.761576,0.001002166,59764,6,477.078648
1780969420.762614,0.000992369,62660,6,505.134683
1780969420.763597,0.001010431,62726,7,496.627677
1780969420.764623,0.000990280,65820,10,531.728400
1780969420.765581,0.001007449,64240,8,510.120115
1780969420.766574,0.000992044,59764,6,481.946365
1780969420.767622,0.001003080,65556,6,522.837660
1780969420.768596,0.000997694,48246,7,386.860099
1780969420.769596,0.001001240,76022,11,607.422796
1780969420.770623,0.001002383,54038,7,431.276269
1780969420.771626,0.001000170,72928,8,583.324835
1780969420.772599,0.000995322,54038,7,434.335823
1780969420.773587,0.001006848,68716,10,545.989067
1780969420.774588,0.000998348,56934,7,456.225685
1780969420.775609,0.001000122,71480,8,571.770244
1780969420.776593,0.001007076,56934,7,452.271725
1780969420.777584,0.000991719,68716,10,554.318310
1780969420.778576,0.000996357,54038,7,433.884642
1780969420.779593,0.001006416,64174,7,510.119076
1780969420.780622,0.001008212,65622,7,520.700012
1780969420.781635,0.000986347,62858,9,509.824636
1780969420.782701,0.001007214,62792,8,498.738103
1780969420.783598,0.000999904,62726,7,501.856178
1780969420.784608,0.000993534,62660,6,504.542371
1780969420.785563,0.000999320,59830,7,478.965697
1780969420.786611,0.001013008,70164,10,554.104212
1780969420.787665,0.000986707,61344,8,497.363452
1780969420.788621,0.001002895,59830,7,477.258337
1780969420.789598,0.000999384,59764,6,478.406699
1780969420.791863,0.000997032,68650,9,550.834878
1780969420.792013,0.001000003,62858,9,502.862491
1780969420.792626,0.001003759,64240,8,511.995409
1780969420.797017,0.001008898,67070,7,531.827796
1780969420.797176,0.000988161,61410,9,497.165948
1780969420.797260,0.001006006,65754,9,522.891514
1780969420.797361,0.000996918,58382,7,468.499917
1780969420.797648,0.001008918,64240,8,509.377373
1780969420.806565,0.000992275,64438,11,519.517271
1780969420.806633,0.001005365,67268,10,535.272264
1780969420.806654,0.000994618,58382,7,469.583297
1780969420.806669,0.000995298,65622,7,527.456099
1780969420.806684,0.001004607,62858,9,500.557930
1780969420.806699,0.000996862,64306,9,516.067420
1780969420.806715,0.000998484,53972,6,432.431566
1780969420.806731,0.001008266,74310,7,589.606314
1780969420.806755,0.000993797,64108,6,516.065152
1780969420.807676,0.000997376,57000,8,457.199692
1780969420.808620,0.001011289,68716,10,543.591397
1780969420.809678,0.000993802,53972,6,434.468838
1780969420.810615,0.000995527,68518,7,550.606865
1780969420.811682,0.001001088,53906,5,430.779312
1780969420.812631,0.001012404,70098,9,553.913260
1780969420.813611,0.000988432,55486,7,449.082992
1780969420.817955,0.001000735,68584,8,548.269022
1780969420.818205,0.000996854,61476,10,493.360111
1780969420.818549,0.001011639,64306,9,508.529228
1780969420.818572,0.000988749,61278,7,495.802271
1780969420.819335,0.001013179,61410,9,484.889639
1780969420.819656,0.000990297,68782,11,555.647447
1780969420.820645,0.000997799,61344,8,491.834528
1780969420.821606,0.001002362,59830,7,477.512116
1780969420.822692,0.000996278,58316,6,468.270904
1780969420.823665,0.001011538,65622,7,518.987917
1780969420.824605,0.000989614,70164,10,567.202970
1780969420.825579,0.000998079,64306,9,515.438157
1780969420.826709,0.001004259,59830,7,476.610118
1780969420.827705,0.001007445,53906,5,428.061085
1780969420.828642,0.000988695,74310,7,601.277441
1780969420.829621,0.001000191,52656,8,421.167557
1780969420.830624,0.001015151,71546,9,563.825480
1780969420.831760,0.000996741,53972,6,433.187759
1780969420.832642,0.000988394,68518,7,554.580461
1780969420.833691,0.001001463,54170,9,432.726921
1780969420.834574,0.000998496,61344,8,491.491203
1780969420.835558,0.000999622,64240,8,514.114335
1780969420.836587,0.001007971,65622,7,520.824508
1780969420.837583,0.000997629,52722,9,422.778408
1780969420.838612,0.001002064,67334,11,537.562471
1780969420.839598,0.000994696,62858,9,505.545413
1780969420.840610,0.001011400,64240,8,508.127348
1780969420.841579,0.000987592,59764,6,484.118948
1780969420.842613,0.000998924,56934,7,455.962616
1780969420.843582,0.000999849,67268,10,538.225272
1780969420.844598,0.001001349,68584,8,547.932839
1780969420.845635,0.001006028,55420,6,440.703440
1780969420.846766,0.000994937,58316,6,468.902051
1780969420.847668,0.001001402,68782,11,549.485621
1780969420.848688,0.001001268,61278,7,489.603183
1780969420.849588,0.000995768,62726,7,503.940677
1780969420.850604,0.001000482,65622,7,524.723083
1780969420.851608,0.000998533,62660,6,502.016458
1780969420.852615,0.001005077,61344,8,488.273038
1780969420.853586,0.001002707,64306,9,513.059149
1780969420.854618,0.000996411,62792,8,504.145378
1780969420.855594,0.000996656,64174,7,515.114543
1780969420.856579,0.000998809,62660,6,501.877736
1780969420.857563,0.001007349,62924,10,499.719561
1780969420.858605,0.000997387,61344,8,492.037694
1780969420.859603,0.001006874,64240,8,510.411432
1780969420.860633,0.001000617,52656,8,420.988250
1780969420.861580,0.000989838,70230,11,567.608033
1780969420.862597,0.000998561,64306,9,515.189357
1780969420.863581,0.000999688,56934,7,455.614152
1780969420.864588,0.001004709,68518,7,545.574888
1780969420.865619,0.001008932,62660,6,496.842205
1780969420.866630,0.000987123,48114,5,389.933169
1780969420.867713,0.001013300,71612,10,565.376493
1780969420.868660,0.000990574,59764,6,482.661568
1780969420.869688,0.001001757,67216,8,536.784869
1780969420.870601,0.000993764,65820,10,529.864233
1780969420.871606,0.001010418,65622,7,519.563191
1780969420.872577,0.001003719,58448,8,465.851498
1780969420.873710,0.000989511,67400,12,544.915620
1780969420.874628,0.000996898,61410,9,492.808693
1780969420.875623,0.001009500,65622,7,520.035661
1780969420.876600,0.000993053,65556,6,528.116828
1780969420.877660,0.000997495,49760,8,399.079695
1780969420.878626,0.001009095,73192,12,580.258549
1780969420.879617,0.001000538,49562,5,396.282800
1780969420.880644,0.000997377,77272,8,619.801740
1780969420.881636,0.001004248,60094,11,478.718404
1780969420.883040,0.000988195,62858,9,508.871225
1780969420.883952,0.001001999,62792,8,501.333834
1780969420.884693,0.001006130,71546,9,568.880761
1780969420.885619,0.000997981,57198,11,458.509731
1780969420.886632,0.001002960,61410,9,489.830103
1780969420.887686,0.000999234,59896,8,479.535324
1780969420.888642,0.000992206,65622,7,529.099804
1780969420.889605,0.000999519,58250,5,466.224254
1780969420.890642,0.000999949,68716,10,549.756038
1780969420.891639,0.001000657,70164,10,560.943460
1780969420.892587,0.000999229,56988,8,456.255773
1780969420.893595,0.001007954,58382,7,463.370352
1780969420.894647,0.001004674,67334,11,536.165960
1780969420.895603,0.000990426,67202,9,542.812891
1780969420.896625,0.001010712,62726,7,496.489603
1780969420.897880,0.000987966,52458,5,424.775751
1780969420.899194,0.001000961,45454,7,363.282885
1780969420.899672,0.001002105,70164,10,560.132920
1780969420.900600,0.001008580,65754,9,521.557041
1780969420.901976,0.000987810,65622,7,531.454429
1780969420.902704,0.001003571,53906,5,429.713493
1780969420.903768,0.001000472,65556,6,524.200577
1780969420.904638,0.000995463,73060,10,587.143872
1780969420.905583,0.000999114,62792,8,502.781464
1780969420.906605,0.001004460,62660,6,499.054218
1780969420.907604,0.000996812,69966,7,561.518120
1780969420.908590,0.001005626,64372,10,512.094954
1780969420.909591,0.001003346,59830,7,477.043811
1780969420.910652,0.000994818,67070,7,539.354937
1780969420.911574,0.000999075,61542,11,492.791832
1780969420.912705,0.000998907,64438,11,516.068062
1780969420.913641,0.000999041,62792,8,502.818203
1780969420.914707,0.000998817,53972,6,432.287396
1780969420.915648,0.001008727,62792,8,497.990041
1780969420.916639,0.000996467,130060,10,1044.169049
1780969420.917629,0.000994516,61212,6,492.396301
1780969420.918609,0.001013592,68518,7,540.793534
1780969420.919623,0.000998546,43902,7,351.727412
1780969420.920726,0.000994071,77470,11,623.456473
1780969420.921626,0.001001448,53972,6,431.151692
1780969420.922652,0.000999571,61212,6,489.906170
1780969420.923715,0.000992677,62594,5,504.446058
1780969420.924642,0.001009429,55552,8,440.264744
1780969420.925590,0.000999807,67136,8,537.191678
1780969420.926666,0.000990773,55354,5,446.956064
1780969420.927598,0.000999621,59830,7,478.821473
1780969420.928627,0.001002188,65886,11,525.937249
1780969420.929591,0.000998096,62726,7,502.765265
1780969420.930668,0.001002288,62660,6,500.135690
1780969420.931643,0.001001329,62726,7,501.141982
1780969420.932642,0.001009391,65622,7,520.091818
1780969420.933622,0.000988600,68650,9,555.533077
1780969420.934725,0.000998838,55420,6,443.875784
1780969420.935608,0.001001967,72862,7,581.751694
1780969420.936658,0.001004569,55750,11,443.971494
1780969420.937617,0.001005167,73126,11,582.000802
1780969420.938704,0.001002038,61344,8,489.753882
1780969420.939623,0.000992596,59830,7,482.210285
1780969420.940600,0.001000275,68848,12,550.632576
1780969420.941579,0.000993077,61278,7,493.641480
1780969420.942614,0.000999597,68518,7,548.364991
1780969420.943607,0.001004756,52458,5,417.677526
1780969420.944604,0.000995248,61212,6,492.034146
1780969420.945587,0.000999930,68782,11,550.294521
1780969420.946621,0.001000525,61344,8,490.494490
1780969420.947613,0.001001861,65622,7,524.000834
1780969420.948605,0.000998040,57066,9,457.424552
1780969420.949606,0.001014229,64438,11,508.271801
1780969420.950602,0.000985800,59896,8,486.070197
1780969420.951591,0.001002683,67136,8,535.650849
1780969420.952600,0.001002024,59830,7,477.673189
1780969420.953614,0.000999362,65886,11,527.424497
1780969420.954620,0.000995868,64240,8,516.052328
1780969420.955621,0.001010801,62726,7,496.445888
1780969420.956586,0.000989325,64174,7,518.931595
1780969420.957585,0.000999839,62924,10,503.473059
1780969420.958642,0.001010572,62792,8,497.080861
1780969420.959588,0.000990944,53972,6,435.721898
1780969420.960583,0.001002967,71414,7,569.621932
1780969420.961608,0.001006376,67268,10,534.734533
1780969420.962601,0.000993916,62912,10,506.376796
1780969420.963591,0.001001442,56934,7,454.816155
1780969420.964593,0.000994635,62924,10,506.107265
1780969420.965574,0.001001833,67400,12,538.213455
1780969420.966699,0.001011473,61344,8,485.185467
1780969420.967697,0.000986619,67136,8,544.372245
1780969420.968732,0.001012465,65688,8,519.034238
1780969420.969665,0.000989968,65820,10,531.895980
1780969420.970960,0.000998231,59896,8,480.017150
1780969420.971751,0.001001283,67070,7,535.872476
1780969420.972695,0.001009772,56868,6,450.541310
1780969420.973623,0.000996862,61212,6,491.237503
1780969420.974669,0.000999313,61344,8,491.089378
1780969420.975640,0.000993951,70098,9,564.196827
1780969420.976601,0.000997304,65622,7,526.395161
1780969420.977581,0.001000671,61278,7,489.895280
1780969420.978802,0.001015374,64306,9,506.658630
1780969420.979707,0.000993394,62792,8,505.676499
1780969420.980797,0.000993972,64240,8,517.036697
1780969420.981624,0.000998237,53906,5,432.009633
1780969420.982612,0.001009085,62660,6,496.766873
1780969420.983611,0.000988823,65754,9,531.977917
1780969420.984585,0.000999674,65688,8,525.675370
1780969420.985618,0.001008110,59830,7,474.789457
1780969420.986594,0.000992723,67070,7,540.493169
1780969420.987615,0.000999414,49694,7,397.785102
1780969420.988592,0.001007330,73126,11,580.751094
1780969420.989584,0.001002153,59830,7,477.611702
1780969420.990608,0.000997201,70032,8,561.828558
1780969420.991601,0.000998438,58316,6,467.257857
1780969420.992600,0.000998384,55552,8,445.135339
1780969420.993579,0.001005978,71612,10,569.491579
1780969420.994631,0.001001837,55486,7,443.074073
1780969420.995595,0.000993448,68584,8,552.290608
1780969420.996606,0.001006343,55486,7,441.090165
1780969420.997563,0.000992679,70164,10,565.451672
1780969420.998621,0.001005922,64240,8,510.894483
1780969420.999604,0.000999832,55420,6,443.434497
1780969421.000614,0.001002547,57000,8,454.841519
1780969421.001643,0.000993251,67268,10,541.800612
1780969421.002620,0.000995723,58382,7,469.062179
1780969421.003584,0.000998979,61278,7,490.725030
1780969421.004587,0.001009924,56934,7,450.996313
1780969421.005590,0.001001817,62924,10,502.478996
1780969421.006618,0.000989170,62858,9,508.369643
1780969421.007600,0.001000239,62726,7,501.688097
1780969421.008602,0.001003679,62660,6,499.442551
1780969421.009685,0.000995103,62660,6,503.746848
1780969421.010612,0.001004775,58382,7,464.836406
1780969421.011608,0.001005668,67268,10,535.110991
1780969421.012694,0.000989912,62792,8,507.455208
1780969421.013590,0.001000552,62726,7,501.531155
1780969421.014608,0.001001302,55354,5,442.256182
1780969421.015651,0.001005283,65622,7,522.217127
1780969421.016597,0.000993122,68650,9,553.003558
1780969421.017575,0.001010518,59830,7,473.658064
1780969421.018598,0.001004857,59764,6,475.801034
1780969421.019600,0.000987864,67334,11,545.289635
1780969421.020602,0.000997106,59962,9,481.088269
1780969421.021652,0.000999169,59830,7,479.038081
1780969421.022666,0.001001114,67070,7,535.962937
1780969421.023648,0.000999385,62660,6,501.588477
1780969421.024679,0.001007449,58316,6,463.078528
1780969421.025654,0.000993753,64306,9,517.681959
1780969421.026617,0.000998698,62858,9,503.519582
1780969421.027651,0.001000840,68584,8,548.211502
1780969421.028633,0.001009143,52524,6,416.384992
1780969421.029620,0.000990205,70230,11,567.397660
1780969421.030638,0.000999788,62792,8,502.442518
1780969421.031613,0.001010547,64174,7,508.033768
1780969421.032659,0.000993950,53972,6,434.404145
1780969421.033591,0.001004347,67136,8,534.763384
1780969421.034608,0.000996883,67268,10,539.826640
1780969421.035626,0.001006606,67136,8,533.563281
1780969421.036592,0.000991022,55486,7,447.909330
1780969421.037611,0.000996953,65556,6,526.050877
1780969421.038618,0.000999104,55552,8,444.814554
1780969421.039632,0.001004393,71612,10,570.390276
1780969421.040576,0.000996134,59830,7,480.497604
1780969421.041572,0.001009573,65622,7,519.998059
1780969421.042614,0.001002484,52590,7,419.677521
1780969421.043586,0.000999080,67202,9,538.111062
1780969421.044577,0.000996102,68650,9,551.349159
1780969421.045650,0.000992703,55420,6,446.618979
1780969421.046641,0.001011050,65556,6,518.716186
1780969421.047610,0.000989438,56802,5,459.266776
1780969421.048594,0.001003288,73060,10,582.564528
1780969421.049634,0.001000151,57000,8,455.931154
1780969421.050618,0.000999705,62726,7,501.956077
1780969421.051596,0.000998359,68518,7,549.044983
1780969421.052595,0.000998231,52524,6,420.936637
1780969421.053600,0.001002721,68716,10,548.236249
1780969421.054630,0.001007104,56934,7,452.259151
1780969421.055639,0.001001113,64174,7,512.821230
1780969421.056625,0.000990090,65622,7,530.230585
1780969421.057627,0.000998798,61410,9,491.871229
1780969421.058617,0.001007303,64306,9,510.718225
1780969421.059666,0.000998857,53972,6,432.270085
1780969421.060586,0.000993794,71480,8,575.411001
1780969421.061642,0.001005160,59896,8,476.708186
1780969421.062591,0.000994927,61344,8,493.254279
1780969421.063596,0.001002622,61344,8,489.468613
1780969421.064622,0.000997800,67070,7,537.743035
1780969421.065629,0.001008161,58448,8,463.798937
1780969421.066626,0.000991534,58514,9,472.108874
1780969421.067581,0.001000028,67136,8,537.072962
1780969421.068579,0.000999533,62726,7,502.042454
1780969421.069567,0.001008479,55354,5,439.108797
1780969421.070620,0.000994380,61212,6,492.463646
1780969421.071614,0.001007483,131310,9,1042.677643
1780969421.072715,0.000991617,58382,7,471.004430
1780969421.073633,0.001010189,59764,6,473.289652
1780969421.074632,0.000988114,65556,6,530.756573
1780969421.075632,0.001000091,64174,7,513.345286
1780969421.076570,0.001011044,64372,10,509.350731
1780969421.077563,0.000988998,65754,9,531.883785
1780969421.078607,0.001001447,56868,6,454.286647
1780969421.079614,0.001006766,73192,12,581.600888
1780969421.080633,0.000991609,57000,8,459.858674
1780969421.081633,0.001003893,72994,9,581.687491
1780969421.082843,0.000996319,52524,6,421.744441
1780969421.083686,0.001007912,72862,7,578.320330
1780969421.084682,0.000993520,46798,7,376.825831
1780969421.085657,0.000998436,65754,9,526.856003
1780969421.086694,0.000999928,59830,7,478.674465
1780969421.087647,0.001000900,56868,6,454.534919
1780969421.088640,0.000999292,67202,9,537.996902
1780969421.089617,0.001011155,67202,9,531.685053
1780969421.090647,0.000997459,62792,8,503.615687
1780969421.091618,0.000994229,58316,6,469.235961
1780969421.092659,0.000998547,65556,6,525.211132
1780969421.093618,0.000999012,57000,8,456.450974
1780969421.094612,0.001001290,65754,9,525.354293
1780969421.095714,0.001003211,56934,7,454.014161
1780969421.096607,0.001003569,67070,7,534.651828
1780969421.097593,0.000999697,65556,6,524.606956
1780969421.098625,0.000998238,59830,7,479.484852
1780969421.099606,0.000994173,64306,9,517.463258
1780969421.100576,0.000999723,58448,8,467.713557
1780969421.101590,0.001004136,67070,7,534.349929
1780969421.102589,0.001002644,53906,5,430.110787
1780969421.103647,0.001006158,70230,11,558.401364
1780969421.104607,0.000994109,67202,9,540.801864
1780969421.105602,0.001002741,62726,7,500.436304
1780969421.106641,0.000992843,62726,7,505.425329
1780969421.107588,0.000997061,62660,6,502.757605
1780969421.108588,0.001006698,52524,6,417.396280
1780969421.109589,0.000998129,70164,10,562.364183
1780969421.110601,0.001006893,61344,8,487.392404
1780969421.111681,0.000989486,59764,6,483.192284
1780969421.112674,0.001013089,72862,7,575.365047
1780969421.113717,0.000986415,52458,5,425.443652
1780969421.114658,0.001005597,65820,10,523.629247
1780969421.115622,0.001004549,61344,8,488.529678
1780969421.116620,0.000989059,58382,7,472.222587
1780969421.117573,0.000999664,69966,7,559.916132
1780969421.118667,0.001001182,61410,9,490.699993
1780969421.119587,0.001003001,71612,10,571.181883
1780969421.120593,0.001005533,54038,7,429.925224
1780969421.121598,0.001002830,64174,7,511.943201
1780969421.122585,0.000995681,65556,6,526.722916
1780969421.123602,0.000991923,57000,8,459.713103
1780969421.124620,0.001005005,64306,9,511.886011
1780969421.125589,0.000999928,65688,8,525.541839
1780969421.126590,0.000998721,65622,7,525.648304
1780969421.127621,0.000997476,58316,6,467.708496
1780969421.128643,0.001004644,62858,9,500.539495
1780969421.129586,0.000994025,62858,9,505.886673
1780969421.130634,0.001000607,64174,7,513.080560
1780969421.131610,0.001006798,53972,6,428.860606
1780969421.132600,0.000993762,70164,10,564.835443
1780969421.133586,0.001005987,65754,9,522.901389
1780969421.134610,0.000993818,56934,7,458.305243
1780969421.135617,0.001015033,55552,8,437.834041
1780969421.136581,0.000984677,64438,11,523.525989
1780969421.137593,0.001012145,68716,10,543.131666
1780969421.138608,0.000992490,55486,7,447.246824
1780969421.139597,0.000994995,68518,7,550.901261
1780969421.140563,0.000999923,53906,5,431.281209
1780969421.141569,0.001008959,70230,11,556.851170
1780969421.142582,0.000994218,58448,8,470.303294
1780969421.143579,0.000996929,65688,8,527.122794
1780969421.144598,0.001000005,59764,6,478.109609
1780969421.145604,0.001005672,64240,8,511.021486
1780969421.146617,0.001007137,62858,9,499.300492
1780969421.147586,0.000993818,64240,8,517.116816
1780969421.148607,0.001002103,62726,7,500.754912
1780969421.149577,0.000992586,56868,6,458.342149
1780969421.150619,0.001009297,71612,10,567.618848
1780969421.151674,0.000991015,64240,8,518.579436
1780969421.152667,0.001008795,62726,7,497.433076
1780969421.153675,0.000989559,55420,6,448.037964
1780969421.154617,0.001005171,73126,11,581.998486
1780969421.155602,0.000998245,55486,7,444.668393
1780969421.156609,0.001010765,72928,8,577.210331
1780969421.157596,0.000985676,52458,5,425.762624
1780969421.158616,0.001006684,62660,6,497.951691
1780969421.159608,0.001003825,61278,7,488.356038
1780969421.160597,0.000993224,65754,9,529.620710
1780969421.161598,0.001006525,65688,8,522.097315
1780969421.162592,0.000990293,58316,6,471.100977
1780969421.163601,0.000999620,54170,9,433.524739
1780969421.164585,0.001000653,70164,10,560.945702
1780969421.165691,0.000999889,56868,6,454.994504
1780969421.166678,0.001014236,68716,10,542.011918
1780969421.167742,0.000986612,62924,10,510.222864
1780969421.168663,0.000999895,58382,7,467.105046
1780969421.169634,0.000998478,68584,8,549.508352
1780969421.170713,0.001001020,55552,8,443.963158
1780969421.171648,0.001011005,71612,10,566.659908
1780969421.172624,0.000988704,52590,7,425.526750
1780969421.173607,0.001007259,77272,8,613.720999
1780969421.174592,0.000995616,52458,5,421.511908
1780969421.175612,0.001002500,71348,6,569.360599
1780969421.176602,0.001000146,46864,8,374.857271
1780969421.177606,0.000994457,70098,9,563.909752
1780969421.178623,0.001003621,65688,8,523.608015
1780969421.179690,0.000996787,65556,6,526.138483
1780969421.180611,0.001003191,62924,10,501.790786
1780969421.181597,0.001006573,62858,9,499.580259
1780969421.182648,0.000991016,55420,6,447.379255
1780969421.183581,0.001004025,62660,6,499.270436
1780969421.184637,0.001006772,71414,7,567.469099
1780969421.185618,0.000988504,61410,9,496.993437
1780969421.186666,0.001005121,58448,8,465.201702
1780969421.187614,0.001005623,62726,7,499.002111
1780969421.188603,0.000994226,65622,7,528.024815
1780969421.189622,0.001008383,62660,6,497.112704
1780969421.190609,0.000985743,59830,7,485.562667
1780969421.191637,0.001005348,64306,9,511.711368
1780969421.192588,0.000998836,70098,9,561.437513
1780969421.193568,0.000997447,64174,7,514.706045
1780969421.194591,0.000998765,52590,7,421.240232
1780969421.195657,0.001009305,70164,10,556.137144
1780969421.196634,0.000998782,56934,7,456.027441
1780969421.197648,0.000992655,62726,7,505.521052
1780969421.198625,0.001011161,56934,7,450.444588
1780969421.199676,0.000989438,67202,9,543.354915
1780969421.200583,0.001010377,71612,10,567.012115
1780969421.201649,0.000989699,59764,6,483.088293
1780969421.202594,0.001002641,52458,5,418.558587
1780969421.203589,0.000996284,70032,8,562.345677
1780969421.204623,0.001006923,68716,10,545.948399
1780969421.205621,0.000995694,64306,9,516.672793
1780969421.206629,0.001004416,64174,7,511.134829
1780969421.207611,0.000992656,53972,6,434.970423
1780969421.208592,0.001015071,67202,9,529.633888
1780969421.209622,0.000985669,65754,9,533.680171
1780969421.210610,0.001011643,58382,7,461.680652
1780969421.211631,0.000987040,68518,7,555.341222
1780969421.212638,0.001003098,59962,9,478.214492
1780969421.213577,0.001004356,64306,9,512.216784
1780969421.214605,0.000992399,59830,7,482.306008
1780969421.215582,0.001000843,65622,7,524.533818
1780969421.216578,0.000998673,59896,8,479.804701
1780969421.217578,0.001000763,67202,9,537.206112
1780969421.218649,0.001008004,61344,8,486.855211
1780969421.219628,0.000992504,61344,8,494.458461
1780969421.220588,0.000999880,61542,11,492.395087
1780969421.221686,0.001009048,68716,10,544.798662
1780969421.222667,0.000995935,59896,8,481.123768
1780969421.223662,0.000995330,58448,8,469.777863
1780969421.224665,0.001011104,62990,11,498.385923
1780969421.225638,0.000989499,65754,9,531.614484
1780969421.226618,0.001011045,64240,8,508.305763
1780969421.227597,0.000987404,58382,7,473.014085
1780969421.228595,0.001000161,70296,12,562.277473
1780969421.229563,0.000999430,58382,7,467.322374
1780969421.230578,0.001006319,65622,7,521.679507
1780969421.231584,0.001002027,52458,5,418.815062
1780969421.232583,0.000995085,74310,7,597.416301
1780969421.233569,0.000997916,57000,8,456.952289
1780969421.234627,0.001003316,62792,8,500.675759
1780969421.235591,0.000996839,59830,7,480.157779
1780969421.236601,0.000998919,61212,6,490.225934
1780969421.237676,0.001001000,67268,10,537.606394
1780969421.238617,0.000999163,58448,8,467.975696
1780969421.239593,0.001007754,62726,7,497.946920
1780969421.240581,0.000994706,61212,6,492.302248
1780969421.241563,0.001000965,70230,11,561.298347
1780969421.242585,0.000996692,65688,8,527.248137
1780969421.243604,0.001000672,62726,7,501.471011
1780969421.244612,0.001010689,57066,9,451.699781
1780969421.245621,0.000996437,68848,12,552.753461
1780969421.246615,0.000992218,58448,8,471.251277
1780969421.247647,0.001001663,65688,8,524.631538
1780969421.248620,0.001011943,56868,6,449.574729
1780969421.249609,0.000987113,62660,6,507.824332
1780969421.250653,0.000999143,68650,9,549.671068
1780969421.251585,0.001001061,65754,9,525.474472
1780969421.252561,0.000999015,54038,7,432.730239
1780969421.253558,0.001002888,65622,7,523.464235
1780969421.254604,0.001002318,68848,12,549.510235
1780969421.255609,0.001001032,57000,8,455.529893
1780969421.256625,0.001006677,62726,7,498.479651
1780969421.257599,0.001000845,62726,7,501.384330
1780969421.258623,0.000992186,72862,7,587.486620
1780969421.259596,0.000999524,52524,6,420.392107
1780969421.260614,0.000995449,65754,9,528.436916
1780969421.261577,0.000998658,64240,8,514.610607
1780969421.262615,0.001000767,62726,7,501.423408
1780969421.263611,0.000999438,64108,6,513.152392
1780969421.264654,0.001007393,55420,6,440.106294
1780969421.265684,0.001001483,70164,10,560.480807
1780969421.266634,0.000991368,65754,9,530.612245
1780969421.267586,0.001000436,56868,6,454.745731
1780969421.268587,0.001002936,65622,7,523.439183
1780969421.269596,0.000996360,52458,5,421.197158
1780969421.270634,0.001012950,74508,10,588.443655
1780969421.271612,0.000987034,62858,9,509.469785
1780969421.272610,0.001010717,59830,7,473.564806
1780969421.273588,0.000989162,56868,6,459.928707
1780969421.274611,0.001000419,68650,9,548.969982
1780969421.275646,0.001005668,64306,9,511.548543
1780969421.276703,0.001007822,64240,8,509.931317
1780969421.277678,0.000996687,56868,6,456.456240
1780969421.278654,0.001001509,65688,8,524.712209
1780969421.279641,0.000994262,70164,10,564.551396
1780969421.280609,0.000993639,64306,9,517.741353
1780969421.281628,0.001014561,62726,7,494.606041
1780969421.282637,0.000989036,53906,5,436.028618
1780969421.283621,0.000998884,64108,6,513.436996
1780969421.284575,0.001004062,67268,10,535.966902
1780969421.285640,0.001003238,56934,7,454.001942
1780969421.286599,0.000996782,64174,7,515.049429
1780969421.287594,0.000993322,62660,6,504.650053
1780969421.288595,0.001000369,62660,6,501.095096
1780969421.289603,0.001007668,46732,6,371.011087
1780969421.290599,0.000994054,71612,10,576.322815
1780969421.291599,0.000998546,58448,8,468.264857
1780969421.292608,0.001010574,62726,7,496.557402
1780969421.293596,0.000989932,59962,9,484.574698
1780969421.294608,0.000999111,73192,12,586.057005
1780969421.295600,0.001000105,53972,6,431.730668
1780969421.296618,0.001001127,67070,7,535.955978
1780969421.297585,0.000999939,62858,9,502.894677
1780969421.298627,0.001004331,64438,11,513.280980
1780969421.299698,0.000995235,59896,8,481.462167
1780969421.300602,0.001009704,65688,8,520.453519
1780969421.301629,0.000995924,65622,7,527.124560
1780969421.302626,0.001007162,61344,8,487.262228
1780969421.303603,0.000986906,64306,9,521.273556
1780969421.304598,0.000999348,62726,7,502.135392
1780969421.305613,0.001009164,65622,7,520.208806
1780969421.306603,0.000991019,51010,5,411.778180
1780969421.307654,0.001001497,64306,9,513.679023
1780969421.308616,0.001011079,65754,9,520.267951
1780969421.309625,0.000996568,58382,7,468.664456
1780969421.310613,0.000991701,68518,7,552.731116
1780969421.311654,0.001007609,62660,6,497.494564
1780969421.312719,0.001005806,51076,6,406.249316
1780969421.313591,0.001000012,71678,11,573.417119
1780969421.314629,0.000988757,62726,7,507.513980
1780969421.315610,0.001007489,58514,9,464.632368
1780969421.316594,0.001002654,65820,10,525.166209
1780969421.317595,0.000986721,62858,9,509.631395
1780969421.318676,0.001000171,65622,7,524.886244
1780969421.319599,0.001001696,55420,6,442.609335
1780969421.320596,0.000998506,62660,6,502.030033
1780969421.321597,0.000999618,65754,9,526.233021
1780969421.322586,0.001000715,67202,9,537.231879
1780969421.323598,0.001001171,64240,8,513.318904
1780969421.324582,0.001003265,56868,6,453.463442
1780969421.325655,0.000998431,61278,7,490.994370
1780969421.326609,0.001008246,68716,10,545.232017
1780969421.327586,0.000997531,64240,8,515.192009
1780969421.328580,0.000993085,62726,7,505.302164
1780969421.329595,0.000997718,56868,6,455.984557
1780969421.330621,0.001000378,62858,9,502.673989
1780969421.331584,0.000999691,62858,9,503.019433
1780969421.332598,0.001007686,62726,7,497.980522
1780969421.333684,0.000992643,62660,6,504.995250
1780969421.334799,0.001000026,62660,6,501.266967
1780969421.335675,0.001009402,59830,7,474.181743
1780969421.336589,0.000990313,67202,9,542.874828
1780969421.337573,0.001006605,61344,8,487.531852
1780969421.338627,0.000993436,59830,7,481.802552
1780969421.339684,0.001009466,68518,7,543.003925
1780969421.340606,0.000991147,51142,7,412.790434
1780969421.341617,0.001002326,67268,10,536.895182
1780969421.342622,0.000996779,61278,7,491.808114
1780969421.343617,0.001000884,65622,7,524.512331
1780969421.344630,0.001011000,61344,8,485.412463
1780969421.345613,0.000990320,68650,9,554.568220
1780969421.346600,0.000998304,56934,7,456.245793
1780969421.347662,0.001002433,64174,7,512.145949
1780969421.348647,0.000997260,59698,5,478.896176
1780969421.349670,0.001002104,70296,12,561.187262
1780969421.350704,0.001005716,62792,8,499.480967
1780969421.351623,0.001003868,62726,7,499.874485
1780969421.352619,0.000988138,65622,7,531.278020
1780969421.353645,0.001005589,62660,6,498.493917
1780969421.354609,0.000994748,54038,7,434.586448
1780969421.355601,0.001010729,71612,10,566.814646
1780969421.356637,0.000989788,53972,6,436.230789
1780969421.357624,0.001000045,62726,7,501.785420
1780969421.358605,0.000999874,72862,7,582.969454
1780969421.359784,0.001000254,54104,8,432.722089
1780969421.360599,0.000999802,65754,9,526.136175
1780969421.361582,0.000999207,59830,7,479.019863
1780969421.362643,0.001001958,68518,7,547.072831
1780969421.363606,0.001005593,46864,8,372.826780
1780969421.364610,0.000993358,68650,9,552.872177
1780969421.365616,0.001014679,61344,8,483.652465
1780969421.366670,0.000985475,56868,6,461.649458
1780969421.367621,0.001002420,68650,9,547.874145
1780969421.368670,0.001001643,54038,7,431.594890
1780969421.369644,0.000995580,67136,8,539.472468
1780969421.370675,0.000999381,64174,7,513.709986
1780969421.371606,0.001004021,62806,7,500.435748
1780969421.372589,0.001006359,58316,6,463.580094
1780969421.373559,0.000993639,71612,10,576.563521
1780969421.374613,0.001007556,64306,9,510.589982
1780969421.375699,0.000994794,65688,8,528.254091
1780969421.376687,0.001000003,62660,6,501.278496
1780969421.377646,0.001000954,55552,8,443.992431
1780969421.378704,0.001006692,70164,10,557.580670
1780969421.379643,0.000986545,58382,7,473.425946
1780969421.380590,0.001000917,62990,11,503.458329
1780969421.381586,0.001004599,62924,10,501.087499
1780969421.382605,0.001007333,62792,8,498.679186
1780969421.383658,0.000995257,62726,7,504.199418
1780969421.384628,0.000997504,62660,6,502.534326
1780969421.385603,0.001004756,65754,9,523.542034
1780969421.386654,0.000989372,61344,8,496.023740
1780969421.387588,0.001009619,62726,7,497.027096
1780969421.388597,0.000990726,56868,6,459.202645
1780969421.389603,0.000999160,73126,11,585.499820
1780969421.390601,0.001010622,62858,9,497.578719
1780969421.391605,0.000994193,54038,7,434.829052
1780969421.392589,0.001003617,51208,8,408.187586
1780969421.393595,0.001006315,65886,11,523.780327
1780969421.394624,0.001000034,67136,8,537.069740
1780969421.395603,0.000992755,55474,7,447.030738
1780969421.396621,0.000995866,59896,8,481.157103
1780969421.397601,0.001002453,68716,10,548.382817
1780969421.398597,0.000994726,67306,9,541.302831
1780969421.399629,0.001000135,56868,6,454.882591
1780969421.400609,0.001007531,65556,6,520.527904
1780969421.401581,0.000993789,59896,8,482.162713
1780969421.402611,0.001003461,62858,9,501.129590
1780969421.403592,0.000999656,65688,8,525.684836
1780969421.404564,0.000995317,58514,9,470.314483
1780969421.405663,0.001005556,62924,10,500.610607
1780969421.406763,0.001000227,71546,9,572.238102
1780969421.407624,0.000995906,53972,6,433.550958
1780969421.408647,0.001009872,62660,6,496.379739
1780969421.409605,0.000994029,55486,7,446.554376
1780969421.410580,0.001001459,67268,10,537.359992
1780969421.411564,0.000992391,68584,8,552.878855
1780969421.412619,0.001004911,54170,9,431.242170
1780969421.413592,0.000996491,71678,11,575.443230
1780969421.414643,0.001000017,55486,7,443.880454
1780969421.415606,0.001008744,68584,8,543.915999
1780969421.416595,0.000990114,49826,9,402.587985
1780969421.417595,0.000999784,73192,12,585.662503
1780969421.418604,0.001006755,61410,9,487.983670
1780969421.419603,0.001001922,61278,7,489.283597
1780969421.420596,0.000991676,61212,6,493.806445
1780969421.421588,0.001007900,64306,9,510.415716
1780969421.422658,0.001006928,65754,9,522.412725
1780969421.423616,0.000996685,65834,9,528.423725
1780969421.424597,0.000988394,56934,7,460.820280
1780969421.425574,0.001003008,65886,11,525.507274
1780969421.426600,0.000997925,65820,10,527.654884
1780969421.427596,0.000999354,62792,8,502.660719
1780969421.428601,0.001005433,55420,6,440.964241
1780969421.429565,0.000994567,52458,5,421.956490
1780969421.430628,0.001013056,58316,6,460.515510
1780969421.431624,0.000997226,70098,9,562.343942
1780969421.432611,0.000997956,62792,8,503.364878
1780969421.433568,0.000993876,62726,7,504.900008
1780969421.434601,0.000997491,62858,9,504.128859
1780969421.435584,0.001004351,64306,9,512.219334
1780969421.436651,0.000995452,62726,7,504.100650
1780969421.437635,0.001012980,59764,6,471.985627
1780969421.438627,0.000989371,61212,6,494.956897
1780969421.439657,0.000998810,70164,10,561.980757
1780969421.440639,0.001006030,67202,9,534.393607
1780969421.441578,0.001003087,52524,6,418.898859
1780969421.442602,0.000991805,59962,9,483.659590
1780969421.443623,0.001009827,74640,12,591.309204
1780969421.444592,0.001000698,61344,8,490.409694
1780969421.445648,0.001001930,56934,7,454.594632
1780969421.446595,0.000988962,56868,6,460.021720
1780969421.447703,0.001003566,55420,6,441.784596
1780969421.448659,0.000994076,61476,10,494.738833
1780969421.449623,0.001002290,65754,9,524.830139
1780969421.450626,0.001008648,56934,7,451.566850
1780969421.451643,0.000989048,74310,7,601.062840
1780969421.452610,0.001007138,51142,7,406.236285
1780969421.453652,0.001006018,73060,10,580.983640
1780969421.454612,0.000996176,61344,8,492.635839
1780969421.455600,0.001000379,64174,7,513.197498
1780969421.456589,0.000994955,62660,6,503.821781
1780969421.457620,0.001006386,62924,10,500.197737
1780969421.458691,0.000989212,55486,7,448.728887
1780969421.459619,0.000999746,61278,7,490.348549
1780969421.460598,0.001006483,71480,8,568.156640
1780969421.461604,0.001005011,62858,9,500.356713
1780969421.462615,0.000999854,65754,9,526.108812
1780969421.463606,0.000990378,64240,8,518.912981
1780969421.464585,0.000998838,53972,6,432.278307
1780969421.465589,0.001011012,59896,8,473.948875
1780969421.466596,0.001000573,70164,10,560.990552
1780969421.467604,0.000992850,59830,7,482.086921
1780969421.468603,0.000995700,62726,7,503.975093
1780969421.469569,0.000998882,56934,7,455.981788
1780969421.470631,0.001003995,71612,10,570.616388
1780969421.471610,0.000997698,61344,8,491.884318
1780969421.472710,0.001003444,65622,7,523.174188
1780969421.473705,0.001002413,59698,5,476.434364
1780969421.474947,0.001005601,67268,10,535.146644
1780969421.475665,0.000991988,62792,8,506.393222
1780969421.476605,0.000995807,65688,8,527.716716
1780969421.477693,0.000999739,62726,7,501.939006
1780969421.478734,0.001009989,61410,9,486.421139
1780969421.479820,0.001002497,64306,9,513.166623
1780969421.480668,0.000999803,65622,7,525.079441
1780969421.481629,0.000995335,62660,6,503.629431
1780969421.482662,0.000991645,65556,6,528.866681
1780969421.483696,0.001008568,48180,6,382.165605
1780969421.484707,0.001000332,72994,9,583.758192
1780969421.485682,0.001003203,58382,7,465.564796
1780969421.486670,0.000987685,68518,7,554.978561
1780969421.487646,0.001008243,59764,6,474.203143
1780969421.488624,0.000997362,54104,8,433.976831
1780969421.489617,0.000996167,68650,9,551.313183
1780969421.490644,0.001007080,59830,7,475.275053
1780969421.491669,0.001003759,56868,6,453.240270
1780969421.492636,0.000987893,74574,11,603.903459
1780969421.493610,0.001010818,62858,9,497.482237
1780969421.494604,0.000989705,56934,7,460.209861
1780969421.495605,0.001004063,61278,7,488.240280
1780969421.496596,0.000995038,65556,6,527.063288
1780969421.497654,0.001001171,55486,7,443.368815
1780969421.498626,0.001006907,71612,10,568.966151
1780969421.499744,0.000993263,56934,7,458.561328
1780969421.500655,0.001009284,64174,7,508.669512
1780969421.501584,0.001001998,65556,6,523.402242
1780969421.502611,0.000989842,56934,7,460.146165
1780969421.503602,0.001008989,62858,9,498.384026
1780969421.504586,0.000992668,64306,9,518.247793
1780969421.505596,0.001010770,59830,7,473.539974
1780969421.506592,0.000984876,62858,9,510.586104
1780969421.507662,0.001008521,62858,9,498.615299
1780969421.508617,0.000991965,62726,7,505.872687
1780969421.509616,0.001006339,68782,11,546.789899
1780969421.510659,0.001002503,57000,8,454.861482
1780969421.511606,0.000999373,64240,8,514.242430
1780969421.512669,0.001003459,56868,6,453.375773
1780969421.513637,0.000989012,67334,11,544.656688
1780969421.514789,0.001010312,70230,11,556.105441
1780969421.515659,0.000989479,58382,7,472.022145
1780969421.516690,0.001011410,67070,7,530.506916
1780969421.517574,0.000991908,49760,8,401.327542
1780969421.518657,0.000996086,70296,12,564.577757
1780969421.519636,0.001001093,58448,8,467.073489
1780969421.520643,0.001007941,67136,8,532.856586
1780969421.521628,0.000996762,61212,6,491.286787
1780969421.522684,0.000994552,64372,10,517.796958
1780969421.523621,0.001011646,64306,9,508.525710
1780969421.524651,0.000997681,56934,7,456.530695
1780969421.525610,0.000998928,65622,7,525.539378
1780969421.526608,0.000992035,56934,7,459.128962
1780969421.527626,0.001013005,67268,10,531.235285
1780969421.528601,0.000993882,58448,8,470.462288
1780969421.529584,0.000992273,56868,6,458.486727
1780969421.530599,0.001002818,62660,6,499.871363
1780969421.531578,0.000997020,56868,6,456.303785
1780969421.532601,0.001002132,58448,8,466.589232
1780969421.533587,0.001006708,67202,9,534.033702
1780969421.534594,0.001004633,56868,6,452.845965
1780969421.535608,0.000996440,68518,7,550.102364
1780969421.536604,0.000997852,62660,6,502.359067
1780969421.537600,0.000992076,59896,8,482.995254
1780969421.538597,0.001002710,59962,9,478.399537
1780969421.539587,0.001001506,74442,9,594.640471
1780969421.540637,0.000995648,51340,10,412.515266
1780969421.541622,0.001000409,60028,10,480.027669
1780969421.542706,0.001014307,70032,8,552.353479
1780969421.543664,0.000995484,56868,6,457.007847
1780969421.544647,0.001004355,59962,9,477.615982
1780969421.545631,0.000986543,64438,11,522.535764
1780969421.546595,0.001004694,64306,9,512.044463
1780969421.547592,0.000994174,64240,8,516.931644
1780969421.548636,0.001012424,56868,6,449.361137
1780969421.549685,0.001002015,73060,10,583.304641
1780969421.550684,0.000986776,67202,9,544.820709
1780969421.551658,0.001000738,59830,7,478.287024
1780969421.552626,0.000998539,64174,7,514.143163
1780969421.553638,0.001000228,62858,9,502.749373
1780969421.554661,0.001007926,62792,8,498.385794
1780969421.555611,0.000991805,64174,7,517.634011
1780969421.556622,0.000999779,65622,7,525.092045
1780969421.557590,0.001010681,62858,9,497.549672
1780969421.558674,0.001000944,58448,8,467.143017
1780969421.559689,0.000995727,58382,7,469.060295
1780969421.560592,0.000993197,71414,7,575.225257
1780969421.561711,0.001011768,65754,9,519.913656
1780969421.562631,0.000988465,57000,8,461.321342
1780969421.563568,0.001000339,74442,9,595.334182
1780969421.564660,0.000999989,51274,9,410.196512
1780969421.565614,0.000998824,62924,10,503.984686
1780969421.566625,0.001014142,68584,8,541.020883
1780969421.567656,0.000987685,56868,6,460.616492
1780969421.568609,0.001002280,55552,8,443.405037
1780969421.569596,0.001006758,74640,12,593.111751
1780969421.570604,0.000989324,62792,8,507.756812
1780969421.571603,0.001001044,59830,7,478.140821
1780969421.572640,0.000998879,62726,7,502.371158
1780969421.573626,0.001011262,58382,7,461.854594
1780969421.574630,0.000991464,67202,9,542.244600
1780969421.575610,0.000997839,64240,8,515.032986
1780969421.576589,0.000999797,62660,6,501.381781
1780969421.577562,0.000999996,62660,6,501.282005
1780969421.578604,0.001000035,55354,5,442.816501
1780969421.579665,0.001000242,62858,9,502.742336
1780969421.580590,0.001008094,71612,10,568.296210
1780969421.581562,0.000991014,62726,7,506.358134
1780969421.582602,0.001003242,53972,6,430.380706
1780969421.583606,0.000997335,62990,11,505.266535
1780969421.584605,0.001003778,67268,10,536.118544
1780969421.585627,0.000996025,65688,8,527.601215
1780969421.586640,0.001007369,58382,7,463.639441
1780969421.587631,0.000992952,64240,8,517.567818
1780969421.588600,0.000999533,70164,10,561.574255
1780969421.589581,0.000999717,64240,8,514.065481
1780969421.590601,0.001001172,59830,7,478.079691
1780969421.591603,0.001004192,59764,6,476.116121
1780969421.592607,0.001001182,62792,8,501.742940
1780969421.593674,0.000999614,62792,8,502.529977
1780969421.594659,0.001005714,59896,8,476.445590
1780969421.595580,0.000999523,61278,7,490.457948
1780969421.596582,0.001002114,55552,8,443.478486
1780969421.597583,0.000995493,64306,9,516.777114
1780969421.598609,0.001001572,68650,9,548.338013
1780969421.599638,0.001001883,56868,6,454.088951
1780969421.600991,0.000988247,65556,6,530.685142
1780969421.601668,0.001009302,58316,6,462.228352
1780969421.602660,0.000999139,48246,7,386.300605
1780969421.603631,0.001005555,87540,10,696.451214
1780969421.604560,0.000985442,53972,6,438.154655
1780969421.605584,0.001002383,67004,6,534.757672
1780969421.606575,0.000997786,59896,8,480.231232
1780969421.607596,0.001000105,61410,9,491.228421
1780969421.608581,0.000999881,65688,8,525.566542
1780969421.609594,0.001000599,62726,7,501.507597
1780969421.610614,0.001013136,58580,10,462.563762
1780969421.611617,0.000990535,65886,11,532.124559
1780969421.612609,0.000998863,62792,8,502.907806
1780969421.613593,0.001006194,64174,7,510.231625
1780969421.614611,0.000995263,65622,7,527.474647
1780969421.615604,0.000995815,51142,7,410.855430
1780969421.616571,0.001000659,70164,10,560.942339
1780969421.617659,0.000999238,56934,7,455.819334
1780969421.618645,0.001015344,69966,7,551.269324
1780969421.619578,0.000985356,55684,10,452.092442
1780969421.620574,0.001004253,70296,12,559.986378
1780969421.621580,0.000995983,56934,7,457.309010
1780969421.622588,0.000998860,67070,7,537.172377
1780969421.623609,0.001009484,53906,6,427.196469
1780969421.624605,0.000999392,53906,5,431.510358
1780969421.625561,0.000990894,68650,9,554.246973
1780969421.626612,0.001003478,62792,8,500.594931
1780969421.627589,0.001002875,64174,7,511.920229
1780969421.628588,0.000994860,55420,6,445.650644
1780969421.629588,0.001007822,70362,13,558.527200
1780969421.630593,0.000994444,55552,8,446.898971
1780969421.631642,0.000996829,71546,9,574.188753
1780969421.632591,0.001000392,59830,7,478.452447
1780969421.633579,0.000999369,61410,9,491.590193
1780969421.634597,0.001007870,58448,8,463.932848
1780969421.635583,0.000998484,59830,7,479.366720
1780969421.636592,0.001004924,68518,7,545.458164
1780969421.637607,0.001000148,55552,8,444.350236
1780969421.638650,0.000988767,67202,9,543.723648
1780969421.639598,0.001006808,62726,7,498.414792
1780969421.640587,0.000999906,68518,7,548.195530
1780969421.641577,0.000994758,52458,5,421.875471
1780969421.642635,0.001002895,64174,7,511.910020
1780969421.643652,0.000997537,67136,8,538.414114
1780969421.644710,0.001002443,65688,8,524.223322
1780969421.645712,0.000996746,59764,6,479.672855
1780969421.646612,0.001006565,59830,7,475.518223
1780969421.647716,0.001002427,64306,9,513.202458
1780969421.648657,0.000989574,67202,9,543.280240
1780969421.649635,0.001000763,59830,7,478.275076
1780969421.650625,0.001006059,62660,6,498.261036
1780969421.651597,0.000993694,65556,6,527.776156
1780969421.652597,0.001003905,61476,10,489.894960
1780969421.653677,0.000997511,61344,8,491.976530
1780969421.654646,0.001003421,62726,7,500.097168
1780969421.655682,0.000997218,62726,7,503.207924
1780969421.656657,0.000998439,62660,6,502.063721
1780969421.657768,0.001001649,52524,6,419.500244
1780969421.658700,0.001000473,70098,9,560.518875
1780969421.659576,0.000999292,68650,9,549.589109
1780969421.660595,0.001011920,59764,6,472.480038
1780969421.661566,0.000986368,55618,9,451.093304
1780969421.662593,0.001005435,65886,11,524.238762
1780969421.663583,0.000994411,65754,9,528.988517
1780969421.664623,0.001000876,64174,7,512.942662
1780969421.665575,0.001012034,65622,7,518.733560
1780969421.666599,0.000997094,52458,5,420.887098
1780969421.667583,0.000992231,70098,9,565.174843
1780969421.668583,0.000997799,59896,8,480.224975
1780969421.669595,0.001010080,65688,8,520.259781
1780969421.670611,0.000998448,56868,6,455.651171
1780969421.671705,0.001001289,64108,6,512.203769
1780969421.672602,0.000992959,65886,11,530.825543
1780969421.673559,0.000996867,64240,8,515.535172
1780969421.674617,0.000999810,58316,6,466.616657
1780969421.675629,0.001010376,55552,8,439.852095
1780969421.676590,0.000999038,67268,10,538.662193
1780969421.677649,0.000995076,65688,8,528.104386
1780969421.678636,0.000995833,62726,7,503.907784
1780969421.679640,0.001001419,55420,6,442.731764
1780969421.680581,0.000998431,62924,10,504.183063
1780969421.681611,0.001010850,70098,9,554.764802
1780969421.682592,0.000992669,55420,6,446.634276
1780969421.683594,0.000997088,62726,7,503.273533
1780969421.684577,0.000999091,59896,8,479.603960
1780969421.685584,0.001000732,65754,9,525.647226
1780969421.686679,0.000999719,65688,8,525.651708
1780969421.687620,0.001007034,59764,6,474.772451
1780969421.688653,0.001004099,68452,6,545.380485
1780969421.689623,0.000994752,55486,7,446.229814
1780969421.690667,0.001003052,67268,10,536.506582
1780969421.691662,0.001008113,64240,8,509.784121
1780969421.692586,0.000987511,59830,7,484.693335
1780969421.693571,0.001005211,55618,9,442.637416
1780969421.694612,0.000999522,74574,11,596.877307
1780969421.695596,0.000990930,58316,6,470.798139
1780969421.696608,0.001011511,59830,7,473.193075
1780969421.697656,0.000999558,67004,6,536.269031
1780969421.698622,0.001000470,55354,5,442.623967
1780969421.699588,0.000988146,65820,10,532.876721
1780969421.700638,0.001006384,62792,8,499.149430
1780969421.701590,0.001002526,65688,8,524.179922
1780969421.702584,0.000995369,55420,6,445.422753
1780969421.703601,0.000996610,68716,10,551.597917
1780969421.704608,0.001011835,67202,9,531.327736
1780969421.705598,0.000986984,61278,7,496.688903
1780969421.706622,0.001009420,56934,7,451.221494
1780969421.707594,0.000990870,57132,10,461.267371
1780969421.708605,0.001008513,62858,9,498.619254
1780969421.709610,0.000997153,67136,8,538.621455
1780969421.710590,0.001000560,64240,8,513.632366
1780969421.711611,0.001004451,62660,6,499.058690
1780969421.712602,0.000990251,62660,6,506.215091
1780969421.713580,0.000999061,58448,8,468.023474
1780969421.714622,0.001001337,59896,8,478.528208
1780969421.715604,0.001001341,59830,7,477.999003
1780969421.716599,0.001000516,62726,7,501.549201
1780969421.717626,0.000997305,62660,6,502.634600
1780969421.718661,0.001000057,49562,5,396.473401
1780969421.719627,0.000999388,70098,9,561.127410
1780969421.720605,0.001001415,65688,8,524.761463
1780969421.721585,0.001005421,55420,6,440.969504
1780969421.722601,0.000993430,68452,6,551.237631
1780969421.723613,0.001006246,53972,6,429.095867
1780969421.724609,0.001005453,68650,9,546.221454
1780969421.725586,0.000997507,65688,8,526.817356
1780969421.726600,0.001002382,67136,8,535.811697
1780969421.727641,0.000996447,52788,10,423.809796
1780969421.728577,0.000991557,67268,10,542.726238
1780969421.729578,0.001000808,62792,8,501.930440
1780969421.730619,0.001007132,62726,7,498.254449
1780969421.731610,0.000998668,56868,6,455.550794
1780969421.732661,0.000993907,73126,11,588.594305
1780969421.733592,0.001000183,62792,8,502.244089
1780969421.734628,0.001005976,62726,7,498.827010
1780969421.735589,0.001006002,56934,7,452.754567
1780969421.736609,0.000999730,68716,10,549.876467
1780969421.737592,0.000999238,61344,8,491.126238
1780969421.738623,0.000996661,68584,8,550.510153
1780969421.739606,0.000991777,58316,6,470.396067
1780969421.740600,0.001002497,68716,10,548.358748
1780969421.741597,0.000997739,59896,8,480.253854
1780969421.742585,0.001000168,62726,7,501.723710
1780969421.743621,0.001004210,65622,7,522.775117
1780969421.744594,0.001000735,62660,6,500.911830
1780969421.745603,0.000999104,59830,7,479.069246
1780969421.746669,0.001000728,61344,8,490.394992
1780969421.747644,0.001000921,68584,8,548.167138
1780969421.748574,0.000996548,53972,6,433.271654
1780969421.749651,0.001003953,62660,6,499.306242
1780969421.750617,0.000994123,51076,6,411.023586
1780969421.751613,0.001010568,78984,12,625.264208
1780969421.752572,0.000992573,67202,9,541.638751
1780969421.753585,0.000996394,52524,6,421.712696
1780969421.754619,0.001007139,55354,5,439.693031
1780969421.755583,0.000992846,57000,8,459.285730
1780969421.756578,0.000999832,65820,10,526.648477
1780969421.757580,0.001003042,62792,8,500.812528
1780969421.758601,0.001000568,62726,7,501.523135
1780969421.759597,0.000997641,59830,7,479.771782
1780969421.760583,0.000999203,74574,11,597.067863
1780969421.761610,0.001000372,56934,7,455.302627
1780969421.762612,0.001008400,65688,8,521.126537
1780969421.763637,0.000990967,62660,6,505.849337
1780969421.764610,0.001008968,68716,10,544.841858
1780969421.765594,0.000999911,62858,9,502.908759
1780969421.766605,0.000999638,62726,7,501.989720
1780969421.767637,0.000994706,51010,5,410.251873
1780969421.768600,0.000999227,73060,10,584.932153
1780969421.769626,0.001006610,65754,9,522.577761
1780969421.770656,0.000994764,58382,7,469.514377
1780969421.771589,0.001007729,65622,7,520.949581
1780969421.772584,0.000993291,65556,6,527.990287
1780969421.773625,0.001009466,59830,7,474.151680
1780969421.774606,0.000985612,61344,8,497.916016
1780969421.775605,0.001008772,61278,7,485.961149
1780969421.776607,0.001002907,62660,6,499.827003
1780969421.777596,0.000988983,68452,6,553.716292
1780969421.778612,0.000999376,58514,9,468.404284
1780969421.779590,0.001011770,61344,8,485.043043
1780969421.780593,0.001001240,64174,7,512.756182
1780969421.781600,0.000992285,65622,7,529.057680
1780969421.782613,0.000995541,55552,8,446.406527
1780969421.783600,0.000999705,70164,10,561.477636
1780969421.784612,0.001010810,61278,7,484.981352
1780969421.785568,0.000997217,64240,8,515.354231
1780969421.786633,0.000991909,55486,7,447.508794
1780969421.787626,0.001006081,73060,10,580.947260
1780969421.788582,0.000999472,64240,8,514.191493
1780969421.789595,0.000994870,53972,6,434.002432
1780969421.790627,0.001000791,59896,8,478.789278
1780969421.791573,0.001001272,68650,9,548.502305
1780969421.792558,0.000997724,61278,7,491.342295
1780969421.793569,0.001005543,62726,7,499.041811
1780969421.794611,0.000999887,61410,9,491.335521
1780969421.795617,0.001005748,75956,10,604.175201
1780969421.796577,0.000994706,54038,7,434.604798
1780969421.797581,0.000999722,64174,7,513.534763
1780969421.798618,0.000993883,56802,5,457.212771
1780969421.799627,0.001004886,53972,6,429.676600
1780969421.800562,0.000997435,75956,10,609.210625
1780969421.801576,0.000998033,61278,7,491.190171
1780969421.802619,0.001001826,53972,6,430.989014
1780969421.803600,0.000998013,71612,10,574.036611
1780969421.804598,0.001003909,65754,9,523.983748
1780969421.805622,0.000995488,64240,8,516.249317
1780969421.806661,0.001001504,62726,7,501.054414
1780969421.807637,0.000998676,57132,10,457.661944
1780969421.808585,0.001005999,68848,12,547.499550
1780969421.809577,0.000997023,62792,8,503.835920
1780969421.810684,0.001011624,62726,7,496.042008
1780969421.811683,0.001003328,57132,10,455.539963
1780969421.812581,0.000982422,62858,9,511.861501
1780969421.813600,0.001000136,56934,7,455.410064
1780969421.814648,0.001010151,65622,7,519.700520
1780969421.815610,0.000996600,62792,8,504.049769
1780969421.816568,0.000993215,67202,9,541.288643
1780969421.817561,0.000999196,56934,7,455.838494
1780969421.818592,0.001000195,59764,6,478.018786
1780969421.819606,0.001003785,53906,5,429.621881
1780969421.820604,0.001001356,65556,6,523.737812
1780969421.821666,0.000994814,67136,8,539.887858
1780969421.822616,0.001007270,61344,8,487.209983
1780969421.823617,0.000992837,56934,7,458.758084
1780969421.824660,0.001005095,54038,7,430.112576
1780969421.825613,0.000995228,65952,12,530.145856
1780969421.826586,0.000999897,68716,10,549.784628
1780969421.827603,0.001000674,53972,6,431.485179
1780969421.828590,0.001005071,62660,6,498.750835
1780969421.829580,0.000994181,65688,8,528.579806
1780969421.830614,0.001012266,64438,11,509.257448
1780969421.831630,0.000996068,71546,9,574.627435
1780969421.832569,0.000993875,64174,7,516.555905
1780969421.833632,0.001005216,49694,7,395.489129
1780969421.834687,0.000994778,67268,10,540.968940
1780969421.835655,0.000999737,64240,8,514.055197
1780969421.836597,0.001001616,70032,8,559.352087
1780969421.837631,0.001002469,56868,6,453.823510
1780969421.838619,0.000998528,64108,6,513.620049
1780969421.839608,0.000998841,62858,9,503.447496
1780969421.840579,0.000998543,62792,8,503.068971
1780969421.841583,0.000998139,65688,8,526.483786
1780969421.842613,0.001010429,59764,6,473.177235
1780969421.843604,0.000998116,56868,6,455.802732
1780969421.844599,0.000991160,64372,10,519.568990
1780969421.845583,0.001000105,70098,9,560.725124
1780969421.846604,0.001011092,58382,7,461.932248
1780969421.847573,0.000994160,59896,8,481.982779
1780969421.848599,0.001001102,65952,12,527.035207
1780969421.849594,0.000993316,67268,10,541.765158
1780969421.850596,0.001004860,58382,7,464.797086
1780969421.851583,0.001004528,65622,7,522.609624
1780969421.852610,0.000996036,56868,6,456.754575
1780969421.853611,0.001004778,57000,8,453.831593
1780969421.854640,0.001003052,70098,9,559.077695
1780969421.855620,0.000987782,65622,7,531.469494
1780969421.856619,0.001005882,62660,6,498.348713
1780969421.857594,0.001007294,64108,6,509.150258
1780969421.858610,0.000992828,55552,8,447.626376
1780969421.859597,0.001004996,65754,9,523.417009
1780969421.860667,0.000993981,61278,7,493.192526
1780969421.861693,0.000993966,53906,5,433.865947
1780969421.862658,0.001010262,63056,12,499.323938
1780969421.863659,0.000991453,67202,9,542.250616
1780969421.864594,0.001005756,62792,8,499.461102
1780969421.865581,0.001001606,68518,7,547.265092
1780969421.866643,0.000992395,55354,5,446.225545
1780969421.867602,0.001005701,58382,7,464.408408
1780969421.868571,0.001001864,67202,9,536.615748
1780969421.869645,0.001002888,68650,9,547.618478
1780969421.870812,0.000991142,61278,7,494.605213
1780969421.871607,0.000999145,66098,13,529.236497
1780969421.872612,0.000998067,55552,8,445.276720
1780969421.873575,0.000999826,67136,8,537.181470
1780969421.874607,0.001002180,57000,8,455.008082
1780969421.875895,0.001008562,65820,10,522.089867
1780969421.876595,0.000991247,64306,9,518.990726
1780969421.877636,0.001001685,67136,8,536.184529
1780969421.878817,0.001001009,46732,6,373.479160
1780969421.879674,0.000999550,68716,10,549.975489
1780969421.880640,0.001007477,65754,9,522.128049
1780969421.881648,0.000989064,53972,6,436.550112
1780969421.885101,0.001006189,62660,6,498.196661
1780969421.885175,0.000994781,62660,6,503.909906
1780969421.885195,0.000998826,58316,6,467.076348
1780969421.885671,0.001005844,71612,10,569.567448
1780969421.886685,0.000997667,61344,8,491.899602
1780969421.887650,0.000996686,59830,7,480.231487
1780969421.888581,0.001001280,59896,8,478.555449
1780969421.889572,0.000998355,68848,12,551.691533
1780969421.890670,0.000999921,64306,9,514.488645
1780969421.891593,0.001014280,68584,8,540.947273
1780969421.892623,0.000995202,56868,6,457.137345
1780969421.893654,0.000992069,61344,8,494.675270
1780969421.894720,0.000998670,73060,10,585.258394
1780969421.895616,0.001003285,52590,7,419.342460
1780969421.896584,0.001010342,67070,7,531.067698
1780969421.897593,0.000995256,65556,6,526.947841
1780969421.898601,0.001002235,56934,7,454.456290
1780969421.899641,0.000989422,71612,10,579.020883
1780969421.900633,0.000999842,58552,8,468.490021
1780969421.901612,0.000999812,59830,8,478.730001
1780969421.902591,0.001000610,60028,10,479.931242
1780969421.903591,0.001008880,57000,8,451.986361
1780969421.904580,0.000990446,67136,8,542.268836
1780969421.905632,0.001003588,62726,7,500.013950
1780969421.906718,0.000996604,59764,6,479.741201
1780969421.907625,0.001002355,58514,9,467.012186
1780969421.908720,0.000998535,65754,9,526.803768
1780969421.909677,0.001001603,64306,9,513.624660
1780969421.910651,0.001003092,62726,7,500.261192
1780969421.911614,0.000993811,62660,6,504.401742
1780969421.912621,0.001004420,59896,8,477.059397
1780969421.913642,0.001000885,58448,8,467.170554
1780969421.914632,0.000995784,56934,7,457.400400
1780969421.915595,0.001007297,68518,7,544.173168
1780969421.916574,0.000991596,56802,5,458.267278
1780969421.917567,0.001001949,65688,8,524.481785
1780969421.918615,0.001008152,68650,9,544.759124
1780969421.919590,0.000998149,59830,7,479.527606
1780969421.921001,0.000995592,55420,6,445.322984
1780969421.921623,0.001011066,65556,6,518.707978
1780969421.922617,0.000985222,62858,9,510.406792
1780969421.923634,0.001012159,68650,9,542.602496
1780969421.924573,0.000987595,56868,6,460.658468
1780969421.925656,0.001002485,65556,6,523.147977
1780969421.926591,0.000998962,59764,6,478.608796
1780969421.927670,0.001010849,57000,8,451.105952
1780969421.928651,0.000994109,62792,8,505.312798
1780969421.929595,0.000994174,65622,7,528.052433
1780969421.930602,0.000999744,63056,13,504.577172
1780969421.931671,0.001000680,57066,9,456.217772
1780969421.932642,0.001001728,62792,8,501.469461
1780969421.933681,0.001009636,62726,7,497.018728
1780969421.934614,0.000995480,62660,6,503.556073
1780969421.935563,0.000992070,64306,9,518.560182
1780969421.936625,0.001006874,65754,9,522.440742
1780969421.937619,0.000993123,59830,7,481.954400
1780969421.938618,0.001010264,56868,6,450.321896
1780969421.939611,0.001001293,62792,8,501.687318
1780969421.940588,0.001001265,70098,9,560.075504
1780969421.941559,0.000987188,62792,8,508.855456
1780969421.942606,0.001000287,64174,7,513.244699
1780969421.943622,0.001009184,62660,6,496.718141
1780969421.944593,0.000992258,55420,6,446.819275
1780969421.945583,0.001010220,67268,10,532.699808
1780969421.946679,0.000993932,64174,7,516.526281
1780969421.947651,0.001001390,61278,7,489.543534
1780969421.948644,0.000999895,53906,5,431.293286
1780969421.949633,0.000993405,77470,11,623.874452
1780969421.950619,0.000999705,61344,8,490.896815
1780969421.951600,0.001000908,64174,7,512.926263
1780969421.952603,0.001005245,54038,7,430.048396
1780969421.953582,0.000994919,64438,11,518.136652
1780969421.954610,0.000999163,64294,9,514.782873
1780969421.955604,0.001003850,53972,6,430.120038
1780969421.956606,0.000995545,74376,8,597.670623
1780969421.957670,0.001006734,58448,8,464.456351
1780969421.958691,0.000996310,65688,8,527.450292
1780969421.959660,0.000998424,59830,7,479.395527
1780969421.960678,0.001000894,68518,7,547.654397
1780969421.961642,0.001011120,61410,9,485.877047
1780969421.962587,0.001002503,62792,8,501.081792
1780969421.963640,0.000984914,68584,8,557.076049
1780969421.964622,0.001003270,56868,6,453.461182
1780969421.965711,0.001008739,65754,9,521.474831
1780969421.966615,0.000999993,61344,8,490.755435
1780969421.967677,0.000990669,67136,8,542.146772
1780969421.968692,0.001008102,65622,7,520.756828
1780969421.969618,0.000999043,53906,5,431.661100
1780969421.970610,0.000996064,64240,8,515.950782
1780969421.971581,0.000993076,67136,8,540.832726
1780969421.972596,0.001005953,64240,8,510.878739
1780969421.973578,0.000994178,56868,6,457.608195
1780969421.974627,0.001011343,61278,7,484.725756
1780969421.975650,0.000989911,68716,10,555.330732
1780969421.976638,0.001000205,62792,8,502.233042
1780969421.977620,0.001003573,56934,7,453.850393
1780969421.978673,0.001005720,64174,7,510.472100
1780969421.979718,0.001003840,64108,6,510.902136
1780969421.980635,0.000987121,59896,8,485.419721
1780969421.981738,0.001005214,64306,9,511.779581
1780969421.982694,0.001004832,62726,7,499.394924
1780969421.983606,0.000988796,59896,8,484.597430
1780969421.984612,0.001012342,73060,10,577.354293
1780969421.985623,0.000998848,55486,7,444.399949
1780969421.986630,0.000988525,56868,6,460.225083
1780969421.987738,0.001003904,27710,3,220.817927
1780969421.988875,0.000997996,100440,8,805.133488
1780969421.989650,0.001003945,67136,8,534.977514
1780969421.990602,0.000994201,62792,8,505.266038
1780969421.991636,0.001000418,56934,7,455.281692
1780969421.992627,0.001012859,67070,7,529.747971
1780969421.993703,0.000987496,55354,5,448.439285
1780969421.994613,0.000999126,67136,8,537.557826
1780969421.995629,0.001001201,61410,9,490.690680
1780969421.996687,0.001003396,64240,8,512.180635
1780969421.997640,0.001006244,67070,7,533.230509
1780969421.998637,0.000992941,56802,5,457.646527
1780969421.999586,0.001003365,64372,10,513.248917
1780969422.000587,0.000994871,65754,9,528.743928
1780969422.001593,0.001004977,65688,8,522.901519
1780969422.002610,0.000993455,56868,6,457.941225
1780969422.003642,0.001010593,61212,6,484.563024
1780969422.004682,0.000995386,62924,10,505.725417
1780969422.005651,0.000994222,70098,9,564.043041
1780969422.006644,0.001008635,65622,7,520.481641
1780969422.007653,0.001003158,55684,10,444.069628
1780969422.008671,0.000991488,70362,13,567.728505
1780969422.009586,0.000996958,62792,8,503.868769
1780969422.010589,0.000999649,62726,7,501.984196
1780969422.011594,0.001011285,54170,9,428.524105
1780969422.012585,0.000998486,62792,8,503.097690
1780969422.013575,0.001001961,61278,7,489.264552
1780969422.014597,0.000997587,68518,7,549.469871
1780969422.015602,0.000990203,53906,5,435.514738
1780969422.016684,0.001009053,67136,8,532.269365
1780969422.017668,0.001002144,61344,8,489.702079
1780969422.018605,0.000994908,67136,8,539.836849
1780969422.019603,0.000994981,54104,8,435.015342
1780969422.020604,0.001007321,71744,12,569.780636
1780969422.021575,0.000991662,56934,7,459.301657
1780969422.022672,0.001002257,70032,8,558.994350
1780969422.023649,0.001010069,55420,6,438.940310
1780969422.024648,0.000999476,52524,6,420.412296
1780969422.025604,0.000988232,67268,10,544.552291
1780969422.026606,0.001006170,67136,8,533.794488
1780969422.027645,0.000994864,56868,6,457.292655
1780969422.028594,0.001006383,62660,6,498.100624
1780969422.029591,0.000993568,78654,7,633.305420
1780969422.030619,0.000999127,48180,6,385.776783
1780969422.031618,0.001010770,64306,9,508.966432
1780969422.032605,0.001000558,62792,8,502.055853
1780969422.033562,0.000989387,55420,6,448.115854
1780969422.034635,0.001002168,73060,10,583.215589
1780969422.035730,0.001003659,64240,8,512.046422
1780969422.036667,0.000993510,59764,6,481.235217
1780969422.037582,0.001008266,62660,6,497.170390
1780969422.038608,0.000991681,62660,6,505.485131
1780969422.039612,0.001000482,68716,10,549.463159
1780969422.040620,0.001000738,62858,9,502.493160
1780969422.041591,0.001010288,59830,7,473.765896
1780969422.042638,0.000988218,64174,7,519.512901
1780969422.043617,0.001000699,54038,7,432.002031
1780969422.044639,0.001000216,68650,9,549.081398
1780969422.045597,0.001010946,58448,8,462.521242
1780969422.046652,0.000995458,69966,7,562.281884
1780969422.047641,0.000993494,58448,8,470.646023
1780969422.048669,0.001006391,70164,10,557.747436
1780969422.049662,0.001002991,58382,7,465.663201
1780969422.050628,0.000994348,65622,7,527.960030
1780969422.051602,0.000998423,65556,6,525.276361
1780969422.052615,0.001000950,52524,6,419.793196
1780969422.053582,0.000996501,70164,10,563.282927
1780969422.054646,0.001001323,64306,9,513.768285
1780969422.055644,0.000999611,62726,7,502.003279
1780969422.056639,0.001009003,55486,7,439.927334
1780969422.057582,0.000989282,74574,11,603.055549
1780969422.058590,0.001000038,62858,9,502.844892
1780969422.059613,0.001008384,62660,6,497.112211
1780969422.060566,0.000992176,62660,6,505.232943
1780969422.061637,0.001000163,58250,5,465.924054
1780969422.062656,0.001005530,58514,9,465.537577
1780969422.063574,0.000998588,62792,8,503.046301
1780969422.064651,0.001006701,56934,7,452.440198
1780969422.065589,0.000989079,67070,7,542.484473
1780969422.066568,0.000999548,68452,6,547.863634
1780969422.067594,0.001009556,57000,8,451.683710
1780969422.068594,0.001001550,65754,9,525.217912
1780969422.069562,0.000988655,64174,7,519.283269
1780969422.070682,0.001006646,61212,6,486.462967
1780969422.071670,0.000994498,59830,7,481.288047
1780969422.072636,0.000998965,74508,10,596.681565
1780969422.073640,0.001004652,59764,6,475.898122
1780969422.074602,0.000995579,55420,6,445.328799
1780969422.075605,0.001001408,74574,11,595.753180
1780969422.076583,0.001003807,59830,7,476.824728
1780969422.077579,0.000995033,59764,6,480.498637
1780969422.078608,0.001000241,57000,8,455.890130
1780969422.079593,0.001014357,70230,11,553.887832
1780969422.080610,0.000985670,62726,7,509.103452
1780969422.081662,0.001009245,62726,7,497.211282
1780969422.082615,0.000991712,58448,8,471.491723
1780969422.083640,0.001006318,71480,8,568.249798
1780969422.084592,0.001001406,67070,7,535.806656
1780969422.085637,0.000991775,58514,9,471.994152
1780969422.086621,0.001011391,68782,11,544.058628
1780969422.087633,0.000987676,61278,7,496.340905
1780969422.088620,0.001004015,61212,6,487.737733
1780969422.089669,0.001003776,61212,6,487.853864
1780969422.090744,0.000996726,54236,10,435.313215
1780969422.091617,0.001003440,70098,9,558.861516
1780969422.092617,0.000998384,59764,6,478.885880
1780969422.093714,0.000995882,58448,8,469.517473
1780969422.094619,0.000999530,68848,12,551.042990
1780969422.095619,0.001006271,64240,8,510.717292
1780969422.096604,0.000995417,68518,7,550.667710
1780969422.097599,0.001000983,51010,5,407.679251
1780969422.098645,0.001004516,60028,10,478.065058
1780969422.099602,0.001004619,70164,10,558.731220
1780969422.100593,0.000998731,67070,7,537.241760
1780969422.101644,0.000990067,58250,5,470.675217
1780969422.102647,0.001011797,55618,9,439.756196
1780969422.103601,0.000988099,77536,12,627.758959
1780969422.104618,0.001007189,64306,9,510.776031
1780969422.105650,0.000996091,53906,5,432.940364
1780969422.106593,0.000994470,62594,5,503.536557
1780969422.107588,0.001001867,74508,10,594.953222
1780969422.108594,0.001010340,56934,7,450.810618
1780969422.109591,0.000999304,67004,6,536.405338
1780969422.110602,0.000994099,59896,8,482.012355
1780969422.111603,0.000999595,68650,9,549.422516
1780969422.112590,0.001006253,64174,7,510.201709
1780969422.113605,0.000994574,59830,7,481.251269
1780969422.114617,0.001003073,54170,9,432.032365
1780969422.115609,0.000999113,71678,11,573.933079
1780969422.116579,0.000991449,64306,9,518.884986
1780969422.117573,0.001001626,70032,8,559.346503
1780969422.118600,0.000999285,53906,5,431.556563
1780969422.119606,0.000999419,55486,7,444.146049
1780969422.120680,0.001010522,73126,11,578.916639
1780969422.121656,0.000991360,58316,6,470.593932
1780969422.122663,0.000998690,68518,7,548.863011
1780969422.123656,0.001000941,58250,5,465.561906
1780969422.124617,0.000999010,70164,10,561.868250
1780969422.125601,0.001007584,65688,8,521.548576
1780969422.126614,0.001000040,55486,7,443.870245
1780969422.127599,0.000992334,62792,8,506.216657
1780969422.128602,0.001004211,65754,9,523.826168
1780969422.129606,0.001006216,71546,9,568.832139
1780969422.130595,0.000989443,53906,5,435.849261
1780969422.131578,0.001000873,58448,8,467.176155
1780969422.132580,0.000998652,77404,10,620.067851
1780969422.133639,0.001013663,65622,7,517.899933
1780969422.134607,0.000994574,55354,5,445.247915
1780969422.135597,0.001004634,69966,7,557.146185
1780969422.136614,0.000989146,51076,6,413.091697
1780969422.137563,0.000998300,64306,9,515.324051
1780969422.138596,0.001007864,72994,9,579.395633
1780969422.139596,0.000993553,61146,5,492.342130
1780969422.140687,0.001006566,45482,9,361.482506
1780969422.141646,0.000995027,75956,10,610.684936
1780969422.142633,0.000997692,65556,6,525.661226
1780969422.143622,0.001009613,64108,6,507.980781
1780969422.144598,0.000989819,63056,12,509.636610
1780969422.145563,0.001001891,64306,9,513.477015
1780969422.146616,0.000997874,64174,7,514.485797
1780969422.147608,0.001002268,61212,6,488.587883
1780969422.148594,0.001008165,63056,12,500.362540
1780969422.149591,0.001000368,68650,9,548.997969
1780969422.150641,0.000994395,65622,7,527.935076
1780969422.151606,0.000995084,61212,6,492.115239
1780969422.152610,0.001000945,55420,6,442.941420
1780969422.153642,0.000999583,74574,11,596.840883
1780969422.154632,0.000999562,65688,8,525.734272
1780969422.155707,0.001001934,61212,6,488.750756
1780969422.156668,0.001010799,51142,7,404.764943
1780969422.157638,0.000988791,73192,12,592.173675
1780969422.158638,0.000997805,59830,7,479.692926
1780969422.159616,0.001000323,68584,8,548.494836
1780969422.160625,0.001003851,61278,7,488.343390
1780969422.161608,0.001000521,53972,6,431.551162
1780969422.162657,0.000999602,67202,9,537.830056
1780969422.163599,0.001001512,71480,8,570.976683
1780969422.164696,0.000995087,62660,6,503.754948
1780969422.165668,0.001000965,55750,11,445.570025
1780969422.166618,0.000998376,71612,10,573.827897
1780969422.167664,0.001000183,62726,7,501.716186
1780969422.168669,0.001000226,62726,7,501.694617
1780969422.169590,0.001007049,65952,12,523.922868
1780969422.170592,0.000992544,62858,9,506.641519
1780969422.171599,0.000999926,64174,7,513.429994
1780969422.172609,0.001010596,59764,6,473.099043
1780969422.173594,0.000989451,65820,10,532.173902
1780969422.174613,0.001010752,65622,7,519.391503
1780969422.175580,0.000989025,62660,6,506.842598
1780969422.176598,0.001000457,56868,6,454.736186
1780969422.177599,0.000999805,58382,7,467.147094
1780969422.178618,0.001011747,74508,10,589.143333
1780969422.179582,0.000988220,65688,8,531.768230
1780969422.180588,0.001004059,59764,6,476.179189
1780969422.181583,0.001001440,61542,11,491.628056
1780969422.182753,0.001008060,70098,9,556.300220
1780969422.183615,0.000995468,62726,7,504.092547
1780969422.184712,0.001002631,51076,6,407.535773
1780969422.185668,0.001004772,73192,12,582.755093
1780969422.186597,0.000991230,67136,8,541.839936
1780969422.187610,0.001002149,65622,7,523.850246
1780969422.188581,0.000992009,49562,5,399.689922
1780969422.189577,0.001000606,65556,6,524.130377
1780969422.190611,0.000997689,67202,9,538.861308
1780969422.191579,0.001000562,67202,9,537.314030
1780969422.192609,0.001011276,58382,7,461.848200
1780969422.193598,0.000989871,62660,6,506.409421
1780969422.194618,0.001005733,57198,11,454.975625
1780969422.195595,0.000992232,73126,11,589.587919
1780969422.196579,0.001000673,65622,7,524.622929
1780969422.197604,0.001003906,58316,6,464.712832
1780969422.198609,0.000995834,58250,5,467.949478
1780969422.199599,0.001001005,73060,10,583.893187
1780969422.200574,0.001002430,62792,8,501.118283
1780969422.201570,0.001001050,65622,7,524.425353
1780969422.202612,0.000995671,42256,4,339.517772
1780969422.203617,0.001013072,74310,7,586.809230
1780969422.204580,0.000986241,65820,10,533.906013
1780969422.205589,0.001010203,62726,7,496.739764
1780969422.206607,0.000999493,71414,7,571.601802
1780969422.207677,0.001005143,58250,5,463.615625
1780969422.208618,0.000998491,61410,9,492.022462
1780969422.209580,0.000987423,64240,8,520.465900
1780969422.210603,0.001012712,62660,6,494.987716
1780969422.211622,0.000999881,65622,7,525.038480
1780969422.212592,0.000994397,64438,11,518.408644
1780969422.213604,0.000993043,61410,9,494.721779
1780969422.214623,0.001009959,59830,7,473.920228
1780969422.215595,0.000989332,68452,6,553.520962
1780969422.216583,0.001003069,59764,6,476.649164
1780969422.217607,0.000996815,58316,6,468.018639
1780969422.218612,0.001011421,68716,10,543.520453
1780969422.219603,0.000995727,64240,8,516.125404
1780969422.220569,0.000993436,53906,5,434.097415
1780969422.221573,0.001002290,67070,7,535.334085
1780969422.222615,0.001002465,67334,11,537.347439
1780969422.223625,0.001007586,61278,7,486.533159
1780969422.224593,0.000997967,67004,6,537.123973
1780969422.225561,0.000989469,67070,7,542.270652
1780969422.226604,0.001000268,49694,7,397.445485
1780969422.227610,0.001012731,62858,9,496.542517
1780969422.228598,0.000988413,74310,7,601.448989
1780969422.229605,0.000998783,59764,6,478.694571
1780969422.230600,0.001000261,54236,10,433.774785
1780969422.231605,0.000999733,71678,11,573.577145
1780969422.232586,0.001008534,55420,6,439.608382
1780969422.233581,0.000991609,64108,6,517.203858
1780969422.234605,0.000999760,61344,8,490.869809
1780969422.235584,0.001005642,73126,11,581.725902
1780969422.236584,0.001001436,64240,8,513.183069
1780969422.237610,0.001008803,53906,5,427.484851
1780969422.238616,0.000995663,58514,9,470.151045
1780969422.239605,0.000997284,67400,12,540.668456
1780969422.240587,0.000999800,70098,9,560.896179
1780969422.241563,0.000991749,53906,5,434.835830
1780969422.242594,0.001001791,62660,6,500.383813
1780969422.243620,0.001003231,58580,10,467.130701
1780969422.244615,0.000994268,74442,9,598.969292
1780969422.245573,0.001001724,59830,7,477.816245
1780969422.246610,0.000998386,56868,6,455.679467
1780969422.247642,0.001005049,62726,7,499.287099
1780969422.248676,0.001008373,74442,9,590.590982
1780969422.249647,0.000999991,64174,7,513.396621
1780969422.250610,0.000988909,59764,6,483.474212
1780969422.251672,0.001003622,58580,10,466.948712
1780969422.252619,0.000995620,71546,9,574.886001
1780969422.253639,0.001000602,64174,7,513.083124
1780969422.254682,0.000999343,72862,7,583.279214
1780969422.255633,0.001008929,48246,7,382.552191
1780969422.256645,0.000990826,67202,9,542.593755
1780969422.257569,0.000998834,62792,8,502.922408
1780969422.258661,0.001014348,54038,7,426.189040
1780969422.259589,0.000986062,67334,11,546.286136
1780969422.260657,0.001003452,71546,9,570.398983
1780969422.261621,0.001003213,58316,6,465.033846
1780969422.262614,0.000995984,57000,9,457.838680
1780969422.263653,0.001008039,71744,12,569.374796
1780969422.264623,0.000992754,65754,9,529.871449
1780969422.265612,0.000997146,59830,7,480.009948
1780969422.266614,0.001001396,59764,6,477.445486
1780969422.267641,0.001014482,65556,6,516.961366
1780969422.268575,0.000992818,55486,7,447.099065
1780969422.269608,0.000990170,64372,10,520.088470
1780969422.270589,0.001006777,64240,8,510.460608
1780969422.271593,0.000994086,49760,8,400.448251
1780969422.272573,0.001002294,67400,12,537.965906
1780969422.273603,0.001001111,64306,9,513.877083
1780969422.274602,0.000997691,58382,7,468.136928
1780969422.275659,0.001007841,59962,9,475.963967
1780969422.276567,0.000990815,52722,9,425.685925
1780969422.277622,0.001002936,78918,11,629.495800
1780969422.278805,0.001010300,55486,7,439.362566
1780969422.279741,0.000987540,53906,5,436.689147
1780969422.280821,0.001008459,62858,9,498.645954
1780969422.281590,0.001004723,70164,10,558.673386
1780969422.282610,0.000988247,55420,6,448.632781
1780969422.283586,0.001007356,62726,7,498.143655
1780969422.284577,0.000989854,67202,9,543.126562
1780969422.285686,0.001010875,61344,8,485.472487
1780969422.286622,0.001001207,62792,8,501.730411
1780969422.294695,0.000998192,59764,6,478.977992
1780969422.294760,0.000991641,56802,5,458.246482
1780969422.294779,0.001001882,71546,9,571.292827
1780969422.294794,0.001003558,67136,8,535.183816
1780969422.294813,0.000992508,58382,7,470.581597
1780969422.294838,0.001000404,62726,7,501.605351
1780969422.294866,0.001012526,62660,6,495.078645
1780969422.294888,0.000995179,56868,6,457.147910
1780969422.295688,0.001003096,64240,8,512.333815
1780969422.296619,0.000996617,68584,8,550.534458
1780969422.297621,0.001008317,61212,6,485.656792
1780969422.298583,0.000984855,49694,7,403.665514
1780969422.299573,0.000999557,70164,10,561.560771
1780969422.300586,0.001007593,67202,9,533.564644
1780969422.301606,0.001003442,64174,7,511.630966
1780969422.302637,0.000989877,64108,6,518.108816
1780969422.303588,0.000999767,57066,9,456.634396
1780969422.304588,0.000999761,64306,9,514.570982
1780969422.305613,0.001014575,53906,5,425.052855
1780969422.306631,0.000991853,62726,7,505.929810
1780969422.307604,0.001002574,74574,11,595.060315
1780969422.308614,0.000993933,64240,8,517.056985
1780969422.309608,0.000996994,61146,5,490.642872
1780969422.310622,0.001006916,54302,11,431.432215
1780969422.311634,0.001006482,73060,10,580.715800
1780969422.312574,0.000991977,61344,8,494.721148
1780969422.313572,0.000999159,62792,8,502.758820
1780969422.314620,0.001009478,68782,11,545.089640
1780969422.315652,0.000986963,55552,8,450.286384
1780969422.316618,0.001006593,64108,6,509.504835
1780969422.317585,0.000992234,62858,9,506.799807
1780969422.318626,0.001013347,64438,11,508.714192
1780969422.319601,0.000989263,65754,9,531.741306
1780969422.320601,0.001004126,129994,8,1035.678789
1780969422.321578,0.000992633,52458,5,422.778610
1780969422.322567,0.001000073,71744,12,573.910105
1780969422.323610,0.001013573,61410,9,484.701151
1780969422.324600,0.000986330,65622,7,532.251883
1780969422.325577,0.000999832,71414,7,571.407997
1780969422.326608,0.001002669,49562,5,395.440569
1780969422.327603,0.001003360,68716,10,547.887099
1780969422.328578,0.001002277,67070,7,535.341028
1780969422.329576,0.000993815,61212,6,492.743619
1780969422.330633,0.001003930,53906,5,429.559830
1780969422.331562,0.000994571,65622,7,527.841652
1780969422.332681,0.001000202,67202,9,537.507424
1780969422.333594,0.001000707,53972,6,431.470950
1780969422.334801,0.000999059,75824,8,607.163341
1780969422.335608,0.001001204,56934,7,454.924271
1780969422.336603,0.001011828,71546,9,565.677170
1780969422.337584,0.000990376,64240,8,518.914029
1780969422.338608,0.001007280,62660,6,497.657057
1780969422.339577,0.000989446,55552,8,449.156397
1780969422.340575,0.000999406,70230,11,562.173931
1780969422.341584,0.001005346,64240,8,511.187193
1780969422.342669,0.000995051,55420,6,445.565102
1780969422.343752,0.001004455,62660,6,499.056702
1780969422.344648,0.000998153,64108,6,513.813013
1780969422.345612,0.000998623,42388,6,339.571590
1780969422.346626,0.001002198,78852,10,629.432507
1780969422.347613,0.000997321,67070,7,538.001305
1780969422.348598,0.001006558,69966,7,556.081219
1780969422.349638,0.000993170,64174,7,516.922581
1780969422.350587,0.001006423,46798,7,371.994678
1780969422.351649,0.000993416,80300,10,646.657594
1780969422.352628,0.001000434,64174,7,513.169285
1780969422.353621,0.000999148,43770,5,350.458591
1780969422.354676,0.001000388,62990,11,503.724555
1780969422.355665,0.001005221,62792,8,499.726926
1780969422.356619,0.001008715,62726,7,497.472527
1780969422.357561,0.000986231,62660,6,508.278486
1780969422.358634,0.001008826,62858,9,498.464552
1780969422.359609,0.000997781,64240,8,515.062925
1780969422.360587,0.000993153,64108,6,516.399789
1780969422.361615,0.000999061,62660,6,501.751144
1780969422.362596,0.001002891,64504,12,514.544452
1780969422.363584,0.001004326,67202,9,535.300291
1780969422.364700,0.000994557,53972,6,434.139019
1780969422.365689,0.001010759,71480,8,565.753063
1780969422.366737,0.000990069,52590,7,424.940080
1780969422.367653,0.001000578,70098,9,560.460054
1780969422.368655,0.001007031,59764,6,474.773865
1780969422.369615,0.000990591,67070,7,541.656445
1780969422.370704,0.001000021,61542,11,492.325661
1780969422.371741,0.001004961,62792,8,499.856213
1780969422.372675,0.000999392,65702,7,525.935769
1780969422.373604,0.000996081,61212,6,491.622669
1780969422.374642,0.001014199,58514,9,461.558333
1780969422.375607,0.000986089,70098,9,568.695118
1780969422.376596,0.000999566,58382,7,467.258790
1780969422.377580,0.001000540,59764,6,477.853959
1780969422.378597,0.001009218,68782,11,545.230069
1780969422.379623,0.000997987,67202,9,538.700404
1780969422.380586,0.000991741,52524,6,423.691266
1780969422.381592,0.001003614,55552,8,442.815664
1780969422.382628,0.001006238,73126,11,581.381343
1780969422.383596,0.000996965,59896,8,480.626702
1780969422.384587,0.000993119,56868,6,458.096160
1780969422.385606,0.001007619,64306,9,510.558058
1780969422.386656,0.001005479,65820,10,523.690699
1780969422.387605,0.000994976,62726,7,504.341813
1780969422.388612,0.001003454,58316,6,464.922159
1780969422.389579,0.000988413,69966,7,566.289598
1780969422.390604,0.001010608,52590,7,416.303849
1780969422.391586,0.000994377,68650,9,552.305614
1780969422.392582,0.000998803,68584,8,549.329547
1780969422.393607,0.000996705,56868,6,456.447996
1780969422.394613,0.001002907,67400,12,537.637089
1780969422.395565,0.000996408,67136,8,539.024175
1780969422.396580,0.001000082,55354,5,442.795691
1780969422.397618,0.001001870,58448,8,466.711250
1780969422.398598,0.000998432,68848,12,551.648986
1780969422.399611,0.001000819,67202,9,537.176053
1780969422.400590,0.001002221,55420,6,442.377480
1780969422.401609,0.000997172,80432,12,645.280854
1780969422.402633,0.001007329,59830,7,475.157570
1780969422.403571,0.000993325,52458,5,422.484081
1780969422.404574,0.001004157,74376,8,592.544791
1780969422.405622,0.001000754,55354,5,442.498356
1780969422.406622,0.000997652,73126,11,586.384832
1780969422.407589,0.001001129,62858,9,502.296907
1780969422.408561,0.000995929,53906,5,433.010787
1780969422.410033,0.001000214,71468,8,571.621673
1780969422.410615,0.001006038,58382,7,464.252841
1780969422.411756,0.000994811,70268,10,565.076180
1780969422.412584,0.001010130,64174,7,508.243493
1780969422.413563,0.000991676,59698,5,481.592778
1780969422.414600,0.001007898,60094,11,476.984774
1780969422.415568,0.000997067,65688,8,527.049837
1780969422.416579,0.000996683,69966,7,561.590797
1780969422.417600,0.001007531,59764,6,474.538252
1780969422.418612,0.000987261,58382,7,473.082599
1780969422.419607,0.001013351,67202,9,530.532856
1780969422.420605,0.000993032,62726,7,505.329133
1780969422.421575,0.001004780,58316,6,464.308605
1780969422.422611,0.000997428,62594,5,502.043255
1780969422.423595,0.000991157,62858,9,507.350500
1780969422.424605,0.001010522,67136,8,531.495603
1780969422.425594,0.000990415,55354,5,447.117622
1780969422.426615,0.001004030,62792,8,500.319712
1780969422.427678,0.000996609,71678,11,575.375097
1780969422.428652,0.000998880,62858,9,503.427839
1780969422.429604,0.000999348,68518,7,548.501623
1780969422.430638,0.001000555,46798,7,374.176332
1780969422.431590,0.001007797,77536,12,615.489032
1780969422.432596,0.000996710,62726,7,503.464398
1780969422.433606,0.001002598,62660,6,499.981049
1780969422.434680,0.000993236,52722,9,424.648321
1780969422.435614,0.001012976,67334,11,531.771730
1780969422.436700,0.000993842,67202,9,540.947153
1780969422.437624,0.001004146,67136,8,534.870427
1780969422.438636,0.001000406,53972,6,431.600770
1780969422.439583,0.000997719,58646,11,470.240619
1780969422.440598,0.000991413,68584,8,553.424254
1780969422.441669,0.001011867,68518,7,541.715463
1780969422.442645,0.000988183,56868,6,460.384362
1780969422.443609,0.001001194,59764,6,477.541815
1780969422.444595,0.001005241,71612,10,569.909106
1780969422.445591,0.000993530,61278,7,493.416404
1780969422.446610,0.001009915,56802,5,449.954699
1780969422.447582,0.000993386,59962,9,482.889833
1780969422.448597,0.000996806,74508,10,597.973929
1780969422.449567,0.001005641,65622,7,522.031222
1780969422.450651,0.000999045,54038,7,432.717245
1780969422.451697,0.001007674,70296,12,558.085254
1780969422.452647,0.000992767,62858,9,506.527715
1780969422.453614,0.001005024,67070,7,533.877798
1780969422.454592,0.000989276,56934,7,460.409431
1780969422.455676,0.001000690,70230,11,561.452598
1780969422.456592,0.000999147,62858,9,503.293309
1780969422.457662,0.000999826,56802,6,454.495082
1780969422.458601,0.001007222,65688,8,521.736022
1780969422.459610,0.000992520,43836,6,353.330915
1780969422.460584,0.001013143,67202,9,530.641775
1780969422.461615,0.000996028,64174,7,515.439325
1780969422.462635,0.000991155,61410,9,495.664149
1780969422.463578,0.001008005,65886,11,522.902168
1780969422.464590,0.001002705,71546,9,570.823921
1780969422.465669,0.001002816,56868,6,453.666475
1780969422.466669,0.000991802,55354,5,446.492344
1780969422.467647,0.000996777,62726,7,503.430557
1780969422.468619,0.000997890,73060,10,585.715860
1780969422.469621,0.001000587,61278,7,489.936407
1780969422.470622,0.000999497,68518,7,548.419855
1780969422.471578,0.001011607,53972,6,426.821878
1780969422.472575,0.000992044,65754,9,530.250674
1780969422.473626,0.000996564,64174,7,515.162097
1780969422.474681,0.001001933,56802,5,453.539309
1780969422.475640,0.001009437,78588,6,622.826387
1780969422.476619,0.000987855,48246,7,390.713212
1780969422.477655,0.001000441,72994,9,583.694591
1780969422.478607,0.001007914,64108,6,508.837063
1780969422.479601,0.000998674,48114,5,385.423071
1780969422.480594,0.001003775,43902,7,349.895146
1780969422.481608,0.000994821,93464,12,751.604560
1780969422.482664,0.000999096,65676,8,525.883399
1780969422.483629,0.000996719,69966,7,561.570513
1780969422.484587,0.001001029,51142,7,408.715432
1780969422.485648,0.001006165,64240,8,510.771096
1780969422.486620,0.000993178,65556,6,528.050360
1780969422.487620,0.001009189,56868,6,450.801584
1780969422.488600,0.001001327,51274,9,409.648397
1780969422.489645,0.000989304,67268,10,543.962220
1780969422.490770,0.000999853,62726,7,501.881777
1780969422.491701,0.000999539,65622,7,525.218126
1780969422.492686,0.001004060,59764,6,476.178714
1780969422.493568,0.000995667,61410,9,493.417980
1780969422.494642,0.000999569,71546,9,572.614797
1780969422.496720,0.001000706,64108,6,512.502173
1780969422.496783,0.001013439,59764,6,471.771858
1780969422.497634,0.000987831,64306,9,520.785438
1780969422.498763,0.001002159,67136,8,535.930925
1780969422.499634,0.001000521,65556,6,524.174905
1780969422.500705,0.000999955,51274,9,410.210459
1780969422.501644,0.001004096,80432,12,640.831156
1780969422.502616,0.000997840,53972,6,432.710655
1780969422.503574,0.001005350,71414,7,568.271746
1780969422.504596,0.000989133,52458,5,424.274592
1780969422.505579,0.000998687,68716,10,550.450742
1780969422.506591,0.001000617,62792,8,502.026250
1780969422.507594,0.001010182,62660,6,496.227412
1780969422.508582,0.000989624,58514,9,473.020056
1780969422.509592,0.001012722,65820,10,519.945256
1780969422.510684,0.000987638,65688,8,532.081593
1780969422.511612,0.000999516,53906,5,431.456825
1780969422.512595,0.001000105,67400,12,539.143390
1780969422.513572,0.001007226,68650,9,545.259952
1780969422.514606,0.000993772,58316,6,469.451745
1780969422.515603,0.001008282,68518,7,543.641561
1780969422.516581,0.000990292,58316,6,471.101453
1780969422.517612,0.001008968,65754,9,521.356475
1780969422.518629,0.000993576,59830,7,481.734663
1780969422.519610,0.001005314,68518,7,545.246560
1780969422.520598,0.000993722,71810,13,578.109371
1780969422.521588,0.000998993,59896,8,479.651009
1780969422.522618,0.001000393,55420,6,443.185828
1780969422.523584,0.001003000,61344,8,489.284148
1780969422.524589,0.001002264,74706,13,596.297981
1780969422.525584,0.000996066,55420,6,445.111067
1780969422.526623,0.001004479,53906,5,429.325053
1780969422.527592,0.001000899,62792,8,501.884806
1780969422.528602,0.001009194,70296,12,557.244692
1780969422.529606,0.000984244,67202,9,546.222278
1780969422.530618,0.000999242,52458,5,419.982347
1780969422.531590,0.001001016,59896,8,478.681659
1780969422.532612,0.001003805,77536,12,617.936751
1780969422.533720,0.000996120,56934,7,457.246115
1780969422.534621,0.001003327,64174,7,511.689609
1780969422.535651,0.000996955,75824,8,608.444714
1780969422.536681,0.000999476,57132,10,457.295623
1780969422.537659,0.001005918,68650,9,545.968956
1780969422.538583,0.000995317,64240,8,516.338011
1780969422.539608,0.001007006,57066,9,453.351817
1780969422.540571,0.000991098,70296,12,567.419165
1780969422.541590,0.001006597,64240,8,510.551889
1780969422.542634,0.000999312,56802,5,454.728853
1780969422.543597,0.000993974,58514,9,470.949944
1780969422.544662,0.001001044,74640,12,596.497257
1780969422.545647,0.001013283,58382,7,460.933421
1780969422.546718,0.000991471,53906,5,434.957755
1780969422.547723,0.001000459,58514,9,467.897235
1780969422.548724,0.000997801,74508,10,597.377633
1780969422.549640,0.000996651,68584,8,550.515677
1780969422.550595,0.001007050,65622,7,521.300829
1780969422.551597,0.000997368,50944,4,408.627508
1780969422.552592,0.001006472,58448,8,464.577256
1780969422.553636,0.001002554,77470,11,618.181165
1780969422.554651,0.000989121,61212,6,495.081997
1780969422.555604,0.000996837,53972,6,433.146041
1780969422.556601,0.001002550,65622,7,523.640716
1780969422.557582,0.001001882,74508,10,594.944315
1780969422.558609,0.001006158,62660,6,498.212010
1780969422.559617,0.000990575,55354,5,447.045403
1780969422.560628,0.001002464,54236,10,432.821528
1780969422.561626,0.000998207,77338,9,619.815329
1780969422.562590,0.001001211,56868,6,454.393729
1780969422.563609,0.001007946,67070,7,532.330105
1780969422.564745,0.000991225,64438,11,520.067593
1780969422.565647,0.000998019,67136,8,538.154083
1780969422.566689,0.001005936,56868,6,452.259388
1780969422.567641,0.000997149,64306,9,515.918885
1780969422.568658,0.000997491,67400,12,540.556256
1780969422.569607,0.001002749,62858,10,501.485417
1780969422.570644,0.000996281,48180,6,386.878802
1780969422.571654,0.001010860,64174,7,507.876462
1780969422.572580,0.000994200,57198,11,460.253470
1780969422.573607,0.001009558,65754,9,521.051787
1780969422.574592,0.000988972,75824,8,613.356091
1780969422.575605,0.001001404,62726,7,501.104449
1780969422.576577,0.001003497,61410,9,489.567981
1780969422.577563,0.000994598,54038,7,434.651990
1780969422.578602,0.000997127,65556,6,525.959080
1780969422.579664,0.001010920,55486,7,439.093103
1780969422.580609,0.000989726,71612,10,578.843033
1780969422.581589,0.001005590,62660,6,498.493422
1780969422.582630,0.000999827,62660,6,501.366736
1780969422.583654,0.000993318,55552,8,447.405564
1780969422.584636,0.001000010,76022,11,608.169918
1780969422.585649,0.001012207,64240,8,507.722235
1780969422.586599,0.000988421,59830,7,484.247097
1780969422.587614,0.001009435,65622,7,520.069148
1780969422.588610,0.001002710,62924,10,502.031495
1780969422.589607,0.000997370,59896,8,480.431535
1780969422.590590,0.000990608,69966,7,565.034807
1780969422.591571,0.001002358,52722,9,420.783792
1780969422.592593,0.000997281,71678,11,574.987391
1780969422.593663,0.001006440,70098,9,557.195660
1780969422.594618,0.000994520,58316,6,469.098661
1780969422.595663,0.001001465,55354,5,442.184200
1780969422.596651,0.000998371,65754,9,526.890304
1780969422.597615,0.001002450,70032,8,558.886728
1780969422.598622,0.001004864,52458,5,417.632635
1780969422.599647,0.001002841,78588,6,626.922912
1780969422.600583,0.000989461,57066,9,461.390595
1780969422.601582,0.001001478,64174,7,512.634326
1780969422.602615,0.001012323,69966,7,552.914435
1780969422.603615,0.000985955,56868,6,461.424710
1780969422.604586,0.001000708,55354,5,442.518697
1780969422.605582,0.000998905,73126,11,585.649286
1780969422.606650,0.001001026,62792,8,501.821132
1780969422.607640,0.001004704,62660,6,498.933019
1780969422.608603,0.001007614,58316,6,463.002697
1780969422.609572,0.000995253,64504,12,518.493288
1780969422.610594,0.000998815,65820,10,527.184714
1780969422.611614,0.001006028,64240,8,510.840653
1780969422.612598,0.000997181,61146,5,490.550863
1780969422.613582,0.000989697,63056,12,509.699433
1780969422.614583,0.001002390,68650,9,547.890542
1780969422.615616,0.001010146,65556,6,519.180396
1780969422.616604,0.000997019,52458,5,420.918759
1780969422.617572,0.000990212,67400,12,544.529858
1780969422.618602,0.001007814,74442,9,590.918562
1780969422.619609,0.000993637,55420,6,446.199165
1780969422.620585,0.001005962,59764,6,475.278390
1780969422.621597,0.001001673,71612,10,571.939146
1780969422.622623,0.000991481,58448,8,471.601574
1780969422.623588,0.001000349,64174,7,513.212889
1780969422.624613,0.001006249,71414,7,567.764042
1780969422.625619,0.001001727,78588,6,627.620100
1780969422.626607,0.001002100,55552,8,443.484682
1780969422.627621,0.001001960,62792,8,501.353347
1780969422.628594,0.000990544,65688,8,530.520603
1780969422.629580,0.000996953,49694,7,398.767043
1780969422.630613,0.001006607,78984,12,627.724623
1780969422.631599,0.000993187,62726,7,505.250270
1780969422.632601,0.001003046,61212,6,488.208916
1780969422.633647,0.000999282,71810,13,574.892773
1780969422.634649,0.000999403,58382,7,467.334999
1780969422.635575,0.001000035,62660,6,501.262456
1780969422.636589,0.000998353,65754,9,526.899804
1780969422.637676,0.001005124,68782,11,547.450862
1780969422.638689,0.001005327,62792,8,499.674235
1780969422.639642,0.000989436,59764,6,483.216701
1780969422.640660,0.001005628,73258,13,582.784091
1780969422.641683,0.001004597,58382,7,464.918768
1780969422.642623,0.001000557,61278,7,489.951097
1780969422.643605,0.000995268,61212,6,492.024259
1780969422.644679,0.001007970,60094,11,476.950703
1780969422.645597,0.000998107,64240,9,514.894696
1780969422.646619,0.000988203,67070,7,542.965362
1780969422.647655,0.001010739,61212,6,484.493029
1780969422.648654,0.000989692,53972,6,436.273103
1780969422.649595,0.001000202,64306,9,514.344102
1780969422.650658,0.001008722,67070,7,531.920589
1780969422.651604,0.000990359,59764,6,482.766350
1780969422.652589,0.001000033,56868,6,454.928987
1780969422.653616,0.001012246,65556,6,518.103307
1780969422.654661,0.000991824,62858,9,507.009308
1780969422.655600,0.000999571,62726,7,502.023368
1780969422.656614,0.001005830,62660,6,498.374477
1780969422.657560,0.000990358,62726,7,506.693539
1780969422.658598,0.001005719,61212,6,486.911354
1780969422.659585,0.000994480,73126,11,588.255169
1780969422.660601,0.001013952,64174,7,506.327716
1780969422.661601,0.001001714,59764,6,477.293918
1780969422.662609,0.000984576,56868,6,462.070983
1780969422.663611,0.000999836,52656,8,421.317096
1780969422.664585,0.001004700,70164,10,558.686175
1780969422.665615,0.001000570,62726,7,501.522132
1780969422.666602,0.001005468,56868,6,452.469895
1780969422.667600,0.000996732,51208,8,411.007171
1780969422.668604,0.000993026,70230,11,565.785790
1780969422.669581,0.001008661,61278,7,486.014627
1780969422.670609,0.000998423,55420,6,444.060283
1780969422.671606,0.000999952,65754,9,526.057251
1780969422.672574,0.000997143,74640,12,598.830860
1780969422.673594,0.001006035,64240,8,510.837098
1780969422.674619,0.000997768,61212,6,490.791447
1780969422.675614,0.001006401,52656,8,418.568741
1780969422.676598,0.000984873,78984,12,641.577137
1780969422.677603,0.001004703,61278,7,487.929269
1780969422.678618,0.001007608,56868,6,451.508920
1780969422.679606,0.000994836,68452,6,550.458568
1780969422.680668,0.000996521,51076,6,410.034510
1780969422.681657,0.001007571,74640,12,592.633174
1780969422.682607,0.000995290,62726,7,504.182701
1780969422.683736,0.001003586,56802,5,452.792287
1780969422.684644,0.000990794,68518,7,553.237101
1780969422.685582,0.001007396,57000,8,452.652184
1780969422.686600,0.000997675,68650,9,550.479866
1780969422.687609,0.001006267,64108,6,509.669899
1780969422.688601,0.000988038,57000,8,461.520711
1780969422.689592,0.001009776,70098,9,555.354851
1780969422.690601,0.001003000,64108,6,511.330010
1780969422.691602,0.000987883,62726,7,507.962988
1780969422.692589,0.001008913,53972,6,427.961578
1780969422.693607,0.000999706,64306,9,514.599292
1780969422.694618,0.000998408,61278,7,491.005681
1780969422.695612,0.001005601,67070,7,533.571466
1780969422.696602,0.000986529,48246,7,391.238372
1780969422.697602,0.001005498,81814,11,650.933169
1780969422.698611,0.000999469,61278,7,490.484447
1780969422.699606,0.001002040,65688,8,524.434154
1780969422.700584,0.000997443,50944,4,408.596782
1780969422.701584,0.000998340,78918,11,632.393774
1780969422.702614,0.001002166,56868,6,453.960721
1780969422.703578,0.000994902,61212,6,492.205262
1780969422.704629,0.001000612,68518,7,547.808741
1780969422.705576,0.001009372,62858,9,498.194917
1780969422.706617,0.000990204,62726,7,506.772342
1780969422.707583,0.001002999,62726,7,500.307578
1780969422.708607,0.001008895,71612,10,567.845019
1780969422.709562,0.000987642,56934,7,461.171153
1780969422.710593,0.001005720,65556,6,521.465219
1780969422.711608,0.000995628,67070,7,538.916141
1780969422.712589,0.000999862,54038,7,432.363666
1780969422.713564,0.001000347,68650,9,549.009494
1780969422.714579,0.001003484,64108,6,511.083385
1780969422.715596,0.001005291,64174,7,510.689940
1780969422.716612,0.000994989,61344,8,493.223543
1780969422.717575,0.001005221,64306,9,511.776017
1780969422.718600,0.000989705,58382,7,471.914358
1780969422.719604,0.001008570,69900,6,554.448377
1780969422.720594,0.000993570,49760,8,400.656219
1780969422.721576,0.001006248,79050,13,628.473299
1780969422.722620,0.001005678,55420,6,440.856815
1780969422.723614,0.000991645,65556,6,528.866681
1780969422.724585,0.000994980,67070,7,539.267121
1780969422.725598,0.001008488,55552,8,440.675546
1780969422.726618,0.000995875,67136,8,539.312665
1780969422.727608,0.001000210,64108,6,512.756321
1780969422.728583,0.000998470,53972,6,432.437630
1780969422.729660,0.001011452,71744,12,567.453522
1780969422.730618,0.000985378,62726,7,509.254317
1780969422.731656,0.001000399,62726,7,501.607858
1780969422.732656,0.001002855,65688,8,524.007957
1780969422.733612,0.001007542,52656,8,418.094730
1780969422.734621,0.000990853,64240,8,518.664222
1780969422.735614,0.001010991,65556,6,518.746458
1780969422.736598,0.000995988,64108,6,514.929899
1780969422.737614,0.000992861,52788,10,425.340506
1780969422.738704,0.001003420,70164,10,559.398856
1780969422.739645,0.000999089,68650,9,549.700777
1780969422.740617,0.000995847,59830,7,480.636082
1780969422.741641,0.001004375,65886,11,524.792035
1780969422.742617,0.001007133,65688,8,521.782128
1780969422.743584,0.000998555,56868,6,455.602345
1780969422.744659,0.000990824,67004,6,540.996181
1780969422.745627,0.001010854,55750,11,441.211095
1780969422.746617,0.000995316,71612,10,575.592073
1780969422.747599,0.000995475,61278,7,492.452347
1780969422.748613,0.001006161,61212,6,486.697457
1780969422.749584,0.000990961,67334,11,543.585469
1780969422.750607,0.001007731,64306,9,510.501314
1780969422.751606,0.001001822,57000,8,455.170679
1780969422.752605,0.000990178,72928,8,589.211233
1780969422.753584,0.001005242,55354,5,440.522780
1780969422.754781,0.001009972,65754,9,520.838201
1780969422.755604,0.000991048,62726,7,506.340763
1780969422.756609,0.001001659,62660,6,500.449754
1780969422.757595,0.000992485,61212,6,493.403931
1780969422.758603,0.001000068,61608,12,492.830488
1780969422.759611,0.001000111,74508,10,595.997844
1780969422.760618,0.001005105,55420,6,441.108143
1780969422.761590,0.000994228,64108,6,515.841437
1780969422.762604,0.001007474,65952,12,523.701852
1780969422.763590,0.000993597,68650,9,552.739189
1780969422.764572,0.001004762,55420,6,441.258726
1780969422.765562,0.000995607,65688,8,527.822725
1780969422.766605,0.001000204,65886,11,526.980496
1780969422.767598,0.000999307,65688,8,525.868427
1780969422.768594,0.000999783,65622,7,525.089945
1780969422.769605,0.001001022,52458,5,419.235541
1780969422.770617,0.001005215,72862,7,579.871968
1780969422.771680,0.001008880,56868,6,450.939656
1780969422.772611,0.000992756,61410,9,494.864801
1780969422.773581,0.001005220,59830,7,476.154474
1780969422.774576,0.000987625,56868,6,460.644475
1780969422.775626,0.001000314,64240,8,513.758680
1780969422.776586,0.001002222,65886,11,525.919407
1780969422.777572,0.001006587,65820,10,523.114246
1780969422.778655,0.000989870,56934,7,460.133149
1780969422.779617,0.001011999,58448,8,462.039982
1780969422.780605,0.000994472,62990,11,506.721155
1780969422.781598,0.000996322,62924,10,505.250311
1780969422.782631,0.001002619,62792,8,501.023819
1780969422.783664,0.000994364,62726,7,504.652220
1780969422.784644,0.001000825,64372,10,514.551495
1780969422.785613,0.001005812,62858,9,499.958243
1780969422.786579,0.000993705,62858,9,506.049582
1780969422.787609,0.001001611,59830,7,477.870151
1780969422.788601,0.001002771,65622,7,523.525311
1780969422.789585,0.001000137,56802,5,454.353754
1780969422.790590,0.000997235,70164,10,562.868331
1780969422.791595,0.000999671,62792,8,502.501323
1780969422.792580,0.000998107,61278,7,491.153754
1780969422.793581,0.001002070,62660,6,500.244494
1780969422.794621,0.000998315,62660,6,502.126082
1780969422.795596,0.000999629,59896,8,479.345837
1780969422.796582,0.001000713,61344,8,490.402343
1780969422.797588,0.001002895,67070,7,535.011143
1780969422.798642,0.001000202,57000,8,455.907907
1780969422.799596,0.000996644,71612,10,574.825113
1780969422.800627,0.001001546,58448,8,466.862231
1780969422.801583,0.001006585,67070,7,533.049867
1780969422.802609,0.000997031,53906,5,432.532188
1780969422.803610,0.000999353,65556,6,524.787538
1780969422.804612,0.001006865,70230,11,558.009266
1780969422.805596,0.000988339,64240,8,519.983528
1780969422.806654,0.001001717,62726,7,500.947873
1780969422.807593,0.000998252,56868,6,455.740635
1780969422.808603,0.001001999,70164,10,560.192176
1780969422.809633,0.001000609,64306,9,514.134892
1780969422.810630,0.001008569,61278,7,486.058961
1780969422.811598,0.000989125,55420,6,448.234551
1780969422.812601,0.001008438,69900,6,554.520952
1780969422.813597,0.000991441,59962,9,483.837162
1780969422.814609,0.001005968,61344,8,487.840567
1780969422.815600,0.000995535,64240,8,516.224944
1780969422.816601,0.001003824,59830,7,476.816653
1780969422.817595,0.001006187,65556,6,521.223192
1780969422.818652,0.000990038,64240,8,519.091186
1780969422.819624,0.001007001,61344,8,487.340132
1780969422.820603,0.001001177,58382,7,466.506921
1780969422.821611,0.000993258,65622,7,528.539413
1780969422.822832,0.000997710,65556,6,525.651742
1780969422.823633,0.001003471,58382,7,465.440456
1780969422.824676,0.001008348,62792,8,498.177217
1780969422.825608,0.001000835,64240,8,513.491235
1780969422.826608,0.000991291,65622,7,529.588183
1780969422.827608,0.001002567,62660,6,499.996509
1780969422.828609,0.001007210,61344,8,487.239007
1780969422.829578,0.000985423,62858,9,510.302682
1780969422.830604,0.001002433,55486,7,442.810642
1780969422.831613,0.000999802,65688,8,525.608070
1780969422.832612,0.001007153,68848,12,546.872223
1780969422.833618,0.000999248,67136,8,537.492194
1780969422.834601,0.000991184,53906,5,435.083698
1780969422.835591,0.001004257,71480,8,569.415996
1780969422.836614,0.000998027,51076,6,409.415777
1780969422.837567,0.001002970,75956,10,605.848630
1780969422.838631,0.000996403,52458,5,421.178981
1780969422.839621,0.001008795,70098,9,555.894904
1780969422.840708,0.000991154,68650,9,554.101583
1780969422.841582,0.000998146,64108,6,513.816616
1780969422.842626,0.001000767,62726,7,501.423408
1780969422.843579,0.001000150,55420,6,443.293506
1780969422.844608,0.000999852,61410,9,491.352720
1780969422.845594,0.001013514,65622,7,517.976071
1780969422.846619,0.000992783,55354,5,446.051151
1780969422.847579,0.000993458,62990,11,507.238353
1780969422.848585,0.001001764,77536,12,619.195739
1780969422.849562,0.000998149,59830,7,479.527606
1780969422.850592,0.001009575,61278,7,485.574623
1780969422.851584,0.000998143,62858,9,503.799556
1780969422.852613,0.001004534,58382,7,464.947926
1780969422.853578,0.000990476,67004,6,541.186258
1780969422.854610,0.001006959,55618,9,441.869033
1780969422.855602,0.000996462,70230,11,563.834848
1780969422.856609,0.001008082,71480,8,567.255442
1780969422.857565,0.000986042,53972,6,437.888041
1780969422.858590,0.001003397,55486,7,442.385217
1780969422.859586,0.000997638,68848,12,552.088032
1780969422.860588,0.000999245,71612,10,573.328863
1780969422.861578,0.001008869,59830,7,474.432260
1780969422.862606,0.001001191,56868,6,454.402806
1780969422.863653,0.000990096,61542,11,497.260872
1780969422.864643,0.001005183,71546,9,569.416713
1780969422.865619,0.000994586,59764,6,480.714589
1780969422.866650,0.000999553,68518,7,548.389130
1780969422.867610,0.001002164,65820,10,525.422985
1780969422.868579,0.000998047,59896,8,480.105646
1780969422.869580,0.000999493,62660,6,501.534278
1780969422.870573,0.001000187,67334,11,538.571287
1780969422.871645,0.001002284,64306,9,513.275678
1780969422.872647,0.001009247,61358,7,486.366568
1780969422.873621,0.000994638,65622,7,527.806096
1780969422.874593,0.000996230,56934,7,457.195628
1780969422.875721,0.001009835,71612,10,567.316443
1780969422.876657,0.000988489,68518,7,554.527162
1780969422.877670,0.001000710,55420,6,443.045438
1780969422.878664,0.001009371,65820,10,521.671417
1780969422.879641,0.000990223,59896,8,483.899081
1780969422.880704,0.001002354,55420,6,442.318782
1780969422.881582,0.001001045,65754,9,525.482870
1780969422.882618,0.000997493,71744,12,575.394514
1780969422.883629,0.000998898,58316,6,467.042681
1780969422.884619,0.001003820,67136,8,535.044131
1780969422.885612,0.001000864,53972,6,431.403268
1780969422.886619,0.001003807,71744,12,571.775252
1780969422.887619,0.001000600,59830,7,478.352988
1780969422.888604,0.000992395,59764,6,481.775906
1780969422.889594,0.000998361,67070,7,537.440866
1780969422.890591,0.001005269,61542,11,489.755478
1780969422.891595,0.001002144,68782,11,549.078775
1780969422.892660,0.000992160,61344,8,494.629898
1780969422.893640,0.001000987,55552,8,443.977794
1780969422.894621,0.001005772,70230,11,558.615670
1780969422.895611,0.000998589,67202,9,538.375648
1780969422.896631,0.001001747,59830,7,477.805274
1780969422.897655,0.000994478,53972,6,434.173506
1780969422.898598,0.000998169,62660,6,502.199527
1780969422.899664,0.001005832,67268,10,535.023742
1780969422.900597,0.000998892,65754,9,526.615490
1780969422.901686,0.000995477,56934,7,457.541460
1780969422.902619,0.001010837,70098,9,554.771937
1780969422.903628,0.000999496,65886,11,527.353786
1780969422.904565,0.000990408,58382,7,471.579390
1780969422.905628,0.001000233,64174,7,513.272408
1780969422.906622,0.001011563,65622,7,518.975091
1780969422.907610,0.000988177,61410,9,497.157898
1780969422.908569,0.001005167,64372,10,512.328797
1780969422.909606,0.000997931,62726,7,502.848393
1780969422.910602,0.001003234,53906,5,429.857840
1780969422.911588,0.001005212,67004,6,533.252687
1780969422.913677,0.002001689,132890,17,531.111476
1780969422.914624,0.000993479,54038,7,435.141558
1780969422.915625,0.000998245,67136,8,538.032247
1780969422.916593,0.001003990,71744,12,571.671033
1780969422.917583,0.000992019,64240,8,518.054594
1780969422.918608,0.000998430,64240,8,514.728123
1780969422.919607,0.001004921,68518,7,545.459792
1780969422.920591,0.001000684,52458,5,419.377146
1780969422.921566,0.000998512,71678,11,574.278526
1780969422.922627,0.001000006,58448,8,467.581195
1780969422.923600,0.001007542,67070,7,532.543556
1780969422.924584,0.000989735,56988,8,460.632391
1780969422.925590,0.000999027,64438,11,516.006074
1780969422.926638,0.001012940,65820,10,519.833356
1780969422.927622,0.000994453,55486,7,446.363981
1780969422.928764,0.000994099,62830,7,505.623685
1780969422.929635,0.000999463,65556,6,524.729780
1780969422.930645,0.001008486,52458,5,416.132698
1780969422.931599,0.000991502,59896,8,483.274870
1780969422.932649,0.001007287,75956,10,603.252102
1780969422.933638,0.000992609,62726,7,505.544479
1780969422.934736,0.001000770,59764,6,477.744137
1780969422.935678,0.001005459,68716,10,546.743328
1780969422.936657,0.000992140,59896,8,482.964098
1780969422.937650,0.001000544,62726,7,501.535165
1780969422.938701,0.001006087,67070,7,533.313719
1780969422.939806,0.001005037,53906,5,429.086690
1780969422.940642,0.000992520,76022,11,612.759441
1780969422.941702,0.001003009,59896,8,477.730509
1780969422.942673,0.000993420,61278,7,493.471039
1780969422.943669,0.000999826,59896,8,479.251390
1780969422.944639,0.001008951,76154,13,603.827143
1780969422.945575,0.000999039,58448,8,468.033780
1780969422.946667,0.000992527,58382,7,470.572589
1780969422.947604,0.000999085,56868,6,455.360655
1780969422.948607,0.001011106,61344,8,485.361574
1780969422.949598,0.000989262,71612,10,579.114532
1780969422.950607,0.001001993,65688,8,524.458754
1780969422.951604,0.000997674,67070,7,537.810948
1780969422.952601,0.001002102,53906,5,430.343418
1780969422.953605,0.000997829,70164,10,562.533260
1780969422.954586,0.001000534,65622,7,524.695812
1780969422.955598,0.001005669,61212,6,486.935562
1780969422.956608,0.001002527,64174,7,512.097929
1780969422.957582,0.000991269,59962,9,483.921115
1780969422.958660,0.001011127,56934,7,450.459735
1780969422.959635,0.000994412,64108,6,515.745989
1780969422.960594,0.000995291,67004,6,538.568117
1780969422.961647,0.001009723,58448,8,463.081459
1780969422.962615,0.001000890,70164,10,560.812877
1780969422.963593,0.000988999,53972,6,436.578803
1780969422.964607,0.001004089,65688,8,523.363965
1780969422.965589,0.001001007,70296,12,561.802265
1780969422.966598,0.000998177,65688,8,526.463743
1780969422.967630,0.001010568,55354,5,438.201091
1780969422.968585,0.000993017,70230,11,565.790918
1780969422.969598,0.000992791,64174,7,517.119917
1780969422.970594,0.001000057,53972,6,431.751390
1780969422.971639,0.001000417,42256,4,337.907093
1780969422.972592,0.001000426,94714,9,757.389352
1780969422.973597,0.000998958,62858,9,503.388531
1780969422.974612,0.001008933,68584,8,543.814109
1780969422.975595,0.000992244,65688,8,529.611668
1780969422.976579,0.000998829,58382,7,467.603564
1780969422.977594,0.001011418,64240,8,508.118305
1780969422.978619,0.000993192,62726,7,505.247727
1780969422.979653,0.000996235,62660,6,503.174452
1780969422.980623,0.000999847,54038,7,432.370153
1780969422.981619,0.001010879,76088,12,602.153176
1780969422.982624,0.001001511,56868,6,454.257617
1780969422.983594,0.000992645,68518,7,552.205471
1780969422.984607,0.000998269,56934,7,456.261789
1780969422.985629,0.001009201,73192,12,580.197602
1780969422.986621,0.001000098,62858,9,502.814724
1780969422.987577,0.000986706,58382,7,473.348698
1780969422.988602,0.001007242,62858,9,499.248443
1780969422.989619,0.001004189,65886,11,524.889239
1780969422.990630,0.001002763,59830,7,477.321162
1780969422.991606,0.000994887,68518,7,550.961064
1780969422.992612,0.001007756,59764,6,474.432303
1780969422.993613,0.000989610,67268,10,543.794020
1780969422.994598,0.000995938,65688,8,527.647303
1780969422.995589,0.001009159,58382,7,462.817059
1780969422.996614,0.001002545,65820,10,525.223307
1780969422.997605,0.000990570,67268,10,543.267008
1780969422.998772,0.000996150,65808,10,528.498720
1780969422.999642,0.001008087,56868,6,451.294382
1780969423.000602,0.000991866,69966,7,564.318164
1780969423.001572,0.000999859,55552,8,444.478671
1780969423.002638,0.001013938,64240,8,506.855449
1780969423.003604,0.000992990,65556,6,528.150334
1780969423.004601,0.001000718,58382,7,466.720894
1780969423.005622,0.000993824,67400,12,542.550794
1780969423.006596,0.000998933,62858,9,503.401129
1780969423.007605,0.001000481,55354,5,442.619100
1780969423.008601,0.001005486,68650,9,546.203527
1780969423.009584,0.001000363,67334,11,538.476533
1780969423.010713,0.001001781,67202,9,536.660208
1780969423.011683,0.000992797,62726,7,505.448747
1780969423.012614,0.001009568,57198,11,453.247330
1780969423.013563,0.000988617,67268,10,544.340225
1780969423.014609,0.001004389,56934,7,453.481669
1780969423.015598,0.000996021,67070,7,538.703501
1780969423.016583,0.001003578,59962,9,477.985767
1780969423.017579,0.000996077,65820,10,528.633831
1780969423.018611,0.001012532,62726,7,495.597176
1780969423.019604,0.000990108,65622,7,530.220946
1780969423.020584,0.001000432,55420,6,443.168551
1780969423.021561,0.000997131,65556,6,525.956971
1780969423.022625,0.001000392,65754,9,525.825876
1780969423.023622,0.001001010,62792,8,501.829153
1780969423.024595,0.000999422,56934,7,455.735415
1780969423.025620,0.001000670,67136,8,536.728392
1780969423.026630,0.001000623,65820,10,526.232157
1780969423.027575,0.000997651,62858,9,504.048009
1780969423.028615,0.001004816,56868,6,452.763491
1780969423.029579,0.000995470,56934,7,457.544677
1780969423.030606,0.001009987,70230,11,556.284388
1780969423.031586,0.000992172,62792,8,506.299311
1780969423.032599,0.000997345,55420,6,444.540254
1780969423.033596,0.001000150,62726,7,501.732740
1780969423.034643,0.001013340,67202,9,530.538615
1780969423.035597,0.000988150,58448,8,473.191317
1780969423.036606,0.001007030,65688,8,521.835496
1780969423.037596,0.000993326,59764,6,481.324359
1780969423.038687,0.001003717,68452,6,545.588049
1780969423.039635,0.000995078,61344,8,493.179429
1780969423.040618,0.001005630,65754,9,523.087020
1780969423.041661,0.000994863,56934,7,457.823841
1780969423.042672,0.001000915,65622,7,524.496086
1780969423.043645,0.001008616,58316,6,462.542732
1780969423.044599,0.000991855,61476,10,495.846671
1780969423.045581,0.001002530,67202,9,536.259264
1780969423.046645,0.000998316,61278,7,491.050930
1780969423.047651,0.001008656,61608,12,488.634381
1780969423.048597,0.000995043,61476,10,494.258037
1780969423.049574,0.000997161,67136,8,538.617134
1780969423.050622,0.000995866,55420,6,445.200459
1780969423.051622,0.001000827,65556,6,524.014640
1780969423.052600,0.001002522,54038,7,431.216472
1780969423.053616,0.001002738,78918,11,629.620100
1780969423.054587,0.000994017,55486,7,446.559767
1780969423.055659,0.001013137,64174,7,506.735022
1780969423.056644,0.000997695,59830,7,479.745814
1780969423.057624,0.000997770,68716,10,550.956633
1780969423.058616,0.000999841,62792,8,502.415884
1780969423.059627,0.000994964,62726,7,504.347896
1780969423.060669,0.001006731,64372,10,511.532872
1780969423.061649,0.000997770,58448,8,468.629043
1780969423.062597,0.000995741,65688,8,527.751694
1780969423.063606,0.000998545,59764,6,478.808667
1780969423.064596,0.000998873,56802,5,454.928705
1780969423.065598,0.001011076,62660,6,495.788645
1780969423.066588,0.000988320,71744,12,580.734985
1780969423.067607,0.001008066,67136,8,532.790512
1780969423.068587,0.001001409,65688,8,524.764607
1780969423.069577,0.000997536,49562,5,397.475379
1780969423.070612,0.000992747,65688,8,529.343327
1780969423.071609,0.001004834,67202,9,535.029667
1780969423.072691,0.000995786,57000,8,457.929716
1780969423.073637,0.000999444,65622,7,525.268049
1780969423.074619,0.001012578,59830,7,472.694449
1780969423.075609,0.000987226,65754,9,532.838479
1780969423.076563,0.001000227,64240,8,513.803367
1780969423.077585,0.001008965,68518,7,543.273553
1780969423.078601,0.000995736,52458,5,421.461110
1780969423.079587,0.001000465,62660,6,501.047013
1780969423.080577,0.000995345,62792,8,504.685310
1780969423.081582,0.000998933,64306,9,514.997502
1780969423.082615,0.001012362,62726,7,495.680399
1780969423.083660,0.000989212,62726,7,507.280542
1780969423.084654,0.000999309,61278,7,490.562979
1780969423.085643,0.001010121,65754,9,520.761374
1780969423.086740,0.000990453,57000,8,460.395395
1780969423.087665,0.001001182,62924,10,502.797693
1780969423.088676,0.000999895,71744,12,574.012271
1780969423.089628,0.001002303,64306,9,513.265949
1780969423.090688,0.001003838,59830,7,476.810003
1780969423.091634,0.000991409,64108,6,517.308195
1780969423.092647,0.001012480,67268,10,531.510746
1780969423.093640,0.000998766,57000,8,456.563399
1780969423.094650,0.000989693,128480,8,1038.544276
1780969423.095640,0.001003173,43770,5,349.052457
1780969423.096652,0.001009433,29092,2,230.561117
1780969423.097645,0.000988554,106298,9,860.230195
1780969423.098617,0.000998366,46798,7,374.996745
1780969423.099662,0.001006826,77338,9,614.509359
1780969423.100600,0.001003453,65688,8,523.695679
1780969423.101578,0.000993144,58250,5,469.216951
1780969423.102661,0.000996681,57000,8,457.518504
1780969423.103621,0.001010556,68584,8,542.940718
1780969423.104581,0.000988983,62660,6,506.864122
1780969423.105602,0.001005010,62726,7,499.306475
1780969423.106592,0.000996542,61278,7,491.925077
1780969423.107597,0.001000136,70098,9,560.707744
1780969423.108606,0.001009787,61278,7,485.472679
1780969423.109616,0.001001061,69900,6,558.607318
1780969423.110601,0.000988745,49892,10,403.679412
1780969423.111600,0.000999357,68716,10,550.081703
1780969423.112596,0.000999815,70098,9,560.887764
1780969423.113598,0.001000682,59830,7,478.313790
1780969423.114585,0.000999159,65886,11,527.531654
1780969423.115623,0.001010823,67136,8,531.337336
1780969423.116604,0.000996632,56868,6,456.481429
1780969423.117607,0.000992883,64240,8,517.603786
1780969423.118613,0.001014207,61344,8,483.877552
1780969423.119690,0.000997387,58382,7,468.279615
1780969423.120661,0.000987795,67004,6,542.655106
1780969423.121633,0.001010499,74706,13,591.438487
1780969423.122668,0.000990312,58382,7,471.625104
1780969423.123614,0.001007634,67004,6,531.970934
1780969423.124614,0.000993838,51142,7,411.672727
1780969423.125592,0.000999947,73126,11,585.039007
1780969423.126606,0.001003590,62726,7,500.012953
1780969423.127594,0.000994017,64108,6,515.950934
1780969423.128581,0.001003339,58514,9,466.554176
1780969423.129584,0.000999587,64306,9,514.660555
1780969423.130611,0.001010942,62660,6,495.854362
1780969423.131581,0.000986543,62726,7,508.652943
1780969423.132599,0.001000487,58250,5,465.773168
1780969423.133710,0.001000266,65754,9,525.892113
1780969423.134774,0.000999554,46666,5,373.494579
1780969423.135621,0.001013155,87408,8,690.184621
1780969423.136695,0.000992981,59764,6,481.491589
1780969423.137604,0.001003702,65556,6,522.513654
1780969423.138603,0.000994088,49694,7,399.916305
1780969423.139609,0.000996592,77338,9,620.819754
1780969423.140610,0.001014063,0,0,0.000000
1780969423.141633,0.000989730,18956,2,153.221586
1780969423.142617,0.000995513,27710,3,222.679161
1780969423.143581,0.001002680,0,0,0.000000
1780969423.144577,0.000997261,0,0,0.000000
1780969423.145576,0.001010961,0,0,0.000000
1780969423.146608,0.000988912,26196,2,211.917744
1780969423.147587,0.001002749,61146,5,487.826964
1780969423.148787,0.001001150,87342,7,697.933377
1780969423.149662,0.001012196,65754,9,519.693814
1780969423.150764,0.000984576,65688,8,533.736349
1780969423.151635,0.001004013,62726,7,499.802293
1780969423.152610,0.000995593,64372,10,517.255545
1780969423.153556,0.001000281,14612,2,116.863161
1780969423.154622,0.001012403,0,0,0.000000
1780969423.155587,0.000992555,42322,5,341.115606
1780969423.156577,0.000994974,99190,11,797.528378
1780969423.157577,0.001003657,49562,5,395.051297
1780969423.158606,0.000996522,0,0,0.000000
1780969423.159591,0.001001959,0,0,0.000000
1780969423.160604,0.000999461,78588,6,629.043054
1780969423.161627,0.001010542,87540,10,693.014244
1780969423.162604,0.000991037,71612,10,578.077307
1780969423.163621,0.001008065,52590,7,417.354040
1780969423.164631,0.001000131,71414,7,571.237168
1780969423.165577,0.000989215,58580,10,473.749387
1780969423.166623,0.001003888,62858,9,500.916437
1780969423.167570,0.000998812,65688,8,526.129041
1780969423.168590,0.000996568,62726,7,503.536136
1780969423.169578,0.001012622,59764,6,472.152491
1780969423.170619,0.000987205,36464,4,295.492831
1780969423.171682,0.001001521,11716,2,93.585656
1780969423.172638,0.000999188,61410,9,491.679244
1780969423.173583,0.001006836,102152,12,811.667441
1780969423.174586,0.000992775,61278,7,493.791645
1780969423.175644,0.001011576,62660,6,495.543587
1780969423.176584,0.000992277,36596,6,295.046645
1780969423.177641,0.000995106,42322,5,340.241140
1780969423.178719,0.001012521,106562,13,841.953895
1780969423.179728,0.000989023,55420,6,448.280778
1780969423.180609,0.000999156,68650,9,549.663916
1780969423.181585,0.001000135,67202,9,537.543432
1780969423.182622,0.001006362,56934,7,452.592606
1780969423.183580,0.000993633,62726,7,505.023485
1780969423.184581,0.000999212,65556,6,524.861591
1780969423.185601,0.001004100,65556,6,522.306543
1780969423.186620,0.001001853,57066,9,455.683618
1780969423.187582,0.000995178,64306,9,516.940688
1780969423.188590,0.001010211,62726,7,496.735830
1780969423.189594,0.000991852,33502,3,270.217734
1780969423.190669,0.000997279,64042,5,513.733870
1780969423.191672,0.001008898,87474,9,693.620168
1780969423.192696,0.000999621,64240,8,514.114850
1780969423.193724,0.000991918,67136,8,541.464113
1780969423.194640,0.001002513,62726,7,500.550118
1780969423.195589,0.001000844,23300,2,186.242811
1780969423.196601,0.001005583,53840,4,428.328641
1780969423.197598,0.001002591,97676,10,779.388604
1780969423.198606,0.000988430,67202,9,543.909027
1780969423.199601,0.001000595,59830,7,478.355379
1780969423.200578,0.000998598,62726,7,502.512523
1780969423.201614,0.001011568,65754,9,520.016450
1780969423.202617,0.000992156,58448,8,471.280726
1780969423.203646,0.001007112,64174,7,509.766540
1780969423.204578,0.000989208,64174,7,518.992972
1780969423.205610,0.001002653,61278,7,488.926877
1780969423.206599,0.000999888,64306,9,514.505625
1780969423.207581,0.000998176,64240,8,514.859103
1780969423.208602,0.001004960,67070,7,533.911797
1780969423.209595,0.001006309,53906,5,428.544314
1780969423.210624,0.000990160,71546,9,578.056072
1780969423.211730,0.001005934,64240,8,510.888388
1780969423.212692,0.000993312,65622,7,528.510679
1780969423.213731,0.001000991,52458,5,419.248525
1780969423.214594,0.001005179,0,0,0.000000
1780969423.215623,0.000992922,94582,7,762.049788
1780969423.216621,0.001014942,94780,10,747.077173
1780969423.217576,0.000984647,55486,7,450.809275
1780969423.218586,0.001002287,65688,8,524.304915
1780969423.219599,0.000998563,59962,9,480.386315
1780969423.220578,0.000999245,68782,11,550.671757
1780969423.221607,0.001012407,61344,8,484.737857
1780969423.222607,0.000993012,65688,8,529.202064
1780969423.223589,0.001009151,62660,6,496.734384
1780969423.224604,0.000992953,59896,8,482.568661
1780969423.225582,0.001000855,64306,9,514.008523
1780969423.226623,0.001000228,56934,7,455.368176
1780969423.227606,0.000998210,72928,8,584.470202
1780969423.228601,0.001003422,62660,6,499.570470
1780969423.229592,0.000996453,55420,6,444.938196
1780969423.230613,0.000993378,62858,9,506.216163
1780969423.231584,0.001003963,55486,7,442.135816
1780969423.232589,0.001007867,37912,4,300.928595
1780969423.233643,0.000998887,62594,5,501.309958
1780969423.234622,0.000990120,24748,2,199.959601
1780969423.235674,0.001007498,62594,5,497.025304
1780969423.236635,0.001002742,109128,8,870.636714
1780969423.237579,0.000988517,65820,10,532.676727
1780969423.238631,0.001001420,59830,7,477.961295
1780969423.239574,0.001005535,56868,6,452.439746
1780969423.240606,0.000993709,62990,11,507.110230
1780969423.241600,0.001013818,67268,10,530.809277
1780969423.242612,0.000985778,64240,8,521.334418
1780969423.243642,0.001014869,64240,8,506.390480
1780969423.244638,0.000986575,58580,10,475.017105
1780969423.245580,0.000999357,73192,12,585.912742
1780969423.246603,0.000999556,55486,7,444.085174
1780969423.247584,0.001004201,64174,7,511.244263
1780969423.248598,0.001001577,62792,8,501.545063
1780969423.249613,0.000998079,67268,10,539.179764
1780969423.250597,0.000996177,62726,7,503.733774
1780969423.251670,0.001004636,62660,6,498.966790
1780969423.252674,0.000999798,23300,2,186.437660
1780969423.253687,0.000999110,97478,7,780.518662
1780969423.254698,0.001004835,70098,9,558.085656
1780969423.255710,0.000992666,59896,8,482.708182
1780969423.256613,0.001003660,62726,7,499.978080
1780969423.257563,0.000997294,64174,7,514.785008
1780969423.258628,0.001011994,58382,7,461.520523
1780969423.259601,0.000992559,64306,9,518.304705
1780969423.260585,0.000998937,73060,10,585.101963
1780969423.261572,0.000994014,49760,8,400.477257
1780969423.262610,0.001001127,65886,11,526.494641
1780969423.263597,0.000999354,67202,9,537.963524
1780969423.264593,0.001014402,59830,7,471.844496
1780969423.265585,0.000991248,65622,7,529.611157
1780969423.266617,0.000993915,62660,6,504.348963
1780969423.267595,0.001008777,62726,7,497.441952
1780969423.268591,0.000999291,64174,7,513.756253
1780969423.269600,0.000993154,62726,7,505.267058
1780969423.270609,0.001007153,65556,6,520.723266
1780969423.271668,0.000996498,53972,6,433.293393
1780969423.272626,0.001008739,57000,8,452.049539
1780969423.273592,0.000995580,70164,10,563.804014
1780969423.274618,0.000995978,64240,8,515.995333
1780969423.275602,0.001000766,53906,5,430.917917
1780969423.276577,0.000994014,62726,7,504.829912
1780969423.277564,0.001000190,71612,10,572.787170
1780969423.278635,0.001005852,56934,7,452.822085
1780969423.279610,0.001005333,62660,6,498.620855
1780969423.280590,0.000998516,64108,6,513.626221
1780969423.281578,0.000990090,71612,10,578.630226
1780969423.282583,0.001002630,58382,7,465.830865
1780969423.283576,0.000997606,65622,7,526.235809
1780969423.284601,0.001007460,52788,10,419.176940
1780969423.285574,0.000992348,57000,8,459.516218
1780969423.286607,0.001000475,70098,9,560.517754
1780969423.287612,0.001012813,67202,9,530.814672
1780969423.288598,0.000990028,67400,12,544.631061
1780969423.289577,0.001009200,55618,9,440.887832
1780969423.290605,0.000990395,67136,8,542.296760
1780969423.291598,0.000998411,55420,6,444.065620
1780969423.292689,0.001010214,0,0,0.000000
1780969423.293602,0.001000001,0,0,0.000000
1780969423.294594,0.000989249,0,0,0.000000
1780969423.295600,0.001000791,29092,2,232.552051
1780969423.296575,0.001009344,0,0,0.000000
1780969423.297595,0.000989513,42190,3,341.097085
1780969423.298629,0.001003324,93134,7,742.603586
1780969423.299589,0.001010240,16060,2,127.177700
1780969423.300577,0.000988788,0,0,0.000000
1780969423.301583,0.001009069,0,0,0.000000
1780969423.302593,0.000988382,0,0,0.000000
1780969423.303612,0.000999974,0,0,0.000000
1780969423.304617,0.001002461,97478,7,777.909565
1780969423.305621,0.000997973,86026,9,689.605831
1780969423.306596,0.001003110,65754,9,524.401113
1780969423.307597,0.001011176,65622,7,519.173715
1780969423.308629,0.000989563,54236,10,438.464251
1780969423.309658,0.000996048,68782,11,552.439240
1780969423.310633,0.001009145,61278,7,485.781528
1780969423.311600,0.000993026,53972,6,434.808353
1780969423.312626,0.000997919,0,0,0.000000
1780969423.313642,0.001001316,0,0,0.000000
1780969423.314670,0.001003226,0,0,0.000000
1780969423.315650,0.001008619,0,0,0.000000
1780969423.316637,0.000992265,65490,5,528.004112
1780969423.317619,0.000994431,106298,9,855.146310
1780969423.318624,0.001012928,62792,8,495.924686
1780969423.319604,0.000991174,62792,8,506.809097
1780969423.320594,0.001005563,64240,8,511.076879
1780969423.321617,0.000993052,65622,7,528.649054
1780969423.322598,0.000998483,51010,5,408.699998
1780969423.323614,0.001012984,71678,11,566.074094
1780969423.324597,0.000985440,59896,8,486.247767
1780969423.325622,0.001013950,65688,8,518.274077
1780969423.326617,0.000988312,62726,7,507.742494
1780969423.327667,0.000998034,46798,7,375.121489
1780969423.328662,0.001012907,70164,10,554.159464
1780969423.329611,0.000995792,56934,7,457.396725
1780969423.330609,0.000998296,67070,7,537.475859
1780969423.331619,0.000996068,57000,8,457.800070
1780969423.332618,0.001000649,68716,10,549.371458
1780969423.333654,0.001009901,59830,7,473.947446
1780969423.334614,0.000993979,65622,7,528.156027
1780969423.335596,0.000992360,57000,8,459.510661
1780969423.336581,0.000999594,74574,11,596.834315
1780969423.337604,0.001008670,64240,8,509.502612
1780969423.338628,0.000996188,49562,5,398.013226
1780969423.339584,0.001003923,45152,4,359.804487
1780969423.340574,0.000991912,0,0,0.000000
1780969423.341578,0.001005512,0,0,0.000000
1780969423.342597,0.000994463,0,0,0.000000
1780969423.343582,0.001004177,0,0,0.000000
1780969423.344626,0.000999087,80036,6,640.873117
1780969423.345586,0.000996113,97610,9,783.927125
1780969423.346629,0.001007341,68716,10,545.721856
1780969423.347588,0.000996865,59830,7,480.145255
1780969423.348597,0.001008503,59764,6,474.080890
1780969423.349619,0.000988187,61212,6,495.549931
1780969423.350731,0.001004369,70098,9,558.344592
1780969423.351570,0.000995005,62792,8,504.857765
1780969423.352598,0.001006714,59764,6,474.923365
1780969423.353584,0.000996700,62660,6,502.939701
1780969423.354613,0.000997823,70230,11,563.065794
1780969423.355610,0.001006921,62792,8,498.883229
1780969423.356635,0.001006028,59830,7,475.772046
1780969423.357599,0.001000534,67004,6,535.745912
1780969423.358626,0.000986149,55552,8,450.658065
1780969423.359602,0.001010450,74508,10,589.899550
1780969423.360617,0.000997107,56934,7,456.793504
1780969423.361578,0.000991409,59830,7,482.787629
1780969423.362642,0.000999953,70296,12,562.394433
1780969423.363598,0.001000182,58448,8,467.498915
1780969423.364583,0.001000193,65556,6,524.346801
1780969423.365607,0.001000448,56934,7,455.268040
1780969423.366599,0.001001100,64438,11,514.937569
1780969423.367627,0.000999101,64240,8,514.382430
1780969423.368655,0.001003955,67202,9,535.498105
1780969423.369608,0.001007820,71744,12,569.498522
1780969423.370764,0.000996113,55552,8,446.150186
1780969423.371699,0.001001730,70098,9,559.815519
1780969423.372665,0.001002654,62726,7,500.479727
1780969423.373631,0.000998742,55764,10,446.673916
1780969423.374652,0.000991510,61476,10,496.019203
1780969423.375623,0.001006403,61278,7,487.105066
1780969423.376592,0.001001280,64240,8,513.263023
1780969423.377623,0.000989118,55552,8,449.305341
1780969423.378604,0.001011174,64306,9,508.763081
1780969423.379838,0.000990225,65688,8,530.691510
1780969423.380616,0.000999378,53972,6,432.044732
1780969423.381578,0.001007098,67004,6,532.254061
1780969423.382674,0.000992526,65556,6,528.397241
1780969423.383654,0.001002685,57000,8,454.778919
1780969423.384607,0.000999420,65622,7,525.280663
1780969423.385589,0.001000333,65622,7,524.801241
