# R_arrival samples from kprobe:tbf_enqueue
# interval_seconds=0.001000000
timestamp,interval_seconds,bytes,packets,r_arrival_mbit
# bpftrace: Attaching 2 probes...
1781141389.099192,0.000996788,0,0,0.000000
1781141389.099246,0.001000966,0,0,0.000000
1781141389.099273,0.001012873,0,0,0.000000
1781141389.099288,0.000985641,0,0,0.000000
1781141389.099302,0.001007128,0,0,0.000000
1781141389.099316,0.001000577,0,0,0.000000
1781141389.099329,0.000992688,0,0,0.000000
1781141389.099345,0.001000053,0,0,0.000000
1781141389.099361,0.000999485,0,0,0.000000
1781141389.099376,0.001009983,0,0,0.000000
1781141389.099389,0.001000015,0,0,0.000000
1781141389.099402,0.001004214,0,0,0.000000
1781141389.099416,0.000985655,0,0,0.000000
1781141389.099432,0.001001839,0,0,0.000000
1781141389.099446,0.001005390,0,0,0.000000
1781141389.099459,0.000993489,0,0,0.000000
1781141389.099473,0.001007224,0,0,0.000000
1781141389.099493,0.000992454,0,0,0.000000
1781141389.099510,0.001007122,0,0,0.000000
1781141389.099526,0.000992780,0,0,0.000000
1781141389.099540,0.001014872,0,0,0.000000
1781141389.099554,0.000985670,0,0,0.000000
1781141389.099567,0.001014258,0,0,0.000000
1781141389.099583,0.000985253,0,0,0.000000
1781141389.099600,0.001000869,0,0,0.000000
1781141389.099614,0.000998774,0,0,0.000000
1781141389.099627,0.001000524,0,0,0.000000
1781141389.099642,0.001011667,0,0,0.000000
1781141389.099655,0.000991336,0,0,0.000000
1781141389.099669,0.000999640,0,0,0.000000
1781141389.099686,0.000998139,0,0,0.000000
1781141389.099702,0.001008699,0,0,0.000000
1781141389.099715,0.001003958,0,0,0.000000
1781141389.099729,0.000997937,0,0,0.000000
1781141389.099742,0.000989104,0,0,0.000000
1781141389.099758,0.000999727,0,0,0.000000
1781141389.099774,0.001002282,0,0,0.000000
1781141389.099788,0.001009150,0,0,0.000000
1781141389.099802,0.000988659,0,0,0.000000
1781141389.099816,0.001003324,0,0,0.000000
1781141389.099832,0.001001808,0,0,0.000000
1781141389.099856,0.001002274,0,0,0.000000
1781141389.099871,0.000992873,0,0,0.000000
1781141389.099888,0.001016266,0,0,0.000000
1781141389.099904,0.000994003,0,0,0.000000
1781141389.099918,0.001001049,0,0,0.000000
1781141389.099931,0.000988143,0,0,0.000000
1781141389.099944,0.001019318,0,0,0.000000
1781141389.100812,0.000987391,0,0,0.000000
1781141389.101807,0.000999803,0,0,0.000000
1781141389.102825,0.001000566,0,0,0.000000
1781141389.103837,0.001005365,0,0,0.000000
1781141389.104831,0.000993843,0,0,0.000000
1781141389.105795,0.001008355,0,0,0.000000
1781141389.106842,0.000994003,0,0,0.000000
1781141389.107822,0.001007452,0,0,0.000000
1781141389.108803,0.000989988,0,0,0.000000
1781141389.109823,0.001010452,0,0,0.000000
1781141389.110949,0.000997651,0,0,0.000000
1781141389.111803,0.000991774,0,0,0.000000
1781141389.112803,0.001000270,0,0,0.000000
1781141389.113828,0.001001061,0,0,0.000000
1781141389.114820,0.001012490,0,0,0.000000
1781141389.115848,0.000992801,0,0,0.000000
1781141389.116806,0.000994429,0,0,0.000000
1781141389.117822,0.001000336,0,0,0.000000
1781141389.118840,0.001003925,110576,8,881.149488
1781141389.119820,0.000997624,127688,4,1023.936874
1781141389.120872,0.001008543,104062,19,825.444230
1781141389.121983,0.000991374,113538,9,916.207203
1781141389.122824,0.001011495,130914,9,1035.409962
1781141389.123957,0.000993091,93002,5,749.192169
1781141389.124948,0.000996987,124990,7,1002.941864
1781141389.125833,0.000996122,119198,7,957.296395
1781141389.126812,0.001001840,61014,3,487.215523
1781141389.127799,0.000998446,53774,3,430.861559
1781141389.128838,0.000999563,133612,6,1069.363312
1781141389.129848,0.001012076,124924,6,987.467344
1781141389.130827,0.000987682,124924,6,1011.856043
1781141389.131815,0.001012500,124924,6,987.053827
1781141389.132818,0.000995922,119132,6,956.958477
1781141389.133943,0.000994927,106034,5,852.597226
1781141389.134814,0.000996917,83064,8,666.567026
1781141389.135849,0.001010856,93068,6,736.548035
1781141389.136959,0.001004627,126504,8,1007.370895
1781141389.137905,0.000983720,107614,7,875.159598
1781141389.138874,0.001004491,124924,6,994.923797
1781141389.139884,0.000999767,113274,5,906.403192
1781141389.140887,0.001009616,126372,6,1001.347047
1781141389.141797,0.000991553,130716,6,1054.636515
1781141389.143053,0.001001547,123476,6,986.282221
1781141389.143889,0.001002270,107614,7,858.962156
1781141389.144796,0.000992553,109128,8,879.574189
1781141389.145843,0.001001014,117750,7,941.045780
1781141389.146869,0.000998029,113406,7,909.039717
1781141389.147820,0.000999263,119132,6,953.758920
1781141389.148867,0.001007663,136574,7,1084.283138
1781141389.149842,0.001002741,122094,7,974.082041
1781141389.150848,0.000989798,122028,6,986.286091
1781141389.151932,0.001002420,107482,5,857.780172
1781141389.152871,0.000997799,130716,6,1048.034724
1781141389.153862,0.001013998,114722,5,905.106322
1781141389.154836,0.000986593,106232,8,861.404855
1781141389.155836,0.001005594,83064,8,660.815399
1781141389.156828,0.000999248,126504,8,1012.793621
1781141389.157865,0.000996990,125056,8,1003.468440
1781141389.158958,0.000997186,106034,5,850.665773
1781141389.159837,0.001009062,124924,6,990.416843
1781141389.160806,0.000991855,114722,5,925.312672
1781141389.161824,0.001012565,124924,6,986.990465
1781141389.162834,0.000992318,122028,6,983.781409
1781141389.163809,0.001003165,122028,6,973.143999
1781141389.164802,0.001001493,146710,7,1171.930308
1781141389.165906,0.000990314,103336,8,834.773617
1781141389.166935,0.001008102,93134,7,739.083942
1781141389.167944,0.001000606,132296,8,1057.727017
1781141389.168800,0.000991651,123542,7,996.657090
1781141389.169826,0.001010289,111892,6,886.019743
1781141389.170890,0.000993610,122028,6,982.502189
1781141389.171927,0.000995638,97280,4,781.649555
1781141389.172822,0.001003328,114788,6,915.258021
1781141389.173802,0.001006110,127820,6,1016.350101
1781141389.174972,0.000999762,123476,6,988.043154
1781141389.175890,0.001000922,110378,5,882.210602
1781141389.176893,0.000991331,116170,5,937.487075
1781141389.177871,0.001004703,130716,6,1040.832963
1781141389.178879,0.000998740,95832,4,767.623205
1781141389.179818,0.000995578,102020,10,819.785090
1781141389.180808,0.001011650,106166,7,839.547274
1781141389.181801,0.000995892,110510,7,887.726782
1781141389.182891,0.000993663,62528,4,503.414135
1781141389.183812,0.000998410,117750,7,943.500165
1781141389.184797,0.000999736,119132,6,953.307673
1781141389.185807,0.001004810,101690,5,809.625700
1781141389.186844,0.000995351,140918,7,1132.609502
1781141389.187858,0.001013453,110378,5,871.302369
1781141389.188827,0.000993911,97524,6,784.971693
1781141389.190058,0.000993564,129202,5,1040.311444
1781141389.191061,0.000999975,98794,5,790.371759
1781141389.191854,0.001009037,148158,7,1174.648700
1781141389.192881,0.000990468,101690,5,821.349100
1781141389.194008,0.000999643,96030,7,768.514360
1781141389.195052,0.001013306,111958,7,883.902789
1781141389.196005,0.000996895,125056,8,1003.564066
1781141389.196975,0.000996516,106100,6,851.767558
1781141389.197820,0.001003645,124990,7,996.288528
1781141389.198854,0.000990558,124990,7,1009.451239
1781141389.199814,0.001007960,124924,6,991.499663
1781141389.200812,0.000999636,120514,5,964.463065
1781141389.201842,0.000992621,120580,6,971.810993
1781141389.202878,0.001007913,122028,6,968.559786
1781141389.203852,0.000994357,127820,6,1028.363053
1781141389.204809,0.001010424,119132,6,943.223835
1781141389.205854,0.000990169,101690,5,821.597121
1781141389.206862,0.001007593,133612,6,1060.841034
1781141389.207837,0.000988819,119120,6,963.735527
1781141389.208913,0.001013857,75956,10,599.342905
1781141389.209852,0.001000657,122160,8,976.638349
1781141389.210930,0.000995477,123762,9,994.594551
1781141389.211845,0.000996130,111958,7,899.143686
1781141389.212868,0.000994184,130848,8,1052.907711
1781141389.213936,0.000999462,122094,7,977.277775
1781141389.215107,0.001009385,126438,7,1002.099298
1781141389.216051,0.000998013,103138,5,826.746746
1781141389.216878,0.000992609,124924,6,1006.833506
1781141389.217904,0.001006916,124924,6,992.527679
1781141389.218907,0.000992743,121962,5,982.828386
1781141389.220028,0.000999967,120514,5,964.143817
1781141389.220888,0.000999698,132164,6,1057.631405
1781141389.221982,0.001007423,74310,7,590.099690
1781141389.223301,0.001001928,112024,8,894.467467
1781141389.224025,0.000990762,120898,9,976.202156
1781141389.224833,0.001010681,113406,7,897.660093
1781141389.226203,0.000990942,127886,7,1032.439840
1781141389.227162,0.000999704,127886,7,1023.390924
1781141389.228234,0.000999043,122028,6,977.159141
1781141389.229142,0.000999904,110378,5,883.108778
1781141389.229847,0.001009943,123476,6,978.082922
1781141389.230838,0.001000084,127820,6,1022.474112
1781141389.231832,0.000993485,94450,5,760.555016
1781141389.232800,0.000996518,124924,6,1002.884042
1781141389.233824,0.001000576,124858,5,998.288986
1781141389.235589,0.001000005,119066,5,952.523237
1781141389.235860,0.001002508,87474,9,698.041312
1781141389.236811,0.001003263,101756,6,811.400400
1781141389.238691,0.000993994,110664,8,890.661312
1781141389.238930,0.001010359,106100,6,840.097431
1781141389.239835,0.001001541,120580,6,963.155777
1781141389.240837,0.000989663,106100,6,857.665690
1781141389.241873,0.001012548,114722,5,906.402462
1781141389.242911,0.000989186,126372,6,1022.028213
1781141389.244045,0.000996567,120580,6,967.963017
1781141389.244978,0.001010786,104586,5,827.759783
1781141389.246655,0.000988833,126372,6,1022.393063
1781141389.247023,0.001009101,126372,6,1001.858090
1781141389.247823,0.000998064,83064,8,665.800991
1781141389.248791,0.000992834,111958,7,902.128654
1781141389.250026,0.001000318,123608,8,988.549641
1781141389.250834,0.001007217,130848,8,1039.283491
1781141389.251832,0.001002569,103204,6,823.516386
1781141389.252817,0.000990279,126504,8,1021.966537
1781141389.253835,0.001001103,123476,6,986.719648
1781141389.255794,0.001008710,126372,6,1002.246434
1781141389.256147,0.000995556,127974,7,1028.362041
1781141389.257336,0.000994452,100242,5,806.409962
1781141389.258182,0.001008233,225166,6,1786.618768
1781141389.259485,0.001000907,350090,6,2798.182049
1781141389.259980,0.000991403,124924,6,1008.058277
1781141389.260890,0.001012318,91884,10,726.127561
1781141389.261920,0.000995596,111958,7,899.625953
1781141389.262885,0.000990894,110510,7,892.204413
1781141389.263813,0.001001400,124990,7,998.522069
1781141389.264952,0.000999068,123542,7,989.257988
1781141389.265905,0.001000023,126438,7,1011.480736
1781141389.266834,0.001000037,124924,6,999.355024
1781141389.267819,0.001002729,104586,5,834.410893
1781141389.268849,0.000999372,132164,6,1057.976409
1781141389.269978,0.001008530,97412,6,772.704828
1781141389.271397,0.000998141,120778,9,968.023556
1781141389.271829,0.000992422,122226,9,985.274409
1781141389.273206,0.001008850,116368,8,922.777420
1781141389.273793,0.000994441,116456,8,936.855982
1781141389.274811,0.000995492,123542,7,992.811595
1781141389.275807,0.001013217,129400,8,1021.696241
1781141389.276815,0.000987549,126504,8,1024.791681
1781141389.277873,0.001006909,104718,7,831.995741
1781141389.278840,0.001000094,129268,6,1034.046800
1781141389.279875,0.001005030,123476,6,982.864193
1781141389.280899,0.000994359,101690,5,818.135100
1781141389.281808,0.001000648,98794,5,789.840184
1781141389.282845,0.000992073,124858,5,1006.845262
1781141389.283822,0.000999714,98662,3,789.521803
1781141389.286501,0.000999931,123410,5,987.348127
1781141389.286555,0.001000524,124792,4,997.813146
1781141389.286841,0.001012727,90040,4,711.267696
1781141389.287817,0.000987277,119000,4,964.268387
1781141389.288805,0.001000381,99256,12,793.745583
1781141389.289852,0.001002448,71282,5,568.863422
1781141389.290968,0.001009098,110510,7,876.109159
1781141389.292116,0.000987964,126706,9,1025.996899
1781141389.293022,0.001000841,46468,2,371.431626
1781141389.293980,0.001011072,148158,7,1172.284466
1781141389.294846,0.000993009,101690,5,819.247358
1781141389.296136,0.001002499,124924,6,996.900745
1781141389.296813,0.001005397,124924,6,994.027235
1781141389.298053,0.000996993,124924,6,1002.406236
1781141389.300514,0.001006703,108930,5,865.637631
1781141389.302400,0.000998449,126372,6,1012.546460
1781141389.302439,0.000985747,132164,6,1072.599764
1781141389.302466,0.001001441,119132,6,951.684622
1781141389.303037,0.000998584,104586,5,837.874430
1781141389.304319,0.001008545,127820,6,1013.896256
1781141389.305458,0.000997882,120580,6,966.687444
1781141389.308575,0.001000929,123654,7,988.313856
1781141389.309542,0.000997948,97280,4,779.840232
1781141389.310394,0.001000288,126438,7,1011.212771
1781141389.310513,0.000996202,121962,5,979.415821
1781141389.311350,0.001010092,126372,6,1000.875168
1781141389.311487,0.000988467,91554,5,740.977696
1781141389.312002,0.001007643,126372,6,1003.307719
1781141389.312907,0.001005185,124924,6,994.236882
1781141389.314077,0.000987095,124858,5,1011.922865
1781141389.319628,0.001004926,122028,6,971.438693
1781141389.319966,0.000994755,72928,8,586.500194
1781141389.320065,0.001000821,117816,8,941.754819
1781141389.320141,0.000999050,119264,8,955.019268
1781141389.320218,0.000999801,127952,8,1023.819740
1781141389.320306,0.001010332,107548,6,851.585419
1781141389.321155,0.000989611,125086,7,1011.193287
1781141389.324038,0.001008352,124924,6,991.114214
1781141389.324190,0.000991389,124924,6,1008.072512
1781141389.324270,0.001000317,87144,4,696.931073
1781141389.324988,0.001010770,149606,7,1184.095294
1781141389.325928,0.000994690,123476,6,993.081261
1781141389.327192,0.000994390,106034,5,853.057653
1781141389.328492,0.001005954,127820,6,1016.507713
1781141389.328947,0.000994597,117684,6,946.586406
1781141389.329911,0.001010901,127820,6,1011.533276
1781141389.331025,0.000989583,97346,5,786.965823
1781141389.331812,0.001008756,124924,6,990.717280
1781141389.332805,0.000995160,117618,5,945.520318
1781141389.333820,0.000998610,124924,6,1000.783088
1781141389.334913,0.000996713,123476,6,991.065633
1781141389.335818,0.000999368,100242,5,802.443144
1781141389.336818,0.001006584,122230,7,971.444013
1781141389.337821,0.000993888,124924,6,1005.537847
1781141389.338842,0.001007434,127754,5,1014.490279
1781141389.339830,0.001006024,122028,6,970.378440
1781141389.340822,0.000987501,97280,4,788.090341
1781141389.341891,0.001006989,120580,6,957.944923
1781141389.342836,0.000992280,129268,6,1042.189705
1781141389.343834,0.001008597,91554,5,726.188954
1781141389.344831,0.000991758,123476,6,996.017174
1781141389.345850,0.001010124,126372,6,1000.843461
1781141389.346922,0.000992073,124924,6,1007.377481
1781141389.348029,0.000997788,97346,5,780.494454
1781141389.349119,0.001004187,120448,4,959.566296
1781141389.349833,0.001006025,129334,7,1028.475436
1781141389.350847,0.000989115,124858,5,1009.856286
1781141389.352381,0.001012673,120668,6,953.263294
1781141389.353291,0.000995127,122028,6,981.004435
1781141389.355599,0.000992234,97280,4,784.331115
1781141389.355839,0.001008499,126306,5,1001.932575
1781141389.357455,0.000996424,127820,6,1026.229798
1781141389.357581,0.001005229,120514,5,959.096882
1781141389.358512,0.000989664,97346,5,786.901413
1781141389.359189,0.001000189,121896,4,974.983728
1781141389.359828,0.001007466,120580,6,957.491369
1781141389.361048,0.000994972,127820,6,1027.727413
1781141389.361867,0.001008797,122028,6,967.711046
1781141389.362948,0.000994412,97346,5,783.144210
1781141389.363858,0.001007766,127820,6,1014.679995
1781141389.364831,0.000986735,122028,6,989.347697
1781141389.365854,0.001004779,127754,5,1017.170940
1781141389.367362,0.001005796,94450,5,751.245779
1781141389.368090,0.000989822,90658,5,732.721641
1781141389.369055,0.001000058,100374,7,802.945429
1781141389.370038,0.001000222,119198,7,953.372351
1781141389.370990,0.001000064,119264,8,954.050941
1781141389.371924,0.000999076,114854,7,919.681786
1781141389.372927,0.001015246,126372,6,995.794123
1781141389.374127,0.000993273,120580,6,971.173081
1781141389.376344,0.000999414,126504,8,1012.625398
1781141389.376497,0.000992937,126438,7,1018.699072
1781141389.377011,0.001002896,108996,6,869.450073
1781141389.377938,0.001000635,122028,6,975.604491
1781141389.379019,0.000995518,127820,6,1027.163748
1781141389.379921,0.001010625,130716,6,1034.733952
1781141389.380892,0.000996150,94450,5,758.520303
1781141389.382527,0.000996005,124924,6,1003.400585
1781141389.382866,0.001011024,124924,6,988.494833
1781141389.383889,0.000986561,114722,5,930.278006
1781141389.384862,0.001007672,132164,6,1049.262061
1781141389.385857,0.000993234,122028,6,982.874126
1781141389.386959,0.001002282,95898,5,765.437272
1781141389.387858,0.001008604,124924,6,990.866584
1781141389.388853,0.000988669,127820,6,1034.279420
1781141389.389919,0.001010676,94384,4,747.096003
1781141389.391196,0.000991013,124924,6,1008.454985
1781141389.391967,0.000997378,124792,4,1000.960518
1781141389.392965,0.001003727,123410,5,983.614070
1781141389.396080,0.000999363,119132,6,953.663484
1781141389.396227,0.001009527,122028,6,967.011284
1781141389.396316,0.000987145,103072,4,835.313961
1781141389.396956,0.001000099,127820,6,1022.458777
1781141389.397966,0.001009708,120514,5,954.842390
1781141389.399249,0.001002816,123476,6,985.034144
1781141389.399992,0.000991639,97346,5,785.334179
1781141389.401306,0.001007361,120514,5,957.067030
1781141389.401952,0.000988878,129268,6,1045.775111
1781141389.403546,0.001008306,120514,5,956.170052
1781141389.403953,0.000991359,98794,5,797.240959
1781141389.404992,0.001000081,119066,5,952.450851
1781141389.408029,0.001010173,133546,5,1057.608944
1781141389.408190,0.000993746,119066,5,958.522600
1781141389.408295,0.001006001,121962,5,969.875775
1781141389.409124,0.000993543,98794,5,795.488469
1781141389.410173,0.000999806,124858,5,999.057817
1781141389.412034,0.001005919,121962,5,969.954837
1781141389.412230,0.000990986,117684,6,950.035621
1781141389.413074,0.001000040,100242,5,801.903924
1781141389.414103,0.001007683,129268,6,1026.259250
1781141389.418087,0.000991985,120514,5,971.901793
1781141389.418419,0.001000277,123982,7,991.581332
1781141389.418519,0.001011193,124924,6,988.329626
1781141389.419167,0.000996134,94384,4,758.002437
1781141389.419267,0.000992621,129334,7,1042.363601
1781141389.420133,0.001000638,114722,5,917.190832
1781141389.421139,0.001010032,130716,6,1035.341455
1781141389.422058,0.000990337,122028,6,985.749295
1781141389.423094,0.000998916,95898,5,768.016530
1781141389.424144,0.000999868,126372,6,1011.109466
1781141389.425193,0.001010621,123476,6,977.426750
1781141389.426405,0.000996216,127754,5,1025.914059
1781141389.427202,0.001005631,95898,5,762.888177
1781141389.428247,0.000992950,124858,5,1005.955990
1781141389.428997,0.000997998,117618,5,942.831549
1781141389.429849,0.001007826,130716,6,1037.607682
1781141389.430895,0.000989035,116236,6,940.197263
1781141389.432233,0.001014740,126372,6,996.290675
1781141389.433092,0.000994225,100242,5,806.594081
1781141389.433990,0.001004204,123476,6,983.672640
1781141389.435123,0.001000418,127754,5,1021.604969
1781141389.435943,0.000997834,94450,5,757.240182
1781141389.436941,0.001000588,123410,5,986.699821
1781141389.437928,0.001001275,126372,6,1009.688647
1781141389.439489,0.000996278,116170,5,932.832001
1781141389.439973,0.000993093,126372,6,1018.007377
1781141389.441244,0.001000041,97346,5,778.736072
1781141389.442130,0.000997298,123476,6,990.484289
1781141389.443109,0.001011837,132252,6,1045.638774
1781141389.443909,0.000993442,123410,5,993.797323
1781141389.444932,0.000994477,119066,5,957.818029
1781141389.445926,0.001009711,98794,5,782.750708
1781141389.446998,0.000994273,123410,5,992.966720
1781141389.447864,0.000999773,117684,6,941.685763
1781141389.448850,0.001009475,126372,6,1001.486912
1781141389.449903,0.000994906,97346,5,782.755356
1781141389.450986,0.000992129,123476,6,995.644720
1781141389.451919,0.001002803,132164,6,1054.356638
1781141389.452918,0.000997080,122028,6,979.082922
1781141389.453998,0.001003615,94450,5,752.878345
1781141389.455021,0.001003793,123410,5,983.549397
1781141389.455887,0.000992295,119132,6,960.456316
1781141389.457039,0.001017476,127754,5,1004.477747
1781141389.458218,0.000989683,120580,6,974.695938
1781141389.459132,0.000992983,98794,5,795.937091
1781141389.460087,0.001013477,129430,7,1021.670941
1781141389.460817,0.000997802,120514,5,966.235786
1781141389.462140,0.000994304,97346,5,783.229274
1781141389.462827,0.000999167,107812,10,863.215058
1781141389.463889,0.000997680,110510,7,886.135835
1781141389.464843,0.001000409,125056,8,1000.038984
1781141389.465872,0.001000813,106166,7,848.638057
1781141389.466927,0.000997146,125056,8,1003.311451
1781141389.467797,0.000999267,125056,8,1001.181866
1781141389.468827,0.000999946,124990,7,999.973999
1781141389.469819,0.001006750,124924,6,992.691333
1781141389.470836,0.000997302,103138,5,827.336153
1781141389.471796,0.000996393,136508,6,1096.017335
1781141389.472805,0.001011900,120580,6,953.295780
1781141389.473821,0.000998275,129268,6,1035.930981
1781141389.474850,0.000990216,98794,5,798.161209
1781141389.475824,0.001006114,124924,6,993.318849
1781141389.476801,0.000995940,127820,6,1026.728518
1781141389.477819,0.000996913,123410,5,990.337171
1781141389.478855,0.001010158,97346,5,770.936824
1781141389.479818,0.000990045,117618,5,950.405285
1781141389.480820,0.001012472,132164,6,1044.287644
1781141389.481830,0.000995687,120514,5,968.288227
1781141389.483123,0.000991859,94450,5,761.801829
1781141389.483926,0.001000357,124924,6,999.035344
1781141389.484875,0.000999974,127820,6,1022.586587
1781141389.485897,0.001008766,127688,4,1012.627309
1781141389.486846,0.000991440,91488,4,738.223191
1781141389.487827,0.001000209,124924,6,999.183171
1781141389.488850,0.001012772,124924,6,986.788734
1781141389.489820,0.000986270,117618,5,954.043011
1781141389.490867,0.001014270,132164,6,1042.436432
1781141389.491892,0.000987031,119066,5,965.043651
1781141389.492953,0.001005918,94450,5,751.154667
1781141389.493994,0.000994976,126372,6,1016.080790
1781141389.494870,0.001002162,123476,6,985.676966
1781141389.495829,0.001008760,124924,6,990.713351
1781141389.496811,0.000997363,98794,5,792.441669
1781141389.497822,0.000990329,120448,4,972.993823
1781141389.498832,0.001009370,122028,6,967.161695
1781141389.499806,0.000990729,129202,5,1043.288326
1781141389.500930,0.001009730,94450,5,748.318858
1781141389.501939,0.000995746,123476,6,992.028087
1781141389.502940,0.000996298,124858,5,1002.575535
1781141389.503849,0.001003994,124924,6,995.416307
1781141389.504818,0.000999899,124924,6,999.492949
1781141389.505817,0.001001712,97346,5,777.437028
1781141389.507058,0.001004739,124924,6,994.678220
1781141389.507884,0.000986904,117618,5,953.430121
1781141389.508864,0.000999799,132164,6,1057.524562
1781141389.509881,0.001008613,123410,5,978.849172
1781141389.510830,0.000992530,93002,5,749.615629
1781141389.511991,0.001000671,126372,6,1010.298090
1781141389.512901,0.000999347,122028,6,976.861891
1781141389.513909,0.001008615,97346,5,772.116219
1781141389.514958,0.000990856,124924,6,1008.614773
1781141389.515979,0.001002021,120514,5,962.167460
1781141389.517055,0.001004060,119132,6,949.202239
1781141389.517895,0.001005343,129268,6,1028.647934
1781141389.519015,0.000988254,100242,5,811.467497
1781141389.519960,0.001002838,120514,5,961.383593
1781141389.520828,0.001007069,123476,6,980.874200
1781141389.521833,0.000992273,127754,5,1029.990738
1781141389.522855,0.001006168,123476,6,981.752550
1781141389.523839,0.000991568,97346,5,785.390412
1781141389.524826,0.001012273,124924,6,987.275172
1781141389.525805,0.000988396,124858,5,1010.590897
1781141389.526833,0.001001506,121962,5,974.228811
1781141389.528079,0.000997828,120580,6,966.739759
1781141389.528899,0.001002207,95898,5,765.494554
1781141389.529860,0.000997839,98794,5,792.063650
1781141389.530869,0.001000677,126372,6,1010.292032
1781141389.531921,0.001012789,124924,6,986.772171
1781141389.532815,0.000988419,97346,5,787.892584
1781141389.533826,0.000998504,124858,5,1000.360539
1781141389.534841,0.001000295,120514,5,963.827671
1781141389.535831,0.001000172,120580,6,964.474110
1781141389.536829,0.001011827,132164,6,1044.953337
1781141389.537822,0.000987499,91554,5,741.704042
1781141389.538858,0.001012299,123476,6,975.806555
1781141389.540018,0.000988639,132164,6,1069.462160
1781141389.541078,0.001007163,119066,5,945.753567
1781141389.542506,0.000992158,97280,4,784.391196
1781141389.543167,0.001000063,124924,6,999.329042
1781141389.543964,0.001007712,120448,4,956.209711
1781141389.544933,0.000992582,123476,6,995.190322
1781141389.546024,0.001001547,123476,6,986.282221
1781141389.546988,0.001004695,97346,5,775.128770
1781141389.547910,0.001006113,123410,5,981.281427
1781141389.549538,0.000991834,130716,6,1054.337722
1781141389.550465,0.001006501,119132,6,946.900202
1781141389.550984,0.000999943,124924,6,999.448969
1781141389.551969,0.000991890,98794,5,796.814163
1781141389.552959,0.000997931,120514,5,966.110883
1781141389.553951,0.001006551,126372,6,1004.396200
1781141389.555048,0.001005252,126306,5,1005.168853
1781141389.556423,0.000994937,117684,6,946.262929
1781141389.557969,0.000992516,101690,5,819.654293
1781141389.558230,0.001009413,121896,4,966.074342
1781141389.560051,0.000995922,123476,6,991.852776
1781141389.560262,0.001003610,124924,6,995.797172
1781141389.560943,0.000993493,98794,5,795.528504
1781141389.562184,0.001011275,121962,5,964.817681
1781141389.563125,0.000987617,122028,6,988.464152
1781141389.564076,0.000999265,122028,6,976.942052
1781141389.569188,0.001007228,126372,6,1003.721104
1781141389.569421,0.001005937,103138,5,820.234269
1781141389.569521,0.000986617,119066,5,965.448599
1781141389.575439,0.001002052,124924,6,997.345447
1781141389.576150,0.001003765,123476,6,984.102853
1781141389.576267,0.000994784,98794,5,794.496092
1781141389.576348,0.001003084,123344,4,983.718213
1781141389.576427,0.001006028,116236,6,924.316222
1781141389.576476,0.001001486,130716,6,1044.176354
1781141389.576555,0.000994076,95898,5,771.755882
1781141389.578408,0.000994324,123476,6,993.446804
1781141389.578447,0.001012338,124858,5,986.690216
1781141389.578481,0.000990248,123476,6,997.535971
1781141389.578500,0.001006366,126372,6,1004.580838
1781141389.579149,0.000998744,97346,5,779.747363
1781141389.579930,0.000994191,123410,5,993.048619
1781141389.580878,0.000997743,120580,6,966.822118
1781141389.581807,0.001000072,129268,6,1034.069547
1781141389.582879,0.001003194,91554,5,730.100060
1781141389.584245,0.000997027,124924,6,1002.372052
1781141389.584893,0.001007303,124924,6,992.146355
1781141389.585880,0.000995975,126372,6,1015.061623
1781141389.586905,0.001003777,123476,6,984.091088
1781141389.587883,0.001003052,97346,5,776.398432
1781141389.588905,0.001001311,121962,5,974.418537
1781141389.589868,0.000988572,122028,6,987.509256
1781141389.591016,0.001012498,122028,6,964.173756
1781141389.591890,0.000993774,97346,5,783.646986
1781141389.592847,0.001004143,124924,6,995.268602
1781141389.593844,0.000989958,132098,5,1067.503874
1781141389.594852,0.000999671,119000,4,952.313311
1781141389.595848,0.001012462,123476,6,975.649456
1781141389.596815,0.000991149,98728,4,796.877160
1781141389.598048,0.000998623,124924,6,1000.770060
1781141389.599053,0.001010738,121896,4,964.807893
1781141389.599942,0.000987120,88922,9,720.658076
1781141389.601508,0.001012154,106166,7,839.129223
1781141389.601936,0.000987779,124990,7,1012.291211
1781141389.602979,0.001000659,124924,6,998.733834
1781141389.604004,0.000998599,124924,6,1000.794113
1781141389.604956,0.000999964,122028,6,976.259145
1781141389.606109,0.001000819,111892,6,894.403484
1781141389.607114,0.001010239,130716,6,1035.129311
1781141389.608320,0.000993761,126372,6,1017.323079
1781141389.608932,0.000996910,100242,5,804.421663
1781141389.610040,0.000999653,126372,6,1011.326930
1781141389.610906,0.001000127,120580,6,964.517506
1781141389.612256,0.000999562,124924,6,999.829926
1781141389.613036,0.001008577,124924,6,990.893110
1781141389.614013,0.000994494,124858,5,1004.394194
1781141389.615057,0.000997840,98794,5,792.062856
1781141389.616064,0.000998899,119066,5,953.577889
1781141389.617056,0.001007161,130716,6,1038.292785
1781141389.619148,0.000992344,120514,5,971.550188
1781141389.619322,0.001009741,100242,5,794.199701
1781141389.619904,0.000992086,119066,5,960.126441
1781141389.620873,0.001007067,130716,6,1038.389700
1781141389.622224,0.000992379,117618,5,948.170004
1781141389.622925,0.001003719,124858,5,995.162989
1781141389.623892,0.000995710,98794,5,793.757218
1781141389.625657,0.000999123,117618,5,941.769932
1781141389.626038,0.001009976,132164,6,1046.868440
1781141389.626902,0.001002907,121962,5,972.867873
1781141389.628057,0.000995149,91554,5,736.002347
1781141389.628896,0.000992922,124924,6,1006.516121
1781141389.630013,0.001008843,126372,6,1002.114303
1781141389.631231,0.000992832,126372,6,1018.274995
1781141389.633080,0.000997994,95832,4,768.197003
1781141389.633268,0.001013047,124858,5,985.999662
1781141389.633941,0.000992268,121962,5,983.298867
1781141389.636689,0.001004696,119132,6,948.601368
1781141389.637040,0.000995094,133612,6,1074.165858
1781141389.637196,0.000999832,119066,5,952.688052
1781141389.637901,0.000996489,94384,4,757.732398
1781141389.639003,0.000998312,127754,5,1023.760107
1781141389.639927,0.001004659,122028,6,971.696864
1781141389.643047,0.000995711,98794,5,793.756421
1781141389.643248,0.001000079,124858,5,998.785096
1781141389.643313,0.001004508,124924,6,994.906959
1781141389.643910,0.001004404,116104,4,924.759360
1781141389.644888,0.000995051,133612,6,1074.212277
1781141389.645910,0.001001384,117618,5,939.643533
1781141389.647264,0.000995197,95898,5,770.886568
1781141389.648299,0.001009922,130716,6,1035.454223
1781141389.648860,0.000988926,120514,5,974.908133
1781141389.649923,0.001011164,124924,6,988.357972
1781141389.650872,0.000989438,97346,5,787.081151
1781141389.651877,0.001009965,124924,6,989.531320
1781141389.652879,0.000991012,124858,5,1007.923214
1781141389.654108,0.001002166,120514,5,962.028247
1781141389.655076,0.001006126,97346,5,774.026315
1781141389.655978,0.000998225,124858,5,1000.640136
1781141389.658968,0.000996736,120514,5,967.269167
1781141389.659101,0.000996852,132164,6,1060.650929
1781141389.659247,0.000999918,91488,4,731.964021
1781141389.660066,0.001001150,124858,5,997.716626
1781141389.660831,0.001004340,123410,5,983.013720
1781141389.661838,0.001003221,124924,6,996.183294
1781141389.663056,0.000989762,122028,6,986.321964
1781141389.664007,0.001000764,124924,6,998.629047
1781141389.664802,0.000999896,94450,5,755.678591
1781141389.665845,0.001012871,123476,6,975.255487
1781141389.666863,0.000986570,129268,6,1048.221616
1781141389.667896,0.001007911,120580,6,957.068630
1781141389.668818,0.001001357,98794,5,789.280946
1781141389.669816,0.000990890,124924,6,1008.580165
1781141389.670945,0.001002311,124792,4,996.034165
1781141389.671837,0.001007330,123410,5,980.095897
1781141389.672849,0.000991910,120580,6,972.507586
1781141389.673849,0.001011164,94450,5,747.257616
1781141389.674822,0.000992651,127820,6,1030.130429
1781141389.675866,0.000995013,122028,6,981.116830
1781141389.676799,0.000999990,126372,6,1010.986110
1781141389.677803,0.001006602,97346,5,773.660295
1781141389.678824,0.000994601,124858,5,1004.286141
1781141389.679991,0.001000285,123410,5,986.998705
1781141389.680810,0.001001175,126372,6,1009.789497
1781141389.682134,0.000997361,92936,4,745.455256
1781141389.682924,0.001007021,122028,6,969.417718
1781141389.683879,0.000992361,123476,6,995.411952
1781141389.685282,0.001000173,127820,6,1022.383128
1781141389.685878,0.001004080,123476,6,983.794120
1781141389.687179,0.001004314,97346,5,775.422826
1781141389.688150,0.000994382,124858,5,1004.507322
1781141389.689320,0.001003775,92936,4,740.691888
1781141389.689983,0.001006537,155332,6,1234.585514
1781141389.691042,0.001000814,122310,7,977.684165
1781141389.691955,0.000985769,97346,5,790.010641
1781141389.692967,0.001002105,120580,6,962.613698
1781141389.694030,0.001001544,127820,6,1020.983601
1781141389.694951,0.001009266,122028,6,967.261356
1781141389.696039,0.000987007,98794,5,800.756226
1781141389.696855,0.001002126,124924,6,997.271800
1781141389.697907,0.001008861,123410,5,978.608550
1781141389.698920,0.001000873,122028,6,975.372500
1781141389.699899,0.000999442,123476,6,988.359505
1781141389.700809,0.000998803,100242,5,802.897068
1781141389.701814,0.000996503,119066,5,955.870680
1781141389.703051,0.000993532,127820,6,1029.216975
1781141389.703927,0.000999883,122028,6,976.338232
1781141389.706466,0.001003095,98794,5,787.913408
1781141389.706511,0.001002370,124924,6,997.029041
1781141389.706815,0.000996496,116170,5,932.627928
1781141389.707837,0.000999326,129268,6,1034.841483
1781141389.708840,0.000999376,99012,6,792.590577
1781141389.710575,0.001005715,119066,5,947.115236
1781141389.710997,0.000997410,132164,6,1060.057549
1781141389.711845,0.001007229,117618,5,934.190735
1781141389.712836,0.000989445,129268,6,1045.175831
1781141389.713854,0.000999630,94450,5,755.879675
1781141389.714854,0.001005690,124924,6,993.737633
1781141389.715813,0.000994928,124858,5,1003.956065
1781141389.716808,0.001002470,121962,5,973.291969
1781141389.717829,0.001015763,122028,6,961.074581
1781141389.718830,0.000989657,122028,6,986.426610
1781141389.719836,0.000991495,97346,5,785.448237
1781141389.720962,0.001006706,124924,6,992.734721
1781141389.721826,0.001004456,129268,6,1029.556297
1781141389.723305,0.001000753,94450,5,755.031461
1781141389.723858,0.000988513,124858,5,1010.471284
1781141389.724823,0.001011859,121962,5,964.260831
1781141389.725826,0.000993218,119132,6,959.563761
1781141389.726840,0.001000629,130650,5,1044.542982
1781141389.727807,0.001004433,119132,6,948.849749
1781141389.728844,0.000989498,98794,5,798.740371
1781141389.729812,0.001006582,127820,6,1015.873520
1781141389.730831,0.000993264,122028,6,982.844440
1781141389.731818,0.001000269,124924,6,999.123236
1781141389.732814,0.001008285,97280,4,771.845262
1781141389.733843,0.001002357,124924,6,997.041972
1781141389.734845,0.000990588,119066,5,961.578376
1781141389.735827,0.001003296,123476,6,984.562881
1781141389.736855,0.001007238,97346,5,773.171783
1781141389.737839,0.000992120,127820,6,1030.681772
1781141389.738848,0.001006345,122028,6,970.068913
1781141389.739966,0.000989462,123476,6,998.328385
1781141389.740800,0.001000114,126372,6,1010.860762
1781141389.741834,0.000999783,97346,5,778.937029
1781141389.742833,0.001000668,123410,5,986.620937
1781141389.743813,0.000999129,119132,6,953.886835
1781141389.744821,0.001001025,124924,6,998.368672
1781141389.745838,0.001011135,126372,6,999.842751
1781141389.746819,0.000995314,95898,5,770.795950
1781141389.747825,0.000993938,132164,6,1063.760516
1781141389.748825,0.000999659,121896,4,975.500646
1781141389.749793,0.000999655,119132,6,953.384918
1781141389.750838,0.001002438,98794,5,788.429808
1781141389.751914,0.001007502,117618,5,933.937600
1781141389.752858,0.000994048,132164,6,1063.642802
1781141389.753878,0.000998786,120514,5,965.283855
1781141389.754811,0.000997024,122028,6,979.137914
1781141389.755879,0.001007898,123476,6,980.067427
1781141389.759003,0.000992910,97280,4,783.797122
1781141389.759113,0.001000564,130716,6,1045.138542
1781141389.759188,0.000998776,56670,3,453.915593
1781141389.760258,0.001007064,136376,4,1083.355179
1781141389.760888,0.001001142,114656,4,916.201698
1781141389.761910,0.000991681,127820,6,1031.138037
1781141389.763284,0.001002157,94384,4,753.446815
1781141389.763951,0.001007033,124792,4,991.363739
1781141389.764842,0.001003511,120448,4,960.212693
1781141389.765839,0.000998390,119132,6,954.592895
1781141389.766841,0.000989260,127874,7,1034.098215
1781141389.767839,0.001010644,123476,6,977.404506
1781141389.768823,0.000989106,97346,5,787.345340
1781141389.769838,0.001012218,126372,6,998.772992
1781141389.770842,0.000998544,123476,6,989.248346
1781141389.771816,0.000989093,126372,6,1022.124310
1781141389.772820,0.000999700,97280,4,778.473542
1781141389.773821,0.001002644,124924,6,996.756576
1781141389.774821,0.001001736,117618,5,939.313352
1781141389.775818,0.000997108,132164,6,1060.378615
1781141389.776826,0.001009532,117552,4,931.536593
1781141389.777832,0.000998381,97346,5,780.030870
1781141389.778878,0.000995266,127820,6,1027.423824
1781141389.779838,0.001005864,121962,5,970.007874
1781141389.780908,0.000989911,97346,5,786.705067
1781141389.781891,0.001008992,124858,5,989.962259
1781141389.782889,0.001004304,121896,4,970.988864
1781141389.783842,0.000987612,124858,5,1011.393138
1781141389.784885,0.000999060,127820,6,1023.522111
1781141389.785908,0.001013133,95832,4,756.718022
1781141389.787146,0.000988531,121896,4,986.481962
1781141389.787923,0.001008509,121962,5,967.463850
1781141389.788876,0.000990188,124924,6,1009.295205
1781141389.789914,0.001010329,123476,6,977.709241
1781141389.790903,0.000991371,98794,5,797.231309
1781141389.791919,0.000999414,124924,6,999.977987
1781141389.793220,0.000999245,117618,5,941.654949
1781141389.793921,0.001007734,124924,6,991.722022
1781141389.794885,0.000992823,122028,6,983.281008
1781141389.795939,0.001006345,98794,5,785.368835
1781141389.796875,0.000992490,127820,6,1030.297534
1781141389.797918,0.001005688,126372,6,1005.258092
1781141389.799233,0.001006320,124924,6,993.115510
1781141389.799906,0.000988525,94384,4,763.837030
1781141389.800897,0.001006255,123344,4,980.618233
1781141389.801871,0.000995962,119132,6,956.920043
1781141389.802880,0.001003217,132164,6,1053.921534
1781141389.803833,0.001001545,92936,4,742.341083
1781141389.804816,0.000992631,120448,4,970.737364
1781141389.805856,0.001008745,124924,6,990.728083
1781141389.806824,0.000990959,130716,6,1055.268684
1781141389.807827,0.001012140,123410,5,975.438180
1781141389.808804,0.000994799,94450,5,759.550422
1781141389.809824,0.001005507,124924,6,993.918491
1781141389.810831,0.000987277,119066,5,964.803191
1781141389.811828,0.001001721,127754,5,1020.276105
1781141389.813383,0.001002354,95898,5,765.382290
1781141389.813839,0.000996116,120580,6,968.401271
1781141389.814846,0.001000375,130716,6,1045.335999
1781141389.815820,0.000999376,124858,5,999.487680
1781141389.816824,0.001003534,121962,5,972.260033
1781141389.817822,0.000997238,95898,5,769.308831
1781141389.818847,0.001007670,124924,6,991.785009
1781141389.819857,0.001005332,120514,5,958.998619
1781141389.820827,0.000985948,123476,6,1001.886509
1781141389.821842,0.001008046,126372,6,1002.906613
1781141389.822870,0.000994055,94450,5,760.118907
1781141389.823822,0.001007167,123476,6,980.778759
1781141389.824873,0.000999290,136508,6,1092.839916
1781141389.825838,0.000998765,87078,3,697.485394
1781141389.826878,0.000999014,124858,5,999.849852
1781141389.827834,0.001006585,124924,5,992.854056
1781141389.828820,0.000989265,117618,6,951.154645
1781141389.829845,0.001004895,129202,5,1028.581096
1781141389.830832,0.000995502,122028,6,980.634896
1781141389.831893,0.000998042,95832,4,768.160057
1781141389.832848,0.001005355,126372,6,1005.591060
1781141389.833864,0.001000347,126372,6,1010.625313
1781141389.834860,0.001006018,127820,6,1016.443046
1781141389.835821,0.000991314,91488,4,738.317022
1781141389.836858,0.000996779,124924,6,1002.621444
1781141389.838086,0.001008703,123410,5,978.761836
1781141389.839117,0.000991418,120580,6,972.990202
1781141389.839930,0.001000036,124924,6,999.356023
1781141389.840939,0.001000704,95898,5,766.644282
1781141389.841923,0.001011711,124924,6,987.823598
1781141389.842975,0.000988001,126372,6,1023.254025
1781141389.844419,0.001008262,123476,6,979.713606
1781141389.845978,0.000992052,123476,6,995.721998
1781141389.846179,0.001001901,98794,5,788.852392
1781141389.847320,0.001009743,119066,5,943.337067
1781141389.847966,0.000999108,124924,6,1000.284254
1781141389.848863,0.001003037,123476,6,984.817110
1781141389.849869,0.000997993,98728,4,791.412365
1781141389.850914,0.001000876,123476,6,986.943438
1781141389.851810,0.000990364,129268,6,1044.205969
1781141389.852804,0.001006988,121896,4,968.400815
1781141389.853901,0.000989770,95898,5,775.113410
1781141389.854923,0.001012311,124924,6,987.238112
1781141389.855837,0.001002826,121962,5,972.946453
1781141389.856791,0.000984593,122028,6,991.500041
1781141389.857820,0.001012816,101690,5,803.225857
1781141389.858848,0.000994277,124858,5,1004.613403
1781141389.860883,0.000996218,124924,6,1003.186050
1781141389.860923,0.000996825,121962,5,978.803702
1781141389.861954,0.001000102,126306,5,1010.344945
1781141389.862915,0.001004646,119132,6,948.648579
1781141389.863851,0.000994948,98794,5,794.365133
1781141389.865067,0.000999999,124858,5,998.864999
1781141389.865952,0.001007868,123410,5,979.572722
1781141389.866830,0.001002150,120580,6,962.570473
1781141389.868007,0.001000477,100242,5,801.553659
1781141389.868886,0.000997269,121962,5,978.367923
1781141389.869892,0.001001439,123410,5,985.861346
1781141389.870981,0.000994988,124924,6,1004.426184
1781141389.872138,0.000998861,124924,6,1000.531605
1781141389.873062,0.000996918,97346,5,781.175583
1781141389.875179,0.001000530,120514,5,963.601291
1781141389.875225,0.001001477,122028,6,974.784244
1781141389.875833,0.001007327,130716,6,1038.121682
1781141389.876826,0.001004434,119132,6,948.848804
1781141389.877856,0.000991282,100242,5,808.988764
1781141389.879306,0.000995609,121962,5,979.999176
1781141389.879971,0.001006772,85960,8,683.054356
1781141389.881473,0.000993548,98926,7,796.547323
1781141389.882175,0.001007502,120712,8,958.505293
1781141389.883297,0.000996975,133744,8,1073.198425
1781141389.884271,0.001002998,119132,6,950.207279
1781141389.889049,0.000999179,126438,7,1012.335127
1781141389.889256,0.000998059,106100,6,850.450725
1781141389.889333,0.001000844,111826,5,893.853588
1781141389.889427,0.000997612,135060,6,1083.066362
1781141389.889466,0.000995621,125122,9,1005.378553
1781141389.890144,0.001010712,109062,7,863.248878
1781141389.890905,0.000995455,109062,7,876.479600
1781141389.892021,0.000998290,126504,8,1013.765539
1781141389.892858,0.000996396,123476,6,991.380937
1781141389.893820,0.000999230,101690,5,814.146893
1781141389.894822,0.001001626,124924,6,997.769627
1781141389.895823,0.001007235,129334,7,1027.239919
1781141389.896806,0.000991079,119132,6,961.634744
1781141389.897920,0.001003635,103336,8,823.693873
1781141389.899028,0.001000758,96096,8,768.185715
1781141389.899990,0.001007511,130848,8,1038.980220
1781141389.900907,0.000995353,109128,8,877.099883
1781141389.901953,0.000997899,122094,7,978.808477
1781141389.902932,0.001008588,126504,8,1003.414675
1781141389.903913,0.000998394,130782,7,1047.938990
1781141389.904805,0.000989202,120580,6,975.169884
1781141389.905821,0.000999769,124924,6,999.622913
1781141389.906964,0.000999400,104586,5,837.190314
1781141389.907833,0.001004367,120514,5,959.920029
1781141389.908841,0.000995480,126372,6,1015.566360
1781141389.909851,0.000999859,117684,6,941.604766
1781141389.911393,0.001005058,68584,8,545.910783
1781141389.912057,0.001000928,119264,8,953.227405
1781141389.913125,0.001004728,132362,9,1053.913099
1781141389.913971,0.001000272,116302,7,930.162996
1781141389.915439,0.001002322,129334,7,1032.275057
1781141389.915970,0.000990077,100242,5,809.973366
1781141389.916932,0.001008897,139470,7,1105.920624
1781141389.917976,0.000998681,111826,5,895.789546
1781141389.918927,0.001002369,123476,6,985.473413
1781141389.919873,0.000996715,124924,6,1002.685823
1781141389.920805,0.000999542,101690,5,813.892763
1781141389.921948,0.001003976,124858,5,994.908245
1781141389.922969,0.000988002,124924,6,1011.528317
1781141389.923813,0.001003296,124924,6,996.108825
1781141389.924876,0.001010268,119066,5,942.846849
1781141389.925893,0.000996985,127820,6,1025.652342
1781141389.927322,0.000987643,94450,5,765.053769
1781141389.927867,0.001000693,124858,5,998.172267
1781141389.928888,0.001008872,122028,6,967.639106
1781141389.929823,0.000995700,127820,6,1026.975997
1781141389.930853,0.001004103,95832,4,763.523264
1781141389.931857,0.001001517,124924,6,997.878219
1781141389.932874,0.000990611,124924,6,1008.864226
1781141389.933846,0.001004587,116170,5,925.116491
1781141389.934836,0.000994542,133612,6,1074.762051
1781141389.935812,0.000999085,94318,3,755.235040
1781141389.936848,0.001000871,120514,5,963.272989
1781141389.937820,0.001009869,124924,6,989.625387
1781141389.938964,0.001000193,126372,6,1010.780919
1781141389.940049,0.000998275,124924,6,1001.118930
1781141389.940891,0.000991825,95898,5,773.507423
1781141389.941867,0.001010257,124924,6,989.245311
1781141389.942911,0.000996096,121962,5,979.520046
1781141389.943933,0.001006890,123476,6,981.048575
1781141389.944818,0.000992778,123476,6,994.993846
1781141389.945912,0.001004760,94450,5,752.020383
1781141389.946944,0.000990648,124924,6,1008.826546
1781141389.948028,0.001009096,129268,6,1024.822217
1781141389.948965,0.000988725,94384,4,763.682520
1781141389.949823,0.001000154,124924,6,999.238117
1781141389.951008,0.000999961,124924,6,999.430978
1781141389.951985,0.001006811,119066,5,946.084220
1781141389.952931,0.001001125,127820,6,1021.410913
1781141389.953937,0.000991772,91554,5,738.508448
1781141389.955106,0.001000983,126372,6,1009.983187
1781141389.955988,0.001010583,129268,6,1023.314265
1781141389.956873,0.000988508,123410,5,998.757724
1781141389.957836,0.001005851,120514,5,958.503794
1781141389.958949,0.000994318,98728,4,794.337425
1781141389.959903,0.001009007,124924,6,990.470829
1781141389.960917,0.000999254,116170,5,930.053820
1781141389.961864,0.000993539,129202,5,1040.337621
1781141389.962948,0.000999674,100242,5,802.197516
1781141389.963850,0.000998825,123476,6,988.970040
1781141389.964818,0.001012868,120514,5,951.863421
1781141389.965992,0.000986985,123476,6,1000.833853
1781141389.966843,0.001000406,98794,5,790.031247
1781141389.967937,0.001010047,151054,7,1196.411652
1781141389.968826,0.000991317,97280,4,785.056647
1781141389.969867,0.000999021,119132,6,953.989956
1781141389.970865,0.001008882,130716,6,1036.521615
1781141389.971827,0.000991323,122028,6,984.768839
1781141389.972811,0.000998977,95898,5,767.969633
1781141389.973825,0.001008273,122028,6,968.213966
1781141389.974885,0.000994032,130716,6,1052.006374
1781141389.975829,0.000998673,120514,5,965.393077
1781141389.976859,0.001006344,123476,6,981.580851
1781141389.977855,0.001006607,98728,4,784.639884
1781141389.978836,0.000997559,124858,5,1001.308193
1781141389.979885,0.000998158,119000,4,953.756820
1781141389.980906,0.000995995,98728,4,792.999965
1781141389.981815,0.000995652,122028,6,980.487158
1781141389.983080,0.001006440,129268,6,1027.526728
1781141389.983892,0.000992883,121962,5,982.689803
1781141389.984895,0.001008400,122028,6,968.092027
1781141389.986000,0.000990692,126372,6,1020.474577
1781141389.987147,0.001010692,97346,5,770.529499
1781141389.988218,0.000993425,117618,5,947.171654
1781141389.988807,0.000995947,123476,6,991.827878
1781141389.989841,0.001013458,127820,6,1008.981132
1781141389.990957,0.000994068,94450,5,760.108966
1781141389.991870,0.000992312,126372,6,1018.808601
1781141389.992815,0.001011459,127820,6,1010.975235
1781141389.993941,0.000992599,121962,5,982.970968
1781141389.994820,0.001000461,97346,5,778.409153
1781141389.995828,0.001005945,124924,6,993.485727
1781141389.996986,0.000989512,124858,5,1009.451123
1781141389.997820,0.001000278,117552,4,940.154637
1781141389.998840,0.001006100,126372,6,1004.846437
1781141390.000032,0.001000312,98794,5,790.105487
1781141390.000994,0.000993895,123410,5,993.344367
1781141390.001839,0.001012623,122028,6,964.054737
1781141390.002990,0.000987040,124858,5,1011.979251
1781141390.003881,0.001014871,124924,6,984.747815
1781141390.004823,0.000993805,98794,5,795.278752
1781141390.005841,0.001003741,124858,5,995.141177
1781141390.007104,0.000996570,117618,5,944.182546
1781141390.007842,0.000995179,124924,6,1004.233409
1781141390.008900,0.000997526,97346,5,780.699450
1781141390.009817,0.001007928,124924,6,991.531141
1781141390.011003,0.000996356,127820,6,1026.299837
1781141390.011894,0.000994163,120580,6,970.303662
1781141390.012935,0.001009679,98728,4,782.252577
1781141390.013856,0.000993901,124792,4,1004.462215
1781141390.014847,0.000998775,124924,6,1000.617757
1781141390.015836,0.001007800,121962,5,968.144473
1781141390.016966,0.000994806,120580,6,969.676500
1781141390.017929,0.001004327,97346,5,775.412789
1781141390.019384,0.001000172,129268,6,1033.966158
1781141390.019963,0.000996576,121962,5,979.048261
1781141390.020900,0.000994587,123476,6,993.184106
1781141390.022017,0.001000675,126372,6,1010.294052
1781141390.023145,0.001003397,95832,4,764.060487
1781141390.023954,0.001008502,120514,5,955.984222
1781141390.024854,0.000987452,122028,6,988.629321
1781141390.025835,0.001005802,123476,6,982.109799
1781141390.026839,0.000999876,101690,5,813.620889
1781141390.027832,0.001004508,126372,6,1006.438973
1781141390.028800,0.000989484,120580,6,974.891964
1781141390.029886,0.001000407,127820,6,1022.143987
1781141390.030813,0.000999112,120580,6,965.497362
1781141390.031804,0.001008488,98728,4,783.176399
1781141390.032804,0.000999970,124924,6,999.421983
1781141390.033806,0.000994421,120514,5,969.520957
1781141390.034883,0.001001712,120580,6,962.991359
1781141390.035842,0.001007274,104586,5,830.645882
1781141390.036836,0.000992568,117618,5,947.989458
1781141390.037872,0.001001320,127820,6,1021.212000
1781141390.038866,0.001000802,123410,5,986.488836
1781141390.039851,0.001002905,123476,6,984.946730
1781141390.040823,0.000991623,98728,4,796.496249
1781141390.041843,0.001005851,120514,5,958.503794
1781141390.043100,0.000993165,126372,6,1017.933576
1781141390.043813,0.001000127,127820,6,1022.430151
1781141390.044825,0.001006245,94384,4,750.385840
1781141390.045946,0.000996873,120514,5,967.136235
1781141390.047131,0.001003120,126372,6,1007.831566
1781141390.047950,0.000995246,129268,6,1039.083804
1781141390.048959,0.000999238,91422,3,731.933734
1781141390.049911,0.001007603,124858,5,991.326941
1781141390.050943,0.000996542,120514,5,967.457468
1781141390.051991,0.000996313,126306,5,1014.187309
1781141390.052894,0.000999357,126372,6,1011.626476
1781141390.054043,0.001007972,90106,5,715.146849
1781141390.054928,0.000992076,94450,5,761.635197
1781141390.055944,0.001011516,124924,6,988.014030
1781141390.057024,0.000988601,129268,6,1046.068131
1781141390.058009,0.001005666,119066,5,947.161384
1781141390.059005,0.001007968,98794,5,784.104257
1781141390.060040,0.000994525,123410,5,992.715115
1781141390.060897,0.000990630,124924,6,1008.844876
1781141390.061897,0.001006363,117684,6,935.519291
1781141390.062863,0.000995574,126372,6,1015.470472
1781141390.063876,0.001002316,97280,4,776.441761
1781141390.064814,0.000996014,124924,6,1003.391519
1781141390.066003,0.001013775,123476,6,974.385835
1781141390.066979,0.000990366,127820,6,1032.507174
1781141390.067959,0.001002054,95898,5,765.611434
1781141390.068996,0.001010019,124924,6,989.478416
1781141390.069890,0.000987650,121962,5,987.896522
1781141390.070858,0.000996915,120514,5,967.095490
1781141390.071928,0.001010315,123476,6,977.722789
1781141390.072840,0.000988889,101690,5,822.660582
1781141390.073920,0.001010599,123476,6,977.448028
1781141390.074989,0.000991148,124924,6,1008.317628
1781141390.075911,0.001004818,124924,6,994.600017
1781141390.076923,0.001004727,122028,6,971.631100
1781141390.077974,0.000988671,98728,4,798.874449
1781141390.079012,0.001005498,123410,5,981.881615
1781141390.079850,0.000994530,124924,6,1004.888741
1781141390.080838,0.001003064,123476,6,984.790602
1781141390.081890,0.000998173,91554,5,733.772603
1781141390.083100,0.001012465,124924,6,987.087949
1781141390.083858,0.000988297,124924,6,1011.226382
1781141390.084923,0.001004014,126426,7,1007.364439
1781141390.086014,0.000996884,97346,5,781.202226
1781141390.087079,0.001008761,124924,6,990.712369
1781141390.087846,0.001000205,121962,5,975.496023
1781141390.088821,0.000997945,120580,6,966.626417
1781141390.089895,0.000997401,127820,6,1025.224559
1781141390.090890,0.000993033,95898,5,772.566471
1781141390.091847,0.001000348,126306,5,1010.096486
1781141390.092805,0.000999856,122028,6,976.364597
1781141390.093813,0.000999589,124924,6,999.802919
1781141390.094869,0.001012558,97346,5,769.109523
1781141390.095992,0.000987288,124924,6,1012.259847
1781141390.096854,0.000999819,124924,6,999.572923
1781141390.097849,0.001001653,116170,5,927.826303
1781141390.099037,0.000999141,126372,6,1011.845175
1781141390.099930,0.001008357,101690,5,806.777758
1781141390.100909,0.001004866,120568,6,959.873257
1781141390.101910,0.000991440,123410,5,995.804083
1781141390.102822,0.000999144,124924,6,1000.248212
1781141390.103817,0.000995946,98794,5,793.569129
1781141390.106021,0.001005832,124924,6,993.597340
1781141390.106182,0.000994386,121962,5,981.204482
1781141390.107212,0.001008597,119132,6,944.932416
1781141390.108153,0.001001457,130716,6,1044.206591
1781141390.109052,0.000991016,97346,5,785.827878
1781141390.110006,0.001012465,145196,6,1147.267313
1781141390.111055,0.000994030,104586,5,841.713027
1781141390.111897,0.000994257,119066,5,958.029966
1781141390.113003,0.001010879,98794,5,781.846294
1781141390.113899,0.000988446,95898,5,776.151656
1781141390.114907,0.001005951,124924,6,993.479802
1781141390.115873,0.000992499,124792,4,1005.881114
1781141390.117042,0.001004101,119066,5,948.637637
1781141390.117945,0.001006441,126372,6,1004.505977
1781141390.121976,0.000989308,104586,5,845.730551
1781141390.122025,0.000999875,116104,4,928.948119
1781141390.122055,0.001006905,126240,4,1002.994324
1781141390.122099,0.001000991,120448,4,962.630034
1781141390.123492,0.000992424,98728,4,795.853385
1781141390.126318,0.001005069,124858,5,993.826295
1781141390.126400,0.000996425,88526,3,710.748927
1781141390.126455,0.001000213,126372,6,1010.760708
1781141390.126860,0.001000788,127820,6,1021.754857
1781141390.128532,0.001010121,124924,6,989.378500
1781141390.128855,0.000987625,121896,4,987.386913
1781141390.129869,0.001006018,123476,6,981.898932
1781141390.131130,0.000996114,98728,4,792.905230
1781141390.131891,0.001002857,124924,6,996.544871
1781141390.132863,0.000994875,117618,5,945.791180
1781141390.133902,0.001009757,132164,6,1047.095489
1781141390.134818,0.000990068,116170,5,938.683000
1781141390.135821,0.001000342,98794,5,790.081792
1781141390.137078,0.000999666,98794,5,790.616066
1781141390.137807,0.001008486,123476,6,979.495997
1781141390.138832,0.000991399,124924,6,1008.062344
1781141390.139823,0.001004570,123476,6,983.314254
1781141390.140821,0.000995883,98794,5,793.619331
1781141390.141835,0.001000132,124792,4,998.204237
1781141390.142821,0.001008116,116170,5,921.878038
1781141390.143840,0.000998048,124924,6,1001.346629
1781141390.144801,0.000993406,97346,5,783.937282
1781141390.145936,0.001004919,124858,5,993.974639
1781141390.147011,0.001002231,127820,6,1020.283747
1781141390.147843,0.000995432,127754,5,1026.722066
1781141390.148833,0.001010007,120580,6,955.082490
1781141390.149825,0.000989326,97346,5,787.170255
1781141390.150915,0.001008963,124858,5,989.990713
1781141390.152027,0.000990255,116170,5,938.505738
1781141390.152915,0.001011221,126306,5,999.235578
1781141390.153840,0.000987869,95898,5,776.604995
1781141390.155034,0.001003531,126372,6,1007.418804
1781141390.155899,0.000997246,129202,5,1036.470440
1781141390.156894,0.001004180,123476,6,983.696150
1781141390.157897,0.001007126,120580,6,957.814613
1781141390.158973,0.000988499,98794,5,799.547597
1781141390.159816,0.001000332,121962,5,975.372176
1781141390.160834,0.001009954,127820,6,1012.481757
1781141390.161827,0.000989248,119066,5,962.880895
1781141390.162824,0.001001482,95898,5,766.048716
1781141390.163821,0.001000761,220822,6,1765.232658
1781141390.164813,0.000997417,123476,6,990.366116
1781141390.165832,0.000999991,126372,6,1010.985099
1781141390.166927,0.001000252,97346,5,778.571800
1781141390.167826,0.001001722,124924,6,997.674005
1781141390.168805,0.001004675,124924,6,994.741583
1781141390.169847,0.001007366,117618,5,934.063687
1781141390.170913,0.000986359,126372,6,1024.957445
1781141390.171835,0.001011723,94450,5,746.844739
1781141390.172828,0.000997198,124924,6,1002.200165
1781141390.173824,0.000994603,129202,5,1039.224696
1781141390.174829,0.000996651,126372,6,1014.373136
1781141390.175822,0.000999157,92870,3,743.586844
1781141390.176836,0.001012893,124924,6,986.670853
1781141390.177817,0.000992509,124858,5,1006.402965
1781141390.178851,0.001002164,119066,5,950.471180
1781141390.179818,0.000992763,120580,6,971.671990
1781141390.180822,0.001006941,104586,5,830.920580
1781141390.181850,0.000993769,120514,5,970.157049
1781141390.182815,0.000998950,123476,6,988.846289
1781141390.183822,0.001008150,129268,6,1025.783862
1781141390.185020,0.000993858,121962,5,981.725760
1781141390.185870,0.001000231,97280,4,778.060268
1781141390.186875,0.000998074,124792,4,1000.262506
1781141390.187943,0.001009773,119066,5,943.309041
1781141390.188951,0.000990271,123476,6,997.512802
1781141390.189919,0.001014266,123654,7,975.318112
1781141390.190927,0.000992939,97346,5,784.305985
1781141390.191825,0.000997995,124924,6,1001.399807
1781141390.192897,0.000994622,126372,6,1016.442427
1781141390.193806,0.001006132,127820,6,1016.327877
1781141390.194833,0.000995146,94450,5,759.285572
1781141390.195842,0.001007408,121896,4,967.997078
1781141390.196810,0.000999947,123476,6,987.860357
1781141390.197841,0.001000914,124924,6,998.479390
1781141390.198839,0.000993438,97346,5,783.912031
1781141390.199830,0.001008984,120580,6,956.050839
1781141390.200804,0.000988293,127820,6,1034.672916
1781141390.201822,0.000999814,123476,6,987.991766
1781141390.202830,0.001000016,97346,5,778.755540
1781141390.203854,0.001013394,150922,5,1191.418145
1781141390.204810,0.000994111,94384,4,759.544960
1781141390.205841,0.000993102,123476,6,994.669228
1781141390.206843,0.001000209,127820,6,1022.346330
1781141390.208103,0.001007386,95952,6,761.987957
1781141390.208947,0.000997883,123476,6,989.903626
1781141390.209831,0.000993967,125142,7,1007.212513
1781141390.210857,0.001008892,123476,6,979.101827
1781141390.211832,0.001000680,124924,6,998.712875
1781141390.212805,0.000997982,97346,5,780.342732
1781141390.213836,0.001002524,124924,6,996.875885
1781141390.214834,0.000990123,121962,5,985.429083
1781141390.215818,0.001010652,121962,5,965.412427
1781141390.216794,0.000989329,100242,5,810.585761
1781141390.217817,0.001000808,120514,5,963.333626
1781141390.218817,0.001001485,135060,6,1078.877866
1781141390.219873,0.001008733,113274,5,898.346738
1781141390.220811,0.000996965,97280,4,780.609149
1781141390.222639,0.000991756,126372,6,1019.379767
1781141390.222989,0.001012615,124924,6,986.941730
1781141390.223833,0.000998604,123344,4,988.131431
1781141390.224816,0.000993483,93002,5,748.896559
1781141390.225837,0.000998523,123410,5,988.740370
1781141390.227027,0.001008851,123410,5,978.618250
1781141390.227836,0.000998204,74046,3,593.433807
1781141390.228814,0.000998228,120514,5,965.823439
1781141390.229857,0.001000706,119000,4,951.328362
1781141390.231120,0.000997019,124924,6,1002.380095
1781141390.232003,0.001001389,97346,5,777.687792
1781141390.233026,0.001002470,121962,5,973.291969
1781141390.234005,0.000993249,124924,6,1006.184753
1781141390.235228,0.000999942,122028,6,976.280624
1781141390.235820,0.000999224,100242,5,802.558786
1781141390.236891,0.001010554,119066,5,942.580011
1781141390.237818,0.001000795,103072,4,823.920983
1781141390.239048,0.000995256,119066,5,957.068332
1781141390.239868,0.000990788,98728,4,797.167507
1781141390.240965,0.001007418,124924,6,992.033098
1781141390.241877,0.001006011,124924,6,993.420549
1781141390.243144,0.000998789,121962,5,976.879000
1781141390.243877,0.000987436,120580,6,976.913947
1781141390.244963,0.001011837,129202,5,1021.524218
1781141390.245900,0.000989421,92936,4,751.437457
1781141390.246992,0.001008217,126372,6,1002.736514
1781141390.247819,0.000995013,95766,3,769.967830
1781141390.248824,0.001007174,88526,3,703.163505
1781141390.249829,0.001001230,130650,5,1043.915983
1781141390.251152,0.000997361,119132,6,955.577770
1781141390.252138,0.000991059,127820,6,1031.785191
1781141390.253072,0.001006367,123476,6,981.558418
1781141390.254081,0.001000255,97346,5,778.569465
1781141390.255132,0.001006996,121962,5,968.917453
1781141390.255991,0.000985632,119066,5,966.413428
1781141390.257062,0.001009731,129268,6,1024.177727
1781141390.258040,0.001003091,120580,6,961.667486
1781141390.259056,0.000999256,101690,5,814.125710
1781141390.259861,0.000999199,121962,5,976.478159
1781141390.260861,0.001000352,123410,5,986.932600
1781141390.261839,0.000990807,98794,5,797.685119
1781141390.262859,0.001001244,124924,6,998.150301
1781141390.263833,0.001002157,119066,5,950.477819
1781141390.264797,0.000994297,124924,6,1005.124223
1781141390.265871,0.001013834,127820,6,1008.606932
1781141390.267018,0.000991642,93056,6,750.722539
1781141390.267963,0.000994696,124924,6,1004.721040
1781141390.269082,0.001001354,124924,6,998.040653
1781141390.269996,0.001001388,123476,6,986.438823
1781141390.271130,0.000997720,98794,5,792.158121
1781141390.271893,0.001009862,124924,6,989.632247
1781141390.272876,0.000997204,124858,5,1001.664654
1781141390.273807,0.000995888,120514,5,968.092798
1781141390.274954,0.001005730,124924,6,993.698110
1781141390.275898,0.000993660,92936,4,748.231790
1781141390.276870,0.001001085,127820,6,1021.451725
1781141390.277891,0.000996778,123476,6,991.001005
1781141390.278917,0.001000358,127754,5,1021.666243
1781141390.279953,0.001008325,94384,4,748.837924
1781141390.280890,0.000992873,124924,6,1006.565794
1781141390.282061,0.001011687,121962,5,964.424768
1781141390.283000,0.000989246,120580,6,975.126510
1781141390.283906,0.001001115,130650,5,1044.035900
1781141390.284921,0.001000026,91554,5,732.412957
1781141390.285943,0.001007810,124924,6,991.647235
1781141390.287051,0.000988603,127820,6,1034.348470
1781141390.288084,0.001004930,122028,6,971.434826
1781141390.289100,0.001000453,97346,5,778.415378
1781141390.289881,0.000995052,124924,6,1004.361581
1781141390.291288,0.000999740,120514,5,964.362734
1781141390.291876,0.001009572,122028,6,966.968181
1781141390.292848,0.000993363,130716,6,1052.714869
1781141390.293920,0.001003346,94450,5,753.080194
1781141390.295073,0.000993562,122028,6,982.549655
1781141390.295961,0.000999351,127820,6,1023.224072
1781141390.296957,0.001007815,121962,5,968.130064
1781141390.297953,0.000992831,97346,5,784.391301
1781141390.298998,0.001014008,222204,5,1753.074926
1781141390.300111,0.000986733,121962,5,988.814603
1781141390.301134,0.000998301,124924,6,1001.092857
1781141390.301916,0.001013118,124924,6,986.451726
1781141390.303019,0.000989433,93002,5,751.961982
1781141390.304075,0.001002149,126372,6,1008.808071
1781141390.304979,0.000995830,124924,6,1003.576916
1781141390.306085,0.001005093,127754,5,1016.853167
1781141390.307062,0.001004565,92870,3,739.583800
1781141390.307951,0.000989788,124858,5,1009.169640
1781141390.308810,0.001014786,124924,6,984.830299
1781141390.309867,0.000985242,120514,5,978.553492
1781141390.311097,0.000999988,122028,6,976.235715
1781141390.311892,0.000999803,126372,6,1011.175202
1781141390.313014,0.000999991,98794,5,790.359113
1781141390.314438,0.001011759,124924,6,987.776733
1781141390.315007,0.000995681,120580,6,968.824352
1781141390.316184,0.001001533,129268,6,1032.561084
1781141390.317149,0.000999229,94318,3,755.126202
1781141390.318130,0.001003090,124924,6,996.313392
1781141390.319294,0.000998382,124858,5,1000.482781
1781141390.319944,0.001004669,119000,4,947.575769
1781141390.321010,0.000985839,95898,5,778.204149
1781141390.326290,0.001003049,127820,6,1019.451692
1781141390.326494,0.001006938,120580,6,957.993442
1781141390.326576,0.000998490,126372,6,1012.504882
1781141390.326683,0.001001455,124924,6,997.939997
1781141390.326932,0.000996736,97346,5,781.318223
1781141390.327039,0.000993797,123410,5,993.442323
1781141390.327993,0.001001012,121962,5,974.709594
1781141390.328988,0.000999014,120580,6,965.592074
1781141390.329985,0.001005325,127820,6,1017.143710
1781141390.331003,0.000994506,98794,5,794.718182
1781141390.331964,0.001010070,120580,6,955.022919
1781141390.332919,0.001000646,132164,6,1056.629417
1781141390.333879,0.000997182,119000,4,954.690317
1781141390.336545,0.001002344,97346,5,776.946837
1781141390.338029,0.000989926,124924,6,1009.562331
1781141390.341149,0.001003823,120514,5,960.440237
1781141390.341264,0.000996361,122028,6,979.789454
1781141390.341560,0.001007550,100176,4,795.402710
1781141390.343640,0.000992193,121962,5,983.373195
1781141390.343903,0.001013339,126372,6,997.668105
1781141390.344030,0.000993904,124858,5,1004.990422
1781141390.344126,0.001000241,31922,1,255.314469
1781141390.344190,0.000997012,0,0,0.000000
1781141390.344913,0.000995317,0,0,0.000000
1781141390.346746,0.001011632,0,0,0.000000
1781141390.347488,0.000993440,100110,3,806.168465
1781141390.348336,0.000996862,159610,5,1280.899463
1781141390.348814,0.001000975,116170,5,928.454757
1781141390.354415,0.001003073,98794,5,787.930689
1781141390.354570,0.001007401,124858,5,991.525718
1781141390.354661,0.000986129,114722,5,930.685539
1781141390.354724,0.001000383,127820,6,1022.168509
1781141390.354855,0.001009787,126372,6,1001.177476
1781141390.355079,0.000990141,101624,4,821.087098
1781141390.355892,0.001002383,120514,5,961.819983
1781141390.356867,0.001004009,126372,6,1006.939181
1781141390.357967,0.000994360,123476,6,993.410837
1781141390.358906,0.001001030,123476,6,986.791605
1781141390.359890,0.000998405,97346,5,780.012119
1781141390.361868,0.001011617,121962,5,964.491502
1781141390.362082,0.000994719,124924,6,1004.697809
1781141390.362894,0.001001148,122028,6,975.104580
1781141390.363852,0.001005106,94384,4,751.236188
1781141390.364809,0.000991359,124924,6,1008.103018
1781141390.365809,0.000995936,127754,5,1026.202487
1781141390.366908,0.001000195,126372,6,1010.778898
1781141390.368515,0.001008522,94450,5,749.215188
1781141390.368847,0.000993157,124858,5,1005.746322
1781141390.369830,0.001003359,116170,5,926.248731
1781141390.370897,0.001005338,120514,6,958.992896
1781141390.372035,0.000989885,94450,5,763.320992
1781141390.372951,0.001004956,124924,6,994.463439
1781141390.374001,0.000994523,127820,6,1028.191404
1781141390.375174,0.001000475,124858,5,998.389765
1781141390.376059,0.001007274,120580,6,957.673880
1781141390.376953,0.001000934,98794,5,789.614500
1781141390.377907,0.000992496,124858,5,1006.416147
1781141390.379107,0.000998993,123344,4,987.746661
1781141390.380010,0.001008123,121962,5,967.834282
1781141390.380967,0.000995813,123476,6,991.961342
1781141390.381924,0.001006426,95898,5,762.285553
1781141390.382841,0.000989550,129268,6,1045.064929
1781141390.383843,0.001001642,119066,5,950.966513
1781141390.384825,0.001002912,127754,5,1019.064484
1781141390.385835,0.000996374,123410,5,990.872905
1781141390.386969,0.001006716,97346,5,773.572686
1781141390.387877,0.000993218,117618,5,947.369057
1781141390.389351,0.001009372,123476,6,978.636221
1781141390.390520,0.000997909,124924,6,1001.486107
1781141390.391205,0.001006714,103138,5,819.601198
1781141390.392511,0.000986322,124792,4,1012.180606
1781141390.395656,0.001004463,120514,5,959.828286
1781141390.396985,0.001005420,124924,6,994.004496
1781141390.397463,0.000998900,97280,4,779.097007
1781141390.398107,0.000990231,124924,6,1009.251377
1781141390.399171,0.001012790,124924,6,986.771196
1781141390.399644,0.000987108,116170,5,941.497790
1781141390.401176,0.001008416,129202,5,1024.989687
1781141390.401278,0.001000074,126372,6,1010.901193
1781141390.401359,0.001001613,94450,5,754.383180
1781141390.402035,0.000993706,124924,6,1005.722014
1781141390.402823,0.000996011,122028,6,980.133754
1781141390.403860,0.001010626,127754,5,1011.286074
1781141390.404859,0.000989375,95898,5,775.422868
1781141390.405805,0.001003237,121962,5,972.547863
1781141390.406850,0.001007127,127820,6,1015.323787
1781141390.407860,0.000990391,120514,5,973.466035
1781141390.408843,0.001010737,119132,6,942.931742
1781141390.409808,0.000990386,100242,5,809.720654
1781141390.410968,0.001008509,129202,5,1024.895167
1781141390.411854,0.000995657,121962,5,979.951931
1781141390.413484,0.001005504,95898,5,762.984533
1781141390.414013,0.001000895,95898,5,766.497984
1781141390.415170,0.000996848,124924,6,1002.552044
1781141390.415978,0.000995483,123410,5,991.759779
1781141390.416985,0.000995484,126372,6,1015.562279
1781141390.417972,0.000999739,91488,4,732.095077
1781141390.419475,0.001000455,123476,6,987.358752
1781141390.419819,0.000999921,126372,6,1011.055873
1781141390.421012,0.000999578,123476,6,988.225031
1781141390.421889,0.001000001,97346,5,778.767221
1781141390.423049,0.001000861,124858,5,998.004718
1781141390.423994,0.001012488,124924,6,987.065526
1781141390.425923,0.000986856,117618,5,953.476495
1781141390.426073,0.001003675,123410,5,983.665031
1781141390.426954,0.001000109,104586,5,836.596811
1781141390.427952,0.001000394,120514,5,963.732289
1781141390.430598,0.001002042,127820,6,1020.476188
1781141390.430643,0.000996797,123476,6,990.982116
1781141390.430857,0.001007177,122028,6,969.267567
1781141390.431833,0.000992639,97346,5,784.543021
1781141390.432908,0.000999579,124792,4,998.756476
1781141390.433898,0.000999989,123410,5,987.290860
1781141390.434943,0.000997161,120580,6,967.386410
1781141390.435900,0.001001582,101690,5,812.235044
1781141390.437150,0.000998487,117618,5,942.369806
1781141390.437900,0.001003369,126306,5,1007.055231
1781141390.438857,0.001009730,124924,6,989.761619
1781141390.440056,0.001000956,123476,6,986.864557
1781141390.441105,0.000986224,98794,5,801.391976
1781141390.441854,0.001009756,124924,6,989.736134
1781141390.442826,0.001004735,124924,6,994.682180
1781141390.443826,0.000999111,120448,4,964.441388
1781141390.444826,0.000993106,122028,6,983.000808
1781141390.445828,0.001003042,101690,5,811.052777
1781141390.446848,0.000990263,120514,5,973.591864
1781141390.447917,0.001000015,124924,6,999.377009
1781141390.448963,0.001000419,123476,6,987.394282
1781141390.450011,0.000999628,124924,6,999.763912
1781141390.451316,0.001002239,98794,5,788.586355
1781141390.451988,0.001006614,120514,5,957.777261
1781141390.452903,0.000991083,122028,6,985.007310
1781141390.453817,0.001013351,127820,6,1009.087671
1781141390.455158,0.000986739,93002,5,754.014993
1781141390.455833,0.001014649,129268,6,1019.213541
1781141390.456799,0.000984777,121962,5,990.778623
1781141390.457908,0.000999983,123476,6,987.824793
1781141390.459214,0.001000504,124924,6,998.888560
1781141390.459858,0.001000238,95832,4,766.473579
1781141390.461228,0.000999764,123410,5,987.513053
1781141390.461889,0.001004434,122028,6,971.914531
1781141390.462835,0.000995636,124924,6,1003.772463
1781141390.463919,0.001002053,93002,5,742.491665
1781141390.464898,0.001008304,127820,6,1014.138593
1781141390.465969,0.001003108,124792,4,995.242785
1781141390.466963,0.000996304,122028,6,979.845509
1781141390.467886,0.000989958,98728,4,797.835868
1781141390.468941,0.001011577,124858,5,987.432494
1781141390.469999,0.000988769,124792,4,1009.675667
1781141390.470944,0.000999982,124858,5,998.881980
1781141390.471933,0.001013266,117618,5,928.624863
1781141390.472884,0.000999470,97346,5,779.180966
1781141390.473837,0.000999812,123476,6,987.993743
1781141390.474906,0.001000413,126372,6,1010.558639
1781141390.475917,0.000988957,129268,6,1045.691572
1781141390.476953,0.001001592,122028,6,974.672322
1781141390.477928,0.000998831,95832,4,767.553270
1781141390.479029,0.001007336,119066,5,945.591143
1781141390.479909,0.000998598,123476,6,989.194851
1781141390.480892,0.000991921,124924,6,1007.531850
1781141390.481924,0.001004532,103138,5,821.381499
1781141390.482891,0.001001535,117618,5,939.501865
1781141390.484031,0.000993903,130716,6,1052.142915
1781141390.485461,0.001000020,119132,6,953.036939
1781141390.485896,0.001009086,98794,5,783.235522
1781141390.486936,0.001001367,124858,5,997.500417
1781141390.487892,0.000996452,123410,5,990.795342
1781141390.488903,0.001001648,126306,5,1008.785521
1781141390.489901,0.000990724,121962,5,984.831295
1781141390.493991,0.001001080,91554,5,731.641827
1781141390.494036,0.001007499,126372,6,1003.451120
1781141390.494055,0.001001583,123410,5,985.719606
1781141390.494077,0.000997278,98794,5,792.509210
1781141390.494918,0.001003080,124924,6,996.323324
1781141390.495903,0.000994499,124858,5,1004.389145
1781141390.496857,0.000994763,116170,5,934.252681
1781141390.499263,0.001000434,98728,4,789.481365
1781141390.499456,0.000999969,129268,6,1034.176059
1781141390.500142,0.001000863,119132,6,952.234222
1781141390.501179,0.001000519,129268,6,1033.607558
1781141390.501908,0.000999420,124858,5,999.443677
1781141390.502875,0.000999307,94384,4,755.595628
1781141390.503830,0.001000079,123344,4,986.674053
1781141390.504881,0.001004121,123476,6,983.753950
1781141390.505830,0.001002035,127820,6,1020.483316
1781141390.507159,0.000994286,121962,5,981.303166
1781141390.507989,0.001008653,119132,6,944.879954
1781141390.508948,0.000991968,97346,5,785.073712
1781141390.509908,0.000998753,126306,5,1011.709602
1781141390.511994,0.001011707,127820,6,1010.727414
1781141390.512182,0.000988823,94450,5,764.140802
1781141390.512829,0.001000820,219374,6,1753.554086
1781141390.513980,0.001005479,116170,5,924.295783
1781141390.515030,0.001002890,129268,6,1031.163936
1781141390.516015,0.001000165,123476,6,987.645039
1781141390.516986,0.000996916,101690,5,816.036657
1781141390.518400,0.001002263,121896,4,972.966178
1781141390.518830,0.000991553,124858,5,1007.373282
1781141390.520091,0.000999589,120514,5,964.508413
1781141390.520988,0.001010211,98728,4,781.840625
1781141390.521973,0.000993428,124858,5,1005.471962
1781141390.522827,0.000996331,121962,5,979.289011
1781141390.523916,0.001010135,126306,5,1000.309860
1781141390.525026,0.000989881,119132,6,962.798559
1781141390.526247,0.001001565,100242,5,800.682931
1781141390.527209,0.001001400,127820,6,1021.130417
1781141390.528112,0.000997088,123410,5,990.163356
1781141390.529078,0.001012701,120580,6,952.541767
1781141390.531407,0.000987814,123476,6,999.993926
1781141390.531613,0.001013536,98728,4,779.275724
1781141390.532015,0.000992528,117552,4,947.495688
1781141390.532950,0.001003004,124924,6,996.398818
1781141390.534240,0.000991573,129268,6,1042.932795
1781141390.535541,0.001010866,97280,4,769.874543
1781141390.535977,0.000995713,120580,6,968.793217
1781141390.537029,0.001001590,123410,5,985.712717
1781141390.537945,0.000998008,130716,6,1047.815248
1781141390.538967,0.001006526,93002,5,739.192033
1781141390.539907,0.000986706,124924,6,1012.856920
1781141390.540990,0.000998770,124924,6,1000.622766
1781141390.541937,0.001001120,124858,5,997.746524
1781141390.542962,0.001000059,114722,5,917.721854
1781141390.544237,0.001000872,124858,5,997.993749
1781141390.544909,0.001003861,91488,4,729.088987
1781141390.546051,0.000999624,149606,7,1197.298184
1781141390.547290,0.000997326,97346,5,780.856009
1781141390.547889,0.000999014,126372,6,1011.973806
1781141390.548968,0.001000218,123476,6,987.592705
1781141390.549905,0.001009313,98794,5,783.059368
1781141390.553230,0.000996972,124924,6,1002.427350
1781141390.553397,0.000992607,120514,5,971.292767
1781141390.553463,0.001001438,120580,6,963.254840
1781141390.554086,0.001002134,101690,5,811.787645
1781141390.555408,0.001005283,127688,4,1016.135755
1781141390.555944,0.000991312,120580,6,973.094243
1781141390.556956,0.001007253,127820,6,1015.196778
1781141390.557964,0.000996226,120514,5,967.764343
1781141390.558936,0.001005130,123476,6,982.766408
1781141390.559832,0.000996539,97280,4,780.942843
1781141390.560859,0.000994209,120580,6,970.258769
1781141390.561812,0.001003789,124924,6,995.619597
1781141390.562846,0.001010444,124924,6,989.062234
1781141390.563826,0.000996307,120580,6,968.215620
1781141390.564860,0.000989402,98794,5,798.817872
1781141390.565866,0.001002266,127820,6,1020.248118
1781141390.567085,0.000998307,95898,5,768.485045
1781141390.567887,0.001005584,151054,7,1201.721587
1781141390.568837,0.000997697,98794,5,792.176382
1781141390.569923,0.000998921,124858,5,999.942938
1781141390.570903,0.000997283,121962,5,978.354188
1781141390.572166,0.001008236,117618,5,933.257690
1781141390.572886,0.000995005,105968,4,851.999739
1781141390.573964,0.001004551,121896,4,970.750116
1781141390.575031,0.000992185,120580,6,972.238040
1781141390.576031,0.001000901,124924,6,998.492358
1781141390.577029,0.000999253,98794,5,790.942834
1781141390.578036,0.001004701,124858,5,994.190311
1781141390.579170,0.000995570,123410,5,991.673112
1781141390.579821,0.001000534,119132,6,952.547340
1781141390.580802,0.001000040,126372,6,1010.935563
1781141390.581808,0.000998925,100242,5,802.799009
1781141390.582986,0.001012063,122028,6,964.588173
1781141390.583883,0.000987688,123476,6,1000.121496
1781141390.584857,0.001009952,124924,6,989.544058
1781141390.586619,0.001004837,97346,5,775.019232
1781141390.586894,0.000991561,124924,6,1007.897648
1781141390.587914,0.000994911,119066,5,957.400210
1781141390.588905,0.001012076,120580,6,953.130002
1781141390.589871,0.000987465,130716,6,1059.002598
1781141390.590947,0.001010877,94450,5,747.469771
1781141390.591950,0.000999402,126372,6,1011.580925
1781141390.592947,0.000989442,126372,6,1021.763782
1781141390.594006,0.001004511,120514,5,959.782421
1781141390.594924,0.001001603,126372,6,1009.357999
1781141390.595816,0.000996216,97346,5,781.726051
1781141390.596829,0.001000620,121896,4,974.563770
1781141390.598120,0.001008010,126306,5,1002.418627
1781141390.598921,0.001001539,116236,6,928.459101
1781141390.599812,0.000992746,127820,6,1030.031851
1781141390.600896,0.000996695,98794,5,792.972775
1781141390.601860,0.001006273,129268,6,1027.697255
1781141390.602939,0.000991422,117684,6,949.617822
1781141390.604012,0.001004684,124924,6,994.732672
1781141390.605010,0.000996433,98794,5,793.181278
1781141390.605928,0.001012398,124924,6,987.153274
1781141390.607061,0.000997022,119066,5,955.373101
1781141390.607935,0.000989324,123476,6,998.467641
1781141390.608900,0.001000027,124924,6,999.365017
1781141390.609961,0.001008854,97346,5,771.933303
1781141390.610952,0.001003597,123476,6,984.267589
1781141390.611941,0.001000884,126372,6,1010.083087
1781141390.612835,0.000987431,123476,6,1000.381799
1781141390.613823,0.001010504,98794,5,782.136439
1781141390.614831,0.000992810,124924,6,1006.629667
1781141390.615819,0.001003049,117618,5,938.083783
1781141390.616824,0.001002475,124924,6,996.924612
1781141390.617831,0.000996825,123476,6,990.954280
1781141390.618839,0.000997642,123476,6,990.142757
1781141390.620081,0.001004972,100242,5,797.968501
1781141390.621007,0.000991278,126372,6,1019.871318
1781141390.621920,0.001000596,124924,6,998.796717
1781141390.622921,0.001000260,95898,5,766.984584
1781141390.623855,0.001009681,124924,6,989.809653
1781141390.624823,0.001003098,114722,5,914.941511
1781141390.625851,0.000999479,126372,6,1011.502993
1781141390.626836,0.000988776,124924,6,1010.736507
1781141390.627804,0.000998179,97346,5,780.188724
1781141390.628797,0.000999870,124924,6,999.521938
1781141390.629802,0.001000006,126372,6,1010.969934
1781141390.630848,0.001010094,124924,6,989.404946
1781141390.631939,0.000990601,97346,5,786.157090
1781141390.632950,0.000999764,124924,6,999.627912
1781141390.633918,0.001002468,116170,5,927.071986
1781141390.634872,0.001004364,126372,6,1006.583271
1781141390.635832,0.000992672,124924,6,1006.769608
1781141390.636815,0.001000288,97346,5,778.543779
1781141390.637825,0.000999968,123476,6,987.839611
1781141390.638915,0.000999921,126372,6,1011.055873
1781141390.639829,0.001011025,123476,6,977.036176
1781141390.640804,0.000998792,98794,5,791.307900
1781141390.641903,0.000990234,124924,6,1009.248319
1781141390.642840,0.001000749,119066,5,951.815090
1781141390.643823,0.001007497,122028,6,968.959709
1781141390.644811,0.000993361,127820,6,1029.394148
1781141390.645918,0.000999759,97346,5,778.955728
1781141390.646913,0.000999184,123476,6,988.614710
1781141390.647917,0.001009928,124924,6,989.567573
1781141390.648867,0.000989866,124924,6,1009.623525
1781141390.649968,0.001005975,123476,6,981.940903
1781141390.650901,0.000993245,98794,5,795.727137
1781141390.651872,0.001000576,114722,5,917.247665
1781141390.653042,0.000999690,117618,5,941.235783
1781141390.654017,0.001007247,124924,6,992.201516
1781141390.655079,0.001005670,123476,6,982.238707
1781141390.655814,0.000998811,98794,5,791.292847
1781141390.656832,0.001000209,123476,6,987.601591
1781141390.657831,0.001000980,124924,6,998.413555
1781141390.658977,0.000987944,124924,6,1011.587701
1781141390.659806,0.001000201,98794,5,790.193171
1781141390.660824,0.001010815,120514,5,953.796689
1781141390.661859,0.001000665,122028,6,975.575242
1781141390.662852,0.000995541,126372,6,1015.504133
1781141390.663838,0.001004283,122028,6,972.060664
1781141390.664827,0.000994703,98794,5,794.560788
1781141390.665791,0.000992875,126372,6,1018.230895
1781141390.666846,0.001012187,123476,6,975.914530
1781141390.667813,0.000987875,123476,6,999.932178
1781141390.668835,0.001008160,98794,5,783.954928
1781141390.669869,0.000999270,117618,5,941.631391
1781141390.670853,0.000992527,123476,6,995.245469
1781141390.672161,0.001012573,124924,6,986.982667
1781141390.672810,0.000996710,126372,6,1014.313090
1781141390.673924,0.000991199,98794,5,797.369650
1781141390.674954,0.000999720,123476,6,988.084664
1781141390.675931,0.001000445,123476,6,987.368621
1781141390.676925,0.000999846,126372,6,1011.131714
1781141390.677834,0.001001316,97346,5,777.744488
1781141390.678837,0.000998486,124924,6,1000.907374
1781141390.680137,0.001009590,114722,5,909.058133
1781141390.680814,0.000991055,126372,6,1020.100802
1781141390.681897,0.000999153,101690,5,814.209636
1781141390.683064,0.001013226,120580,6,952.048210
1781141390.683972,0.000986632,126372,6,1024.673840
1781141390.684845,0.001002469,126372,6,1008.486048
1781141390.685897,0.001004525,123476,6,983.358304
1781141390.686971,0.001005875,97346,5,774.219461
1781141390.688181,0.000994164,124924,6,1005.258690
1781141390.689118,0.000993084,116170,5,935.832216
1781141390.689942,0.001013441,123654,7,976.112078
1781141390.690965,0.000997293,129268,6,1036.951026
1781141390.692076,0.000989773,95898,5,775.111061
1781141390.692821,0.001002835,124924,6,996.566733
1781141390.694457,0.000996742,123476,6,991.036798
1781141390.696311,0.001001307,124924,6,998.087500
1781141390.696410,0.001004877,98794,5,786.516161
1781141390.696866,0.000999034,124924,6,1000.358346
1781141390.697897,0.000994614,114722,5,922.745909
1781141390.698832,0.000999795,126372,6,1011.183293
1781141390.699817,0.001000204,126372,6,1010.769803
1781141390.700813,0.001000346,98794,5,790.078633
1781141390.701905,0.000999620,122028,6,976.595106
1781141390.702848,0.001016005,126372,6,995.050221
1781141390.703846,0.000995350,123476,6,992.422766
1781141390.704834,0.000997485,98848,6,792.777836
1781141390.706069,0.000991622,124858,5,1007.303186
1781141390.706863,0.001000737,116380,6,930.354329
1781141390.708465,0.001003322,126306,5,1007.102406
1781141390.709570,0.000996686,124924,6,1002.714998
1781141390.710175,0.001004463,95898,5,763.775271
1781141390.711833,0.000995091,127820,6,1027.604511
1781141390.712549,0.000999494,127754,5,1022.549410
1781141390.713376,0.001010609,121962,5,965.453504
1781141390.714090,0.000990470,95898,5,774.565610
1781141390.715206,0.001008618,120514,5,955.874275
1781141390.716033,0.000991686,122028,6,984.408371
1781141390.717913,0.000999086,126372,6,1011.900877
1781141390.718086,0.001011655,126372,6,999.328823
1781141390.719240,0.000998533,94450,5,756.710094
1781141390.719930,0.001002443,95898,5,765.314337
1781141390.720933,0.000987316,126372,6,1023.963959
1781141390.722028,0.001000068,124924,6,999.324046
1781141390.722985,0.001003633,97346,5,775.948977
1781141390.723944,0.000998757,124924,6,1000.635790
1781141390.725019,0.001010255,121962,5,965.791805
1781141390.726451,0.000987229,122174,7,990.035747
1781141390.727524,0.001009150,105968,4,840.057474
1781141390.727979,0.000999785,117552,4,940.618233
1781141390.728999,0.000999050,122028,6,977.152295
1781141390.729936,0.000993638,97346,5,783.754245
1781141390.730995,0.001002849,124924,6,996.552821
1781141390.732922,0.000996109,117618,5,944.619515
1781141390.733540,0.001010800,123476,6,977.253660
1781141390.733835,0.001004253,123476,6,983.624644
1781141390.734841,0.000991472,126372,6,1019.671761
1781141390.735924,0.000992905,100242,5,807.666393
1781141390.736854,0.001001110,123476,6,986.712749
1781141390.737946,0.000998598,123476,6,989.194851
1781141390.738845,0.001006204,124924,6,993.230001
1781141390.739818,0.000993637,98794,5,795.413214
1781141390.740813,0.001008141,117618,5,933.345633
1781141390.741840,0.000997819,123476,6,989.967118
1781141390.742850,0.000994061,126372,6,1017.016058
1781141390.743883,0.001000012,123476,6,987.796146
1781141390.744810,0.001000164,98794,5,790.222404
1781141390.745838,0.001006105,123476,6,981.814025
1781141390.747561,0.000993808,124924,6,1005.618792
1781141390.747795,0.001000536,124924,6,998.856613
1781141390.748795,0.000999382,98794,5,790.840740
1781141390.749825,0.001000051,117618,5,940.896014
1781141390.750846,0.001003552,124924,6,995.854724
1781141390.751856,0.000999012,123476,6,988.784920
1781141390.752804,0.001004704,124924,6,994.712871
1781141390.753805,0.000993370,100242,5,807.288322
1781141390.754845,0.001008320,122028,6,968.168835
1781141390.755822,0.000991142,124924,6,1008.323732
1781141390.756792,0.001000562,98794,5,789.908072
1781141390.757832,0.001009568,124924,6,989.920441
1781141390.758854,0.001002606,124924,6,996.794354
1781141390.759840,0.000994329,119066,5,957.960595
1781141390.760807,0.000997483,122028,6,978.687356
1781141390.761815,0.000998212,124924,6,1001.182114
1781141390.762831,0.001002673,98794,5,788.245021
1781141390.763847,0.001005612,124924,6,993.814712
1781141390.764853,0.000991112,123476,6,996.666371
1781141390.765883,0.001010588,124924,6,988.921301
1781141390.766833,0.000989923,94384,4,762.758316
1781141390.767840,0.000997954,129202,5,1035.735114
1781141390.768877,0.001011682,81748,10,646.432377
1781141390.770008,0.000999857,100308,6,802.578769
1781141390.771075,0.000992010,125056,8,1008.505963
1781141390.771986,0.000996687,125056,8,1003.773502
1781141390.772927,0.000998906,125056,8,1001.543689
1781141390.773920,0.001000069,106166,7,849.269400
1781141390.774832,0.001000910,125056,8,999.538420
1781141390.775820,0.001007114,125056,8,993.381087
1781141390.776858,0.000992798,129334,7,1042.177764
1781141390.777826,0.001003260,123476,6,984.598210
1781141390.778837,0.001003749,103138,5,822.022239
1781141390.779837,0.000994752,124924,6,1004.664479
1781141390.780817,0.001005103,124924,6,994.317995
1781141390.781825,0.001000820,116170,5,928.598549
1781141390.782841,0.001001559,126372,6,1009.402342
1781141390.783829,0.000998740,126372,6,1012.251437
1781141390.784828,0.001002774,97346,5,776.613674
1781141390.785834,0.001002228,123476,6,985.612056
1781141390.786836,0.000995153,126372,6,1015.900068
1781141390.787838,0.000998711,122028,6,977.483977
1781141390.788838,0.000992325,98794,5,796.464868
1781141390.789844,0.001007003,124924,6,992.441929
1781141390.790833,0.001003429,119066,5,949.272943
1781141390.791842,0.000996656,123476,6,991.122313
1781141390.792827,0.000992672,100242,5,807.855969
1781141390.793822,0.001000599,123410,5,986.688973
1781141390.794867,0.001004277,129136,4,1028.688300
1781141390.795828,0.001000831,91488,4,731.296293
1781141390.796908,0.000999755,124792,4,998.580652
1781141390.797853,0.000998703,114722,5,918.967901
1781141390.798819,0.000996161,124924,6,1003.243452
1781141390.799886,0.001000666,98794,5,789.825976
1781141390.800847,0.001002692,126372,6,1008.261759
1781141390.801956,0.001004963,123476,6,982.929720
1781141390.805165,0.000992543,126372,6,1018.571488
1781141390.805481,0.001010899,87144,4,689.635661
1781141390.805689,0.000988250,130650,5,1057.627119
1781141390.805957,0.001010008,122028,6,966.550760
1781141390.806989,0.000993719,124924,6,1005.708857
1781141390.807938,0.000999745,124924,6,999.646910
1781141390.808873,0.001004558,123476,6,983.326000
1781141390.809968,0.000998202,98794,5,791.775613
1781141390.810997,0.000999026,124924,6,1000.366357
1781141390.811826,0.001003662,123476,6,984.203846
1781141390.812876,0.001000839,124924,6,998.554213
1781141390.813858,0.000992833,98794,5,796.057343
1781141390.815466,0.001000253,119066,5,952.287071
1781141390.816052,0.001006805,123476,6,981.131401
1781141390.816814,0.000999364,107482,5,860.403216
1781141390.817850,0.001002528,113208,4,903.380255
1781141390.819494,0.000990967,127820,6,1031.880981
1781141390.819871,0.001006244,123476,6,981.678400
1781141390.820860,0.000990693,97346,5,786.084085
1781141390.822058,0.001001285,124858,5,997.582107
1781141390.823056,0.001011370,117618,5,930.365742
1781141390.823890,0.001000771,126372,6,1010.197138
1781141390.824827,0.000993044,122028,6,983.062181
1781141390.825920,0.001001791,124924,6,997.605289
1781141390.827223,0.001001869,98794,5,788.877588
1781141390.827963,0.001002165,123476,6,985.674016
1781141390.828955,0.000993266,124924,6,1006.167532
1781141390.829975,0.000998358,98794,5,791.651892
1781141390.831189,0.001006980,124924,6,992.464597
1781141390.832177,0.000996945,117618,5,943.827393
1781141390.833344,0.000999687,111826,5,894.888100
1781141390.834325,0.000993347,0,0,0.000000
1781141390.835237,0.001004488,0,0,0.000000
1781141390.835885,0.001006625,0,0,0.000000
1781141390.837146,0.000988272,0,0,0.000000
1781141390.838450,0.001000506,0,0,0.000000
1781141390.838976,0.001013776,0,0,0.000000
1781141390.839979,0.001001134,0,0,0.000000
1781141390.841357,0.000998196,62396,2,500.070127
1781141390.842215,0.000998648,62396,2,499.843789
1781141390.843211,0.001001358,124792,4,996.982098
1781141390.843917,0.000991473,124792,4,1006.922024
1781141390.844809,0.000995442,124792,4,1002.907251
1781141390.845823,0.001013440,116104,4,916.514051
1781141390.846811,0.000993852,132164,6,1063.852566
1781141390.847823,0.000992316,117684,6,948.762289
1781141390.848824,0.001008174,126306,5,1002.255563
1781141390.849822,0.000992553,122028,6,983.548486
1781141390.850844,0.001012349,101690,5,803.596388
1781141390.851824,0.000992048,122028,6,984.049159
1781141390.852819,0.000994771,127820,6,1027.935072
1781141390.853816,0.001000281,95898,5,766.968482
1781141390.855116,0.001000593,95832,4,766.201642
1781141390.856147,0.001002011,116170,6,927.494808
1781141390.857100,0.000998501,117618,5,942.356593
1781141390.857893,0.001011380,127820,6,1011.054203
1781141390.859576,0.000997509,119132,6,955.435991
1781141390.859860,0.001001931,98794,5,788.828772
1781141390.860917,0.000993505,124924,6,1005.925486
1781141390.861852,0.000994581,124924,6,1004.837213
1781141390.862910,0.001013513,127820,6,1008.926378
1781141390.863878,0.000986499,95898,5,777.683505
1781141390.865412,0.001000433,124924,6,998.959451
1781141390.866544,0.000999805,114722,5,917.955001
1781141390.866962,0.001002482,110312,4,880.311068
1781141390.867822,0.001004402,124792,4,993.960586
1781141390.868825,0.001002376,124792,4,995.969576
1781141390.869890,0.000991409,117552,4,948.565123
1781141390.870847,0.001012760,121962,5,963.402978
1781141390.871823,0.000992708,123476,6,995.064007
1781141390.872832,0.001008233,98794,5,783.898166
1781141390.873822,0.000991033,124924,6,1008.434633
1781141390.874841,0.001000403,119066,5,952.144286
1781141390.875825,0.000998349,120580,6,966.235254
1781141390.876858,0.001006095,126372,6,1004.851431
1781141390.877832,0.001001260,97346,5,777.787987
1781141390.878848,0.000990631,129268,6,1043.924529
1781141390.879878,0.001006309,120580,6,958.592242
1781141390.881129,0.000995522,124924,6,1003.887408
1781141390.881862,0.001002325,98794,5,788.518694
1781141390.882884,0.001004303,124924,6,995.110041
1781141390.883852,0.001002606,116170,5,926.944383
1781141390.884843,0.000994453,126372,6,1016.615164
1781141390.886084,0.000994898,98794,5,794.405055
1781141390.886867,0.001009288,122028,6,967.240272
1781141390.887870,0.001000849,124924,6,998.544236
1781141390.888972,0.001000943,126372,6,1010.023548
1781141390.889932,0.000998831,124924,6,1000.561657
1781141390.890844,0.000998438,97346,5,779.986339
1781141390.893076,0.000989328,124924,6,1010.172562
1781141390.893325,0.001001024,119066,5,951.553609
1781141390.893872,0.001011634,124924,6,987.898786
1781141390.894836,0.000993911,123476,6,993.859611
1781141390.895868,0.001000177,97346,5,778.630182
1781141390.896892,0.000992459,126372,6,1018.657698
1781141390.898223,0.001014444,123410,5,973.222770
1781141390.898973,0.000991591,123410,5,995.652441
1781141390.899813,0.000994370,98794,5,794.826875
1781141390.900809,0.001003407,124858,5,995.472425
1781141390.901804,0.001001518,119066,5,951.084254
1781141390.902988,0.001006913,123476,6,981.026166
1781141390.903924,0.000988369,122028,6,987.712079
1781141390.904883,0.001009555,103138,5,817.294749
1781141390.905812,0.001002329,120580,6,962.398574
1781141390.906888,0.000991528,126372,6,1019.614171
1781141390.907892,0.001002965,126372,6,1007.987318
1781141390.908805,0.000996579,95898,5,769.817546
1781141390.909863,0.001007172,98794,5,784.723960
1781141390.910907,0.001000753,120514,5,963.386570
1781141390.911862,0.001000148,122028,6,976.079540
1781141390.912830,0.000988533,126372,6,1022.703339
1781141390.913863,0.001006069,95898,5,762.556047
1781141390.914988,0.001008442,126372,6,1002.512787
1781141390.916005,0.000995186,123476,6,992.586310
1781141390.916875,0.000999800,123476,6,988.005601
1781141390.917860,0.000990845,98794,5,797.654527
1781141390.918887,0.001003528,88592,4,706.244370
1781141390.919880,0.001009574,0,0,0.000000
1781141390.920845,0.000989721,73980,2,597.986705
1781141390.921869,0.001008107,124792,4,990.307576
1781141390.922875,0.000995440,124792,4,1002.909266
1781141390.923874,0.001003168,124792,4,995.183259
1781141390.924848,0.000994104,120448,4,969.298987
1781141390.925844,0.000995537,120514,5,968.434121
1781141390.926906,0.001004354,124924,6,995.059511
1781141390.927835,0.000999800,123476,6,988.005601
1781141390.928832,0.001005981,97346,5,774.137881
1781141390.929852,0.000995981,124924,6,1003.424764
1781141390.930850,0.000996400,117618,5,944.343637
1781141390.931849,0.001002504,124924,6,996.895773
1781141390.932820,0.000996540,123476,6,991.237682
1781141390.933817,0.000998681,98794,5,791.395851
1781141390.935168,0.001000321,126372,6,1010.651581
1781141390.935800,0.001000934,122028,6,975.313058
1781141390.936878,0.001007273,127820,6,1015.176620
1781141390.937861,0.001000392,95898,5,766.883382
1781141390.938989,0.000996223,124924,6,1003.181015
1781141390.939825,0.000995701,114722,5,921.738554
1781141390.940834,0.000999220,129268,6,1034.951262
1781141390.941834,0.001004142,122028,6,972.197159
1781141390.942904,0.000999506,124924,6,999.885944
1781141390.943879,0.001004219,97346,5,775.496182
1781141390.945972,0.000992630,126372,6,1018.482214
1781141390.946129,0.001002928,124924,6,996.474323
1781141390.946831,0.001005965,97280,4,773.625325
1781141390.948517,0.000992362,124858,5,1006.552045
1781141390.948982,0.001000247,124792,4,998.089472
1781141390.949885,0.001008684,116170,5,921.358919
1781141390.950931,0.000991625,123476,6,996.150763
1781141390.951814,0.000997704,100242,5,803.781482
1781141390.952834,0.001000931,123476,6,986.889206
1781141390.953798,0.001003557,126372,6,1007.392704
1781141390.954856,0.000995841,123476,6,991.933451
1781141390.955887,0.001012674,98794,5,780.460444
1781141390.956816,0.000988162,124924,6,1011.364533
1781141390.957803,0.001005038,116170,5,924.701355
1781141390.959064,0.001002275,117618,5,938.808211
1781141390.959951,0.001000492,129268,6,1033.635451
1781141390.960936,0.000991510,119132,6,961.216730
1781141390.961937,0.001001198,98794,5,789.406291
1781141390.963518,0.001001138,126372,6,1009.826817
1781141390.964010,0.001001334,124924,6,998.060587
1781141390.964987,0.001010231,122028,6,966.337402
1781141390.965990,0.000998099,98794,5,791.857321
1781141390.967027,0.000987825,117618,5,952.541189
1781141390.967951,0.000999443,123476,6,988.358516
1781141390.968936,0.001004952,126372,6,1005.994316
1781141390.969961,0.000995949,122028,6,980.194769
1781141390.970947,0.001000613,100242,5,801.444714
1781141390.971967,0.001002267,123476,6,985.573704
1781141390.972997,0.000996557,124924,6,1002.844795
1781141390.973922,0.001003600,126372,6,1007.349542
1781141390.974908,0.001006689,97346,5,773.593434
1781141390.975873,0.000995891,124924,6,1003.515445
1781141390.976880,0.000993650,119066,5,958.615207
1781141390.977875,0.001007732,124858,5,991.200041
1781141390.980624,0.000992196,95898,5,773.218195
1781141390.980777,0.001000812,97214,3,777.081010
1781141390.980895,0.001005515,151054,7,1201.804051
1781141390.981839,0.001000095,98794,5,790.276924
1781141390.982812,0.000998358,119066,5,954.094623
1781141390.983834,0.001005977,129268,6,1027.999646
1781141390.984792,0.000989167,119132,6,963.493525
1781141390.985817,0.000999930,98794,5,790.407329
1781141390.986844,0.001000459,122028,6,975.776119
1781141390.987825,0.001005185,126372,6,1005.761129
1781141390.988795,0.000994403,124924,6,1005.017081
1781141390.989867,0.001012478,126372,6,998.516511
1781141390.990930,0.000988597,95898,5,776.033106
1781141390.991806,0.001000204,124924,6,999.188166
1781141390.992813,0.001003136,124792,4,995.215006
1781141390.993871,0.000995611,119066,5,956.727075
1781141390.996035,0.001011003,123476,6,977.057437
1781141390.996076,0.000990654,107482,5,867.968029
1781141390.996807,0.000998151,87144,4,698.443422
1781141390.997852,0.001004088,150922,5,1202.460342
1781141390.998849,0.000998011,44166,11,354.032170
1781141391.001107,0.001006767,97478,7,774.582401
1781141391.001249,0.000999819,120712,8,965.870823
1781141391.002060,0.000993678,110510,7,889.704713
1781141391.002955,0.000998580,125056,8,1001.870656
1781141391.004215,0.001011795,106100,6,838.905114
1781141391.004999,0.001000759,143814,7,1149.639424
1781141391.006212,0.000995303,91554,5,735.888468
1781141391.007224,0.001000681,113406,7,906.630585
1781141391.008098,0.000999148,98992,8,792.611305
1781141391.008880,0.001005166,125122,9,995.831534
1781141391.009876,0.000996517,109128,8,876.075371
1781141391.010852,0.000994751,91554,5,736.296822
1781141391.012070,0.001004732,140984,8,1122.560046
1781141391.012839,0.000995802,91620,6,736.049938
1781141391.014063,0.001004526,119198,7,949.287525
1781141391.014937,0.000990416,125056,8,1010.129077
1781141391.016276,0.001007167,74310,7,590.249681
1781141391.017012,0.000992933,125188,10,1008.632002
1781141391.018061,0.001000049,112024,8,896.148089
1781141391.019104,0.001005468,125122,9,995.532429
1781141391.019878,0.001001341,126570,9,1011.203975
1781141391.020809,0.000996028,120646,7,969.016935
1781141391.021804,0.000999672,107614,7,861.194472
1781141391.022861,0.001007040,103138,5,819.335875
1781141391.023851,0.000995641,130716,6,1050.306285
1781141391.025350,0.000995634,123476,6,992.139682
1781141391.025941,0.000999264,101690,5,814.119192
1781141391.027926,0.001002872,127820,6,1019.631618
1781141391.027969,0.001004310,127820,6,1018.171680
1781141391.029112,0.001000811,122028,6,975.432924
1781141391.030104,0.000997843,126372,6,1013.161389
1781141391.031157,0.000997882,98794,5,792.029519
1781141391.032106,0.001009168,124924,6,990.312812
1781141391.033062,0.000998685,114722,5,918.984465
1781141391.034428,0.000995301,126372,6,1015.749005
1781141391.035243,0.000993226,124924,6,1006.208053
1781141391.036134,0.001004262,98794,5,786.997815
1781141391.037165,0.000998469,126372,6,1012.526178
1781141391.038492,0.000997879,123476,6,989.907594
1781141391.041502,0.001004132,123476,6,983.743173
1781141391.041549,0.000995284,98794,5,794.096961
1781141391.041695,0.001001354,120514,5,962.808357
1781141391.042384,0.001009732,120580,6,955.342606
1781141391.042828,0.000993305,124924,6,1006.128027
1781141391.043823,0.000997255,97346,5,780.911602
1781141391.044819,0.001008422,126372,6,1002.532670
1781141391.045807,0.000995567,123476,6,992.206451
1781141391.046857,0.000995732,126372,6,1015.309340
1781141391.047870,0.001008241,124924,6,991.223329
1781141391.048828,0.000994587,97346,5,783.006414
1781141391.050021,0.001005458,124924,6,993.966929
1781141391.051426,0.001000372,119066,5,952.173791
1781141391.051923,0.000990973,122028,6,985.116648
1781141391.052982,0.001011340,126372,6,999.640081
1781141391.053913,0.000994727,122028,6,981.398916
1781141391.054820,0.000997371,98794,5,792.435312
1781141391.055834,0.001000417,124924,6,998.975427
1781141391.056802,0.000995466,124924,6,1003.943882
1781141391.057920,0.000999032,98794,5,791.117802
1781141391.058840,0.001005335,124924,6,994.088538
1781141391.059820,0.000999975,116170,5,929.383235
1781141391.060825,0.000994833,124924,6,1004.582679
1781141391.062112,0.001007313,123476,6,980.636605
1781141391.062882,0.001005988,100242,5,797.162590
1781141391.063926,0.000994998,123476,6,992.773855
1781141391.064886,0.000996405,126372,6,1014.623572
1781141391.065905,0.001004592,124924,6,994.823769
1781141391.066834,0.000990984,97346,5,785.853253
1781141391.067844,0.001007017,124924,6,992.428132
1781141391.068806,0.000995024,117618,5,945.649552
1781141391.069832,0.001010001,69768,4,552.617275
1781141391.070856,0.000992299,155266,5,1251.767864
1781141391.071902,0.000996732,122028,6,979.424760
1781141391.072808,0.001012706,124924,6,986.853045
1781141391.073825,0.000995136,123476,6,992.636182
1781141391.074971,0.000993985,98794,5,795.134735
1781141391.076004,0.000996913,117618,5,943.857689
1781141391.076919,0.001003666,123476,6,984.199923
1781141391.077876,0.001002834,126372,6,1008.118991
1781141391.079022,0.001000988,97346,5,777.999337
1781141391.079860,0.000992637,126372,6,1018.475032
1781141391.080800,0.001004780,122028,6,971.579848
1781141391.081820,0.000995121,126372,6,1015.932736
1781141391.083049,0.001000656,97346,5,778.257463
1781141391.084070,0.001005199,124924,6,994.223034
1781141391.084837,0.001004462,117618,5,936.764158
1781141391.086069,0.001001423,124924,6,997.971886
1781141391.087010,0.000993837,122028,6,982.277778
1781141391.087827,0.001001538,127820,6,1020.989718
1781141391.088873,0.000993402,97492,6,785.116197
1781141391.089844,0.000999962,126372,6,1011.014419
1781141391.091394,0.001012745,124924,6,986.815042
1781141391.091815,0.001000796,124924,6,998.597117
1781141391.092821,0.000992329,71150,3,573.600086
1781141391.093832,0.001005761,123344,4,981.099884
1781141391.094834,0.000992653,116170,5,936.238545
1781141391.096053,0.000999745,124924,6,999.646910
1781141391.097052,0.001005661,63910,3,508.401937
1781141391.097831,0.000991494,95766,3,772.700591
1781141391.099015,0.001009386,159610,5,1265.006648
1781141391.099892,0.000989853,117618,5,950.589633
1781141391.100924,0.001000539,123476,6,987.275858
1781141391.101995,0.001008999,98794,5,783.303056
1781141391.102817,0.000991350,119066,5,960.839260
1781141391.103854,0.000998211,116170,5,931.025605
1781141391.104818,0.001000375,126372,6,1010.597026
1781141391.105855,0.001008326,122028,6,968.163074
1781141391.108625,0.000993440,100242,5,807.231438
1781141391.108674,0.001000680,123476,6,987.136747
1781141391.109038,0.001008605,124924,6,990.865601
1781141391.109970,0.000999354,126372,6,1011.629513
1781141391.111031,0.000997592,88592,4,710.446756
1781141391.111906,0.000994953,129202,5,1038.859122
1781141391.113033,0.001005273,122028,6,971.103372
1781141391.113902,0.001001384,122028,6,974.874773
1781141391.114928,0.000990570,129268,6,1043.988815
1781141391.115862,0.001007164,97346,5,773.228590
1781141391.117073,0.000992819,124924,6,1006.620542
1781141391.117912,0.001013337,123476,6,974.806999
1781141391.118963,0.000996039,123476,6,991.736267
1781141391.120309,0.000996990,98794,5,792.738142
1781141391.121573,0.001002583,124924,6,996.817221
1781141391.122079,0.000990759,119066,5,961.412412
1781141391.124021,0.001006350,124924,6,993.085905
1781141391.124408,0.001006507,120580,6,958.403667
1781141391.124985,0.000999892,101690,5,813.607870
1781141391.125948,0.000988471,124924,6,1011.048377
1781141391.127038,0.001002507,123476,6,985.337758
1781141391.127974,0.000997741,123476,6,990.044511
1781141391.128963,0.000998317,98794,5,791.684405
1781141391.129972,0.001002831,124924,6,996.570708
1781141391.131086,0.001007079,124924,6,992.367034
1781141391.131821,0.000989999,116170,5,938.748423
1781141391.132811,0.001007942,126372,6,1003.010094
1781141391.133832,0.001004263,95898,5,763.927378
1781141391.134914,0.000999313,124924,6,1000.079054
1781141391.135816,0.000990800,126372,6,1020.363343
1781141391.136826,0.001010447,124924,6,989.059298
1781141391.138194,0.000986912,97346,5,789.095684
1781141391.138846,0.001013176,124924,6,986.395256
1781141391.139814,0.000995530,119066,5,956.804918
1781141391.141068,0.000996411,122028,6,979.740288
1781141391.142206,0.001002939,124924,6,996.463394
1781141391.142835,0.000992378,97346,5,784.749360
1781141391.144469,0.001013306,124924,6,986.268709
1781141391.144823,0.000990568,124924,6,1008.908020
1781141391.145821,0.001003583,127820,6,1018.909248
1781141391.147247,0.000994622,95898,5,771.332225
1781141391.148022,0.001010436,124924,6,989.070065
1781141391.149127,0.000995212,124924,6,1004.200110
1781141391.151189,0.000992770,114722,5,924.459845
1781141391.151244,0.001000634,126372,6,1010.335447
1781141391.151821,0.000999148,98794,5,791.025954
1781141391.153015,0.001004041,123476,6,983.832334
1781141391.154022,0.001003381,127820,6,1019.114374
1781141391.154909,0.000996178,95832,4,769.597401
1781141391.155913,0.001003377,124858,5,995.502189
1781141391.156914,0.000999549,124792,4,998.786453
1781141391.157919,0.000992844,123344,4,993.864091
1781141391.158863,0.001000322,120580,6,964.329486
1781141391.160394,0.001004531,97346,5,775.255318
1781141391.161593,0.001005069,122028,6,971.300478
1781141391.161808,0.000990190,36332,2,293.535584
1781141391.162819,0.001000351,0,0,0.000000
1781141391.163806,0.000999943,0,0,0.000000
1781141391.164798,0.001003957,0,0,0.000000
1781141391.165806,0.001006402,0,0,0.000000
1781141391.166836,0.000999587,37714,1,301.836659
1781141391.167859,0.001002702,0,0,0.000000
1781141391.168815,0.000990694,37714,1,304.546106
1781141391.171273,0.001003194,62396,2,497.578734
1781141391.171320,0.000992980,124858,5,1005.925598
1781141391.171823,0.001001171,121896,4,974.027414
1781141391.172814,0.001008302,46702,3,370.539779
1781141391.173821,0.001003946,75428,2,601.052248
1781141391.174838,0.000999698,0,0,0.000000
1781141391.175822,0.000994703,50812,2,408.660676
1781141391.177876,0.001993171,198838,7,798.077034
1781141391.178843,0.001006791,150988,6,1199.756454
1781141391.179820,0.000995973,98794,5,793.547616
1781141391.180817,0.000996379,121896,4,978.711916
1781141391.182481,0.001000091,114722,5,917.692490
1781141391.183287,0.001008798,135060,6,1071.056842
1781141391.184003,0.000992906,116170,5,935.999984
1781141391.184999,0.001004063,100242,5,798.690919
1781141391.186170,0.000996572,123476,6,991.205854
1781141391.187514,0.001001879,62462,3,498.758832
1781141391.190285,0.000996084,127754,5,1026.050012
1781141391.190486,0.001006934,121896,4,968.452749
1781141391.190566,0.000995340,133480,4,1072.839432
1781141391.191210,0.000997804,114900,6,921.223006
1781141391.192036,0.001005213,98728,4,785.728000
1781141391.192965,0.000996118,124792,4,1002.226644
1781141391.193997,0.001007812,124858,5,991.121360
1781141391.195061,0.001003412,121962,5,972.378245
1781141391.196127,0.000995919,123476,6,991.855763
1781141391.196917,0.000991550,120580,6,972.860673
1781141391.198014,0.000999671,71150,3,569.387328
1781141391.200365,0.001012168,124792,4,986.334284
1781141391.200785,0.000999847,124924,6,999.544930
1781141391.202514,0.000988594,124924,6,1010.922583
1781141391.202810,0.001012012,119066,5,941.222041
1781141391.203243,0.000988151,127754,5,1034.287270
1781141391.204004,0.001008577,95898,5,760.659821
1781141391.205002,0.001005973,148158,7,1178.226453
1781141391.206039,0.000985686,98794,5,801.829386
1781141391.207316,0.000999472,130716,6,1046.280436
1781141391.207985,0.001012251,91488,4,723.045964
1781141391.208929,0.000988319,124924,6,1011.203872
1781141391.209932,0.001001947,124924,6,997.449965
1781141391.211063,0.001001956,120514,5,962.229878
1781141391.212099,0.000998640,98728,4,790.899623
1781141391.213148,0.000997264,149540,6,1199.602111
1781141391.214970,0.001006957,101842,5,809.107042
1781141391.215151,0.001006751,120580,6,958.171385
1781141391.216343,0.000986865,124792,4,1011.623677
1781141391.216957,0.000999045,95898,5,767.917361
1781141391.218021,0.001001539,151054,7,1206.575081
1781141391.220123,0.000998131,98728,4,791.302945
1781141391.220271,0.001002319,123410,5,984.995795
1781141391.221542,0.000997897,124924,6,1001.498151
1781141391.223307,0.001010574,117684,6,931.621039
1781141391.223423,0.000997643,126306,5,1012.835253
1781141391.225927,0.000997974,97346,5,780.348987
1781141391.226069,0.001001229,127820,6,1021.304816
1781141391.226188,0.001005653,122028,6,970.736427
1781141391.226991,0.000986902,97280,4,788.568672
1781141391.227950,0.000999981,123410,5,987.298759
1781141391.229057,0.001000741,120580,6,963.925731
1781141391.230068,0.001011260,120580,6,953.899096
1781141391.231184,0.000998455,132164,6,1058.948075
1781141391.232034,0.000996351,94450,5,758.367282
1781141391.233216,0.000998294,123476,6,989.496080
1781141391.234078,0.001002785,123476,6,985.064595
1781141391.235400,0.000992596,98794,5,796.247416
1781141391.236154,0.001012424,124858,5,986.606402
1781141391.237005,0.000993256,124858,5,1005.646077
1781141391.237995,0.000998844,121962,5,976.825210
1781141391.239862,0.001006203,120580,6,958.693226
1781141391.240077,0.000988845,69702,3,563.906376
1781141391.240999,0.001012647,124792,4,985.867731
1781141391.242256,0.001004879,124858,5,994.014205
1781141391.243020,0.000991819,94384,4,761.300197
1781141391.243970,0.001003309,119132,6,949.912739
1781141391.245024,0.000997507,156714,5,1256.845315
1781141391.245938,0.000989944,94450,5,763.275498
1781141391.247044,0.001002021,124858,5,996.849367
1781141391.248256,0.001005706,123476,6,982.203547
1781141391.249541,0.000992571,98728,4,795.735519
1781141391.251552,0.001004226,95898,5,763.955524
1781141391.252550,0.000995808,116170,5,933.272277
1781141391.253539,0.001000133,132164,6,1057.171396
1781141391.253708,0.001001821,126372,6,1009.138359
1781141391.254562,0.001006029,95832,4,762.061531
1781141391.255535,0.001000514,119066,5,952.038652
1781141391.255844,0.000993432,123476,6,994.338817
1781141391.256822,0.000997346,126306,5,1013.136865
1781141391.258089,0.001000216,124924,6,999.176178
1781141391.258824,0.001001246,97280,4,777.271520
1781141391.259840,0.001000852,124858,5,998.013692
1781141391.260818,0.000998040,116170,5,931.185123
1781141391.261872,0.001014138,129268,6,1019.727098
1781141391.262856,0.000986296,93002,5,754.353663
1781141391.263844,0.001012977,129268,6,1020.895835
1781141391.264823,0.000995697,132032,4,1060.820712
1781141391.265824,0.000996731,117552,4,943.500302
1781141391.266842,0.000999653,122028,6,976.562867
1781141391.267814,0.000994119,97280,4,782.843905
1781141391.268802,0.001003439,124924,6,995.966870
1781141391.269836,0.000996329,124858,5,1002.544340
1781141391.270833,0.001015343,116224,6,915.741774
1781141391.271836,0.000994489,126372,6,1016.578363
1781141391.272928,0.000990741,97280,4,785.513065
1781141391.273836,0.001009832,123410,5,977.667572
1781141391.274860,0.001002203,127820,6,1020.312252
1781141391.275837,0.000989446,124924,6,1010.052090
1781141391.277023,0.000998902,95832,4,767.498714
1781141391.277856,0.001007251,116170,5,922.669722
1781141391.279084,0.001003656,124924,6,995.751532
1781141391.280034,0.001003677,127820,6,1018.813822
1781141391.280960,0.000985785,101690,5,825.250942
1781141391.281983,0.001003880,122028,6,972.450891
1781141391.283024,0.000995889,122028,6,980.253823
1781141391.284679,0.000999721,126372,6,1011.258141
1781141391.284904,0.001003472,122028,6,972.846278
1781141391.285812,0.001008969,98794,5,783.326346
1781141391.286854,0.000996069,98794,5,793.471135
1781141391.287835,0.001000292,119066,5,952.249943
1781141391.288830,0.000999500,127820,6,1023.071536
1781141391.289805,0.000993719,120580,6,970.737200
1781141391.290845,0.001009773,97346,5,771.230762
1781141391.291836,0.000998629,127820,6,1023.963854
1781141391.293117,0.000988990,123410,5,998.270963
1781141391.294015,0.001011982,121962,5,964.143631
1781141391.294854,0.000996162,98794,5,793.397058
1781141391.295904,0.000998273,124924,6,1001.120936
1781141391.296854,0.001005134,116170,5,924.613037
1781141391.297850,0.000994754,133612,6,1074.533000
1781141391.299021,0.000994005,114722,5,923.311251
1781141391.299863,0.000999894,103138,5,825.191470
1781141391.300801,0.000999949,126372,6,1011.027562
1781141391.301832,0.001012166,123476,6,975.934777
1781141391.302948,0.000990296,94384,4,762.471019
1781141391.303838,0.001001183,120448,4,962.445427
1781141391.304845,0.000998371,104586,5,838.053189
1781141391.305827,0.001004151,117618,5,937.054288
1781141391.309476,0.000993812,120580,6,970.646360
1781141391.309655,0.001000063,126372,6,1010.912313
1781141391.309736,0.001003800,129268,6,1030.229129
1781141391.311402,0.000996276,58516,2,469.877825
1781141391.311503,0.001002591,37714,1,300.932284
1781141391.312218,0.001006067,37714,1,299.892552
1781141391.313343,0.000992134,37714,1,304.104083
1781141391.314673,0.001009701,75494,3,598.149353
1781141391.317113,0.000995192,111760,4,898.399505
1781141391.317253,0.001002986,146644,6,1169.659397
1781141391.317320,0.000996907,65424,4,525.015874
1781141391.318445,0.000994297,56604,2,455.429313
1781141391.318805,0.000999903,104520,4,836.241115
1781141391.319843,0.001014339,87408,8,689.378995
1781141391.321141,0.000989294,61080,4,493.927993
1781141391.321802,0.001006229,117816,8,936.693337
1781141391.323558,0.001001208,119198,7,952.433460
1781141391.323832,0.000998086,84248,4,675.276479
1781141391.324891,0.000992511,79904,4,644.055330
1781141391.325827,0.001001218,124924,6,998.176221
1781141391.327141,0.001010325,124924,6,989.178730
1781141391.327875,0.001000246,124924,6,999.146210
1781141391.328807,0.000987202,0,0,0.000000
1781141391.329824,0.001011629,0,0,0.000000
1781141391.330816,0.000998121,0,0,0.000000
1781141391.331804,0.000993847,0,0,0.000000
1781141391.333081,0.001001105,62462,3,499.144445
1781141391.333816,0.000994748,0,0,0.000000
1781141391.334828,0.001003695,0,0,0.000000
1781141391.335835,0.000996410,0,0,0.000000
1781141391.336816,0.001007990,0,0,0.000000
1781141391.337819,0.000991991,85630,3,690.570781
1781141391.338823,0.001001319,101624,4,811.921076
1781141391.339816,0.001002109,114722,5,915.844484
1781141391.340793,0.000996492,101690,5,816.383875
1781141391.341791,0.000999687,95766,3,766.367873
1781141391.342826,0.001012051,117618,5,929.739707
1781141391.343852,0.000988616,130716,6,1057.769650
1781141391.344793,0.001002011,122028,6,974.264754
1781141391.345798,0.001006557,119066,5,946.322960
1781141391.346886,0.001005000,101690,5,809.472637
1781141391.347873,0.000998708,95832,4,767.647801
1781141391.348847,0.000989461,124792,4,1008.969530
1781141391.349859,0.000999583,94384,4,755.386996
1781141391.350845,0.001010209,127688,4,1011.180855
1781141391.351897,0.000992693,89974,3,725.090234
1781141391.352807,0.000998914,124792,4,999.421372
1781141391.353822,0.001000006,124792,4,998.330010
1781141391.354843,0.001001058,124858,5,997.808319
1781141391.355843,0.001002707,120448,4,960.982620
1781141391.356815,0.001003342,122028,6,972.972326
1781141391.357945,0.000989257,103072,4,833.530619
1781141391.359302,0.001007674,117618,5,933.778186
1781141391.359941,0.000993282,127820,6,1029.476020
1781141391.361721,0.000998539,91488,4,732.974876
1781141391.361918,0.001012554,129202,5,1020.800866
1781141391.363591,0.000990786,100176,4,808.860844
1781141391.363976,0.000997498,114722,5,920.078035
1781141391.365221,0.001004022,72532,2,577.931559
1781141391.366447,0.001001725,87078,3,695.424393
1781141391.366925,0.001003190,124792,4,995.161435
1781141391.368081,0.000997443,121962,5,978.197250
1781141391.368952,0.000997721,30540,2,244.878077
1781141391.369908,0.000995663,0,0,0.000000
1781141391.371197,0.001013562,34884,2,275.337868
1781141391.372292,0.000987033,37714,1,305.675697
1781141391.374194,0.000999715,87078,3,696.822594
1781141391.376005,0.001011408,100110,3,791.846614
1781141391.376197,0.000989056,124792,4,1009.382684
1781141391.376261,0.001017020,124792,4,981.628680
1781141391.378048,0.000984170,123344,4,1002.623530
1781141391.378197,0.001006276,0,0,0.000000
1781141391.379967,0.001000993,88592,4,708.032923
1781141391.380139,0.000990605,100110,3,808.475629
1781141391.380972,0.001001151,124792,4,997.188236
1781141391.381931,0.001001601,121896,4,973.609252
1781141391.383041,0.001003859,123344,4,982.958762
1781141391.383984,0.000994155,119000,4,957.597155
1781141391.384959,0.000999562,124858,5,999.301694
1781141391.385962,0.001011819,123476,6,976.269471
1781141391.386994,0.000996526,98794,5,793.107255
1781141391.387967,0.000996678,120514,5,967.325455
1781141391.388979,0.000995064,123476,6,992.708007
1781141391.389994,0.001005420,124858,5,993.479342
1781141391.391037,0.001008758,98794,5,783.490193
1781141391.397467,0.000989104,219374,6,1774.325046
1781141391.397652,0.001005303,126372,6,1005.643075
1781141391.397732,0.000990916,126372,6,1020.243896
1781141391.397982,0.001005091,123410,5,982.279217
1781141391.398059,0.000994937,97346,5,782.730967
1781141391.398139,0.001004558,123410,5,982.800396
1781141391.398245,0.001002269,124924,6,997.129513
1781141391.399245,0.001002113,116236,6,927.927290
1781141391.400283,0.001001573,126372,6,1009.388232
1781141391.401092,0.000993569,101690,5,818.785610
1781141391.402173,0.000996974,120580,6,967.567860
1781141391.404192,0.001014026,127820,6,1008.415958
1781141391.404331,0.000987572,124858,5,1011.434103
1781141391.406061,0.000997839,95898,5,768.845475
1781141391.406184,0.001000941,124792,4,997.397449
1781141391.407624,0.001002938,117618,5,938.187605
1781141391.408622,0.001002156,123476,6,985.682868
1781141391.409009,0.001008464,130716,6,1036.951245
1781141391.411168,0.000986428,93002,5,754.252718
1781141391.411318,0.000999916,127754,5,1022.117858
1781141391.411971,0.001000502,120514,5,963.628259
1781141391.412988,0.000998618,126372,6,1012.375102
1781141391.413955,0.001008897,97346,5,771.900402
1781141391.414947,0.000991055,124924,6,1008.412248
1781141391.416035,0.001006619,124858,5,992.295993
1781141391.416815,0.000993661,121962,5,981.920393
1781141391.417847,0.001012911,124924,6,986.653319
1781141391.418845,0.000994449,91554,5,736.520425
1781141391.419847,0.000998365,126372,6,1012.631653
1781141391.421077,0.000999983,126372,6,1010.993187
1781141391.421804,0.000994240,124924,6,1005.181847
1781141391.422822,0.001005792,95898,5,762.766059
1781141391.423987,0.001007572,124924,6,991.881473
1781141391.425021,0.000999469,123410,5,987.804524
1781141391.425924,0.000994383,119132,6,958.439555
1781141391.426848,0.000992876,129268,6,1041.564103
1781141391.427969,0.001003180,93002,5,741.657529
1781141391.428895,0.001006708,100176,4,796.067976
1781141391.429901,0.000989913,122028,6,986.171512
1781141391.431007,0.001013590,126372,6,997.421048
1781141391.431917,0.000996483,97346,5,781.516594
1781141391.433034,0.000994758,124858,5,1004.127637
1781141391.435197,0.001001323,121896,4,973.879557
1781141391.435338,0.000995585,122028,6,980.553142
1781141391.436277,0.001008805,126372,6,1002.152051
1781141391.436926,0.000989360,98794,5,798.851783
1781141391.437995,0.001007335,120514,5,957.091732
1781141391.439054,0.001000090,123476,6,987.719105
1781141391.440173,0.000992383,129268,6,1042.081535
1781141391.440845,0.001014126,121962,5,962.105301
1781141391.441849,0.000987300,97280,4,788.250785
1781141391.442842,0.000999349,124924,6,1000.043028
1781141391.443842,0.001008718,119066,5,944.295631
1781141391.444814,0.000995234,123476,6,992.538438
1781141391.445909,0.000996315,127820,6,1026.342071
1781141391.446906,0.001002606,94450,5,753.636025
1781141391.447887,0.000995775,127820,6,1026.898647
1781141391.448874,0.001006948,122028,6,969.487997
1781141391.449901,0.001003997,97346,5,775.667656
1781141391.450847,0.000997629,124858,5,1001.237935
1781141391.451897,0.000992834,124924,6,1006.605334
1781141391.452897,0.001007099,124858,5,991.823048
1781141391.453921,0.000993779,120514,5,970.147286
1781141391.455060,0.000998529,95832,4,767.785412
1781141391.455840,0.001010186,124858,5,988.792163
1781141391.456813,0.000997303,126372,6,1013.709976
1781141391.457829,0.000994073,120514,5,969.860362
1781141391.458853,0.001008778,124924,6,990.695673
1781141391.459822,0.000991098,94384,4,761.854025
1781141391.460836,0.001008824,120514,5,955.679088
1781141391.461839,0.000994269,97346,5,783.256845
1781141391.462880,0.001007509,130584,4,1036.886023
1781141391.463886,0.000996177,97478,7,782.816708
1781141391.464802,0.000991630,117816,8,950.483547
1781141391.465841,0.001013514,125056,8,987.108220
1781141391.466836,0.000988350,120646,7,976.544746
1781141391.467836,0.001002927,113406,7,904.600235
1781141391.468824,0.001007402,124924,6,992.048854
1781141391.469877,0.000990081,124924,6,1009.404281
1781141391.470873,0.000997698,130716,6,1048.140820
1781141391.472251,0.001000147,101690,5,813.400430
1781141391.473194,0.001007571,126372,6,1003.379414
1781141391.473961,0.001001716,123476,6,986.115825
1781141391.474968,0.000992571,127820,6,1030.213456
1781141391.475990,0.001005600,122028,6,970.787589
1781141391.476854,0.000996501,100242,5,804.751827
1781141391.477916,0.001010005,124924,6,989.492131
1781141391.478899,0.000996617,120514,5,967.384662
1781141391.479911,0.000998332,124924,6,1001.061771
1781141391.480893,0.001003598,123476,6,984.266609
1781141391.481812,0.000998486,94450,5,756.745713
1781141391.482836,0.000989761,127754,5,1032.604841
1781141391.483822,0.001001714,121962,5,974.026519
1781141391.484827,0.000997130,98794,5,792.626839
1781141391.485839,0.001014938,124858,5,984.162579
1781141391.486845,0.000985435,124792,4,1013.091680
1781141391.487868,0.001005708,120514,5,958.640082
1781141391.488819,0.000996241,126372,6,1014.790598
1781141391.489813,0.000997574,91554,5,734.213201
1781141391.490841,0.001007546,130716,6,1037.896037
1781141391.491804,0.000998567,126306,5,1011.898050
1781141391.493114,0.001005313,119132,6,948.019174
1781141391.494110,0.000991095,97346,5,785.765239
1781141391.494837,0.001007027,124924,6,992.418277
1781141391.495835,0.001004622,124792,4,993.742920
1781141391.497428,0.000986248,123410,5,1001.046390
1781141391.497920,0.001007728,123476,6,980.232761
1781141391.498836,0.001003058,119132,6,950.150440
1781141391.499850,0.001004310,103072,4,821.037329
1781141391.500821,0.000988162,120580,6,976.196211
1781141391.501829,0.001005944,130716,6,1039.548921
1781141391.503009,0.000991024,91554,5,739.065855
1781141391.503854,0.001004995,124858,5,993.899472
1781141391.508104,0.000994536,120514,5,969.408850
1781141391.508153,0.001010365,124924,6,989.139568
1781141391.508173,0.000989859,120580,6,974.522634
1781141391.508195,0.000999293,127820,6,1023.283461
1781141391.508801,0.001006124,97346,5,774.027853
1781141391.509827,0.001000448,124924,6,998.944473
1781141391.510834,0.000993987,126372,6,1017.091773
1781141391.511818,0.000999961,94450,5,755.629470
1781141391.512809,0.001009785,124858,5,989.184826
1781141391.513903,0.001006532,124858,5,992.381762
1781141391.514830,0.000986052,121962,5,989.497511
1781141391.515818,0.000998759,97346,5,779.735652
1781141391.516803,0.001005544,120514,5,958.796433
1781141391.517838,0.001002434,126372,6,1008.521259
1781141391.518824,0.000994212,124858,5,1004.679083
1781141391.519819,0.000997139,123476,6,990.642227
1781141391.520832,0.000999555,124924,6,999.836927
1781141391.521810,0.000999603,97346,5,779.077294
1781141391.522998,0.001000130,124924,6,999.262096
1781141391.523823,0.001000085,120448,4,963.502102
1781141391.524827,0.001000868,124924,6,998.525280
1781141391.525814,0.001009570,97346,5,771.385838
1781141391.526982,0.000994454,126372,6,1016.614142
1781141391.527831,0.000995964,120580,6,968.549064
1781141391.528829,0.001000504,129268,6,1033.623054
1781141391.529960,0.000998465,120514,5,965.594187
1781141391.530830,0.001001702,97346,5,777.444789
1781141391.531827,0.000998657,121962,5,977.008122
1781141391.532831,0.001010120,120580,6,954.975646
1781141391.533833,0.000991175,129268,6,1043.351578
1781141391.534874,0.000998596,94450,5,756.662354
1781141391.535822,0.001008740,95898,5,760.536907
1781141391.536803,0.000995882,124924,6,1003.524514
1781141391.537824,0.001005950,124858,5,992.955912
1781141391.538828,0.000991769,123476,6,996.006126
1781141391.539882,0.001007462,124924,6,991.989772
1781141391.540828,0.000990518,97346,5,786.222966
1781141391.541823,0.001011768,121962,5,964.347558
1781141391.542896,0.000987778,123476,6,1000.030371
1781141391.543875,0.001002919,120580,6,961.832411
1781141391.544877,0.001001724,101690,5,812.119905
1781141391.545888,0.000995335,122028,6,980.799429
1781141391.546842,0.001012399,123410,5,975.188636
1781141391.547835,0.000998595,127820,6,1023.998718
1781141391.548817,0.000997573,95898,5,769.050486
1781141391.549945,0.000992312,124858,5,1006.602762
1781141391.550872,0.000999953,116170,5,929.403682
1781141391.551889,0.001006421,127820,6,1016.036033
1781141391.552903,0.000999745,97346,5,778.966636
1781141391.553845,0.001003643,129202,5,1029.864205
1781141391.554908,0.000991062,124858,5,1007.872363
1781141391.555896,0.000999004,120514,5,965.073213
1781141391.556861,0.000999255,123410,5,988.016072
1781141391.557903,0.001011897,97346,5,769.611927
1781141391.558957,0.000999627,124924,6,999.764912
1781141391.559879,0.001004210,120514,5,960.070105
1781141391.560926,0.000984642,126306,5,1026.208510
1781141391.561847,0.001008309,124924,6,991.156481
1781141391.562994,0.001002287,98794,5,788.548589
1781141391.563808,0.000993114,117618,5,947.468266
1781141391.564908,0.000997143,126372,6,1013.872634
1781141391.565891,0.000999912,127820,6,1022.649993
1781141391.566977,0.001008190,94450,5,749.461907
1781141391.567858,0.000991479,124858,5,1007.448468
1781141391.568977,0.001010534,120514,5,954.061912
1781141391.569892,0.001002489,129268,6,1031.576406
1781141391.571012,0.000986282,94384,4,765.574146
1781141391.572262,0.001006244,119066,5,946.617321
1781141391.572822,0.000995928,127820,6,1026.740889
1781141391.573832,0.001004254,95766,3,762.882697
1781141391.574919,0.000998354,114722,5,919.289150
1781141391.575789,0.000995178,107746,9,866.144549
1781141391.576809,0.001007168,100308,6,796.752875
1781141391.577827,0.001002565,125056,8,997.888416
1781141391.578905,0.000995990,68386,5,549.290656
1781141391.579796,0.000995244,124990,7,1004.698345
1781141391.581052,0.001000669,124990,7,999.251501
1781141391.582385,0.001005933,124924,6,993.497579
1781141391.582846,0.001004319,120580,6,960.491637
1781141391.583822,0.000989444,107548,6,869.563108
1781141391.584803,0.001001386,130716,6,1044.280627
1781141391.585814,0.000997459,124924,6,1001.937924
1781141391.586845,0.001006932,103138,5,819.423755
1781141391.587820,0.000993451,129268,6,1040.961255
1781141391.588801,0.001005864,124924,6,993.565731
1781141391.589826,0.001005708,126372,6,1005.238101
1781141391.590824,0.001000470,94450,5,755.245035
1781141391.591898,0.000993798,124924,6,1005.628911
1781141391.592811,0.001001600,120514,5,962.571885
1781141391.593823,0.000996406,120580,6,968.119421
1781141391.594833,0.001000298,132098,5,1056.469172
1781141391.595836,0.001005925,95898,5,762.665209
1781141391.597131,0.001002525,120580,6,962.210419
1781141391.597837,0.000995744,123410,5,991.499823
1781141391.599214,0.001001932,130650,5,1043.184567
1781141391.599834,0.001003031,120514,5,961.198607
1781141391.600824,0.000986717,97346,5,789.251629
1781141391.602273,0.001012621,124858,5,986.414463
1781141391.603112,0.000987131,117618,5,953.210871
1781141391.603821,0.001013468,126372,6,997.541116
1781141391.604796,0.000986305,97346,5,789.581316
1781141391.605842,0.000999930,122028,6,976.292340
1781141391.606930,0.001003666,132164,6,1053.450052
1781141391.607845,0.001007479,124858,5,991.448953
1781141391.608800,0.000989540,119066,5,962.596762
1781141391.609810,0.001004503,97346,5,775.276928
1781141391.611024,0.001007736,124924,6,991.720054
1781141391.611972,0.000990015,124858,5,1008.938248
1781141391.612971,0.001000394,124858,5,998.470603
1781141391.614000,0.000998591,91488,4,732.936708
1781141391.614830,0.000998174,126240,4,1011.767487
1781141391.615816,0.001007881,122028,6,968.590538
1781141391.616840,0.000992494,123476,6,995.278561
1781141391.617911,0.001012130,126372,6,998.859830
1781141391.618807,0.000987564,97346,5,788.574715
1781141391.619818,0.001000196,120514,5,963.923071
1781141391.620793,0.000999960,119132,6,953.094124
1781141391.621829,0.001008329,126372,6,1002.625135
1781141391.622887,0.001001170,124924,6,998.224078
1781141391.623888,0.001000551,100242,5,801.494377
1781141391.624803,0.000997925,123476,6,989.861964
1781141391.625836,0.001003095,126372,6,1007.856684
1781141391.626915,0.000992279,123476,6,995.494211
1781141391.627845,0.001008841,97346,5,771.943250
1781141391.628802,0.000989876,124924,6,1009.613325
1781141391.629880,0.000998097,117618,5,942.738030
1781141391.630888,0.001011812,123476,6,976.276225
1781141391.631875,0.001002069,98794,5,788.720138
1781141391.633047,0.000998189,123476,6,989.600166
1781141391.633827,0.000992181,124924,6,1007.267827
1781141391.634816,0.000996180,124924,6,1003.224317
1781141391.635853,0.001008426,98794,5,783.748138
1781141391.636803,0.000998581,124924,6,1000.812152
1781141391.637842,0.000993234,124924,6,1006.199949
1781141391.638888,0.001012820,124924,6,986.741968
1781141391.639919,0.000997560,119066,5,954.857853
1781141391.640893,0.001000043,95898,5,767.151013
1781141391.641880,0.000988918,124924,6,1010.591374
1781141391.642918,0.001000362,124924,6,999.030351
1781141391.643922,0.000999347,97346,5,779.276868
1781141391.644899,0.000999836,124924,6,999.555927
1781141391.646480,0.001005602,124924,6,993.824595
1781141391.647251,0.001003555,100176,4,798.569087
1781141391.647930,0.000991374,116170,5,937.446413
1781141391.648887,0.001010252,123476,6,977.783761
1781141391.650022,0.001003184,123476,6,984.672802
1781141391.651131,0.000996786,98794,5,792.900382
1781141391.652023,0.001003008,124924,6,996.394844
1781141391.653053,0.001002708,119066,5,949.955520
1781141391.653941,0.000986692,123476,6,1001.131052
1781141391.655005,0.000998783,124924,6,1000.609742
1781141391.655961,0.001010084,95898,5,759.524950
1781141391.656957,0.000992186,124924,6,1007.262751
1781141391.658060,0.000996720,126372,6,1014.302914
1781141391.660136,0.001000803,97346,5,778.143151
1781141391.660273,0.001012440,116170,5,917.940816
1781141391.660920,0.000987038,116170,5,941.564560
1781141391.661949,0.001001288,101690,5,812.473534
1781141391.662929,0.001000827,120580,6,963.842902
1781141391.663934,0.001006602,98794,5,785.168319
1781141391.664836,0.000993715,124924,6,1005.712906
1781141391.665845,0.000997062,124924,6,1002.336866
1781141391.666870,0.000999615,114722,5,918.129480
1781141391.667843,0.001000891,100242,5,801.222111
1781141391.668811,0.001012450,126372,6,998.544126
1781141391.669815,0.000986834,123476,6,1000.986995
1781141391.670843,0.001009237,123476,6,978.767128
1781141391.671811,0.000993185,98794,5,795.775208
1781141391.672824,0.001008243,124924,6,991.221362
1781141391.673810,0.000991554,119066,5,960.641579
1781141391.674929,0.000997882,123476,6,989.904618
1781141391.675828,0.001003811,95898,5,764.271362
1781141391.677020,0.000996204,126372,6,1014.828288
1781141391.677967,0.001010207,124924,6,989.294273
1781141391.678877,0.001001738,123476,6,986.094168
1781141391.680025,0.000989975,98794,5,798.355514
1781141391.680828,0.000998787,124924,6,1000.605735
1781141391.681865,0.001002437,124924,6,996.962403
1781141391.683068,0.000996761,117618,5,944.001621
1781141391.684119,0.001007536,122028,6,968.922202
1781141391.684922,0.001004263,126372,6,1006.684504
1781141391.685802,0.000988594,98794,5,799.470764
1781141391.686863,0.001001990,126372,6,1008.968153
1781141391.687824,0.000997641,123476,6,990.143749
1781141391.688846,0.001001734,123476,6,986.098106
1781141391.690012,0.001011970,98794,5,781.003389
1781141391.690853,0.000986115,124924,6,1013.463947
1781141391.691835,0.001005894,119066,5,946.946696
1781141391.692813,0.000993921,122190,7,983.498689
1781141391.693841,0.001014200,127820,6,1008.242950
1781141391.694901,0.000997469,94450,5,757.517276
1781141391.696095,0.000988304,126372,6,1022.940310
1781141391.697160,0.001008984,123476,6,979.012551
1781141391.698257,0.000991101,126372,6,1020.053456
1781141391.698839,0.001006391,97346,5,773.822500
1781141391.699834,0.000993800,124924,6,1005.626887
1781141391.700926,0.001000960,124924,6,998.433504
1781141391.701841,0.001015303,119066,5,938.171167
1781141391.702931,0.000986843,122028,6,989.239423
1781141391.703841,0.001008086,98794,5,784.012475
1781141391.704810,0.000988620,126372,6,1022.613340
1781141391.705955,0.001010147,123476,6,977.885397
1781141391.706872,0.000995522,123530,7,992.685245
1781141391.707847,0.001000712,98794,5,789.789670
1781141391.708835,0.000997587,124924,6,1001.809366
1781141391.712094,0.001000859,125142,7,1000.276762
1781141391.712236,0.000995673,114722,5,921.764475
1781141391.712327,0.001001582,127820,6,1020.944865
1781141391.712820,0.000998040,97346,5,780.297383
1781141391.713887,0.001011974,123476,6,976.119940
1781141391.714847,0.000988870,126372,6,1022.354809
1781141391.715821,0.001005689,123476,6,982.220150
1781141391.716881,0.000993671,98794,5,795.385998
1781141391.717878,0.001011059,124924,6,988.460614
1781141391.718880,0.000997587,124924,6,1001.809366
1781141391.719845,0.001000428,116170,5,928.962404
1781141391.720912,0.000990937,123476,6,996.842383
1781141391.721970,0.001012479,98794,5,780.610758
1781141391.723166,0.000995682,127820,6,1026.994563
1781141391.723802,0.000991835,122028,6,984.260487
1781141391.724823,0.001009614,127820,6,1012.822722
1781141391.725801,0.000989968,95898,5,774.958382
1781141391.726828,0.001002663,124924,6,996.737688
1781141391.727834,0.000997439,124924,6,1001.958014
1781141391.728843,0.001000597,119066,5,951.959680
1781141391.729848,0.000999709,97346,5,778.994687
1781141391.730972,0.001012435,123476,6,975.675475
1781141391.731829,0.000992104,127820,6,1030.698395
1781141391.732969,0.001008536,120580,6,956.475525
1781141391.734316,0.000989488,126372,6,1021.716282
1781141391.735462,0.000999273,97280,4,778.806192
1781141391.736012,0.000997828,119000,4,954.072245
1781141391.737035,0.001006208,124924,6,993.226053
1781141391.738033,0.000994345,122028,6,981.775943
1781141391.739083,0.000999462,97346,5,779.187203
1781141391.740051,0.001001805,126372,6,1009.154476
1781141391.742286,0.000998549,126372,6,1012.445058
1781141391.742474,0.001012265,122028,6,964.395687
1781141391.743106,0.000988422,124924,6,1011.098498
1781141391.744098,0.001004410,98794,5,786.881851
1781141391.745074,0.000996757,124924,6,1002.643573
1781141391.746038,0.000998944,120514,5,965.131179
1781141391.746835,0.000998856,122028,6,977.342079
1781141391.747815,0.001008831,124924,6,990.643626
1781141391.750098,0.000991163,97346,5,785.711331
1781141391.750164,0.001005611,123476,6,982.296335
1781141391.750829,0.000994985,124924,6,1004.429213
1781141391.751837,0.001006970,124924,6,992.474453
1781141391.752802,0.000994402,98794,5,794.801298
1781141391.753847,0.001011515,124924,6,988.015007
1781141391.755083,0.000998772,124924,6,1000.620762
1781141391.755928,0.000996759,119066,5,955.625181
1781141391.756912,0.001005125,123476,6,982.771297
1781141391.757871,0.000985504,98794,5,801.977465
1781141391.759037,0.001001361,122028,6,974.897165
1781141391.759896,0.001007659,126372,6,1003.291788
1781141391.760856,0.000991688,123476,6,996.087479
1781141391.761870,0.001000219,98794,5,790.178951
1781141391.762829,0.000999915,124924,6,999.476956
1781141391.763860,0.001012640,124924,6,986.917365
1781141391.764960,0.000997645,117618,5,943.165154
1781141391.765915,0.000990545,126372,6,1020.626019
1781141391.768497,0.001007193,120580,6,957.750898
1781141391.768569,0.001004404,98794,5,786.886552
1781141391.768954,0.000987409,124924,6,1012.135802
1781141391.769961,0.001012235,127754,5,1009.678583
1781141391.770993,0.000994301,95952,6,772.015718
1781141391.772217,0.000993250,124924,6,1006.183740
1781141391.773374,0.001003222,124924,6,996.182301
1781141391.775136,0.000997612,116170,5,931.584624
1781141391.775275,0.001009000,123476,6,978.997027
1781141391.777042,0.000990644,98794,5,797.816370
1781141391.777198,0.000999698,127820,6,1022.868906
1781141391.779100,0.001000261,124924,6,999.131227
1781141391.779226,0.001002059,122028,6,974.218085
1781141391.780019,0.001001792,98794,5,788.938223
1781141391.781419,0.001001034,124924,6,998.359696
1781141391.783126,0.001006690,124858,5,992.226008
1781141391.783237,0.000988479,119066,5,963.629981
1781141391.784427,0.001003595,122028,6,972.727046
1781141391.785016,0.000995704,98794,5,793.762002
1781141391.785999,0.001000248,124924,6,999.144212
1781141391.787158,0.001000332,123476,6,987.480157
1781141391.788074,0.001007497,124924,6,991.955311
1781141391.789934,0.001000932,124924,6,998.461434
1781141391.791189,0.000992978,98794,5,795.941098
1781141391.791308,0.001002491,124924,6,996.908700
1781141391.793153,0.001005587,119066,5,947.235794
1781141391.793255,0.001004229,124924,6,995.183370
1781141391.794382,0.000989664,120580,6,974.714651
1781141391.794975,0.000998914,100242,5,802.807849
1781141391.796059,0.000999135,124924,6,1000.257222
1781141391.797049,0.001006963,123476,6,980.977454
1781141391.798023,0.000991296,98794,5,797.291626
1781141391.799040,0.001002951,124924,6,996.451472
1781141391.800010,0.000997302,124924,6,1002.095654
1781141391.800997,0.000999306,119066,5,953.189514
1781141391.802003,0.001010667,122028,6,965.920526
1781141391.803119,0.000996254,97346,5,781.696234
1781141391.804086,0.000996641,126372,6,1014.383314
1781141391.805095,0.000997043,124924,6,1002.355967
1781141391.805990,0.001013918,123476,6,974.248411
1781141391.807266,0.000999979,63910,3,511.290737
1781141391.808019,0.000986670,34884,2,282.842288
1781141391.808985,0.001000109,100110,3,800.792714
1781141391.809966,0.001012755,124792,4,985.762598
1781141391.811067,0.001000428,124792,4,997.908895
1781141391.812116,0.000990778,149474,5,1206.922237
1781141391.813053,0.001005199,117618,5,936.077334
1781141391.814105,0.000992139,124924,6,1007.310468
1781141391.815178,0.000998877,95898,5,768.046516
1781141391.816127,0.001011301,126372,6,999.678632
1781141391.817074,0.000992477,123476,6,995.295609
1781141391.818458,0.001007940,124924,6,991.519336
1781141391.819093,0.000995245,98728,4,793.597556
1781141391.819972,0.000992375,124924,6,1007.070916
1781141391.821334,0.001008668,121896,4,966.787883
1781141391.821951,0.000991127,120580,6,973.275877
1781141391.823057,0.000999828,123476,6,987.977932
1781141391.824019,0.001014508,98794,5,779.049549
1781141391.825110,0.000988528,126372,6,1022.708512
1781141391.826026,0.001003232,123476,6,984.625690
1781141391.827102,0.000997394,124924,6,1002.003220
1781141391.828040,0.001004893,97346,5,774.976042
1781141391.828960,0.000991699,119066,5,960.501120
1781141391.830043,0.001010469,123476,6,977.573780
1781141391.830968,0.000990985,123476,6,996.794099
1781141391.832051,0.001001400,126372,6,1009.562612
1781141391.833057,0.001007176,97346,5,773.219378
1781141391.834013,0.000992391,124924,6,1007.054679
1781141391.836969,0.001003704,123476,6,984.162662
1781141391.837028,0.001004216,98794,5,787.033865
1781141391.837049,0.000993624,124858,5,1005.273625
1781141391.837933,0.001006023,120514,5,958.339919
1781141391.839387,0.001001339,124924,6,998.055604
1781141391.840044,0.001003046,122028,6,973.259452
1781141391.841022,0.000997620,124924,6,1001.776227
1781141391.842048,0.000988052,95898,5,776.461158
1781141391.843002,0.001009356,124924,6,990.128359
1781141391.843998,0.000991986,129268,6,1042.498584
1781141391.845008,0.001000298,84248,4,673.783213
1781141391.846151,0.000998291,110312,4,884.006768
1781141391.847062,0.000999895,149474,5,1195.917571
1781141391.848108,0.000999756,100110,3,801.075462
1781141391.850955,0.000999766,116104,4,929.049398
1781141391.851108,0.001000990,121962,5,974.731016
1781141391.851224,0.001008427,97346,5,772.260164
1781141391.854271,0.000992542,124924,6,1006.901471
1781141391.854570,0.001007051,126372,6,1003.897519
1781141391.854984,0.001001721,124924,6,997.675001
1781141391.855101,0.001001260,97346,5,777.787987
1781141391.855978,0.001001626,124924,6,997.769627
1781141391.856952,0.000990182,117618,5,950.273788
1781141391.858027,0.000996313,126372,6,1014.717263
1781141391.859365,0.001009744,123476,6,978.275682
1781141391.861208,0.001002510,97346,5,776.818186
1781141391.861346,0.000999093,126372,6,1011.893788
1781141391.861984,0.000990059,124924,6,1009.426711
1781141391.862857,0.001005783,95898,5,762.772884
1781141391.863838,0.001003985,97346,5,775.676927
1781141391.864886,0.000999476,124924,6,999.915956
1781141391.865877,0.000990086,114722,5,926.965940
1781141391.866906,0.000999622,124924,6,999.769913
1781141391.867962,0.000999522,126372,6,1011.459478
1781141391.869016,0.001011729,97346,5,769.739723
1781141391.869990,0.001000102,124924,6,999.290072
1781141391.870910,0.000999592,124858,5,999.271703
1781141391.871840,0.000992786,124924,6,1006.654002
1781141391.872819,0.000996214,98794,5,793.355644
1781141391.873853,0.001009460,124924,6,990.026351
1781141391.874844,0.000991168,117618,5,949.328469
1781141391.875823,0.000999763,126372,6,1011.215658
1781141391.876909,0.000999419,97346,5,779.220727
1781141391.877873,0.001009828,123476,6,978.194306
1781141391.878853,0.001003428,126372,6,1007.522214
1781141391.879836,0.000990070,123476,6,997.715313
1781141391.880848,0.001011365,124924,6,988.161544
1781141391.881862,0.000990346,97346,5,786.359515
1781141391.882869,0.000995272,124858,5,1003.609064
1781141391.883827,0.000999640,117618,5,941.282862
1781141391.884806,0.000999848,122028,6,976.372409
1781141391.885817,0.001000761,124924,6,998.632041
1781141391.886871,0.001002024,98794,5,788.755559
1781141391.887826,0.001002892,127820,6,1019.611284
1781141391.888816,0.001005873,122028,6,970.524112
1781141391.889836,0.000989189,124924,6,1010.314510
1781141391.890829,0.000999688,98794,5,790.598667
1781141391.891861,0.001004225,124924,6,995.187334
1781141391.892833,0.001007944,124924,6,991.515402
1781141391.893808,0.000988172,123410,5,999.097323
1781141391.894858,0.001009167,90106,5,714.300012
1781141391.895880,0.000998723,126372,6,1012.268667
1781141391.896794,0.000991435,123476,6,996.341666
1781141391.897841,0.001006945,126372,6,1004.003198
1781141391.898847,0.000996873,124924,6,1002.526902
1781141391.899830,0.000998707,97346,5,779.776251
1781141391.900808,0.001011670,124858,5,987.341722
1781141391.901822,0.000985614,116170,5,942.924918
1781141391.902834,0.001007960,126372,6,1002.992182
1781141391.903836,0.001005504,126372,6,1005.442047
1781141391.905037,0.000987651,101690,5,823.691770
1781141391.906713,0.001003812,117618,5,937.370743
1781141391.907155,0.001005255,124924,6,994.167649
1781141391.908145,0.000990917,124924,6,1008.552684
1781141391.909986,0.001010679,98794,5,782.001011
1781141391.910225,0.000996677,124858,5,1002.194292
1781141391.910944,0.001003882,116170,5,925.766176
1781141391.912440,0.000998471,124924,6,1000.922410
1781141391.913288,0.001001476,124924,6,997.919071
1781141391.914161,0.000990536,98794,5,797.903357
1781141391.915173,0.000997890,123476,6,989.896682
1781141391.916165,0.001002215,126372,6,1008.741637
1781141391.917089,0.001003508,126306,5,1006.915740
1781141391.918271,0.001007235,95898,5,761.673294
1781141391.919565,0.000987063,123410,5,1000.219844
1781141391.919832,0.001004664,126438,7,1006.808246
1781141391.921916,0.001002144,120514,5,962.049366
1781141391.923272,0.000998016,93002,5,745.495062
1781141391.923415,0.000999810,124924,6,999.581921
1781141391.924304,0.001006848,129268,6,1027.110348
1781141391.925036,0.000987731,122028,6,988.350067
1781141391.926179,0.001006113,126372,6,1004.833453
1781141391.927541,0.000994696,59566,3,479.068982
1781141391.928275,0.000999327,136442,5,1092.271098
1781141391.928892,0.001003007,146578,5,1169.108491
1781141391.929810,0.000997673,120580,6,966.889953
1781141391.930838,0.001011379,97346,5,770.006101
1781141391.931806,0.000991763,124924,6,1007.692362
1781141391.932984,0.001004206,124924,6,995.206163
1781141391.934010,0.000994630,124924,6,1004.787710
1781141391.936311,0.001004062,97346,5,775.617442
1781141391.936681,0.001005428,124924,6,993.996587
1781141391.938697,0.000991409,116170,5,937.413318
1781141391.938752,0.001002402,126372,6,1008.553455
1781141391.938996,0.000998529,124924,6,1000.864271
1781141391.939955,0.000997259,95898,5,769.292631
1781141391.940852,0.001011223,124924,6,988.300306
1781141391.941826,0.000987289,124924,6,1012.258822
1781141391.942842,0.001001309,98794,5,789.318782
1781141391.944211,0.001005791,124924,6,993.637843
1781141391.944993,0.000993549,124924,6,1005.880938
1781141391.945940,0.001001605,117618,5,939.436205
1781141391.947704,0.001001953,124924,6,997.443992
1781141391.947801,0.000995610,98794,5,793.836944
1781141391.948802,0.001001724,95898,5,765.863651
1781141391.949803,0.001004242,124924,6,995.170487
1781141391.950832,0.001001017,123476,6,986.804420
1781141391.951816,0.000992483,124924,6,1006.961328
1781141391.952842,0.001004208,98794,5,787.040135
1781141391.953823,0.000999295,124924,6,1000.097068
1781141391.954869,0.001000108,116170,5,929.259640
1781141391.955841,0.001005207,124924,6,994.215122
1781141391.957010,0.000991830,126372,6,1019.303711
1781141391.958512,0.001014037,97346,5,767.987756
1781141391.959253,0.000992746,124924,6,1006.694562
1781141391.959925,0.000995397,97346,5,782.369246
1781141391.961078,0.001008952,124792,4,989.478191
1781141391.961918,0.000988829,124792,4,1009.614402
1781141391.963164,0.001013219,117618,5,928.667939
1781141391.963900,0.000987930,132098,5,1069.695221
1781141391.965024,0.001007781,116170,5,922.184483
1781141391.967232,0.000991848,100242,5,808.527113
1781141391.967569,0.001010938,149606,7,1183.898518
1781141391.968623,0.000990450,98794,5,797.972639
1781141391.970102,0.000998545,124924,6,1000.848234
1781141391.970368,0.000998899,123476,6,988.896775
1781141391.971689,0.001013535,98794,5,779.797442
1781141391.972313,0.000987194,124924,6,1012.356234
1781141391.973054,0.000999631,120514,5,964.467889
1781141391.974087,0.001002927,122028,6,973.374932
1781141391.978173,0.001010830,124924,6,988.684546
1781141391.978642,0.001001249,123476,6,986.575767
1781141391.980522,0.000984858,97346,5,790.741406
1781141391.980784,0.001000856,124858,5,998.009704
1781141391.980987,0.001012240,127820,6,1010.195211
1781141391.981040,0.000999105,95898,5,767.871245
1781141391.981163,0.000996411,124924,6,1002.991737
1781141391.981863,0.001003804,116170,5,925.838112
1781141391.983219,0.001002333,127820,6,1020.179920
1781141391.983846,0.000988751,120580,6,975.614690
1781141391.984852,0.001000629,100242,5,801.431899
1781141391.986023,0.000995981,123476,6,991.794020
1781141391.986853,0.001003668,132164,6,1053.447953
1781141391.988095,0.000999818,117618,5,941.115283
1781141391.988953,0.000999065,124924,6,1000.327306
1781141391.989838,0.000997577,98794,5,792.271674
1781141391.990832,0.001004226,116170,5,925.449052
1781141391.991814,0.000995633,124924,6,1003.775488
1781141391.992817,0.001006119,126372,6,1004.827461
1781141391.994748,0.000994500,123476,6,993.270990
1781141391.995248,0.001009561,97346,5,771.392714
1781141391.996458,0.000994857,124924,6,1004.558444
1781141391.997021,0.001000670,127820,6,1021.875344
1781141391.998042,0.000994491,95898,5,771.433829
1781141391.998843,0.001012999,124924,6,986.567608
1781141391.999859,0.000996422,119066,5,955.948383
1781141392.000844,0.001004042,122028,6,972.293988
1781141392.001843,0.000986866,126372,6,1024.430875
1781141392.002852,0.001002735,123476,6,985.113714
1781141392.003841,0.001004732,97346,5,775.100226
1781141392.004833,0.000993611,127820,6,1029.135144
1781141392.005825,0.001001001,122028,6,975.247777
1781141392.006853,0.001003410,124924,6,995.995655
1781141392.007998,0.001001374,98794,5,789.267546
1781141392.008836,0.001005196,119066,5,947.604248
1781141392.009841,0.000987593,123476,6,1000.217701
1781141392.010862,0.001017527,123476,6,970.792913
1781141392.011856,0.000999346,123476,6,988.454449
1781141392.012790,0.000983350,101690,5,827.294453
1781141392.013814,0.000999468,123476,6,988.333794
1781141392.014845,0.001009778,123476,6,978.242742
1781141392.015844,0.000994840,98794,5,794.451369
1781141392.016837,0.000996633,124924,6,1002.768321
1781141392.017977,0.001005636,124924,6,993.790994
1781141392.018854,0.000993415,117618,5,947.181188
1781141392.020029,0.001011461,126372,6,999.520496
1781141392.020953,0.000988753,97346,5,787.626435
1781141392.022002,0.001011226,123476,6,976.841972
1781141392.023012,0.001000714,123476,6,987.103208
1781141392.024134,0.000997887,126372,6,1013.116716
1781141392.025028,0.000990039,124924,6,1009.447103
1781141392.026061,0.001012650,97346,5,769.039648
1781141392.027086,0.000987599,124924,6,1011.941081
1781141392.028124,0.001003200,114722,5,914.848485
1781141392.029266,0.001006872,126372,6,1004.075990
1781141392.030084,0.001000461,126372,6,1010.510155
1781141392.031086,0.001000152,97346,5,778.649645
1781141392.032093,0.000989437,124924,6,1010.061277
1781141392.033171,0.001006455,123476,6,981.472594
1781141392.034043,0.000993574,126372,6,1017.514548
1781141392.035041,0.001003656,97346,5,775.931196
1781141392.036004,0.000995960,124924,6,1003.445922
1781141392.037009,0.000999776,119066,5,952.741414
1781141392.038155,0.001009047,122028,6,967.471287
1781141392.039164,0.001000422,126372,6,1010.549548
1781141392.040257,0.000998991,97346,5,779.554571
1781141392.041244,0.000993156,126372,6,1017.942801
1781141392.042038,0.000998585,122028,6,977.607314
1781141392.043205,0.001000230,98794,5,790.170261
1781141392.044405,0.001006161,124924,6,993.272448
1781141392.045034,0.000998171,124858,5,1000.694270
1781141392.047315,0.000995714,116170,5,933.360383
1781141392.047791,0.001000823,100242,5,801.276549
1781141392.049073,0.000998848,132032,4,1057.474210
1781141392.049325,0.001009407,117552,4,931.651950
1781141392.049989,0.000997721,121962,5,977.924690
1781141392.051093,0.001006494,129202,5,1026.947006
1781141392.051974,0.000986719,122028,6,989.363740
1781141392.053008,0.001000692,97346,5,778.229465
1781141392.053999,0.001002857,124924,6,996.544871
1781141392.055145,0.001001606,117618,5,939.435267
1781141392.056082,0.000994408,124924,6,1005.012027
1781141392.056985,0.001004279,124924,6,995.133822
1781141392.058007,0.001005414,69768,4,555.138480
1781141392.070275,0.000989836,37714,1,304.810090
1781141392.070489,0.001011990,75428,2,596.274667
1781141392.073004,0.000994081,124858,5,1004.811479
1781141392.073258,0.001994324,206144,8,826.922807
1781141392.073362,0.001014657,123476,6,973.538841
1781141392.073443,0.000997073,107416,4,861.850637
1781141392.074369,0.001003009,116170,5,926.571945
1781141392.074415,0.000987672,95832,4,776.225306
1781141392.074434,0.000998216,124924,6,1001.178102
1781141392.074453,0.001000290,124858,5,998.574413
1781141392.074472,0.001009979,116170,5,920.177548
1781141392.074507,0.000992651,126372,6,1018.460667
1781141392.074524,0.001006838,101690,5,807.994931
1781141392.074541,0.000991453,59500,2,480.103444
1781141392.075205,0.002009050,75758,7,301.666957
1781141392.080259,0.000998456,61080,4,489.395627
1781141392.080304,0.001000318,55222,3,441.635560
1781141392.080324,0.000990329,120712,8,975.126448
1781141392.080341,0.001004451,91620,6,729.712052
1781141392.080361,0.001008202,125056,8,992.309081
1781141392.084682,0.000999849,66872,4,535.056794
1781141392.085377,0.000993626,124990,7,1006.334375
1781141392.085523,0.000995530,103138,5,828.808775
1781141392.085637,0.001011536,124990,7,988.516474
1781141392.086481,0.000987185,62462,3,506.182732
1781141392.087168,0.001000069,0,0,0.000000
1781141392.087345,0.001003164,0,0,0.000000
1781141392.088119,0.000997025,89974,3,721.939771
1781141392.089019,0.000999767,129202,5,1033.856889
1781141392.090215,0.000999987,121896,4,975.180677
1781141392.091164,0.001008127,127754,5,1013.792905
1781141392.092034,0.000992031,121896,4,983.001539
1781141392.093021,0.001005775,119132,6,947.583704
1781141392.094310,0.001003057,108864,4,868.257736
1781141392.095164,0.000992319,117552,4,947.695247
1781141392.096223,0.001007459,120580,6,957.498022
1781141392.097376,0.000997221,98794,5,792.554509
1781141392.098276,0.000994179,88592,4,712.885708
1781141392.099188,0.001001663,0,0,0.000000
1781141392.100139,0.000998073,36332,2,291.217175
1781141392.101103,0.001005915,100110,3,796.170651
1781141392.102477,0.000997178,124792,4,1001.161277
1781141392.104228,0.001000089,120448,4,963.498249
1781141392.107217,0.000996938,127688,4,1024.641452
1781141392.112464,0.001002928,117552,4,937.670501
1781141392.112716,0.000997074,123476,6,990.706808
1781141392.112855,0.001000009,123476,6,987.799110
1781141392.112983,0.001010668,124924,6,988.843023
1781141392.113447,0.001001418,98794,5,789.232868
1781141392.113569,0.000998308,124858,5,1000.556942
1781141392.113753,0.000993504,119066,5,958.756079
1781141392.113895,0.000995647,124924,6,1003.761373
1781141392.113995,0.001014319,123476,6,973.863252
1781141392.115611,0.000989228,98794,5,798.958380
1781141392.116063,0.000996731,122028,6,979.425743
1781141392.116184,0.001014737,124924,6,984.877855
1781141392.118950,0.000986488,124924,6,1013.080747
1781141392.119189,0.000998734,98794,5,791.353854
1781141392.120543,0.001000455,117618,5,940.516065
1781141392.120702,0.001004433,126372,6,1006.514123
1781141392.121329,0.000995190,123476,6,992.582321
1781141392.122374,0.000999572,123476,6,988.230963
1781141392.123380,0.001001168,98794,5,789.429946
1781141392.124573,0.000999175,126372,6,1011.810744
1781141392.125400,0.001001462,123476,6,986.365933
1781141392.126112,0.001002608,124924,6,996.792366
1781141392.127275,0.000996494,97346,5,781.507967
1781141392.128257,0.001009863,119066,5,943.224972
1781141392.129014,0.001004457,243990,6,1943.258895
1781141392.129843,0.000997412,120580,6,967.142966
1781141392.130828,0.000992127,124924,6,1007.322651
1781141392.132058,0.000994909,98794,5,794.396271
1781141392.134482,0.001013210,126372,6,997.795126
1781141392.134521,0.000998746,126372,6,1012.245356
1781141392.134804,0.000990983,122028,6,985.106707
1781141392.135809,0.001007566,98794,5,784.417100
1781141392.136807,0.000999245,124924,6,1000.147111
1781141392.137808,0.001000758,114722,5,917.080853
1781141392.138831,0.000990416,126372,6,1020.758954
1781141392.139829,0.000999581,126372,6,1011.399777
1781141392.141005,0.001006737,98794,5,785.063030
1781141392.142627,0.001000054,122028,6,976.171287
1781141392.142826,0.000999680,135060,6,1080.825864
1781141392.143857,0.001004966,117618,5,936.294362
1781141392.144837,0.000997152,95898,5,769.375181
1781141392.146101,0.001003796,124924,6,995.612654
1781141392.146833,0.000988751,88592,4,716.799275
1781141392.148187,0.001003818,74046,3,590.114941
1781141392.149327,0.001002383,62396,2,497.981311
1781141392.150325,0.001001855,0,0,0.000000
1781141392.151520,0.001000540,62396,2,498.898595
1781141392.153214,0.000993848,62396,2,502.257891
1781141392.153357,0.000996810,87078,3,698.853342
1781141392.155155,0.001000681,124792,4,997.656596
1781141392.155353,0.001006780,124792,4,991.612865
1781141392.156024,0.000998650,124792,4,999.685576
1781141392.156990,0.000994349,116170,5,934.641660
1781141392.158029,0.001000273,124924,6,999.119240
1781141392.159230,0.000999032,97346,5,779.522578
1781141392.160012,0.001000138,126372,6,1010.836505
1781141392.162564,0.001001752,123476,6,986.080387
1781141392.162637,0.001005213,127820,6,1017.257039
1781141392.162822,0.000993355,95832,4,771.784508
1781141392.163824,0.001005616,98794,5,785.938171
1781141392.164835,0.001004554,117618,5,936.678367
1781141392.165838,0.001003807,126372,6,1007.141811
1781141392.166855,0.000997449,120580,6,967.107090
1781141392.167966,0.000988374,124924,6,1011.147602
1781141392.168826,0.001002457,101690,5,811.526080
1781141392.169996,0.001010527,123476,6,977.517671
1781141392.170954,0.000987974,126372,6,1023.281989
1781141392.171893,0.000998693,95898,5,768.188022
1781141392.173110,0.001002743,124924,6,996.658167
1781141392.173942,0.000997757,117618,5,943.059282
1781141392.174962,0.001008898,122028,6,967.614169
1781141392.175955,0.000990775,124924,6,1008.697232
1781141392.176910,0.001009936,124924,6,989.559734
1781141392.178410,0.001004109,98794,5,787.117733
1781141392.179001,0.000995295,126306,5,1015.224632
1781141392.180362,0.000990650,127820,6,1032.211174
1781141392.181329,0.000999948,94384,4,755.111266
1781141392.182194,0.001004686,124924,6,994.730692
1781141392.183453,0.001005372,124924,6,994.051953
1781141392.185090,0.000990124,120514,5,973.728543
1781141392.185216,0.001006973,120580,6,957.960144
1781141392.187440,0.000995850,124924,6,1003.556761
1781141392.187580,0.000997537,97346,5,780.690842
1781141392.189010,0.001010749,126372,6,1000.224586
1781141392.189075,0.000995071,123476,6,992.701023
1781141392.189919,0.000999623,98794,5,790.650075
1781141392.191230,0.001005485,124924,6,993.940238
1781141392.192310,0.000989742,120514,5,974.104363
1781141392.195052,0.001002486,122198,7,975.159753
1781141392.195251,0.001007199,124924,6,992.248801
1781141392.195349,0.000989597,124924,6,1009.897969
1781141392.196081,0.001006825,98794,5,784.994413
1781141392.197476,0.001001533,122028,6,974.729739
1781141392.198480,0.000992541,126372,6,1018.573540
1781141392.199040,0.001000569,124858,5,998.295970
1781141392.200014,0.001008740,97346,5,772.020540
1781141392.200937,0.000989247,117618,5,951.171952
1781141392.201948,0.001008565,123476,6,979.419274
1781141392.202964,0.000994154,124924,6,1005.268801
1781141392.204192,0.001008486,126372,6,1002.469048
1781141392.205341,0.000989115,97346,5,787.338176
1781141392.206450,0.001003949,126372,6,1006.999360
1781141392.206975,0.000996544,122028,6,979.609531
1781141392.208039,0.000999154,126372,6,1011.832010
1781141392.209497,0.001014309,97346,5,767.781810
1781141392.210269,0.000986695,123410,5,1000.592888
1781141392.211287,0.000999442,122028,6,976.769037
1781141392.213364,0.001015432,126372,6,995.611720
1781141392.213485,0.000997525,119132,6,955.420666
1781141392.214165,0.000999203,98794,5,790.982413
1781141392.226853,0.000994406,124924,6,1005.014049
1781141392.227239,0.001004871,126426,7,1006.505313
1781141392.227300,0.000997996,95832,4,768.195464
1781141392.227422,0.000998304,124792,4,1000.032054
1781141392.227507,0.000993704,124792,4,1004.661348
1781141392.227572,0.001002172,120514,5,962.022487
1781141392.227818,0.001002407,120580,6,962.323687
1781141392.227979,0.000993832,123476,6,993.938613
1781141392.228048,0.001013360,100242,5,791.363385
1781141392.228087,0.001000552,124924,6,998.840640
1781141392.228125,0.000985824,124924,6,1013.763106
1781141392.228339,0.001006143,123476,6,981.776944
1781141392.228428,0.000993942,98794,5,795.169135
1781141392.228581,0.001000136,123344,4,986.617820
1781141392.230119,0.001010790,126524,6,1001.387034
1781141392.230322,0.000994732,62462,3,502.342339
1781141392.232452,0.000994852,98662,3,793.380322
1781141392.234077,0.001000910,120448,4,962.707936
1781141392.234182,0.001010906,121896,4,964.647554
1781141392.234286,0.000992884,123476,6,994.887620
1781141392.235230,0.000995029,123476,6,992.742925
1781141392.236150,0.001000808,124924,6,998.585143
1781141392.237045,0.001002733,98794,5,788.197855
1781141392.237976,0.000996431,124924,6,1002.971606
1781141392.238947,0.001001899,120448,4,961.757622
1781141392.239911,0.000997593,124924,6,1001.803341
1781141392.240887,0.001000430,120580,6,964.225383
1781141392.241892,0.000999608,123476,6,988.195373
1781141392.242990,0.001012456,100242,5,792.069976
1781141392.247864,0.000993387,124924,6,1006.044975
1781141392.248176,0.000994085,123476,6,993.685651
1781141392.248276,0.001006776,98794,5,785.032619
1781141392.248406,0.000993664,124924,6,1005.764524
1781141392.248527,0.001004437,117618,5,936.787474
1781141392.249985,0.000998692,122028,6,977.502573
1781141392.250026,0.000997757,126372,6,1013.248717
1781141392.250983,0.001008466,97346,5,772.230298
1781141392.251963,0.000998890,124924,6,1000.502558
1781141392.252923,0.000992469,127820,6,1030.319335
1781141392.253953,0.001008426,124924,6,991.041484
1781141392.255162,0.000992231,95898,5,773.190920
1781141392.256158,0.000998749,98794,5,791.341969
1781141392.256892,0.001004503,116170,5,925.193852
1781141392.258192,0.000995055,126372,6,1016.000121
1781141392.259129,0.001002930,95898,5,764.942718
1781141392.260199,0.001009562,0,0,0.000000
1781141392.262281,0.000987678,136442,5,1105.153704
1781141392.262485,0.001002579,124792,4,995.767915
1781141392.262992,0.001003930,120448,4,959.811939
1781141392.263923,0.000993808,126240,4,1016.212387
1781141392.265048,0.001006957,116170,5,922.939113
1781141392.265961,0.000992332,124924,6,1007.114554
1781141392.267222,0.001007927,124924,6,991.532125
1781141392.268607,0.000992310,95832,4,772.597273
1781141392.270093,0.001000501,119132,6,952.578758
1781141392.270275,0.000999986,126372,6,1010.990154
1781141392.272617,0.000999414,123476,6,988.387195
1781141392.272738,0.001010786,97346,5,770.457842
1781141392.273041,0.000989380,98794,5,798.835634
1781141392.274068,0.001005644,126372,6,1005.302075
1781141392.275578,0.000994607,124924,6,1004.810945
1781141392.276294,0.001000473,123476,6,987.340988
1781141392.277043,0.001010443,98794,5,782.183656
1781141392.278020,0.000988571,120514,5,975.258226
1781141392.279113,0.001014234,120580,6,951.102014
1781141392.280129,0.000989222,127820,6,1033.701232
1781141392.281120,0.000996665,97346,5,781.373882
1781141392.282045,0.001012101,123476,6,975.997455
1781141392.282839,0.000994476,126372,6,1016.591652
1781141392.283835,0.000995395,123476,6,992.377900
1781141392.284937,0.001009891,123476,6,978.133284
1781141392.286012,0.000995268,98794,5,794.109727
1781141392.287125,0.000996002,116224,6,933.524230
1781141392.287846,0.001008771,97346,5,771.996816
1781141392.288849,0.000988615,152436,6,1233.531759
1781141392.289842,0.001011049,123476,6,977.012984
1781141392.290846,0.000990764,100242,5,809.411727
1781141392.291830,0.001008844,124924,6,990.630861
1781141392.292918,0.001001921,126372,6,1009.037639
1781141392.293861,0.000987956,123476,6,999.850196
1781141392.294820,0.000999224,97346,5,779.372793
1781141392.295822,0.001009258,117618,5,932.312649
1781141392.296824,0.000993346,123476,6,994.424903
1781141392.297834,0.000998664,130716,6,1047.126962
1781141392.298984,0.000999326,93002,5,744.517805
1781141392.299941,0.000999618,126372,6,1011.362340
1781141392.301197,0.000999561,124924,6,999.830926
1781141392.301826,0.001005699,122028,6,970.692026
1781141392.302873,0.000999580,98794,5,790.684087
1781141392.303845,0.000995188,97346,5,782.533551
1781141392.304818,0.001001486,120514,5,962.681455
1781141392.305837,0.000999752,120580,6,964.879290
1781141392.306846,0.001006336,127820,6,1016.121852
1781141392.307944,0.001001894,122028,6,974.378527
1781141392.308988,0.000990511,97346,5,786.228522
1781141392.309959,0.000999533,124924,6,999.858934
1781141392.312628,0.001006798,124924,6,992.644006
1781141392.313642,0.000993498,98794,5,795.524500
1781141392.313813,0.001000751,223718,6,1788.400911
1781141392.313913,0.000999274,117618,5,941.627622
1781141392.314847,0.001002044,123476,6,985.793039
1781141392.315830,0.000999474,126372,6,1011.508053
1781141392.316804,0.000999416,123476,6,988.385217
1781141392.317815,0.001003900,97346,5,775.742604
1781141392.318859,0.000997711,124858,5,1001.155645
1781141392.319951,0.000997465,124924,6,1001.931897
1781141392.320818,0.001001989,126372,6,1008.969160
1781141392.321836,0.001002267,97346,5,777.006526
1781141392.322940,0.001000083,124924,6,999.309057
1781141392.323838,0.000999070,117618,5,941.819893
1781141392.324943,0.001004146,126372,6,1006.801800
1781141392.325875,0.001001226,101690,5,812.523846
1781141392.326867,0.001004956,91422,3,727.769176
1781141392.335263,0.000990507,162506,5,1312.507635
1781141392.335445,0.001998220,212002,9,848.763399
1781141392.335518,0.001007149,124792,4,991.249557
1781141392.335572,0.000990600,97214,3,785.091864
1781141392.335641,0.001011484,142300,6,1125.475045
1781141392.335716,0.000987631,98794,5,800.250296
1781141392.335960,0.001002423,129268,6,1031.644326
1781141392.336027,0.001008917,124924,6,990.559184
1781141392.336962,0.001002722,94450,5,753.548840
1781141392.337853,0.000991352,124792,4,1007.044925
1781141392.338806,0.001001801,117618,5,939.252406
1781141392.339802,0.001002321,0,0,0.000000
1781141392.340817,0.000999202,71414,7,571.768271
1781141392.342072,0.000993091,71216,4,573.691636
1781141392.342827,0.001006095,123608,8,982.873387
1781141392.345242,0.000999090,122160,8,978.170135
1781141392.345387,0.000992722,95964,6,773.340371
1781141392.346580,0.001008604,126438,7,1002.875261
1781141392.347276,0.000991743,100308,6,809.145111
1781141392.348900,0.001000210,124990,7,999.710061
1781141392.349057,0.001011270,124990,7,988.776489
1781141392.350288,0.000991498,114722,5,925.645841
1781141392.352139,0.001009852,119132,6,943.758095
1781141392.352266,0.000990927,127820,6,1031.922634
1781141392.353406,0.000999056,124924,6,1000.336317
1781141392.354002,0.000997860,100242,5,803.655823
1781141392.359215,0.001011572,126372,6,999.410818
1781141392.359265,0.000996122,124924,6,1003.282730
1781141392.359286,0.000995516,124924,6,1003.893458
1781141392.359309,0.000996587,98794,5,793.058709
1781141392.359334,0.001009319,120514,5,955.210394
1781141392.359810,0.000994941,119132,6,957.902026
1781141392.360855,0.000995807,114722,5,921.640438
1781141392.361881,0.001016193,129268,6,1017.664951
1781141392.363012,0.000983428,97346,5,791.891221
1781141392.363974,0.001001553,123476,6,986.276313
1781141392.365299,0.001002150,123476,6,985.688769
1781141392.365952,0.001011652,124924,6,987.881208
1781141392.367082,0.000999002,98794,5,791.141559
1781141392.367900,0.000986069,116170,5,942.489826
1781141392.368856,0.001000084,133546,5,1068.278265
1781141392.369883,0.001012920,119000,4,939.857047
1781141392.371009,0.000986514,122028,6,989.569332
1781141392.371906,0.001000671,123476,6,987.145625
1781141392.372966,0.001008334,100242,5,795.307904
1781141392.373888,0.001001913,124924,6,997.483813
1781141392.375008,0.000994779,126372,6,1016.282008
1781141392.375889,0.000994015,123476,6,993.755627
1781141392.376994,0.001012472,97280,4,768.653355
1781141392.377894,0.000994128,124924,6,1005.295093
1781141392.378988,0.001002548,119066,5,950.107127
1781141392.380178,0.000993634,122028,6,982.478458
1781141392.380923,0.001010211,124924,6,989.290356
1781141392.381984,0.001000387,100242,5,801.625771
1781141392.383736,0.000995522,123476,6,992.251301
1781141392.384071,0.000991981,126306,5,1018.616284
1781141392.384825,0.000999816,122028,6,976.403658
1781141392.387036,0.001002545,98794,5,788.345660
1781141392.388035,0.001008329,119066,5,944.659927
1781141392.388355,0.000992444,122028,6,983.656509
1781141392.388928,0.000996379,126372,6,1014.650048
1781141392.389968,0.001010791,124924,6,988.722693
1781141392.390961,0.000996445,98794,5,793.171725
1781141392.391895,0.000996989,124924,6,1002.410257
1781141392.393025,0.000995795,123476,6,991.979273
1781141392.393915,0.001001528,124924,6,997.867259
1781141392.395202,0.001011321,97346,5,770.050261
1781141392.396437,0.000993842,124858,5,1005.053117
1781141392.397272,0.001002487,117618,5,938.609678
1781141392.398118,0.000999990,122028,6,976.233762
1781141392.399169,0.000991315,126372,6,1019.833252
1781141392.400087,0.001007966,98794,5,784.105813
1781141392.402523,0.000999283,124924,6,1000.109078
1781141392.403540,0.001004011,123476,6,983.861731
1781141392.404478,0.000998824,124924,6,1000.568669
1781141392.405145,0.000992521,98794,5,796.307584
1781141392.405318,0.000998443,119066,5,954.013399
1781141392.406193,0.001004762,122028,6,971.597254
1781141392.407204,0.001007284,126372,6,1003.665302
1781141392.408200,0.000987749,123476,6,1000.059732
1781141392.409100,0.001005438,71216,4,566.646576
1781141392.410434,0.000993754,161650,5,1301.328095
1781141392.411323,0.001004038,122028,6,972.297861
1781141392.412143,0.001008262,123476,6,979.713606
1781141392.413419,0.000992102,98794,5,796.643893
1781141392.415258,0.001002638,119066,5,950.021842
1781141392.415477,0.000992608,123476,6,995.164254
1781141392.416123,0.000999730,122028,6,976.487652
1781141392.417156,0.001007631,98794,5,784.366499
1781141392.418123,0.001005186,126372,6,1005.760128
1781141392.419483,0.000997652,124924,6,1001.744095
1781141392.420089,0.000991873,124924,6,1007.580608
1781141392.421268,0.001005760,97346,5,774.307986
1781141392.422305,0.000998670,100176,4,802.475292
1781141392.424357,0.000998382,124792,4,999.953925
1781141392.424392,0.000996113,119000,4,955.714864
1781141392.424962,0.001007174,92936,4,738.192209
1781141392.426487,0.001006670,100110,3,795.573525
1781141392.427308,0.000985276,124792,4,1013.255169
1781141392.428029,0.001011257,124792,4,987.222833
1781141392.429032,0.000989716,120448,4,973.596466
1781141392.430059,0.001011535,126372,6,999.447375
1781141392.431145,0.000987601,120580,6,976.750732
1781141392.432981,0.001011893,122028,6,964.750226
1781141392.433180,0.000988525,100242,5,811.245037
1781141392.435011,0.000999787,127820,6,1022.777852
1781141392.435521,0.001005967,122028,6,970.433424
1781141392.436627,0.001001706,123476,6,986.125670
1781141392.437403,0.000999638,98794,5,790.638211
1781141392.438573,0.000992475,120514,5,971.421950
1781141392.439192,0.001008098,124924,6,991.363935
1781141392.440398,0.000998689,122028,6,977.505510
1781141392.441128,0.000993217,98794,5,795.749569
1781141392.441834,0.001003748,126372,6,1007.201011
1781141392.442855,0.001007868,122028,6,968.603031
1781141392.443846,0.000988172,123410,5,999.097323
1781141392.444934,0.001011277,126372,6,999.702357
1781141392.446524,0.000989953,97346,5,786.671690
1781141392.447100,0.001001416,124924,6,997.978862
1781141392.448347,0.000999466,117552,4,940.918450
1781141392.449509,0.001001181,130716,6,1044.494452
1781141392.451033,0.001004002,117684,6,937.719248
1781141392.451428,0.001002583,98794,5,788.315780
1781141392.453276,0.000999306,123476,6,988.494015
1781141392.454016,0.000994887,98794,5,794.413838
1781141392.454579,0.000998553,152436,6,1221.255156
1781141392.455081,0.001001966,123476,6,985.869780
1781141392.456426,0.000995997,98794,5,793.528495
1781141392.457248,0.000999281,116170,5,930.028691
1781141392.458228,0.001000388,124924,6,999.004386
1781141392.459015,0.001009305,101690,5,806.019984
1781141392.461097,0.000992504,117684,6,948.582575
1781141392.461314,0.000998638,100242,5,803.029726
1781141392.462400,0.001008536,123476,6,979.447437
1781141392.462822,0.000999609,124924,6,999.782915
1781141392.463838,0.000991932,98794,5,796.780424
1781141392.464813,0.001006423,124858,5,992.489242
1781141392.465827,0.000998669,121962,5,976.996382
1781141392.466843,0.000995799,120580,6,968.709549
1781141392.467997,0.000999026,126372,6,1011.961651
1781141392.469022,0.001000975,94450,5,754.864008
1781141392.470052,0.001003884,126372,6,1007.064561
1781141392.471107,0.001001314,123476,6,986.511724
1781141392.472126,0.001005267,127820,6,1017.202395
1781141392.473352,0.000992606,95898,5,772.898814
1781141392.473820,0.001004940,98728,4,785.941449
1781141392.474844,0.000996449,116170,5,932.671918
1781141392.475823,0.000999421,124924,6,999.970983
1781141392.476829,0.000996778,108930,5,874.256856
1781141392.478077,0.000998012,113208,4,907.468046
1781141392.479312,0.001003811,124924,6,995.597777
1781141392.480188,0.001007319,126306,5,1003.106265
1781141392.481220,0.000999595,124924,6,999.796918
1781141392.482159,0.000988595,123476,6,999.203921
1781141392.484996,0.001000319,62462,3,499.536648
1781141392.485144,0.001012474,133546,5,1055.205368
1781141392.485290,0.000988389,117618,5,951.997645
1781141392.487095,0.001013102,124858,5,985.946134
1781141392.487221,0.000986539,124924,6,1013.028375
1781141392.488235,0.001002679,124924,6,996.721782
1781141392.488958,0.000997717,123476,6,990.068326
1781141392.490439,0.001009743,98794,5,782.725902
1781141392.490820,0.000995327,124924,6,1004.084085
1781141392.491835,0.001001172,114722,5,916.701626
1781141392.492805,0.001000509,127820,6,1022.039782
1781141392.493846,0.000992995,122028,6,983.110690
1781141392.494837,0.001011205,100242,5,793.049876
1781141392.496909,0.001000433,124924,6,998.959451
1781141392.497140,0.000989056,123476,6,998.738191
1781141392.499419,0.001006489,124924,6,992.948756
1781141392.499575,0.000999641,98794,5,790.635838
1781141392.500011,0.000992832,124858,5,1006.075550
1781141392.501456,0.001002153,116170,5,927.363387
1781141392.501952,0.000997674,123476,6,990.110998
1781141392.503481,0.001000420,127820,6,1022.130705
1781141392.504157,0.001008014,97346,5,772.576571
1781141392.505144,0.001001956,123476,6,985.879619
1781141392.505991,0.000992893,124924,6,1006.545519
1781141392.510481,0.000996575,124924,6,1002.826681
1781141392.510740,0.001004981,98794,5,786.434768
1781141392.510900,0.000995861,117618,5,944.854754
1781141392.511465,0.001006295,127754,5,1015.638555
1781141392.511498,0.001000575,124924,6,998.817680
1781141392.511873,0.001001934,126372,6,1009.024547
1781141392.512879,0.000990136,97346,5,786.526295
1781141392.513901,0.001009845,119066,5,943.241785
1781141392.514927,0.000993136,124924,6,1006.299238
1781141392.515911,0.000997953,122028,6,978.226430
1781141392.516872,0.001004291,97346,5,775.440584
1781141392.518087,0.001006551,126372,6,1004.396200
1781141392.519027,0.000990219,126372,6,1020.962030
1781141392.520030,0.001009218,123476,6,978.785555
1781141392.522037,0.000994770,124924,6,1004.646300
1781141392.522087,0.000994118,97346,5,783.375817
1781141392.524146,0.001000051,114722,5,917.729196
1781141392.524301,0.001000292,130716,6,1045.422737
1781141392.524964,0.001014404,123476,6,973.781649
1781141392.527304,0.000989712,97346,5,786.863249
1781141392.527534,0.000995787,123476,6,991.987242
1781141392.528193,0.000999854,123476,6,987.952241
1781141392.529166,0.001003358,126372,6,1007.592504
1781141392.530001,0.001007767,97346,5,772.765927
1781141392.531030,0.000991277,124858,5,1007.653764
1781141392.532673,0.001005917,117618,5,935.409184
1781141392.533025,0.000991822,124858,5,1007.100064
1781141392.534053,0.001002803,123476,6,985.046914
1781141392.535285,0.001006857,124924,6,992.585839
1781141392.536033,0.000990940,97346,5,785.888147
1781141392.537063,0.001010490,124924,6,989.017209
1781141392.537992,0.001000709,124924,6,998.683933
1781141392.539201,0.000995208,126372,6,1015.843924
1781141392.539985,0.000993191,97280,4,783.575365
1781141392.541086,0.000999948,124792,4,998.387916
1781141392.542029,0.000999846,116104,4,928.975062
1781141392.543056,0.001000162,124924,6,999.230125
1781141392.543958,0.001008162,123476,6,979.810784
1781141392.544987,0.000992406,98794,5,796.399861
1781141392.546208,0.001003172,36332,2,289.736954
1781141392.547004,0.001004780,0,0,0.000000
1781141392.548095,0.001002707,100110,3,798.717871
1781141392.549061,0.000998755,124792,4,999.580478
1781141392.549935,0.000995023,124924,6,1004.390853
1781141392.551036,0.001008870,116170,5,921.189053
1781141392.551944,0.000988604,123476,6,999.194824
1781141392.552949,0.000997594,126372,6,1013.414275
1781141392.553943,0.001006995,97346,5,773.358358
1781141392.554963,0.000992565,127820,6,1030.219683
1781141392.555959,0.001012039,123476,6,976.057247
1781141392.556928,0.000988277,124924,6,1011.246847
1781141392.558007,0.001002203,123476,6,985.636642
1781141392.559073,0.000997599,98794,5,792.254202
1781141392.559957,0.001011987,119066,5,941.245293
1781141392.561020,0.000992319,123476,6,995.454083
1781141392.563069,0.001001701,126372,6,1009.259250
1781141392.563246,0.000995798,122028,6,980.343403
1781141392.564104,0.000998180,98794,5,791.793063
1781141392.565139,0.001000348,124924,6,999.044333
1781141392.566091,0.001003084,123476,6,984.770966
1781141392.567138,0.000997581,124924,6,1001.815391
1781141392.568362,0.001008347,98794,5,783.809542
1781141392.570029,0.000994891,116170,5,934.132483
1781141392.570146,0.001005896,126372,6,1005.050224
1781141392.573999,0.001002592,122028,6,973.700169
1781141392.574193,0.000996938,124924,6,1002.461537
1781141392.574297,0.001004128,100242,5,798.639217
1781141392.574376,0.000999664,124924,6,999.727909
1781141392.576141,0.000987069,116170,5,941.534989
1781141392.576242,0.001012406,123476,6,975.703423
1781141392.577488,0.000987291,98728,4,799.991087
1781141392.579117,0.001000425,126372,6,1010.546518
1781141392.579257,0.001015287,123476,6,972.934747
1781141392.582015,0.000985601,126372,6,1025.745713
1781141392.582160,0.001009963,124924,6,989.533280
1781141392.582278,0.000989672,97346,5,786.895052
1781141392.584039,0.001007390,124858,5,991.536545
1781141392.584204,0.001000660,116170,5,928.747027
1781141392.585935,0.000998554,130716,6,1047.242312
1781141392.586156,0.000992579,117684,6,948.510899
1781141392.588287,0.001005015,98794,5,786.408163
1781141392.588416,0.000994734,126372,6,1016.327983
1781141392.589918,0.001013216,124924,6,986.356315
1781141392.591480,0.000996712,123476,6,991.066627
1781141392.593015,0.000989771,98794,5,798.520062
1781141392.593232,0.001002882,119066,5,949.790703
1781141392.593313,0.001005494,124924,6,993.931341
1781141392.595129,0.000992287,122028,6,983.812143
1781141392.595268,0.001007745,97346,5,772.782797
1781141392.597049,0.000992074,124924,6,1007.376466
1781141392.597158,0.001006443,124924,6,992.994139
1781141392.599166,0.001005060,124924,6,994.360536
1781141392.599307,0.000989658,126306,5,1021.007257
1781141392.601065,0.000998671,97346,5,779.804360
1781141392.601203,0.001006057,120514,5,958.307531
1781141392.603189,0.000998773,120580,6,965.825067
1781141392.603389,0.001000766,108930,5,870.772988
1781141392.604445,0.001002097,124792,4,996.246870
1781141392.605313,0.000993759,113208,4,911.351746
1781141392.606260,0.001011348,124924,6,988.178154
1781141392.607964,0.000989923,124924,6,1009.565390
1781141392.608108,0.000999231,126372,6,1011.754039
1781141392.609177,0.001004434,97346,5,775.330186
1781141392.610297,0.001003325,119066,5,949.371340
1781141392.611491,0.001005395,126372,6,1005.551052
1781141392.612097,0.000986877,119132,6,965.729265
1781141392.613941,0.001009015,127820,6,1013.423983
1781141392.614090,0.000995363,95898,5,770.758005
1781141392.615130,0.000994730,126372,6,1016.332070
1781141392.616126,0.001001006,126372,6,1009.959980
1781141392.616961,0.000999233,123476,6,988.566230
1781141392.617975,0.001006530,97346,5,773.715637
1781141392.619031,0.000992764,124924,6,1006.676310
1781141392.620075,0.001002648,119066,5,950.012367
1781141392.621042,0.000996725,123476,6,991.053701
1781141392.622074,0.001010438,123476,6,977.603772
1781141392.623229,0.001000101,123476,6,987.708241
1781141392.624283,0.000997042,98794,5,792.696797
1781141392.625024,0.000992808,126372,6,1018.299611
1781141392.626105,0.001000687,97346,5,778.233354
1781141392.627424,0.000999188,95898,5,767.807460
1781141392.628150,0.001006365,124858,5,992.546442
1781141392.629334,0.001007113,114722,5,911.293966
1781141392.630115,0.000993663,127820,6,1029.081288
1781141392.631380,0.000992599,122028,6,983.502905
1781141392.632217,0.001002979,100176,4,799.027696
1781141392.633446,0.000997024,124924,6,1002.375068
1781141392.636466,0.000999846,124924,6,999.545930
1781141392.638391,0.001000913,129202,5,1032.673169
1781141392.638454,0.000999552,93002,5,744.349469
1781141392.638489,0.001015350,124924,6,984.283252
1781141392.638510,0.000990628,114656,4,925.925776
1781141392.638940,0.001004114,124924,6,995.297347
1781141392.639946,0.001001994,126306,5,1008.437176
1781141392.640995,0.000992179,100242,5,808.257381
1781141392.642316,0.001000318,123410,5,986.966145
1781141392.643106,0.001005833,126372,6,1005.113175
1781141392.644272,0.001003147,124924,6,996.256780
1781141392.644944,0.000999397,95898,5,767.646891
1781141392.645958,0.000995436,119066,5,956.895270
1781141392.647279,0.000991257,120580,6,973.148235
1781141392.648034,0.001010038,124924,6,989.459803
1781141392.648892,0.000996796,126372,6,1014.225579
1781141392.650023,0.001002844,98794,5,788.110613
1781141392.651060,0.000990355,127820,6,1032.518642
1781141392.652026,0.000999628,122028,6,976.587290
1781141392.653021,0.001013288,126372,6,997.718319
1781141392.654066,0.000999766,95898,5,767.363563
1781141392.655009,0.000987257,124924,6,1012.291632
1781141392.656505,0.001007944,117618,5,933.528053
1781141392.657653,0.000999847,124924,6,999.544930
1781141392.659773,0.000993489,124924,6,1005.941686
1781141392.659930,0.001011499,124924,6,988.030636
1781141392.661689,0.000998833,95898,5,768.080350
1781141392.662155,0.000988372,124924,6,1011.149648
1781141392.662780,0.001000108,127820,6,1022.449575
1781141392.662947,0.001010961,123476,6,977.098029
1781141392.664078,0.000999234,97346,5,779.364994
1781141392.664846,0.000998169,114722,5,919.459530
1781141392.665997,0.000999914,126372,6,1011.062951
1781141392.666847,0.000996381,106034,5,851.353047
1781141392.667949,0.001004582,121896,4,970.720160
1781141392.668820,0.001001723,120580,6,962.980784
1781141392.669945,0.000991830,123476,6,995.944870
1781141392.671555,0.001006797,127820,6,1015.656582
1781141392.672136,0.000994426,122028,6,981.695973
1781141392.676642,0.001004880,94384,4,751.405143
1781141392.676819,0.000996444,129202,5,1037.304655
1781141392.676851,0.001000885,117618,5,940.112001
1781141392.676884,0.001004232,122028,6,972.110030
1781141392.677126,0.001002197,72664,4,580.037657
1781141392.677858,0.000986481,75428,2,611.693484
1781141392.678897,0.001008089,116104,4,921.378966
1781141392.679921,0.000996567,105968,4,850.664331
1781141392.680850,0.001007234,116170,5,922.685295
1781141392.681833,0.000989051,97280,4,786.855278
1781141392.682861,0.001001821,126306,5,1008.611319
1781141392.683965,0.001000626,89974,3,719.341692
1781141392.684849,0.001002692,97214,3,775.624020
1781141392.685804,0.000994402,120514,5,969.539482
1781141392.688026,0.001000128,126372,6,1010.846612
1781141392.688085,0.001012795,119132,6,941.015704
1781141392.688902,0.000989771,100242,5,810.223779
1781141392.691199,0.001009693,95832,4,759.296142
1781141392.691364,0.000987900,124858,5,1011.098289
1781141392.692061,0.001012897,119066,5,940.399666
1781141392.692972,0.000995716,125086,7,1004.993392
1781141392.693932,0.000993823,58118,3,467.833809
1781141392.694826,0.000998215,0,0,0.000000
1781141392.696768,0.001004504,20338,1,161.974467
1781141392.697113,0.000994967,142234,5,1143.627879
1781141392.697869,0.001008821,116104,4,920.710413
1781141392.698934,0.000995945,95766,3,769.247298
1781141392.699907,0.000995612,0,0,0.000000
1781141392.700897,0.001001603,0,0,0.000000
1781141392.702040,0.001002149,108798,3,868.517556
1781141392.702878,0.000995567,21714,1,174.485494
1781141392.703874,0.001002632,0,0,0.000000
1781141392.704924,0.000997843,0,0,0.000000
1781141392.706004,0.000999204,75428,2,603.904708
1781141392.706992,0.001011171,62396,2,493.653398
1781141392.711892,0.000991629,120448,4,971.718254
1781141392.712230,0.000997480,119186,7,955.896860
1781141392.712255,0.001000539,126372,6,1010.431377
1781141392.712275,0.001003039,123476,6,984.815147
1781141392.712291,0.001002939,100242,5,799.586017
1781141392.714402,0.001000829,123476,6,986.989785
1781141392.714447,0.000993303,127820,6,1029.454255
1781141392.715425,0.001012645,123476,6,975.473142
1781141392.716020,0.000997443,97498,5,781.983532
1781141392.717052,0.000989925,124924,6,1009.563351
1781141392.718209,0.000999497,117618,5,941.417533
1781141392.718967,0.001003234,107482,5,857.084190
1781141392.719830,0.001005768,124792,4,992.610622
1781141392.721103,0.001003594,119000,4,948.590765
1781141392.722065,0.000987848,120580,6,976.506507
1781141392.723132,0.001003214,126372,6,1007.737133
1781141392.723944,0.000996598,122028,6,979.556451
1781141392.724982,0.001008679,98794,5,783.551556
1781141392.726040,0.001003306,124924,6,996.098897
1781141392.728139,0.000997459,117618,5,943.341030
1781141392.728320,0.000990586,127820,6,1032.277864
1781141392.738417,0.001003180,122028,6,973.129448
1781141392.738487,0.000997362,97346,5,780.827824
1781141392.738510,0.001012540,126372,6,998.455370
1781141392.738528,0.000990922,127820,6,1031.927841
1781141392.738545,0.000999200,119132,6,953.819055
1781141392.738564,0.001010154,124924,6,989.346179
1781141392.738584,0.000999841,98794,5,790.477686
1781141392.738601,0.000988062,117552,4,951.778330
1781141392.738618,0.001005332,124924,6,994.091504
1781141392.738634,0.001001526,122028,6,974.736552
1781141392.739024,0.000992236,126372,6,1018.886636
1781141392.740010,0.001001082,84182,3,672.728108
1781141392.740855,0.001006693,124792,4,991.698562
1781141392.741834,0.000992801,58052,2,467.783574
1781141392.742860,0.001005994,91422,3,727.018253
1781141392.743803,0.000995694,100110,3,804.343503
1781141392.744821,0.001006532,87078,3,692.103182
1781141392.747695,0.000991486,137824,4,1112.060080
1781141392.748590,0.000999964,117552,4,940.449856
1781141392.748779,0.001004924,123410,5,982.442453
1781141392.749199,0.001004417,123476,6,983.464039
1781141392.749954,0.001000245,97346,5,778.577249
1781141392.750907,0.000989321,124924,6,1010.179709
1781141392.751925,0.001011775,117618,5,929.993329
1781141392.752877,0.000989085,126372,6,1022.132577
1781141392.753903,0.001012199,122028,6,964.458570
1781141392.754931,0.000989361,97346,5,787.142408
1781141392.755933,0.001012128,124924,6,987.416611
1781141392.757019,0.000985765,124924,6,1013.823782
1781141392.757876,0.001000867,124924,6,998.526278
1781141392.759121,0.000998821,98794,5,791.284925
1781141392.759898,0.001000205,124924,6,999.187167
1781141392.760930,0.001000931,120514,5,963.215247
1781141392.761877,0.001002727,120580,6,962.016581
1781141392.762855,0.000998593,100242,5,803.065914
1781141392.763845,0.001007514,123476,6,980.440967
1781141392.764830,0.001000941,124924,6,998.452456
1781141392.765839,0.001001056,124924,6,998.337755
1781141392.766970,0.000998522,124924,6,1000.871288
1781141392.767846,0.001000858,97346,5,778.100390
1781141392.768819,0.001001440,120514,5,962.725675
1781141392.769877,0.000998773,122028,6,977.423298
1781141392.770924,0.000992731,122082,7,983.807295
1781141392.771966,0.000997280,124924,6,1002.117760
1781141392.772882,0.001003915,98794,5,787.269839
1781141392.773900,0.000996598,126372,6,1014.427081
1781141392.774942,0.001008443,123476,6,979.537763
1781141392.776488,0.000996506,124924,6,1002.896119
1781141392.777113,0.001004973,98794,5,786.441029
1781141392.777936,0.000988448,119066,5,963.660203
1781141392.779452,0.000999776,122028,6,976.442723
1781141392.780022,0.001013290,124924,6,986.284282
1781141392.781070,0.000989073,104520,4,845.397660
1781141392.781991,0.001005010,119066,5,947.779624
1781141392.782835,0.001002913,124924,6,996.489227
1781141392.783942,0.000996810,123476,6,990.969192
1781141392.784834,0.000992946,124924,6,1006.491793
1781141392.785805,0.001005577,98794,5,785.968653
1781141392.786844,0.000996791,124924,6,1002.609373
1781141392.787884,0.000997864,117618,5,942.958159
1781141392.788821,0.001001212,124924,6,998.182203
1781141392.789828,0.001003838,124924,6,995.570999
1781141392.791004,0.000997804,97346,5,780.481938
1781141392.791870,0.001001084,100242,5,801.067643
1781141392.792822,0.001004745,124924,6,994.672280
1781141392.793843,0.000991902,123476,6,995.872576
1781141392.794929,0.000999903,97346,5,778.843548
1781141392.795899,0.001000453,119066,5,952.096700
1781141392.796983,0.001006832,124924,6,992.610485
1781141392.797871,0.000992469,120580,6,971.959829
1781141392.799726,0.001004681,126372,6,1006.265670
1781141392.799963,0.000995282,97346,5,782.459645
1781141392.800882,0.001002501,127820,6,1020.008958
1781141392.802137,0.001002810,122028,6,973.488497
1781141392.803208,0.000994714,124924,6,1004.702859
1781141392.803827,0.001002776,98728,4,787.637518
1781141392.804812,0.000997983,124924,6,1001.411848
1781141392.805817,0.000999607,116170,5,929.725382
1781141392.806832,0.001003795,124924,6,995.613646
1781141392.807833,0.001001541,124924,6,997.854307
1781141392.808796,0.000994160,98794,5,794.994769
1781141392.809873,0.001002599,124924,6,996.801313
1781141392.811266,0.000996770,124924,6,1002.630497
1781141392.811868,0.001000431,123476,6,987.382438
1781141392.812869,0.001000183,98794,5,790.207392
1781141392.813889,0.000998898,124924,6,1000.494545
1781141392.815909,0.001000714,117618,5,940.272645
1781141392.815959,0.001009285,124924,6,990.198011
1781141392.817009,0.000995603,123476,6,992.170574
1781141392.817934,0.001007576,100242,5,795.906215
1781141392.819388,0.000992519,123476,6,995.253491
1781141392.821416,0.000995397,123476,6,992.375906
1781141392.821457,0.001007678,127820,6,1014.768607
1781141392.824682,0.000997389,95898,5,769.192361
1781141392.824739,0.001005142,97346,5,774.784060
1781141392.824758,0.000999537,117618,5,941.379859
1781141392.824933,0.000990198,126372,6,1020.983682
1781141392.826070,0.000999925,97346,5,778.826412
1781141392.826931,0.001012241,121962,5,963.896938
1781141392.827827,0.000987170,127820,6,1035.849955
1781141392.828818,0.001007743,122028,6,968.723176
1781141392.829824,0.000992750,126372,6,1018.359104
1781141392.830830,0.001005924,97346,5,774.181747
1781141392.831824,0.000993738,124924,6,1005.689628
1781141392.832915,0.001011553,119066,5,941.649128
1781141392.833816,0.000988593,122028,6,987.488279
1781141392.834874,0.001012706,126372,6,998.291706
1781141392.835851,0.000997051,122028,6,979.111400
1781141392.836867,0.000994943,98794,5,794.369125
1781141392.837828,0.001002705,127820,6,1019.801437
1781141392.838829,0.000993010,124924,6,1006.426924
1781141392.839819,0.001003294,95898,5,764.665193
1781141392.840827,0.001007720,97346,5,772.801969
1781141392.841810,0.000988312,117618,5,952.071815
1781141392.843192,0.001002164,122028,6,974.116013
1781141392.843879,0.000998305,130716,6,1047.503518
1781141392.844846,0.001005274,120580,6,959.579179
1781141392.845816,0.001003880,100242,5,798.836514
1781141392.847076,0.000998735,123476,6,989.059160
1781141392.847797,0.000993418,124924,6,1006.013581
1781141392.848826,0.001000660,97346,5,778.254352
1781141392.849893,0.001008548,124924,6,990.921602
1781141392.850814,0.000988843,117618,5,951.560561
1781141392.851899,0.001007768,124924,6,991.688563
1781141392.852800,0.000994431,122028,6,981.691037
1781141392.853936,0.001005952,124924,6,993.478814
1781141392.854835,0.001004741,101690,5,809.681301
1781141392.856007,0.000997583,122028,6,978.589250
1781141392.856860,0.000992864,124924,6,1006.574919
1781141392.857843,0.000997400,124924,6,1001.997193
1781141392.858833,0.001000139,98794,5,790.242156
1781141392.859826,0.001006721,117618,5,934.662136
1781141392.860813,0.000992915,122028,6,983.189900
1781141392.861832,0.001005641,130716,6,1039.862138
1781141392.862845,0.001008707,123476,6,979.281397
1781141392.863933,0.000985218,94450,5,766.936861
1781141392.865010,0.001007467,136508,6,1083.969996
1781141392.865909,0.001000906,113274,5,905.371733
1781141392.866833,0.000994677,124924,6,1004.740232
1781141392.867844,0.001009709,95832,4,759.284111
1781141392.868798,0.000987690,127886,7,1035.839180
1781141392.869838,0.001000179,116170,5,929.193674
1781141392.870823,0.001014132,124924,6,985.465403
1781141392.871811,0.000995652,126372,6,1015.390920
1781141392.872809,0.000993573,95898,5,772.146586
1781141392.873831,0.000996276,126372,6,1014.754947
1781141392.875067,0.001009843,123476,6,978.179776
1781141392.875816,0.001001135,127820,6,1021.400710
1781141392.876809,0.001002281,95898,5,765.438036
1781141392.877896,0.000991982,98794,5,796.740263
1781141392.879601,0.000995810,117618,5,944.903144
1781141392.879914,0.001004242,123410,5,983.109649
1781141392.880832,0.001007204,127820,6,1015.246167
1781141392.881869,0.000999342,97346,5,779.280767
1781141392.882967,0.001001974,122028,6,974.300730
1781141392.883910,0.000986305,127820,6,1036.758406
1781141392.884961,0.001011999,122028,6,964.649175
1781141392.885878,0.000989754,98794,5,798.533777
1781141392.887068,0.000998420,119066,5,954.035376
1781141392.890245,0.001008880,123476,6,979.113472
1781141392.890460,0.000993743,122028,6,982.370693
1781141392.890541,0.000997448,101690,5,815.601415
1781141392.891114,0.001000332,123476,6,987.480157
1781141392.891988,0.001007452,123476,6,980.501304
1781141392.892957,0.000992515,126372,6,1018.600223
1781141392.894078,0.001002518,123476,6,985.326947
1781141392.895061,0.001010464,98794,5,782.167400
1781141392.895988,0.000987135,223718,6,1813.069134
1781141392.896948,0.001010320,116170,5,919.866973
1781141392.899457,0.000995275,126372,6,1015.775539
1781141392.901162,0.000993862,122028,6,982.253069
1781141392.901357,0.001000597,101690,5,813.034618
1781141392.901436,0.001001216,123476,6,986.608284
1781141392.901916,0.000998698,124924,6,1000.694905
1781141392.902916,0.000999358,124924,6,1000.034022
1781141392.903891,0.001008797,97346,5,771.976919
1781141392.905570,0.000997113,143682,5,1152.784088
1781141392.907341,0.000996438,97346,5,781.551888
1781141392.908056,0.000998607,124924,6,1000.786095
1781141392.908146,0.000999825,126372,6,1011.152952
1781141392.910175,0.001008979,123476,6,979.017403
1781141392.913158,0.000996723,94384,4,757.554506
1781141392.914258,0.000997694,122028,6,978.480376
1781141392.916091,0.001001019,123476,6,986.802448
1781141392.916208,0.001001489,126372,6,1009.472895
1781141392.916330,0.001002039,107482,5,858.106321
1781141392.916451,0.000994122,117618,5,946.507572
1781141392.916530,0.001004604,122028,6,971.750063
1781141392.918280,0.000993220,126372,6,1017.877207
1781141392.919424,0.000999722,33436,2,267.562382
1781141392.921362,0.000999457,75428,2,603.751837
1781141392.923491,0.001014844,116104,4,915.246087
1781141392.925190,0.000987692,124924,6,1011.845798
1781141392.925367,0.001012449,122028,6,964.220420
1781141392.925453,0.000985822,126372,6,1025.515762
1781141392.925514,0.001003444,97400,6,776.525646
1781141392.928507,0.000996340,124924,6,1003.063211
1781141392.929471,0.001000481,125036,6,999.807093
1781141392.929554,0.000999136,120514,5,964.945713
1781141392.931167,0.001010551,124924,6,988.957509
1781141392.931289,0.000989505,95832,4,774.787394
1781141392.931393,0.001000321,122028,6,975.910733
1781141392.931472,0.001004650,127754,5,1017.301548
1781141392.934191,0.001006475,123476,6,981.453091
1781141392.935558,0.001003114,124924,6,996.289554
1781141392.937110,0.000994248,81352,4,654.581151
1781141392.937301,0.000997704,150988,6,1210.683730
1781141392.937387,0.000999784,98728,4,789.994639
1781141392.937483,0.000997084,124792,4,1001.255662
1781141392.940153,0.001010221,100110,3,792.777026
1781141392.940330,0.000991603,119000,4,960.061638
1781141392.940441,0.001006442,146578,5,1165.118308
1781141392.943066,0.000998823,98794,5,791.283340
1781141392.943213,0.000990909,124858,5,1008.027982
1781141392.943357,0.000998791,124924,6,1000.601727
1781141392.948183,0.001009884,126372,6,1001.081312
1781141392.948385,0.000998200,95898,5,768.567421
1781141392.948451,0.000991837,0,0,0.000000
1781141392.948570,0.001004040,0,0,0.000000
1781141392.952176,0.000996093,0,0,0.000000
1781141392.952351,0.001001641,113142,3,903.653105
1781141392.952446,0.000998397,116170,5,930.852156
1781141392.952528,0.001007908,90040,4,714.668402
1781141392.954233,0.001002378,31988,2,255.296904
1781141392.955153,0.000989845,168364,4,1360.730215
1781141392.955290,0.000999510,123344,4,987.235746
1781141392.956146,0.001012693,123344,4,974.384142
1781141392.956306,0.000987625,90040,4,729.345652
1781141392.957423,0.001000607,124924,6,998.785737
1781141392.957971,0.001011510,124924,6,988.019891
1781141392.965431,0.001001924,62462,3,498.736431
1781141392.969130,0.001001194,88526,3,707.363408
1781141392.970972,0.000992560,98728,4,795.744338
1781141392.971176,0.001001762,88592,4,707.489404
1781141392.973998,0.001001322,127688,4,1020.155355
1781141392.974116,0.000994890,74376,8,598.064108
1781141392.974239,0.000994721,117816,8,947.530011
1781141392.976094,0.001008896,127952,8,1014.590206
1781141392.976193,0.000990069,74112,4,598.843111
1781141392.976724,0.001007427,126438,7,1004.046943
1781141392.977193,0.000992944,116302,7,937.027667
1781141392.977971,0.000999487,107614,7,861.353875
1781141392.978574,0.001013047,84248,4,665.303782
1781141392.979187,0.000987386,0,0,0.000000
1781141392.979305,0.001004781,0,0,0.000000
1781141392.980875,0.001004618,81352,4,647.824347
1781141392.981092,0.000995270,94318,3,758.129955
1781141392.981192,0.000995370,116236,6,934.213408
1781141392.981292,0.001007676,110510,7,877.345496
1781141392.981388,0.000992267,107680,8,868.153430
1781141392.981449,0.001008696,31988,2,253.697844
1781141392.981549,0.000992165,117750,7,949.438853
1781141392.981641,0.001002201,93002,5,742.382017
1781141392.982164,0.000996933,120646,7,968.137277
1781141392.984458,0.001010949,125056,8,989.612730
1781141392.984710,0.000998828,126504,8,1013.219493
1781141392.984988,0.001002828,126438,7,1008.651533
1781141392.985999,0.000990420,103138,5,833.084954
1781141392.986903,0.001001075,124924,6,998.318807
1781141392.987884,0.001004545,119066,5,948.218348
1781141392.989002,0.001002057,130782,7,1044.108269
1781141392.990014,0.000998080,113274,5,907.935236
1781141392.993689,0.000991164,124924,6,1008.301351
1781141392.993971,0.001000492,103138,5,824.698248
1781141392.994099,0.001010070,122028,6,966.491431
1781141392.994148,0.000991499,126372,6,1019.643994
1781141392.995044,0.001002141,126372,6,1008.816125
1781141392.996207,0.001009568,122028,6,966.972012
1781141392.997239,0.000986273,98794,5,801.352161
1781141392.997990,0.001000436,116170,5,928.954976
1781141392.999562,0.001004230,123410,5,983.121396
1781141392.999959,0.001007626,116236,6,922.850343
1781141393.001011,0.000991803,127820,6,1031.011199
1781141393.002057,0.000996037,97346,5,781.866537
1781141393.003634,0.001009240,127820,6,1013.198050
1781141393.004004,0.000992387,122028,6,983.713007
1781141393.004896,0.000998656,97346,5,779.816073
1781141393.005924,0.001000568,124924,6,998.824668
1781141393.007025,0.000998838,119066,5,953.636125
1781141393.009550,0.001013842,123476,6,974.321443
1781141393.009598,0.000990787,126372,6,1020.376731
1781141393.009887,0.001007609,120580,6,957.355482
1781141393.011168,0.000997488,100242,5,803.955536
1781141393.011875,0.000991263,124924,6,1008.200649
1781141393.012875,0.001009787,123476,6,978.234024
1781141393.013991,0.001001120,127820,6,1021.416014
1781141393.015034,0.001003944,95898,5,764.170113
1781141393.016252,0.000995153,124924,6,1004.259647
1781141393.016875,0.000999475,114722,5,918.258085
1781141393.018019,0.000998468,127820,6,1024.128966
1781141393.019469,0.001000900,122028,6,975.346188
1781141393.019976,0.000991223,100242,5,809.036917
1781141393.020956,0.000999388,124924,6,1000.004002
1781141393.021867,0.000999818,126372,6,1011.160031
1781141393.022941,0.001009011,122028,6,967.505805
1781141393.024015,0.000994021,98794,5,795.105938
1781141393.025084,0.001007117,119066,5,945.796764
1781141393.026053,0.000995927,122028,6,980.216421
1781141393.026971,0.000994027,126372,6,1017.050845
1781141393.027967,0.001000414,122028,6,975.820011
1781141393.028943,0.001002233,98794,5,788.591076
1781141393.029914,0.000997068,126372,6,1013.948898
1781141393.031000,0.001000187,123476,6,987.623314
1781141393.031951,0.001003507,124924,6,995.899381
1781141393.032930,0.000996442,98794,5,793.174113
1781141393.033878,0.001000601,124924,6,998.791726
1781141393.034969,0.001007430,116170,5,922.505782
1781141393.036070,0.000995498,126372,6,1015.547997
1781141393.036885,0.001004185,122028,6,972.155529
1781141393.037927,0.000992608,101690,5,819.578323
1781141393.038846,0.001004559,122028,6,971.793593
1781141393.039836,0.001001809,126372,6,1009.150447
1781141393.040822,0.000993567,124924,6,1005.862715
1781141393.041830,0.001011644,97346,5,769.804398
1781141393.042836,0.000994869,124924,6,1004.546327
1781141393.043820,0.000993136,119066,5,959.111340
1781141393.044892,0.001000501,122028,6,975.735157
1781141393.045820,0.001008259,124924,6,991.205633
1781141393.046813,0.000990677,100242,5,809.482808
1781141393.047938,0.001000772,123476,6,987.046000
1781141393.048898,0.001005210,123476,6,982.688195
1781141393.049998,0.000994617,126372,6,1016.447537
1781141393.051137,0.001001773,97346,5,777.389688
1781141393.052048,0.001009380,124924,6,990.104817
1781141393.052834,0.000992416,116104,4,935.930094
1781141393.054130,0.000996526,129268,6,1037.749141
1781141393.054946,0.001001652,123476,6,986.178833
1781141393.056210,0.001003740,95898,5,764.325423
1781141393.056919,0.001002751,124924,6,996.650215
1781141393.058037,0.000995894,124924,6,1003.512422
1781141393.058907,0.000997089,126372,6,1013.927543
1781141393.059858,0.000998126,95898,5,768.624402
1781141393.060885,0.001001958,124924,6,997.439014
1781141393.061880,0.001007513,116170,5,922.429785
1781141393.062919,0.001003458,124924,6,995.948012
1781141393.063899,0.000992932,124924,6,1006.505984
1781141393.064982,0.000994887,98794,5,794.413838
1781141393.065987,0.001007025,124924,6,992.420248
1781141393.066953,0.000992468,124924,6,1006.976547
1781141393.067823,0.001007562,124924,6,991.891318
1781141393.070143,0.000992833,97346,5,784.389721
1781141393.070487,0.001008865,124924,6,990.610240
1781141393.072575,0.000990912,117618,5,949.573726
1781141393.072706,0.001012393,126372,6,998.600346
1781141393.072860,0.000990142,123476,6,997.642762
1781141393.073861,0.001007187,126372,6,1003.761963
1781141393.074983,0.000990717,95898,5,774.372500
1781141393.075862,0.001009536,123476,6,978.477241
1781141393.076830,0.000990238,126372,6,1020.942440
1781141393.077863,0.001008812,97346,5,771.965441
1781141393.078966,0.000991265,124924,6,1008.198615
1781141393.079826,0.001000411,120514,5,963.715913
1781141393.080817,0.001011760,123476,6,976.326402
1781141393.081852,0.000995241,122028,6,980.892065
1781141393.086864,0.000992473,98794,5,796.346097
1781141393.087026,0.001000896,126372,6,1010.070976
1781141393.087104,0.000998446,122028,6,977.743413
1781141393.087171,0.001002513,124924,6,996.886823
1781141393.087286,0.001000375,124924,6,999.017368
1781141393.087807,0.000998783,98794,5,791.315030
1781141393.088817,0.001010672,124924,6,988.839109
1781141393.089871,0.000991967,119066,5,960.241621
1781141393.091103,0.000995969,105968,4,851.175087
1781141393.091969,0.001010973,124792,4,987.500161
1781141393.092932,0.000988843,116170,5,939.845860
1781141393.093966,0.000999919,123410,5,987.359976
1781141393.094976,0.001005982,123476,6,981.934070
1781141393.095968,0.001000004,98794,5,790.348839
1781141393.096950,0.001004722,117618,5,936.521744
1781141393.097943,0.000989260,124924,6,1010.241999
1781141393.099016,0.001001575,126372,6,1009.386217
1781141393.101795,0.001012658,123476,6,975.460619
1781141393.101930,0.000991423,97346,5,785.505279
1781141393.102179,0.001002920,124924,6,996.482272
1781141393.102975,0.000997411,124924,6,1001.986142
1781141393.103950,0.000994192,97346,5,783.317508
1781141393.104959,0.000999998,124924,6,999.393999
1781141393.105909,0.001001718,124924,6,997.677989
1781141393.107008,0.000999956,116170,5,929.400894
1781141393.107955,0.001010540,124924,6,988.968274
1781141393.108950,0.000997536,100242,5,803.916851
1781141393.110023,0.000993204,122028,6,982.903814
1781141393.111088,0.000999816,126372,6,1011.162054
1781141393.114305,0.000997430,124924,6,1001.967055
1781141393.115432,0.001004816,97346,5,775.035429
1781141393.115544,0.000995840,75428,2,605.944730
1781141393.116273,0.001005622,120448,4,958.197016
1781141393.116392,0.001004553,120514,5,959.742293
1781141393.117005,0.000990936,123476,6,996.843388
1781141393.118192,0.001001680,34884,2,278.603945
1781141393.119199,0.000997321,126240,4,1012.632843
1781141393.120098,0.001011494,126372,6,999.487886
1781141393.121088,0.000996114,124924,6,1003.290788
1781141393.121950,0.000991949,123476,6,995.825390
1781141393.123035,0.001000641,111760,4,893.507262
1781141393.123952,0.001000948,119000,4,951.098359
1781141393.125080,0.000999037,120580,6,965.569844
1781141393.126210,0.001003025,124924,6,996.377957
1781141393.127315,0.000996818,124924,6,1002.582217
1781141393.128546,0.001012560,97346,5,769.108003
1781141393.130394,0.000987436,116170,5,941.185049
1781141393.132375,0.001000698,116170,5,928.711759
1781141393.135285,0.001009160,124924,6,990.320663
1781141393.135435,0.000997992,123476,6,989.795509
1781141393.135561,0.000993585,98794,5,795.454843
1781141393.135703,0.001003065,126372,6,1007.886827
1781141393.135811,0.000999440,124924,6,999.951973
1781141393.137648,0.000997929,123476,6,989.857996
1781141393.137852,0.001001386,98794,5,789.258088
1781141393.140399,0.000998430,120514,5,965.628036
1781141393.140527,0.001005748,123476,6,982.162530
1781141393.140655,0.001003523,120580,6,961.253504
1781141393.142309,0.001002482,101690,5,811.505842
1781141393.142572,0.000988159,122028,6,987.921984
1781141393.144517,0.001005572,127820,6,1016.893867
1781141393.144627,0.001002898,123476,6,984.953604
1781141393.145668,0.000994453,123476,6,993.317935
1781141393.146247,0.001000347,98728,4,789.550026
1781141393.147732,0.000994558,124924,6,1004.860451
1781141393.149307,0.001012682,117618,5,929.160388
1781141393.149431,0.000987467,127820,6,1035.538403
1781141393.151057,0.001003873,123476,6,983.996980
1781141393.151263,0.000996901,97346,5,781.188904
1781141393.152666,0.001010009,123476,6,978.019008
1781141393.154158,0.000990913,123476,6,996.866526
1781141393.154265,0.001003446,126372,6,1007.504141
1781141393.155733,0.001009393,63910,3,506.522237
1781141393.156385,0.000994049,133546,5,1074.763920
1781141393.157674,0.001000533,148026,5,1183.577153
1781141393.159118,0.000992522,91554,5,737.950393
1781141393.159158,0.000998884,130650,5,1046.367746
1781141393.161119,0.001008268,122028,6,968.218767
1781141393.161160,0.000991185,122028,6,984.905946
1781141393.161932,0.001000164,98794,5,790.222404
1781141393.163205,0.001012239,126372,6,998.752271
1781141393.163970,0.001000806,123476,6,987.012468
1781141393.164953,0.000997588,124924,6,1001.808362
1781141393.165964,0.000993839,98794,5,795.251545
1781141393.166851,0.000995591,75428,2,606.096278
1781141393.168019,0.001005724,119000,4,946.581766
1781141393.168829,0.001007328,119066,5,945.598653
1781141393.169812,0.000987346,126372,6,1023.932846
1781141393.170851,0.000999472,126372,6,1011.510077
1781141393.172048,0.001013413,95898,5,757.029957
1781141393.172823,0.000998585,124924,6,1000.808144
1781141393.173923,0.000988916,119066,5,963.204155
1781141393.174933,0.001004827,124924,6,994.591109
1781141393.175836,0.001007136,123476,6,980.808947
1781141393.176825,0.000988738,97346,5,787.638383
1781141393.177871,0.001002762,127820,6,1019.743469
1781141393.178846,0.001004969,120580,6,959.870404
1781141393.179851,0.001001963,127820,6,1020.556647
1781141393.180843,0.000998057,95898,5,768.677540
1781141393.181845,0.000999673,124924,6,999.718908
1781141393.182850,0.000990941,123410,5,996.305532
1781141393.183861,0.001016391,122028,6,960.480760
1781141393.185567,0.000984313,122028,6,991.782086
1781141393.187735,0.000999905,95898,5,767.256889
1781141393.189666,0.001011749,126372,6,999.235977
1781141393.192650,0.000997868,127820,6,1024.744756
1781141393.194471,0.000989742,123476,6,998.045955
1781141393.194513,0.001000872,95898,5,766.515598
1781141393.194532,0.001009289,124924,6,990.194087
1781141393.194550,0.001000659,120514,5,963.477069
1781141393.194584,0.001001408,120734,7,964.513964
1781141393.194762,0.000987936,126372,6,1023.321349
1781141393.195293,0.001000191,122028,6,976.037577
1781141393.195829,0.001000567,98794,5,789.904124
1781141393.196825,0.001003403,126372,6,1007.547316
1781141393.198302,0.000996941,97346,5,781.157561
1781141393.199466,0.000999763,75428,2,603.567045
1781141393.200350,0.001011587,124792,4,986.900781
1781141393.201106,0.000989340,117552,4,950.548851
1781141393.202260,0.000998737,123410,5,988.528512
1781141393.203084,0.001007850,124924,6,991.607878
1781141393.203823,0.001002408,123476,6,985.435072
1781141393.204844,0.000996834,97280,4,780.711733
1781141393.208317,0.001000230,121962,5,975.471642
1781141393.208497,0.001005774,119132,6,947.584646
1781141393.208621,0.000998137,126372,6,1012.862964
1781141393.208821,0.000988986,123476,6,998.808881
1781141393.209825,0.000999427,97346,5,779.214490
1781141393.210872,0.001002047,124924,6,997.350424
1781141393.211881,0.001009187,126590,7,1003.500838
1781141393.212869,0.000993483,124924,6,1005.947762
1781141393.213842,0.000995163,97346,5,782.553210
1781141393.215104,0.001009791,119066,5,943.292226
1781141393.215818,0.000991342,122028,6,984.749965
1781141393.217301,0.001001652,127820,6,1020.873517
1781141393.217818,0.000997246,123476,6,990.535936
1781141393.219480,0.001002844,95898,5,765.008316
1781141393.219841,0.001001173,126372,6,1009.791515
1781141393.220976,0.000995596,117618,5,945.106248
1781141393.222271,0.001003545,123410,5,983.792456
1781141393.223294,0.000997405,129268,6,1036.834586
1781141393.224086,0.001003487,119132,6,949.744242
1781141393.225054,0.001000325,101690,5,813.255692
1781141393.227560,0.001010719,95898,5,759.047767
1781141393.229333,0.000984991,100110,3,813.083571
1781141393.230293,0.001005062,121896,4,970.256561
1781141393.231199,0.000994829,120448,4,968.592592
1781141393.231321,0.001010197,132032,4,1045.594077
1781141393.231554,0.001002152,117552,4,938.396571
1781141393.232561,0.000988596,122028,6,987.485282
1781141393.235367,0.001010931,124924,6,988.585769
1781141393.235529,0.000987894,123476,6,999.912946
1781141393.235655,0.001000048,98794,5,790.314065
1781141393.238174,0.001000045,124858,5,998.819053
1781141393.238216,0.001006944,124792,4,991.451362
1781141393.238234,0.000993219,119000,4,958.499586
1781141393.240104,0.000999824,122028,6,976.395846
1781141393.240282,0.001008262,100242,5,795.364697
1781141393.242067,0.000999103,123476,6,988.694859
1781141393.244104,0.000992703,123476,6,995.069019
1781141393.244262,0.001007628,124924,6,991.826349
1781141393.244361,0.000992037,98794,5,796.696091
1781141393.252489,0.001011837,124924,6,987.700588
1781141393.252671,0.000993706,121962,5,981.875927
1781141393.257565,0.000999553,120580,6,965.071387
1781141393.259422,0.000995500,123476,6,992.273230
1781141393.259635,0.001003356,97346,5,776.163196
1781141393.259719,0.001005893,124924,6,993.537086
1781141393.264466,0.000997296,124924,6,1002.101683
1781141393.264677,0.000999213,127820,6,1023.365389
1781141393.265728,0.001007736,95898,5,761.294625
1781141393.266531,0.000990724,124924,6,1008.749157
1781141393.266584,0.000997500,117618,5,943.302256
1781141393.266607,0.000999394,124924,6,999.997999
1781141393.266625,0.000999835,123476,6,987.971015
1781141393.266641,0.000999150,98794,5,791.024371
1781141393.266657,0.000999601,100242,5,802.256100
1781141393.266697,0.001000679,124924,6,998.713873
1781141393.266793,0.001008730,122028,6,967.775321
1781141393.266817,0.000995432,98794,5,793.978896
1781141393.266875,0.000994966,124924,6,1004.448393
1781141393.266897,0.001010506,114722,5,908.234093
1781141393.266913,0.000989576,126372,6,1021.625423
1781141393.266929,0.001006440,127820,6,1016.016851
1781141393.266958,0.001004818,95898,5,763.505431
1781141393.267840,0.000999385,126372,6,1011.598133
1781141393.268813,0.000989744,123476,6,998.043939
1781141393.270081,0.000999895,123476,6,987.911731
1781141393.270997,0.000999844,126426,7,1011.565804
1781141393.271926,0.000999722,97346,5,778.984558
1781141393.273175,0.001000392,114722,5,917.416373
1781141393.274022,0.001007711,116170,5,922.248541
1781141393.274994,0.001006202,123476,6,981.719376
1781141393.276029,0.000995555,126372,6,1015.489852
1781141393.277159,0.000990443,98794,5,797.978278
1781141393.277967,0.001005425,124924,6,993.999552
1781141393.279710,0.000994833,123476,6,992.938513
1781141393.280048,0.001001601,124924,6,997.794531
1781141393.281107,0.000999172,98794,5,791.006954
1781141393.282539,0.001007918,119066,5,945.045133
1781141393.285377,0.000998875,120580,6,965.726442
1781141393.285621,0.000998958,127820,6,1023.626619
1781141393.285723,0.001006501,97346,5,773.737930
1781141393.289483,0.000988377,123476,6,999.424309
1781141393.289621,0.001004803,124924,6,994.614865
1781141393.289705,0.000995105,124924,6,1004.308088
1781141393.292338,0.001008045,124924,6,991.416058
1781141393.292525,0.000992290,98794,5,796.492961
1781141393.292638,0.001011584,124924,6,987.947615
1781141393.292703,0.000988988,116170,5,939.708065
1781141393.295438,0.000999603,127820,6,1022.966118
1781141393.295554,0.001009382,117684,6,932.721210
1781141393.295690,0.001000759,126372,6,1010.209251
1781141393.298656,0.000998503,97346,5,779.935564
1781141393.301366,0.001002886,116170,5,926.685585
1781141393.301510,0.000988790,84182,3,681.091030
1781141393.301713,0.001009575,124792,4,988.867593
1781141393.304334,0.001000675,149474,5,1194.985385
1781141393.304477,0.000993315,120514,5,970.600464
1781141393.304675,0.000994752,120514,5,969.198353
1781141393.307674,0.000999714,98794,5,790.578105
1781141393.310417,0.001000906,124924,6,998.487370
1781141393.310728,0.001012644,124924,6,986.913466
1781141393.314483,0.000987354,34884,2,282.646346
1781141393.314613,0.001009538,111694,3,885.109823
1781141393.314696,0.001000467,116170,5,928.926191
1781141393.316730,0.000989091,113208,4,915.652857
1781141393.318466,0.001010825,122028,6,965.769545
1781141393.318673,0.000995970,98728,4,793.019870
1781141393.321682,0.001002394,119066,5,950.253094
1781141393.322370,0.000990208,120580,6,974.179162
1781141393.322401,0.001005744,124924,6,993.684278
1781141393.322420,0.000994788,72664,4,584.357672
1781141393.322436,0.000999859,137824,4,1102.747487
1781141393.322452,0.001012055,142234,5,1124.318342
1781141393.322468,0.000998071,97280,4,779.744126
1781141393.322501,0.001004585,124924,6,994.830701
1781141393.322524,0.000985349,124924,6,1014.251803
1781141393.322541,0.000999701,123476,6,988.103443
1781141393.322556,0.001000512,98794,5,789.947547
1781141393.322964,0.001012620,124924,6,986.936857
1781141393.325138,0.000999904,121962,5,975.789676
1781141393.325212,0.000998815,120580,6,965.784455
1781141393.326208,0.001002223,123476,6,985.616973
1781141393.326993,0.000998572,97280,4,779.352916
1781141393.327934,0.000987068,126372,6,1024.221229
1781141393.328925,0.000999793,126372,6,1011.185315
1781141393.329903,0.001000170,123410,5,987.112191
1781141393.330957,0.001005795,72598,3,577.437748
1781141393.331979,0.001001032,121896,4,974.162664
1781141393.332912,0.000993922,146578,5,1179.794793
1781141393.333901,0.001006385,94450,5,750.806103
1781141393.334956,0.001001312,124924,6,998.082516
1781141393.335917,0.000992246,126372,6,1018.876367
1781141393.336900,0.001011910,124924,6,987.629335
1781141393.339991,0.000987432,97346,5,788.680132
1781141393.340065,0.001001319,124924,6,998.075538
1781141393.340086,0.001004495,117618,5,936.733383
1781141393.340926,0.000999977,123476,6,987.830720
1781141393.341923,0.000994550,124924,6,1004.868534
1781141393.344228,0.001014237,126372,6,996.784775
1781141393.344391,0.000989702,95898,5,775.166666
1781141393.345016,0.001011968,124924,6,987.572730
1781141393.345967,0.000984650,126372,6,1026.736404
1781141393.346999,0.001004310,124924,6,995.103106
1781141393.348061,0.000995617,97346,5,782.196367
1781141393.348960,0.000999794,116170,5,929.551488
1781141393.350142,0.001009591,129268,6,1024.319749
1781141393.351124,0.000993337,119132,6,959.448807
1781141393.352038,0.000997419,126372,6,1013.592081
1781141393.353057,0.000999191,98794,5,790.991912
1781141393.354039,0.001007089,123476,6,980.854721
1781141393.355045,0.000992971,126372,6,1018.132453
1781141393.356082,0.001000578,123476,6,987.237377
1781141393.357166,0.001008927,98794,5,783.358955
1781141393.360133,0.001005279,124924,6,994.143914
1781141393.360313,0.000999174,116170,5,930.128286
1781141393.360415,0.000991308,124924,6,1008.154882
1781141393.361056,0.000995017,100242,6,805.952059
1781141393.362136,0.001003227,97346,5,776.262999
1781141393.363106,0.000996895,124924,6,1002.504777
1781141393.364152,0.001009292,124924,6,990.191144
1781141393.365099,0.000994894,124924,6,1004.521085
1781141393.366032,0.001004613,97280,4,774.666464
1781141393.367350,0.001001026,124924,6,998.367675
1781141393.368048,0.000990486,124858,5,1008.458474
1781141393.369052,0.001006326,114722,5,912.006646
1781141393.369976,0.000992923,127820,6,1029.848236
1781141393.371136,0.001004079,98794,5,787.141251
1781141393.372066,0.000996537,133612,6,1072.610450
1781141393.373042,0.001002794,120448,4,960.899248
1781141393.374043,0.000998217,117618,5,942.624700
1781141393.375111,0.000998753,98794,5,791.338799
1781141393.376064,0.000999881,116170,5,929.470607
1781141393.377013,0.001004709,124924,6,994.707920
1781141393.378144,0.001006511,130716,6,1038.963310
1781141393.379050,0.000989071,93002,5,752.237200
1781141393.380650,0.001010747,126372,6,1000.226565
1781141393.381058,0.000998900,122028,6,977.299029
1781141393.381985,0.001002131,124924,6,997.266824
1781141393.386952,0.000995271,98728,4,793.576825
1781141393.387091,0.000995682,124792,4,1002.665510
1781141393.387176,0.000996821,123410,5,990.428572
1781141393.387258,0.001008443,117684,6,933.589702
1781141393.388054,0.000991526,97532,6,786.924397
1781141393.388119,0.001002932,124858,5,995.943893
1781141393.388969,0.001001852,126372,6,1009.107134
1781141393.390672,0.000999195,124924,6,1000.197159
1781141393.390838,0.001003250,124924,6,996.154498
1781141393.391827,0.000999984,97346,5,778.780460
1781141393.392902,0.000992605,124924,6,1006.837564
1781141393.393842,0.001012280,114722,5,906.642431
1781141393.394833,0.000987750,126372,6,1023.514047
1781141393.395959,0.001002460,126372,6,1008.495102
1781141393.399280,0.000999765,97346,5,778.951053
1781141393.399390,0.001007863,124924,6,991.595088
1781141393.399424,0.000997008,124924,6,1002.391154
1781141393.399972,0.000993846,126372,6,1017.236071
1781141393.401271,0.000999846,95898,5,767.302165
1781141393.402074,0.000999807,124924,6,999.584920
1781141393.403122,0.000999780,116224,6,929.996599
1781141393.403816,0.000999914,126372,6,1011.062951
1781141393.406982,0.001000729,123476,6,987.088413
1781141393.407049,0.001011007,101690,5,804.663074
1781141393.407069,0.000993260,122028,6,982.848398
1781141393.407896,0.000998080,126372,6,1012.920808
1781141393.408923,0.000996850,123476,6,990.929428
1781141393.409981,0.001000235,97280,4,778.057157
1781141393.411045,0.001002775,124792,4,995.573284
1781141393.411895,0.001007086,121896,4,968.306580
1781141393.412850,0.000993510,117684,6,947.622067
1781141393.413816,0.001003392,103138,5,822.314709
1781141393.415099,0.001006167,120580,6,958.727527
1781141393.415826,0.000986507,126372,6,1024.803676
1781141393.416886,0.001004203,123476,6,983.673620
1781141393.417831,0.000998537,124924,6,1000.856253
1781141393.419192,0.000997218,98794,5,792.556893
1781141393.419871,0.001014361,124924,6,985.242926
1781141393.421018,0.000987294,120514,5,976.519659
1781141393.421836,0.000997866,120580,6,966.702944
1781141393.423247,0.001010677,63910,3,505.878733
1781141393.423843,0.000993630,36398,3,293.050733
1781141393.424814,0.001004316,133480,4,1063.251009
1781141393.425827,0.001005375,124792,4,992.998632
1781141393.427242,0.000987040,120448,4,976.236019
1781141393.427832,0.001011693,120514,5,952.968934
1781141393.428798,0.000988702,95898,5,775.950691
1781141393.429830,0.001009455,124924,6,990.031254
1781141393.431447,0.000991461,114722,5,925.680385
1781141393.432235,0.000998403,130716,6,1047.400699
1781141393.432825,0.000999780,119132,6,953.265718
1781141393.433835,0.001007398,126372,6,1003.551724
1781141393.434994,0.000993083,98794,5,795.856942
1781141393.435873,0.001012651,123476,6,975.467362
1781141393.436816,0.000993737,124924,6,1005.690640
1781141393.438086,0.000998559,124924,6,1000.834202
1781141393.440425,0.000995064,98728,4,793.741910
1781141393.440472,0.001008386,114722,5,910.143536
1781141393.440913,0.000992923,126372,6,1018.181672
1781141393.441960,0.001011552,124858,5,987.456898
1781141393.442847,0.000998430,65358,3,523.686187
1781141393.444001,0.000988467,33436,2,270.608933
1781141393.445025,0.001014439,134928,4,1064.060037
1781141393.445839,0.000992589,117552,4,947.437459
1781141393.446969,0.000994965,132032,4,1061.601162
1781141393.447856,0.000999416,116104,4,929.374755
1781141393.449765,0.001006040,123476,6,981.877460
1781141393.450040,0.000996710,97346,5,781.338604
1781141393.451103,0.001000248,124924,6,999.144212
1781141393.454961,0.000998535,117618,5,942.324505
1781141393.455128,0.001005081,126372,6,1005.865199
1781141393.455209,0.000992641,122028,6,983.461292
1781141393.455839,0.001004707,46468,2,370.002399
1781141393.457462,0.000998213,124792,4,1000.123220
1781141393.457615,0.000996545,119000,4,955.300563
1781141393.459636,0.001010273,130782,7,1035.617105
1781141393.459869,0.000994571,101624,4,817.429827
1781141393.461331,0.001008190,124792,4,990.226049
1781141393.461490,0.001001777,120448,4,961.874749
1781141393.467142,0.000985519,122028,6,990.568421
1781141393.467193,0.001013598,132164,6,1043.127552
1781141393.467213,0.000989751,117618,5,950.687597
1781141393.467240,0.000995803,95898,5,770.417442
1781141393.467266,0.001008933,127820,6,1013.506348
1781141393.467290,0.000998393,123476,6,989.397963
1781141393.469907,0.000993041,123476,6,994.730328
1781141393.469953,0.001031331,98794,5,766.341747
1781141393.469979,0.000970323,124924,6,1029.958066
1781141393.470843,0.000998398,116170,5,930.851224
1781141393.471841,0.001013040,127820,6,1009.397457
1781141393.472840,0.000990506,124924,6,1008.971172
1781141393.473841,0.001003782,97346,5,775.833797
1781141393.475007,0.000996540,124924,6,1002.861902
1781141393.475950,0.001007389,122028,6,969.063589
1781141393.476820,0.000988845,126372,6,1022.380656
1781141393.477843,0.001007991,97346,5,772.594200
1781141393.478982,0.000994840,121962,5,980.756705
1781141393.479855,0.000997597,122028,6,978.575517
1781141393.480908,0.000999310,124924,6,1000.082057
1781141393.481840,0.001008659,124924,6,990.812554
1781141393.482847,0.001004624,122028,6,971.730717
1781141393.483817,0.000986385,98794,5,801.261171
1781141393.484899,0.001000177,123476,6,987.633189
1781141393.485831,0.001004044,126372,6,1006.904080
1781141393.486829,0.000998796,97346,5,779.706767
1781141393.488143,0.000997291,124924,6,1002.106707
1781141393.488848,0.001001332,117552,4,939.165032
1781141393.489825,0.001000217,122028,6,976.012205
1781141393.490949,0.000999717,124924,6,999.674908
1781141393.491844,0.001006413,126372,6,1004.533924
1781141393.492911,0.001004890,98794,5,786.505986
1781141393.493936,0.000987633,123476,6,1000.177191
1781141393.494929,0.001000245,126372,6,1010.728372
1781141393.495919,0.001013445,97346,5,768.436373
1781141393.496896,0.000996695,124924,6,1002.705943
1781141393.497916,0.000997137,119066,5,955.262918
1781141393.498946,0.000992351,122028,6,983.748694
1781141393.499904,0.001003895,127820,6,1018.592582
1781141393.500926,0.001002980,122028,6,973.323496
1781141393.501905,0.000998347,97346,5,780.057435
1781141393.502950,0.001008198,126372,6,1002.755411
1781141393.503922,0.000988581,126372,6,1022.653682
1781141393.504947,0.001010367,122028,6,966.207329
1781141393.505916,0.000988527,98794,5,799.524950
1781141393.506979,0.001010099,124924,6,989.400049
1781141393.508338,0.000994105,114722,5,923.218372
1781141393.509030,0.001005775,126372,6,1005.171137
1781141393.510015,0.000999246,126372,6,1011.738851
1781141393.510910,0.001001412,97346,5,777.669930
1781141393.511822,0.000998824,124924,6,1000.568669
1781141393.512792,0.000989405,0,0,0.000000
1781141393.513840,0.001013316,0,0,0.000000
1781141393.514862,0.000999413,72598,3,581.125120
1781141393.515897,0.000996643,87078,3,698.970444
1781141393.516822,0.001001378,162506,5,1298.258999
1781141393.518173,0.000990175,87078,3,703.536244
1781141393.519229,0.001012623,156714,5,1238.083670
1781141393.520670,0.000990769,92936,4,750.415082
1781141393.521469,0.001004699,124924,6,994.717821
1781141393.522813,0.000999346,116170,5,929.968199
1781141393.523352,0.000992413,123410,5,994.827758
1781141393.523978,0.001000348,127820,6,1022.204273
1781141393.525396,0.000999348,101690,5,814.050761
1781141393.526016,0.001001968,120580,6,962.745317
1781141393.526829,0.001004265,123476,6,983.612891
1781141393.528683,0.000993191,124924,6,1006.243512
1781141393.529984,0.001012369,124924,6,987.181551
1781141393.530155,0.001001146,98794,5,789.447293
1781141393.530911,0.000993843,116170,5,935.117519
1781141393.531869,0.000993778,108930,5,876.896047
1781141393.532856,0.001012493,140852,6,1112.912386
1781141393.533870,0.000987986,123476,6,999.819836
1781141393.534840,0.001012680,100242,5,791.894774
1781141393.535897,0.000991521,124924,6,1007.938309
1781141393.536852,0.000994872,126372,6,1016.187007
1781141393.537829,0.001003450,95898,5,764.546315
1781141393.539022,0.000995953,119066,5,956.398545
1781141393.539808,0.001000685,122028,6,975.555744
1781141393.540822,0.001011369,124924,6,988.157636
1781141393.542377,0.001000929,126372,6,1010.037675
1781141393.543118,0.000987726,122028,6,988.355070
1781141393.544522,0.001008310,98794,5,783.838304
1781141393.545054,0.000991380,126372,6,1019.766386
1781141393.545825,0.001000862,123476,6,986.957243
1781141393.547181,0.000999809,63910,3,511.377673
1781141393.547898,0.000999516,34884,2,279.207136
1781141393.549315,0.001000431,100110,3,800.534969
1781141393.549981,0.001001797,149474,5,1193.647016
1781141393.551032,0.000997179,124792,4,1001.160273
1781141393.552183,0.001007657,124792,4,990.749829
1781141393.553354,0.000995972,117618,5,944.749451
1781141393.554532,0.000997173,123476,6,990.608450
1781141393.555380,0.001000073,98794,5,790.294309
1781141393.556580,0.000999992,123476,6,987.815903
1781141393.557242,0.001009779,127820,6,1012.657225
1781141393.558165,0.000996969,122028,6,979.191931
1781141393.559339,0.001004692,98728,4,786.135452
1781141393.560098,0.000988053,117618,5,952.321384
1781141393.560932,0.001014865,239646,6,1889.086726
1781141393.561941,0.000984964,127820,6,1038.169923
1781141393.563013,0.001002527,124924,6,996.872902
1781141393.564041,0.001008697,97346,5,772.053451
1781141393.564926,0.000988700,124924,6,1010.814200
1781141393.565985,0.001007439,124924,6,992.012420
1781141393.567125,0.001003724,126372,6,1007.225094
1781141393.568104,0.000995264,95898,5,770.834673
1781141393.568817,0.001003323,124924,6,996.082019
1781141393.569823,0.000994227,119066,5,958.058874
1781141393.570855,0.001008372,120580,6,956.631085
1781141393.572061,0.000996984,124924,6,1002.415284
1781141393.573029,0.001001918,100242,5,800.400831
1781141393.573988,0.000989464,123476,6,998.326367
1781141393.575391,0.000999452,126372,6,1011.530319
1781141393.576968,0.000999939,123476,6,987.868260
1781141393.577124,0.001001378,98794,5,789.264394
1781141393.578193,0.000998605,124924,6,1000.788099
1781141393.579172,0.001000614,119066,5,951.943507
1781141393.579822,0.001009973,123476,6,978.053869
1781141393.581020,0.000989746,126372,6,1021.449948
1781141393.582024,0.001005586,94450,5,751.402665
1781141393.584844,0.000997805,126372,6,1013.199974
1781141393.585144,0.001002863,124924,6,996.538909
1781141393.587248,0.000993556,124924,6,1005.873851
1781141393.587533,0.001014073,97346,5,767.960492
1781141393.587700,0.000987535,124924,6,1012.006663
1781141393.588181,0.001006107,117618,5,935.232535
1781141393.588975,0.000995981,123476,6,991.794020
1781141393.590069,0.001001325,124924,6,998.069558
1781141393.591076,0.001007585,124924,6,991.868676
1781141393.591902,0.000988240,98794,5,799.757144
1781141393.592906,0.000999495,124924,6,999.896948
1781141393.593915,0.001000094,124924,6,999.298066
1781141393.594931,0.001006930,123476,6,981.009603
1781141393.595919,0.001001467,98794,5,789.194252
1781141393.597399,0.000990885,114722,5,926.218481
1781141393.598148,0.001012494,127820,6,1009.941787
1781141393.599177,0.000999357,122028,6,976.852116
1781141393.600092,0.000990747,100242,5,809.425615
1781141393.601150,0.000997668,127754,5,1024.420950
1781141393.602031,0.000999944,120580,6,964.694023
1781141393.603001,0.001000558,126372,6,1010.412190
1781141393.603949,0.001003432,97346,5,776.104410
1781141393.604922,0.000998358,124924,6,1001.035701
1781141393.606073,0.001003986,117618,5,937.208288
1781141393.607020,0.001001530,127820,6,1020.997873
1781141393.608106,0.000998387,123476,6,989.403909
1781141393.609022,0.000995479,120580,6,969.020944
1781141393.610149,0.001002290,98794,5,788.546229
1781141393.611362,0.000996472,126372,6,1014.555351
1781141393.613122,0.001006350,123410,5,981.050330
1781141393.613339,0.000995939,124924,6,1003.467080
1781141393.615582,0.000998105,98794,5,791.852561
1781141393.616127,0.000999749,116170,5,929.593328
1781141393.616229,0.001012931,116170,5,917.495861
1781141393.617057,0.000987146,124924,6,1012.405460
1781141393.619065,0.000999051,100242,5,802.697760
1781141393.619249,0.001007904,123476,6,980.061593
1781141393.620133,0.001000684,123476,6,987.132801
1781141393.621159,0.000995615,126372,6,1015.428655
1781141393.622173,0.000995986,97346,5,781.906573
1781141393.623137,0.001006386,124924,6,993.050380
1781141393.623842,0.000993666,117618,5,946.941930
1781141393.624814,0.001006172,126372,6,1004.774532
1781141393.625851,0.001006093,124924,6,993.339582
1781141393.626855,0.000994385,97346,5,783.165474
1781141393.627843,0.000999092,122028,6,977.111217
1781141393.628805,0.000995976,124924,6,1003.429802
1781141393.629826,0.001007476,127820,6,1014.972069
1781141393.630882,0.000990892,95898,5,774.235739
1781141393.631991,0.001000501,124924,6,998.891555
1781141393.633077,0.001000309,117618,5,940.653338
1781141393.634039,0.001009091,123476,6,978.908741
1781141393.635125,0.001002338,126372,6,1008.617851
1781141393.636193,0.000988083,97346,5,788.160509
1781141393.637396,0.001002047,123476,6,985.790088
1781141393.637986,0.000998015,124924,6,1001.379739
1781141393.639251,0.001006568,126372,6,1004.379237
1781141393.640051,0.000997396,123476,6,990.386968
1781141393.640833,0.001005844,98794,5,785.760018
1781141393.641829,0.000989471,117618,5,950.956622
1781141393.642834,0.001000125,124924,6,999.267092
1781141393.643799,0.001004320,124924,6,995.093197
1781141393.644804,0.000998899,123476,6,988.896775
1781141393.645839,0.000996625,98794,5,793.028471
1781141393.647207,0.001005000,126372,6,1005.946269
1781141393.648137,0.000995812,123476,6,991.962338
1781141393.649044,0.001011901,124924,6,987.638119
1781141393.650181,0.000996810,97346,5,781.260220
1781141393.650845,0.000991110,124924,6,1008.356287
1781141393.651830,0.000999631,119066,5,952.879613
1781141393.652842,0.001014886,122028,6,961.905081
1781141393.653883,0.000987131,123476,6,1000.685826
1781141393.654855,0.001000200,100242,5,801.775645
1781141393.655845,0.001008763,123476,6,979.227034
1781141393.656800,0.001000594,126372,6,1010.375837
1781141393.657829,0.001000470,34884,2,278.940898
1781141393.658883,0.000997493,136376,4,1093.750031
1781141393.660040,0.000990948,121896,4,984.075855
1781141393.661029,0.001011090,145262,7,1149.349712
1781141393.662050,0.000989597,97346,5,786.954690
1781141393.662871,0.001014329,129268,6,1019.535082
1781141393.663829,0.000984663,120514,5,979.128900
1781141393.664810,0.001008425,124924,6,991.042467
1781141393.665813,0.001005683,98794,5,785.885811
1781141393.666848,0.000985806,116170,5,942.741270
1781141393.667837,0.001003980,127820,6,1018.506345
1781141393.668833,0.000999549,124924,6,999.842929
1781141393.669817,0.000999914,95898,5,767.249983
1781141393.670860,0.001002308,124924,6,997.090715
1781141393.671811,0.000994127,126372,6,1016.948539
1781141393.672825,0.001000465,123476,6,987.348883
1781141393.673851,0.000999520,97346,5,779.141988
1781141393.674861,0.001000587,222270,6,1777.116832
1781141393.675823,0.001007679,120514,5,956.765002
1781141393.676809,0.001001540,119132,6,951.590551
1781141393.677829,0.000989957,127820,6,1032.933754
1781141393.678868,0.001009750,101690,5,805.664769
1781141393.679904,0.001001896,120580,6,962.814504
1781141393.681087,0.001000515,124924,6,998.877578
1781141393.681856,0.001001828,124924,6,997.568445
1781141393.682847,0.000999465,123476,6,988.336760
1781141393.683825,0.000987189,98794,5,800.608597
1781141393.684838,0.001005330,124924,6,994.093482
1781141393.685816,0.000995581,119066,5,956.755904
1781141393.686855,0.001000016,122028,6,976.208381
1781141393.687842,0.001005337,124924,6,994.086560
1781141393.689155,0.001003388,98794,5,787.683329
1781141393.689834,0.001002770,126372,6,1008.183332
1781141393.691656,0.000999231,122028,6,976.975294
1781141393.692302,0.000990767,126526,7,1021.640810
1781141393.692909,0.001008192,97280,4,771.916460
1781141393.693836,0.000995585,120514,5,968.387431
1781141393.694836,0.001002896,119132,6,950.303920
1781141393.695800,0.000993941,127820,6,1028.793460
1781141393.696814,0.001008935,122028,6,967.578684
1781141393.697832,0.000996549,98794,5,793.088950
1781141393.698932,0.000997473,126372,6,1013.537209
1781141393.699820,0.000994146,123476,6,993.624679
1781141393.700819,0.001000177,98794,5,790.212132
1781141393.701805,0.001010789,124924,6,988.724650
1781141393.702831,0.000992037,116170,5,936.819897
1781141393.703816,0.000997052,127820,6,1025.583420
1781141393.704818,0.001000311,123476,6,987.500887
1781141393.705806,0.000999609,98794,5,790.661149
1781141393.713218,0.001010741,122028,6,965.849807
1781141393.713265,0.000988426,126240,4,1021.745685
1781141393.713316,0.001010704,123530,7,977.773908
1781141393.713343,0.001000271,98946,5,791.353543
1781141393.713394,0.000989096,124792,4,1009.341864
1781141393.713421,0.001007120,100176,4,795.742315
1781141393.713471,0.000996165,146578,5,1177.138325
1781141393.713834,0.000996543,94450,5,758.221171
1781141393.714857,0.001010609,127688,4,1010.780628
1781141393.715821,0.000998829,124924,6,1000.563660
1781141393.716804,0.000995732,84248,4,676.872894
1781141393.717844,0.000998040,133546,5,1070.466114
1781141393.718935,0.000996700,120448,4,966.774355
1781141393.719817,0.001014454,103072,4,812.827393
1781141393.720801,0.000991148,119066,5,961.035083
1781141393.721848,0.001000822,120514,5,963.320151
1781141393.724567,0.000997334,126372,6,1013.678467
1781141393.724879,0.000996279,72532,2,582.423197
1781141393.725058,0.001000578,116170,5,928.823140
1781141393.725796,0.000999285,124924,6,1000.107077
1781141393.727466,0.001004252,95898,5,763.935745
1781141393.727830,0.001002435,124924,6,996.964392
1781141393.728814,0.000995752,116170,5,933.324764
1781141393.730072,0.001015003,124924,6,984.619750
1781141393.731096,0.000984170,123476,6,1003.696516
1781141393.731982,0.000999200,100242,5,802.578062
1781141393.732826,0.001012070,124924,6,987.473198
1781141393.733849,0.000988857,123476,6,998.939179
1781141393.734832,0.001010457,126372,6,1000.513629
1781141393.735842,0.001000311,124924,6,999.081286
1781141393.736820,0.000995953,97346,5,781.932481
1781141393.737813,0.000992055,120514,5,971.833215
1781141393.739607,0.000999691,93002,5,744.245972
1781141393.740317,0.000999924,156780,6,1254.335329
1781141393.740786,0.001000125,104586,5,836.583427
1781141393.741834,0.001006515,113274,5,900.326374
1781141393.742962,0.000994933,127820,6,1027.767699
1781141393.743855,0.001001868,85630,3,683.762731
1781141393.745709,0.000996232,110312,4,885.833822
1781141393.745812,0.001000144,148026,5,1184.037499
1781141393.746804,0.001002807,119132,6,950.388260
1781141393.747833,0.001008753,122028,6,967.753256
1781141393.748791,0.000989420,98794,5,798.803339
1781141393.749821,0.000999903,124858,5,998.960899
1781141393.751371,0.001002863,77074,5,614.831737
1781141393.751831,0.001005516,85894,7,683.382462
1781141393.752918,0.001000611,123608,8,988.260173
1781141393.755170,0.000990501,107614,7,869.168229
1781141393.755395,0.001005403,119198,7,948.459473
1781141393.755810,0.000999094,125056,8,1001.355228
1781141393.757087,0.001008647,106166,7,842.046821
1781141393.758571,0.000988827,43572,2,352.514646
1781141393.760647,0.001013805,124924,6,985.783262
1781141393.762631,0.000997119,124924,6,1002.279567
1781141393.763185,0.000997743,124924,6,1001.652730
1781141393.763295,0.000991965,95832,4,772.865978
1781141393.763374,0.001002207,116170,5,927.313419
1781141393.764071,0.001009581,71480,8,566.413195
1781141393.766737,0.000994067,34884,2,280.737616
1781141393.768687,0.000991384,88724,6,715.960718
1781141393.769304,0.001012876,113592,10,897.183861
1781141393.769384,0.000993294,91554,5,737.376849
1781141393.769446,0.000998094,132296,8,1060.389102
1781141393.771608,0.001002705,110510,7,881.695015
1781141393.771784,0.001000953,45086,3,360.344592
1781141393.772580,0.000992697,124924,6,1006.744253
1781141393.773228,0.001008630,106100,6,841.537531
1781141393.774163,0.000991080,124924,6,1008.386810
1781141393.775657,0.001006068,155464,8,1236.210674
1781141393.776050,0.000994278,110642,9,890.229895
1781141393.776917,0.001007110,122226,9,970.904866
1781141393.777942,0.000997585,132362,9,1061.459425
1781141393.778975,0.000997903,123608,8,990.942005
1781141393.779835,0.000997580,109062,7,874.612562
1781141393.780813,0.001000359,106166,7,849.023201
1781141393.781804,0.001007446,117750,7,935.037709
1781141393.782824,0.000991941,124990,7,1008.043825
1781141393.783848,0.000999874,104586,5,836.793436
1781141393.784811,0.001009148,124924,6,990.332439
1781141393.785810,0.001000412,124924,6,998.980420
1781141393.786822,0.000990534,110378,5,891.462585
1781141393.787843,0.001007495,127820,6,1014.952928
1781141393.788804,0.000996238,129268,6,1038.049141
1781141393.789799,0.000996889,95898,5,769.578158
1781141393.790912,0.001004539,126372,6,1006.407914
1781141393.791823,0.001007771,123476,6,980.190936
1781141393.792815,0.000991079,124858,5,1007.855075
1781141393.793828,0.000995796,98794,5,793.688667
1781141393.794850,0.001001944,124858,5,996.925976
1781141393.795858,0.000998182,116170,5,931.052654
1781141393.796864,0.001006387,126372,6,1004.559876
1781141393.797834,0.001003866,124924,6,995.543230
1781141393.798863,0.000996720,97346,5,781.330765
1781141393.799852,0.000993393,124924,6,1006.038899
1781141393.800843,0.001011448,123410,5,976.105544
1781141393.801795,0.000988724,126372,6,1022.505775
1781141393.802847,0.001012100,97280,4,768.935876
1781141393.803821,0.000990846,124792,4,1007.559197
1781141393.804814,0.000998275,119066,5,954.173950
1781141393.805811,0.000999431,123476,6,988.370383
1781141393.806842,0.001001809,97346,5,777.361753
1781141393.808047,0.000997274,123476,6,990.508125
1781141393.808831,0.000999521,124924,6,999.870938
1781141393.809825,0.001010078,126372,6,1000.889040
1781141393.810861,0.000995176,97346,5,782.542987
1781141393.811835,0.001006311,124924,6,993.124392
1781141393.812823,0.000993875,117618,5,946.742800
1781141393.813838,0.001005285,123476,6,982.614880
1781141393.814988,0.000989994,124924,6,1009.492987
1781141393.815828,0.001004550,98794,5,786.772187
1781141393.816808,0.000996526,123476,6,991.251608
1781141393.817817,0.001006579,124924,6,992.859974
1781141393.818897,0.000998619,124924,6,1000.774069
1781141393.819969,0.000993314,98794,6,795.671862
1781141393.820986,0.001000101,97346,5,778.689352
1781141393.821850,0.001003172,119066,5,949.516135
1781141393.822964,0.001003218,123476,6,984.639430
1781141393.823963,0.000993633,69768,4,561.720474
1781141393.824900,0.001007711,162506,5,1290.100039
1781141393.825905,0.000992002,117552,4,947.998089
1781141393.826830,0.001000307,123410,5,986.976998
1781141393.827865,0.000998982,122028,6,977.218809
1781141393.828873,0.001013124,98794,5,780.113787
1781141393.829835,0.000987813,124924,6,1011.721854
1781141393.830864,0.001000931,117618,5,940.068796
1781141393.831861,0.001004998,126372,6,1005.948271
1781141393.832845,0.001002715,124924,6,996.685998
1781141393.833848,0.000991493,94450,5,762.083040
1781141393.834843,0.001003486,124924,6,995.920222
1781141393.835816,0.000997950,124924,6,1001.444962
1781141393.836808,0.001010381,124924,6,989.123905
1781141393.837799,0.000989590,98794,5,798.666114
1781141393.838955,0.001007025,124924,6,992.420248
1781141393.839821,0.000993772,116170,5,935.184328
1781141393.840805,0.001004006,127820,6,1018.479969
1781141393.841800,0.000993954,124924,6,1005.471078
1781141393.842852,0.001001689,120580,6,963.013470
1781141393.843839,0.001002078,100242,5,800.273033
1781141393.844864,0.001003117,124924,6,996.286575
1781141393.845835,0.000992640,124924,6,1006.802063
1781141393.846998,0.001001218,97214,3,776.765899
1781141393.847949,0.001002506,124792,4,995.840424
1781141393.849080,0.001009355,91422,3,724.597391
1781141393.849820,0.000988766,133546,5,1080.506409
1781141393.850850,0.000997695,119000,4,954.199430
1781141393.851808,0.001000542,119066,5,952.012009
1781141393.852810,0.001000952,124792,4,997.386488
1781141393.854076,0.001009450,95832,4,759.478924
1781141393.854938,0.000989270,127886,7,1034.184803
1781141393.855829,0.001008585,124924,6,990.885250
1781141393.856825,0.000998839,119066,5,953.635170
1781141393.857888,0.000993329,122028,6,982.780126
1781141393.859068,0.000999535,124924,6,999.856933
1781141393.859907,0.001013715,98794,5,779.658977
1781141393.860813,0.000986263,123476,6,1001.566519
1781141393.861906,0.001012632,124924,6,986.925161
1781141393.862821,0.000991908,124924,6,1007.545055
1781141393.863951,0.000995824,98794,5,793.666351
1781141393.864809,0.001011879,124924,6,987.659592
1781141393.865856,0.000997756,114722,5,919.840121
1781141393.866933,0.000990107,126372,6,1021.077520
1781141393.867807,0.000999847,126372,6,1011.130703
1781141393.868964,0.001011487,97346,5,769.923884
1781141393.869983,0.001000926,126372,6,1010.040702
1781141393.871030,0.000991298,122028,6,984.793675
1781141393.872637,0.001010665,124924,6,988.845958
1781141393.872926,0.000987450,98794,5,800.396982
1781141393.873903,0.001006091,124924,6,993.341557
1781141393.874988,0.000997248,117618,5,943.540624
1781141393.875953,0.000995265,123476,6,992.507523
1781141393.876937,0.000999980,126372,6,1010.996220
1781141393.877932,0.001004701,98794,5,786.653940
1781141393.878921,0.000997689,122028,6,978.485279
1781141393.879921,0.000997295,124924,6,1002.102688
1781141393.880908,0.001005197,124924,6,994.225013
1781141393.881939,0.001005525,98794,5,786.009299
1781141393.882910,0.000996386,124924,6,1003.016903
1781141393.883904,0.001002087,114722,5,915.864591
1781141393.884900,0.000997359,127820,6,1025.267732
1781141393.885887,0.000996256,124924,6,1003.147785
1781141393.886817,0.000997547,98794,5,792.295501
1781141393.887842,0.001004809,122028,6,971.551807
1781141393.888860,0.001007515,126372,6,1003.435185
1781141393.889850,0.000997637,124924,6,1001.759157
1781141393.891136,0.000998684,62462,3,500.354466
1781141393.892002,0.000990649,34884,2,281.706235
1781141393.892919,0.001001227,124792,4,997.112543
1781141393.893917,0.001002807,124792,4,995.541515
1781141393.894937,0.001007810,124792,4,990.599419
1781141393.895885,0.000990528,124792,4,1007.882665
1781141393.896884,0.001008602,124924,6,990.868549
1781141393.897891,0.000997992,119066,5,954.444525
1781141393.898834,0.000995814,124924,6,1003.593040
1781141393.899925,0.000995070,124924,6,1004.343413
1781141393.900880,0.001000894,124924,6,998.499342
1781141393.901835,0.000999046,95898,5,767.916592
1781141393.902831,0.001004637,123476,6,983.248676
1781141393.903831,0.001006664,124924,6,992.776140
1781141393.904810,0.000999938,126372,6,1011.038684
1781141393.905941,0.000993105,97346,5,784.174886
1781141393.906938,0.000997453,124924,6,1001.943951
1781141393.907943,0.000998467,116170,5,930.786896
1781141393.908881,0.001000205,127820,6,1022.350418
1781141393.909805,0.001002785,122028,6,973.512767
1781141393.910838,0.000997163,123476,6,990.618384
1781141393.911808,0.001003308,100242,5,799.291942
1781141393.913028,0.001005377,123476,6,982.524963
1781141393.914053,0.001002681,127820,6,1019.825847
1781141393.914830,0.001002022,95898,5,765.635884
1781141393.915938,0.000994861,124924,6,1004.554405
1781141393.917061,0.000992880,120514,5,971.025703
1781141393.917951,0.000998867,120580,6,965.734177
1781141393.918833,0.000999981,103138,5,825.119677
1781141393.919897,0.001014965,122028,6,961.830211
1781141393.921045,0.000988309,123476,6,999.493074
1781141393.922021,0.001007744,123476,6,980.217198
1781141393.923080,0.001003833,124924,6,995.575957
1781141393.923833,0.000997311,98794,5,792.482987
1781141393.924824,0.001000562,124924,6,998.830657
1781141393.925820,0.000988895,117618,5,951.510524
1781141393.926842,0.001007338,123476,6,980.612267
1781141393.927825,0.000990752,124924,6,1008.720649
1781141393.928800,0.001002267,123476,6,985.573704
1781141393.929804,0.001000032,100242,5,801.910339
1781141393.931189,0.001011314,123476,6,976.756972
1781141393.931811,0.000995601,126372,6,1015.442933
1781141393.932896,0.001003550,124924,6,995.856709
1781141393.933859,0.000987480,97346,5,788.641795
1781141393.934842,0.000999812,114722,5,917.948574
1781141393.935995,0.000999966,124924,6,999.425980
1781141393.936912,0.001000273,124924,6,999.119240
1781141393.937910,0.001008836,126372,6,1002.121257
1781141393.938960,0.000993565,98794,5,795.470855
1781141393.939806,0.000999317,124924,6,1000.075051
1781141393.940806,0.001006501,123476,6,981.427738
1781141393.941873,0.000991913,126372,6,1019.218419
1781141393.942944,0.001000059,97346,5,778.722055
1781141393.943953,0.001001711,116170,5,927.772581
1781141393.944938,0.000998151,126372,6,1012.848757
1781141393.945896,0.001018171,123476,6,970.178880
1781141393.948285,0.000993083,124924,6,1006.352943
1781141393.948330,0.000988391,100242,5,811.355020
1781141393.948801,0.001004121,123476,6,983.753950
1781141393.949978,0.000996143,123476,6,991.632727
1781141393.950853,0.001008704,98794,5,783.532136
1781141393.951827,0.001005015,124924,6,994.405059
1781141393.952829,0.000989223,117618,5,951.195029
1781141393.954009,0.000997809,123476,6,989.977040
1781141393.955009,0.001006861,124924,6,992.581896
1781141393.956070,0.001004845,98794,5,786.541208
1781141393.957042,0.000994171,124924,6,1005.251612
1781141393.958000,0.001003305,124924,6,996.099890
1781141393.961157,0.000998091,97280,4,779.728502
1781141393.961395,0.000992282,124792,4,1006.101088
1781141393.961554,0.001000090,121896,4,975.080243
1781141393.966531,0.001006121,111826,5,889.165418
1781141393.970188,0.000993844,116104,4,934.585307
1781141393.970272,0.001000352,123476,6,987.460414
1781141393.970395,0.001000893,130650,5,1044.267469
1781141393.970471,0.000999455,93002,5,744.421710
1781141393.971530,0.001004519,90040,4,717.079518
1781141393.972053,0.000994640,71150,3,572.267353
1781141393.972129,0.001005535,100110,3,796.471530
1781141393.972209,0.001002883,124792,4,995.466071
1781141393.972348,0.000995423,146578,5,1178.015778
1781141393.972412,0.001001399,123476,6,986.427987
1781141393.973002,0.001007009,119132,6,946.422525
1781141393.974228,0.000996279,98794,5,793.303884
1781141393.975333,0.000998935,126372,6,1012.053837
1781141393.975971,0.000998148,124924,6,1001.246308
1781141393.976995,0.000994788,97346,5,782.848205
1781141393.977823,0.000999356,124924,6,1000.036023
1781141393.978913,0.001010245,124858,5,988.734416
1781141393.979824,0.000989779,116104,4,938.423628
1781141393.980801,0.000999703,127820,6,1022.863791
1781141393.981827,0.001007669,95898,5,761.345243
1781141393.982876,0.000992192,123476,6,995.581500
1781141393.983824,0.001005232,127820,6,1017.237812
1781141393.984990,0.000995359,124924,6,1004.051804
1781141393.986132,0.001010948,122028,6,965.652041
1781141393.987233,0.000991521,98794,5,797.110702
1781141393.988314,0.001009416,114722,5,909.214833
1781141393.989199,0.000989098,130716,6,1057.254185
1781141393.989964,0.001011215,119132,6,942.486019
1781141393.991064,0.000992682,124924,6,1006.759466
1781141393.991952,0.000997162,98794,5,792.601403
1781141393.993012,0.001009126,126372,6,1001.833270
1781141393.993998,0.000999231,124924,6,1000.161124
1781141393.995455,0.000989464,124924,6,1010.033715
1781141393.995970,0.000999374,90040,4,720.771203
1781141393.996984,0.001014929,132164,6,1041.759571
1781141393.997908,0.000990347,114722,5,926.721644
1781141393.998981,0.001007094,127820,6,1015.357057
1781141393.999997,0.000988228,124924,6,1011.296988
1781141394.000878,0.001002396,97346,5,776.906532
1781141394.001889,0.001012863,126372,6,998.136964
1781141394.002848,0.000985022,124924,6,1014.588507
1781141394.004036,0.001003401,122028,6,972.915116
1781141394.004808,0.001000124,98794,5,790.254009
1781141394.005819,0.000998434,119066,5,954.021998
1781141394.006831,0.001009570,124924,6,989.918480
1781141394.007830,0.000988210,122028,6,987.870999
1781141394.009250,0.001005502,100242,5,797.547892
1781141394.009893,0.001001095,122028,6,975.156204
1781141394.010983,0.000993569,124924,6,1005.860690
1781141394.011919,0.001011620,124924,6,987.912457
1781141394.013264,0.000998924,98794,5,791.203335
1781141394.014162,0.001000588,97346,5,778.310354
1781141394.015112,0.000989909,119066,5,962.237943
1781141394.016109,0.001009086,123476,6,978.913591
1781141394.016948,0.000989989,123476,6,997.796945
1781141394.017985,0.001000255,123476,6,987.556173
1781141394.019985,0.001014824,101690,5,801.636540
1781141394.020156,0.000985123,121962,5,990.430637
1781141394.021079,0.001003189,126372,6,1007.762246
1781141394.023461,0.000996819,97346,5,781.253166
1781141394.023629,0.001000898,98794,5,789.642901
1781141394.024003,0.001011706,124924,6,987.828480
1781141394.024955,0.000998704,117618,5,942.165046
1781141394.025969,0.000993451,122028,6,982.659437
1781141394.027054,0.000994970,127820,6,1027.729479
1781141394.027940,0.001011447,98794,5,781.407231
1781141394.028953,0.000993794,122028,6,982.320280
1781141394.030086,0.001005988,124924,6,993.443262
1781141394.031144,0.000992269,124924,6,1007.178497
1781141394.032045,0.001007139,98794,5,784.749672
1781141394.033575,0.000991752,124924,6,1007.703539
1781141394.036556,0.000999197,114722,5,918.513566
1781141394.037095,0.001000370,130716,6,1045.341224
1781141394.037217,0.000998370,95898,5,768.436552
1781141394.037375,0.001003671,123476,6,984.195020
1781141394.038131,0.001000149,124924,6,999.243113
1781141394.038847,0.001004212,123476,6,983.664804
1781141394.040027,0.000992742,124924,6,1006.698619
1781141394.041010,0.001004044,98794,5,787.168690
1781141394.041903,0.000995493,124924,6,1003.916652
1781141394.042821,0.000999824,124858,5,999.039831
1781141394.043854,0.001009971,121896,4,965.540595
1781141394.044858,0.000990076,119132,6,962.608931
1781141394.045813,0.001008008,97346,5,772.581170
1781141394.047039,0.000997095,127820,6,1025.539191
1781141394.047812,0.001005453,122028,6,970.929521
1781141394.048824,0.000996167,127820,6,1026.494554
1781141394.049810,0.000997734,95898,5,768.926387
1781141394.050923,0.000995262,124924,6,1004.149661
1781141394.051827,0.001000006,117618,5,940.938354
1781141394.052945,0.000999665,127820,6,1022.902672
1781141394.053806,0.001011175,122028,6,965.435261
1781141394.054841,0.000993928,97346,5,783.525567
1781141394.055937,0.000996347,124924,6,1003.056164
1781141394.056830,0.001010876,124924,6,988.639556
1781141394.057837,0.001002847,123476,6,985.003694
1781141394.058839,0.000984698,98794,5,802.633904
1781141394.059828,0.000999434,119066,5,953.067436
1781141394.060822,0.001001362,116170,5,928.095933
1781141394.061807,0.001011568,124924,6,987.963241
1781141394.062845,0.001001320,127820,6,1021.212000
1781141394.063835,0.000992333,97346,5,784.784946
1781141394.064828,0.000996276,122028,6,979.873047
1781141394.065965,0.001002170,124924,6,997.228015
1781141394.066845,0.001009376,126372,6,1001.585138
1781141394.067835,0.000997625,97346,5,780.621977
1781141394.068825,0.001001930,124924,6,997.466889
1781141394.069820,0.000994960,121962,5,980.638418
1781141394.070814,0.001002527,119132,6,950.653698
1781141394.071806,0.000993513,124924,6,1005.917386
1781141394.072813,0.001002865,97346,5,776.543204
1781141394.073819,0.000994011,126372,6,1017.067216
1781141394.074860,0.000999361,123476,6,988.439613
1781141394.075823,0.001000286,126372,6,1010.686944
1781141394.076883,0.001003635,97346,5,775.947431
1781141394.078706,0.001012422,124924,6,987.129873
1781141394.078984,0.000987769,120514,5,976.050068
1781141394.079917,0.000995801,120580,6,968.707603
1781141394.080818,0.000999579,124924,6,999.812921
1781141394.081839,0.001009880,124924,6,989.614608
1781141394.082877,0.000995559,97346,5,782.241936
1781141394.083870,0.001000145,124924,6,999.247109
1781141394.084822,0.001003957,124924,6,995.452993
1781141394.085929,0.000996842,98794,5,792.855839
1781141394.086857,0.000994099,117618,5,946.529470
1781141394.087826,0.001003105,123476,6,984.750350
1781141394.088813,0.001005228,124924,6,994.194352
1781141394.089814,0.000991541,123476,6,996.235153
1781141394.090852,0.001003381,98794,5,787.688824
1781141394.091807,0.000997837,126372,6,1013.167481
1781141394.092812,0.000998330,126372,6,1012.667154
1781141394.093818,0.001007054,124924,6,992.391669
1781141394.094832,0.001004923,122028,6,971.441593
1781141394.095854,0.000993171,98794,5,795.786425
1781141394.096824,0.001000662,117618,5,940.321507
1781141394.097802,0.001000247,124924,6,999.145211
1781141394.098840,0.001001054,104586,5,835.807059
1781141394.099833,0.001000426,117552,4,940.015553
1781141394.100916,0.001007081,126372,6,1003.867613
1781141394.101873,0.000988980,123476,6,998.814941
1781141394.102870,0.000996595,123476,6,991.182978
1781141394.103872,0.001006530,98794,5,785.224484
1781141394.104851,0.000999131,124924,6,1000.261227
1781141394.105881,0.001004003,124924,6,995.407384
1781141394.106866,0.000992498,117618,5,948.056319
1781141394.107852,0.001003633,123476,6,984.232284
1781141394.108845,0.000993939,71216,4,573.202178
1781141394.109889,0.001012309,75428,2,596.086768
1781141394.110876,0.000992246,119000,4,959.439494
1781141394.111886,0.001006147,127820,6,1016.312726
1781141394.112826,0.000993047,119066,5,959.197299
1781141394.113848,0.001006325,122028,6,970.088192
1781141394.114820,0.001001531,98794,5,789.143821
1781141394.115819,0.000992424,124858,5,1006.489162
1781141394.116855,0.001006431,117618,5,934.931456
1781141394.117851,0.000992576,122028,6,983.525695
1781141394.118838,0.001002417,101690,5,811.558463
1781141394.119805,0.000999072,124924,6,1000.320297
1781141394.120820,0.000999895,124924,6,999.496947
1781141394.121807,0.001001016,123476,6,986.805406
1781141394.122899,0.000995692,123476,6,992.081889
1781141394.123816,0.000999636,98794,5,790.639793
1781141394.124823,0.001005904,124924,6,993.526221
1781141394.125808,0.001006772,116170,5,923.108708
1781141394.126848,0.000996339,127820,6,1026.317348
1781141394.127842,0.000991445,95898,5,773.803892
1781141394.128816,0.000998506,94450,5,756.730555
1781141394.129991,0.001000268,126372,6,1010.705131
1781141394.131013,0.001000892,124924,6,998.501337
1781141394.131895,0.001005782,123476,6,982.129328
1781141394.132954,0.000993466,98794,5,795.550125
1781141394.133895,0.001009677,124924,6,989.813574
1781141394.134922,0.000991154,117618,5,949.341878
1781141394.135836,0.001010069,124924,6,989.429435
1781141394.136842,0.000999678,123476,6,988.126177
1781141394.137992,0.001000665,97346,5,778.250463
1781141394.139746,0.001002414,124924,6,996.985278
1781141394.140097,0.000988190,126372,6,1023.058319
1781141394.140922,0.001015014,124924,6,984.609079
1781141394.141912,0.000994282,63910,3,514.220312
1781141394.142913,0.000998058,133480,4,1069.917780
1781141394.143827,0.000991045,148026,5,1194.908405
1781141394.144813,0.000999641,116236,6,930.221950
1781141394.145824,0.000999868,126372,6,1011.109466
1781141394.146850,0.000999962,97346,5,778.797594
1781141394.147957,0.001002017,126372,6,1008.940966
1781141394.149007,0.001008653,127820,6,1013.787695
1781141394.150200,0.000999272,122028,6,976.935209
1781141394.151274,0.000990683,97346,5,786.092019
1781141394.151834,0.001004041,124924,6,995.369711
1781141394.152843,0.001010258,119066,5,942.856181
1781141394.153859,0.000985494,123476,6,1002.348061
1781141394.154891,0.001011366,124924,6,988.160567
1781141394.155818,0.001000737,97346,5,778.194471
1781141394.156834,0.000987472,123476,6,1000.340263
1781141394.158015,0.001010524,127820,6,1011.910652
1781141394.158931,0.000995220,123476,6,992.552400
1781141394.159848,0.001003981,97346,5,775.680018
1781141394.160954,0.000990228,124858,5,1008.721224
1781141394.161909,0.001015341,120514,5,949.545030
1781141394.162841,0.000992326,120580,6,972.099895
1781141394.163821,0.000992741,123476,6,995.030930
1781141394.164813,0.000999548,103138,5,825.477116
1781141394.165844,0.001002057,123476,6,985.780250
1781141394.166920,0.001000550,124924,6,998.842637
1781141394.167815,0.000997153,123476,6,990.628319
1781141394.168842,0.001000123,97346,5,778.672223
1781141394.169894,0.001011779,124924,6,987.757208
1781141394.170842,0.000988508,119066,5,963.601711
1781141394.171896,0.000999443,120580,6,965.177604
1781141394.172810,0.001011680,130716,6,1033.654911
1781141394.173820,0.000988895,93002,5,752.371081
1781141394.174880,0.001000326,124924,6,999.066304
1781141394.175821,0.001003115,124924,6,996.288561
1781141394.176840,0.000998187,124924,6,1001.207189
1781141394.177837,0.001005459,98794,5,786.060894
1781141394.178866,0.000993641,124924,6,1005.787805
1781141394.179852,0.001004695,117618,5,936.546912
1781141394.180810,0.000994980,124924,6,1004.434260
1781141394.181838,0.001011241,124924,6,988.282714
1781141394.182894,0.001001218,98794,5,789.390522
1781141394.183839,0.000989349,122028,6,986.733701
1781141394.184834,0.000997834,127820,6,1024.779673
1781141394.185845,0.000999879,122028,6,976.342137
1781141394.186832,0.000999892,98794,5,790.437367
1781141394.187831,0.001002603,124924,6,996.797337
1781141394.188827,0.000997968,114722,5,919.644718
1781141394.189979,0.001011906,127820,6,1010.528646
1781141394.190839,0.000990340,124924,6,1009.140295
1781141394.191938,0.001010850,97346,5,770.409062
1781141394.192833,0.000999502,123476,6,988.300173
1781141394.193846,0.001001714,124924,6,997.681973
1781141394.194843,0.000988392,127974,7,1035.815749
1781141394.195868,0.001011389,95898,5,758.544932
1781141394.196792,0.000985453,124924,6,1014.144764
1781141394.197823,0.001008475,116170,5,921.549865
1781141394.198825,0.000992055,124924,6,1007.395759
1781141394.200029,0.001012605,123476,6,975.511675
1781141394.201164,0.000994548,124924,6,1004.870554
1781141394.201828,0.000996598,100242,5,804.673499
1781141394.202861,0.001005373,127820,6,1017.095148
1781141394.203823,0.000998664,120580,6,965.930483
1781141394.204804,0.001003575,98794,5,787.536557
1781141394.205879,0.000988515,124924,6,1011.003374
1781141394.206909,0.001002349,119066,5,950.295755
1781141394.207892,0.000999274,123476,6,988.525670
1781141394.208889,0.001005227,122028,6,971.147810
1781141394.209820,0.000993903,100242,5,806.855397
1781141394.210829,0.001010220,124924,6,989.281543
1781141394.211874,0.000995713,124924,6,1003.694840
1781141394.212803,0.000999362,124924,6,1000.030019
1781141394.213936,0.000997445,97346,5,780.762849
1781141394.215101,0.000996521,124924,6,1002.881023
1781141394.215861,0.001013278,114776,6,906.175798
1781141394.216858,0.000994979,124924,6,1004.435269
1781141394.217842,0.001000607,126372,6,1010.362710
1781141394.218865,0.000997888,123694,7,991.646357
1781141394.219821,0.001004058,100242,5,798.694896
1781141394.220804,0.000994596,124924,6,1004.822058
1781141394.221838,0.000994394,124924,6,1005.026177
1781141394.222911,0.001004205,97346,5,775.506993
1781141394.223824,0.001000044,124924,6,999.348029
1781141394.224813,0.001002863,116170,5,926.706838
1781141394.225821,0.001000666,114722,5,917.165168
1781141394.226836,0.000992704,126372,6,1018.406292
1781141394.227840,0.001011830,100242,5,792.560015
1781141394.228835,0.000992278,122028,6,983.821066
1781141394.229826,0.000994823,127820,6,1027.881342
1781141394.230834,0.001000822,123476,6,986.996689
1781141394.231838,0.001013299,123476,6,974.843556
1781141394.232818,0.000986308,98794,5,801.323724
1781141394.233823,0.001000170,117618,5,940.784067
1781141394.235566,0.001002938,126372,6,1008.014454
1781141394.236194,0.000997659,123476,6,990.125885
1781141394.237033,0.001001671,97346,5,777.468850
1781141394.237968,0.000997533,124924,6,1001.863597
1781141394.239025,0.001000588,124924,6,998.804703
1781141394.240185,0.001008720,123476,6,979.268776
1781141394.241445,0.000991662,98794,5,796.997364
1781141394.241958,0.001010266,124858,5,988.713863
1781141394.242982,0.000992907,124924,6,1006.531327
1781141394.243944,0.001010342,116170,5,919.846943
1781141394.245329,0.000986945,124924,6,1012.611645
1781141394.245985,0.001009517,100242,5,794.375924
1781141394.246824,0.000989349,122028,6,986.733701
1781141394.247825,0.001012580,124924,6,986.975844
1781141394.248837,0.000999284,126372,6,1011.700377
1781141394.249828,0.000988354,97346,5,787.944400
1781141394.250829,0.001009335,124924,6,990.148959
1781141394.251804,0.000991174,124924,6,1008.291178
1781141394.252793,0.000999196,114722,5,918.514486
1781141394.253887,0.001001503,127820,6,1021.025399
1781141394.255323,0.001001493,100242,5,800.740494
1781141394.255931,0.001003929,122028,6,972.403427
1781141394.257486,0.000994965,123476,6,992.806782
1781141394.258190,0.000998132,124924,6,1001.262358
1781141394.259003,0.001000700,98794,5,789.799141
1781141394.259942,0.001005325,124924,6,994.098426
1781141394.260859,0.000998001,124924,6,1001.393786
1781141394.261849,0.001006641,116170,5,923.228837
1781141394.263156,0.001000405,126372,6,1010.566720
1781141394.263960,0.000992055,97346,5,785.004864
1781141394.264832,0.000999779,123476,6,988.026354
1781141394.265841,0.000999118,127820,6,1023.462694
1781141394.266829,0.001003560,123476,6,984.303878
1781141394.267816,0.000994720,97346,5,782.901721
1781141394.268808,0.001008239,124924,6,991.225295
1781141394.269824,0.000994161,120514,5,969.774513
1781141394.271126,0.000997578,123476,6,990.206280
1781141394.271922,0.001006538,120580,6,958.374150
1781141394.272829,0.001002159,126372,6,1008.798005
1781141394.273823,0.000998924,98794,5,791.203335
1781141394.274848,0.000998047,123530,7,990.173809
1781141394.275811,0.000994655,126372,6,1016.408705
1781141394.276811,0.001001035,123476,6,986.786676
1781141394.277837,0.000998557,98794,5,791.494126
1781141394.278863,0.001003227,124924,6,996.177336
1781141394.279858,0.001010936,117618,5,930.765152
1781141394.281020,0.000988006,124924,6,1011.524222
1781141394.281992,0.001004506,95898,5,763.742576
1781141394.282835,0.001000672,124924,6,998.720860
1781141394.284100,0.001006462,124924,6,992.975393
1781141394.284877,0.000986913,126372,6,1024.382088
1781141394.286208,0.000999643,123476,6,988.160773
1781141394.287154,0.001000557,98794,5,789.912019
1781141394.287869,0.001008904,124924,6,990.571947
1781141394.289319,0.001003693,117618,5,937.481879
1781141394.290007,0.000988584,123476,6,999.215039
1781141394.291003,0.001000438,127820,6,1022.112315
1781141394.292022,0.001010252,95898,5,759.398645
1781141394.292990,0.000986455,123476,6,1001.371578
1781141394.293979,0.001000984,124924,6,998.409565
1781141394.295035,0.001001289,124924,6,998.105442
1781141394.296475,0.001008924,98794,5,783.361284
1781141394.296975,0.000989856,124924,6,1009.633725
1781141394.298009,0.001000228,116170,5,929.148154
1781141394.299397,0.001014122,126372,6,996.897809
1781141394.299814,0.000987178,97346,5,788.883059
1781141394.300953,0.001007786,126306,5,1002.641434
1781141394.301827,0.000990521,123476,6,997.261037
1781141394.302867,0.001009910,129268,6,1023.996198
1781141394.303834,0.000994227,92936,4,747.805079
1781141394.304811,0.001000522,98794,5,789.939652
1781141394.306197,0.000995545,124924,6,1003.864215
1781141394.307244,0.001001590,116170,5,927.884663
1781141394.308111,0.000998606,124924,6,1000.787097
1781141394.309190,0.001000087,100242,5,801.866238
1781141394.310469,0.001011045,123476,6,977.016849
1781141394.310818,0.000993516,126372,6,1017.573949
1781141394.311893,0.000994655,123476,6,993.116206
1781141394.312824,0.001013800,123476,6,974.361807
1781141394.313832,0.000996669,98794,5,792.993461
1781141394.314846,0.000996327,124924,6,1003.076299
1781141394.315831,0.000992979,119000,4,958.731252
1781141394.316823,0.001013339,122028,6,963.373560
1781141394.317925,0.000997941,126372,6,1013.061894
1781141394.318859,0.000994019,98794,5,795.107538
1781141394.319855,0.001008701,71150,3,564.290112
1781141394.320838,0.000992454,124792,4,1005.926723
1781141394.322405,0.001006474,124858,5,992.438950
1781141394.322976,0.000987895,119000,4,963.665167
1781141394.323946,0.001002806,122028,6,973.492380
1781141394.324929,0.001006148,127754,5,1015.786942
1781141394.325941,0.000992838,123476,6,994.933715
1781141394.327015,0.001008300,98794,5,783.846078
1781141394.327977,0.000989385,95832,4,774.881366
1781141394.328979,0.001013403,124792,4,985.132272
1781141394.329965,0.000995656,124792,4,1002.691693
1781141394.331112,0.001006014,117618,5,935.318992
1781141394.332555,0.000987392,132098,5,1070.278066
1781141394.333304,0.000997234,119000,4,954.640536
1781141394.334152,0.001013847,123476,6,974.316638
1781141394.335179,0.000992300,123476,6,995.473143
1781141394.335983,0.001001917,100242,5,800.401630
1781141394.336961,0.000995788,122028,6,980.353248
1781141394.337860,0.001009608,126372,6,1001.354981
1781141394.338824,0.000986514,97346,5,789.414038
1781141394.339826,0.001006682,123344,4,980.202288
1781141394.340835,0.001006233,126438,7,1005.238349
1781141394.341821,0.000987485,114722,5,929.407535
1781141394.350371,0.001001447,66806,3,533.675771
1781141394.350932,0.001004452,130650,5,1040.567394
1781141394.351279,0.000993881,124792,4,1004.482428
1781141394.351416,0.001012528,124792,4,985.983597
1781141394.351584,0.000988412,124792,4,1010.040348
1781141394.351717,0.001007648,124924,6,991.806663
1781141394.351835,0.000992450,124924,6,1006.994811
1781141394.351957,0.001011636,117618,5,930.121111
1781141394.352262,0.000998312,123476,6,989.478239
1781141394.352369,0.000994262,127820,6,1028.461311
1781141394.352818,0.001003451,95898,5,764.545553
1781141394.354492,0.001002528,124924,6,996.871908
1781141394.355197,0.000989181,123476,6,998.611983
1781141394.358374,0.000999831,98794,5,790.485592
1781141394.358569,0.001000699,97346,5,778.224021
1781141394.358764,0.001006386,124924,6,993.050380
1781141394.359313,0.001003756,120514,5,960.504346
1781141394.360135,0.000990714,124924,6,1008.759339
1781141394.360984,0.001012667,120580,6,952.573748
1781141394.361928,0.000987915,100242,5,811.745950
1781141394.363757,0.001006080,122028,6,970.324427
1781141394.363980,0.000991810,126372,6,1019.324266
1781141394.365360,0.001003003,124924,6,996.399811
1781141394.366038,0.000997509,97346,5,780.712755
1781141394.367032,0.001001793,124924,6,997.603297
1781141394.367997,0.001000258,114722,5,917.539275
1781141394.369366,0.000997315,100242,5,804.094995
1781141394.369967,0.000999960,134994,5,1079.995200
1781141394.372031,0.001009142,120448,4,954.854718
1781141394.372215,0.000993866,119066,5,958.406868
1781141394.373068,0.001003705,123476,6,984.161681
1781141394.374928,0.001004754,124924,6,994.663370
1781141394.375110,0.001001645,98794,5,789.054006
1781141394.376344,0.000998604,124924,6,1000.789102
1781141394.376992,0.000994986,114722,5,922.400918
1781141394.378013,0.000994122,127820,6,1028.606147
1781141394.379086,0.001010787,123476,6,977.266229
1781141394.379994,0.000987740,97346,5,788.434203
1781141394.380971,0.001038196,127820,6,984.939260
1781141394.381928,0.000973224,122028,6,1003.082538
1781141394.383023,0.000988752,127820,6,1034.192598
1781141394.383958,0.001012698,95898,5,757.564447
1781141394.384952,0.000989941,124924,6,1009.547034
1781141394.385984,0.001006449,116170,5,923.404961
1781141394.390052,0.000992933,97346,5,784.310724
1781141394.390110,0.000997854,152436,6,1222.110649
1781141394.390128,0.001002312,103138,5,823.200760
1781141394.390146,0.001000540,130650,5,1044.635897
1781141394.390810,0.001002687,114656,4,914.789959
1781141394.391816,0.001001623,124924,6,997.772615
1781141394.392929,0.000997919,97346,5,780.391996
1781141394.393830,0.000996507,119066,5,955.866843
1781141394.394836,0.000999333,120580,6,965.283844
1781141394.395819,0.001001192,126372,6,1009.772351
1781141394.396818,0.001004581,127820,6,1017.897014
1781141394.397845,0.001003059,120580,6,961.698165
1781141394.398844,0.000998924,98794,5,791.203335
1781141394.399820,0.000997735,126372,6,1013.271059
1781141394.400823,0.000994024,124924,6,1005.400272
1781141394.401810,0.001000291,97346,5,778.541444
1781141394.402825,0.001003333,124924,6,996.072092
1781141394.403815,0.001007310,116170,5,922.615679
1781141394.404821,0.000997733,124924,6,1001.662769
1781141394.405816,0.000992715,126372,6,1018.395008
1781141394.406850,0.001011625,95898,5,758.367972
1781141394.407819,0.000988153,126372,6,1023.096626
1781141394.408828,0.001000700,123476,6,987.117018
1781141394.409827,0.001003979,126372,6,1006.969269
1781141394.411209,0.000996746,97346,5,781.310384
1781141394.411839,0.001007414,124924,6,992.037037
1781141394.412823,0.000999441,117618,5,941.470282
1781141394.413818,0.000991289,123476,6,996.488411
1781141394.414836,0.001001351,123476,6,986.475272
1781141394.415817,0.000997696,101690,5,815.398679
1781141394.416811,0.001006579,122028,6,969.843400
1781141394.417903,0.000993618,126372,6,1017.469490
1781141394.418862,0.001000065,126372,6,1010.910291
1781141394.419815,0.000999695,95898,5,767.418063
1781141394.420847,0.001004945,124924,6,994.474324
1781141394.421883,0.000995771,117618,5,944.940152
1781141394.423070,0.000999773,123476,6,988.032283
1781141394.423833,0.001000237,127820,6,1022.317711
1781141394.424819,0.001011931,120580,6,953.266576
1781141394.425822,0.000993905,98794,5,795.198736
1781141394.427014,0.000997621,124924,6,1001.775223
1781141394.427862,0.001004749,98794,5,786.616359
1781141394.428851,0.000994698,124924,6,1004.719020
1781141394.429846,0.001001834,124924,6,997.562470
1781141394.430837,0.000995020,116170,5,934.011377
1781141394.431814,0.001003828,124924,6,995.580916
1781141394.432906,0.000995729,98794,5,793.742072
1781141394.433808,0.001000317,123476,6,987.494964
1781141394.434869,0.001000426,127820,6,1022.124575
1781141394.435956,0.001000737,124924,6,998.655991
1781141394.437249,0.001000963,95898,5,766.445913
1781141394.437913,0.000998620,124924,6,1000.773067
1781141394.438831,0.001013387,124924,6,986.189876
1781141394.439812,0.000985469,116170,5,943.063658
1781141394.440809,0.001006577,124924,6,992.861947
1781141394.441898,0.000996088,123476,6,991.687481
1781141394.443001,0.000997711,100242,5,803.775843
1781141394.443897,0.001011938,123476,6,976.154666
1781141394.444857,0.000991856,126372,6,1019.276992
1781141394.445894,0.000996916,97346,5,781.177150
1781141394.447204,0.000999858,124924,6,999.533934
1781141394.447872,0.001012528,124924,6,987.026532
1781141394.448905,0.000986970,117618,5,953.366364
1781141394.449890,0.000999742,123476,6,988.062920
1781141394.451095,0.001001841,123476,6,985.992787
1781141394.451944,0.001007456,98794,5,784.502748
1781141394.452871,0.001001481,124858,5,997.386870
1781141394.453887,0.000988956,126372,6,1022.265905
1781141394.454835,0.001000006,97346,5,778.763327
1781141394.455837,0.001008075,100110,3,794.464698
1781141394.456802,0.000995955,119066,5,956.396624
1781141394.457860,0.001009807,119066,5,943.277280
1781141394.458951,0.000986609,126372,6,1024.697727
1781141394.459813,0.001007903,124858,5,991.031875
1781141394.460804,0.000992995,97346,5,784.261754
1781141394.461851,0.001006965,124858,5,991.955033
1781141394.463052,0.000994423,116170,5,934.572109
1781141394.463877,0.000997441,108864,4,873.146382
1781141394.464944,0.001006948,116170,5,922.947362
1781141394.466114,0.000995843,80234,9,644.551400
1781141394.466861,0.001005057,37780,2,300.719263
1781141394.467850,0.001000553,68386,5,546.785628
1781141394.469054,0.000999652,125056,8,1000.796277
1781141394.470129,0.000992893,103204,6,831.541767
1781141394.474304,0.001000574,21786,1,174.188016
1781141394.474392,0.000999397,0,0,0.000000
1781141394.474421,0.001013742,0,0,0.000000
1781141394.474437,0.000998470,0,0,0.000000
1781141394.474952,0.001000330,36332,2,290.560115
1781141394.475956,0.000997135,88658,5,711.301880
1781141394.476918,0.000989990,111826,5,903.653572
1781141394.477899,0.001011354,72664,4,574.785881
1781141394.478844,0.000990009,106166,7,857.899272
1781141394.479806,0.000998906,124990,7,1001.015111
1781141394.480789,0.000999240,127886,7,1023.866138
1781141394.481805,0.001004317,127820,6,1018.164583
1781141394.482928,0.001005704,123476,6,982.205500
1781141394.484004,0.000991179,91686,7,740.015678
1781141394.484818,0.001004577,125056,8,995.889812
1781141394.485833,0.001009086,136772,10,1084.323834
1781141394.486831,0.000988384,114854,7,929.630589
1781141394.487857,0.000998662,129400,8,1036.586953
1781141394.488814,0.000998017,106166,7,851.015564
1781141394.489848,0.001012967,126504,8,999.076969
1781141394.490820,0.000990570,129334,7,1044.521841
1781141394.492120,0.000996757,108930,5,874.275275
1781141394.492804,0.001008010,119132,6,945.482684
1781141394.493841,0.001002832,126372,6,1008.121001
1781141394.494926,0.001001098,126372,6,1009.867166
1781141394.496005,0.000988437,100242,5,811.317261
1781141394.496907,0.001006212,124924,6,993.222104
1781141394.497929,0.001004223,119066,5,948.522390
1781141394.499579,0.000999025,124924,6,1000.367358
1781141394.499958,0.000991785,122028,6,984.310108
1781141394.501024,0.000997990,126372,6,1013.012154
1781141394.501905,0.001000634,98794,5,789.851234
1781141394.502966,0.001001395,122028,6,974.864065
1781141394.503929,0.001011716,124924,6,987.818716
1781141394.505021,0.000997011,126372,6,1014.006867
1781141394.506166,0.000990535,97346,5,786.209473
1781141394.507332,0.001000984,116170,5,928.446409
1781141394.507883,0.001007436,126372,6,1003.513871
1781141394.508871,0.000997402,126372,6,1013.609357
1781141394.509874,0.001001019,95898,5,766.403035
1781141394.510920,0.000993092,126372,6,1018.008402
1781141394.511890,0.000998937,122028,6,977.262830
1781141394.513020,0.001016086,124924,6,983.570288
1781141394.514015,0.000996680,126372,6,1014.343621
1781141394.515067,0.000997065,97346,5,781.060412
1781141394.516177,0.001003913,119066,5,948.815286
1781141394.516950,0.000987365,123476,6,1000.448669
1781141394.517955,0.001003662,124924,6,995.745580
1781141394.518933,0.001009495,123476,6,978.516981
1781141394.520159,0.000995983,98794,5,793.539649
1781141394.520818,0.000998453,124924,6,1000.940455
1781141394.522273,0.000991218,123476,6,996.559788
1781141394.523268,0.001003321,126372,6,1007.629662
1781141394.523849,0.001010665,97346,5,770.550083
1781141394.524968,0.000986693,124924,6,1012.870265
1781141394.525908,0.001000929,117618,5,940.070674
1781141394.526842,0.001009863,122028,6,966.689541
1781141394.527813,0.000993025,127820,6,1029.742454
1781141394.528811,0.001002803,97346,5,776.591215
1781141394.529834,0.000993541,123476,6,994.229730
1781141394.531025,0.001000501,126372,6,1010.469755
1781141394.531803,0.000998886,124924,6,1000.506564
1781141394.532813,0.001006563,97346,5,773.690271
1781141394.533818,0.000993597,119066,5,958.666341
1781141394.534854,0.001000999,123476,6,986.822165
1781141394.535845,0.001010103,124924,6,989.396131
1781141394.536837,0.000989201,126372,6,1022.012715
1781141394.538045,0.001001576,95898,5,765.976821
1781141394.539116,0.001010840,123476,6,977.214990
1781141394.540097,0.000996820,124924,6,1002.580205
1781141394.540814,0.000995495,124924,6,1003.914635
1781141394.541877,0.000994484,98794,5,794.735762
1781141394.542913,0.001001261,124924,6,998.133354
1781141394.543841,0.001011006,117618,5,930.700708
1781141394.544811,0.001002044,123476,6,985.793039
1781141394.545822,0.000985766,126372,6,1025.574021
1781141394.546870,0.000999961,95898,5,767.213921
1781141394.547873,0.001005682,124924,6,993.745538
1781141394.548817,0.001006593,126372,6,1004.354292
1781141394.549833,0.000990177,123476,6,997.607498
1781141394.550841,0.000998772,98794,5,791.323746
1781141394.551820,0.000999248,119066,5,953.244840
1781141394.552875,0.001000431,122028,6,975.803429
1781141394.553800,0.001003093,126372,6,1007.858693
1781141394.554844,0.001008664,122028,6,967.838646
1781141394.555821,0.000987833,98794,5,800.086654
1781141394.556818,0.001000021,126372,6,1010.954770
1781141394.557897,0.001013525,123476,6,974.626181
1781141394.558820,0.000997145,124924,6,1002.253434
1781141394.559902,0.000991561,98794,5,797.078546
1781141394.560818,0.001001399,124924,6,997.995804
1781141394.561857,0.001001515,114722,5,916.387673
1781141394.562832,0.001002661,127820,6,1019.846189
1781141394.563852,0.000997955,126372,6,1013.047683
1781141394.564846,0.001005403,95898,5,763.061180
1781141394.565835,0.000993906,124924,6,1005.519637
1781141394.566848,0.000998777,124924,6,1000.615753
1781141394.567848,0.001006750,126372,6,1004.197666
1781141394.568820,0.000989381,95952,6,775.854802
1781141394.569817,0.001000035,124924,6,999.357023
1781141394.570835,0.001005781,117796,6,936.951483
1781141394.571816,0.000993914,126372,6,1017.166475
1781141394.573066,0.000999942,123476,6,987.865296
1781141394.574012,0.001012607,98794,5,780.512084
1781141394.574954,0.000991597,123476,6,996.178891
1781141394.575943,0.001006903,126372,6,1004.045077
1781141394.577136,0.000993361,123476,6,994.409887
1781141394.578126,0.001001528,97346,5,777.579858
1781141394.579090,0.000995945,124924,6,1003.461034
1781141394.579969,0.001002056,116170,5,927.453156
1781141394.580973,0.000999841,123476,6,987.965086
1781141394.581934,0.001005830,127820,6,1016.633029
1781141394.583035,0.000990541,122028,6,985.546282
1781141394.583961,0.001000748,98794,5,789.761259
1781141394.584871,0.001007862,124924,6,991.596072
1781141394.585947,0.000999878,126372,6,1011.099354
1781141394.586994,0.000999497,97346,5,779.159917
1781141394.587892,0.000992692,124924,6,1006.749324
1781141394.588827,0.001000604,116170,5,928.799005
1781141394.589838,0.001010606,124924,6,988.903687
1781141394.590928,0.000989584,124924,6,1009.911235
1781141394.591926,0.000999757,98794,5,790.544102
1781141394.592867,0.000999394,124924,6,999.997999
1781141394.593905,0.001000327,124924,6,999.065306
1781141394.594904,0.001010981,124924,6,988.536877
1781141394.595909,0.000987947,97346,5,788.269006
1781141394.597021,0.001006733,124924,6,992.708096
1781141394.598044,0.001006080,124924,6,993.352417
1781141394.598836,0.000990370,92936,4,750.717409
1781141394.599805,0.001004719,121896,4,970.587796
1781141394.600837,0.001005339,99190,11,789.305896
1781141394.601826,0.000986906,101822,7,825.383572
1781141394.603075,0.001002568,128084,10,1022.047382
1781141394.603908,0.000998110,107614,7,862.542205
1781141394.604894,0.000999831,127952,8,1023.789020
1781141394.605872,0.001003710,127952,8,1019.832422
1781141394.606917,0.000995697,103204,6,829.200048
1781141394.607894,0.001006343,124924,6,993.092812
1781141394.608944,0.001001230,124924,6,998.164258
1781141394.609913,0.000992630,124924,6,1006.812206
1781141394.610908,0.001013756,124924,6,985.830910
1781141394.611934,0.001000227,111826,5,894.404970
1781141394.612901,0.000990524,127820,6,1032.342477
1781141394.613860,0.001003837,124924,6,995.571990
1781141394.614865,0.001001651,100242,5,800.614186
1781141394.615830,0.000999646,124924,6,999.745910
1781141394.616818,0.000994650,123476,6,993.121198
1781141394.617861,0.001006700,98794,5,785.091884
1781141394.618826,0.000989806,124924,6,1009.684726
1781141394.619878,0.001006871,119066,5,946.027843
1781141394.620825,0.000995190,122028,6,980.942333
1781141394.621867,0.000998017,123476,6,989.770715
1781141394.622884,0.001000868,124924,6,998.525280
1781141394.623877,0.001004996,100242,5,797.949445
1781141394.624821,0.000992845,97214,3,783.316630
1781141394.625831,0.001004163,124924,6,995.248779
1781141394.627635,0.001000905,100176,4,800.683382
1781141394.627818,0.000998141,140852,6,1128.914652
1781141394.628799,0.000996591,104586,5,839.550026
1781141394.629800,0.001009358,121962,5,966.650088
1781141394.630825,0.000994769,123476,6,993.002396
1781141394.631891,0.001000175,97280,4,778.103832
1781141394.632808,0.000999350,114656,4,917.844599
1781141394.633835,0.000997455,126306,5,1013.026152
1781141394.634907,0.001009282,121962,5,966.722878
1781141394.635866,0.001002240,126372,6,1008.716475
1781141394.636883,0.000996417,97346,5,781.568359
1781141394.637862,0.000991527,124924,6,1007.932210
1781141394.638834,0.001001410,116170,5,928.051447
1781141394.639829,0.001002384,124924,6,997.015116
1781141394.641063,0.001010295,126372,6,1000.674061
1781141394.641890,0.000988924,98794,5,799.203983
1781141394.642825,0.001006795,122028,6,969.635328
1781141394.644028,0.000996460,126372,6,1014.567569
1781141394.644842,0.000993361,123476,6,994.409887
1781141394.646132,0.001009200,98794,5,783.147047
1781141394.647182,0.000993743,124924,6,1005.684568
1781141394.647944,0.000996774,117618,5,943.989310
1781141394.649053,0.000999925,127820,6,1022.636698
1781141394.649882,0.001000658,123476,6,987.158450
1781141394.650927,0.001013718,123476,6,974.440624
1781141394.651889,0.000992676,97346,5,784.513779
1781141394.652855,0.001003174,124924,6,996.229966
1781141394.653884,0.000992867,124924,6,1006.571877
1781141394.654955,0.000997337,123476,6,990.445557
1781141394.655998,0.001008430,98794,5,783.745029
1781141394.656970,0.000998727,117618,5,942.143348
1781141394.657896,0.001005941,122028,6,970.458506
1781141394.658822,0.000987088,127820,6,1035.936006
1781141394.659849,0.001000368,124924,6,999.024359
1781141394.660822,0.001008482,95898,5,760.731476
1781141394.661821,0.001001430,127820,6,1021.099827
1781141394.662892,0.000991452,124924,6,1008.008456
1781141394.663815,0.001012902,123476,6,975.225639
1781141394.664796,0.000985790,97346,5,789.993812
1781141394.665865,0.001014567,124924,6,985.042880
1781141394.666846,0.000993946,119066,5,958.329728
1781141394.667822,0.000990930,122028,6,985.159396
1781141394.668865,0.001010471,124924,6,989.035806
1781141394.669850,0.000992062,97346,5,784.999325
1781141394.670829,0.000997928,124924,6,1001.467040
1781141394.671825,0.000999540,124924,6,999.851932
1781141394.672927,0.001002466,124924,6,996.933562
1781141394.673827,0.000997029,98794,5,792.707133
1781141394.674866,0.001013611,124924,6,985.971936
1781141394.675805,0.000989710,114722,5,927.318103
1781141394.676799,0.001000624,126372,6,1010.345544
1781141394.677838,0.001010859,126372,6,1000.115743
1781141394.678841,0.000998733,97346,5,779.755951
1781141394.679920,0.000989179,124924,6,1010.324724
1781141394.680802,0.000997703,126372,6,1013.303558
1781141394.681797,0.001000516,95898,5,766.788337
1781141394.682852,0.001007603,124858,5,991.326941
1781141394.683817,0.000991539,124924,6,1007.920011
1781141394.684805,0.001008093,116170,5,921.899071
1781141394.685848,0.001005378,123476,6,982.523986
1781141394.686815,0.000992166,126372,6,1018.958521
1781141394.687842,0.000995586,97346,5,782.220722
1781141394.688805,0.000999069,126372,6,1011.918096
1781141394.689819,0.001000215,126372,6,1010.758687
1781141394.690851,0.001003595,122028,6,972.727046
1781141394.691808,0.000997122,98794,5,792.633198
1781141394.692848,0.000999455,124924,6,999.936966
1781141394.693853,0.001012174,117788,6,930.970367
1781141394.694842,0.000994316,122028,6,981.804577
1781141394.695832,0.001000748,124924,6,998.645014
1781141394.696840,0.000998709,101690,5,814.571612
1781141394.697806,0.000994599,124924,6,1004.819028
1781141394.699029,0.001013445,124924,6,986.133436
1781141394.699833,0.000994992,124924,6,1004.422146
1781141394.700827,0.001004834,122028,6,971.527635
1781141394.701979,0.000994940,98794,5,794.371520
1781141394.702848,0.001000152,117618,5,940.800998
1781141394.703836,0.000991052,126372,6,1020.103890
1781141394.704815,0.001003751,123476,6,984.116579
1781141394.705822,0.000997514,95898,5,769.095973
1781141394.706819,0.000999344,126372,6,1011.639636
1781141394.707814,0.001010335,123476,6,977.703435
1781141394.708844,0.000993907,124924,6,1005.518625
1781141394.709923,0.001004158,98794,5,787.079324
1781141394.710867,0.000997919,121962,5,977.730657
1781141394.711836,0.001003755,120782,7,962.641282
1781141394.712851,0.001002465,126372,6,1008.490072
1781141394.713870,0.000993743,123476,6,994.027631
1781141394.714828,0.000997754,98794,5,792.131127
1781141394.715837,0.001001295,123476,6,986.530443
1781141394.716811,0.001001891,124924,6,997.505717
1781141394.717826,0.000999008,124924,6,1000.384381
1781141394.718853,0.000999323,97346,5,779.295583
1781141394.719839,0.001008413,124924,6,991.054261
1781141394.720803,0.000991914,117618,5,948.614497
1781141394.721814,0.001005196,123476,6,982.701881
1781141394.722869,0.001000699,124924,6,998.693913
1781141394.723821,0.000988432,97346,5,787.882222
1781141394.724816,0.001006532,124924,6,992.906336
1781141394.725826,0.000993046,98794,5,795.886595
1781141394.728004,0.001004953,124924,6,994.466408
1781141394.728195,0.000994468,117618,5,946.178258
1781141394.728895,0.001009752,97346,5,771.246801
1781141394.729832,0.000991025,124924,6,1008.442774
1781141394.730819,0.001000224,124924,6,999.168186
1781141394.731810,0.000999828,123476,6,987.977932
1781141394.732978,0.001008382,98794,5,783.782336
1781141394.733839,0.000990965,124924,6,1008.503832
1781141394.735134,0.001001711,117618,5,939.336795
1781141394.736011,0.001009939,95898,5,759.633998
1781141394.737153,0.000995947,126372,6,1015.090160
1781141394.737803,0.000993250,126372,6,1017.846464
1781141394.738828,0.000998773,122028,6,977.423298
1781141394.739959,0.001000917,98794,5,789.627911
1781141394.740832,0.001000823,124924,6,998.570177
1781141394.741885,0.001006678,124924,6,992.762333
1781141394.743022,0.000992091,117618,5,948.445254
1781141394.743794,0.000999860,124924,6,999.531934
1781141394.744800,0.001004508,98794,5,786.805083
1781141394.745880,0.001005249,123476,6,982.650070
1781141394.746840,0.001002004,123476,6,985.832392
1781141394.747823,0.000988067,98794,5,799.897173
1781141394.748817,0.001009113,97346,5,771.735177
1781141394.749853,0.001003298,124924,6,996.106840
1781141394.750819,0.000987460,119066,5,964.624390
1781141394.751818,0.001006154,124924,6,993.279359
1781141394.752804,0.001003072,123476,6,984.782747
1781141394.753802,0.001001756,98794,5,788.966575
1781141394.754945,0.000990357,122028,6,985.729388
1781141394.755889,0.001006470,126372,6,1004.477034
1781141394.756942,0.001005342,123476,6,982.559169
1781141394.758858,0.000988353,98728,4,799.131484
1781141394.758904,0.001003491,94516,6,753.497540
1781141394.760569,0.001000019,93134,7,745.057844
1781141394.760887,0.000995652,114920,8,923.374834
1781141394.762316,0.001004371,110510,7,880.232504
1781141394.762878,0.000995322,125056,8,1005.150092
1781141394.764257,0.000999663,116302,7,930.729656
1781141394.764916,0.001000048,98860,6,790.842040
1781141394.766134,0.001007098,84314,5,669.758057
1781141394.766914,0.001007001,13152,2,104.484504
1781141394.768515,0.001001025,135060,6,1079.373642
1781141394.768853,0.000984778,103138,5,837.857873
1781141394.770144,0.000999839,95832,4,766.779451
1781141394.770945,0.001005805,130782,7,1040.217537
1781141394.772914,0.001998615,213450,9,854.391666
1781141394.773873,0.000996404,136376,4,1094.945424
1781141394.775080,0.001001477,116170,5,927.989360
1781141394.775820,0.001005250,107746,9,857.466302
1781141394.779105,0.000992672,37846,3,305.003062
1781141394.779259,0.001007137,110510,7,877.815034
1781141394.779326,0.000997666,111958,7,897.759370
1781141394.779813,0.001004304,139602,9,1112.029824
1781141394.782486,0.000994503,107614,7,865.670591
1781141394.782528,0.001007230,129400,8,1027.769228
1781141394.782812,0.000989678,103138,5,833.709550
1781141394.783811,0.000999352,103138,5,825.639014
1781141394.784810,0.001001796,124924,6,997.600310
1781141394.785991,0.000998855,124924,6,1000.537616
1781141394.787015,0.001000179,124924,6,999.213141
1781141394.787945,0.001001209,114722,5,916.667749
1781141394.788830,0.001004971,126372,6,1005.975297
1781141394.789831,0.000993340,98794,5,795.651036
1781141394.790843,0.001003956,123476,6,983.915630
1781141394.791824,0.001001855,124924,6,997.541560
1781141394.792799,0.001000378,124924,6,999.014373
1781141394.793798,0.000996275,124924,6,1003.128654
1781141394.794841,0.001009179,98794,5,783.163344
1781141394.795832,0.000996366,124924,6,1003.037037
1781141394.796826,0.000991730,116170,5,937.109899
1781141394.798238,0.001005391,124924,6,994.033167
1781141394.799038,0.000996532,124924,6,1002.869953
1781141394.799915,0.001011495,98794,5,781.370150
1781141394.801412,0.000986629,123476,6,1001.194978
1781141394.802070,0.001007918,124924,6,991.540979
1781141394.802933,0.001000221,126372,6,1010.752624
1781141394.803819,0.000992046,97346,5,785.011985
1781141394.805044,0.000999617,124924,6,999.774914
1781141394.805930,0.001000350,117618,5,940.614785
1781141394.806957,0.001009940,124924,6,989.555815
1781141394.807904,0.000998014,123476,6,989.773691
1781141394.808855,0.000992371,97346,5,784.754895
1781141394.809871,0.001003659,124924,6,995.748556
1781141394.811061,0.000997266,126372,6,1013.747586
1781141394.811956,0.001000060,123476,6,987.748735
1781141394.813056,0.001009046,98794,5,783.266571
1781141394.813955,0.000995460,124924,6,1003.949933
1781141394.815122,0.001002259,62462,3,498.569731
1781141394.816007,0.001008044,124792,4,990.369468
1781141394.817054,0.000985293,124792,4,1013.237687
1781141394.819405,0.001001920,121896,4,973.299265
1781141394.819548,0.001010019,122028,6,966.540233
1781141394.820542,0.001001893,124924,6,997.503725
1781141394.821058,0.000993258,94450,5,760.728834
1781141394.821923,0.000991692,124924,6,1007.764508
1781141394.823133,0.001006002,126372,6,1004.944324
1781141394.823901,0.001000940,123476,6,986.880332
1781141394.824927,0.000992950,98794,5,795.963543
1781141394.826001,0.001000549,119066,5,952.005349
1781141394.826975,0.001011079,122028,6,965.526927
1781141394.827964,0.000988168,124924,6,1011.358393
1781141394.828968,0.001000109,123476,6,987.700341
1781141394.829923,0.001013002,124924,6,986.564686
1781141394.831050,0.000997620,101690,5,815.460797
1781141394.831995,0.000989865,124924,6,1009.624545
1781141394.832987,0.000999526,122028,6,976.686950
1781141394.833840,0.001008653,98794,5,783.571754
1781141394.835135,0.000995556,124924,6,1003.853123
1781141394.835832,0.000998212,114722,5,919.419923
1781141394.836833,0.001003032,132164,6,1054.115921
1781141394.837875,0.000999705,119132,6,953.337234
1781141394.838856,0.000996204,97346,5,781.735468
1781141394.839843,0.001013380,127820,6,1009.058793
1781141394.840859,0.000997363,122028,6,978.805109
1781141394.841805,0.000987789,126372,6,1023.473637
1781141394.842947,0.001003738,97346,5,775.867806
1781141394.843974,0.001011441,124924,6,988.087293
1781141394.844969,0.000987748,117618,5,952.615444
1781141394.845814,0.000997963,123476,6,989.824272
1781141394.847017,0.001012166,127820,6,1010.269067
1781141394.847811,0.000990855,94450,5,762.573737
1781141394.848804,0.001006738,98794,5,785.062251
1781141394.849831,0.000996894,126372,6,1014.125875
1781141394.850844,0.001004438,124924,6,994.976295
1781141394.851835,0.000997065,124924,6,1002.333850
1781141394.852820,0.001004687,97346,5,775.134943
1781141394.853812,0.000986557,116170,5,942.023624
1781141394.854847,0.001010795,126372,6,1000.179067
1781141394.855826,0.000995705,122028,6,980.434968
1781141394.856821,0.001007284,101690,5,807.637171
1781141394.857826,0.000992981,122028,6,983.124551
1781141394.858844,0.000993816,124924,6,1005.610697
1781141394.859823,0.000999875,124924,6,999.516940
1781141394.860975,0.001013348,126372,6,997.659244
1781141394.861839,0.000988344,97346,5,787.952373
1781141394.862890,0.001008581,117618,5,932.938455
1781141394.863931,0.000989059,124924,6,1010.447304
1781141394.865145,0.001012346,123476,6,975.761252
1781141394.865959,0.000995596,98794,5,793.848107
1781141394.866968,0.001000810,123476,6,987.008523
1781141394.867966,0.000996660,126372,6,1014.363976
1781141394.868994,0.001002424,123476,6,985.419344
1781141394.869888,0.001002797,98794,5,788.147551
1781141394.870855,0.000996518,124924,6,1002.884042
1781141394.871859,0.001000094,124924,6,999.298066
1781141394.872889,0.001002539,116170,5,927.006331
1781141394.873856,0.000994367,124924,6,1005.053466
1781141394.874838,0.000995969,127820,6,1026.698622
1781141394.875821,0.001002093,94450,5,754.021832
1781141394.876818,0.001009056,124924,6,990.422732
1781141394.877809,0.001001509,126372,6,1009.452736
1781141394.878845,0.000997404,97346,5,780.794944
1781141394.879823,0.000995432,124924,6,1003.978172
1781141394.880844,0.001003792,119066,5,948.929659
1781141394.881925,0.000994179,123476,6,993.591697
1781141394.882848,0.001009006,123476,6,978.991205
1781141394.883864,0.001002322,98794,5,788.521054
1781141394.884835,0.000985391,124924,6,1014.208573
1781141394.885846,0.001001139,126372,6,1009.825808
1781141394.886827,0.001002598,124924,6,996.802308
1781141394.887925,0.001001485,95898,5,766.046421
1781141394.889006,0.000999691,124924,6,999.700908
1781141394.889967,0.000995487,119066,5,956.846247
1781141394.890865,0.000999808,123476,6,987.997696
1781141394.891812,0.001009391,126372,6,1001.570254
1781141394.892806,0.000998747,95898,5,768.146488
1781141394.893816,0.001004994,123476,6,982.899400
1781141394.894823,0.000994696,124924,6,1004.721040
1781141394.895816,0.000992276,126372,6,1018.845563
1781141394.896802,0.001000210,97346,5,778.604493
1781141394.897814,0.001006454,124924,6,992.983286
1781141394.898816,0.000999956,124924,6,999.435975
1781141394.899807,0.001002206,119066,5,950.431348
1781141394.900812,0.000990463,122028,6,985.623895
1781141394.901812,0.001000265,97346,5,778.561681
1781141394.902829,0.000999935,126372,6,1011.041718
1781141394.903796,0.001000764,123476,6,987.053891
1781141394.904892,0.000999561,126372,6,1011.420013
1781141394.905859,0.001009949,97346,5,771.096362
1781141394.906827,0.001000092,124924,6,999.300064
1781141394.907805,0.000993970,124924,6,1005.454893
1781141394.908815,0.000998720,116170,5,930.551105
1781141394.909835,0.000999182,126372,6,1011.803655
1781141394.910828,0.000998120,98794,5,791.840660
1781141394.911851,0.001011246,124924,6,988.277828
1781141394.912958,0.000997377,123476,6,990.405835
1781141394.914014,0.000992266,123476,6,995.507253
1781141394.914972,0.001001015,98794,5,789.550606
1781141394.915822,0.001007628,124924,6,991.826349
1781141394.916842,0.001004303,124924,6,995.110041
1781141394.917823,0.000991406,116170,5,937.416154
1781141394.918836,0.000999859,100242,5,802.049089
1781141394.919907,0.001006655,124924,6,992.785016
1781141394.920807,0.000988799,123476,6,998.997774
1781141394.921813,0.000999699,124924,6,999.692908
1781141394.922840,0.001006779,123476,6,981.156738
1781141394.923805,0.000996540,98794,5,793.096113
1781141394.924810,0.001001609,124924,6,997.786561
1781141394.925828,0.000994327,124924,6,1005.093898
1781141394.926826,0.001000357,119066,5,952.188069
1781141394.927846,0.000999470,123476,6,988.331816
1781141394.928944,0.001001623,97346,5,777.506108
1781141394.930033,0.001011608,124924,6,987.924176
1781141394.930857,0.000997722,123476,6,990.063364
1781141394.931881,0.000990218,127820,6,1032.661495
1781141394.932889,0.001005175,95898,5,763.234263
1781141394.933964,0.000997736,124924,6,1001.659758
1781141394.934943,0.000996475,124924,6,1002.927319
1781141394.935814,0.001000169,116170,5,929.202965
1781141394.936796,0.000999587,127820,6,1022.982492
1781141394.937829,0.001009214,123476,6,978.789434
1781141394.938887,0.000998402,95898,5,768.411922
1781141394.939933,0.001003606,127820,6,1018.885897
1781141394.940821,0.000992693,123476,6,995.079043
1781141394.941820,0.000996319,123476,6,991.457555
1781141394.943349,0.001005858,98794,5,785.749082
1781141394.943813,0.000995119,124924,6,1004.293959
1781141394.944892,0.001001924,116170,5,927.575345
1781141394.945814,0.000996581,129268,6,1037.691868
1781141394.947016,0.001007335,93002,5,738.598381
1781141394.947925,0.001000429,126372,6,1010.542477
1781141394.948836,0.000993034,127820,6,1029.733121
1781141394.949836,0.001003876,122028,6,972.454765
1781141394.950817,0.001006726,97346,5,773.565002
1781141394.951897,0.000998595,124924,6,1000.798121
1781141394.952812,0.000990248,124924,6,1009.234050
1781141394.953868,0.001001385,123410,5,985.914508
1781141394.954844,0.001006032,117684,6,935.827091
1781141394.955937,0.001005212,100242,5,797.777981
1781141394.956887,0.000987201,123476,6,1000.614870
1781141394.957814,0.001003082,126372,6,1007.869745
1781141394.958901,0.001004023,122028,6,972.312387
1781141394.959877,0.000993206,124924,6,1006.228315
1781141394.960886,0.001009929,98794,5,782.581746
1781141394.962127,0.000991622,117618,5,948.893833
1781141394.962896,0.001007256,130650,5,1037.670662
1781141394.963818,0.000991216,120580,6,973.188488
1781141394.964808,0.001010491,95898,5,759.219033
1781141394.965818,0.000991049,123476,6,996.729728
1781141394.966848,0.000998449,127820,6,1024.148454
1781141394.967856,0.001012027,123476,6,976.068820
1781141394.968817,0.000997501,124924,6,1001.895737
1781141394.969852,0.001001701,97346,5,777.445565
1781141394.971138,0.000993733,124858,5,1005.163359
1781141394.972266,0.001007919,88592,4,703.167616
1781141394.973037,0.000995318,133480,4,1072.863145
1781141394.974043,0.001001122,119066,5,951.460461
1781141394.975270,0.001001976,95832,4,765.144075
1781141394.976221,0.001001585,124792,4,996.756142
1781141394.977276,0.000999510,124858,5,999.353683
1781141394.979323,0.000998016,116170,5,931.207516
1781141394.980430,0.000990324,129268,6,1044.248145
1781141394.980733,0.000999477,94450,5,755.995386
1781141394.981081,0.001004033,124924,6,995.377642
1781141394.981879,0.000996338,86830,3,697.193121
1781141394.982852,0.001006906,132032,4,1049.011526
1781141394.983821,0.000993293,120448,4,970.090396
1781141394.984809,0.001008243,119066,5,944.740504
1781141394.985822,0.001000378,129268,6,1033.753241
1781141394.986824,0.000990812,122028,6,985.276723
1781141394.987809,0.000999648,126372,6,1011.331989
1781141394.988801,0.001005143,95832,4,762.733263
1781141394.989797,0.000996030,117618,5,944.694437
1781141394.990832,0.001006535,117618,5,934.834854
1781141394.991814,0.001006126,126372,6,1004.820470
1781141394.992794,0.000988615,120580,6,975.748901
1781141394.993814,0.000998076,101690,5,815.088230
1781141394.994866,0.001010723,124924,6,988.789213
1781141394.995806,0.000992098,122028,6,983.999565
1781141394.996813,0.000997061,124924,6,1002.337871
1781141394.997824,0.001008191,98794,5,783.930823
1781141394.999180,0.000992460,114722,5,924.748604
1781141395.000078,0.001010284,129202,5,1023.094496
1781141395.000831,0.000989574,123476,6,998.215394
1781141395.003290,0.001003560,101690,5,810.634142
1781141395.003429,0.001006972,129202,5,1026.459524
1781141395.003835,0.000988358,88526,3,716.550076
1781141395.004817,0.001005748,123344,4,981.112565
1781141395.005815,0.001000161,93002,5,743.896233
1781141395.006822,0.000994085,124858,5,1004.807436
1781141395.007816,0.001006940,133546,5,1061.004628
1781141395.008794,0.000998342,124858,5,1000.522867
1781141395.009816,0.000994559,114722,5,922.796938
1781141395.010850,0.001000723,129268,6,1033.396854
1781141395.011824,0.001000598,93002,5,743.571344
1781141395.012821,0.001008914,124924,6,990.562129
1781141395.013836,0.000995758,124924,6,1003.649481
1781141395.015033,0.000995868,117618,5,944.848112
1781141395.016193,0.001009248,122028,6,967.278607
1781141395.016894,0.000989616,127820,6,1033.289680
1781141395.018005,0.000999695,97346,5,779.005597
1781141395.018925,0.001000215,124924,6,999.177177
1781141395.019901,0.001011742,123476,6,976.343771
1781141395.021124,0.000988070,126372,6,1023.182568
1781141395.021884,0.001000717,97346,5,778.210023
1781141395.022949,0.001012379,124924,6,987.171800
1781141395.023829,0.000987111,123410,5,1000.171207
1781141395.024835,0.001012826,117684,6,929.549597
1781141395.025842,0.000990004,126372,6,1021.183753
1781141395.026838,0.001000428,97346,5,778.434830
1781141395.027822,0.000996188,123476,6,991.587933
1781141395.028828,0.001010426,126372,6,1000.544325
1781141395.029814,0.000991748,123476,6,996.027217
1781141395.030828,0.000997577,98794,5,792.271674
1781141395.031828,0.001004100,124924,6,995.311224
1781141395.033022,0.001008877,116170,5,921.182662
1781141395.033973,0.000990652,127820,6,1032.209091
1781141395.035062,0.001011469,123476,6,976.607291
1781141395.036132,0.000985954,95898,5,778.113381
1781141395.037657,0.000999661,124924,6,999.730909
1781141395.037976,0.001012122,124924,6,987.422465
1781141395.039076,0.000998243,127820,6,1024.359800
1781141395.039995,0.000995733,95898,5,770.471602
1781141395.040992,0.000997008,124924,6,1002.391154
1781141395.042030,0.000997656,117618,5,943.154755
1781141395.043047,0.001007628,126306,5,1002.798652
1781141395.043932,0.000997207,122028,6,978.958230
1781141395.044980,0.001007529,97346,5,772.948471
1781141395.046053,0.000998464,126372,6,1012.531248
1781141395.047052,0.000988228,123476,6,999.574997
1781141395.047863,0.001006484,126372,6,1004.463062
1781141395.048873,0.001003009,97346,5,776.431717
1781141395.049833,0.001001886,124924,6,997.510695
1781141395.050844,0.000988951,119066,5,963.170066
1781141395.051831,0.001007095,123476,6,980.848877
1781141395.052819,0.000992139,123476,6,995.634684
1781141395.053827,0.001007405,100242,5,796.041314
1781141395.054831,0.000992827,122028,6,983.277046
1781141395.055846,0.001012746,126372,6,998.252276
1781141395.056848,0.000987155,124924,6,1012.396230
1781141395.057837,0.001010287,97346,5,770.838386
1781141395.058839,0.000989835,124924,6,1009.655145
1781141395.061384,0.001010018,119066,5,943.080222
1781141395.061539,0.000992092,123476,6,995.681852
1781141395.062135,0.001002504,123476,6,985.340707
1781141395.062846,0.000996063,97346,5,781.846128
1781141395.064518,0.001011152,126372,6,999.825941
1781141395.064898,0.001001007,123476,6,986.814278
1781141395.065833,0.000997712,126372,6,1013.294418
1781141395.066840,0.000990237,97346,5,786.446073
1781141395.067817,0.000998910,124924,6,1000.482526
1781141395.068826,0.001003518,117618,5,937.645364
1781141395.069828,0.001010193,122028,6,966.373752
1781141395.070829,0.000987352,127820,6,1035.659015
1781141395.071836,0.001012897,123476,6,975.230453
1781141395.072799,0.000989967,97346,5,786.660565
1781141395.073823,0.001002157,127820,6,1020.359085
1781141395.074911,0.001000691,122028,6,975.549895
1781141395.075830,0.000995433,98794,5,793.978098
1781141395.076879,0.001006827,124924,6,992.615415
1781141395.077830,0.000991311,117618,5,949.191525
1781141395.078838,0.001000321,122028,6,975.910733
1781141395.079866,0.001011330,127820,6,1011.104190
1781141395.080807,0.001002703,98794,5,788.221437
1781141395.081844,0.000986301,122028,6,989.783038
1781141395.082846,0.001007268,126372,6,1003.681245
1781141395.083836,0.001002081,123530,7,986.187743
1781141395.084842,0.000990267,98794,5,798.120103
1781141395.085848,0.001000032,124924,6,999.360020
1781141395.086831,0.001011154,116170,5,919.108266
1781141395.087823,0.001000741,124924,6,998.651999
1781141395.088826,0.000996174,129268,6,1038.115831
1781141395.089844,0.000999441,119132,6,953.589056
1781141395.090826,0.000993706,100242,5,807.015355
1781141395.091827,0.001005686,124924,6,993.741585
1781141395.092817,0.000999424,124924,6,999.967982
1781141395.093837,0.001006165,97346,5,773.996313
1781141395.094838,0.000997009,124924,6,1002.390149
1781141395.095820,0.000996605,124924,6,1002.796494
1781141395.096811,0.000993639,119066,5,958.625819
1781141395.097915,0.001006052,122028,6,970.351433
1781141395.098839,0.000994139,97346,5,783.359269
1781141395.099844,0.001014378,225220,7,1776.221487
1781141395.100828,0.000993268,124924,6,1006.165506
1781141395.101801,0.000991973,123476,6,995.801297
1781141395.102928,0.001000355,97346,5,778.491635
1781141395.103957,0.001011911,222270,6,1757.229638
1781141395.104903,0.000987906,124924,6,1011.626612
1781141395.105862,0.001009685,119066,5,943.391256
1781141395.106845,0.001001101,123476,6,986.721619
1781141395.107826,0.000997322,97346,5,780.859141
1781141395.108814,0.001003939,124924,6,995.470840
1781141395.109830,0.001002217,126372,6,1008.739624
1781141395.110833,0.000998559,122028,6,977.632769
1781141395.111818,0.000993228,98794,5,795.740756
1781141395.112826,0.001008272,124924,6,991.192853
1781141395.113950,0.000985710,124924,6,1013.880350
1781141395.115045,0.001008861,116170,5,921.197271
1781141395.115896,0.001001764,126372,6,1009.195779
1781141395.116833,0.000990494,123476,6,997.288222
1781141395.117851,0.001008234,100242,5,795.386785
1781141395.119418,0.000996409,122028,6,979.742254
1781141395.119868,0.000994508,126372,6,1016.558942
1781141395.120845,0.000999617,123476,6,988.186475
1781141395.121818,0.001000243,98794,5,790.159991
1781141395.122824,0.000999991,117618,5,940.952469
1781141395.123834,0.000999394,123476,6,988.406975
1781141395.124797,0.001000675,97346,5,778.242686
1781141395.125804,0.001007355,126372,6,1003.594562
1781141395.126882,0.000992129,123476,6,995.644720
1781141395.127829,0.001006218,126372,6,1004.728598
1781141395.128850,0.001001670,97346,5,777.469626
1781141395.129879,0.000995008,116170,5,934.022641
1781141395.130916,0.000997681,126372,6,1013.325903
1781141395.131829,0.001000261,95898,5,766.983817
1781141395.132851,0.001004348,127820,6,1018.133157
1781141395.133880,0.000998304,122028,6,977.882489
1781141395.134940,0.001005332,98794,5,786.160194
1781141395.135847,0.000991651,124924,6,1007.806174
1781141395.136871,0.001005627,114722,5,912.640572
1781141395.137956,0.000995066,100242,5,805.912372
1781141395.138891,0.001003444,126372,6,1007.506149
1781141395.140750,0.001006747,123476,6,981.187925
1781141395.140829,0.000996713,97346,5,781.336252
1781141395.141816,0.000992355,124924,6,1007.091212
1781141395.142836,0.001004697,124924,6,994.719801
1781141395.144045,0.001007980,124924,6,991.479990
1781141395.144945,0.000987618,117618,5,952.740837
1781141395.145824,0.000999744,98794,5,790.554382
1781141395.146835,0.000999723,122028,6,976.494489
1781141395.147836,0.001011603,127820,6,1010.831324
1781141395.148803,0.000996161,123476,6,991.614809
1781141395.149810,0.001002865,97346,5,776.543204
1781141395.150823,0.001000328,124924,6,999.064307
1781141395.151824,0.001000736,124924,6,998.656988
1781141395.153090,0.000998502,124924,6,1000.891335
1781141395.153954,0.001001323,116170,5,928.132081
1781141395.154851,0.001000997,124924,6,998.396599
1781141395.155809,0.000987744,98794,5,800.158746
1781141395.157023,0.001000377,124924,6,999.015371
1781141395.157975,0.001010851,123476,6,977.204356
1781141395.158853,0.000993390,98794,5,795.610989
1781141395.159976,0.001008351,124924,6,991.115197
1781141395.160882,0.000994455,124924,6,1004.964528
1781141395.161862,0.000992201,124924,6,1007.247523
1781141395.162815,0.001006921,114722,5,911.467732
1781141395.163926,0.000995411,126372,6,1015.636757
1781141395.164798,0.000999555,100242,5,802.293020
1781141395.165800,0.001001781,122028,6,974.488436
1781141395.167383,0.001009485,127820,6,1012.952149
1781141395.168075,0.000989387,123476,6,998.404062
1781141395.168901,0.001005746,97346,5,774.318764
1781141395.170031,0.000995346,124924,6,1004.064918
1781141395.170875,0.001005036,124924,6,994.384281
1781141395.171814,0.000991002,120514,5,972.865847
1781141395.172815,0.001000836,120580,6,963.834235
1781141395.173835,0.001010216,98794,5,782.359416
1781141395.174848,0.000990312,123476,6,997.471504
1781141395.175832,0.001003485,126372,6,1007.464985
1781141395.176958,0.000996110,123476,6,991.665579
1781141395.177812,0.000999921,98794,5,790.414443
1781141395.179042,0.000999526,124858,5,999.337686
1781141395.180070,0.001001650,124924,6,997.745720
1781141395.180825,0.001011056,119066,5,942.112010
1781141395.181833,0.000993951,123476,6,993.819615
1781141395.182840,0.000993723,95898,5,772.030033
1781141395.183843,0.001011327,126372,6,999.652931
1781141395.184911,0.000999485,124924,6,999.906952
1781141395.186074,0.000999835,124924,6,999.556927
1781141395.186942,0.000995321,97346,5,782.428985
1781141395.187914,0.000993987,124924,6,1005.437697
1781141395.188896,0.001007326,124924,6,992.123702
1781141395.189858,0.000992646,117618,5,947.914967
1781141395.190848,0.001015806,123476,6,972.437650
1781141395.191852,0.000984486,98794,5,802.806744
1781141395.192835,0.001010892,124924,6,988.623908
1781141395.193877,0.000997367,124924,6,1002.030346
1781141395.195031,0.000997684,123476,6,990.101074
1781141395.196133,0.001007026,98882,5,785.536818
1781141395.197116,0.000987072,123410,5,1000.210724
1781141395.197836,0.001007622,117684,6,934.350381
1781141395.198912,0.000992153,124924,6,1007.296254
1781141395.200122,0.001000679,124924,6,998.713873
1781141395.201015,0.000999554,97346,5,779.115486
1781141395.201987,0.000999532,124924,6,999.859934
1781141395.202818,0.001002831,126372,6,1008.122007
1781141395.203813,0.001009245,126372,6,1001.715143
1781141395.204882,0.000988238,95898,5,776.315017
1781141395.205862,0.001007516,124924,6,991.936604
1781141395.206819,0.000992620,124924,6,1006.822349
1781141395.207814,0.001000993,114722,5,916.865553
1781141395.208823,0.001011192,124924,6,988.330604
1781141395.209817,0.000998260,100242,5,803.333801
1781141395.212044,0.000999075,123530,7,989.154968
1781141395.212105,0.001001959,126372,6,1008.999370
1781141395.212846,0.000988127,124924,6,1011.400356
1781141395.213922,0.001000527,97564,6,780.100887
1781141395.214955,0.000999656,124924,6,999.735909
1781141395.215857,0.001000111,124924,6,999.281080
1781141395.216805,0.001002106,124924,6,997.291704
1781141395.217853,0.001007387,119066,5,945.543272
1781141395.218873,0.000990308,120580,6,974.080791
1781141395.219989,0.001010015,98794,5,782.515111
1781141395.220972,0.000992205,133612,6,1077.293503
1781141395.221942,0.001008063,117618,5,933.417852
1781141395.222952,0.000989619,97346,5,786.937195
1781141395.223813,0.001013279,124924,6,986.294989
1781141395.224868,0.000991820,124924,6,1007.634450
1781141395.225866,0.000994999,124924,6,1004.415080
1781141395.226947,0.001009532,117618,5,932.059608
1781141395.228105,0.000991473,97346,5,785.465666
1781141395.229269,0.000999607,123476,6,988.196361
1781141395.229913,0.001013751,126372,6,997.262641
1781141395.230804,0.000985290,124924,6,1014.312537
1781141395.231894,0.000999877,123476,6,987.929515
1781141395.232858,0.001014744,98794,5,778.868365
1781141395.233867,0.000997964,124924,6,1001.430913
1781141395.235033,0.000993612,117618,5,946.993394
1781141395.235908,0.000993613,124924,6,1005.816148
1781141395.236863,0.000999720,98794,5,790.573361
1781141395.237901,0.001000910,124924,6,998.483380
1781141395.238850,0.001010876,123476,6,977.180188
1781141395.239822,0.000988552,126372,6,1022.683683
1781141395.240833,0.001008816,95898,5,760.479612
1781141395.241827,0.001003605,124924,6,995.802133
1781141395.243964,0.000987988,124924,6,1011.542650
1781141395.244008,0.000999950,124924,6,999.441972
1781141395.244812,0.001003783,117618,5,937.397824
1781141395.245929,0.000996206,123476,6,991.570017
1781141395.246837,0.001000179,98794,5,790.210552
1781141395.247949,0.001000118,126372,6,1010.856719
1781141395.248840,0.001008774,123476,6,979.216356
1781141395.249898,0.000991617,97346,5,785.351602
1781141395.250820,0.001010723,124924,6,988.789213
1781141395.251873,0.000988556,124924,6,1010.961443
1781141395.252857,0.001008909,124924,6,990.567038
1781141395.253913,0.000991322,120514,5,972.551805
1781141395.255127,0.001013361,120580,6,951.921378
1781141395.256043,0.000998925,100242,5,802.799009
1781141395.256930,0.000990329,124924,6,1009.151504
1781141395.257882,0.001011449,124924,6,988.079478
1781141395.259015,0.000996663,122028,6,979.492567
1781141395.259894,0.000991440,98794,5,797.175825
1781141395.260878,0.001005699,124924,6,993.728740
1781141395.261996,0.000992538,124924,6,1006.905529
1781141395.262923,0.000999982,117618,5,940.960937
1781141395.263870,0.001013303,124924,6,986.271629
1781141395.264851,0.000994544,95898,5,771.392719
1781141395.265864,0.000991291,126372,6,1019.857943
1781141395.266920,0.001000741,124924,6,998.651999
1781141395.267877,0.000999510,123476,6,988.292263
1781141395.268967,0.000999958,98794,5,790.385196
1781141395.269841,0.001000009,124924,6,999.383006
1781141395.270893,0.001000054,91488,4,731.864479
1781141395.271827,0.000999865,126240,4,1010.056358
1781141395.272818,0.001000412,123410,5,986.873408
1781141395.273829,0.000999413,124924,6,999.978988
1781141395.274857,0.000999938,95886,5,767.135562
1781141395.275831,0.001001098,124858,5,997.768450
1781141395.276804,0.001010035,124924,6,989.462741
1781141395.277827,0.000988558,121962,5,986.989130
1781141395.278851,0.001009774,119132,6,943.830996
1781141395.279818,0.000994889,97346,5,782.768731
1781141395.280811,0.000995160,127754,5,1027.002693
1781141395.281842,0.001006769,124924,6,992.672599
1781141395.284328,0.000996538,126306,5,1013.958324
1781141395.286927,0.001004120,123476,6,983.754930
1781141395.287116,0.000993973,123476,6,993.797618
1781141395.287230,0.001004089,78456,4,625.091999
1781141395.287290,0.001002182,116104,4,926.809701
1781141395.287823,0.000993474,71216,4,573.470468
1781141395.289850,0.002003334,275912,12,1101.811281
1781141395.290924,0.001004003,98728,4,786.674940
1781141395.291832,0.000991614,121896,4,983.414917
1781141395.292801,0.001000360,117684,6,941.133192
1781141395.295147,0.001014002,106034,5,836.558508
1781141395.295382,0.000987213,120580,6,977.134620
1781141395.296993,0.001006569,123476,6,981.361437
1781141395.297071,0.000996237,123410,5,991.009167
1781141395.297917,0.001002724,98794,5,788.204930
1781141395.299212,0.001007758,124924,6,991.698404
1781141395.299858,0.000985859,119066,5,966.190906
1781141395.300918,0.001000250,122028,6,975.980005
1781141395.301924,0.001001749,126372,6,1009.210890
1781141395.302987,0.000998538,124924,6,1000.855250
1781141395.303904,0.001001755,98794,5,788.967362
1781141395.304902,0.001008489,122028,6,968.006592
1781141395.306031,0.000989038,126372,6,1022.181150
1781141395.308169,0.001012782,124858,5,986.257655
1781141395.308365,0.000991321,97346,5,785.586102
1781141395.309437,0.000997102,124924,6,1002.296656
1781141395.309994,0.000998991,119066,5,953.490071
1781141395.311578,0.001006522,120580,6,958.389384
1781141395.312286,0.000998616,126372,6,1012.377130
1781141395.312969,0.000996255,97346,5,781.695449
1781141395.314029,0.001005163,126372,6,1005.783142
1781141395.315484,0.000994547,123476,6,993.224051
1781141395.315952,0.001013602,126372,6,997.409240
1781141395.317409,0.000998574,97280,4,779.351355
1781141395.317825,0.001000485,119066,5,952.066248
1781141395.319037,0.000998924,124924,6,1000.468504
1781141395.319917,0.000994332,122028,6,981.788779
1781141395.321020,0.000999177,123476,6,988.621636
1781141395.321887,0.001005231,100242,5,797.762902
1781141395.322824,0.001001222,123476,6,986.602372
1781141395.323811,0.000994247,127820,6,1028.476827
1781141395.324799,0.000993550,123476,6,994.220724
1781141395.325912,0.001001114,97346,5,777.901418
1781141395.326855,0.001001826,119066,5,950.791854
1781141395.327816,0.000996916,117618,5,943.854848
1781141395.328816,0.001012745,123476,6,975.376822
1781141395.329817,0.000987107,100242,5,812.410407
1781141395.331082,0.001005308,122028,6,971.069563
1781141395.331813,0.000994207,124924,6,1005.215212
1781141395.332910,0.001000401,124924,6,998.991404
1781141395.333824,0.001008344,127820,6,1014.098363
1781141395.334831,0.000992471,95898,5,773.003947
1781141395.335814,0.000999260,124924,6,1000.132098
1781141395.336827,0.001008937,124924,6,990.539548
1781141395.337819,0.000991911,117618,5,948.617366
1781141395.338956,0.001005701,124924,6,993.726764
1781141395.341041,0.000993378,123476,6,994.392870
1781141395.341083,0.001000932,98794,5,789.616078
1781141395.341839,0.001007490,123476,6,980.464322
1781141395.342846,0.000991587,126372,6,1019.553504
1781141395.344041,0.001002033,97346,5,777.187977
1781141395.344820,0.001008904,124924,6,990.571947
1781141395.346384,0.000992393,123410,5,994.847807
1781141395.346940,0.001004941,116236,6,925.316014
1781141395.347911,0.000992425,126372,6,1018.692596
1781141395.348989,0.000999669,97346,5,779.025858
1781141395.349899,0.001000272,126372,6,1010.701089
1781141395.351098,0.001009716,126372,6,1001.247876
1781141395.351892,0.000989926,123476,6,997.860446
1781141395.352854,0.001001041,97346,5,777.958146
1781141395.353828,0.001008020,124924,6,991.440646
1781141395.354839,0.000992390,119066,5,959.832324
1781141395.355832,0.001005692,123476,6,982.217220
1781141395.356797,0.000994076,124924,6,1005.347680
1781141395.357818,0.000998410,95898,5,768.405765
1781141395.359224,0.001008341,124924,6,991.125026
1781141395.360014,0.000998204,126372,6,1012.794980
1781141395.361290,0.000995156,123410,5,992.085663
1781141395.362372,0.001011346,98794,5,781.485268
1781141395.364091,0.001001101,124924,6,998.292880
1781141395.364245,0.000986727,124924,6,1012.835364
1781141395.364997,0.001010943,114722,5,907.841491
1781141395.365920,0.000994323,127820,6,1028.398217
1781141395.367055,0.000993831,97346,5,783.602041
1781141395.367983,0.001001772,123476,6,986.060700
1781141395.369126,0.001003677,126372,6,1007.272260
1781141395.369817,0.001008933,124924,6,990.543475
1781141395.371582,0.000995797,123476,6,991.977281
1781141395.372665,0.000990277,98794,5,798.112043
1781141395.373039,0.001000349,117618,5,940.615725
1781141395.373832,0.000999241,126372,6,1011.743914
1781141395.374850,0.001008309,126372,6,1002.645023
1781141395.375836,0.000994432,94450,5,759.830738
1781141395.376958,0.001001324,123476,6,986.501872
1781141395.377815,0.000999763,124924,6,999.628912
1781141395.378845,0.001006407,126372,6,1004.539913
1781141395.379898,0.000990172,123476,6,997.612536
1781141395.381043,0.001005946,98794,5,785.680345
1781141395.382058,0.001006274,117618,5,935.077325
1781141395.383103,0.000989596,114722,5,927.424929
1781141395.383846,0.001002555,127820,6,1019.954017
1781141395.384822,0.001000386,98794,5,790.047042
1781141395.385830,0.000994673,123476,6,993.098234
1781141395.386952,0.001010377,123476,6,977.662793
1781141395.387895,0.000990179,124924,6,1009.304378
1781141395.388868,0.000999045,98794,5,791.107508
1781141395.389840,0.000999962,124924,6,999.429978
1781141395.390926,0.001000831,124924,6,998.562195
1781141395.391829,0.001012764,117618,5,929.085157
1781141395.392822,0.000989386,124924,6,1010.113343
1781141395.393832,0.000998070,124924,6,1001.324556
1781141395.394842,0.001000432,95898,5,766.852720
1781141395.395857,0.001004267,126372,6,1006.680494
1781141395.397065,0.001006583,124924,6,992.856029
1781141395.397848,0.000998253,123476,6,989.536721
1781141395.399041,0.001004714,98794,5,786.643761
1781141395.399920,0.000998288,124924,6,1001.105893
1781141395.400883,0.000990678,114656,4,925.879044
1781141395.401983,0.001002488,126372,6,1008.466934
1781141395.402849,0.000994075,123476,6,993.695647
1781141395.403873,0.001006515,98794,5,785.236186
1781141395.404858,0.000996850,126372,6,1014.170638
1781141395.405835,0.001004769,124924,6,994.648521
1781141395.407514,0.000991989,123476,6,995.785236
1781141395.408200,0.001002057,98794,5,788.729583
1781141395.408968,0.001005087,119066,5,947.707014
1781141395.409992,0.000996737,116170,5,932.402429
1781141395.411131,0.000996738,124924,6,1002.662686
1781141395.412109,0.000999715,124924,6,999.676908
1781141395.413019,0.001001756,97346,5,777.402881
1781141395.413987,0.001006950,126372,6,1003.998212
1781141395.417073,0.000990633,126372,6,1020.535355
1781141395.417232,0.001005341,122028,6,971.037688
1781141395.417316,0.001007953,98794,5,784.115926
1781141395.418064,0.000997759,124924,6,1001.636668
1781141395.419132,0.000999613,114722,5,918.131317
1781141395.419808,0.000995198,127820,6,1027.494026
1781141395.420829,0.000994242,124924,6,1005.179825
1781141395.422046,0.001000060,97346,5,778.721277
1781141395.422947,0.000999918,123476,6,987.889007
1781141395.424024,0.000999442,127820,6,1023.130907
1781141395.425030,0.001000937,123476,6,986.883290
1781141395.428637,0.001010467,97346,5,770.701072
1781141395.428908,0.000989187,124924,6,1010.316553
1781141395.428959,0.001000451,119066,5,952.098604
1781141395.429141,0.001009207,122028,6,967.317904
1781141395.429980,0.000992654,127820,6,1030.127315
1781141395.431115,0.001001641,94450,5,754.362092
1781141395.431956,0.001003087,124924,6,996.316371
1781141395.432940,0.000992948,124924,6,1006.489766
1781141395.433955,0.001006399,124924,6,993.037553
1781141395.435111,0.001005444,98794,5,786.072621
1781141395.436000,0.000992273,124924,6,1007.174437
1781141395.436983,0.001008741,124924,6,990.732011
1781141395.437957,0.000987316,114722,5,929.566623
1781141395.440609,0.001006208,129268,6,1027.763643
1781141395.440659,0.001007163,120580,6,957.779426
1781141395.440924,0.000995861,98794,5,793.636863
1781141395.441902,0.000991887,126372,6,1019.245136
1781141395.442924,0.001008450,124924,6,991.017899
1781141395.443878,0.000991357,97346,5,785.557574
1781141395.444846,0.001005882,124924,6,993.547951
1781141395.445882,0.001003352,119066,5,949.345793
1781141395.446860,0.000989794,123476,6,997.993522
1781141395.447869,0.001011649,122028,6,964.982914
1781141395.448832,0.000988075,100242,5,811.614503
1781141395.449827,0.000999924,124924,6,999.467960
1781141395.450844,0.001009288,124924,6,990.195068
1781141395.451844,0.000998900,124924,6,1000.492542
1781141395.452824,0.000991987,97346,5,785.058675
1781141395.453838,0.001006704,124924,6,992.736693
1781141395.455856,0.000993385,119066,5,958.870931
1781141395.456123,0.001000427,122028,6,975.807330
1781141395.456832,0.001009707,126372,6,1001.256800
1781141395.458047,0.000991088,123476,6,996.690506
1781141395.459617,0.001004123,97346,5,775.570324
1781141395.459896,0.000998227,124924,6,1001.167069
1781141395.460974,0.001009495,124924,6,989.992026
1781141395.461928,0.000999873,98794,5,790.452387
1781141395.463421,0.000987158,124924,6,1012.393153
1781141395.463876,0.001001157,116170,5,928.285973
1781141395.465372,0.000998246,124924,6,1001.148014
1781141395.465894,0.001001350,126372,6,1009.613022
1781141395.466914,0.001003963,97346,5,775.693925
1781141395.467882,0.000995854,123476,6,991.920502
1781141395.468878,0.001000032,127820,6,1022.527279
1781141395.470062,0.001007461,123476,6,980.492545
1781141395.471349,0.000992324,97346,5,784.792064
1781141395.471830,0.001007100,124924,6,992.346341
1781141395.472837,0.000995574,119066,5,956.762631
1781141395.473846,0.001007349,122028,6,969.102069
1781141395.475007,0.001002502,127820,6,1020.007940
1781141395.476155,0.000987239,95898,5,777.100581
1781141395.476877,0.001000059,124924,6,999.333039
1781141395.478074,0.001000480,124924,6,998.912522
1781141395.479048,0.000999324,123476,6,988.476210
1781141395.480017,0.001006438,98728,4,784.771640
1781141395.481123,0.000994961,124924,6,1004.453441
1781141395.482480,0.001013672,121962,5,962.536205
1781141395.484019,0.000991711,120580,6,972.702733
1781141395.484085,0.000993466,117552,4,946.601092
1781141395.484929,0.001002958,130716,6,1042.643859
1781141395.486317,0.000996844,117684,6,944.452693
1781141395.488266,0.000999945,107482,5,859.903295
1781141395.488492,0.001000270,114722,5,917.528267
1781141395.491289,0.001010555,124924,6,988.953595
1781141395.492490,0.000989735,124924,6,1009.757157
1781141395.493577,0.001001363,88592,4,707.771308
1781141395.495178,0.000999436,135126,7,1081.618033
1781141395.495299,0.000998701,90040,4,721.256913
1781141395.495377,0.000999895,72532,2,580.316933
1781141395.495496,0.001000405,117618,5,940.563072
1781141395.496186,0.001000030,122028,6,976.194714
1781141395.497261,0.001009722,123476,6,978.296997
1781141395.498281,0.000993683,124924,6,1005.745293
1781141395.499544,0.000997016,91488,4,734.094538
1781141395.500247,0.001010029,132098,5,1046.290750
1781141395.501278,0.000991895,117618,5,948.632668
1781141395.502198,0.001001316,122028,6,974.940978
1781141395.503531,0.001002941,101690,5,811.134454
1781141395.505186,0.001001443,133480,4,1066.301327
1781141395.505385,0.000997201,117618,5,943.585095
1781141395.507497,0.000994696,120580,6,969.783733
1781141395.510291,0.001007720,126372,6,1003.231056
1781141395.512218,0.000995599,95766,3,769.514634
1781141395.512338,0.000999755,126306,5,1010.695620
1781141395.512438,0.001002152,124858,5,996.719061
1781141395.515090,0.000994421,116170,5,934.573988
1781141395.515551,0.001004983,124924,6,994.436722
1781141395.515859,0.000999018,97346,5,779.533502
1781141395.516021,0.000999768,95898,5,767.362028
1781141395.522596,0.000999958,124924,6,999.433976
1781141395.522688,0.001008483,123476,6,979.498911
1781141395.522711,0.000990875,126372,6,1020.286111
1781141395.522728,0.000999388,97346,5,779.244898
1781141395.522744,0.000997887,114722,5,919.719367
1781141395.522760,0.001002602,129202,5,1030.933511
1781141395.522780,0.001007738,122028,6,968.727983
1781141395.522799,0.000990094,123476,6,997.691128
1781141395.523018,0.001005454,98794,5,786.064803
1781141395.523941,0.000993587,124924,6,1005.842468
1781141395.524986,0.001015715,124924,6,983.929547
1781141395.526100,0.000984447,127820,6,1038.715137
1781141395.527096,0.001009111,95898,5,760.257296
1781141395.527908,0.000990709,124924,6,1008.764430
1781141395.532629,0.001003208,116170,5,926.388147
1781141395.532976,0.001002046,123410,5,985.264150
1781141395.533097,0.001009287,126372,6,1001.673459
1781141395.533306,0.000996054,98794,5,793.483084
1781141395.537240,0.001002513,123476,6,985.331861
1781141395.537299,0.000987057,130716,6,1059.440336
1781141395.537340,0.001015477,119066,5,938.010413
1781141395.537366,0.000988453,98728,4,799.050638
1781141395.537416,0.001002653,123344,4,984.141074
1781141395.538124,0.001001762,126372,6,1009.197793
1781141395.539240,0.000991648,117618,5,948.868953
1781141395.539903,0.001002403,97346,5,776.901107
1781141395.540961,0.000999915,124924,6,999.476956
1781141395.542251,0.001004818,124924,6,994.600017
1781141395.543049,0.000997108,126372,6,1013.908223
1781141395.544106,0.001002128,85696,4,684.112209
1781141395.545260,0.000994540,134994,5,1085.880910
1781141395.546115,0.000999593,120514,5,964.504553
1781141395.547791,0.001011389,104520,4,826.744210
1781141395.548387,0.000988668,145130,5,1174.347708
1781141395.548957,0.000999839,104520,4,836.294643
1781141395.549977,0.000999024,117552,4,941.334743
1781141395.551319,0.001000742,122028,6,975.500179
1781141395.553821,0.001011023,123476,6,977.038109
1781141395.554355,0.001002263,126372,6,1008.693327
1781141395.554737,0.000986377,123476,6,1001.450764
1781141395.555118,0.001014734,98794,5,778.876040
1781141395.557816,0.000997614,117618,5,943.194462
1781141395.558432,0.000999246,123476,6,988.553369
1781141395.558554,0.000992164,71216,4,574.227648
1781141395.559253,0.001000627,98662,3,788.801422
1781141395.560647,0.000995526,124792,4,1002.822628
1781141395.561051,0.001007798,123410,5,979.640761
1781141395.561953,0.000995672,126438,7,1015.900819
1781141395.563075,0.000999144,100176,4,802.094593
1781141395.564356,0.001000050,119066,5,952.480376
1781141395.565174,0.000997941,106034,5,850.022196
1781141395.565835,0.001002217,114722,5,915.745792
1781141395.566884,0.001007650,126372,6,1003.300749
1781141395.569327,0.000991606,123476,6,996.169850
1781141395.569487,0.001006886,90040,4,715.393798
1781141395.570059,0.000994507,120448,4,968.906202
1781141395.571487,0.001008952,129334,7,1025.491797
1781141395.572047,0.000987588,116170,5,941.040191
1781141395.572961,0.001002656,124924,6,996.744646
1781141395.573974,0.001000535,98794,5,789.929388
1781141395.575882,0.000996919,124924,6,1002.480643
1781141395.576375,0.001009138,123476,6,978.863149
1781141395.577303,0.001003274,126306,5,1007.150589
1781141395.577966,0.000999403,124924,6,999.988993
1781141395.579250,0.000990539,88592,4,715.505397
1781141395.580019,0.000998187,127820,6,1024.417269
1781141395.581070,0.001008406,124924,6,991.061140
1781141395.581986,0.000991553,122028,6,984.540413
1781141395.586126,0.001004521,126372,6,1006.425948
1781141395.586297,0.000995156,97346,5,782.558714
1781141395.587489,0.001003857,124858,5,995.026184
1781141395.588017,0.001008944,124924,6,990.532676
1781141395.588170,0.000988313,126372,6,1022.930995
1781141395.588261,0.001012492,95898,5,757.718580
1781141395.589079,0.000997633,124924,6,1001.763173
1781141395.590072,0.000997944,116170,5,931.274701
1781141395.591452,0.000993597,127820,6,1029.149645
1781141395.592055,0.001000906,123476,6,986.913856
1781141395.593094,0.001000962,98794,5,789.592412
1781141395.594192,0.001008772,124924,6,990.701566
1781141395.595275,0.000986136,123476,6,1001.695507
1781141395.597017,0.001012049,123476,6,976.047602
1781141395.597135,0.000987863,98794,5,800.062357
1781141395.598005,0.001002873,120448,4,960.823554
1781141395.599473,0.000997389,95898,5,769.192361
1781141395.599948,0.001012779,149540,6,1181.225124
1781141395.600973,0.000995190,98794,5,794.171967
1781141395.601992,0.000992143,124924,6,1007.306406
1781141395.604663,0.001000768,126372,6,1010.200166
1781141395.604712,0.001005438,123476,6,982.465353
1781141395.604809,0.000999877,123476,6,987.929515
1781141395.606591,0.000993995,98794,5,795.126736
1781141395.607140,0.001014243,124924,6,985.357552
1781141395.607799,0.000985648,119066,5,966.397740
1781141395.608819,0.001014586,122028,6,962.189504
1781141395.610036,0.000996611,123476,6,991.167065
1781141395.613502,0.001002417,101690,5,811.558463
1781141395.613551,0.000987798,123476,6,1000.010124
1781141395.613577,0.000998801,124924,6,1000.591709
1781141395.613879,0.001000081,123476,6,987.727994
1781141395.615559,0.001008717,98728,4,782.998601
1781141395.615990,0.000997174,117552,4,943.081147
1781141395.617184,0.001006666,123476,6,981.266875
1781141395.617846,0.000997117,126372,6,1013.899071
1781141395.618860,0.001003761,101690,5,810.471816
1781141395.622486,0.000994694,121896,4,980.369842
1781141395.622521,0.000991306,122028,6,984.785727
1781141395.622540,0.001011206,126372,6,999.772549
1781141395.622939,0.000996140,124924,6,1003.264601
1781141395.623856,0.001006187,123476,6,981.734012
1781141395.624854,0.000992426,98794,5,796.383811
1781141395.625831,0.000993940,117618,5,946.680886
1781141395.627328,0.001005119,123476,6,982.777164
1781141395.627852,0.000994674,126372,6,1016.389289
1781141395.628812,0.001012739,123476,6,975.382601
1781141395.629835,0.001002843,100242,5,799.662559
1781141395.630902,0.000991020,122028,6,985.069928
1781141395.631868,0.001001115,124924,6,998.278919
1781141395.632811,0.001001377,126372,6,1009.585800
1781141395.633841,0.000991606,97346,5,785.360314
1781141395.634869,0.001001939,116170,5,927.561458
1781141395.635932,0.001003867,123476,6,984.002861
1781141395.636870,0.000994223,130716,6,1051.804273
1781141395.637831,0.001002252,120580,6,962.472512
1781141395.638897,0.001012890,97346,5,768.857428
1781141395.639876,0.000985533,124924,6,1014.062441
1781141395.640819,0.001005428,127820,6,1017.039510
1781141395.641823,0.000997453,123476,6,990.330371
1781141395.642848,0.000998191,97346,5,780.179344
1781141395.643851,0.001008505,117618,5,933.008760
1781141395.645011,0.000995046,124924,6,1004.367637
1781141395.645913,0.001003606,123476,6,984.258763
1781141395.646856,0.000995679,98794,5,793.781932
1781141395.647949,0.000995553,126372,6,1015.491892
1781141395.648956,0.000999460,122028,6,976.751446
1781141395.649832,0.001008695,124924,6,990.777192
1781141395.650864,0.001000357,124924,6,999.035344
1781141395.651826,0.000990907,98794,5,797.604619
1781141395.652794,0.000999948,116170,5,929.408329
1781141395.653846,0.001014032,123476,6,974.138883
1781141395.654844,0.000985824,126372,6,1025.513682
1781141395.655831,0.001012298,123476,6,975.807519
1781141395.656822,0.000991637,98794,5,797.017457
1781141395.657837,0.001009011,126372,6,1001.947452
1781141395.658844,0.000990808,124924,6,1008.663636
1781141395.659821,0.001010011,97346,5,771.049028
1781141395.660820,0.001001140,124924,6,998.253990
1781141395.661847,0.000995478,119000,4,956.324499
1781141395.663042,0.001004948,122028,6,971.417427
1781141395.663872,0.000991345,124924,6,1008.117255
1781141395.664848,0.000996016,123476,6,991.759169
1781141395.665910,0.001011303,100242,5,792.973026
1781141395.666882,0.000986124,124924,6,1013.454697
1781141395.667818,0.001003390,124924,6,996.015507
1781141395.668799,0.000996495,123410,5,990.752588
1781141395.669810,0.001000434,98794,5,790.009136
1781141395.670931,0.001000167,124924,6,999.225129
1781141395.671794,0.000999574,123410,5,987.700761
1781141395.672815,0.001000012,117618,5,940.932709
1781141395.673884,0.001002714,124924,6,996.686992
1781141395.678472,0.000997090,98794,5,792.658637
1781141395.678521,0.001006864,126372,6,1004.083968
1781141395.678539,0.000993004,95832,4,772.057313
1781141395.678554,0.001002118,124792,4,996.225993
1781141395.678849,0.000999034,124924,6,1000.358346
1781141395.679823,0.001012719,124924,6,986.840377
1781141395.681021,0.000994289,120514,5,969.649669
1781141395.681834,0.000997598,120580,6,966.962644
1781141395.682982,0.000994302,126372,6,1016.769553
1781141395.683813,0.001012302,98794,5,780.747247
1781141395.684803,0.000988597,124924,6,1010.919515
1781141395.685819,0.000999997,123476,6,987.810963
1781141395.686815,0.001004135,126372,6,1006.812829
1781141395.687819,0.001008552,95898,5,760.678676
1781141395.688981,0.000987490,120514,5,976.325836
1781141395.689989,0.001000163,120580,6,964.482789
1781141395.691859,0.001013171,127820,6,1009.266945
1781141395.692115,0.000990493,120580,6,973.898856
1781141395.692812,0.000999593,101690,5,813.851237
1781141395.693869,0.000996928,122028,6,979.232201
1781141395.694837,0.001000060,124924,6,999.332040
1781141395.695869,0.001010655,125078,7,990.074754
1781141395.697198,0.001003935,98794,5,787.254155
1781141395.697834,0.000993758,124924,6,1005.669388
1781141395.701746,0.000998447,123410,5,988.815631
1781141395.701791,0.000991744,97346,5,785.251033
1781141395.701809,0.001009901,129268,6,1024.005323
1781141395.702034,0.000990557,114722,5,926.525177
1781141395.702844,0.000999942,123476,6,987.865296
1781141395.703899,0.000999988,124924,6,999.403993
1781141395.704827,0.001012877,124924,6,986.686439
1781141395.705852,0.000994469,98794,5,794.747750
1781141395.706832,0.001007309,124924,6,992.140445
1781141395.707878,0.000991385,120514,5,972.490001
1781141395.708808,0.001006325,122028,6,970.088192
1781141395.709815,0.000987679,124924,6,1011.859116
1781141395.710860,0.001008105,123530,7,980.294711
1781141395.713536,0.000991997,100242,5,808.405671
1781141395.714935,0.001000490,123476,6,987.324211
1781141395.715050,0.001003673,126372,6,1007.276274
1781141395.715129,0.000996053,96116,6,771.974985
1781141395.715821,0.000999770,124924,6,999.621913
1781141395.716800,0.000999640,120514,5,964.459205
1781141395.717911,0.001013251,122028,6,963.457228
1781141395.718885,0.001001472,123476,6,986.356084
1781141395.719813,0.000992045,98794,5,796.689666
1781141395.720805,0.000994097,123476,6,993.673656
1781141395.721833,0.001010085,126372,6,1000.882104
1781141395.722816,0.000991008,123476,6,996.770965
1781141395.723818,0.001006382,98794,5,785.339960
1781141395.724885,0.000992591,124924,6,1006.851765
1781141395.726260,0.001014430,117618,5,927.559319
1781141395.726972,0.000998045,123476,6,989.742947
1781141395.728144,0.000989249,100242,5,810.651312
1781141395.728800,0.000997116,122028,6,979.047573
1781141395.733524,0.001014693,127966,7,1008.904171
1781141395.733570,0.000999861,123476,6,987.945324
1781141395.733594,0.000988355,124924,6,1011.167040
1781141395.733649,0.000997133,97346,5,781.007147
1781141395.733849,0.001001034,124924,6,998.359696
1781141395.735066,0.001005018,124858,5,993.876727
1781141395.735968,0.000995517,117552,4,944.650870
1781141395.736903,0.000998579,123476,6,989.213673
1781141395.737895,0.001012990,100242,5,791.652435
1781141395.738822,0.000996280,124924,6,1003.123620
1781141395.741110,0.002002407,251230,11,1003.712033
1781141395.741833,0.001004274,94450,5,752.384309
1781141395.742974,0.000987332,124858,5,1011.679962
1781141395.743792,0.000996567,120514,5,967.433198
1781141395.745878,0.001007685,129268,6,1026.257213
1781141395.745917,0.000996672,117618,5,944.085918
1781141395.746854,0.000996567,98794,5,793.074625
1781141395.747903,0.001003984,133612,6,1064.654417
1781141395.748895,0.000997607,117618,5,943.201080
1781141395.749855,0.001002537,120580,6,962.198901
1781141395.750829,0.001002019,98728,4,788.232558
1781141395.751867,0.000992941,124858,5,1005.965108
1781141395.752804,0.001005133,120514,5,959.188486
1781141395.753924,0.001004758,127754,5,1017.192200
1781141395.754809,0.000990440,117684,6,950.559347
1781141395.755800,0.001000028,101690,5,813.497222
1781141395.756838,0.001000677,120580,6,963.987381
1781141395.757877,0.001012421,126372,6,998.572728
1781141395.758861,0.000996815,123476,6,990.964221
1781141395.759839,0.000990536,98794,5,797.903357
1781141395.761081,0.001012097,124924,6,987.446855
1781141395.761833,0.000994368,124924,6,1005.052455
1781141395.762813,0.000993020,116170,5,935.892530
1781141395.763814,0.000999816,124924,6,999.575922
1781141395.765159,0.001001484,123476,6,986.344265
1781141395.765975,0.001008681,98794,5,783.550002
1781141395.767108,0.000990089,126372,6,1021.096083
1781141395.767992,0.001000180,123476,6,987.630227
1781141395.768979,0.000999874,126372,6,1011.103399
1781141395.770016,0.001001153,97346,5,777.871115
1781141395.771115,0.001006799,124924,6,992.643020
1781141395.772077,0.001001647,117618,5,939.396813
1781141395.773021,0.000999844,124924,6,999.547929
1781141395.773978,0.000997631,124924,6,1001.765182
1781141395.775066,0.000996525,97346,5,781.483656
1781141395.775888,0.001010319,124924,6,989.184604
1781141395.776882,0.000991985,124924,6,1007.466847
1781141395.777937,0.000997551,97346,5,780.679885
1781141395.778975,0.001004388,124924,6,995.025827
1781141395.779957,0.000992785,124924,6,1006.655016
1781141395.780930,0.000999086,116170,5,930.210212
1781141395.781920,0.001000856,123476,6,986.963160
1781141395.782958,0.001001253,126372,6,1009.710832
1781141395.783938,0.000998221,97346,5,780.155897
1781141395.784904,0.001013148,124924,6,986.422517
1781141395.786179,0.000998889,124924,6,1000.503559
1781141395.787009,0.000989447,126372,6,1021.758619
1781141395.787965,0.001011586,97346,5,769.848535
1781141395.789018,0.000988842,124924,6,1010.669045
1781141395.789965,0.001002556,114722,5,915.436145
1781141395.791123,0.001000680,126372,6,1010.289003
1781141395.792127,0.001004774,129268,6,1029.230454
1781141395.792830,0.000996792,93002,5,746.410485
1781141395.793816,0.001004307,124924,6,995.106078
1781141395.794847,0.001001870,124924,6,997.526625
1781141395.795823,0.000994555,126372,6,1016.510902
1781141395.796824,0.000999405,123476,6,988.396096
1781141395.797819,0.001000115,98794,5,790.261120
1781141395.798853,0.000995160,114722,5,922.239640
1781141395.799810,0.001005083,127820,6,1017.388614
1781141395.800904,0.001005034,123476,6,982.860281
1781141395.802054,0.000988670,98794,5,799.409307
1781141395.802995,0.001012877,123476,6,975.249709
1781141395.803985,0.000993139,127820,6,1029.624252
1781141395.805053,0.001001672,123476,6,986.159142
1781141395.805988,0.001005886,97346,5,774.210994
1781141395.806844,0.000990989,124924,6,1008.479408
1781141395.807831,0.001004175,114722,5,913.960216
1781141395.809900,0.000992735,127820,6,1030.043264
1781141395.810052,0.001008852,122028,6,967.658289
1781141395.811308,0.000995681,100242,5,805.414586
1781141395.811813,0.000993562,123476,6,994.208716
1781141395.812826,0.000999338,126372,6,1011.645709
1781141395.813801,0.001000843,124924,6,998.550222
1781141395.814842,0.000999678,97346,5,779.018844
1781141395.815819,0.001012179,124924,6,987.366859
1781141395.816813,0.000997443,116170,5,931.742465
1781141395.817825,0.000991453,124924,6,1008.007440
1781141395.818981,0.001012343,123476,6,975.764143
1781141395.819983,0.000986445,98794,5,801.212435
1781141395.820799,0.001000737,126372,6,1010.231459
1781141395.821802,0.001003577,123476,6,984.287205
1781141395.822833,0.000997347,126372,6,1013.665254
1781141395.823830,0.001007462,97214,3,771.951696
1781141395.824826,0.000999256,124792,4,999.079315
1781141395.825844,0.001003736,124858,5,995.146134
1781141395.826821,0.000993269,117618,5,947.320414
1781141395.827833,0.001007636,124924,6,991.818474
1781141395.828815,0.000994099,98794,5,795.043552
1781141395.829825,0.001000455,123476,6,987.358752
1781141395.830824,0.001004937,124924,6,994.482241
1781141395.831904,0.000998276,124924,6,1001.117927
1781141395.832863,0.000988404,97346,5,787.904541
1781141395.833865,0.001014790,124924,6,984.826417
1781141395.834872,0.000996470,116170,5,932.652262
1781141395.835838,0.000995734,124924,6,1003.673672
1781141395.836828,0.000994542,123476,6,993.229044
1781141395.837875,0.000998905,100242,5,802.815083
1781141395.838987,0.001014056,124924,6,985.539260
1781141395.839831,0.000986366,124924,6,1013.206051
1781141395.840809,0.001000397,97280,4,777.931161
1781141395.841804,0.001003298,124792,4,995.054311
1781141395.842842,0.000998375,124858,5,1000.489796
1781141395.843847,0.001006002,124858,5,992.904587
1781141395.845932,0.001996255,216346,9,867.007471
1781141395.846869,0.001007657,68254,3,541.882803
1781141395.847836,0.000987419,65358,3,529.525966
1781141395.849462,0.001003062,87078,3,694.497449
1781141395.849829,0.000996650,124858,5,1002.221442
1781141395.850870,0.001005295,116170,5,924.464958
1781141395.851835,0.001005829,124924,6,993.600304
1781141395.852788,0.000989678,71216,4,575.670066
1781141395.853819,0.001009491,0,0,0.000000
1781141395.854863,0.000994229,75428,2,606.926573
1781141395.856006,0.001006764,62396,2,495.814312
1781141395.857012,0.000992809,100110,3,806.680842
1781141395.858072,0.001004691,116170,5,925.020728
1781141395.860337,0.000991539,95898,5,773.730534
1781141395.860846,0.000999757,152436,6,1219.784408
1781141395.863611,0.001000207,92936,4,743.334130
1781141395.863884,0.001014986,104520,4,823.814319
1781141395.865234,0.000992416,117552,4,947.602618
1781141395.865403,0.000998782,120580,6,965.816364
1781141395.865509,0.000994070,74046,3,595.901697
1781141395.865856,0.001010100,113274,5,897.130977
1781141395.866864,0.000990722,124792,4,1007.685304
1781141395.868043,0.001004662,91818,9,731.135447
1781141395.869028,0.000994459,113406,7,912.303071
1781141395.869888,0.001007305,117816,8,935.692764
1781141395.870841,0.000997941,91620,6,734.472278
1781141395.871855,0.001004688,125056,8,995.779784
1781141395.872836,0.001001150,125056,8,999.298806
1781141395.873853,0.001000368,116170,5,929.018121
1781141395.874868,0.000988409,133678,7,1081.965057
1781141395.875849,0.001001008,106034,5,847.417803
1781141395.876846,0.000999135,129268,6,1035.039309
1781141395.877844,0.000999981,103138,5,825.119677
1781141395.878865,0.001006075,123410,5,981.318490
1781141395.879861,0.001006167,127820,6,1016.292524
1781141395.880853,0.000989283,97280,4,786.670750
1781141395.881819,0.001009224,124858,5,989.734687
1781141395.882854,0.000988995,91488,4,740.048231
1781141395.883845,0.001013494,132098,5,1042.713622
1781141395.884815,0.000987339,90040,4,729.556920
1781141395.885811,0.000999454,104850,9,839.258235
1781141395.886869,0.001005723,125122,9,995.280012
1781141395.887877,0.001001716,128018,9,1022.389579
1781141395.888796,0.000993120,116302,7,936.861608
1781141395.889823,0.001004459,125056,8,996.006806
1781141395.890832,0.000995070,114854,7,923.384285
1781141395.891807,0.001000369,122028,6,975.863906
1781141395.893039,0.000999997,130716,6,1045.731137
1781141395.893974,0.001000160,123476,6,987.649976
1781141395.895090,0.000999856,106034,5,848.394169
1781141395.895917,0.001004569,123476,6,983.315233
1781141395.896875,0.000995291,124924,6,1004.120403
1781141395.897981,0.001011658,124924,6,987.875349
1781141395.898883,0.000996030,100242,5,805.132376
1781141395.899827,0.001004122,124924,6,995.289417
1781141395.900832,0.000991511,119066,5,960.683240
1781141395.902616,0.000996277,124924,6,1003.126640
1781141395.902948,0.001011678,122028,6,964.955253
1781141395.903972,0.000989640,97346,5,786.920496
1781141395.904954,0.001003861,124924,6,995.548188
1781141395.905956,0.001009719,126372,6,1001.244901
1781141395.907196,0.000986386,97346,5,789.516477
1781141395.907940,0.001005656,222270,6,1768.159291
1781141395.908930,0.000993193,124924,6,1006.241486
1781141395.910313,0.001001250,116170,5,928.199750
1781141395.911425,0.000999101,124924,6,1000.291262
1781141395.912122,0.001000703,124924,6,998.689921
1781141395.913031,0.001002750,97346,5,776.632261
1781141395.913988,0.001000745,126372,6,1010.223384
1781141395.915375,0.000995486,126372,6,1015.560239
1781141395.915816,0.001001038,95898,5,766.388489
1781141395.917235,0.001010276,124858,5,988.704077
1781141395.917838,0.000996615,98794,5,793.036428
1781141395.918880,0.001004857,124858,5,994.035967
1781141395.919824,0.000997266,117618,5,943.523594
1781141395.920807,0.000998353,107482,5,861.274519
1781141395.921818,0.000992075,114722,5,925.107477
1781141395.922828,0.000999821,124924,6,999.570923
1781141395.923820,0.001010091,124924,6,989.407885
1781141395.925019,0.000993955,124924,6,1005.470067
1781141395.925996,0.001002252,97346,5,777.018155
1781141395.926814,0.000993544,124924,6,1005.886000
1781141395.927835,0.000999801,117618,5,941.131285
1781141395.931148,0.001013736,126372,6,997.277398
1781141395.931357,0.000994093,122028,6,982.024821
1781141395.931510,0.000997447,124924,6,1001.949978
1781141395.932389,0.001008976,98794,5,783.320911
1781141395.932915,0.000985573,123476,6,1002.267716
1781141395.933892,0.001002405,126372,6,1008.550436
1781141395.934983,0.001005692,97346,5,774.360341
1781141395.935919,0.000992159,124924,6,1007.290162
1781141395.936923,0.001011663,119066,5,941.546740
1781141395.937938,0.000998367,124924,6,1001.026677
1781141395.938858,0.000990962,124924,6,1008.506885
1781141395.939866,0.001009801,122028,6,966.748894
1781141395.940858,0.000998529,98794,5,791.516321
1781141395.942715,0.000991252,126372,6,1019.898068
1781141395.943112,0.000999987,122028,6,976.236691
1781141395.943842,0.001007543,98728,4,783.910960
1781141395.944817,0.000994004,124924,6,1005.420501
1781141395.946288,0.000998238,117618,5,942.604870
1781141395.946820,0.001011665,123476,6,976.418083
1781141395.947823,0.000998270,124924,6,1001.123944
1781141395.948806,0.000997899,124924,6,1001.496143
1781141395.949805,0.001004020,97346,5,775.649887
1781141395.950874,0.000988200,126372,6,1023.047966
1781141395.951825,0.001004804,126372,6,1006.142491
1781141395.952819,0.000994769,123476,6,993.002396
1781141395.953838,0.001007488,97346,5,772.979926
1781141395.954916,0.000992735,124924,6,1006.705717
1781141395.955869,0.001008460,116170,5,921.563572
1781141395.956799,0.000992739,124924,6,1006.701661
1781141395.957813,0.000998426,124924,6,1000.967523
1781141395.958838,0.001011103,98794,5,781.673084
1781141395.959849,0.000998203,124924,6,1001.191140
1781141395.960819,0.000991088,97280,4,785.238041
1781141395.961838,0.001007585,150988,6,1198.811018
1781141395.962938,0.001005897,98794,5,785.718617
1781141395.963897,0.000987166,116170,5,941.442473
1781141395.964874,0.001005526,126372,6,1005.420049
1781141395.965874,0.001001113,123476,6,986.709792
1781141395.966840,0.000995323,100242,5,805.704279
1781141395.967856,0.001010726,123476,6,977.325210
1781141395.968845,0.000986385,123476,6,1001.442642
1781141395.969816,0.001009426,126372,6,1001.535526
1781141395.970840,0.001005292,124924,6,994.131058
1781141395.971839,0.000995117,97346,5,782.589384
1781141395.972818,0.000990237,124924,6,1009.245261
1781141395.973879,0.001010112,116170,5,920.056390
1781141395.974853,0.001004489,126372,6,1006.458010
1781141395.975991,0.000991107,123476,6,996.671399
1781141395.977212,0.001008455,98794,5,783.725600
1781141395.977943,0.000986745,123476,6,1001.077279
1781141395.979007,0.001000240,126372,6,1010.733424
1781141395.980082,0.000999041,97346,5,779.515555
1781141395.981379,0.001005349,124924,6,994.074694
1781141395.981814,0.001001202,124924,5,998.192173
1781141395.982862,0.001002949,116170,5,926.627376
1781141395.984047,0.001002461,123476,6,985.382973
1781141395.985008,0.001000446,129268,6,1033.682977
1781141395.985929,0.000992120,94450,5,761.601419
1781141395.986850,0.001005806,126372,6,1005.140156
1781141395.987834,0.000991901,123410,5,995.341269
1781141395.988965,0.000998746,127820,6,1023.843900
1781141395.990324,0.001011579,95898,5,758.402458
1781141395.990798,0.000987236,119066,5,964.843259
1781141395.991885,0.001011957,120580,6,953.242084
1781141395.992811,0.000987926,126372,6,1023.331707
1781141395.994028,0.001007095,124924,6,992.351268
1781141395.994992,0.001000823,98794,5,789.702075
1781141395.995951,0.001000567,123476,6,987.248230
1781141395.996945,0.001000574,126372,6,1010.396033
1781141395.997918,0.000991923,126372,6,1019.208144
1781141395.998844,0.000999430,95898,5,767.621544
1781141395.999843,0.001010338,124924,6,989.166002
1781141396.000829,0.000999107,119066,5,953.379368
1781141396.001813,0.001002973,123476,6,984.879952
1781141396.002818,0.000987284,123476,6,1000.530749
1781141396.004159,0.001000195,98794,5,790.197911
1781141396.004817,0.001001252,97346,5,777.794202
1781141396.005822,0.000998357,124924,6,1001.036703
1781141396.006864,0.001009548,63910,3,506.444468
1781141396.007850,0.000993349,134994,5,1087.182853
1781141396.008858,0.001002228,124792,4,996.116652
1781141396.009821,0.000996403,116170,5,932.714976
1781141396.010839,0.001010234,126372,6,1000.734483
1781141396.011836,0.000988427,107482,5,869.923626
1781141396.012867,0.000999981,113274,5,906.209218
1781141396.013847,0.001005327,126372,6,1005.619067
1781141396.014876,0.000995314,124924,6,1004.097199
1781141396.015885,0.001001470,97346,5,777.624891
1781141396.016855,0.000998605,119000,4,953.329895
1781141396.017863,0.001000333,122028,6,975.899026
1781141396.018870,0.001001464,124924,6,997.931029
1781141396.020009,0.001009279,124924,6,990.203898
1781141396.020878,0.001000909,98794,5,789.634222
1781141396.021973,0.000993387,124924,6,1006.044975
1781141396.022936,0.001009063,124924,6,990.415861
1781141396.024238,0.000995191,126372,6,1015.861277
1781141396.025470,0.000992919,95898,5,772.655171
1781141396.027332,0.001008656,124924,6,990.815501
1781141396.028132,0.000990053,117618,5,950.397605
1781141396.028444,0.000999449,123476,6,988.352582
1781141396.029129,0.000999491,124924,6,999.900950
1781141396.030186,0.001000372,97346,5,778.478406
1781141396.031192,0.001008420,126372,6,1002.534658
1781141396.032189,0.001003197,123476,6,984.660042
1781141396.033278,0.000998575,124924,6,1000.818166
1781141396.034244,0.000988620,98794,5,799.449738
1781141396.035239,0.001012170,124924,6,987.375638
1781141396.036369,0.000999155,117618,5,941.739770
1781141396.038284,0.000996929,124924,6,1002.470587
1781141396.046456,0.000996720,124924,6,1002.680793
1781141396.049386,0.000995458,97346,5,782.321303
1781141396.049529,0.001000174,90040,4,720.194686
1781141396.049708,0.001003588,132098,5,1053.005815
1781141396.051392,0.001009808,97214,3,770.158288
1781141396.051518,0.000997551,27578,1,221.165635
1781141396.051581,0.000988778,100110,3,809.969477
1781141396.057339,0.001005435,123344,4,981.417993
1781141396.057483,0.000994301,119000,4,957.456545
1781141396.057579,0.001002167,122028,6,974.113097
1781141396.057685,0.001000983,116170,5,928.447336
1781141396.059000,0.000997301,98794,5,792.490933
1781141396.059173,0.001008199,124924,6,991.264621
1781141396.059268,0.001004077,95898,5,764.068891
1781141396.059348,0.000987671,124792,4,1010.798130
1781141396.059411,0.001012540,124924,6,987.014834
1781141396.059489,0.000997762,124924,6,1001.633656
1781141396.059564,0.000996257,117618,5,944.479186
1781141396.059676,0.000997348,127820,6,1025.279040
1781141396.060929,0.001009641,120580,6,955.428712
1781141396.061053,0.000992018,98794,5,796.711350
1781141396.061117,0.000997541,124924,6,1001.855563
1781141396.061260,0.000996815,123476,6,990.964221
1781141396.061344,0.001003170,124924,6,996.233938
1781141396.061817,0.000996472,98794,5,793.150234
1781141396.062846,0.001012338,116170,5,918.033305
1781141396.063816,0.000987504,126372,6,1023.769018
1781141396.064834,0.001013147,123476,6,974.989809
1781141396.065841,0.000995985,124924,6,1003.420734
1781141396.066859,0.000991309,98794,5,797.281171
1781141396.067827,0.001007289,126372,6,1003.660320
1781141396.068830,0.001000649,122028,6,975.590842
1781141396.069819,0.000999934,124924,6,999.457964
1781141396.070834,0.000992451,98794,5,796.363750
1781141396.071815,0.000999686,117618,5,941.239549
1781141396.072820,0.000999770,122028,6,976.448583
1781141396.074026,0.001003924,129268,6,1030.101880
1781141396.075031,0.001000412,122028,6,975.821961
1781141396.075819,0.000995600,97346,5,782.209723
1781141396.076816,0.001004283,124924,6,995.129859
1781141396.077834,0.001007609,126372,6,1003.341574
1781141396.078827,0.000988132,123476,6,999.672109
1781141396.079836,0.000999592,98794,5,790.674595
1781141396.080817,0.001009310,117618,5,932.264616
1781141396.081820,0.000997363,126372,6,1013.648992
1781141396.083406,0.000999971,124924,6,999.420983
1781141396.083842,0.000998025,122028,6,978.155858
1781141396.084828,0.001000402,98794,5,790.034406
1781141396.085814,0.001002003,124924,6,997.394219
1781141396.086853,0.001001433,123476,6,986.394497
1781141396.087827,0.000992198,126372,6,1018.925658
1781141396.088826,0.001001830,97346,5,777.345458
1781141396.091303,0.000998448,124996,6,1001.522363
1781141396.091434,0.001000779,117618,5,940.211575
1781141396.093222,0.001004456,122028,6,971.893244
1781141396.093379,0.000996864,127820,6,1025.776836
1781141396.097148,0.001010183,97346,5,770.917745
1781141396.097326,0.000993060,123476,6,994.711296
1781141396.097433,0.001005357,116170,5,924.407947
1781141396.097514,0.000999553,116170,5,929.775610
1781141396.098389,0.000989685,124924,6,1009.808171
1781141396.099093,0.000999884,126372,6,1011.093287
1781141396.099922,0.001009284,97346,5,771.604425
1781141396.100915,0.000993172,124858,5,1005.731132
1781141396.101872,0.001003689,116170,5,925.944192
1781141396.103272,0.001006795,124924,6,992.646964
1781141396.104006,0.000999651,124924,6,999.740910
1781141396.105736,0.000987427,98794,5,800.415626
1781141396.105900,0.000999894,123476,6,987.912719
1781141396.107721,0.001014311,127820,6,1008.132614
1781141396.107978,0.000985370,122028,6,990.718207
1781141396.108905,0.001007330,98794,5,784.600876
1781141396.109921,0.001006743,124924,6,992.698236
1781141396.111135,0.000991128,119066,5,961.054475
1781141396.112112,0.000998397,124924,6,1000.996598
1781141396.113177,0.000996906,123476,6,990.873763
1781141396.114091,0.001010560,107482,5,850.870804
1781141396.115003,0.000994078,124792,4,1004.283366
1781141396.115896,0.000994817,116104,4,933.671218
1781141396.116911,0.001011528,123476,6,976.550328
1781141396.118074,0.000989449,123476,6,998.341501
1781141396.119126,0.001010989,98794,5,781.761226
1781141396.119910,0.000994782,119066,5,957.524362
1781141396.120909,0.001003600,124924,6,995.807094
1781141396.121916,0.000994017,120580,6,970.446179
1781141396.123175,0.001008343,129268,6,1025.587523
1781141396.123900,0.000994550,94450,5,759.740586
1781141396.124880,0.000992601,126372,6,1018.511970
1781141396.125981,0.001009235,123476,6,978.769068
1781141396.127467,0.000997869,98794,5,792.039837
1781141396.127937,0.000994205,124924,6,1005.217234
1781141396.128973,0.001009793,124924,6,989.699869
1781141396.129809,0.000996332,114722,5,921.154796
1781141396.130922,0.000999690,130716,6,1046.052276
1781141396.131819,0.000994134,120580,6,970.331967
1781141396.132971,0.001000042,98794,5,790.318807
1781141396.133991,0.001002668,127820,6,1019.839069
1781141396.134848,0.001008606,122028,6,967.894302
1781141396.136131,0.000999018,124924,6,1000.374368
1781141396.136828,0.000988573,97346,5,787.769846
1781141396.137979,0.000999836,119066,5,952.684240
1781141396.140362,0.000999949,97346,5,778.807719
1781141396.140461,0.001000545,148026,5,1183.562958
1781141396.141808,0.000999620,103072,4,824.889458
1781141396.141847,0.001002710,104784,8,836.006423
1781141396.142868,0.000997572,68452,6,548.948848
1781141396.143905,0.001006764,17442,1,138.598520
1781141396.145566,0.001000205,106100,6,848.626032
1781141396.146229,0.001003434,126570,9,1009.094769
1781141396.147354,0.000989265,125056,8,1011.304352
1781141396.147938,0.001010363,119198,7,943.803366
1781141396.148951,0.000995109,126504,8,1017.006177
1781141396.150028,0.001009713,108996,6,863.580047
1781141396.151043,0.000996776,123476,6,991.002994
1781141396.151922,0.000996871,127820,6,1025.769633
1781141396.152933,0.001002033,107482,5,858.111459
1781141396.154087,0.000993841,123476,6,993.929612
1781141396.155713,0.001001331,124924,6,998.063577
1781141396.156088,0.000997961,127820,6,1024.649260
1781141396.157046,0.001000929,97346,5,778.045196
1781141396.162699,0.000995370,124858,5,1003.510252
1781141396.162955,0.001013103,116170,5,917.340093
1781141396.163086,0.000988083,123476,6,999.721683
1781141396.163225,0.000998616,129268,6,1035.577239
1781141396.163300,0.001009447,94450,5,748.528650
1781141396.163469,0.001001976,124924,6,997.421096
1781141396.168600,0.000994437,129268,6,1039.929126
1781141396.168973,0.000994667,121962,5,980.927285
1781141396.169050,0.001003499,97346,5,776.052592
1781141396.169131,0.001002824,124924,6,996.577665
1781141396.169249,0.001001442,117618,5,939.589112
1781141396.169297,0.000994436,124924,6,1004.983729
1781141396.169822,0.001009766,123476,6,978.254368
1781141396.170853,0.000988984,97346,5,787.442466
1781141396.171816,0.000999435,124924,6,999.956976
1781141396.172826,0.001009205,124924,6,990.276505
1781141396.174155,0.000999105,126372,6,1011.881634
1781141396.175218,0.000995212,97346,5,782.514680
1781141396.175835,0.000995669,124924,6,1003.739194
1781141396.176877,0.001003363,117618,5,937.790212
1781141396.178027,0.001010273,123476,6,977.763436
1781141396.179243,0.000993095,124924,6,1006.340783
1781141396.180112,0.000997236,98794,5,792.542588
1781141396.181177,0.000999893,126372,6,1011.084186
1781141396.181957,0.001008052,122028,6,968.426232
1781141396.182840,0.000988576,126372,6,1022.658855
1781141396.183840,0.001011307,97346,5,770.060921
1781141396.184797,0.000990629,124924,6,1008.845895
1781141396.185813,0.001011031,124924,6,988.487989
1781141396.187098,0.000986560,116170,5,942.020759
1781141396.187908,0.000999951,126372,6,1011.025540
1781141396.188915,0.001005611,122028,6,970.776970
1781141396.189955,0.000994060,103138,5,830.034404
1781141396.191152,0.001000690,123476,6,987.126882
1781141396.191817,0.001012681,123476,6,975.438465
1781141396.192808,0.000999969,97346,5,778.792143
1781141396.193861,0.000991634,124924,6,1007.823451
1781141396.194873,0.000996271,120514,5,967.720630
1781141396.195839,0.001010921,122182,7,966.896523
1781141396.196824,0.000988393,124924,6,1011.128165
1781141396.197825,0.000999734,98794,5,790.562290
1781141396.198972,0.001000180,127820,6,1022.375972
1781141396.199868,0.001009396,119132,6,944.184443
1781141396.200825,0.000994375,127820,6,1028.344437
1781141396.201824,0.001003569,95898,5,764.455658
1781141396.202831,0.000992502,124858,5,1006.410063
1781141396.203886,0.001006562,121896,4,968.810664
1781141396.204872,0.000998200,103072,4,826.062913
1781141396.205909,0.000995141,113274,5,910.616686
1781141396.207942,0.001007539,98728,4,783.914072
1781141396.207982,0.000992525,124858,5,1006.386741
1781141396.209666,0.001002972,120514,5,961.255150
1781141396.210231,0.000996616,129202,5,1037.125633
1781141396.210902,0.001001009,90040,4,719.593930
1781141396.211886,0.001000871,0,0,0.000000
1781141396.212857,0.001004576,72598,3,578.138439
1781141396.213969,0.000995308,87296,4,701.660190
1781141396.214896,0.001009119,100110,3,793.642772
1781141396.216991,0.000989125,119000,4,962.466827
1781141396.217035,0.001012966,120580,6,952.292574
1781141396.217831,0.000994153,124924,6,1005.269813
1781141396.219317,0.000992580,97280,4,784.057708
1781141396.219818,0.001012151,119066,5,941.092782
1781141396.220831,0.000993850,68254,3,549.410877
1781141396.221921,0.000994564,150988,6,1214.506055
1781141396.222831,0.001000153,74046,3,592.277382
1781141396.223990,0.001012038,148092,6,1170.643790
1781141396.224960,0.000991642,92936,4,749.754448
1781141396.225848,0.001003695,95832,4,763.833635
1781141396.226809,0.000992233,124792,4,1006.150773
1781141396.227816,0.000999482,94318,3,754.935056
1781141396.228796,0.001000447,127754,5,1021.575356
1781141396.229819,0.001000013,127688,4,1021.490721
1781141396.230849,0.001011383,113274,5,895.992913
1781141396.231853,0.000995986,129268,6,1038.311783
1781141396.232894,0.000993044,94450,5,760.892770
1781141396.233887,0.001002893,124924,6,996.509099
1781141396.234878,0.000997421,243990,5,1956.967018
1781141396.235873,0.001002038,43572,2,347.867047
1781141396.236875,0.001009215,124792,4,989.220335
1781141396.237948,0.000991363,119000,4,960.294060
1781141396.238858,0.000997141,127820,6,1025.491881
1781141396.239820,0.001000212,126372,6,1010.761719
1781141396.240838,0.001001155,120580,6,963.527126
1781141396.241858,0.001008701,123476,6,979.287222
1781141396.242887,0.000991072,97346,5,785.783475
1781141396.244081,0.001006162,124924,6,993.271461
1781141396.245050,0.001004922,124858,5,993.971671
1781141396.245900,0.000990461,124924,6,1009.017013
1781141396.247432,0.001000107,97280,4,778.156737
1781141396.248039,0.001003657,124924,6,995.750540
1781141396.249327,0.001000403,116170,5,928.985619
1781141396.249913,0.000993524,124924,6,1005.906249
1781141396.252617,0.001006428,108864,4,865.349533
1781141396.252827,0.000995772,124792,4,1002.574887
1781141396.252980,0.001008246,121896,4,967.192530
1781141396.253888,0.000995636,116170,5,933.433504
1781141396.254861,0.001000938,98794,5,789.611345
1781141396.256868,0.001001868,97346,5,777.315974
1781141396.257240,0.001000714,117618,5,940.272645
1781141396.257911,0.001002118,136442,5,1089.229013
1781141396.259032,0.000993561,116236,6,935.914353
1781141396.260035,0.001001563,98794,5,789.118608
1781141396.261293,0.000992696,124924,6,1006.745267
1781141396.261991,0.001004434,129268,6,1029.578847
1781141396.263072,0.000998234,94450,5,756.936750
1781141396.264466,0.000997807,116170,5,931.402566
1781141396.264819,0.001000091,126372,6,1010.884010
1781141396.265821,0.001004264,123476,6,983.613870
1781141396.267118,0.001003605,100242,5,799.055405
1781141396.267840,0.000995373,133546,5,1073.334318
1781141396.268815,0.000997091,120448,4,966.395244
1781141396.269833,0.001000839,120514,5,963.303788
1781141396.270955,0.001002542,123530,7,985.734264
1781141396.271918,0.000996936,123476,6,990.843946
1781141396.272894,0.001010993,98794,5,781.758133
1781141396.273885,0.000993701,124924,6,1005.727075
1781141396.274885,0.001003960,121962,5,971.847484
1781141396.276132,0.000991381,120580,6,973.026516
1781141396.276821,0.000998695,100242,5,802.983894
1781141396.277802,0.001002740,123476,6,985.108802
1781141396.278835,0.000997524,122028,6,978.647130
1781141396.279847,0.001001522,124924,6,997.873237
1781141396.280851,0.000998240,124924,6,1001.154031
1781141396.281849,0.001012789,98794,5,780.371825
1781141396.283300,0.000993865,119066,5,958.407832
1781141396.283850,0.001005680,130716,6,1039.821812
1781141396.284812,0.000987366,116170,5,941.251775
1781141396.285842,0.001007341,126372,6,1003.608510
1781141396.286864,0.001007381,97346,5,773.062029
1781141396.287827,0.000985209,123476,6,1002.638019
1781141396.288816,0.001000370,124924,6,999.022362
1781141396.289847,0.001014588,127820,6,1007.857377
1781141396.290835,0.000989745,95898,5,775.132989
1781141396.291815,0.000995975,116170,6,933.115791
1781141396.292828,0.001006650,116170,5,923.220583
1781141396.293844,0.001005523,127820,6,1016.943421
1781141396.294814,0.000989359,120580,6,975.015136
1781141396.295897,0.001009671,101690,5,805.727806
1781141396.296855,0.000987887,122028,6,988.193994
1781141396.297935,0.001006856,124924,6,992.586825
1781141396.298903,0.001001328,126372,6,1009.635204
1781141396.299814,0.001000352,97346,5,778.493970
1781141396.300806,0.000994535,124924,6,1004.883689
1781141396.301826,0.001004276,114722,5,913.868299
1781141396.302849,0.001005026,127820,6,1017.446315
1781141396.303811,0.001000612,123476,6,987.203831
1781141396.304837,0.001004141,100242,5,798.628878
1781141396.305843,0.000983161,123476,6,1004.726591
1781141396.306832,0.001000521,124924,6,998.871588
1781141396.307911,0.001010040,124924,6,989.457843
1781141396.308857,0.001001884,123476,6,985.950469
1781141396.309889,0.000987642,98794,5,800.241383
1781141396.313607,0.001002273,117618,5,938.810085
1781141396.313655,0.001009623,126372,6,1001.340104
1781141396.313675,0.000989761,123476,6,998.026796
1781141396.313853,0.000998366,97346,5,780.042590
1781141396.314925,0.001001582,126372,6,1009.379162
1781141396.315910,0.000998264,122028,6,977.921672
1781141396.317379,0.001005364,126372,6,1005.582058
1781141396.317983,0.000995417,97346,5,782.353526
1781141396.320438,0.001002184,124924,6,997.214084
1781141396.320610,0.001002507,114722,5,915.480889
1781141396.320936,0.001002834,126372,6,1008.118991
1781141396.321955,0.000999662,126372,6,1011.317825
1781141396.323014,0.000998612,97346,5,779.850432
1781141396.323977,0.001005730,124924,6,993.698110
1781141396.324961,0.000998734,126372,6,1012.257518
1781141396.325988,0.000989066,122028,6,987.016033
1781141396.327018,0.001011221,124924,6,988.302260
1781141396.327808,0.000989203,98794,5,798.978572
1781141396.328803,0.001006234,119066,5,946.626729
1781141396.329816,0.000993550,126372,6,1017.539127
1781141396.330898,0.001008244,119132,6,945.263250
1781141396.331838,0.000993230,101690,5,819.065071
1781141396.333143,0.001012455,122028,6,964.214706
1781141396.333820,0.000986622,126372,6,1024.684226
1781141396.334892,0.001008723,124924,6,990.749690
1781141396.335827,0.000991437,97346,5,785.494187
1781141396.336820,0.001005888,124924,6,993.542025
1781141396.338263,0.001007729,116170,5,922.232068
1781141396.338821,0.000987767,124924,6,1011.768970
1781141396.339814,0.001002853,123476,6,984.997801
1781141396.340814,0.001007054,98794,5,784.815909
1781141396.341941,0.000996872,127820,6,1025.768604
1781141396.342959,0.001002520,122028,6,973.770099
1781141396.343821,0.000988242,124924,6,1011.282662
1781141396.344809,0.001009214,98794,5,783.136183
1781141396.345832,0.000999750,124924,6,999.641910
1781141396.346838,0.000991321,116170,5,937.496532
1781141396.347995,0.001000166,123476,6,987.644051
1781141396.348969,0.001007643,129268,6,1026.299989
1781141396.349955,0.000993883,120580,6,970.577020
1781141396.351043,0.001013847,101690,5,802.409042
1781141396.351910,0.000984597,122028,6,991.496013
1781141396.352815,0.001002728,124924,6,996.673076
1781141396.353853,0.001005979,124924,6,993.452150
1781141396.354869,0.000991675,98794,5,796.986916
1781141396.355966,0.001005819,117618,5,935.500324
1781141396.356811,0.000994116,124924,6,1005.307228
1781141396.357821,0.001010768,124924,6,988.745192
1781141396.358831,0.000988688,95898,5,775.961679
1781141396.359823,0.001002616,124924,6,996.784412
1781141396.360806,0.000999091,126372,6,1011.895813
1781141396.361876,0.001004615,123476,6,983.270208
1781141396.362868,0.001004516,98794,5,786.798817
1781141396.363840,0.000997384,124924,6,1002.013267
1781141396.364826,0.000995995,117618,5,944.727634
1781141396.365810,0.000996087,123476,6,991.688477
1781141396.366848,0.001004946,123476,6,982.946347
1781141396.368146,0.001006290,100242,5,796.923352
1781141396.368824,0.000999261,126372,6,1011.723664
1781141396.370042,0.000997123,123476,6,990.658123
1781141396.371133,0.001004711,123476,6,983.176257
1781141396.372152,0.000997680,98794,5,792.189881
1781141396.373024,0.001003058,95898,5,764.845104
1781141396.373996,0.000990905,119066,5,961.270758
1781141396.375121,0.001003208,123476,6,984.649245
1781141396.375811,0.000995784,126372,6,1015.256321
1781141396.376884,0.000997470,123476,6,990.313493
1781141396.377934,0.001007478,98794,5,784.485617
1781141396.379096,0.001004190,124924,6,995.222020
1781141396.380108,0.000987112,122028,6,988.969843
1781141396.381008,0.001010514,124924,6,988.993720
1781141396.382035,0.000997318,98794,5,792.477424
1781141396.382884,0.001003322,124924,6,996.083012
1781141396.383881,0.000989971,116170,5,938.774974
1781141396.385857,0.001000502,126372,6,1010.468745
1781141396.386032,0.001007780,122028,6,968.687610
1781141396.387418,0.000993744,98794,5,795.327569
1781141396.388308,0.000997804,127820,6,1024.810484
1781141396.389129,0.001000859,122028,6,975.386143
1781141396.390038,0.001002623,124924,6,996.777453
1781141396.391223,0.000996087,98794,5,793.456796
1781141396.391979,0.001008797,117618,5,932.738698
1781141396.392991,0.001003477,123476,6,984.385292
1781141396.393954,0.000989716,127820,6,1033.185277
1781141396.395016,0.001012559,120580,6,952.675350
1781141396.396091,0.000991470,101690,5,820.519027
1781141396.397074,0.000994367,123476,6,993.403844
1781141396.398112,0.001000334,124924,6,999.058315
1781141396.399120,0.001002403,123476,6,985.439988
1781141396.399966,0.000998731,98794,5,791.356231
1781141396.401160,0.000998621,123410,5,988.643339
1781141396.402066,0.000999581,122028,6,976.633209
1781141396.403059,0.001008095,119132,6,945.402963
1781141396.403990,0.000992394,126372,6,1018.724418
1781141396.405010,0.001012086,101690,5,803.805210
1781141396.406051,0.000988615,120580,6,975.748901
1781141396.407075,0.001004122,126372,6,1006.825864
1781141396.408084,0.000995381,123476,6,992.391858
1781141396.409011,0.001013577,98794,5,779.765129
1781141396.409965,0.000986473,117618,5,953.846684
1781141396.410852,0.000999893,119066,5,952.629931
1781141396.411827,0.001005924,123476,6,981.990687
1781141396.413095,0.000993428,123476,6,994.342821
1781141396.413906,0.001003541,98794,5,787.563239
1781141396.414851,0.001008454,124924,6,991.013968
1781141396.415835,0.001000579,126372,6,1010.390984
1781141396.416821,0.000987784,122028,6,988.297037
1781141396.417826,0.000999696,98794,5,790.592340
1781141396.418846,0.001002512,124924,6,996.887818
1781141396.419832,0.001005878,116170,5,923.929144
1781141396.420824,0.000993818,127820,6,1028.920788
1781141396.421832,0.000997917,120580,6,966.653539
1781141396.422859,0.001012416,126372,6,998.577660
1781141396.423850,0.000994919,98794,5,794.388287
1781141396.424879,0.001002130,126372,6,1008.827198
1781141396.425815,0.000991267,122028,6,984.824472
1781141396.426865,0.001002799,124924,6,996.602510
1781141396.427862,0.000997004,98794,5,792.727010
1781141396.428808,0.001004452,117618,5,936.773484
1781141396.429811,0.000998724,122028,6,977.471253
1781141396.430842,0.000999816,126372,6,1011.162054
1781141396.431805,0.000996709,124924,6,1002.691859
1781141396.432808,0.001000091,98794,5,790.280085
1781141396.433813,0.000999792,124924,6,999.599917
1781141396.434871,0.001012263,126372,6,998.728591
1781141396.435810,0.000989883,95898,5,775.024927
1781141396.436799,0.000998621,124924,6,1000.772065
1781141396.437800,0.000999795,117618,5,941.136933
1781141396.438925,0.001000506,124924,6,998.886563
1781141396.439816,0.001002820,126372,6,1008.133065
1781141396.440820,0.001002498,97346,5,776.827485
1781141396.441951,0.000993949,122028,6,982.167093
1781141396.442951,0.001000415,126372,6,1010.556619
1781141396.443878,0.001006297,124924,6,993.138209
1781141396.444898,0.001002658,97346,5,776.703522
1781141396.445904,0.000990295,97346,5,786.400012
1781141396.446894,0.001012117,117618,5,929.679079
1781141396.448009,0.000988289,124924,6,1011.234568
1781141396.448857,0.000999313,124924,6,1000.079054
1781141396.449862,0.001004307,123476,6,983.571756
1781141396.450828,0.000998432,98794,5,791.593218
1781141396.451803,0.001004152,124924,6,995.259682
1781141396.452835,0.000993622,126372,6,1017.465394
1781141396.453842,0.001004801,122028,6,971.559543
1781141396.454821,0.000996636,98794,5,793.019718
1781141396.455817,0.000999047,116170,5,930.246525
1781141396.456814,0.001005758,124924,6,993.670446
1781141396.457815,0.000994396,124924,6,1005.024155
1781141396.458827,0.000999207,123476,6,988.591953
1781141396.459994,0.001013281,98794,5,779.992914
1781141396.460848,0.000990798,124924,6,1008.673816
1781141396.461864,0.000995552,124924,6,1003.857157
1781141396.462826,0.001000124,124924,6,999.268091
1781141396.463938,0.001000997,98794,5,789.564804
1781141396.464838,0.000998501,117618,5,942.356593
1781141396.466055,0.001004062,122028,6,972.274620
1781141396.467298,0.001008945,126372,6,1002.012994
1781141396.468008,0.000987754,123476,6,1000.054669
1781141396.468833,0.001014743,101690,5,801.700529
1781141396.469928,0.000996625,124924,6,1002.776370
1781141396.470925,0.000997727,124924,6,1001.668793
1781141396.471916,0.001003163,124924,6,996.240890
1781141396.472803,0.000993409,95898,5,772.274058
1781141396.473825,0.001000598,124924,6,998.794721
1781141396.475039,0.000994095,116170,5,934.880469
1781141396.475942,0.000998743,126372,6,1012.248396
1781141396.476854,0.001002185,97346,5,777.070102
1781141396.477796,0.000998716,124924,6,1000.676869
1781141396.478817,0.001006849,124924,6,992.593726
1781141396.479803,0.000998841,124924,6,1000.551639
1781141396.480899,0.000994185,123476,6,993.585701
1781141396.481872,0.000999974,98794,5,790.372550
1781141396.482818,0.001003898,124924,6,995.511496
1781141396.484127,0.001008249,117618,5,933.245657
1781141396.484852,0.000997495,122028,6,978.675582
1781141396.485974,0.000991223,127820,6,1031.614480
1781141396.487003,0.001003931,95898,5,764.180008
1781141396.487945,0.000994894,126372,6,1016.164536
1781141396.488819,0.001010957,123476,6,977.101895
1781141396.489892,0.000990433,124924,6,1009.045539
1781141396.491086,0.001002055,98794,5,788.731157
1781141396.491984,0.000996359,124924,6,1003.044084
1781141396.492963,0.000999863,116170,5,929.487340
1781141396.494019,0.001007170,124924,6,992.277371
1781141396.495348,0.001002450,126372,6,1008.505162
1781141396.496293,0.000999984,98794,5,790.364646
1781141396.497044,0.001000234,123476,6,987.576907
1781141396.498038,0.001001989,123476,6,985.847150
1781141396.499209,0.000997662,124924,6,1001.734054
1781141396.499935,0.000990732,98794,5,797.745505
1781141396.500914,0.001000119,119066,5,952.414663
1781141396.501954,0.001013828,124924,6,985.760898
1781141396.502841,0.000996719,122028,6,979.437535
1781141396.503833,0.001001486,127820,6,1021.042731
1781141396.504839,0.000995074,97346,5,782.623202
1781141396.505880,0.000992857,123476,6,994.914676
1781141396.506826,0.001000589,126372,6,1010.380886
1781141396.507821,0.001008344,122028,6,968.145792
1781141396.508893,0.000995745,124924,6,1003.662584
1781141396.509822,0.001001740,98794,5,788.979176
1781141396.510829,0.001002679,116170,5,926.876897
1781141396.511828,0.001003794,127820,6,1018.695071
1781141396.512838,0.001000140,123476,6,987.669726
1781141396.513818,0.000992175,95898,5,773.234560
1781141396.514853,0.001006035,126372,6,1004.911360
1781141396.515827,0.000992793,126372,6,1018.314996
1781141396.516836,0.000998495,122028,6,977.695432
1781141396.517851,0.001001683,98794,5,789.024072
1781141396.518848,0.000996023,124924,6,1003.382452
1781141396.519840,0.001005644,117618,5,935.663117
1781141396.520846,0.001003540,122028,6,972.780358
1781141396.521981,0.001003449,126372,6,1007.501129
1781141396.522871,0.000997256,123476,6,990.526003
1781141396.523843,0.000996863,98794,5,792.839136
1781141396.524820,0.001005561,126372,6,1005.385054
1781141396.525954,0.000987569,124924,6,1011.971822
1781141396.527119,0.001000167,123476,6,987.643064
1781141396.527839,0.001005684,98794,5,785.885029
1781141396.528883,0.000994289,119066,5,957.999133
1781141396.529832,0.001001938,122028,6,974.335737
1781141396.530877,0.000998377,124924,6,1001.016650
1781141396.531837,0.001009769,97346,5,771.233817
1781141396.532820,0.001000375,124924,6,999.017368
1781141396.534170,0.001001629,126372,6,1009.331799
1781141396.534889,0.000997389,126372,6,1013.622569
1781141396.535839,0.000995512,122028,6,980.625045
1781141396.536888,0.000995259,98794,5,794.116908
1781141396.537915,0.001009674,124924,6,989.816515
1781141396.539018,0.000991808,119066,5,960.395560
1781141396.540614,0.001009136,122028,6,967.385962
1781141396.541556,0.000989708,98794,5,798.570892
1781141396.543775,0.001006632,124924,6,992.807699
1781141396.543828,0.001001296,124924,6,998.098464
1781141396.543851,0.000991350,126372,6,1019.797246
1781141396.544951,0.001008796,95898,5,760.494689
1781141396.545904,0.000994494,124924,6,1004.925118
1781141396.546999,0.000996921,116170,5,932.230337
1781141396.548028,0.001001490,126372,6,1009.471887
1781141396.548837,0.001003654,97346,5,775.932742
1781141396.552995,0.000994486,126240,4,1015.519575
1781141396.553037,0.001001486,133612,6,1067.309977
1781141396.553061,0.000999615,0,0,0.000000
1781141396.553085,0.001004649,0,0,0.000000
1781141396.557036,0.000996570,87078,3,699.021644
1781141396.557188,0.001006847,100110,3,795.433666
1781141396.557268,0.000993362,119000,4,958.361604
1781141396.557328,0.001000817,121962,5,974.899507
1781141396.557818,0.001004550,123476,6,983.333831
1781141396.559254,0.000995597,97280,4,781.681745
1781141396.560105,0.000996303,124858,5,1002.570503
1781141396.560918,0.001000854,119066,5,951.715235
1781141396.561835,0.001009337,130716,6,1036.054360
1781141396.562838,0.000989963,117618,5,950.484008
1781141396.563808,0.001008746,95832,4,760.008962
1781141396.564841,0.000997621,127820,6,1024.998471
1781141396.565830,0.000993894,122028,6,982.221444
1781141396.566839,0.001000407,126372,6,1010.564700
1781141396.567925,0.001000431,97346,5,778.432496
1781141396.569003,0.001005298,98794,5,786.186782
1781141396.569892,0.000997497,119066,5,954.918160
1781141396.570843,0.000998330,97346,5,780.070718
1781141396.571842,0.001009476,95766,3,758.936319
1781141396.572844,0.000990791,100176,4,808.856762
1781141396.573827,0.001000656,116170,5,928.750740
1781141396.574828,0.001005598,124924,6,993.828548
1781141396.575839,0.001002532,95832,4,764.719730
1781141396.576828,0.001001386,121896,4,973.818288
1781141396.577888,0.000988782,120580,6,975.584102
1781141396.578846,0.001000089,107482,5,859.779480
1781141396.579849,0.001000748,87144,4,696.630920
1781141396.580856,0.000998996,155266,5,1243.376350
1781141396.581822,0.001001083,123476,6,986.739361
1781141396.582850,0.000997875,68254,3,547.194789
1781141396.583836,0.001012102,119066,5,941.138344
1781141396.584915,0.000987396,127820,6,1035.612865
1781141396.585819,0.001004592,92870,3,739.563922
1781141396.586825,0.001009388,124858,5,989.573880
1781141396.588473,0.000996996,91488,4,734.109264
1781141396.589229,0.000989125,124792,4,1009.312271
1781141396.589819,0.001000787,123344,4,985.976037
1781141396.592343,0.000999993,92870,3,742.965201
1781141396.592389,0.000999450,120514,5,964.642553
1781141396.593572,0.001010236,133612,6,1058.065640
1781141396.593807,0.000999124,88526,3,708.828934
1781141396.595400,0.000998416,126240,4,1011.522251
1781141396.596492,0.000997400,90040,4,722.197714
1781141396.597036,0.000995169,132098,5,1061.914107
1781141396.597809,0.001006476,119066,5,946.399119
1781141396.598853,0.000999068,122028,6,977.134690
1781141396.601966,0.001003856,127820,6,1018.632154
1781141396.602037,0.001000156,95898,5,767.064338
1781141396.602057,0.001000754,123476,6,987.063754
1781141396.602952,0.000989937,126372,6,1021.252868
1781141396.605196,0.001004481,124924,6,994.933702
1781141396.605357,0.000995314,97346,5,782.434488
1781141396.606000,0.001011573,88592,4,700.627636
1781141396.607019,0.001000948,136376,4,1089.974704
1781141396.608126,0.000987538,124792,4,1010.934263
1781141396.608908,0.001012129,117552,4,929.146384
1781141396.609913,0.000987763,120580,6,976.590538
1781141396.610848,0.001000394,124924,6,998.998395
1781141396.612615,0.000999867,124924,6,999.524937
1781141396.613034,0.001015348,98794,5,778.405039
1781141396.613837,0.000987053,124924,6,1012.500848
1781141396.614858,0.000997094,120514,5,966.921875
1781141396.615819,0.001001383,95898,5,766.124450
1781141396.616852,0.001014443,126240,4,995.541396
1781141396.617850,0.000985040,122028,6,991.050110
1781141396.618886,0.001012392,124924,6,987.159124
1781141396.619919,0.000986899,123476,6,1000.921067
1781141396.620813,0.001009455,126372,6,1001.506754
1781141396.621836,0.000992624,97346,5,784.554877
1781141396.623111,0.001000543,119066,5,952.011058
1781141396.623970,0.000997509,123476,6,990.274774
1781141396.625480,0.001000598,126372,6,1010.371798
1781141396.626026,0.001009269,124924,6,990.213709
1781141396.627733,0.000992268,95898,5,773.162089
1781141396.627844,0.001000036,124924,6,999.356023
1781141396.628841,0.001008049,124924,6,991.412124
1781141396.629832,0.000998850,126372,6,1012.139961
1781141396.630831,0.000990842,95898,5,774.274809
1781141396.631816,0.001000621,124924,6,998.771763
1781141396.632827,0.001012903,119066,5,940.394095
1781141396.633822,0.000998506,120580,6,966.083328
1781141396.634822,0.000987859,126372,6,1023.401113
1781141396.635840,0.001000186,98794,5,790.205022
1781141396.636819,0.001000256,123476,6,987.555186
1781141396.637846,0.001011018,124924,6,988.500699
1781141396.638876,0.000988734,126372,6,1022.495434
1781141396.639897,0.001000834,97346,5,778.119049
1781141396.640816,0.001003086,92936,4,741.200655
1781141396.642087,0.001011466,122028,6,965.157504
1781141396.643313,0.000990009,124924,6,1009.477692
1781141396.643847,0.001010088,129268,6,1023.815747
1781141396.644964,0.000999047,119132,6,953.965129
1781141396.645945,0.000987797,98794,5,800.115813
1781141396.647424,0.000999108,124924,6,1000.284254
1781141396.647846,0.000998541,124924,6,1000.852243
1781141396.648809,0.000999838,98794,5,790.480058
1781141396.649936,0.001000441,124924,6,998.951462
1781141396.651357,0.000999909,127754,5,1022.125013
1781141396.651961,0.001000394,114722,5,917.414539
1781141396.652950,0.000999429,123476,6,988.372361
1781141396.654190,0.001014881,124924,6,984.738112
1781141396.655234,0.000989431,98794,5,798.794459
1781141396.655941,0.001007818,124924,6,991.639363
1781141396.657118,0.000988290,117618,5,952.093009
1781141396.658054,0.001001287,124924,6,998.107436
1781141396.659299,0.001012993,122028,6,963.702612
1781141396.659931,0.000995599,100242,5,805.480922
1781141396.661379,0.001001463,123476,6,986.364948
1781141396.662030,0.000988261,124924,6,1011.263219
1781141396.664167,0.000999875,124924,6,999.516940
1781141396.664213,0.001002487,98794,5,788.391271
1781141396.664883,0.001001803,117618,5,939.250531
1781141396.665918,0.001000799,124924,6,998.594123
1781141396.666912,0.000994935,123476,6,992.836718
1781141396.667897,0.000999972,97346,5,778.789806
1781141396.668896,0.001012906,126372,6,998.094591
1781141396.670018,0.000999462,123476,6,988.339727
1781141396.671117,0.000988800,126372,6,1022.427184
1781141396.671959,0.000999662,124924,6,999.729909
1781141396.673146,0.001011514,97346,5,769.903333
1781141396.674201,0.000987618,119066,5,964.470068
1781141396.675238,0.001014718,123476,6,973.480317
1781141396.676256,0.000992495,124924,6,1006.949153
1781141396.677277,0.000993516,97346,5,783.850487
1781141396.678056,0.001000271,126372,6,1010.702100
1781141396.679147,0.001012778,122028,6,963.907194
1781141396.680032,0.000990683,126372,6,1020.483848
1781141396.681035,0.000996773,97346,5,781.289220
1781141396.682101,0.001011636,124924,6,987.896832
1781141396.682947,0.000987422,116170,5,941.198393
1781141396.684061,0.001013668,126372,6,997.344298
1781141396.684909,0.000986405,122028,6,989.678682
1781141396.685895,0.001001693,126372,6,1009.267310
1781141396.687085,0.001011234,97346,5,770.116511
1781141396.688153,0.000992153,124924,6,1007.296254
1781141396.689157,0.001005205,126372,6,1005.741117
1781141396.689851,0.001001823,126372,6,1009.136344
1781141396.690846,0.000990870,95898,5,774.252929
1781141396.691992,0.001006875,124924,6,992.568094
1781141396.692927,0.000992958,117618,5,947.617120
1781141396.693983,0.000997269,122028,6,978.897369
1781141396.695046,0.001000015,126372,6,1010.960836
1781141396.695910,0.000999551,97500,6,780.350377
1781141396.696894,0.000999858,127820,6,1022.705224
1781141396.697899,0.001009774,123476,6,978.246618
1781141396.698832,0.000990371,124924,6,1009.108708
1781141396.699837,0.001012931,97346,5,768.826307
1781141396.700803,0.000986596,116170,5,941.986386
1781141396.701850,0.000999891,124924,6,999.500946
1781141396.702958,0.001011730,127820,6,1010.704437
1781141396.703967,0.000997536,123476,6,990.247971
1781141396.704909,0.000991718,98794,5,796.952359
1781141396.705913,0.001011812,122028,6,964.827458
1781141396.706954,0.000993200,127820,6,1029.561015
1781141396.707899,0.001003163,95898,5,764.765048
1781141396.708936,0.000991174,124924,6,1008.291178
1781141396.709870,0.001000093,119066,5,952.439423
1781141396.710942,0.001000235,123476,6,987.575920
1781141396.711895,0.001014444,122028,6,962.324189
1781141396.712877,0.000992511,124924,6,1006.932921
1781141396.714208,0.001005930,98794,5,785.692841
1781141396.716092,0.000990815,124924,6,1008.656510
1781141396.716199,0.001000948,127820,6,1021.591531
1781141396.717260,0.001004127,124924,6,995.284461
1781141396.717970,0.001003519,95898,5,764.493747
1781141396.718997,0.000987518,124924,6,1012.024085
1781141396.719956,0.001005881,114722,5,912.410116
1781141396.720996,0.000994583,126372,6,1016.482285
1781141396.722067,0.001003779,124924,6,995.629516
1781141396.723156,0.001009906,124978,7,990.016893
1781141396.724163,0.000987864,98794,5,800.061547
1781141396.725470,0.001010386,124924,6,989.119010
1781141396.726415,0.000988964,34884,2,282.186207
1781141396.727007,0.001005935,37714,1,299.931904
1781141396.727974,0.001007981,125010,5,992.161559
1781141396.728921,0.000984463,100110,3,813.519655
1781141396.729966,0.001010330,145196,6,1149.691685
1781141396.730953,0.000990334,94450,5,762.974916
1781141396.732339,0.001008724,124924,6,990.748708
1781141396.732810,0.001002066,123476,6,985.771396
1781141396.733811,0.000990532,127820,6,1032.334140
1781141396.735064,0.001009322,95832,4,759.575240
1781141396.736466,0.001000420,124858,5,998.444653
1781141396.736896,0.000998880,124924,6,1000.512574
1781141396.737877,0.000999342,117618,5,941.563549
1781141396.739027,0.000990583,124858,5,1008.359724
1781141396.739918,0.001005808,124924,6,993.621049
1781141396.740916,0.000994582,97346,5,783.010350
1781141396.742120,0.001011636,117618,5,930.121111
1781141396.743018,0.000988250,120514,5,975.575006
1781141396.743983,0.001005808,120580,6,959.069723
1781141396.744814,0.000994325,124924,6,1005.095919
1781141396.745937,0.001000365,98794,5,790.063627
1781141396.746837,0.000998984,124924,6,1000.408415
1781141396.749386,0.001010526,123410,5,976.996139
1781141396.749437,0.001001989,126372,6,1008.969160
1781141396.749894,0.000987499,97346,5,788.626621
1781141396.750971,0.001007624,124924,6,991.830286
1781141396.752005,0.000993241,117618,5,947.347119
1781141396.753184,0.001000264,124924,6,999.128230
1781141396.754304,0.001003688,123476,6,984.178350
1781141396.754972,0.000995767,98794,5,793.711782
1781141396.755886,0.001010760,123476,6,977.292334
1781141396.759147,0.000989115,126372,6,1022.101576
1781141396.759316,0.001006067,126372,6,1004.879397
1781141396.759397,0.000993438,95898,5,772.251514
1781141396.760250,0.001014095,124924,6,985.501358
1781141396.766301,0.000995084,116170,5,933.951305
1781141396.766540,0.000995793,124924,6,1003.614205
1781141396.766638,0.001004116,100242,5,798.648762
1781141396.766700,0.000991169,122028,6,984.921845
1781141396.767218,0.001009753,124924,6,989.739075
1781141396.767303,0.000990488,126372,6,1020.684753
1781141396.767445,0.001000393,97346,5,778.462064
1781141396.768062,0.001002298,124924,6,997.100663
1781141396.769160,0.000996771,124924,6,1002.629491
1781141396.770010,0.001000554,116170,5,928.845420
1781141396.771187,0.001011771,127820,6,1010.663480
1781141396.771935,0.000987592,123476,6,1000.218714
1781141396.772949,0.001010732,98794,5,781.960005
1781141396.773886,0.000989845,122028,6,986.239260
1781141396.775032,0.001006283,126372,6,1004.663698
1781141396.775957,0.000993820,126372,6,1017.262683
1781141396.777209,0.001009561,95832,4,759.395420
1781141396.777898,0.000994255,124924,6,1005.166683
1781141396.778918,0.001007035,117618,5,934.370702
1781141396.779864,0.000988806,122028,6,987.275563
1781141396.780816,0.001000803,124924,6,998.590132
1781141396.781994,0.000999121,101690,5,814.235713
1781141396.782850,0.001009233,122028,6,967.292984
1781141396.784864,0.000996695,124924,6,1002.705943
1781141396.785058,0.000995954,124924,6,1003.451967
1781141396.786078,0.001003596,124924,6,995.811063
1781141396.787206,0.000996263,98848,6,793.750245
1781141396.787820,0.001006745,114722,5,911.627075
1781141396.788960,0.001006707,126372,6,1004.240559
1781141396.789844,0.000985281,124924,6,1014.321803
1781141396.790946,0.001000125,98794,5,790.253218
1781141396.791883,0.001008767,123476,6,979.223151
1781141396.792848,0.000993487,126372,6,1017.603653
1781141396.793868,0.001004336,123476,6,983.543356
1781141396.795398,0.000992825,98794,5,796.063757
1781141396.795909,0.001011486,124924,6,988.043334
1781141396.796948,0.000988351,117618,5,952.034247
1781141396.798101,0.001001031,126372,6,1009.934757
1781141396.798989,0.000998844,95898,5,768.071891
1781141396.800057,0.001003144,123476,6,984.712065
1781141396.800987,0.001006516,126372,6,1004.431127
1781141396.801849,0.000990547,126372,6,1020.623958
1781141396.803060,0.001009589,122028,6,966.951898
1781141396.803804,0.000994880,124924,6,1004.535220
1781141396.804813,0.001006981,98794,5,784.872803
1781141396.805825,0.000988732,114722,5,928.235356
1781141396.807304,0.001015936,127820,6,1006.520096
1781141396.807866,0.000988605,122028,6,987.476292
1781141396.808889,0.001000698,126372,6,1010.270831
1781141396.810065,0.001001374,100242,5,800.835652
1781141396.811094,0.000994362,123476,6,993.408839
1781141396.813226,0.001012132,123476,6,975.967562
1781141396.813370,0.000986886,98794,5,800.854405
1781141396.814368,0.001010215,124924,6,989.286439
1781141396.814826,0.000996324,117618,5,944.415672
1781141396.815820,0.001000149,126372,6,1010.825387
1781141396.816886,0.000995649,122028,6,980.490112
1781141396.817863,0.000996955,97346,5,781.146591
1781141396.818923,0.001015046,124924,6,984.578039
1781141396.819846,0.000986450,124924,6,1013.119773
1781141396.820848,0.000998856,98794,5,791.257198
1781141396.821891,0.001011636,129136,4,1021.205256
1781141396.822995,0.000988256,122028,6,987.825017
1781141396.823948,0.000999791,126372,6,1011.187338
1781141396.824973,0.001000289,126372,6,1010.683912
1781141396.825942,0.001010226,95898,5,759.418190
1781141396.826848,0.001001651,124924,6,997.744723
1781141396.827842,0.001002174,119066,5,950.461696
1781141396.828917,0.000995194,123476,6,992.578331
1781141396.830141,0.000992083,123476,6,995.690885
1781141396.830925,0.000999060,97346,5,779.500731
1781141396.831816,0.001005998,126372,6,1004.948320
1781141396.832848,0.001007417,126372,6,1003.532797
1781141396.833888,0.000994476,123476,6,993.294961
1781141396.836052,0.000996492,97346,5,781.509535
1781141396.836246,0.001008575,124924,6,990.895075
1781141396.837035,0.000992217,120514,5,971.674543
1781141396.837942,0.000998768,119132,6,954.231613
1781141396.838832,0.000995997,127820,6,1026.669759
1781141396.839884,0.000999645,95898,5,767.456447
1781141396.840816,0.001013064,124924,6,986.504308
1781141396.841964,0.000988537,124924,6,1010.980874
1781141396.843222,0.001004461,126372,6,1006.486066
1781141396.843976,0.000999478,97346,5,779.174729
1781141396.844952,0.000996088,124924,6,1003.316976
1781141396.846004,0.001007117,117618,5,934.294625
1781141396.846986,0.000991394,123476,6,996.382871
1781141396.847933,0.000999710,124924,6,999.681908
1781141396.848952,0.001011585,98794,5,781.300632
1781141396.849936,0.000992733,124924,6,1006.707745
1781141396.851072,0.001006754,124924,6,992.687389
1781141396.851911,0.000989588,123476,6,998.201272
1781141396.852953,0.000999875,98794,5,790.450806
1781141396.853904,0.001012083,124924,6,987.460515
1781141396.855148,0.000993095,117618,5,947.486394
1781141396.855939,0.000994537,122028,6,981.586407
1781141396.856940,0.001000416,124924,6,998.976426
1781141396.857834,0.000999392,127820,6,1023.182095
1781141396.862119,0.001008385,95898,5,760.804653
1781141396.862275,0.001003813,124924,6,995.595793
1781141396.862401,0.001001476,126372,6,1009.485999
1781141396.862499,0.000988150,97346,5,788.107069
1781141396.862836,0.001006890,124924,6,992.553308
1781141396.863821,0.000996849,124924,6,1002.551038
1781141396.864808,0.001005153,119066,5,947.644786
1781141396.865896,0.000999061,122028,6,977.141536
1781141396.866848,0.000991008,124924,6,1008.460073
1781141396.867830,0.001003156,97346,5,776.317941
1781141396.868805,0.001001223,124924,6,998.171237
1781141396.869825,0.001004786,62462,3,497.315846
1781141396.870816,0.000990023,98662,3,797.250165
1781141396.871809,0.001003264,124792,4,995.088033
1781141396.872834,0.001008715,116170,5,921.330604
1781141396.873815,0.000991036,129268,6,1043.497915
1781141396.874835,0.000997286,122028,6,978.880682
1781141396.875821,0.001000152,95898,5,767.067406
1781141396.876820,0.001008407,126372,6,1002.547582
1781141396.877814,0.000991277,123476,6,996.500474
1781141396.879020,0.001014003,126372,6,997.014802
1781141396.879952,0.000989580,97346,5,786.968209
1781141396.880837,0.001009941,124924,6,989.554835
1781141396.881850,0.001000007,117618,5,940.937413
1781141396.883018,0.000992842,122028,6,983.262191
1781141396.883841,0.001005522,126372,6,1005.424048
1781141396.884831,0.000999398,123476,6,988.403019
1781141396.885831,0.000998273,100242,5,803.323339
1781141396.887060,0.001000123,124924,6,999.269090
1781141396.887816,0.000990388,124924,6,1009.091386
1781141396.888802,0.001000004,97346,5,778.764885
1781141396.889854,0.001002793,124924,6,996.608473
1781141396.890849,0.001001252,116170,5,928.197896
1781141396.891821,0.000997455,127820,6,1025.169055
1781141396.892869,0.001004268,122028,6,972.075183
1781141396.893814,0.000994200,97346,5,783.311205
1781141396.894833,0.001000307,124924,6,999.085281
1781141396.895870,0.001003139,124924,6,996.264725
1781141396.896828,0.000999322,127820,6,1023.253766
1781141396.898127,0.001010405,95898,5,759.283654
1781141396.899570,0.001001810,124924,6,997.586369
1781141396.899943,0.000995563,124924,6,1003.846065
1781141396.901126,0.000992062,124858,5,1006.856426
1781141396.901965,0.001000944,116170,5,928.483512
1781141396.904841,0.001006022,97346,5,774.106332
1781141396.904960,0.000990143,98662,3,797.153542
1781141396.905066,0.001009327,153818,5,1219.172776
1781141396.906198,0.001002548,95898,5,765.234183
1781141396.906993,0.000988230,124924,6,1011.294941
1781141396.907938,0.001000859,116170,5,928.562365
1781141396.908906,0.001004928,129268,6,1029.072730
1781141396.909935,0.001000598,122028,6,975.640567
1781141396.910830,0.000994174,98794,5,794.983574
1781141396.911826,0.001006878,122028,6,969.555398
1781141396.912824,0.001000210,126372,6,1010.763740
1781141396.913829,0.001003587,126372,6,1007.362590
1781141396.914830,0.001002270,123476,6,985.570754
1781141396.915914,0.000994632,97346,5,782.970988
1781141396.916819,0.000998990,119066,5,953.491026
1781141396.917870,0.001004375,123476,6,983.505165
1781141396.918816,0.000992167,126372,6,1018.957494
1781141396.919817,0.000999313,95898,5,767.711418
1781141396.920816,0.001003582,124924,6,995.824955
1781141396.921824,0.000998842,124924,6,1000.550638
1781141396.922837,0.000994907,126372,6,1016.151258
1781141396.923847,0.001005119,95898,5,763.276786
1781141396.924800,0.000995958,124924,6,1003.447937
1781141396.925901,0.000999285,117618,5,941.617256
1781141396.926843,0.001000112,124924,6,999.280081
1781141396.927827,0.001009169,126372,6,1001.790582
1781141396.928802,0.000993512,95898,5,772.193995
1781141396.930057,0.000996774,123476,6,991.004982
1781141396.930918,0.001013098,127820,6,1009.339669
1781141396.931954,0.000990729,124924,6,1008.744066
1781141396.932945,0.000997762,95898,5,768.904809
1781141396.933930,0.000998544,124924,6,1000.849236
1781141396.935103,0.001004703,114722,5,913.479904
1781141396.935935,0.001005076,126372,6,1005.870203
1781141396.936936,0.000996788,123476,6,990.991063
1781141396.937984,0.001004953,100242,5,797.983587
1781141396.938958,0.000998585,124924,6,1000.808144
1781141396.939990,0.000996954,126372,6,1014.064842
1781141396.940814,0.000997798,122028,6,978.378389
1781141396.941809,0.000995650,126372,6,1015.392959
1781141396.942867,0.001009680,97346,5,771.301799
1781141396.943801,0.000994160,117618,5,946.471393
1781141396.944808,0.001005433,124924,6,993.991643
1781141396.945835,0.000993923,126372,6,1017.157265
1781141396.946846,0.000999827,123476,6,987.978920
1781141396.947841,0.001003669,95898,5,764.379492
1781141396.948820,0.000993456,127820,6,1029.295711
1781141396.950025,0.001001122,121962,5,974.602496
1781141396.951223,0.001010436,126372,6,1000.534423
1781141396.952188,0.000994638,97346,5,782.966265
1781141396.952981,0.001008722,124924,6,990.750673
1781141396.954075,0.000994803,114722,5,922.570599
1781141396.954929,0.000994103,126372,6,1016.973090
1781141396.955932,0.001008954,126372,6,1002.004056
1781141396.956934,0.000997136,97346,5,781.004798
1781141396.957808,0.000999604,123476,6,988.199327
1781141396.958858,0.000998635,124924,6,1000.758035
1781141396.959926,0.000999368,124924,6,1000.024015
1781141396.960829,0.000995331,98794,5,794.059464
1781141396.961818,0.000996339,124924,6,1003.064218
1781141396.963457,0.001000627,116170,5,928.777656
1781141396.963915,0.001007036,126372,6,1003.912472
1781141396.964889,0.000995620,123476,6,992.153633
1781141396.965835,0.001009216,97346,5,771.656414
1781141396.966953,0.000988844,126372,6,1022.381690
1781141396.967926,0.001010508,124924,6,988.999592
1781141396.968879,0.000988063,124924,6,1011.465868
1781141396.969875,0.000999824,97346,5,778.905087
1781141396.970871,0.001012388,124924,6,987.163024
1781141396.971858,0.000988572,116170,5,940.103503
1781141396.972849,0.001011327,126372,6,999.652931
1781141396.973825,0.000994584,123476,6,993.187101
1781141396.974853,0.001001177,100242,5,800.993231
1781141396.975902,0.000997987,122028,6,978.193103
1781141396.976807,0.001007871,124924,6,991.587217
1781141396.977811,0.000986717,126372,6,1024.585570
1781141396.978950,0.001000827,97346,5,778.124491
1781141396.979827,0.001009515,119066,5,943.550121
1781141396.980809,0.000996370,114722,5,921.119664
1781141396.981811,0.000992930,126372,6,1018.174494
1781141396.982964,0.001012470,123476,6,975.641747
1781141396.983871,0.000990736,100242,5,809.434602
1781141396.984814,0.000997099,123476,6,990.681968
1781141396.985849,0.001010391,126372,6,1000.578984
1781141396.986907,0.000998470,124924,6,1000.923413
1781141396.987863,0.001000959,123476,6,986.861600
1781141396.988905,0.001001915,98794,5,788.841369
1781141396.989826,0.000988426,119066,5,963.681651
1781141396.990841,0.001000038,120580,6,964.603345
1781141396.991853,0.001000420,129268,6,1033.709842
1781141396.992863,0.001013147,95898,5,757.228714
1781141396.993800,0.000990741,124924,6,1008.731848
1781141396.994834,0.001004196,126306,5,1006.225876
1781141396.996056,0.000995539,121962,5,980.068084
1781141396.997027,0.001005072,98794,5,786.363564
1781141396.997938,0.000993045,119000,4,958.667533
1781141396.998914,0.001000156,103072,4,824.447386
1781141396.999860,0.000999106,121962,5,976.569053
1781141397.001025,0.000998224,146644,6,1175.239225
1781141397.001877,0.001002509,98794,5,788.373970
1781141397.002873,0.000997071,126372,6,1013.945847
1781141397.003833,0.001000573,124924,6,998.819676
1781141397.004852,0.000999482,122028,6,976.729946
1781141397.005824,0.001000619,98794,5,789.863075
1781141397.006849,0.001002163,124924,6,997.234981
1781141397.007997,0.000997599,117618,5,943.208644
1781141397.008920,0.001012190,124924,6,987.356129
1781141397.009876,0.000993101,124924,6,1006.334703
1781141397.010910,0.001001437,123476,6,986.390557
1781141397.011970,0.000998632,97346,5,779.834814
1781141397.012852,0.001004795,124924,6,994.622784
1781141397.013875,0.001003195,126372,6,1007.756219
1781141397.014855,0.001000601,124924,6,998.791726
1781141397.015821,0.000998147,97346,5,780.213736
1781141397.016843,0.000997228,117618,5,943.559547
1781141397.017826,0.000996402,123476,6,991.374967
1781141397.018907,0.000994776,127820,6,1027.929906
1781141397.019840,0.001007527,95898,5,761.452547
1781141397.020870,0.000992919,123476,6,994.852551
1781141397.021812,0.001000048,126372,6,1010.927475
1781141397.022900,0.000999948,126372,6,1011.028573
1781141397.023891,0.000999056,95898,5,767.908906
1781141397.024877,0.001000496,124924,6,998.896547
1781141397.025813,0.000999344,121962,5,976.336477
1781141397.026945,0.001009933,119132,6,943.682403
1781141397.027914,0.000990380,126372,6,1020.796058
1781141397.028807,0.001007070,97346,5,773.300764
1781141397.030085,0.000994692,123476,6,993.079265
1781141397.030864,0.001007371,124924,6,992.079383
1781141397.031855,0.001004016,126372,6,1006.932160
1781141397.032901,0.000986611,97346,5,789.336425
1781141397.033840,0.001006718,124924,6,992.722888
1781141397.034882,0.001003055,117618,5,938.078171
1781141397.035864,0.000991062,126372,6,1020.093597
1781141397.036855,0.001000967,123476,6,986.853712
1781141397.038009,0.001003396,123476,6,984.464758
1781141397.039022,0.001003714,97346,5,775.886358
1781141397.040035,0.000991122,127820,6,1031.719607
1781141397.040949,0.001006918,123476,6,981.021295
1781141397.042030,0.000995461,97346,5,782.318946
1781141397.043381,0.001005326,124924,6,994.097437
1781141397.045534,0.000998005,117618,5,942.824936
1781141397.046609,0.000994888,122028,6,981.240099
1781141397.046652,0.001000363,127820,6,1022.188945
1781141397.046848,0.000999661,124924,6,999.730909
1781141397.047843,0.000999763,98794,5,790.539358
1781141397.048807,0.000999541,122028,6,976.672293
1781141397.049838,0.001014552,126372,6,996.475292
1781141397.050866,0.000990510,97346,5,786.229316
1781141397.051861,0.001001191,97346,5,777.841591
1781141397.053005,0.001001706,119066,5,950.905755
1781141397.053969,0.000992581,120580,6,971.850156
1781141397.054900,0.000999442,72664,4,581.636553
1781141397.056063,0.001014936,150988,6,1190.128245
1781141397.057770,0.000992272,62462,3,503.587726
1781141397.062305,0.000995921,152370,5,1223.952502
1781141397.062538,0.000999240,108930,5,872.102798
1781141397.062650,0.001008996,114656,4,909.070006
1781141397.062793,0.000988631,52590,7,425.558171
1781141397.062871,0.001012555,103270,7,815.916172
1781141397.064045,0.000996730,126504,8,1015.352202
1781141397.064186,0.000997266,106100,6,851.126981
1781141397.064988,0.001006829,126504,8,1005.167710
1781141397.067366,0.000994165,101756,6,818.825849
1781141397.067867,0.001992508,215030,11,863.354125
1781141397.068816,0.000999981,103138,5,825.119677
1781141397.069822,0.000999787,124924,6,999.604916
1781141397.070840,0.001010708,91818,9,726.761834
1781141397.071815,0.000989976,113472,8,916.967684
1781141397.072901,0.001008486,125188,10,993.076751
1781141397.073812,0.000990697,125122,9,1010.375523
1781141397.074952,0.001001474,127952,8,1022.109411
1781141397.075890,0.001004319,107614,7,857.209711
1781141397.076809,0.001001118,124990,7,998.803338
1781141397.077834,0.001002133,123542,7,986.232366
1781141397.078839,0.001006075,126438,7,1005.396218
1781141397.079873,0.000996341,124924,6,1003.062205
1781141397.080821,0.000997222,107482,5,862.251334
1781141397.081850,0.000994030,129268,6,1040.354919
1781141397.082943,0.001007638,124924,6,991.816506
1781141397.083882,0.001001345,100242,5,800.858845
1781141397.084881,0.000988503,103138,5,834.700552
1781141397.085804,0.001001099,123476,6,986.723591
1781141397.087452,0.001001411,126372,6,1009.551523
1781141397.087907,0.001004383,97346,5,775.369555
1781141397.088811,0.001004323,124924,6,995.090225
1781141397.089832,0.001000340,117618,5,940.624188
1781141397.090865,0.000994285,126372,6,1016.786937
1781141397.091842,0.001003209,124924,6,996.195210
1781141397.092829,0.001000213,94450,5,755.439091
1781141397.093808,0.001003652,126372,6,1007.297350
1781141397.094936,0.000999722,123476,6,988.082687
1781141397.095812,0.000996322,124924,6,1003.081333
1781141397.096831,0.000998543,98794,5,791.505223
1781141397.097821,0.001004204,124924,6,995.208145
1781141397.098921,0.000991366,116170,5,937.453978
1781141397.099828,0.001008760,124924,6,990.713351
1781141397.100828,0.001002181,127820,6,1020.334650
1781141397.101805,0.000986046,95898,5,778.040781
1781141397.102827,0.001008602,124924,6,990.868549
1781141397.103832,0.001004903,123476,6,982.988408
1781141397.104830,0.000995249,124924,6,1004.162777
1781141397.105844,0.000991233,98794,5,797.342300
1781141397.106864,0.001001504,124924,6,997.891172
1781141397.107836,0.001011131,117618,5,930.585651
1781141397.109083,0.000998364,126372,6,1012.632667
1781141397.109875,0.000989296,123476,6,998.495900
1781141397.110901,0.001003087,97346,5,776.371342
1781141397.111853,0.001012440,123476,6,975.670657
1781141397.112809,0.000991962,124924,6,1007.490206
1781141397.113929,0.001005566,124924,6,993.860174
1781141397.115451,0.000995114,98794,5,794.232621
1781141397.115948,0.001003599,124924,6,995.808087
1781141397.116980,0.000988139,119066,5,963.961548
1781141397.118314,0.001004613,122028,6,971.741357
1781141397.119013,0.001004136,123476,6,983.739254
1781141397.119996,0.001005842,100242,5,797.278300
1781141397.120950,0.000986438,123476,6,1001.388835
1781141397.122016,0.001011237,126372,6,999.741900
1781141397.123064,0.001000790,123476,6,987.028248
1781141397.124076,0.000990108,98794,5,798.248272
1781141397.125021,0.000997976,124924,6,1001.418872
1781141397.126451,0.001011481,120448,4,952.646664
1781141397.126888,0.000989859,122028,6,986.225311
1781141397.127921,0.001007105,122028,6,969.336862
1781141397.128828,0.000999083,100242,6,802.672050
1781141397.129810,0.000991290,100242,5,808.982235
1781141397.131035,0.001003420,122028,6,972.896693
1781141397.132082,0.000996301,127820,6,1026.356493
1781141397.133076,0.001000646,95898,5,766.688719
1781141397.133840,0.001011108,124924,6,988.412712
1781141397.135245,0.000993340,117618,5,947.252703
1781141397.135804,0.000995416,123476,6,992.356964
1781141397.138468,0.001000477,126372,6,1010.493994
1781141397.138510,0.001002860,98794,5,788.098040
1781141397.138869,0.001006705,122028,6,969.722014
1781141397.139810,0.001000417,124924,6,998.975427
1781141397.140792,0.000989107,124924,6,1010.398268
1781141397.141895,0.001000199,124924,6,999.193161
1781141397.142834,0.001008115,98794,5,783.989922
1781141397.143806,0.000992192,117552,4,947.816552
1781141397.144794,0.001000097,124924,6,999.295068
1781141397.145795,0.001004073,124924,6,995.337988
1781141397.146844,0.001006706,98794,5,785.087205
1781141397.147824,0.000989144,124924,6,1010.360473
1781141397.148904,0.001010081,124924,6,989.417680
1781141397.149847,0.000999942,122028,6,976.280624
1781141397.150942,0.000996246,98794,5,793.330161
1781141397.152000,0.000995131,124924,6,1004.281848
1781141397.153070,0.001007203,117618,5,934.214850
1781141397.153889,0.000996034,123476,6,991.741246
1781141397.154840,0.001001746,124924,6,997.650103
1781141397.155836,0.001005032,123476,6,982.862237
1781141397.157352,0.000988972,101690,5,822.591539
1781141397.158251,0.000999752,122028,6,976.466164
1781141397.158841,0.000999817,126372,6,1011.161042
1781141397.160076,0.001001668,97346,5,777.471178
1781141397.160806,0.000999346,97346,5,779.277648
1781141397.161814,0.001001141,120514,5,963.013202
1781141397.162843,0.001003806,120580,6,960.982501
1781141397.163834,0.000999576,124924,6,999.815922
1781141397.164795,0.000993796,126372,6,1017.287250
1781141397.165802,0.001002492,98794,5,788.387339
1781141397.166991,0.000998142,124924,6,1001.252327
1781141397.168036,0.001014029,123476,6,974.141765
1781141397.168826,0.000987818,123476,6,999.989877
1781141397.169893,0.001000560,98794,5,789.909651
1781141397.170914,0.001005562,124924,6,993.864128
1781141397.171923,0.000997051,119066,5,955.345313
1781141397.172803,0.000999576,124924,6,999.815922
1781141397.173850,0.001002798,123476,6,985.051825
1781141397.174820,0.000993455,122028,6,982.655480
1781141397.175816,0.000998893,100242,5,802.824727
1781141397.176834,0.001000161,124924,6,999.231124
1781141397.177921,0.001000121,123476,6,987.688490
1781141397.178957,0.000999661,98794,5,790.620020
1781141397.179844,0.001012671,124924,6,986.887153
1781141397.180809,0.000988525,116170,5,940.148201
1781141397.181819,0.001009979,126372,6,1000.987149
1781141397.182838,0.000989621,123476,6,998.167986
1781141397.183833,0.001010410,97346,5,770.744549
1781141397.184947,0.000994359,100242,5,806.485384
1781141397.185990,0.000998413,124924,6,1000.980556
1781141397.186832,0.000996711,123476,6,991.067621
1781141397.188610,0.000999606,98728,4,790.135313
1781141397.188806,0.001000646,124924,6,998.746810
1781141397.189812,0.001008641,117618,5,932.882958
1781141397.190824,0.000999852,123476,6,987.954217
1781141397.191851,0.000992412,124924,6,1007.033369
1781141397.192993,0.000999346,97346,5,779.277648
1781141397.193947,0.001002069,126372,6,1008.888609
1781141397.194868,0.001003341,126372,6,1007.609576
1781141397.195830,0.000994442,123476,6,993.328922
1781141397.196821,0.001005094,97500,6,776.046818
1781141397.197806,0.001004320,124924,6,995.093197
1781141397.198851,0.001000023,119066,5,952.506092
1781141397.199820,0.000990451,120580,6,973.940155
1781141397.200818,0.000999541,127820,6,1023.029571
1781141397.201832,0.001008939,95898,5,760.386901
1781141397.202965,0.001000640,124924,6,998.752798
1781141397.203854,0.001004054,126372,6,1006.894052
1781141397.204816,0.000986163,124924,6,1013.414618
1781141397.205855,0.001012435,97214,3,768.159931
1781141397.206864,0.000999198,124858,5,999.665732
1781141397.207817,0.001001498,120448,4,962.142710
1781141397.208802,0.000987347,120580,6,977.002006
1781141397.209872,0.001009143,126372,6,1001.816393
1781141397.210914,0.000996922,97346,5,781.172449
1781141397.211838,0.000993602,124978,7,1006.262065
1781141397.212846,0.001000579,124924,6,998.813687
1781141397.213856,0.001005229,97280,4,774.191751
1781141397.214925,0.001006430,88744,4,705.416174
1781141397.215841,0.000987589,136376,4,1104.718663
1781141397.216810,0.001009458,119000,4,943.080346
1781141397.217842,0.001000340,120448,4,963.256493
1781141397.218925,0.000990190,124924,6,1009.293166
1781141397.219828,0.001014595,124924,6,985.015696
1781141397.220829,0.000994233,123476,6,993.537732
1781141397.221871,0.000991703,98794,5,796.964414
1781141397.222914,0.001000261,124924,6,999.131227
1781141397.223889,0.000999244,117618,5,941.655892
1781141397.224823,0.001004433,124924,6,994.981248
1781141397.225806,0.000996354,123476,6,991.422727
1781141397.227033,0.001005808,100242,5,797.305251
1781141397.227834,0.000995407,123476,6,992.365937
1781141397.228956,0.000999064,123476,6,988.733455
1781141397.229938,0.000999088,126372,6,1011.898852
1781141397.230857,0.001009518,97346,5,771.425571
1781141397.231825,0.000999273,117618,5,941.628564
1781141397.232811,0.000997806,124924,6,1001.589487
1781141397.233826,0.000997717,124924,6,1001.678833
1781141397.234828,0.000996716,97346,5,781.333901
1781141397.235854,0.000998775,126372,6,1012.215965
1781141397.236823,0.001000050,122028,6,976.175191
1781141397.237814,0.001003824,124924,6,995.584883
1781141397.238853,0.000995809,124924,6,1003.598080
1781141397.239856,0.001010792,88592,4,701.168984
1781141397.240817,0.000989173,133546,5,1080.061829
1781141397.241827,0.001006747,120580,6,958.175192
1781141397.242920,0.001001353,123476,6,986.473302
1781141397.243909,0.001001039,124924,6,998.354709
1781141397.244961,0.000992127,98794,5,796.623819
1781141397.246035,0.001009142,122028,6,967.380210
1781141397.247258,0.000995719,124924,6,1003.688792
1781141397.247913,0.000996429,126372,6,1014.599134
1781141397.249278,0.001000970,97346,5,778.013327
1781141397.249909,0.000996750,124924,6,1002.650614
1781141397.250818,0.001008658,116170,5,921.382669
1781141397.251937,0.000992496,124924,6,1006.948139
1781141397.252938,0.001001564,126372,6,1009.397303
1781141397.253819,0.000997485,97346,5,780.731540
1781141397.254984,0.001006211,123476,6,981.710595
1781141397.255951,0.001004841,126372,6,1006.105444
1781141397.256817,0.000999162,124924,6,1000.230193
1781141397.257833,0.001001087,97346,5,777.922398
1781141397.258822,0.000988831,124924,6,1010.680288
1781141397.259819,0.001014258,119066,5,939.137774
1781141397.260897,0.000985222,120580,6,979.109277
1781141397.261806,0.001008253,129268,6,1025.679071
1781141397.262850,0.000996615,94450,5,758.166393
1781141397.263818,0.000996367,126372,6,1014.662268
1781141397.264819,0.000999400,123476,6,988.401041
1781141397.265817,0.001000387,124924,6,999.005385
1781141397.266852,0.001006389,98794,5,785.334498
1781141397.267835,0.001003356,124924,6,996.049259
1781141397.268826,0.000989613,114722,5,927.408997
1781141397.269821,0.000999707,129268,6,1034.447093
1781141397.270831,0.001000916,124978,7,998.908999
1781141397.271846,0.001007816,95898,5,761.234194
1781141397.272813,0.000995659,123476,6,992.114770
1781141397.273834,0.000995549,124924,6,1003.860182
1781141397.274927,0.001008603,126372,6,1002.352759
1781141397.275829,0.000999766,97346,5,778.950274
1781141397.276822,0.000998553,124924,6,1000.840216
1781141397.277836,0.000999190,119066,5,953.300173
1781141397.278850,0.000999848,120580,6,964.786648
1781141397.279844,0.001004412,127820,6,1018.068283
1781141397.280817,0.001001672,97346,5,777.468073
1781141397.281822,0.000990834,124924,6,1008.637168
1781141397.282836,0.001009558,124924,6,989.930247
1781141397.283812,0.000993225,124924,6,1006.209066
1781141397.284925,0.001002033,97346,5,777.187977
1781141397.286047,0.001002514,124924,6,996.885829
1781141397.286842,0.000990181,116170,5,938.575877
1781141397.288191,0.001007926,124924,6,991.533109
1781141397.288962,0.001004398,126372,6,1006.549197
1781141397.289939,0.000987831,97346,5,788.361572
1781141397.291187,0.001006803,126372,6,1004.144803
1781141397.291897,0.000993840,122028,6,982.274813
1781141397.292851,0.001002571,126372,6,1008.383446
1781141397.293901,0.001009210,123476,6,978.793314
1781141397.294912,0.000987224,98794,5,800.580213
1781141397.295890,0.001000165,124924,6,999.227128
1781141397.296899,0.001003653,117618,5,937.519242
1781141397.297907,0.000996220,123476,6,991.556082
1781141397.299049,0.001009393,98794,5,782.997306
1781141397.300018,0.000990434,123476,6,997.348637
1781141397.300899,0.001007400,126372,6,1003.549732
1781141397.301991,0.001006825,124924,6,992.617386
1781141397.303019,0.000986445,123476,6,1001.381729
1781141397.304274,0.001010525,98728,4,781.597684
1781141397.304808,0.000988978,119066,5,963.143771
1781141397.305825,0.000999724,123476,6,988.080710
1781141397.307464,0.000999887,124924,6,999.504944
1781141397.307795,0.001000706,98794,5,789.794405
1781141397.308829,0.001011074,124924,6,988.445950
1781141397.309890,0.000988470,122028,6,987.611157
1781141397.310837,0.001011700,126372,6,999.284373
1781141397.311815,0.000987980,97346,5,788.242677
1781141397.312826,0.001014595,124924,6,985.015696
1781141397.313804,0.000985598,124924,6,1013.995564
1781141397.314849,0.001000096,116170,5,929.270790
1781141397.315828,0.001005150,126372,6,1005.796150
1781141397.316815,0.000999395,95898,5,767.648427
1781141397.317821,0.000997279,124924,6,1002.118765
1781141397.318847,0.001009612,127820,6,1012.824729
1781141397.319821,0.000989149,123476,6,998.644289
1781141397.320801,0.000999726,97346,5,778.981441
1781141397.321933,0.001000796,97346,5,778.148594
1781141397.323353,0.001002122,124924,6,997.275781
1781141397.323928,0.001008312,116170,5,921.698839
1781141397.325270,0.000988691,123476,6,999.106900
1781141397.325890,0.001000678,98794,5,789.816504
1781141397.327690,0.001012790,127820,6,1009.646620
1781141397.328304,0.000992013,122028,6,984.083878
1781141397.329233,0.000994510,126372,6,1016.556897
1781141397.329943,0.001000192,124924,6,999.200154
1781141397.330951,0.001003726,97346,5,775.877082
1781141397.331928,0.001003848,124924,6,995.561081
1781141397.332911,0.000992857,117618,5,947.713518
1781141397.333940,0.001011587,124924,6,987.944685
1781141397.335176,0.000987749,95898,5,776.699344
1781141397.335971,0.001006287,126372,6,1004.659704
1781141397.336888,0.000993476,126372,6,1017.614920
1781141397.338127,0.001003406,124924,6,995.999625
1781141397.338981,0.001008651,124924,6,990.820413
1781141397.340577,0.000988427,95898,5,776.166576
1781141397.340886,0.000999771,120514,5,964.332832
1781141397.341867,0.000999948,117618,5,940.992932
1781141397.342840,0.001011535,126372,6,999.447375
1781141397.343815,0.000998509,123476,6,989.283021
1781141397.344821,0.001005523,95898,5,762.970116
1781141397.345831,0.000990687,127820,6,1032.172624
1781141397.346942,0.001006729,123476,6,981.205468
1781141397.347816,0.000986706,123476,6,1001.116847
1781141397.348825,0.001010710,98794,5,781.977026
1781141397.349805,0.000993016,124924,6,1006.420843
1781141397.350926,0.001004406,117618,5,936.816387
1781141397.351879,0.000993836,123476,6,993.934613
1781141397.352875,0.000999681,127820,6,1022.886301
1781141397.353811,0.000999016,94450,5,756.344243
1781141397.354934,0.001013667,127820,6,1008.773098
1781141397.355898,0.000995042,124924,6,1004.371675
1781141397.356880,0.000996434,123476,6,991.343130
1781141397.357957,0.000997634,97346,5,780.614935
1781141397.358958,0.001000097,124924,6,999.295068
1781141397.360005,0.001002792,117618,5,938.324199
1781141397.360902,0.001002155,124924,6,997.242941
1781141397.361886,0.001005514,124924,6,993.911572
1781141397.362848,0.000996304,95898,5,770.030031
1781141397.364211,0.000989848,126372,6,1021.344691
1781141397.365059,0.001006555,123476,6,981.375086
1781141397.365923,0.001006970,98794,5,784.881377
1781141397.367513,0.000986508,124924,6,1013.060208
1781141397.367821,0.001000127,124924,6,999.265093
1781141397.368814,0.001005042,116170,5,924.697674
1781141397.369846,0.001007051,123476,6,980.891732
1781141397.370848,0.000996369,127820,6,1026.286446
1781141397.371808,0.000993983,98794,5,795.136335
1781141397.372835,0.000998392,122028,6,977.796296
1781141397.373811,0.001003236,126372,6,1007.715034
1781141397.374865,0.000996460,124924,6,1002.942416
1781141397.375824,0.000999627,97346,5,779.058589
1781141397.376819,0.001011534,124924,6,987.996449
1781141397.377814,0.000990716,124924,6,1008.757303
1781141397.378836,0.001007314,117618,5,934.111906
1781141397.379805,0.000998525,123476,6,989.267169
1781141397.380828,0.001000292,98794,5,790.121285
1781141397.381904,0.000991289,124924,6,1008.174206
1781141397.382911,0.001000546,124924,6,998.846630
1781141397.383898,0.001005272,123476,6,982.627587
1781141397.384808,0.001004245,98794,5,787.011138
1781141397.385833,0.000997852,124924,6,1001.543315
1781141397.386842,0.000997523,117618,5,943.280506
1781141397.387834,0.000994310,123476,6,993.460792
1781141397.388853,0.001010269,123476,6,977.767308
1781141397.389990,0.001001698,100242,5,800.576621
1781141397.390933,0.000997594,97346,5,780.646235
1781141397.392024,0.000993942,124858,5,1004.951999
1781141397.392869,0.001003198,123344,4,983.606427
1781141397.394527,0.000993998,126306,5,1016.549329
1781141397.394860,0.001005887,120448,4,957.944580
1781141397.395997,0.000998612,119132,6,954.380680
1781141397.396848,0.000994646,110312,4,887.246317
1781141397.398020,0.001000711,114722,5,917.123925
1781141397.398836,0.000999920,123476,6,987.887031
1781141397.399846,0.001002909,65358,3,521.347400
1781141397.400848,0.001006948,95766,3,760.841672
1781141397.401818,0.001001806,100176,4,799.963266
1781141397.402839,0.000994989,113274,5,910.755797
1781141397.403820,0.000995072,98794,5,794.266144
1781141397.404836,0.000998040,89974,3,721.205563
1781141397.405838,0.001000132,123476,6,987.677627
1781141397.406834,0.001009348,98794,5,783.032215
1781141397.407938,0.001001279,124924,6,998.115410
1781141397.408880,0.000990071,94384,4,762.644295
1781141397.409846,0.001010766,126240,4,999.163011
1781141397.410834,0.000988825,117552,4,951.043916
1781141397.411834,0.001000687,124924,6,998.705889
1781141397.412828,0.001007232,124924,6,992.216292
1781141397.413823,0.000992884,124924,6,1006.554643
1781141397.414985,0.001006027,98794,5,785.617086
1781141397.415869,0.000996472,124924,6,1002.930338
1781141397.416798,0.000996884,117618,5,943.885146
1781141397.417808,0.000999681,123476,6,988.123211
1781141397.418843,0.001005624,124924,6,993.802853
1781141397.419835,0.001002539,98794,5,788.350378
1781141397.420805,0.000998873,126372,6,1012.116655
1781141397.422036,0.000999722,123476,6,988.082687
1781141397.422849,0.000993164,124858,5,1005.739233
1781141397.423862,0.001010076,97280,4,770.476677
1781141397.425484,0.000995755,93200,8,748.778565
1781141397.426229,0.000996658,114854,7,921.913033
1781141397.427026,0.001001403,34884,2,278.681011
1781141397.427851,0.001006511,50944,4,404.915595
1781141397.429085,0.000996926,124924,6,1002.473604
1781141397.429910,0.000993578,119198,7,959.747498
1781141397.430923,0.001006277,109062,7,867.053505
1781141397.431969,0.000993379,123608,8,995.454907
1781141397.432961,0.001005370,126438,7,1006.101236
1781141397.433970,0.000999747,126372,6,1011.231842
1781141397.434822,0.000995068,62462,3,502.172716
1781141397.435818,0.001001417,130716,6,1044.248300
1781141397.437213,0.000998616,120580,6,965.976912
1781141397.437858,0.000999582,120712,8,966.099830
1781141397.438854,0.001000726,120712,8,964.995413
1781141397.439816,0.000998957,122226,9,978.828919
1781141397.441568,0.001009022,129466,9,1026.467213
1781141397.441854,0.000996291,109062,7,875.744135
1781141397.442865,0.001002467,130848,8,1044.207939
1781141397.443824,0.000996720,122160,8,980.496027
1781141397.444808,0.001001991,127886,7,1021.055079
1781141397.445842,0.001000230,103138,5,824.914270
1781141397.446919,0.000992829,124924,6,1006.610403
1781141397.449533,0.001015176,124924,6,984.451957
1781141397.449705,0.000994289,114722,5,923.047524
1781141397.449883,0.000994177,122028,6,981.941847
1781141397.450907,0.001010257,126372,6,1000.711700
1781141397.451836,0.000989681,101690,5,822.002241
1781141397.452946,0.000997683,124924,6,1001.712969
1781141397.453993,0.001011362,123476,6,976.710614
1781141397.454948,0.000988501,127820,6,1034.455200
1781141397.455823,0.000999334,122028,6,976.874598
1781141397.456810,0.001004380,98794,5,786.905355
1781141397.458141,0.000995697,119066,5,956.644441
1781141397.462510,0.001000588,120580,6,964.073125
1781141397.462562,0.001004302,127820,6,1018.179791
1781141397.462581,0.001006899,122028,6,969.535177
1781141397.462602,0.000995385,100242,5,805.654094
1781141397.462972,0.000994189,123476,6,993.581703
1781141397.464083,0.001008715,124924,6,990.757548
1781141397.464803,0.000995159,126372,6,1015.893943
1781141397.465877,0.000995125,97346,5,782.583093
1781141397.467331,0.000999520,124924,6,999.871939
1781141397.467880,0.001000773,117618,5,940.217212
1781141397.468894,0.001000620,124924,6,998.772761
1781141397.469917,0.001003729,124924,6,995.679113
1781141397.471526,0.001007512,97346,5,772.961513
1781141397.471996,0.000987545,124924,6,1011.996415
1781141397.472873,0.001001035,124924,6,998.358699
1781141397.473898,0.000999339,97346,5,779.283106
1781141397.474957,0.001005552,124924,6,993.874011
1781141397.476005,0.001005343,119066,5,947.465691
1781141397.476879,0.000995797,122028,6,980.344387
1781141397.477861,0.000995070,124924,6,1004.343413
1781141397.478931,0.000998346,100242,5,803.264600
1781141397.480151,0.001000112,123476,6,987.697378
1781141397.480943,0.001000401,124924,6,998.991404
1781141397.481889,0.000999228,123476,6,988.571177
1781141397.483356,0.000999889,124924,6,999.502945
1781141397.484069,0.001007823,98794,5,784.217070
1781141397.485068,0.000998098,124924,6,1001.296466
1781141397.485893,0.001007289,119066,5,945.635265
1781141397.487190,0.001000832,122028,6,975.412457
1781141397.487994,0.000986362,126372,6,1024.954327
1781141397.489250,0.001006337,95898,5,762.352969
1781141397.490170,0.000993256,126372,6,1017.840315
1781141397.491266,0.001001522,123476,6,986.306841
1781141397.492300,0.001002204,124924,6,997.194184
1781141397.493015,0.000995585,98794,5,793.856878
1781141397.494009,0.001002146,117618,5,938.929058
1781141397.494830,0.001009584,124924,6,989.904753
1781141397.495823,0.000994737,123476,6,993.034340
1781141397.496809,0.000995080,123476,6,992.692045
1781141397.497821,0.000998658,98794,5,791.414078
1781141397.498851,0.001014616,126372,6,996.412436
1781141397.499832,0.000994108,124924,6,1005.315318
1781141397.500810,0.000993410,123476,6,994.360838
1781141397.501822,0.000997618,98794,5,792.239114
1781141397.502934,0.001014169,124924,6,985.429450
1781141397.503924,0.000986410,114722,5,930.420413
1781141397.504917,0.001007494,126372,6,1003.456100
1781141397.505820,0.001000809,126372,6,1010.158782
1781141397.506832,0.000992404,95898,5,773.056134
1781141397.508225,0.001004192,124924,6,995.220038
1781141397.509377,0.001007998,126372,6,1002.954371
1781141397.509913,0.000987150,124924,6,1012.401357
1781141397.511192,0.001000639,97346,5,778.270685
1781141397.511887,0.001000954,119066,5,951.620154
1781141397.512894,0.001002148,123476,6,985.690736
1781141397.513892,0.001005890,122028,6,970.507710
1781141397.515236,0.000992637,124924,6,1006.805106
1781141397.515901,0.000997152,100242,5,804.226437
1781141397.516854,0.001002193,126372,6,1008.763781
1781141397.517889,0.001000329,122028,6,975.902928
1781141397.519143,0.001008250,98794,5,783.884949
1781141397.519890,0.001002107,151054,7,1205.891187
1781141397.520858,0.000990423,98794,5,797.994392
1781141397.521899,0.001002306,116170,5,927.221826
1781141397.522842,0.000995118,126372,6,1015.935799
1781141397.523831,0.001010636,122028,6,965.950154
1781141397.524828,0.000997594,101690,5,815.482050
1781141397.525999,0.001000014,122028,6,976.210333
1781141397.526887,0.001003122,124924,6,996.281609
1781141397.527834,0.000987692,98662,3,799.131713
1781141397.528814,0.001008965,124858,5,989.988751
1781141397.530679,0.000999477,116104,4,929.318033
1781141397.531372,0.000998920,86026,9,688.952068
1781141397.531822,0.001000088,82866,5,662.869667
1781141397.532834,0.000998892,63976,4,512.375712
1781141397.533830,0.001004852,126504,8,1007.145331
1781141397.534846,0.000994617,106166,7,853.924677
1781141397.535835,0.001008615,126504,8,1003.387814
1781141397.536826,0.000999143,125056,8,1001.306119
1781141397.537818,0.000991857,127952,8,1032.019737
1781141397.538859,0.001007577,103138,5,818.899201
1781141397.540558,0.000988738,124924,6,1010.775352
1781141397.542084,0.001013682,124924,6,985.902877
1781141397.542181,0.000999019,124924,6,1000.373366
1781141397.543356,0.000989120,116170,5,939.582659
1781141397.543824,0.000997001,122028,6,979.160502
1781141397.544856,0.001000376,130716,6,1045.334954
1781141397.546011,0.001002418,94450,5,753.777366
1781141397.546831,0.000997685,124924,6,1001.710961
1781141397.547944,0.000999341,127820,6,1023.234311
1781141397.549029,0.001011962,123476,6,976.131515
1781141397.550108,0.000988675,97346,5,787.688573
1781141397.551967,0.001000154,119066,5,952.381333
1781141397.552323,0.001011562,124924,6,987.969101
1781141397.552803,0.000992239,124924,6,1007.208949
1781141397.553823,0.000995501,122028,6,980.635881
1781141397.555409,0.000999778,97346,5,778.940925
1781141397.555816,0.001002320,127820,6,1020.193152
1781141397.556950,0.001000926,95898,5,766.474245
1781141397.560419,0.001006878,153884,6,1222.662527
1781141397.560615,0.000990072,95898,5,774.876979
1781141397.560700,0.001001165,124858,5,997.701678
1781141397.561003,0.000999230,119066,5,953.262012
1781141397.562037,0.001007682,123476,6,980.277508
1781141397.562888,0.001005542,126372,6,1005.404051
1781141397.564178,0.000997356,94450,5,757.603103
1781141397.565070,0.000993967,126372,6,1017.112238
1781141397.566100,0.001006246,123476,6,981.676449
1781141397.567569,0.000989139,126372,6,1022.076776
1781141397.568129,0.001001546,97346,5,777.565883
1781141397.571369,0.000998631,124924,6,1000.762043
1781141397.571568,0.000999924,120514,5,964.185278
1781141397.571683,0.001013825,120580,6,951.485710
1781141397.572187,0.000986172,123476,6,1001.658940
1781141397.573000,0.001000290,100242,5,801.703506
1781141397.574030,0.001001164,124924,6,998.230060
1781141397.575622,0.000998408,97280,4,779.480934
1781141397.576066,0.001013409,152436,6,1203.352250
1781141397.577090,0.000987280,97346,5,788.801556
1781141397.577999,0.001011771,124924,6,987.765018
1781141397.579051,0.000987241,114722,5,929.637242
1781141397.580189,0.001000848,130716,6,1044.841974
1781141397.581002,0.000999143,95898,5,767.842041
1781141397.581839,0.001002262,124858,5,996.609669
1781141397.583522,0.001003926,122028,6,972.406333
1781141397.584257,0.001000466,127754,5,1021.555955
1781141397.585632,0.000995032,123476,6,992.739932
1781141397.586006,0.001004363,97346,5,775.384995
1781141397.587011,0.000994286,117618,5,946.351452
1781141397.587991,0.000999772,122028,6,976.446630
1781141397.588998,0.001005501,126372,6,1005.445047
1781141397.590075,0.000995566,124924,6,1003.843040
1781141397.591181,0.000999240,97346,5,779.360314
1781141397.592295,0.001012562,124924,6,986.993389
1781141397.593061,0.000987495,126372,6,1023.778348
1781141397.594220,0.000999450,124924,6,999.941968
1781141397.595900,0.001013013,91488,4,722.502080
1781141397.596098,0.000996420,130650,5,1048.955260
1781141397.596972,0.001000141,119000,4,951.865787
1781141397.597962,0.001005062,120580,6,959.781586
1781141397.599231,0.000986480,101690,5,824.669532
1781141397.600232,0.001005807,124858,5,993.097085
1781141397.600938,0.000993729,123476,6,994.041635
1781141397.602102,0.001011049,129202,5,1022.320382
1781141397.604105,0.001001286,120514,5,962.873744
1781141397.604309,0.000999694,97346,5,779.006376
1781141397.605092,0.000992004,124924,6,1007.447551
1781141397.605859,0.001001646,124924,6,997.749704
1781141397.607215,0.000998757,121962,5,976.910300
1781141397.608100,0.000995913,117684,6,945.335587
1781141397.608921,0.000999630,101690,5,813.821114
1781141397.609977,0.001005073,123476,6,982.822143
1781141397.611401,0.001000375,127820,6,1022.176684
1781141397.613126,0.000999431,120580,6,965.189193
1781141397.613694,0.000995128,98794,5,794.221447
1781141397.614063,0.001004210,120514,5,960.070105
1781141397.615145,0.001008104,120448,4,955.837890
1781141397.616173,0.000996269,122028,6,979.879932
1781141397.616926,0.000998829,126372,6,1012.161241
1781141397.617903,0.001004992,122028,6,971.374897
1781141397.619000,0.000986964,100242,5,812.528117
1781141397.619928,0.001000888,123476,6,986.931605
1781141397.620929,0.001000172,126372,6,1010.802142
1781141397.621936,0.001000375,95898,5,766.896414
1781141397.623127,0.001003586,124924,6,995.820986
1781141397.623967,0.000995250,117618,5,945.434815
1781141397.624985,0.001010972,126372,6,1000.003957
1781141397.626072,0.001001228,123476,6,986.596460
1781141397.627208,0.000987812,97346,5,788.376736
1781141397.628876,0.001013702,123476,6,974.456004
1781141397.629034,0.000996737,124924,6,1002.663692
1781141397.630159,0.000995961,124924,6,1003.444914
1781141397.631162,0.000993345,98794,5,795.647031
1781141397.632045,0.001000032,124924,6,999.360020
1781141397.633108,0.000999935,117618,5,941.005165
1781141397.633926,0.001008136,123476,6,979.836054
1781141397.635007,0.001001675,126372,6,1009.285447
1781141397.635839,0.000996646,123476,6,991.132258
1781141397.636832,0.001002221,98794,5,788.600518
1781141397.637892,0.000999747,126372,6,1011.231842
1781141397.638839,0.000991765,122028,6,984.329957
1781141397.640220,0.001014065,124924,6,985.530513
1781141397.640910,0.000998131,98794,5,791.831934
1781141397.642423,0.000987957,124924,6,1011.574390
1781141397.642830,0.001010940,116170,5,919.302827
1781141397.643821,0.000988978,127820,6,1033.956266
1781141397.644801,0.001000980,94450,5,754.860237
1781141397.645828,0.001005592,124924,6,993.834478
1781141397.646935,0.000995344,126372,6,1015.705123
1781141397.647902,0.001011232,126372,6,999.746843
1781141397.648906,0.000999290,95898,5,767.729088
1781141397.649891,0.000995627,124924,6,1003.781537
1781141397.651178,0.000991866,119066,5,960.339401
1781141397.652067,0.001000048,124924,6,999.344031
1781141397.652830,0.001005364,126372,6,1005.582058
1781141397.653850,0.000994723,120580,6,969.757410
1781141397.654970,0.001000975,97346,5,778.009441
1781141397.655894,0.001004477,124924,6,994.937664
1781141397.656885,0.001006274,126372,6,1004.672684
1781141397.657892,0.000992561,123476,6,995.211377
1781141397.658864,0.000996734,98794,5,792.941748
1781141397.659841,0.000998953,124924,6,1000.439460
1781141397.660927,0.001010731,117618,5,930.953933
1781141397.661896,0.000990563,126372,6,1020.607473
1781141397.662911,0.001009982,95898,5,759.601656
1781141397.663877,0.000988932,126372,6,1022.290714
1781141397.664822,0.001001642,122028,6,974.623668
1781141397.665900,0.001001780,124924,6,997.616243
1781141397.666946,0.001005366,126372,6,1005.580057
1781141397.667868,0.000990857,97346,5,785.953977
1781141397.668902,0.001008272,116104,4,921.211737
1781141397.671088,0.000999053,107416,4,860.142555
1781141397.671231,0.001007044,120448,4,956.843991
1781141397.672528,0.000996165,95964,6,770.667510
1781141397.673518,0.000996521,80102,7,643.053182
1781141397.673913,0.000993844,18890,1,152.056057
1781141397.675094,0.001007606,100308,6,796.406532
1781141397.676351,0.000999381,120712,8,966.294136
1781141397.676983,0.000996736,113340,6,909.689226
1781141397.678046,0.001002075,143880,8,1148.656538
1781141397.680797,0.000993380,103270,7,831.665626
1781141397.681064,0.001005756,136574,7,1086.339033
1781141397.681143,0.001004611,120580,6,960.212460
1781141397.682126,0.000994776,104586,5,841.081811
1781141397.683537,0.000994879,124924,6,1004.536230
1781141397.684104,0.001008799,126372,6,1002.158012
1781141397.685414,0.000992102,126372,6,1019.024254
1781141397.686052,0.001010412,123476,6,977.628928
1781141397.687058,0.001001997,98794,5,788.776813
1781141397.687960,0.000991134,124924,6,1008.331870
1781141397.691714,0.001002670,120514,5,961.544676
1781141397.692040,0.001004843,123476,6,983.047103
1781141397.692161,0.000992934,94450,5,760.977064
1781141397.692278,0.001002986,126372,6,1007.966213
1781141397.692958,0.001003240,124924,6,996.164427
1781141397.694706,0.000990622,123476,6,997.159360
1781141397.695559,0.001001661,126372,6,1009.299553
1781141397.696286,0.000996640,97346,5,781.393482
1781141397.697370,0.001009036,117618,5,932.517769
1781141397.697945,0.000990868,127974,7,1033.227433
1781141397.699015,0.001009202,120580,6,955.844321
1781141397.699979,0.001003712,100242,5,798.970223
1781141397.700976,0.000991457,122028,6,984.635743
1781141397.702268,0.001008293,126372,6,1002.660933
1781141397.703035,0.000998841,126372,6,1012.149081
1781141397.704018,0.000992041,122028,6,984.056103
1781141397.704966,0.000996401,98794,5,793.206751
1781141397.706084,0.001008127,119066,5,944.849210
1781141397.707050,0.000993263,120580,6,971.182859
1781141397.707960,0.000998917,130716,6,1046.861751
1781141397.708966,0.001004871,122028,6,971.491863
1781141397.710169,0.001010027,95898,5,759.567814
1781141397.711636,0.000984657,124924,6,1014.964602
1781141397.711995,0.001007903,126372,6,1003.048905
1781141397.712926,0.000995365,123476,6,992.407810
1781141397.713971,0.001003874,98794,5,787.301992
1781141397.715058,0.000993000,124924,6,1006.437059
1781141397.715957,0.000999650,119066,5,952.861502
1781141397.717111,0.001005929,123530,7,982.415260
1781141397.717997,0.000994761,98794,5,794.514461
1781141397.719185,0.000999816,122028,6,976.403658
1781141397.719913,0.000999701,125142,7,1001.435429
1781141397.721062,0.001000902,124924,6,998.491361
1781141397.722193,0.001011383,126372,6,999.597581
1781141397.723007,0.000987709,97346,5,788.458949
1781141397.723985,0.001007963,124924,6,991.496712
1781141397.725025,0.001005248,116170,5,924.508181
1781141397.725833,0.000999533,126372,6,1011.448346
1781141397.726835,0.000987645,123476,6,1000.165039
1781141397.727826,0.000999858,98794,5,790.464246
1781141397.728972,0.001001637,124924,6,997.758669
1781141397.729880,0.001008833,124924,6,990.641662
1781141397.730860,0.000990474,123476,6,997.308359
1781141397.731950,0.001006949,98794,5,784.897746
1781141397.732814,0.001005853,124858,5,993.051669
1781141397.733855,0.000997495,114722,5,920.080802
1781141397.734828,0.000989782,127820,6,1033.116383
1781141397.735851,0.001012504,126372,6,998.490870
1781141397.736876,0.000989998,94450,5,763.233865
1781141397.737802,0.000999316,126372,6,1011.667981
1781141397.738838,0.000998150,124924,6,1001.244302
1781141397.739814,0.000999083,124924,6,1000.309284
1781141397.740809,0.001000672,97346,5,778.245019
1781141397.741833,0.001007510,124924,6,991.942512
1781141397.742833,0.000998193,119066,5,954.252334
1781141397.743832,0.000994613,120580,6,969.864661
1781141397.744824,0.001000698,126372,6,1010.270831
1781141397.745833,0.001003786,100242,5,798.911322
1781141397.746851,0.001000696,122028,6,975.545021
1781141397.747897,0.001002416,126372,6,1008.539369
1781141397.748809,0.000996407,124924,6,1002.995764
1781141397.749846,0.001005190,97346,5,774.747063
1781141397.750837,0.000989767,124924,6,1009.724511
1781141397.751806,0.001000824,117618,5,940.169300
1781141397.752830,0.000998431,124924,6,1000.962510
1781141397.753926,0.001012769,126372,6,998.229606
1781141397.755112,0.000988678,94450,5,764.252871
1781141397.756038,0.001011930,130650,5,1032.877768
1781141397.757032,0.000986848,121962,5,988.699374
1781141397.757971,0.001004085,123476,6,983.789221
1781141397.761065,0.000996887,97346,5,781.199875
1781141397.761206,0.001000247,116104,4,928.602635
1781141397.761302,0.001000172,126372,6,1010.802142
1781141397.762041,0.000999372,95832,4,767.137763
1781141397.763407,0.001008655,126372,6,1002.301084
1781141397.764174,0.001000728,126372,6,1010.240545
1781141397.764971,0.001001315,95898,5,766.176478
1781141397.766116,0.001003159,124924,6,996.244862
1781141397.768526,0.000988766,124924,6,1010.746729
1781141397.769668,0.000997759,90040,4,721.937863
1781141397.770034,0.001000556,126372,6,1010.414210
1781141397.770146,0.001002027,122028,6,974.249197
1781141397.770838,0.001004958,124924,6,994.461460
1781141397.771844,0.000993412,98794,5,795.593369
1781141397.772803,0.000998383,124924,6,1001.010634
1781141397.773952,0.001003275,124924,6,996.129675
1781141397.775043,0.001010438,124978,7,989.495644
1781141397.775918,0.000987677,117618,5,952.683924
1781141397.777163,0.001014176,123476,6,974.000568
1781141397.777940,0.000990113,97346,5,786.544566
1781141397.778959,0.001008450,124924,6,991.017899
1781141397.780447,0.000985799,124924,6,1013.788815
1781141397.783487,0.001000623,126372,6,1010.346554
1781141397.783654,0.000999685,97346,5,779.013389
1781141397.785490,0.001003928,124924,6,995.481748
1781141397.786035,0.001004588,124924,6,994.827730
1781141397.786107,0.001002858,119066,5,949.813433
1781141397.787217,0.000994328,120580,6,970.142649
1781141397.787679,0.000998500,98794,5,791.539309
1781141397.788148,0.000995727,126372,6,1015.314439
1781141397.790458,0.001004542,123476,6,983.341662
1781141397.790498,0.001008196,126372,6,1002.757400
1781141397.790835,0.000987224,97346,5,788.846300
1781141397.791860,0.001007001,124924,6,992.443900
1781141397.792814,0.000995812,124924,6,1003.595056
1781141397.793905,0.001003454,116170,5,926.161040
1781141397.794904,0.001005615,126372,6,1005.331066
1781141397.796264,0.000998021,97346,5,780.312238
1781141397.797071,0.001004023,123476,6,983.849972
1781141397.797813,0.000995402,126372,6,1015.645940
1781141397.798847,0.000991577,97346,5,785.383283
1781141397.799827,0.001008278,97346,5,772.374286
1781141397.800822,0.000996561,124924,6,1002.840769
1781141397.801825,0.001005075,120514,5,959.243838
1781141397.802850,0.000989305,79838,3,645.608786
1781141397.803820,0.000999466,117552,4,940.918450
1781141397.804825,0.001005596,149540,6,1189.662648
1781141397.805826,0.001006931,97346,5,773.407513
1781141397.806838,0.000990651,123476,6,997.130170
1781141397.807838,0.000996689,127820,6,1025.956943
1781141397.808836,0.001011929,95898,5,758.140146
1781141397.809855,0.000999416,98794,5,790.813835
1781141397.810820,0.000989223,119066,5,962.905230
1781141397.811835,0.001001266,123476,6,986.559016
1781141397.812823,0.001001654,123476,6,986.176863
1781141397.813816,0.000998038,124924,6,1001.356662
1781141397.815123,0.001000379,97346,5,778.472959
1781141397.815914,0.000999898,124924,6,999.493948
1781141397.817163,0.001006046,126372,6,1004.900372
1781141397.817929,0.001002898,97346,5,776.517652
1781141397.819114,0.001000932,124924,6,998.461434
1781141397.819930,0.000997302,124858,5,1001.566226
1781141397.820861,0.000991248,114722,5,925.879296
1781141397.822799,0.001004813,126372,6,1006.133480
1781141397.823034,0.000999356,98794,5,790.861315
1781141397.823967,0.000998982,123476,6,988.814613
1781141397.824895,0.000998356,124924,6,1001.037706
1781141397.825904,0.001007545,124924,6,991.908054
1781141397.827078,0.000993718,124924,6,1005.709869
1781141397.832971,0.001007637,98794,5,784.361829
1781141397.833036,0.001002607,117618,5,938.497337
1781141397.833058,0.000988053,124924,6,1011.476105
1781141397.833083,0.001012896,123476,6,975.231416
1781141397.833277,0.000987411,98794,5,800.428596
1781141397.833378,0.001001439,124924,6,997.955941
1781141397.833828,0.001003983,124924,6,995.427213
1781141397.834852,0.001000498,124924,6,998.894551
1781141397.835831,0.000997829,97346,5,780.462384
1781141397.836910,0.000994813,124924,6,1004.602875
1781141397.837819,0.001004022,117618,5,937.174683
1781141397.838836,0.000997814,126372,6,1013.190835
1781141397.839831,0.001009615,126372,6,1001.348039
1781141397.840819,0.000996304,97346,5,781.657004
1781141397.841827,0.000992374,122028,6,983.725894
1781141397.842839,0.001000156,126372,6,1010.818312
1781141397.844321,0.001015709,123476,6,972.530518
1781141397.845681,0.000997933,123476,6,989.854028
1781141397.846240,0.000996751,98794,5,792.928224
1781141397.847025,0.000997020,124924,6,1002.379090
1781141397.848274,0.000994727,117618,5,945.931899
1781141397.850162,0.001010144,123476,6,977.888301
1781141397.850427,0.000993977,100242,5,806.795328
1781141397.850853,0.000996159,124924,6,1003.245466
1781141397.851826,0.001006925,123476,6,981.014475
1781141397.853044,0.000994847,123476,6,992.924540
1781141397.853819,0.001003156,98794,5,787.865496
1781141397.855000,0.000995127,124924,6,1004.285885
1781141397.855824,0.001005879,124924,6,993.550914
1781141397.856834,0.001001478,117618,5,939.555337
1781141397.857837,0.001002541,122028,6,973.749702
1781141397.858876,0.000990759,127820,6,1032.097614
1781141397.859832,0.000997841,95898,5,768.843934
1781141397.860903,0.000999391,126372,6,1011.592060
1781141397.862035,0.001008183,126372,6,1002.770330
1781141397.863235,0.000991506,95898,5,773.756286
1781141397.863964,0.001007137,124924,6,992.309884
1781141397.864839,0.001002253,119066,5,950.386779
1781141397.865813,0.001000140,122028,6,976.087348
1781141397.866836,0.000990592,126372,6,1020.577594
1781141397.867852,0.000999918,123476,6,987.889007
1781141397.868822,0.000999837,98794,5,790.480848
1781141397.869821,0.001006151,124924,6,993.282320
1781141397.870834,0.000999560,123476,6,988.242827
1781141397.871842,0.001007545,124924,6,991.908054
1781141397.872996,0.000994562,98794,5,794.673434
1781141397.874002,0.001005542,124924,6,993.883895
1781141397.874840,0.000987859,116170,5,940.782035
1781141397.875828,0.001011463,124924,6,988.065802
1781141397.876894,0.000986992,124924,6,1012.563425
1781141397.877995,0.001010545,98794,5,782.104706
1781141397.879100,0.000991094,124924,6,1008.372566
1781141397.881222,0.001013507,124924,6,986.073110
1781141397.881506,0.000987335,124924,6,1012.211661
1781141397.881958,0.001002953,97346,5,776.475069
1781141397.883148,0.000994996,120514,5,968.960679
1781141397.883954,0.001000865,124924,6,998.528273
1781141397.884915,0.000998956,122028,6,977.244243
1781141397.886050,0.001011076,98794,5,781.693958
1781141397.887010,0.000998924,94450,5,756.413901
1781141397.888030,0.000999724,124924,6,999.667908
1781141397.889051,0.000997179,126372,6,1013.836031
1781141397.889935,0.001002937,123476,6,984.915304
1781141397.890986,0.001003769,97346,5,775.843845
1781141397.891985,0.000988712,124924,6,1010.801932
1781141397.892891,0.001012059,116170,5,918.286384
1781141397.893893,0.000986263,107482,5,871.832361
1781141397.894900,0.001006527,124858,5,992.386692
1781141397.895858,0.000993583,124924,6,1005.846517
1781141397.896878,0.001010353,114722,5,908.371629
1781141397.897896,0.000988732,124924,6,1010.781486
1781141397.899016,0.001011422,129268,6,1022.465400
1781141397.899997,0.001002432,95898,5,765.322735
1781141397.900891,0.000987569,126372,6,1023.701635
1781141397.901880,0.001008371,124924,6,991.095539
1781141397.902843,0.000995714,122028,6,980.426106
1781141397.904140,0.000997354,98794,5,792.448820
1781141397.905039,0.001007557,124924,6,991.896240
1781141397.905883,0.000990019,117618,5,950.430244
1781141397.907520,0.000999927,122028,6,976.295270
1781141397.907853,0.001002659,101690,5,811.362587
1781141397.908896,0.001003336,123476,6,984.523629
1781141397.909933,0.000994415,123476,6,993.355893
1781141397.910832,0.001004681,124924,6,994.735642
1781141397.911961,0.000995141,98794,5,794.211072
1781141397.912882,0.001004553,124924,6,994.862392
1781141397.914110,0.000995569,124924,6,1003.840015
1781141397.915607,0.000999947,117618,5,940.993873
1781141397.917157,0.000999773,123476,6,988.032283
1781141397.917365,0.001011126,124924,6,988.395116
1781141397.918017,0.000994382,98794,5,794.817283
1781141397.918987,0.000995302,123476,6,992.470627
1781141397.919860,0.000999123,124924,6,1000.269236
1781141397.920912,0.001001691,124924,6,997.704881
1781141397.922000,0.000998650,98794,5,791.420418
1781141397.923115,0.001004008,124924,6,995.402427
1781141397.925181,0.000995647,117618,5,945.057837
1781141397.926029,0.001004114,123476,6,983.760808
1781141397.926207,0.000996136,100242,5,805.046700
1781141397.927117,0.001000521,123476,6,987.293620
1781141397.928272,0.001001569,126372,6,1009.392264
1781141397.929295,0.000997589,123476,6,990.195361
1781141397.929949,0.001008420,123476,6,979.560104
1781141397.930943,0.000991776,98794,5,796.905753
1781141397.931918,0.000999501,124924,6,999.890946
1781141397.932833,0.001002801,117552,4,937.789252
1781141397.934001,0.001008505,126372,6,1002.450161
1781141397.934824,0.000990477,122028,6,985.609964
1781141397.935832,0.000998467,97346,5,779.963684
1781141397.936810,0.001011704,126372,6,999.280422
1781141397.937831,0.001001294,126372,6,1009.669488
1781141397.938827,0.000987883,122028,6,988.197995
1781141397.939828,0.001005493,98794,5,786.034314
1781141397.940805,0.001005391,124924,6,994.033167
1781141397.941909,0.000989763,124924,6,1009.728592
1781141397.943935,0.001011915,114722,5,906.969459
1781141397.944119,0.000986708,98794,5,800.998877
1781141397.944922,0.001002926,124924,6,996.476310
1781141397.945875,0.001009875,126372,6,1001.090234
1781141397.947548,0.000999864,126372,6,1011.113511
1781141397.947966,0.000993643,122028,6,982.469559
1781141397.948865,0.000998205,98794,5,791.773233
1781141397.949898,0.001004100,124924,6,995.311224
1781141397.951051,0.000991585,117618,5,948.929240
1781141397.951879,0.001009043,124924,6,990.435492
1781141397.952864,0.000991043,98794,5,797.495164
1781141397.953847,0.001001009,122028,6,975.239983
1781141397.954926,0.001008370,124924,6,991.096522
1781141397.955891,0.000995803,126372,6,1015.236949
1781141397.956845,0.000996620,123476,6,991.158114
1781141397.957861,0.000997236,98794,5,792.542588
1781141397.958836,0.001004972,124924,6,994.447607
1781141397.959873,0.000995603,120514,5,968.369923
1781141397.960841,0.001014127,122028,6,962.624997
1781141397.961841,0.000985409,124924,6,1014.190047
1781141397.962835,0.001004767,95898,5,763.544185
1781141397.963872,0.000996905,126372,6,1014.114685
1781141397.964946,0.001000436,123476,6,987.377503
1781141397.966194,0.001000657,124924,6,998.735831
1781141397.967004,0.001005017,98794,5,786.406598
1781141397.967830,0.001001945,124924,6,997.451956
1781141397.968832,0.000993272,119066,5,958.980018
1781141397.969808,0.001006797,123476,6,981.139197
1781141397.970842,0.000996914,122028,6,979.245953
1781141397.971845,0.000996132,98794,5,793.420952
1781141397.972834,0.001005790,124924,6,993.638831
1781141397.973796,0.000992551,124924,6,1006.892341
1781141397.974825,0.001005153,127820,6,1017.317762
1781141397.975821,0.000994339,95898,5,771.551754
1781141397.976818,0.001000483,124924,6,998.909527
1781141397.977818,0.000999158,124924,6,1000.234197
1781141397.978836,0.001002110,117618,5,938.962789
1781141397.979822,0.001003559,126372,6,1007.390697
1781141397.981018,0.001003652,95898,5,764.392439
1781141397.981811,0.000990884,124924,6,1008.586272
1781141397.982847,0.001011122,123476,6,976.942446
1781141397.983842,0.000999699,127820,6,1022.867883
1781141397.984847,0.000989042,95898,5,775.683945
1781141397.985812,0.001005314,124924,6,994.109303
1781141397.987100,0.001005327,121962,5,970.526008
1781141397.987836,0.000989276,123476,6,998.516087
1781141397.989033,0.001000420,119132,6,952.655885
1781141397.990001,0.000999472,98794,5,790.769526
1781141397.991007,0.001004481,126372,6,1006.466026
1781141397.991966,0.000995633,123476,6,992.140678
1781141397.992924,0.001004369,127820,6,1018.111869
1781141397.993941,0.000996485,95898,5,769.890164
1781141397.994977,0.001002688,124924,6,996.712836
1781141397.995941,0.001009002,124924,6,990.475737
1781141397.996975,0.000997198,117618,5,943.587933
1781141397.997967,0.000995827,124924,6,1003.579939
1781141397.998854,0.000995700,97346,5,782.131164
1781141397.999947,0.000999185,126372,6,1011.800618
1781141398.000976,0.000999701,122028,6,976.515978
1781141398.001877,0.001000331,127820,6,1022.221645
1781141398.002942,0.001005438,95898,5,763.034618
1781141398.003822,0.000993853,124924,6,1005.573259
1781141398.004837,0.001012180,124924,6,987.365884
1781141398.005887,0.000991293,117618,5,949.208761
1781141398.006943,0.001011695,126372,6,999.289312
1781141398.007889,0.000996588,95898,5,769.810594
1781141398.008921,0.000998615,126372,6,1012.378144
1781141398.009923,0.000995754,126372,6,1015.286908
1781141398.010862,0.001007615,120580,6,957.349781
1781141398.011860,0.000986248,98794,5,801.372474
1781141398.012991,0.001001061,124924,6,998.332769
1781141398.013916,0.001002207,124924,6,997.191199
1781141398.014946,0.000999729,117618,5,941.199065
1781141398.015932,0.001009405,126372,6,1001.556362
1781141398.016865,0.001002748,120580,6,961.996434
1781141398.017891,0.000992317,101690,5,819.818667
1781141398.018880,0.001001125,122028,6,975.126982
1781141398.019806,0.001003739,126372,6,1007.210042
1781141398.020983,0.000998700,97346,5,779.781716
1781141398.021935,0.000990073,124924,6,1009.412437
1781141398.022912,0.000999176,124924,6,1000.216178
1781141398.024006,0.001000284,114722,5,917.515426
1781141398.024901,0.001005074,126372,6,1005.872204
1781141398.026042,0.000997438,124924,6,1001.959019
1781141398.026958,0.001005897,97346,5,774.202528
1781141398.027804,0.000991019,124924,6,1008.448879
1781141398.029184,0.001009243,124924,6,990.239219
1781141398.029935,0.000996372,124924,6,1003.030996
1781141398.030838,0.000995654,98794,5,793.801863
1781141398.031928,0.000999249,124924,6,1000.143107
1781141398.032816,0.001012460,117618,5,929.364123
1781141398.033820,0.000989154,122028,6,986.928224
1781141398.034834,0.001008449,124924,6,991.018881
1781141398.035822,0.000990868,98794,5,797.636012
1781141398.037045,0.001008640,124924,6,990.831218
1781141398.037907,0.001001107,124924,6,998.286896
1781141398.038832,0.000997299,124924,6,1002.098669
1781141398.039950,0.001002953,98794,5,788.024962
1781141398.040869,0.000992383,124924,6,1007.062797
1781141398.042005,0.001007694,116170,5,922.264100
1781141398.043127,0.000989895,123476,6,997.891696
1781141398.043967,0.000999372,100242,5,802.439932
1781141398.045356,0.001001664,97346,5,777.474283
1781141398.046269,0.001011233,124924,6,988.290532
1781141398.048160,0.001001792,124924,6,997.604293
1781141398.048409,0.000995580,124924,6,1003.828924
1781141398.049478,0.000993316,97346,5,784.008312
1781141398.050445,0.000996390,124924,6,1003.012876
1781141398.051153,0.001007650,124924,6,991.804694
1781141398.055522,0.000991903,121962,5,983.660701
1781141398.056195,0.001000864,117684,6,940.659270
1781141398.056313,0.001002449,101690,5,811.532557
1781141398.056393,0.000999636,123410,5,987.639501
1781141398.057137,0.001007321,123476,6,980.628816
1781141398.057298,0.000990613,124924,6,1008.862189
1781141398.057926,0.001003575,98794,5,787.536557
1781141398.059159,0.000995459,124924,6,1003.950941
1781141398.059998,0.001000716,117618,5,940.270766
1781141398.060992,0.001010430,124924,6,989.075938
1781141398.061956,0.001000967,126372,6,1009.999331
1781141398.062993,0.000988209,94450,5,764.615582
1781141398.064322,0.000999652,124924,6,999.739909
1781141398.064933,0.001005355,127820,6,1017.113358
1781141398.066240,0.001006083,122028,6,970.321534
1781141398.067002,0.000998019,98794,5,791.920795
1781141398.068184,0.001001963,124924,6,997.434037
1781141398.068967,0.000994863,124924,6,1004.552386
1781141398.069969,0.001005119,114722,5,913.101832
1781141398.071028,0.000990554,126372,6,1020.616746
1781141398.072045,0.000998207,98794,5,791.771647
1781141398.073812,0.001013909,123476,6,974.257059
1781141398.074318,0.000986649,126372,6,1024.656185
1781141398.075076,0.001011325,124924,6,988.200628
1781141398.075832,0.000997784,97346,5,780.497583
1781141398.076855,0.001001865,124924,6,997.531604
1781141398.077988,0.000997622,116170,5,931.575286
1781141398.079395,0.001000064,84182,3,673.412902
1781141398.080134,0.000994372,120448,4,969.037744
1781141398.081880,0.001003859,120514,5,960.405794
1781141398.082540,0.001003177,123476,6,984.679673
1781141398.083325,0.001002710,124924,6,996.690967
1781141398.084032,0.000986954,123410,5,1000.330309
1781141398.085072,0.001006733,98794,5,785.066150
1781141398.086073,0.001003861,124924,6,995.548188
1781141398.086995,0.000989899,119066,5,962.247664
1781141398.087973,0.001013633,122028,6,963.094138
1781141398.089289,0.000987133,129268,6,1047.623775
1781141398.089927,0.000999435,94450,5,756.027155
1781141398.090939,0.001014607,126372,6,996.421274
1781141398.091913,0.000996157,122028,6,979.990102
1781141398.092806,0.000995904,126372,6,1015.133989
1781141398.093907,0.000993898,97346,5,783.549217
1781141398.094957,0.000998888,119066,5,953.588390
1781141398.095813,0.001009917,123476,6,978.108102
1781141398.096800,0.000993882,126372,6,1017.199225
1781141398.097832,0.000997003,123476,6,990.777360
1781141398.098855,0.001006453,95898,5,762.265103
1781141398.100067,0.000992254,124924,6,1007.193723
1781141398.100874,0.001013233,126372,6,997.772477
1781141398.101872,0.001001285,123476,6,986.540296
1781141398.102835,0.000986081,98794,5,801.508193
1781141398.104216,0.001000124,124924,6,999.268091
1781141398.104914,0.001010115,117618,5,931.521658
1781141398.106322,0.000990283,124924,6,1009.198381
1781141398.107316,0.001009660,124924,6,989.830240
1781141398.107917,0.000991812,123476,6,995.962945
1781141398.108925,0.001012293,97346,5,769.310862
1781141398.109961,0.000992363,126372,6,1018.756241
1781141398.110895,0.001001558,126372,6,1009.403350
1781141398.111858,0.001000034,95898,5,767.157917
1781141398.112839,0.000996473,124924,6,1002.929332
1781141398.113896,0.001003745,116170,5,925.892532
1781141398.114922,0.001004134,123476,6,983.741214
1781141398.115845,0.000987110,124924,6,1012.442382
1781141398.116913,0.001015508,98794,5,778.282397
1781141398.117946,0.000987518,126372,6,1023.754504
1781141398.119013,0.000996558,124924,6,1002.843788
1781141398.119861,0.001013413,123476,6,974.733894
1781141398.120907,0.000988748,98794,5,799.346244
1781141398.121966,0.001003295,124924,6,996.109818
1781141398.122931,0.000994628,117618,5,946.026052
1781141398.123824,0.001003979,124924,6,995.431179
1781141398.124805,0.001002142,123476,6,985.696638
1781141398.125818,0.001004623,127820,6,1017.854459
1781141398.127017,0.000995104,95898,5,770.958613
1781141398.127816,0.001002156,126372,6,1008.801025
1781141398.128825,0.001004499,95898,5,763.747898
1781141398.129853,0.000988027,124924,6,1011.502722
1781141398.130838,0.001003496,124924,6,995.910298
1781141398.131858,0.001010538,124924,6,988.970232
1781141398.132895,0.000988579,117618,5,951.814675
1781141398.134004,0.001005943,97346,5,774.167125
1781141398.135008,0.001001020,123476,6,986.801463
1781141398.135885,0.001005161,124924,6,994.260621
1781141398.136805,0.000984344,98794,5,802.922556
1781141398.137848,0.001005350,124924,6,994.073706
1781141398.139168,0.001000947,119066,5,951.626809
1781141398.139845,0.001006350,123476,6,981.574999
1781141398.140810,0.000997052,97346,5,781.070596
1781141398.141821,0.000990688,123476,6,997.092929
1781141398.142999,0.001000248,126372,6,1010.725340
1781141398.143858,0.001010828,97346,5,770.425829
1781141398.144810,0.000998490,119066,5,953.968492
1781141398.145808,0.000990598,124924,6,1008.877466
1781141398.147257,0.001013765,97346,5,768.193812
1781141398.147810,0.000997871,124924,6,1001.524245
1781141398.148841,0.000989515,95766,3,774.245969
1781141398.149919,0.000999957,124858,5,998.906953
1781141398.150811,0.000998744,124792,4,999.591487
1781141398.151821,0.001005732,120448,4,958.092215
1781141398.152796,0.000994163,119132,6,958.651650
1781141398.153828,0.001011750,124924,6,987.785520
1781141398.155079,0.000991112,100242,5,809.127525
1781141398.155898,0.001006597,124924,6,992.842220
1781141398.156866,0.000999532,123476,6,988.270511
1781141398.157890,0.000991974,124924,6,1007.478019
1781141398.158832,0.001003823,124924,6,995.585875
1781141398.160035,0.001003471,98794,5,787.618177
1781141398.160975,0.000993331,116170,5,935.599513
1781141398.161946,0.001001899,123476,6,985.935708
1781141398.162960,0.001003571,124924,6,995.835870
1781141398.163915,0.000997755,124924,6,1001.640683
1781141398.164983,0.000996135,100176,4,804.517460
1781141398.165896,0.001011108,126372,6,999.869450
1781141398.166915,0.000989484,124924,6,1010.013300
1781141398.167959,0.001007866,122028,6,968.604953
1781141398.168961,0.000990194,98794,5,798.178943
1781141398.169899,0.001010092,124924,6,989.406906
1781141398.170921,0.000990421,114722,5,926.652403
1781141398.171866,0.001006280,126372,6,1004.666693
1781141398.172831,0.001007303,126372,6,1003.646371
1781141398.173823,0.000987340,95898,5,777.021087
1781141398.175646,0.000998816,130584,4,1045.910358
1781141398.175952,0.001003341,120580,6,961.427869
1781141398.176832,0.001007493,97280,4,772.452017
1781141398.177920,0.000992785,124858,5,1006.123179
1781141398.178820,0.001010075,117618,5,931.558548
1781141398.179829,0.000993565,127820,6,1029.182791
1781141398.180799,0.000998479,122028,6,977.711099
1781141398.181887,0.000994255,97346,5,783.267874
1781141398.183016,0.001013826,123476,6,974.336819
1781141398.183822,0.000997278,124924,6,1002.119770
1781141398.184894,0.000990264,124924,6,1009.217744
1781141398.185888,0.000998615,124924,6,1000.778078
1781141398.187088,0.001008304,98794,5,783.842968
1781141398.187919,0.000994308,124924,6,1005.113104
1781141398.188830,0.001003867,116170,5,925.780009
1781141398.189823,0.001002691,123476,6,985.156943
1781141398.191374,0.001007935,126372,6,1003.017060
1781141398.191824,0.000987359,98794,5,800.470751
1781141398.192824,0.001003853,126372,6,1007.095660
1781141398.193820,0.000992813,122028,6,983.290912
1781141398.194822,0.000999391,124924,6,1000.001001
1781141398.195849,0.000999797,98794,5,790.512474
1781141398.197443,0.001007405,117618,5,934.027526
1781141398.197803,0.001003496,116324,6,927.349984
1781141398.199042,0.000988790,124924,6,1010.722196
1781141398.199866,0.001003015,126372,6,1007.937070
1781141398.200884,0.001007282,122028,6,969.166529
1781141398.201827,0.000989867,100242,5,810.145201
1781141398.202940,0.001007278,124924,6,992.170980
1781141398.203896,0.000992979,124924,6,1006.458344
1781141398.205050,0.001003442,97346,5,776.096675
1781141398.206000,0.001003448,119066,5,949.254969
1781141398.207026,0.001005929,124924,6,993.501529
1781141398.207946,0.000989258,123476,6,998.534255
1781141398.208981,0.001011315,126372,6,999.664793
1781141398.210545,0.000987992,95898,5,776.508312
1781141398.210802,0.001001705,123476,6,986.126654
1781141398.211901,0.001010402,126372,6,1000.568091
1781141398.212826,0.000992066,124978,7,1007.820044
1781141398.214975,0.001011947,92936,4,734.710415
1781141398.215012,0.000994448,123476,6,993.322929
1781141398.215858,0.001004924,123476,6,982.967866
1781141398.216830,0.000992399,123476,6,995.373837
1781141398.219175,0.001005451,126372,6,1005.495047
1781141398.219227,0.000995702,97346,5,782.129593
1781141398.219806,0.000993388,124924,6,1006.043963
1781141398.221279,0.001000406,124924,6,998.986412
1781141398.221852,0.001002163,125142,7,998.975217
1781141398.222980,0.001000656,97346,5,778.257463
1781141398.223830,0.000996177,124924,6,1003.227338
1781141398.226478,0.001001527,117618,5,939.509369
1781141398.226516,0.001000754,132164,6,1056.515387
1781141398.229301,0.000994263,117618,5,946.373344
1781141398.229604,0.001003505,97346,5,776.047952
1781141398.229714,0.000996707,124924,6,1002.693871
1781141398.231303,0.001012804,123476,6,975.320003
1781141398.231505,0.001001175,126306,5,1009.262117
1781141398.232610,0.000986388,97346,5,789.514876
1781141398.232851,0.001000559,119066,5,951.995834
1781141398.233882,0.001010589,123476,6,977.457700
1781141398.234941,0.000988115,122028,6,987.965976
1781141398.235893,0.001000107,129268,6,1034.033358
1781141398.236938,0.000999858,97346,5,778.878601
1781141398.238107,0.001000205,123476,6,987.605541
1781141398.238989,0.001011545,124924,6,987.985705
1781141398.240137,0.000989047,124924,6,1010.459564
1781141398.246107,0.001000371,97346,5,778.479184
1781141398.246243,0.001004821,124924,6,994.597048
1781141398.246323,0.000994444,117618,5,946.201093
1781141398.247074,0.001013266,123476,6,974.875304
1781141398.247158,0.000986902,123476,6,1000.918024
1781141398.247216,0.000999708,126372,6,1011.271291
1781141398.247336,0.001006979,97346,5,773.370646
1781141398.247947,0.000992824,127820,6,1029.950928
1781141398.248957,0.001012405,122028,6,964.262326
1781141398.249979,0.000998592,124924,6,1000.801128
1781141398.251095,0.000999745,98794,5,790.553591
1781141398.251915,0.000999864,116170,5,929.486410
1781141398.253018,0.001002345,127820,6,1020.167707
1781141398.254094,0.000987688,123476,6,1000.121496
1781141398.255044,0.000999542,97346,5,779.124839
1781141398.255934,0.001000003,97346,5,778.765664
1781141398.256869,0.001016301,126372,6,994.760411
1781141398.257827,0.000983133,124924,6,1016.537946
1781141398.258854,0.001000575,97346,5,778.320466
1781141398.260248,0.001003998,124924,6,995.412341
1781141398.260805,0.000996356,123410,5,990.890806
1781141398.261923,0.000999703,119132,6,953.339142
1781141398.263047,0.001000391,126372,6,1010.580863
1781141398.264050,0.001001431,123476,6,986.396467
1781141398.264988,0.001005320,97346,5,774.646879
1781141398.266087,0.000993420,129268,6,1040.993739
1781141398.267034,0.000999778,120514,5,964.326080
1781141398.268014,0.001000270,97346,5,778.557789
1781141398.269032,0.001005893,124924,6,993.537086
1781141398.269891,0.001007639,119066,5,945.306801
1781141398.271071,0.000986707,122028,6,989.375772
1781141398.271906,0.000998898,126372,6,1012.091325
1781141398.272855,0.001006523,124924,6,992.915214
1781141398.273951,0.000994185,98794,5,794.974778
1781141398.275627,0.001006686,123476,6,981.247380
1781141398.276007,0.000992741,123476,6,995.030930
1781141398.276851,0.001004962,98794,5,786.449637
1781141398.282837,0.001000623,124924,6,998.769766
1781141398.282992,0.000994745,119120,6,957.994260
1781141398.283073,0.001010621,124924,6,988.889010
1781141398.283153,0.000989243,122028,6,986.839432
1781141398.283213,0.001004960,98794,5,786.451202
1781141398.283426,0.001001869,123476,6,985.965231
1781141398.283868,0.000999073,126372,6,1011.914044
1781141398.284891,0.000994324,126372,6,1016.747056
1781141398.286546,0.001015877,122028,6,960.966731
1781141398.287033,0.000997177,98794,5,792.589480
1781141398.288205,0.000997760,117618,6,943.056446
1781141398.289469,0.000988428,117618,5,951.960082
1781141398.290021,0.001007717,124924,6,991.738752
1781141398.291095,0.000992628,123476,6,995.144203
1781141398.291993,0.001001196,98794,5,789.407868
1781141398.292990,0.001012123,124924,6,987.421489
1781141398.294735,0.000986985,126372,6,1024.307360
1781141398.294873,0.001009911,122028,6,966.643595
1781141398.295958,0.000998681,98794,5,791.395851
1781141398.296986,0.000992906,120514,5,971.000276
1781141398.297950,0.001001061,123476,6,986.761047
1781141398.298851,0.001010752,120580,6,954.378522
1781141398.299808,0.000998074,126372,6,1012.926897
1781141398.300898,0.000989803,101690,5,821.900924
1781141398.302053,0.000998159,123476,6,989.629909
1781141398.302831,0.001010700,122028,6,965.888988
1781141398.303893,0.000997291,98794,5,792.498879
1781141398.304810,0.000992188,124924,6,1007.260721
1781141398.305820,0.000999980,119066,5,952.547051
1781141398.306856,0.001011017,124924,6,988.501677
1781141398.307819,0.000999612,122028,6,976.602922
1781141398.308851,0.001000666,98794,5,789.825976
1781141398.309968,0.001001603,123476,6,986.227078
1781141398.310833,0.000995714,126372,6,1015.327694
1781141398.311839,0.001002113,124924,6,997.284737
1781141398.312850,0.001007780,97346,5,772.755959
1781141398.313852,0.000992256,124924,6,1007.191692
1781141398.314840,0.000994960,124924,6,1004.454450
1781141398.315831,0.000994525,119066,5,957.771801
1781141398.317073,0.001004268,123476,6,983.609953
1781141398.318065,0.001003990,122028,6,972.344346
1781141398.319091,0.000992051,98794,5,796.684848
1781141398.320118,0.001006210,126372,6,1004.736586
1781141398.321086,0.001003877,124924,6,995.532321
1781141398.322048,0.001001721,123410,5,985.583810
1781141398.323045,0.000996795,98794,5,792.893223
1781141398.323991,0.001003258,124924,6,996.146555
1781141398.324991,0.000989380,117618,5,951.044088
1781141398.325984,0.001008373,122028,6,968.117948
1781141398.326932,0.000991988,100242,5,808.413005
1781141398.327839,0.001010960,123476,6,977.098995
1781141398.328812,0.000987316,124924,6,1012.231140
1781141398.329833,0.001005408,126372,6,1005.538050
1781141398.330826,0.000996419,97346,5,781.566791
1781141398.331824,0.000997757,124924,6,1001.638676
1781141398.332840,0.001012423,124924,6,987.128898
1781141398.333830,0.000995652,120514,5,968.322265
1781141398.334841,0.000991648,122028,6,984.446094
1781141398.335833,0.001010115,100242,5,793.905644
1781141398.337164,0.000995949,122028,6,980.194769
1781141398.338238,0.000998608,123476,6,989.184945
1781141398.338836,0.000995842,124924,6,1003.564823
1781141398.339807,0.001008390,98794,5,783.776118
1781141398.340813,0.000998236,124924,6,1001.158043
1781141398.341887,0.001000317,124924,6,999.075293
1781141398.343090,0.000995441,117618,5,945.253410
1781141398.344074,0.001000189,124924,6,999.203151
1781141398.344984,0.001003199,123476,6,984.658079
1781141398.345917,0.000996970,98794,5,792.754045
1781141398.347241,0.001006460,124924,6,992.977366
1781141398.347816,0.000991873,123476,6,995.901693
1781141398.349454,0.000999620,98794,5,790.652448
1781141398.349907,0.001003234,124924,6,996.170385
1781141398.350862,0.000998136,124858,5,1000.729360
1781141398.351840,0.001000226,117618,5,940.731395
1781141398.352846,0.001004810,126372,6,1006.136484
1781141398.353855,0.001002556,124924,6,996.844067
1781141398.354833,0.000998366,94450,5,756.836671
1781141398.355837,0.001002746,126372,6,1008.207462
1781141398.356844,0.000989176,124924,6,1010.327788
1781141398.357836,0.001000048,97346,5,778.730621
1781141398.358860,0.001009349,124924,6,990.135226
1781141398.359843,0.001002520,98794,5,788.365319
1781141398.360822,0.000988215,117618,5,952.165268
1781141398.361852,0.001000444,122028,6,975.790749
1781141398.362859,0.001010366,124924,6,989.138589
1781141398.363828,0.000997024,100242,5,804.329685
1781141398.364818,0.000998696,124924,6,1000.696909
1781141398.365864,0.001008453,124924,6,991.014951
1781141398.366830,0.000984903,124924,6,1014.711093
1781141398.369345,0.001005782,97346,5,774.291049
1781141398.369488,0.000995145,124924,6,1004.267720
1781141398.374612,0.001001551,117618,5,939.486856
1781141398.375378,0.000999046,122028,6,977.156207
1781141398.375487,0.001009398,130716,6,1035.991750
1781141398.375582,0.000997227,93002,5,746.084893
1781141398.375672,0.001006145,129268,6,1027.827997
1781141398.375819,0.000988275,122028,6,987.806026
1781141398.376085,0.001003621,124924,6,995.786258
1781141398.377044,0.000994149,97346,5,783.351389
1781141398.378030,0.001000386,124924,6,999.006384
1781141398.379045,0.001008736,124924,6,990.736922
1781141398.380090,0.000991028,119066,5,961.151451
1781141398.381318,0.001002193,124924,6,997.205129
1781141398.382179,0.001009113,98794,5,783.214566
1781141398.383176,0.000988493,122028,6,987.588177
1781141398.384212,0.001002427,124924,6,996.972348
1781141398.385168,0.001006842,123476,6,981.095346
1781141398.386056,0.000990570,98794,5,797.875970
1781141398.387178,0.001009285,124924,6,990.198011
1781141398.388119,0.000990776,116104,4,937.479309
1781141398.389189,0.001004362,127820,6,1018.118965
1781141398.390130,0.001005145,122028,6,971.227037
1781141398.391269,0.001000480,98794,5,789.972813
1781141398.392239,0.001000678,126372,6,1010.291023
1781141398.707403,0.000991002,124924,6,1008.466179
